actual_e2e_ms,block,client_latency_ms,completed_timestamp,concurrency,condition_id,eval_count,excluded,inference_ms,model,node_id,node_state,queue_wait_ms,request_id,response,role,run_order,stage_seconds,status,target_node,timestamp,tokens_per_second,ttft_ms,within_block_order
240.193,0,241.435,1788521584.840505,1,warmup,8,True,240.189,llama3.2:1b,etri-ser0001-cg0msb,ACTIVE,0.004,1f0f2993-ac13-4055-80b8-2823b7ef04e2,Edge computing reduces latency by processing data closer,agx,0,,ok,agx,1788521584.5990717,128.339,177.509,
202.578,1,205.728,1788521585.0474846,4,b01-o01-agx-c4,8,False,202.575,llama3.2:1b,etri-ser0001-cg0msb,ACTIVE,0.003,84d4c341-7ee5-43f7-a376-8ed1bbeebce1,Edge computing reduces latency by processing data closer,agx,1,12.0,ok,agx,1788521584.8417592,277.951,173.296,1
427.208,1,430.763,1788521585.2720633,4,b01-o01-agx-c4,8,False,224.697,llama3.2:1b,etri-ser0001-cg0msb,ACTIVE,202.511,9bace2c4-fcd2-43cd-85ce-e91f74df4db6,Edge computing reduces latency by processing data closer,agx,1,12.0,ok,agx,1788521584.8413022,264.857,396.956,1
612.786,1,615.715,1788521585.4578328,4,b01-o01-agx-c4,8,False,185.529,llama3.2:1b,etri-ser0001-cg0msb,ACTIVE,427.257,65112d26-e531-4435-822a-59775925c8e0,Edge computing reduces latency by processing data closer,agx,1,12.0,ok,agx,1788521584.8421192,282.775,584.083,1
797.025,1,800.701,1788521585.642223,4,b01-o01-agx-c4,8,False,184.431,llama3.2:1b,etri-ser0001-cg0msb,ACTIVE,612.593,6bcdd3a0-d8c2-4180-a7d8-d9b84e22bee5,Edge computing reduces latency by processing data closer,agx,1,12.0,ok,agx,1788521584.8415225,282.486,768.412,1
785.255,1,786.972,1788521585.8344872,4,b01-o01-agx-c4,8,False,192.02,llama3.2:1b,etri-ser0001-cg0msb,ACTIVE,593.235,a24bc339-b54c-4fca-8cc9-86901d39a120,Edge computing reduces latency by processing data closer,agx,1,12.0,ok,agx,1788521585.0475168,280.053,756.503,1
748.042,1,749.724,1788521586.0218186,4,b01-o01-agx-c4,8,False,187.304,llama3.2:1b,etri-ser0001-cg0msb,ACTIVE,560.737,b90466c7-0c1e-40dd-804f-88bdb78888f0,Edge computing reduces latency by processing data closer,agx,1,12.0,ok,agx,1788521585.2720962,282.745,719.404,1
759.427,1,761.019,1788521586.218883,4,b01-o01-agx-c4,8,False,196.942,llama3.2:1b,etri-ser0001-cg0msb,ACTIVE,562.485,dc1fb15d-7864-4cf0-ae88-1beef11bd61f,Edge computing reduces latency by processing data closer,agx,1,12.0,ok,agx,1788521585.4578657,265.86,729.069,1
770.623,1,771.848,1788521586.4140916,4,b01-o01-agx-c4,8,False,195.287,llama3.2:1b,etri-ser0001-cg0msb,ACTIVE,575.335,fec1465e-ea3f-4f32-a86c-410039cbd23c,Edge computing reduces latency by processing data closer,agx,1,12.0,ok,agx,1788521585.642244,273.271,741.265,1
766.061,1,767.368,1788521586.601885,4,b01-o01-agx-c4,8,False,187.818,llama3.2:1b,etri-ser0001-cg0msb,ACTIVE,578.242,a5fd1c79-cfcf-496a-b90e-251bef782ee5,Edge computing reduces latency by processing data closer,agx,1,12.0,ok,agx,1788521585.8345177,279.232,737.043,1
769.906,1,771.396,1788521586.7932434,4,b01-o01-agx-c4,8,False,191.191,llama3.2:1b,etri-ser0001-cg0msb,ACTIVE,578.715,af888c1f-93c2-49e3-ac1b-4f7fbab6d384,Edge computing reduces latency by processing data closer,agx,1,12.0,ok,agx,1788521586.0218475,282.496,741.312,1
772.52,1,774.127,1788521586.9930415,4,b01-o01-agx-c4,8,False,199.709,llama3.2:1b,etri-ser0001-cg0msb,ACTIVE,572.811,dba51c67-e2b3-4d20-a94a-e590c0326cdf,Edge computing reduces latency by processing data closer,agx,1,12.0,ok,agx,1788521586.2189147,282.008,743.974,1
759.009,1,760.474,1788521587.1745849,4,b01-o01-agx-c4,8,False,181.396,llama3.2:1b,etri-ser0001-cg0msb,ACTIVE,577.613,677db326-93ce-4ecc-bd37-1c686ffb44dd,Edge computing reduces latency by processing data closer,agx,1,12.0,ok,agx,1788521586.414113,282.526,730.494,1
751.814,1,753.806,1788521587.3557105,4,b01-o01-agx-c4,8,False,180.964,llama3.2:1b,etri-ser0001-cg0msb,ACTIVE,570.849,dd8baf2c-33e4-4735-bb95-56cb20b538dc,Edge computing reduces latency by processing data closer,agx,1,12.0,ok,agx,1788521586.601905,281.165,723.066,1
736.769,1,738.122,1788521587.5313866,4,b01-o01-agx-c4,8,False,175.559,llama3.2:1b,etri-ser0001-cg0msb,ACTIVE,561.21,e2cec156-92ba-4592-9b5e-1595e007360d,Edge computing reduces latency by processing data closer,agx,1,12.0,ok,agx,1788521586.793266,282.566,708.106,1
735.531,1,737.156,1788521587.730216,4,b01-o01-agx-c4,8,False,198.632,llama3.2:1b,etri-ser0001-cg0msb,ACTIVE,536.899,083d3c3a-a104-47c3-9f64-5cc1ae7d8621,Edge computing reduces latency by processing data closer,agx,1,12.0,ok,agx,1788521586.9930613,264.787,705.243,1
757.206,1,758.662,1788521587.9332774,4,b01-o01-agx-c4,8,False,203.152,llama3.2:1b,etri-ser0001-cg0msb,ACTIVE,554.054,fc99b1d6-1fd6-4b5b-987a-eb3dd0332536,Edge computing reduces latency by processing data closer,agx,1,12.0,ok,agx,1788521587.1746163,282.306,728.535,1
754.818,1,755.71,1788521588.1114416,4,b01-o01-agx-c4,8,False,178.242,llama3.2:1b,etri-ser0001-cg0msb,ACTIVE,576.576,d03ea926-feac-4a3c-8ce4-2249047568bd,Edge computing reduces latency by processing data closer,agx,1,12.0,ok,agx,1788521587.3557324,282.745,726.199,1
770.799,1,772.356,1788521588.303762,4,b01-o01-agx-c4,8,False,191.997,llama3.2:1b,etri-ser0001-cg0msb,ACTIVE,578.802,4aa6e264-284f-4ded-beff-fd1fc0b8c6fd,Edge computing reduces latency by processing data closer,agx,1,12.0,ok,agx,1788521587.531408,278.271,742.016,1
780.92,1,782.397,1788521588.512642,4,b01-o01-agx-c4,8,False,208.756,llama3.2:1b,etri-ser0001-cg0msb,ACTIVE,572.164,35cfdb77-e7d7-4efe-bf75-ee90219426a9,Edge computing reduces latency by processing data closer,agx,1,12.0,ok,agx,1788521587.730247,282.336,752.236,1
785.338,1,786.622,1788521588.719921,4,b01-o01-agx-c4,8,False,207.461,llama3.2:1b,etri-ser0001-cg0msb,ACTIVE,577.877,7297ddf1-9b59-45cb-b858-f64dc4512092,Edge computing reduces latency by processing data closer,agx,1,12.0,ok,agx,1788521587.9333003,272.517,755.912,1
799.364,1,800.601,1788521588.9120615,4,b01-o01-agx-c4,8,False,191.978,llama3.2:1b,etri-ser0001-cg0msb,ACTIVE,607.386,f3c9f551-fc98-4f85-8235-587b52de00c0,Edge computing reduces latency by processing data closer,agx,1,12.0,ok,agx,1788521588.111461,282.586,770.848,1
792.444,1,794.088,1788521589.097881,4,b01-o01-agx-c4,8,False,185.394,llama3.2:1b,etri-ser0001-cg0msb,ACTIVE,607.05,73aae0ec-12d6-4aa7-b0d6-7fd8a6668f82,Edge computing reduces latency by processing data closer,agx,1,12.0,ok,agx,1788521588.3037946,282.666,763.776,1
778.392,1,779.757,1788521589.2924273,4,b01-o01-agx-c4,8,False,194.549,llama3.2:1b,etri-ser0001-cg0msb,ACTIVE,583.843,638e592a-967b-483b-8b5b-59558ba9b527,Edge computing reduces latency by processing data closer,agx,1,12.0,ok,agx,1788521588.512672,282.536,749.674,1
749.58,1,751.205,1788521589.4711537,4,b01-o01-agx-c4,8,False,178.437,llama3.2:1b,etri-ser0001-cg0msb,ACTIVE,571.143,d8ee7c8b-674a-4556-a57f-8ee8c6cf48ad,Edge computing reduces latency by processing data closer,agx,1,12.0,ok,agx,1788521588.7199495,282.666,720.983,1
745.189,1,746.371,1788521589.6584535,4,b01-o01-agx-c4,8,False,187.493,llama3.2:1b,etri-ser0001-cg0msb,ACTIVE,557.697,65a696e7-f76d-473d-9c50-6349b8c45107,Edge computing reduces latency by processing data closer,agx,1,12.0,ok,agx,1788521588.9120836,282.805,716.571,1
736.5,1,738.204,1788521589.836113,4,b01-o01-agx-c4,8,False,177.308,llama3.2:1b,etri-ser0001-cg0msb,ACTIVE,559.192,3986a6fe-2f2d-43ac-971c-76fc35a80115,Edge computing reduces latency by processing data closer,agx,1,12.0,ok,agx,1788521589.0979111,281.353,707.7,1
725.016,1,726.423,1788521590.0188816,4,b01-o01-agx-c4,8,False,182.965,llama3.2:1b,etri-ser0001-cg0msb,ACTIVE,542.051,32e593d8-849c-4b5f-8447-f16fcb5d2b66,Edge computing reduces latency by processing data closer,agx,1,12.0,ok,agx,1788521589.2924595,276.826,695.889,1
719.481,1,720.66,1788521590.1918366,4,b01-o01-agx-c4,8,False,172.776,llama3.2:1b,etri-ser0001-cg0msb,ACTIVE,546.705,9e637be5-591b-4b96-924c-540f9ac4c823,Edge computing reduces latency by processing data closer,agx,1,12.0,ok,agx,1788521589.4711778,282.676,690.874,1
727.595,1,728.999,1788521590.3874724,4,b01-o01-agx-c4,8,False,195.53,llama3.2:1b,etri-ser0001-cg0msb,ACTIVE,532.064,688085ce-1185-41a5-a216-bbbd46749bf3,Edge computing reduces latency by processing data closer,agx,1,12.0,ok,agx,1788521589.6584752,282.127,698.929,1
750.667,1,752.186,1788521590.588329,4,b01-o01-agx-c4,8,False,200.705,llama3.2:1b,etri-ser0001-cg0msb,ACTIVE,549.962,63474108-de9a-41b7-aaef-46456bc4fb50,Edge computing reduces latency by processing data closer,agx,1,12.0,ok,agx,1788521589.836145,281.66,721.789,1
766.729,1,768.282,1788521590.7871854,4,b01-o01-agx-c4,8,False,198.471,llama3.2:1b,etri-ser0001-cg0msb,ACTIVE,568.257,fde28701-901d-4efe-8cf6-9d4df295ad6f,Edge computing reduces latency by processing data closer,agx,1,12.0,ok,agx,1788521590.0189052,281.77,738.063,1
772.161,1,773.616,1788521590.9654737,4,b01-o01-agx-c4,8,False,178.166,llama3.2:1b,etri-ser0001-cg0msb,ACTIVE,593.995,8614d7a1-1083-4d76-9801-9ac8c03a00cd,Edge computing reduces latency by processing data closer,agx,1,12.0,ok,agx,1788521590.19186,279.193,743.07,1
761.564,1,763.136,1788521591.1506386,4,b01-o01-agx-c4,8,False,185.159,llama3.2:1b,etri-ser0001-cg0msb,ACTIVE,576.405,6584838b-9bc4-48a2-83e0-35b4bbb7373d,Edge computing reduces latency by processing data closer,agx,1,12.0,ok,agx,1788521590.3875034,282.815,732.826,1
747.934,1,749.524,1788521591.3378835,4,b01-o01-agx-c4,8,False,187.203,llama3.2:1b,etri-ser0001-cg0msb,ACTIVE,560.731,b45863ae-b781-4440-9fe6-e4a6ec1e4c1a,Edge computing reduces latency by processing data closer,agx,1,12.0,ok,agx,1788521590.5883613,280.938,718.985,1
734.976,1,736.502,1788521591.5237155,4,b01-o01-agx-c4,8,False,185.751,llama3.2:1b,etri-ser0001-cg0msb,ACTIVE,549.224,dae9d5a8-1a01-45f9-b5bf-c80f3d5a4f1b,Edge computing reduces latency by processing data closer,agx,1,12.0,ok,agx,1788521590.787215,282.267,706.323,1
759.593,1,761.123,1788521591.7266269,4,b01-o01-agx-c4,8,False,202.728,llama3.2:1b,etri-ser0001-cg0msb,ACTIVE,556.864,cd2b8065-10ad-42d7-8c3e-8c53c2172fa5,Edge computing reduces latency by processing data closer,agx,1,12.0,ok,agx,1788521590.9655058,282.636,731.004,1
789.126,1,790.538,1788521591.9411986,4,b01-o01-agx-c4,8,False,214.43,llama3.2:1b,etri-ser0001-cg0msb,ACTIVE,574.696,99204d32-5e51-4f9d-876e-af13213950e0,Edge computing reduces latency by processing data closer,agx,1,12.0,ok,agx,1788521591.1506608,281.978,760.558,1
817.166,1,818.443,1788521592.1563563,4,b01-o01-agx-c4,8,False,215.201,llama3.2:1b,etri-ser0001-cg0msb,ACTIVE,601.964,7bde0ba9-687d-43cd-8abb-9d0ca0610188,Edge computing reduces latency by processing data closer,agx,1,12.0,ok,agx,1788521591.3379147,281.839,788.478,1
823.305,1,824.82,1788521592.348565,4,b01-o01-agx-c4,8,False,191.963,llama3.2:1b,etri-ser0001-cg0msb,ACTIVE,631.342,53f04ca9-8208-48dc-b5c8-f77e296d80c1,Edge computing reduces latency by processing data closer,agx,1,12.0,ok,agx,1788521591.5237474,281.918,794.491,1
801.351,1,802.81,1788521592.529467,4,b01-o01-agx-c4,8,False,180.77,llama3.2:1b,etri-ser0001-cg0msb,ACTIVE,620.581,b2fdaa85-deb9-4f87-bbec-59e059f3863a,Edge computing reduces latency by processing data closer,agx,1,12.0,ok,agx,1788521591.7266593,282.187,772.473,1
765.177,1,766.502,1788521592.7077208,4,b01-o01-agx-c4,8,False,178.093,llama3.2:1b,etri-ser0001-cg0msb,ACTIVE,587.084,879ac117-60eb-45f1-a786-884f579807b7,Edge computing reduces latency by processing data closer,agx,1,12.0,ok,agx,1788521591.9412198,282.386,736.501,1
726.045,1,727.29,1788521592.883668,4,b01-o01-agx-c4,8,False,176.01,llama3.2:1b,etri-ser0001-cg0msb,ACTIVE,550.035,ef71d49c-bd48-4c9d-99c9-89eee34baa17,Edge computing reduces latency by processing data closer,agx,1,12.0,ok,agx,1788521592.1563785,281.631,697.306,1
716.912,1,718.449,1788521593.0670424,4,b01-o01-agx-c4,8,False,182.905,llama3.2:1b,etri-ser0001-cg0msb,ACTIVE,534.007,aa48a167-05a0-45ca-9e47-c340aab4f142,Edge computing reduces latency by processing data closer,agx,1,12.0,ok,agx,1788521592.3485956,280.416,687.896,1
719.28,1,720.55,1788521593.250048,4,b01-o01-agx-c4,8,False,183.131,llama3.2:1b,etri-ser0001-cg0msb,ACTIVE,536.149,2e049d3d-a56b-46f9-be05-c9e601c64a37,Edge computing reduces latency by processing data closer,agx,1,12.0,ok,agx,1788521592.5294988,282.127,690.607,1
722.873,1,724.229,1788521593.4319682,4,b01-o01-agx-c4,8,False,181.84,llama3.2:1b,etri-ser0001-cg0msb,ACTIVE,541.033,5517a3a2-ca22-4d30-b7fd-d595733b0c2c,Edge computing reduces latency by processing data closer,agx,1,12.0,ok,agx,1788521592.7077415,282.227,694.135,1
737.315,1,738.631,1788521593.6223202,4,b01-o01-agx-c4,8,False,190.126,llama3.2:1b,etri-ser0001-cg0msb,ACTIVE,547.188,7133493c-48d3-43d9-938c-eb7503ee7f65,Edge computing reduces latency by processing data closer,agx,1,12.0,ok,agx,1788521592.8836896,282.556,708.615,1
743.302,1,745.019,1788521593.812091,4,b01-o01-agx-c4,8,False,189.586,llama3.2:1b,etri-ser0001-cg0msb,ACTIVE,553.716,3bf1a9fa-6bfd-405c-801c-8004ceb210c7,Edge computing reduces latency by processing data closer,agx,1,12.0,ok,agx,1788521593.0670738,283.096,714.75,1
733.365,1,734.889,1788521593.9849563,4,b01-o01-agx-c4,8,False,172.812,llama3.2:1b,etri-ser0001-cg0msb,ACTIVE,560.553,6b2e53dd-55a6-44b1-94e5-70623fd522b0,Edge computing reduces latency by processing data closer,agx,1,12.0,ok,agx,1788521593.250069,282.725,704.681,1
741.17,1,742.496,1788521594.1744907,4,b01-o01-agx-c4,8,False,189.446,llama3.2:1b,etri-ser0001-cg0msb,ACTIVE,551.724,068a7375-8113-4d15-89f9-8b9d95cab7a2,Edge computing reduces latency by processing data closer,agx,1,12.0,ok,agx,1788521593.431996,282.626,712.648,1
763.02,1,764.549,1788521594.3868883,4,b01-o01-agx-c4,8,False,212.288,llama3.2:1b,etri-ser0001-cg0msb,ACTIVE,550.732,760394c6-aee6-4153-8729-4bb5eafc52e7,Edge computing reduces latency by processing data closer,agx,1,12.0,ok,agx,1788521593.6223412,283.026,734.388,1
766.19,1,767.717,1788521594.5798366,4,b01-o01-agx-c4,8,False,192.974,llama3.2:1b,etri-ser0001-cg0msb,ACTIVE,573.216,165bd9a6-e476-4d65-b42a-8da047860009,Edge computing reduces latency by processing data closer,agx,1,12.0,ok,agx,1788521593.8121212,279.496,737.266,1
793.498,1,794.966,1788521594.779951,4,b01-o01-agx-c4,8,False,199.936,llama3.2:1b,etri-ser0001-cg0msb,ACTIVE,593.562,42550d0c-a52f-4381-b0a1-f99e45b1fe36,Edge computing reduces latency by processing data closer,agx,1,12.0,ok,agx,1788521593.984987,282.038,764.855,1
821.489,1,823.092,1788521594.9976125,4,b01-o01-agx-c4,8,False,217.733,llama3.2:1b,etri-ser0001-cg0msb,ACTIVE,603.756,d855c0cb-4447-4a3e-89f5-3e4ea0b3a4a2,Edge computing reduces latency by processing data closer,agx,1,12.0,ok,agx,1788521594.1745222,282.566,792.802,1
797.169,1,798.855,1788521595.185773,4,b01-o01-agx-c4,8,False,187.908,llama3.2:1b,etri-ser0001-cg0msb,ACTIVE,609.262,3e54a6c4-0f76-48e7-af9b-2856c9840a40,Edge computing reduces latency by processing data closer,agx,1,12.0,ok,agx,1788521594.3869197,280.446,768.281,1
811.865,1,813.204,1788521595.3930686,4,b01-o01-agx-c4,8,False,207.352,llama3.2:1b,etri-ser0001-cg0msb,ACTIVE,604.513,f122b4e6-0c57-4f52-b69a-a0b6681dc341,Edge computing reduces latency by processing data closer,agx,1,12.0,ok,agx,1788521594.5798657,278.077,782.977,1
811.346,1,812.755,1788521595.592736,4,b01-o01-agx-c4,8,False,199.462,llama3.2:1b,etri-ser0001-cg0msb,ACTIVE,611.884,f7dbb9aa-4b00-45f9-b7c5-f8d8c79b60bf,Edge computing reduces latency by processing data closer,agx,1,12.0,ok,agx,1788521594.7799826,282.596,782.589,1
783.271,1,784.908,1788521595.7825515,4,b01-o01-agx-c4,8,False,189.669,llama3.2:1b,etri-ser0001-cg0msb,ACTIVE,593.602,30d52fb9-384c-46fc-8ac1-c6df7b1df99b,Edge computing reduces latency by processing data closer,agx,1,12.0,ok,agx,1788521594.9976451,282.346,754.595,1
783.06,1,784.743,1788521595.970544,4,b01-o01-agx-c4,8,False,187.96,llama3.2:1b,etri-ser0001-cg0msb,ACTIVE,595.1,6cb929a0-55f4-4bff-bbf2-98dd5f429891,Edge computing reduces latency by processing data closer,agx,1,12.0,ok,agx,1788521595.1858032,282.805,754.328,1
766.941,1,768.064,1788521596.1611526,4,b01-o01-agx-c4,8,False,190.768,llama3.2:1b,etri-ser0001-cg0msb,ACTIVE,576.173,388bd6af-ebf1-4db2-8ff4-af575ca8b46c,Edge computing reduces latency by processing data closer,agx,1,12.0,ok,agx,1788521595.3930895,282.356,738.457,1
756.162,1,757.855,1788521596.3506207,4,b01-o01-agx-c4,8,False,189.111,llama3.2:1b,etri-ser0001-cg0msb,ACTIVE,567.051,b6ec4bab-6e69-4a42-9df3-228d30f9d9f3,Edge computing reduces latency by processing data closer,agx,1,12.0,ok,agx,1788521595.592768,281.126,727.297,1
756.528,1,758.089,1788521596.5406737,4,b01-o01-agx-c4,8,False,190.027,llama3.2:1b,etri-ser0001-cg0msb,ACTIVE,566.501,3dd5b548-f984-46af-86e8-71ae02984307,Edge computing reduces latency by processing data closer,agx,1,12.0,ok,agx,1788521595.7825863,282.945,727.9,1
749.075,1,750.432,1788521596.7210064,4,b01-o01-agx-c4,8,False,180.351,llama3.2:1b,etri-ser0001-cg0msb,ACTIVE,568.724,ca468ccf-606e-4c81-b0ba-a263b4a48816,Edge computing reduces latency by processing data closer,agx,1,12.0,ok,agx,1788521595.9705749,282.316,720.564,1
759.794,1,761.205,1788521596.922377,4,b01-o01-agx-c4,8,False,201.096,llama3.2:1b,etri-ser0001-cg0msb,ACTIVE,558.698,f6bbcafd-3654-4483-bd87-d6941af5e9c2,Edge computing reduces latency by processing data closer,agx,1,12.0,ok,agx,1788521596.1611738,282.267,731.006,1
745.086,1,747.14,1788521597.0977893,4,b01-o01-agx-c4,8,False,175.33,llama3.2:1b,etri-ser0001-cg0msb,ACTIVE,569.755,00d949fd-a1a3-44d9-9bf4-e8a76407f20e,Edge computing reduces latency by processing data closer,agx,1,12.0,ok,agx,1788521596.350651,282.506,716.334,1
754.1,1,755.592,1788521597.296294,4,b01-o01-agx-c4,8,False,198.625,llama3.2:1b,etri-ser0001-cg0msb,ACTIVE,555.475,1e005af0-d31b-448e-b879-84720cf3263c,Edge computing reduces latency by processing data closer,agx,1,12.0,ok,agx,1788521596.5407043,282.087,725.483,1
761.574,1,762.829,1788521597.483854,4,b01-o01-agx-c4,8,False,187.431,llama3.2:1b,etri-ser0001-cg0msb,ACTIVE,574.143,c07b26e1-3704-47a1-ade9-10e5d82d05d0,Edge computing reduces latency by processing data closer,agx,1,12.0,ok,agx,1788521596.7210279,283.166,732.956,1
212.393,1,226.067,1788521600.712915,32,b01-o02-agx-c32,8,False,212.379,llama3.2:1b,etri-ser0001-cg0msb,ACTIVE,0.014,834a3b81-b5c6-48a6-9f38-60df05bd90e9,Edge computing reduces latency by processing data closer,agx,2,12.0,ok,agx,1788521600.4868486,282.686,183.72,2
414.113,1,431.348,1788521600.9201736,32,b01-o02-agx-c32,8,False,207.286,llama3.2:1b,etri-ser0001-cg0msb,ACTIVE,206.827,c3cbb634-d78b-491c-93e0-12b9b0b97420,Edge computing reduces latency by processing data closer,agx,2,12.0,ok,agx,1788521600.4888263,282.666,385.443,2
601.683,1,622.865,1788521601.112604,32,b01-o02-agx-c32,8,False,192.136,llama3.2:1b,etri-ser0001-cg0msb,ACTIVE,409.547,5765f181-dd18-4a1e-a31d-e4b603bcb9d7,Edge computing reduces latency by processing data closer,agx,2,12.0,ok,agx,1788521600.4897401,280.515,572.733,2
797.421,1,820.243,1788521601.308311,32,b01-o02-agx-c32,8,False,195.775,llama3.2:1b,etri-ser0001-cg0msb,ACTIVE,601.645,91a5d2f8-0974-4a46-8f6a-1365d0ebb76b,Edge computing reduces latency by processing data closer,agx,2,12.0,ok,agx,1788521600.4880674,281.472,768.807,2
974.462,1,995.36,1788521601.4884312,32,b01-o02-agx-c32,8,False,180.038,llama3.2:1b,etri-ser0001-cg0msb,ACTIVE,794.424,207a3181-6fd7-4892-a923-70fbdbd5edeb,Edge computing reduces latency by processing data closer,agx,2,12.0,ok,agx,1788521600.4930723,280.613,945.489,2
1182.597,1,1206.635,1788521601.6974263,32,b01-o02-agx-c32,8,False,208.848,llama3.2:1b,etri-ser0001-cg0msb,ACTIVE,973.749,6202d8ab-e4e0-4e89-9e84-8026c7cb9cc7,Edge computing reduces latency by processing data closer,agx,2,12.0,ok,agx,1788521600.490792,282.436,1153.878,2
1375.206,1,1404.895,1788521601.8969889,32,b01-o02-agx-c32,8,False,199.391,llama3.2:1b,etri-ser0001-cg0msb,ACTIVE,1175.814,b6007b27-ded8-4d9c-a44a-4c62a57bd928,Edge computing reduces latency by processing data closer,agx,2,12.0,ok,agx,1788521600.492095,282.436,1346.455,2
1563.399,1,1590.798,1788521602.0875597,32,b01-o02-agx-c32,8,False,190.613,llama3.2:1b,etri-ser0001-cg0msb,ACTIVE,1372.785,d437ead9-83ad-4966-9ded-8d3504ca859b,Edge computing reduces latency by processing data closer,agx,2,12.0,ok,agx,1788521600.496762,280.84,1534.688,2
1761.141,1,1791.612,1788521602.2861626,32,b01-o02-agx-c32,8,False,198.426,llama3.2:1b,etri-ser0001-cg0msb,ACTIVE,1562.715,8b9d82b4-8974-4274-938d-1060a6d5431a,Edge computing reduces latency by processing data closer,agx,2,12.0,ok,agx,1788521600.4945521,281.353,1732.358,2
1940.361,1,1966.834,1788521602.4659631,32,b01-o02-agx-c32,8,False,179.708,llama3.2:1b,etri-ser0001-cg0msb,ACTIVE,1760.652,45cb8569-2f54-4046-ac02-d5291f1f55f0,Edge computing reduces latency by processing data closer,agx,2,12.0,ok,agx,1788521600.4991286,282.745,1911.819,2
2122.653,1,2147.675,1788521602.648948,32,b01-o02-agx-c32,8,False,182.85,llama3.2:1b,etri-ser0001-cg0msb,ACTIVE,1939.803,8165ea71-db68-432a-9475-814b8d65a608,Edge computing reduces latency by processing data closer,agx,2,12.0,ok,agx,1788521600.501274,282.626,2093.908,2
2338.275,1,2366.389,1788521602.8644416,32,b01-o02-agx-c32,8,False,215.584,llama3.2:1b,etri-ser0001-cg0msb,ACTIVE,2122.691,f5b008f0-0f68-4d82-abee-cc3e78bcf538,Edge computing reduces latency by processing data closer,agx,2,12.0,ok,agx,1788521600.4980526,280.289,2309.237,2
2526.388,1,2557.145,1788521603.052843,32,b01-o02-agx-c32,8,False,188.198,llama3.2:1b,etri-ser0001-cg0msb,ACTIVE,2338.19,28dc9961-9e05-4d1a-a549-ebe93cc1a4dc,Edge computing reduces latency by processing data closer,agx,2,12.0,ok,agx,1788521600.4956994,279.242,2497.289,2
2707.403,1,2727.897,1788521603.2352836,32,b01-o02-agx-c32,8,False,182.561,llama3.2:1b,etri-ser0001-cg0msb,ACTIVE,2524.843,c6f1ad77-a042-489c-873d-ef13f887711d,Edge computing reduces latency by processing data closer,agx,2,12.0,ok,agx,1788521600.507387,282.885,2678.792,2
2880.567,1,2897.611,1788521603.409356,32,b01-o02-agx-c32,8,False,173.993,llama3.2:1b,etri-ser0001-cg0msb,ACTIVE,2706.574,12075210-8646-476d-822d-237ff75d1138,Edge computing reduces latency by processing data closer,agx,2,12.0,ok,agx,1788521600.5117455,281.482,2851.63,2
3063.061,1,3080.15,1788521603.5926964,32,b01-o02-agx-c32,8,False,183.058,llama3.2:1b,etri-ser0001-cg0msb,ACTIVE,2880.003,3b3a5a5e-5a1f-4533-8a46-e52d29995e77,Edge computing reduces latency by processing data closer,agx,2,12.0,ok,agx,1788521600.5125465,283.006,3034.47,2
3245.355,1,3256.856,1788521603.7751672,32,b01-o02-agx-c32,8,False,182.271,llama3.2:1b,etri-ser0001-cg0msb,ACTIVE,3063.084,bf0944e5-b5d1-4a95-a237-edbe240f6dbf,Edge computing reduces latency by processing data closer,agx,2,12.0,ok,agx,1788521600.5183127,281.561,3216.479,2
3426.608,1,3441.477,1788521603.9565156,32,b01-o02-agx-c32,8,False,181.346,llama3.2:1b,etri-ser0001-cg0msb,ACTIVE,3245.263,4c406da0-1166-4b8f-9196-9085d38aa0d9,Edge computing reduces latency by processing data closer,agx,2,12.0,ok,agx,1788521600.5150394,282.048,3397.89,2
3422.66,1,3424.227,1788521604.137177,32,b01-o02-agx-c32,8,False,180.584,llama3.2:1b,etri-ser0001-cg0msb,ACTIVE,3242.075,e82f2c7d-81c9-4045-9321-16074781a9fb,Edge computing reduces latency by processing data closer,agx,2,12.0,ok,agx,1788521600.7129517,282.147,3393.832,2
3602.529,1,3814.015,1788521604.3247561,32,b01-o02-agx-c32,8,False,187.487,llama3.2:1b,etri-ser0001-cg0msb,ACTIVE,3415.042,70b3bc9c-0911-4f0c-a5a8-a084ed8ce984,Edge computing reduces latency by processing data closer,agx,2,12.0,ok,agx,1788521600.5107424,281.254,3573.67,2
3772.19,1,3982.928,1788521604.5021708,32,b01-o02-agx-c32,8,False,177.536,llama3.2:1b,etri-ser0001-cg0msb,ACTIVE,3594.654,83db0a12-f5a6-4a97-b065-45a83d9dae49,Edge computing reduces latency by processing data closer,agx,2,12.0,ok,agx,1788521600.5192432,282.197,3743.643,2
3756.317,1,3757.768,1788521604.677972,32,b01-o02-agx-c32,8,False,175.705,llama3.2:1b,etri-ser0001-cg0msb,ACTIVE,3580.612,439328f4-49ae-4b45-bf66-692f4a65d41d,Edge computing reduces latency by processing data closer,agx,2,12.0,ok,agx,1788521600.9202046,282.576,3727.712,2
3756.87,1,3758.443,1788521604.871075,32,b01-o02-agx-c32,8,False,192.917,llama3.2:1b,etri-ser0001-cg0msb,ACTIVE,3563.952,163fedfd-f30e-4c43-ac5a-02800b3d054a,Edge computing reduces latency by processing data closer,agx,2,12.0,ok,agx,1788521601.1126337,282.686,3728.205,2
3785.691,1,3787.122,1788521605.0954533,32,b01-o02-agx-c32,8,False,224.14,llama3.2:1b,etri-ser0001-cg0msb,ACTIVE,3561.551,f158050e-4115-4321-b1fd-c0554b76dc7b,Edge computing reduces latency by processing data closer,agx,2,12.0,ok,agx,1788521601.3083327,279.535,3756.715,2
3806.758,1,3808.547,1788521605.2970102,32,b01-o02-agx-c32,8,False,201.425,llama3.2:1b,etri-ser0001-cg0msb,ACTIVE,3605.333,58a0f468-9586-4559-8f05-49f180feeda8,Edge computing reduces latency by processing data closer,agx,2,12.0,ok,agx,1788521601.4884639,282.028,3778.114,2
3988.849,1,4994.462,1788521605.4971852,32,b01-o02-agx-c32,8,False,200.377,llama3.2:1b,etri-ser0001-cg0msb,ACTIVE,3788.472,712417fb-1cc5-43bd-a22e-52196fcb5b16,Edge computing reduces latency by processing data closer,agx,2,12.0,ok,agx,1788521600.5027232,282.257,3960.189,2
4165.38,1,5170.449,1788521605.6741476,32,b01-o02-agx-c32,8,False,176.588,llama3.2:1b,etri-ser0001-cg0msb,ACTIVE,3988.792,753fa211-909f-4ebb-a668-0962d7552faa,Edge computing reduces latency by processing data closer,agx,2,12.0,ok,agx,1788521600.5037,283.296,4136.743,2
4352.261,1,5360.848,1788521605.8612766,32,b01-o02-agx-c32,8,False,187.056,llama3.2:1b,etri-ser0001-cg0msb,ACTIVE,4165.206,9938bc93-a896-42a4-bbfe-5a58e3a373eb,Edge computing reduces latency by processing data closer,agx,2,12.0,ok,agx,1788521600.5004299,279.213,4323.118,2
4478.157,1,5541.942,1788521606.0509682,32,b01-o02-agx-c32,8,False,189.501,llama3.2:1b,etri-ser0001-cg0msb,ACTIVE,4288.656,dd93b9b7-f62a-497a-b9eb-ccef1f83fc23,Edge computing reduces latency by processing data closer,agx,2,12.0,ok,agx,1788521600.5090272,281.512,4449.294,2
4650.855,1,5710.116,1788521606.2236671,32,b01-o02-agx-c32,8,False,172.636,llama3.2:1b,etri-ser0001-cg0msb,ACTIVE,4478.219,98550379-dd6c-4531-82cf-cec28939eda4,Edge computing reduces latency by processing data closer,agx,2,12.0,ok,agx,1788521600.5135524,282.895,4622.254,2
4843.475,1,5900.703,1788521606.417931,32,b01-o02-agx-c32,8,False,194.206,llama3.2:1b,etri-ser0001-cg0msb,ACTIVE,4649.268,d36f8dc5-5082-45fa-8b4a-cf51c909b24b,Edge computing reduces latency by processing data closer,agx,2,12.0,ok,agx,1788521600.5172293,283.006,4814.83,2
5023.381,1,6093.607,1788521606.5983438,32,b01-o02-agx-c32,8,False,180.516,llama3.2:1b,etri-ser0001-cg0msb,ACTIVE,4842.865,b1384370-9596-4f14-9997-4c17cb08e35d,Edge computing reduces latency by processing data closer,agx,2,12.0,ok,agx,1788521600.5047374,282.257,4994.704,2
5233.545,1,6302.472,1788521606.8089144,32,b01-o02-agx-c32,8,False,210.247,llama3.2:1b,etri-ser0001-cg0msb,ACTIVE,5023.298,7bbc19b6-805f-4acd-a543-970fe62aabc4,Edge computing reduces latency by processing data closer,agx,2,12.0,ok,agx,1788521600.5064437,281.988,5204.785,2
5437.464,1,6507.241,1788521607.0129023,32,b01-o02-agx-c32,8,False,203.957,llama3.2:1b,etri-ser0001-cg0msb,ACTIVE,5233.507,936dba17-4bfd-4778-ac9d-a51d68cf3ecc,Edge computing reduces latency by processing data closer,agx,2,12.0,ok,agx,1788521600.5056627,280.751,5408.335,2
5617.784,1,6685.066,1788521607.1932995,32,b01-o02-agx-c32,8,False,180.254,llama3.2:1b,etri-ser0001-cg0msb,ACTIVE,5437.53,f1d65d7a-f559-455f-b3f2-ec81affe9d38,Edge computing reduces latency by processing data closer,agx,2,12.0,ok,agx,1788521600.5082347,282.446,5589.229,2
5814.209,1,6879.645,1788521607.3895023,32,b01-o02-agx-c32,8,False,196.409,llama3.2:1b,etri-ser0001-cg0msb,ACTIVE,5617.8,0941a5a4-1cf6-4d9f-8b98-3c0c78aaf739,Edge computing reduces latency by processing data closer,agx,2,12.0,ok,agx,1788521600.509858,282.157,5785.615,2
5995.334,1,7054.712,1788521607.570866,32,b01-o02-agx-c32,8,False,181.156,llama3.2:1b,etri-ser0001-cg0msb,ACTIVE,5814.179,5ffa079d-debb-443b-9801-c75ee0473107,Edge computing reduces latency by processing data closer,agx,2,12.0,ok,agx,1788521600.516154,282.996,5966.782,2
6067.171,1,6068.68,1788521607.7661338,32,b01-o02-agx-c32,8,False,195.028,llama3.2:1b,etri-ser0001-cg0msb,ACTIVE,5872.144,60ef446f-f32c-4d7d-9853-d1e538dd99b7,Edge computing reduces latency by processing data closer,agx,2,12.0,ok,agx,1788521601.6974552,283.236,6038.451,2
6066.89,1,6068.497,1788521607.9655154,32,b01-o02-agx-c32,8,False,199.354,llama3.2:1b,etri-ser0001-cg0msb,ACTIVE,5867.536,1d88242b-2f66-44a3-9618-2144c4149681,Edge computing reduces latency by processing data closer,agx,2,12.0,ok,agx,1788521601.8970203,279.906,6037.842,2
6061.673,1,6063.091,1788521608.1506739,32,b01-o02-agx-c32,8,False,185.009,llama3.2:1b,etri-ser0001-cg0msb,ACTIVE,5876.663,18e0a828-bd03-4e43-9ceb-558327eefe8e,Edge computing reduces latency by processing data closer,agx,2,12.0,ok,agx,1788521602.0875847,281.809,6032.952,2
6059.73,1,6061.373,1788521608.347566,32,b01-o02-agx-c32,8,False,196.908,llama3.2:1b,etri-ser0001-cg0msb,ACTIVE,5862.823,9c58286c-4468-4a3d-b399-a898ae4e4292,Edge computing reduces latency by processing data closer,agx,2,12.0,ok,agx,1788521602.286195,279.554,6031.006,2
6076.471,1,6078.088,1788521608.544074,32,b01-o02-agx-c32,8,False,196.295,llama3.2:1b,etri-ser0001-cg0msb,ACTIVE,5880.176,37d282fe-442d-4e7c-999d-b783f71760c7,Edge computing reduces latency by processing data closer,agx,2,12.0,ok,agx,1788521602.4659884,279.867,6047.437,2
6079.997,1,6081.719,1788521608.7306986,32,b01-o02-agx-c32,8,False,186.57,llama3.2:1b,etri-ser0001-cg0msb,ACTIVE,5893.427,af4c858c-c9ab-45ac-bb3d-1a4ad4d4dbf5,Edge computing reduces latency by processing data closer,agx,2,12.0,ok,agx,1788521602.6489813,281.641,6051.073,2
6052.309,1,6053.658,1788521608.918119,32,b01-o02-agx-c32,8,False,187.623,llama3.2:1b,etri-ser0001-cg0msb,ACTIVE,5864.687,45130709-37d6-49d1-ade6-e369e181374e,Edge computing reduces latency by processing data closer,agx,2,12.0,ok,agx,1788521602.8644621,282.087,6023.735,2
6064.463,1,6066.036,1788521609.1189108,32,b01-o02-agx-c32,8,False,200.473,llama3.2:1b,etri-ser0001-cg0msb,ACTIVE,5863.99,0507578f-f800-42dc-9678-d77f30a6d5f5,Edge computing reduces latency by processing data closer,agx,2,12.0,ok,agx,1788521603.052875,281.492,6035.546,2
6074.766,1,6076.084,1788521609.3113902,32,b01-o02-agx-c32,8,False,192.498,llama3.2:1b,etri-ser0001-cg0msb,ACTIVE,5882.269,717cfae0-358c-4a2d-a0df-c69052f9b6ed,Edge computing reduces latency by processing data closer,agx,2,12.0,ok,agx,1788521603.2353075,282.646,6046.182,2
6081.008,1,6082.517,1788521609.4918935,32,b01-o02-agx-c32,8,False,180.281,llama3.2:1b,etri-ser0001-cg0msb,ACTIVE,5900.727,16d2c76d-f062-4c5b-9da6-f99f77e4ec74,Edge computing reduces latency by processing data closer,agx,2,12.0,ok,agx,1788521603.4093776,280.004,6052.249,2
6091.688,1,6093.275,1788521609.6859934,32,b01-o02-agx-c32,8,False,193.912,llama3.2:1b,etri-ser0001-cg0msb,ACTIVE,5897.776,b6c28451-be4f-49f9-b16e-74f87c86c30a,Edge computing reduces latency by processing data closer,agx,2,12.0,ok,agx,1788521603.5927188,275.103,6062.243,2
6102.082,1,6103.917,1788521609.8791149,32,b01-o02-agx-c32,8,False,193.047,llama3.2:1b,etri-ser0001-cg0msb,ACTIVE,5909.035,35833688-1c1a-416e-809b-a18e6b36eee0,Edge computing reduces latency by processing data closer,agx,2,12.0,ok,agx,1788521603.7751994,280.357,6073.897,2
6105.371,1,6106.829,1788521610.0633726,32,b01-o02-agx-c32,8,False,184.178,llama3.2:1b,etri-ser0001-cg0msb,ACTIVE,5921.193,a81fabb3-0c2d-4e82-9a63-4732c491f70f,Edge computing reduces latency by processing data closer,agx,2,12.0,ok,agx,1788521603.956545,281.116,6076.541,2
6121.755,1,6122.988,1788521610.2601945,32,b01-o02-agx-c32,8,False,196.977,llama3.2:1b,etri-ser0001-cg0msb,ACTIVE,5924.779,434a43d8-2c0c-4402-8d39-e37cbe2ea820,Edge computing reduces latency by processing data closer,agx,2,12.0,ok,agx,1788521604.1372075,281.532,6093.36,2
6116.647,1,6118.314,1788521610.443098,32,b01-o02-agx-c32,8,False,182.47,llama3.2:1b,etri-ser0001-cg0msb,ACTIVE,5934.177,b53064d9-5004-4d0c-8b5b-2fac90a09c64,Edge computing reduces latency by processing data closer,agx,2,12.0,ok,agx,1788521604.3247864,282.705,6087.946,2
6135.98,1,6137.603,1788521610.639794,32,b01-o02-agx-c32,8,False,196.651,llama3.2:1b,etri-ser0001-cg0msb,ACTIVE,5939.33,e44f51d8-7e98-4873-945b-e23f0d15565d,Edge computing reduces latency by processing data closer,agx,2,12.0,ok,agx,1788521604.5021932,279.642,6107.059,2
6150.773,1,6152.089,1788521610.8300796,32,b01-o02-agx-c32,8,False,190.226,llama3.2:1b,etri-ser0001-cg0msb,ACTIVE,5960.547,c3bd5c81-d568-4c80-9260-7c881415f75a,Edge computing reduces latency by processing data closer,agx,2,12.0,ok,agx,1788521604.6779933,282.795,6122.06,2
6142.755,1,6144.229,1788521611.0153284,32,b01-o02-agx-c32,8,False,185.184,llama3.2:1b,etri-ser0001-cg0msb,ACTIVE,5957.57,8e56a5d7-cd83-414e-9168-1f445a05ed51,Edge computing reduces latency by processing data closer,agx,2,12.0,ok,agx,1788521604.8711019,282.606,6113.927,2
6108.861,1,6110.293,1788521611.2057753,32,b01-o02-agx-c32,8,False,190.404,llama3.2:1b,etri-ser0001-cg0msb,ACTIVE,5918.458,bcb5a87a-eded-4341-9722-e0e5e934ac8d,Edge computing reduces latency by processing data closer,agx,2,12.0,ok,agx,1788521605.0954843,282.536,6080.274,2
6117.508,1,6118.84,1788521611.4158754,32,b01-o02-agx-c32,8,False,210.076,llama3.2:1b,etri-ser0001-cg0msb,ACTIVE,5907.433,93102038-d09e-4274-8a26-d46eb7aa718d,Edge computing reduces latency by processing data closer,agx,2,12.0,ok,agx,1788521605.2970357,279.662,6088.8,2
6120.103,1,6121.421,1788521611.618626,32,b01-o02-agx-c32,8,False,202.558,llama3.2:1b,etri-ser0001-cg0msb,ACTIVE,5917.545,8127d71c-1e99-48dd-acee-cdc74091fe5a,Edge computing reduces latency by processing data closer,agx,2,12.0,ok,agx,1788521605.4972064,282.496,6091.525,2
6157.024,1,6158.594,1788521611.832771,32,b01-o02-agx-c32,8,False,213.891,llama3.2:1b,etri-ser0001-cg0msb,ACTIVE,5943.133,18ac40a5-962d-4ea6-8c81-0f04bc70233c,Edge computing reduces latency by processing data closer,agx,2,12.0,ok,agx,1788521605.674178,282.616,6128.452,2
6166.593,1,6168.286,1788521612.0295904,32,b01-o02-agx-c32,8,False,196.63,llama3.2:1b,etri-ser0001-cg0msb,ACTIVE,5969.962,14233d97-ceba-4741-9d97-ad4383d27285,Edge computing reduces latency by processing data closer,agx,2,12.0,ok,agx,1788521605.8613067,279.955,6137.596,2
6160.735,1,6162.204,1788521612.2132027,32,b01-o02-agx-c32,8,False,183.763,llama3.2:1b,etri-ser0001-cg0msb,ACTIVE,5976.972,60bd88e3-2827-4e21-af35-393829f73c39,Edge computing reduces latency by processing data closer,agx,2,12.0,ok,agx,1788521606.050999,282.336,6132.164,2
6172.266,1,6173.619,1788521612.3973165,32,b01-o02-agx-c32,8,False,184.075,llama3.2:1b,etri-ser0001-cg0msb,ACTIVE,5988.191,f3dd2019-41ba-430c-ab8d-57206ac050c0,Edge computing reduces latency by processing data closer,agx,2,12.0,ok,agx,1788521606.2236981,281.116,6143.567,2
6182.835,1,6184.397,1788521612.6023571,32,b01-o02-agx-c32,8,False,204.735,llama3.2:1b,etri-ser0001-cg0msb,ACTIVE,5978.099,485f670f-f036-4e1b-9124-f8fc18d93387,Edge computing reduces latency by processing data closer,agx,2,12.0,ok,agx,1788521606.417962,282.386,6154.34,2
6187.567,1,6188.977,1788521612.7873397,32,b01-o02-agx-c32,8,False,184.786,llama3.2:1b,etri-ser0001-cg0msb,ACTIVE,6002.78,1f1ad20f-a256-4042-8de2-3719a83d07e3,Edge computing reduces latency by processing data closer,agx,2,12.0,ok,agx,1788521606.5983655,283.006,6158.98,2
6171.711,1,6173.226,1788521612.9821773,32,b01-o02-agx-c32,8,False,194.905,llama3.2:1b,etri-ser0001-cg0msb,ACTIVE,5976.807,c601dcf9-5300-46ac-b678-0146e957179c,Edge computing reduces latency by processing data closer,agx,2,12.0,ok,agx,1788521606.808952,282.207,6142.983,2
6154.142,1,6155.664,1788521613.1686018,32,b01-o02-agx-c32,8,False,186.254,llama3.2:1b,etri-ser0001-cg0msb,ACTIVE,5967.889,6e50bf9b-c2a5-45b2-8c5e-0d5024936ae9,Edge computing reduces latency by processing data closer,agx,2,12.0,ok,agx,1788521607.0129395,282.476,6125.317,2
6164.499,1,6165.791,1788521613.359121,32,b01-o02-agx-c32,8,False,190.603,llama3.2:1b,etri-ser0001-cg0msb,ACTIVE,5973.896,d19a5e80-3074-4dea-9264-60f1d70eaf4d,Edge computing reduces latency by processing data closer,agx,2,12.0,ok,agx,1788521607.1933312,281.988,6135.864,2
6174.695,1,6176.177,1788521613.5656993,32,b01-o02-agx-c32,8,False,206.325,llama3.2:1b,etri-ser0001-cg0msb,ACTIVE,5968.37,54c30d85-05e2-4a56-b9a1-3c8a25579ee8,Edge computing reduces latency by processing data closer,agx,2,12.0,ok,agx,1788521607.3895242,282.915,6146.069,2
6194.167,1,6195.792,1788521613.766679,32,b01-o02-agx-c32,8,False,200.879,llama3.2:1b,etri-ser0001-cg0msb,ACTIVE,5993.288,9e7ce5ac-4d49-4668-9641-e3419bd8bfbc,Edge computing reduces latency by processing data closer,agx,2,12.0,ok,agx,1788521607.570888,271.85,6164.683,2
6181.084,1,6182.503,1788521613.948667,32,b01-o02-agx-c32,8,False,182.096,llama3.2:1b,etri-ser0001-cg0msb,ACTIVE,5998.988,3bb37232-ee9d-47d4-8e91-a0e3fea0588d,Edge computing reduces latency by processing data closer,agx,2,12.0,ok,agx,1788521607.7661645,282.935,6152.453,2
6183.915,1,6185.628,1788521614.1511726,32,b01-o02-agx-c32,8,False,202.189,llama3.2:1b,etri-ser0001-cg0msb,ACTIVE,5981.726,8c9c58f2-e81d-4609-ae20-ebc561b7aeab,Edge computing reduces latency by processing data closer,agx,2,12.0,ok,agx,1788521607.9655466,282.596,6155.078,2
6197.236,1,6199.104,1788521614.349806,32,b01-o02-agx-c32,8,False,198.572,llama3.2:1b,etri-ser0001-cg0msb,ACTIVE,5998.664,6ee4fbf8-4eef-4893-bbce-e73b34c20e09,Edge computing reduces latency by processing data closer,agx,2,12.0,ok,agx,1788521608.1507046,282.965,6168.676,2
6192.674,1,6194.111,1788521614.541706,32,b01-o02-agx-c32,8,False,191.861,llama3.2:1b,etri-ser0001-cg0msb,ACTIVE,6000.813,f44b3b25-1ef2-4da1-ae5a-f25b952963a5,Edge computing reduces latency by processing data closer,agx,2,12.0,ok,agx,1788521608.347597,279.008,6163.673,2
6210.925,1,6212.581,1788521614.7566855,32,b01-o02-agx-c32,8,False,214.793,llama3.2:1b,etri-ser0001-cg0msb,ACTIVE,5996.131,aa7cfaab-c450-4d0e-b07c-2599e7810b93,Edge computing reduces latency by processing data closer,agx,2,12.0,ok,agx,1788521608.5441067,282.715,6182.181,2
6223.194,1,6224.736,1788521614.9554667,32,b01-o02-agx-c32,8,False,198.867,llama3.2:1b,etri-ser0001-cg0msb,ACTIVE,6024.326,5c5b2080-a69d-4b41-b683-03fab77f3316,Edge computing reduces latency by processing data closer,agx,2,12.0,ok,agx,1788521608.7307312,282.157,6194.689,2
6210.264,1,6211.487,1788521615.1296272,32,b01-o02-agx-c32,8,False,174.192,llama3.2:1b,etri-ser0001-cg0msb,ACTIVE,6036.072,8ade115a-e62c-4469-8114-bb6947f39670,Edge computing reduces latency by processing data closer,agx,2,12.0,ok,agx,1788521608.9181404,282.915,6181.657,2
6222.406,1,6224.079,1788521615.3430188,32,b01-o02-agx-c32,8,False,213.041,llama3.2:1b,etri-ser0001-cg0msb,ACTIVE,6009.365,edc7f758-a4ef-424c-923c-651f451eb544,Edge computing reduces latency by processing data closer,agx,2,12.0,ok,agx,1788521609.118942,282.217,6193.549,2
6233.721,1,6235.175,1788521615.546585,32,b01-o02-agx-c32,8,False,203.496,llama3.2:1b,etri-ser0001-cg0msb,ACTIVE,6030.225,d4faafda-2621-4d2b-8146-068d02c1555a,Edge computing reduces latency by processing data closer,agx,2,12.0,ok,agx,1788521609.3114123,282.167,6204.994,2
6239.933,1,6241.389,1788521615.733301,32,b01-o02-agx-c32,8,False,186.823,llama3.2:1b,etri-ser0001-cg0msb,ACTIVE,6053.111,7f2575d8-7f05-4858-a9f4-45d40a652c3d,Edge computing reduces latency by processing data closer,agx,2,12.0,ok,agx,1788521609.4919145,282.306,6211.273,2
6230.125,1,6231.542,1788521615.9175544,32,b01-o02-agx-c32,8,False,184.122,llama3.2:1b,etri-ser0001-cg0msb,ACTIVE,6046.003,b11f8294-f45d-4f09-bdee-530a2410df59,Edge computing reduces latency by processing data closer,agx,2,12.0,ok,agx,1788521609.686015,278.271,6201.135,2
6219.202,1,6220.987,1788521616.1001315,32,b01-o02-agx-c32,8,False,182.341,llama3.2:1b,etri-ser0001-cg0msb,ACTIVE,6036.861,53552c61-4762-424d-8ebb-73792450cd42,Edge computing reduces latency by processing data closer,agx,2,12.0,ok,agx,1788521609.8791463,279.779,6190.299,2
6218.733,1,6220.359,1788521616.2837605,32,b01-o02-agx-c32,8,False,183.572,llama3.2:1b,etri-ser0001-cg0msb,ACTIVE,6035.161,ebfd6ebc-5f98-4001-92b3-4fe39b6307e5,Edge computing reduces latency by processing data closer,agx,2,12.0,ok,agx,1788521610.0634034,282.885,6190.095,2
6196.626,1,6198.459,1788521616.4586735,32,b01-o02-agx-c32,8,False,174.814,llama3.2:1b,etri-ser0001-cg0msb,ACTIVE,6021.812,ddb19999-84a5-4384-a3a5-87f38c8cd096,Edge computing reduces latency by processing data closer,agx,2,12.0,ok,agx,1788521610.2602153,282.765,6167.987,2
6195.888,1,6197.766,1788521616.6408925,32,b01-o02-agx-c32,8,False,181.942,llama3.2:1b,etri-ser0001-cg0msb,ACTIVE,6013.946,4927f127-bbc0-4747-a351-4730c3507eae,Edge computing reduces latency by processing data closer,agx,2,12.0,ok,agx,1788521610.4431286,282.526,6166.989,2
6183.783,1,6185.427,1788521616.825249,32,b01-o02-agx-c32,8,False,184.393,llama3.2:1b,etri-ser0001-cg0msb,ACTIVE,5999.39,4d6a2241-bb2a-4a3b-ac41-8298bae48890,Edge computing reduces latency by processing data closer,agx,2,12.0,ok,agx,1788521610.6398237,282.237,6155.185,2
6170.573,1,6172.067,1788521617.0021756,32,b01-o02-agx-c32,8,False,176.968,llama3.2:1b,etri-ser0001-cg0msb,ACTIVE,5993.605,7df4772b-1b56-4a6a-9e34-5433b8e84d83,Edge computing reduces latency by processing data closer,agx,2,12.0,ok,agx,1788521610.8301086,282.486,6141.988,2
6171.793,1,6173.576,1788521617.1889372,32,b01-o02-agx-c32,8,False,186.545,llama3.2:1b,etri-ser0001-cg0msb,ACTIVE,5985.248,6587ab13-96ae-4e22-8180-164457a86f8d,Edge computing reduces latency by processing data closer,agx,2,12.0,ok,agx,1788521611.0153627,273.383,6142.279,2
6158.859,1,6160.387,1788521617.3661916,32,b01-o02-agx-c32,8,False,177.363,llama3.2:1b,etri-ser0001-cg0msb,ACTIVE,5981.496,4a9710ce-216a-4644-9343-c1a6f83fefaf,Edge computing reduces latency by processing data closer,agx,2,12.0,ok,agx,1788521611.2058067,282.765,6130.346,2
6141.228,1,6142.742,1788521617.5586371,32,b01-o02-agx-c32,8,False,192.343,llama3.2:1b,etri-ser0001-cg0msb,ACTIVE,5948.885,b070873b-63a2-443a-b6db-6ec4c1b16ffd,Edge computing reduces latency by processing data closer,agx,2,12.0,ok,agx,1788521611.4158964,281.611,6112.604,2
6122.99,1,6124.552,1788521617.7431986,32,b01-o02-agx-c32,8,False,184.351,llama3.2:1b,etri-ser0001-cg0msb,ACTIVE,5938.639,c7a794c2-75c4-4f5c-b222-868250c760e9,Edge computing reduces latency by processing data closer,agx,2,12.0,ok,agx,1788521611.6186488,281.541,6093.95,2
6093.318,1,6094.68,1788521617.9274714,32,b01-o02-agx-c32,8,False,184.411,llama3.2:1b,etri-ser0001-cg0msb,ACTIVE,5908.907,6971f45b-11cb-4f59-83a8-79fd8b586f55,Edge computing reduces latency by processing data closer,agx,2,12.0,ok,agx,1788521611.8327923,282.117,6064.751,2
6082.38,1,6084.062,1788521618.113683,32,b01-o02-agx-c32,8,False,185.87,llama3.2:1b,etri-ser0001-cg0msb,ACTIVE,5896.51,52459351-d3b1-4981-99e7-79f6aad86f95,Edge computing reduces latency by processing data closer,agx,2,12.0,ok,agx,1788521612.0296235,277.566,6053.305,2
6076.974,1,6078.442,1788521618.2916636,32,b01-o02-agx-c32,8,False,178.009,llama3.2:1b,etri-ser0001-cg0msb,ACTIVE,5898.965,7c03d321-423b-4e5e-9077-879b70c99f6c,Edge computing reduces latency by processing data closer,agx,2,12.0,ok,agx,1788521612.2132235,282.895,6048.299,2
6075.439,1,6076.728,1788521618.474064,32,b01-o02-agx-c32,8,False,182.302,llama3.2:1b,etri-ser0001-cg0msb,ACTIVE,5893.137,ec01266f-0abf-48f0-b56b-2c32251cc98a,Edge computing reduces latency by processing data closer,agx,2,12.0,ok,agx,1788521612.3973382,283.016,6046.738,2
204.551,1,226.287,1788521621.7071097,16,b01-o03-agx-c16,8,False,204.538,llama3.2:1b,etri-ser0001-cg0msb,ACTIVE,0.013,03b384cf-ee7d-4440-8152-5ed1eeccdaa9,Edge computing reduces latency by processing data closer,agx,3,12.0,ok,agx,1788521621.4808223,282.087,176.073,3
384.047,1,405.326,1788521621.887191,16,b01-o03-agx-c16,8,False,179.972,llama3.2:1b,etri-ser0001-cg0msb,ACTIVE,204.074,9a28620a-6a35-423a-b2d4-ef93f03d5ffd,Edge computing reduces latency by processing data closer,agx,3,12.0,ok,agx,1788521621.4818656,280.928,355.305,3
553.506,1,575.602,1788521622.0591981,16,b01-o03-agx-c16,8,False,171.919,llama3.2:1b,etri-ser0001-cg0msb,ACTIVE,381.587,27b46ab3-2008-42ba-b72a-d84a8b423bdc,Edge computing reduces latency by processing data closer,agx,3,12.0,ok,agx,1788521621.4835966,279.261,524.589,3
730.221,1,756.06,1788521622.236143,16,b01-o03-agx-c16,8,False,176.81,llama3.2:1b,etri-ser0001-cg0msb,ACTIVE,553.411,07c55ec0-e1c1-49fb-b0d3-7f923091ce93,Edge computing reduces latency by processing data closer,agx,3,12.0,ok,agx,1788521621.480084,281.67,701.357,3
909.96,1,928.123,1788521622.4176219,16,b01-o03-agx-c16,8,False,181.551,llama3.2:1b,etri-ser0001-cg0msb,ACTIVE,728.409,98acd3d1-d487-4f98-ad0d-629761a8f57a,Edge computing reduces latency by processing data closer,agx,3,12.0,ok,agx,1788521621.489499,281.998,881.445,3
1113.949,1,1138.14,1788521622.6229987,16,b01-o03-agx-c16,8,False,205.222,llama3.2:1b,etri-ser0001-cg0msb,ACTIVE,908.727,5d45fc2c-e025-4ae2-bc34-7856a0871d03,Edge computing reduces latency by processing data closer,agx,3,12.0,ok,agx,1788521621.48486,274.254,1084.369,3
1298.34,1,1323.171,1788521622.8102093,16,b01-o03-agx-c16,8,False,187.014,llama3.2:1b,etri-ser0001-cg0msb,ACTIVE,1111.326,e4dfaa97-1418-4e8d-ae74-a7b8d51d5712,Edge computing reduces latency by processing data closer,agx,3,12.0,ok,agx,1788521621.4870384,281.274,1269.692,3
1481.971,1,1510.261,1788521622.996129,16,b01-o03-agx-c16,8,False,185.81,llama3.2:1b,etri-ser0001-cg0msb,ACTIVE,1296.161,667513e7-85ca-4a02-a811-6f5a72cedb28,Edge computing reduces latency by processing data closer,agx,3,12.0,ok,agx,1788521621.4858677,282.785,1453.426,3
1656.805,1,1686.531,1788521623.17467,16,b01-o03-agx-c16,8,False,178.328,llama3.2:1b,etri-ser0001-cg0msb,ACTIVE,1478.477,c9317193-522e-4a36-85f8-0000ed24bc70,Edge computing reduces latency by processing data closer,agx,3,12.0,ok,agx,1788521621.4881406,282.336,1628.1,3
1850.722,1,1880.866,1788521623.3714523,16,b01-o03-agx-c16,8,False,196.865,llama3.2:1b,etri-ser0001-cg0msb,ACTIVE,1653.857,a7d7dce3-61dd-4a77-a885-9e353ed7d02d,Edge computing reduces latency by processing data closer,agx,3,12.0,ok,agx,1788521621.490588,283.086,1822.057,3
2038.284,1,2068.14,1788521623.5605385,16,b01-o03-agx-c16,8,False,188.88,llama3.2:1b,etri-ser0001-cg0msb,ACTIVE,1849.404,29bfa240-eb49-4115-9e4d-445d6cbf8191,Edge computing reduces latency by processing data closer,agx,3,12.0,ok,agx,1788521621.4924,282.496,2009.736,3
2233.504,1,2265.794,1788521623.75731,16,b01-o03-agx-c16,8,False,196.669,llama3.2:1b,etri-ser0001-cg0msb,ACTIVE,2036.835,88628f27-76d1-471b-9911-3bf0a9874a69,Edge computing reduces latency by processing data closer,agx,3,12.0,ok,agx,1788521621.4915178,279.31,2204.522,3
2427.844,1,2458.576,1788521623.9524386,16,b01-o03-agx-c16,8,False,195.128,llama3.2:1b,etri-ser0001-cg0msb,ACTIVE,2232.716,8d328fd6-1c11-4963-933e-e0758c3078bc,Edge computing reduces latency by processing data closer,agx,3,12.0,ok,agx,1788521621.4938622,279.847,2398.987,3
2607.976,1,2637.923,1788521624.1331282,16,b01-o03-agx-c16,8,False,180.611,llama3.2:1b,etri-ser0001-cg0msb,ACTIVE,2427.365,0b1b6ef0-1bda-4a8c-84b0-6485fdb72b41,Edge computing reduces latency by processing data closer,agx,3,12.0,ok,agx,1788521621.4952056,281.373,2579.112,3
2808.731,1,2837.358,1788521624.3339052,16,b01-o03-agx-c16,8,False,200.767,llama3.2:1b,etri-ser0001-cg0msb,ACTIVE,2607.964,94bd05db-85bf-440a-b7b6-1492038ef42e,Edge computing reduces latency by processing data closer,agx,3,12.0,ok,agx,1788521621.4965477,282.426,2780.103,3
2812.532,1,2813.597,1788521624.5207274,16,b01-o03-agx-c16,8,False,186.807,llama3.2:1b,etri-ser0001-cg0msb,ACTIVE,2625.725,3ae62b6e-6b35-4eab-80e9-94602e419714,Edge computing reduces latency by processing data closer,agx,3,12.0,ok,agx,1788521621.7071314,281.492,2783.881,3
2813.816,1,2815.742,1788521624.7029552,16,b01-o03-agx-c16,8,False,181.649,llama3.2:1b,etri-ser0001-cg0msb,ACTIVE,2632.167,c3f199ce-adb0-45f3-98ce-66e979fecd8a,Edge computing reduces latency by processing data closer,agx,3,12.0,ok,agx,1788521621.8872163,272.294,2783.709,3
2819.739,1,2821.294,1788521624.880511,16,b01-o03-agx-c16,8,False,177.759,llama3.2:1b,etri-ser0001-cg0msb,ACTIVE,2641.98,363a0182-19a5-4571-b452-49c66c43b7fc,Edge computing reduces latency by processing data closer,agx,3,12.0,ok,agx,1788521622.059219,282.915,2791.172,3
2822.427,1,2823.959,1788521625.0601296,16,b01-o03-agx-c16,8,False,179.448,llama3.2:1b,etri-ser0001-cg0msb,ACTIVE,2642.979,31d9b135-260a-4987-b411-c8a7a420cfbc,Edge computing reduces latency by processing data closer,agx,3,12.0,ok,agx,1788521622.2361724,282.416,2793.714,3
2820.416,1,2821.854,1788521625.2394962,16,b01-o03-agx-c16,8,False,179.459,llama3.2:1b,etri-ser0001-cg0msb,ACTIVE,2640.957,d924ddf1-79d0-455b-8a96-ea6818baa6e5,Edge computing reduces latency by processing data closer,agx,3,12.0,ok,agx,1788521622.417643,281.413,2791.725,3
2849.793,1,3914.168,1788521625.4123664,16,b01-o03-agx-c16,8,False,172.818,llama3.2:1b,etri-ser0001-cg0msb,ACTIVE,2676.974,6ea68955-32da-4432-92a1-2c9c69f94c7a,Edge computing reduces latency by processing data closer,agx,3,12.0,ok,agx,1788521621.4981983,281.284,2821.016,3
2969.028,1,2970.181,1788521625.5932114,16,b01-o03-agx-c16,8,False,180.801,llama3.2:1b,etri-ser0001-cg0msb,ACTIVE,2788.227,157b06e9-3e8b-40e5-978c-767700ed6769,Edge computing reduces latency by processing data closer,agx,3,12.0,ok,agx,1788521622.6230326,280.968,2940.278,3
2962.448,1,2963.849,1788521625.7740781,16,b01-o03-agx-c16,8,False,180.87,llama3.2:1b,etri-ser0001-cg0msb,ACTIVE,2781.578,53768a18-1953-43bf-866c-dbf8a5ac8ced,Edge computing reduces latency by processing data closer,agx,3,12.0,ok,agx,1788521622.8102298,278.921,2933.58,3
2962.447,1,2964.29,1788521625.9604383,16,b01-o03-agx-c16,8,False,186.061,llama3.2:1b,etri-ser0001-cg0msb,ACTIVE,2776.386,c34512c7-8ffb-44fb-a5a7-120993e5cd00,Edge computing reduces latency by processing data closer,agx,3,12.0,ok,agx,1788521622.99615,281.988,2933.823,3
2966.88,1,2968.508,1788521626.1432064,16,b01-o03-agx-c16,8,False,182.557,llama3.2:1b,etri-ser0001-cg0msb,ACTIVE,2784.322,d381e8d8-2ea4-46ae-a041-668b402e3be3,Edge computing reduces latency by processing data closer,agx,3,12.0,ok,agx,1788521623.1746995,281.284,2938.086,3
2957.389,1,2959.139,1788521626.3306222,16,b01-o03-agx-c16,8,False,187.528,llama3.2:1b,etri-ser0001-cg0msb,ACTIVE,2769.86,8db3a268-e973-4114-8eb8-4207922c99d0,Edge computing reduces latency by processing data closer,agx,3,12.0,ok,agx,1788521623.3714845,281.7,2928.744,3
2959.82,1,2961.292,1788521626.5218596,16,b01-o03-agx-c16,8,False,191.11,llama3.2:1b,etri-ser0001-cg0msb,ACTIVE,2768.71,c76ca67c-a087-4cb9-b72c-c226dc9e3044,Edge computing reduces latency by processing data closer,agx,3,12.0,ok,agx,1788521623.5605683,278.581,2930.818,3
2943.409,1,2944.896,1788521626.702237,16,b01-o03-agx-c16,8,False,180.23,llama3.2:1b,etri-ser0001-cg0msb,ACTIVE,2763.178,cc3c90cf-f9b3-4140-88ef-cc3391caaced,Edge computing reduces latency by processing data closer,agx,3,12.0,ok,agx,1788521623.7573416,280.899,2914.875,3
2928.313,1,2929.776,1788521626.8822348,16,b01-o03-agx-c16,8,False,179.852,llama3.2:1b,etri-ser0001-cg0msb,ACTIVE,2748.461,e6768f3f-8861-43ac-b5a5-be44f23a8411,Edge computing reduces latency by processing data closer,agx,3,12.0,ok,agx,1788521623.9524596,281.571,2899.46,3
2930.885,1,2932.504,1788521627.0656521,16,b01-o03-agx-c16,8,False,183.062,llama3.2:1b,etri-ser0001-cg0msb,ACTIVE,2747.823,7b98f481-c559-40df-8940-f954a22752ee,Edge computing reduces latency by processing data closer,agx,3,12.0,ok,agx,1788521624.1331491,280.613,2901.916,3
2905.975,1,2907.446,1788521627.241377,16,b01-o03-agx-c16,8,False,175.774,llama3.2:1b,etri-ser0001-cg0msb,ACTIVE,2730.201,e4589673-4daf-41fa-8774-430692bc1295,Edge computing reduces latency by processing data closer,agx,3,12.0,ok,agx,1788521624.3339314,282.905,2877.378,3
2902.101,1,2903.283,1788521627.4240305,16,b01-o03-agx-c16,8,False,182.651,llama3.2:1b,etri-ser0001-cg0msb,ACTIVE,2719.45,a5b9d75a-8c5b-4772-a1b0-4850a61b7e55,Edge computing reduces latency by processing data closer,agx,3,12.0,ok,agx,1788521624.5207486,282.516,2873.497,3
2894.489,1,2896.015,1788521627.5990157,16,b01-o03-agx-c16,8,False,174.985,llama3.2:1b,etri-ser0001-cg0msb,ACTIVE,2719.504,6c2792a3-ed70-4b3c-b583-22b865a0b385,Edge computing reduces latency by processing data closer,agx,3,12.0,ok,agx,1788521624.7030008,282.745,2866.024,3
2908.765,1,2910.29,1788521627.7908285,16,b01-o03-agx-c16,8,False,191.62,llama3.2:1b,etri-ser0001-cg0msb,ACTIVE,2717.145,7b670d2a-2109-4a28-b530-6fad7ca3cfdb,Edge computing reduces latency by processing data closer,agx,3,12.0,ok,agx,1788521624.8805404,280.672,2879.652,3
2912.419,1,2913.968,1788521627.974126,16,b01-o03-agx-c16,8,False,183.14,llama3.2:1b,etri-ser0001-cg0msb,ACTIVE,2729.278,e3bc2fc2-255a-43fe-b7a0-8c2dd23be057,Edge computing reduces latency by processing data closer,agx,3,12.0,ok,agx,1788521625.0601597,282.715,2883.843,3
2911.653,1,2912.902,1788521628.152419,16,b01-o03-agx-c16,8,False,178.224,llama3.2:1b,etri-ser0001-cg0msb,ACTIVE,2733.429,74a7abeb-713e-4f25-a6ed-30003451af70,Edge computing reduces latency by processing data closer,agx,3,12.0,ok,agx,1788521625.2395184,281.938,2882.83,3
2916.584,1,2918.006,1788521628.3303928,16,b01-o03-agx-c16,8,False,177.97,llama3.2:1b,etri-ser0001-cg0msb,ACTIVE,2738.615,2c6a85dc-be7b-445e-a0d6-0428afe6c0ed,Edge computing reduces latency by processing data closer,agx,3,12.0,ok,agx,1788521625.4123876,282.895,2888.166,3
2919.122,1,2920.52,1788521628.5137625,16,b01-o03-agx-c16,8,False,183.252,llama3.2:1b,etri-ser0001-cg0msb,ACTIVE,2735.87,d484c4fe-9417-406f-89d1-1fff57fc2525,Edge computing reduces latency by processing data closer,agx,3,12.0,ok,agx,1788521625.5932431,281.215,2890.293,3
2916.846,1,2917.989,1788521628.692086,16,b01-o03-agx-c16,8,False,178.394,llama3.2:1b,etri-ser0001-cg0msb,ACTIVE,2738.452,f8db6530-e5d8-4a41-bc88-823036cd6079,Edge computing reduces latency by processing data closer,agx,3,12.0,ok,agx,1788521625.774098,281.472,2888.135,3
2918.006,1,2919.619,1788521628.880103,16,b01-o03-agx-c16,8,False,187.639,llama3.2:1b,etri-ser0001-cg0msb,ACTIVE,2730.367,c35724c9-e6ef-48e8-9a92-e5a3a46ea37f,Edge computing reduces latency by processing data closer,agx,3,12.0,ok,agx,1788521625.9604864,281.245,2889.282,3
2933.725,1,2935.155,1788521629.0783832,16,b01-o03-agx-c16,8,False,198.379,llama3.2:1b,etri-ser0001-cg0msb,ACTIVE,2735.346,b8041a1a-93e3-4d97-bacc-376590acb369,Edge computing reduces latency by processing data closer,agx,3,12.0,ok,agx,1788521626.1432285,282.087,2905.117,3
2936.124,1,2937.246,1788521629.2678895,16,b01-o03-agx-c16,8,False,189.428,llama3.2:1b,etri-ser0001-cg0msb,ACTIVE,2746.696,373f27ef-022a-4b10-86c6-0cb9ac88607e,Edge computing reduces latency by processing data closer,agx,3,12.0,ok,agx,1788521626.3306441,282.516,2907.554,3
2926.265,1,2927.836,1788521629.4497156,16,b01-o03-agx-c16,8,False,181.645,llama3.2:1b,etri-ser0001-cg0msb,ACTIVE,2744.62,861c237c-e6a6-420d-af1a-9f963fe46920,Edge computing reduces latency by processing data closer,agx,3,12.0,ok,agx,1788521626.5218816,280.603,2897.448,3
2921.271,1,2922.874,1788521629.6251307,16,b01-o03-agx-c16,8,False,175.295,llama3.2:1b,etri-ser0001-cg0msb,ACTIVE,2745.976,268454b6-4bb7-4e8b-9068-71d9dbc88d13,Edge computing reduces latency by processing data closer,agx,3,12.0,ok,agx,1788521626.7022593,278.697,2892.21,3
2926.549,1,2928.201,1788521629.810456,16,b01-o03-agx-c16,8,False,185.297,llama3.2:1b,etri-ser0001-cg0msb,ACTIVE,2741.252,49b8ae46-46bd-4d16-9905-7b5b88a5b54c,Edge computing reduces latency by processing data closer,agx,3,12.0,ok,agx,1788521626.8822556,279.71,2897.437,3
2918.948,1,2920.443,1788521629.9861174,16,b01-o03-agx-c16,8,False,175.667,llama3.2:1b,etri-ser0001-cg0msb,ACTIVE,2743.281,b1be28a9-d869-4880-96f9-d5b02dfdf265,Edge computing reduces latency by processing data closer,agx,3,12.0,ok,agx,1788521627.0656753,281.928,2890.346,3
2919.351,1,2920.502,1788521630.1618989,16,b01-o03-agx-c16,8,False,175.801,llama3.2:1b,etri-ser0001-cg0msb,ACTIVE,2743.549,f2f5e153-4fcc-4a74-a0a1-cdccca9dab07,Edge computing reduces latency by processing data closer,agx,3,12.0,ok,agx,1788521627.2413971,281.958,2890.677,3
2912.298,1,2913.87,1788521630.3379216,16,b01-o03-agx-c16,8,False,175.852,llama3.2:1b,etri-ser0001-cg0msb,ACTIVE,2736.446,aff23178-b0c7-4491-8d3f-d5f83d582e77,Edge computing reduces latency by processing data closer,agx,3,12.0,ok,agx,1788521627.424052,281.274,2883.443,3
2911.019,1,2912.29,1788521630.5113266,16,b01-o03-agx-c16,8,False,173.299,llama3.2:1b,etri-ser0001-cg0msb,ACTIVE,2737.72,581aa32c-d713-4454-989a-dd02473c1dbc,Edge computing reduces latency by processing data closer,agx,3,12.0,ok,agx,1788521627.599037,283.106,2882.39,3
2906.874,1,2908.475,1788521630.699334,16,b01-o03-agx-c16,8,False,187.794,llama3.2:1b,etri-ser0001-cg0msb,ACTIVE,2719.08,4d75cba1-c57f-40a2-bc43-5579dd919350,Edge computing reduces latency by processing data closer,agx,3,12.0,ok,agx,1788521627.79086,275.662,2877.593,3
2903.121,1,2904.564,1788521630.8787186,16,b01-o03-agx-c16,8,False,179.417,llama3.2:1b,etri-ser0001-cg0msb,ACTIVE,2723.704,3cd167e6-a639-445e-86fc-74992071dd0a,Edge computing reduces latency by processing data closer,agx,3,12.0,ok,agx,1788521627.9741547,283.076,2874.498,3
2920.296,1,2921.586,1788521631.0740266,16,b01-o03-agx-c16,8,False,195.16,llama3.2:1b,etri-ser0001-cg0msb,ACTIVE,2725.136,cd994568-bb06-4c73-ba1d-0a07320126d7,Edge computing reduces latency by processing data closer,agx,3,12.0,ok,agx,1788521628.1524413,281.74,2891.519,3
2925.608,1,2926.85,1788521631.2572618,16,b01-o03-agx-c16,8,False,183.184,llama3.2:1b,etri-ser0001-cg0msb,ACTIVE,2742.424,aa277817-253a-4abf-a0c3-6ec3ad7b25eb,Edge computing reduces latency by processing data closer,agx,3,12.0,ok,agx,1788521628.330414,281.69,2896.761,3
2932.501,1,2933.911,1788521631.4476936,16,b01-o03-agx-c16,8,False,190.322,llama3.2:1b,etri-ser0001-cg0msb,ACTIVE,2742.179,2bc148d9-4aef-4560-9f30-6606ec3bbe00,Edge computing reduces latency by processing data closer,agx,3,12.0,ok,agx,1788521628.513783,281.512,2903.821,3
2936.427,1,2937.804,1788521631.6299107,16,b01-o03-agx-c16,8,False,182.011,llama3.2:1b,etri-ser0001-cg0msb,ACTIVE,2754.416,b88ab830-def2-416d-9f9d-57fd0ac104a5,Edge computing reduces latency by processing data closer,agx,3,12.0,ok,agx,1788521628.6921089,282.117,2907.645,3
2946.717,1,2948.183,1788521631.8283176,16,b01-o03-agx-c16,8,False,198.479,llama3.2:1b,etri-ser0001-cg0msb,ACTIVE,2748.238,4fdf3feb-4c21-465a-9815-c840e62f34c2,Edge computing reduces latency by processing data closer,agx,3,12.0,ok,agx,1788521628.8801358,277.018,2917.569,3
2927.882,1,2929.078,1788521632.007481,16,b01-o03-agx-c16,8,False,179.104,llama3.2:1b,etri-ser0001-cg0msb,ACTIVE,2748.778,aaf78d02-11ef-4b2c-ab99-69d8ff878305,Edge computing reduces latency by processing data closer,agx,3,12.0,ok,agx,1788521629.0784042,282.516,2899.219,3
2917.029,1,2918.315,1788521632.1862295,16,b01-o03-agx-c16,8,False,178.696,llama3.2:1b,etri-ser0001-cg0msb,ACTIVE,2738.333,301529bc-8c19-44d2-aba6-d4f61c0e0f7b,Edge computing reduces latency by processing data closer,agx,3,12.0,ok,agx,1788521629.2679155,282.207,2888.378,3
2907.466,1,2909.087,1788521632.3588316,16,b01-o03-agx-c16,8,False,172.151,llama3.2:1b,etri-ser0001-cg0msb,ACTIVE,2735.315,0bd0c474-07d2-4382-8312-1634c2d2e4f2,Edge computing reduces latency by processing data closer,agx,3,12.0,ok,agx,1788521629.4497464,282.526,2878.7,3
2923.912,1,2925.54,1788521632.5507002,16,b01-o03-agx-c16,8,False,191.834,llama3.2:1b,etri-ser0001-cg0msb,ACTIVE,2732.078,8b187b5d-d326-4094-9dd5-225799b0ba6c,Edge computing reduces latency by processing data closer,agx,3,12.0,ok,agx,1788521629.6251621,281.146,2895.101,3
2922.265,1,2923.579,1788521632.7340567,16,b01-o03-agx-c16,8,False,183.447,llama3.2:1b,etri-ser0001-cg0msb,ACTIVE,2738.818,0a5ef49b-8592-4c92-98a6-7f12abb18b78,Edge computing reduces latency by processing data closer,agx,3,12.0,ok,agx,1788521629.8104787,279.125,2893.403,3
2933.637,1,2934.941,1788521632.9210777,16,b01-o03-agx-c16,8,False,186.908,llama3.2:1b,etri-ser0001-cg0msb,ACTIVE,2746.729,a427950e-a55b-4a03-aac5-8d3be1eff24d,Edge computing reduces latency by processing data closer,agx,3,12.0,ok,agx,1788521629.986138,282.935,2904.94,3
2945.63,1,2946.889,1788521633.1088076,16,b01-o03-agx-c16,8,False,187.53,llama3.2:1b,etri-ser0001-cg0msb,ACTIVE,2758.101,09bdab9f-57a1-40ac-8470-d034009822bf,Edge computing reduces latency by processing data closer,agx,3,12.0,ok,agx,1788521630.1619198,282.875,2917.05,3
2957.64,1,2959.003,1788521633.2969477,16,b01-o03-agx-c16,8,False,188.05,llama3.2:1b,etri-ser0001-cg0msb,ACTIVE,2769.591,c1e7c173-6a59-4203-8ab0-dde748b7ecbc,Edge computing reduces latency by processing data closer,agx,3,12.0,ok,agx,1788521630.3379467,281.978,2928.849,3
2959.042,1,2960.397,1788521633.4717443,16,b01-o03-agx-c16,8,False,174.749,llama3.2:1b,etri-ser0001-cg0msb,ACTIVE,2784.293,41a8d192-9c26-4d1e-b28e-4f63e237f694,Edge computing reduces latency by processing data closer,agx,3,12.0,ok,agx,1788521630.511348,281.472,2930.414,3
2944.164,1,2945.735,1788521633.6450884,16,b01-o03-agx-c16,8,False,173.031,llama3.2:1b,etri-ser0001-cg0msb,ACTIVE,2771.133,643bd45f-3ac4-4088-8fbc-2ebc329abb65,Edge computing reduces latency by processing data closer,agx,3,12.0,ok,agx,1788521630.6993554,281.274,2915.424,3
2940.564,1,2941.537,1788521633.820276,16,b01-o03-agx-c16,8,False,175.326,llama3.2:1b,etri-ser0001-cg0msb,ACTIVE,2765.238,b0116354-f5de-40a5-a49c-3240aadfef73,Edge computing reduces latency by processing data closer,agx,3,12.0,ok,agx,1788521630.87874,282.466,2912.038,3
2937.078,1,2938.372,1788521634.0124183,16,b01-o03-agx-c16,8,False,192.072,llama3.2:1b,etri-ser0001-cg0msb,ACTIVE,2745.006,759e94ef-d118-4d57-9b4e-a3add49f9af1,Edge computing reduces latency by processing data closer,agx,3,12.0,ok,agx,1788521631.074047,261.943,2906.296,3
2944.866,1,2946.419,1788521634.2037132,16,b01-o03-agx-c16,8,False,191.013,llama3.2:1b,etri-ser0001-cg0msb,ACTIVE,2753.853,4c241b3d-954e-462c-bf46-eb0dc3f3c6cb,Edge computing reduces latency by processing data closer,agx,3,12.0,ok,agx,1788521631.2572954,280.387,2916.054,3
2952.148,1,2953.761,1788521634.4014738,16,b01-o03-agx-c16,8,False,197.607,llama3.2:1b,etri-ser0001-cg0msb,ACTIVE,2754.541,d88c308e-0d3f-4c4b-9c4f-b846dc390b1f,Edge computing reduces latency by processing data closer,agx,3,12.0,ok,agx,1788521631.447715,282.486,2923.586,3
2946.282,1,2947.708,1788521634.5776548,16,b01-o03-agx-c16,8,False,176.188,llama3.2:1b,etri-ser0001-cg0msb,ACTIVE,2770.095,57f2091f-3f8f-4296-b2bc-96c675e1ed81,Edge computing reduces latency by processing data closer,agx,3,12.0,ok,agx,1788521631.629948,283.066,2917.742,3
2954.833,1,2956.274,1788521634.7846124,16,b01-o03-agx-c16,8,False,206.92,llama3.2:1b,etri-ser0001-cg0msb,ACTIVE,2747.914,fba34a5c-78bb-4664-9df9-ab340dcc8577,Edge computing reduces latency by processing data closer,agx,3,12.0,ok,agx,1788521631.8283386,281.136,2926.167,3
2982.447,1,2983.767,1788521634.9912689,16,b01-o03-agx-c16,8,False,206.559,llama3.2:1b,etri-ser0001-cg0msb,ACTIVE,2775.888,60ea3503-ffc7-4a96-92d3-6b924e09886d,Edge computing reduces latency by processing data closer,agx,3,12.0,ok,agx,1788521632.0075023,281.205,2953.844,3
3012.978,1,3014.238,1788521635.2004871,16,b01-o03-agx-c16,8,False,209.16,llama3.2:1b,etri-ser0001-cg0msb,ACTIVE,2803.817,32487628-8937-4b37-ad07-bd614214df5f,Edge computing reduces latency by processing data closer,agx,3,12.0,ok,agx,1788521632.1862502,282.486,2984.378,3
3033.661,1,3035.167,1788521635.3940277,16,b01-o03-agx-c16,8,False,193.365,llama3.2:1b,etri-ser0001-cg0msb,ACTIVE,2840.295,48467c7c-7f78-4c6a-8072-2011004c0352,Edge computing reduces latency by processing data closer,agx,3,12.0,ok,agx,1788521632.3588626,275.283,3004.1,3
3032.348,1,3033.88,1788521635.5846088,16,b01-o03-agx-c16,8,False,190.569,llama3.2:1b,etri-ser0001-cg0msb,ACTIVE,2841.779,fa1e6c9c-0a0f-4cff-b2d8-3796fdbf9707,Edge computing reduces latency by processing data closer,agx,3,12.0,ok,agx,1788521632.5507312,282.267,3003.436,3
3030.624,1,3031.877,1788521635.7659535,16,b01-o03-agx-c16,8,False,181.197,llama3.2:1b,etri-ser0001-cg0msb,ACTIVE,2849.427,1e0156d7-3041-4b7f-801b-4053debcbb9b,Edge computing reduces latency by processing data closer,agx,3,12.0,ok,agx,1788521632.7340772,282.586,3001.856,3
3039.544,1,3041.247,1788521635.9623542,16,b01-o03-agx-c16,8,False,196.15,llama3.2:1b,etri-ser0001-cg0msb,ACTIVE,2843.395,696f6a77-70d0-41fe-b3a3-0f609f8dd031,Edge computing reduces latency by processing data closer,agx,3,12.0,ok,agx,1788521632.9211087,280.968,3010.568,3
3027.475,1,3028.755,1788521636.1375837,16,b01-o03-agx-c16,8,False,175.384,llama3.2:1b,etri-ser0001-cg0msb,ACTIVE,2852.091,113b7f5e-0dfa-4747-9e90-1848776b9bfa,Edge computing reduces latency by processing data closer,agx,3,12.0,ok,agx,1788521633.1088293,276.138,2998.206,3
3012.448,1,3014.112,1788521636.3110871,16,b01-o03-agx-c16,8,False,173.186,llama3.2:1b,etri-ser0001-cg0msb,ACTIVE,2839.262,9fc21885-fe70-47ba-b312-a741ea762059,Edge computing reduces latency by processing data closer,agx,3,12.0,ok,agx,1788521633.296978,282.805,2983.949,3
3025.688,1,3027.117,1788521636.49888,16,b01-o03-agx-c16,8,False,187.877,llama3.2:1b,etri-ser0001-cg0msb,ACTIVE,2837.811,f77c0d45-28cf-47a2-82fe-258d733c87e6,Edge computing reduces latency by processing data closer,agx,3,12.0,ok,agx,1788521633.471765,283.036,2997.124,3
208.127,1,220.343,1788521639.7241876,8,b01-o04-agx-c8,8,False,208.115,llama3.2:1b,etri-ser0001-cg0msb,ACTIVE,0.012,1655942d-b954-4108-82a6-ad6d80809342,Edge computing reduces latency by processing data closer,agx,4,12.0,ok,agx,1788521639.503846,282.048,179.243,4
393.556,1,409.272,1788521639.9143698,8,b01-o04-agx-c8,8,False,190.164,llama3.2:1b,etri-ser0001-cg0msb,ACTIVE,203.392,ea454ebf-1f9f-4475-8284-d0c3b076ab92,Edge computing reduces latency by processing data closer,agx,4,12.0,ok,agx,1788521639.5050976,281.938,364.849,4
594.389,1,613.034,1788521640.1192684,8,b01-o04-agx-c8,8,False,204.618,llama3.2:1b,etri-ser0001-cg0msb,ACTIVE,389.772,5e61274c-652d-46a9-b8ca-406b0d87dc69,Edge computing reduces latency by processing data closer,agx,4,12.0,ok,agx,1788521639.5062356,280.623,565.639,4
789.188,1,805.626,1788521640.3156726,8,b01-o04-agx-c8,8,False,196.392,llama3.2:1b,etri-ser0001-cg0msb,ACTIVE,592.796,f151f308-5592-4bdc-81f8-5d732f06920c,Edge computing reduces latency by processing data closer,agx,4,12.0,ok,agx,1788521639.5100472,282.705,760.634,4
982.957,1,1002.958,1788521640.5107062,8,b01-o04-agx-c8,8,False,194.866,llama3.2:1b,etri-ser0001-cg0msb,ACTIVE,788.091,2b5bd0bd-070d-443f-b9b8-863691b0434b,Edge computing reduces latency by processing data closer,agx,4,12.0,ok,agx,1788521639.507749,282.975,954.378,4
1166.891,1,1187.118,1788521640.69624,8,b01-o04-agx-c8,8,False,185.481,llama3.2:1b,etri-ser0001-cg0msb,ACTIVE,981.41,5f26d833-5752-4069-ac49-f3ecf3fbc476,Edge computing reduces latency by processing data closer,agx,4,12.0,ok,agx,1788521639.5091233,282.725,1138.196,4
1348.766,1,1368.047,1788521640.879299,8,b01-o04-agx-c8,8,False,183.046,llama3.2:1b,etri-ser0001-cg0msb,ACTIVE,1165.72,be342d94-8931-4a07-b11d-1a94645a0f72,Edge computing reduces latency by processing data closer,agx,4,12.0,ok,agx,1788521639.5112517,279.047,1319.828,4
1533.233,1,1551.821,1788521641.0646698,8,b01-o04-agx-c8,8,False,185.199,llama3.2:1b,etri-ser0001-cg0msb,ACTIVE,1348.034,77f76f35-ddff-465d-8564-a32361d56312,Edge computing reduces latency by processing data closer,agx,4,12.0,ok,agx,1788521639.5128503,281.819,1504.477,4
1513.897,1,1515.432,1788521641.239652,8,b01-o04-agx-c8,8,False,175.035,llama3.2:1b,etri-ser0001-cg0msb,ACTIVE,1338.862,202afd41-3afe-4fc9-a63d-03f84a005a50,Edge computing reduces latency by processing data closer,agx,4,12.0,ok,agx,1788521639.724221,282.855,1485.268,4
1522.915,1,1524.338,1788521641.4387288,8,b01-o04-agx-c8,8,False,198.951,llama3.2:1b,etri-ser0001-cg0msb,ACTIVE,1323.965,5fcffaf6-5918-4e43-96f0-288a7c0699de,Edge computing reduces latency by processing data closer,agx,4,12.0,ok,agx,1788521639.9143913,277.402,1493.787,4
1510.016,1,1511.328,1788521641.630625,8,b01-o04-agx-c8,8,False,191.704,llama3.2:1b,etri-ser0001-cg0msb,ACTIVE,1318.313,2ea4e167-bc9f-4b35-bdf2-105f157c679f,Edge computing reduces latency by processing data closer,agx,4,12.0,ok,agx,1788521640.1192985,281.829,1481.393,4
1507.847,1,1509.352,1788521641.825048,8,b01-o04-agx-c8,8,False,194.225,llama3.2:1b,etri-ser0001-cg0msb,ACTIVE,1313.623,cedb5821-955f-4f5e-b106-ce9e949ebd49,Edge computing reduces latency by processing data closer,agx,4,12.0,ok,agx,1788521640.3156986,281.72,1478.931,4
1488.521,1,1490.062,1788521642.000797,8,b01-o04-agx-c8,8,False,175.823,llama3.2:1b,etri-ser0001-cg0msb,ACTIVE,1312.697,a4dd334d-88df-46f0-aca2-11f9685dcb7d,Edge computing reduces latency by processing data closer,agx,4,12.0,ok,agx,1788521640.510737,282.925,1460.019,4
1479.087,1,1480.536,1788521642.1768045,8,b01-o04-agx-c8,8,False,176.028,llama3.2:1b,etri-ser0001-cg0msb,ACTIVE,1303.059,2bfac85c-919e-4510-851c-7041dec3216d,Edge computing reduces latency by processing data closer,agx,4,12.0,ok,agx,1788521640.6962693,281.522,1450.464,4
1509.061,1,1510.327,1788521642.389648,8,b01-o04-agx-c8,8,False,212.836,llama3.2:1b,etri-ser0001-cg0msb,ACTIVE,1296.226,74a87743-d281-4ed5-8c8a-28f2be2d33ff,Edge computing reduces latency by processing data closer,agx,4,12.0,ok,agx,1788521640.8793216,281.274,1480.375,4
1503.97,1,1505.537,1788521642.570236,8,b01-o04-agx-c8,8,False,180.394,llama3.2:1b,etri-ser0001-cg0msb,ACTIVE,1323.575,840d5351-3437-4ded-9fb2-a686766334bd,Edge computing reduces latency by processing data closer,agx,4,12.0,ok,agx,1788521641.0646996,281.215,1475.343,4
1523.311,1,1524.692,1788521642.7643647,8,b01-o04-agx-c8,8,False,194.025,llama3.2:1b,etri-ser0001-cg0msb,ACTIVE,1329.286,9ac51b46-aaa9-4060-bd5f-94993f5f1a78,Edge computing reduces latency by processing data closer,agx,4,12.0,ok,agx,1788521641.2396739,282.406,1494.732,4
1505.069,1,1506.499,1788521642.945247,8,b01-o04-agx-c8,8,False,180.625,llama3.2:1b,etri-ser0001-cg0msb,ACTIVE,1324.444,f96dd6be-1030-48f9-84c4-4894839f9ba9,Edge computing reduces latency by processing data closer,agx,4,12.0,ok,agx,1788521641.4387496,281.948,1476.318,4
1513.216,1,1514.71,1788521643.145364,8,b01-o04-agx-c8,8,False,200.215,llama3.2:1b,etri-ser0001-cg0msb,ACTIVE,1313.001,47dcef1f-bb29-442d-b7e5-151fb9b8cd9a,Edge computing reduces latency by processing data closer,agx,4,12.0,ok,agx,1788521641.630655,278.164,1484.2,4
1499.02,1,1500.636,1788521643.3257146,8,b01-o04-agx-c8,8,False,180.138,llama3.2:1b,etri-ser0001-cg0msb,ACTIVE,1318.882,192cb6b7-428b-4cc7-a9fe-4b4404cf6352,Edge computing reduces latency by processing data closer,agx,4,12.0,ok,agx,1788521641.8250802,281.304,1470.256,4
1515.468,1,1517.115,1788521643.5179408,8,b01-o04-agx-c8,8,False,192.119,llama3.2:1b,etri-ser0001-cg0msb,ACTIVE,1323.349,c4a87b63-031e-4df6-b760-917d8b4f7316,Edge computing reduces latency by processing data closer,agx,4,12.0,ok,agx,1788521642.0008273,281.532,1486.571,4
1538.416,1,1540.059,1788521643.7168825,8,b01-o04-agx-c8,8,False,198.879,llama3.2:1b,etri-ser0001-cg0msb,ACTIVE,1339.538,f6b6458d-30d8-4cdf-bd30-3a0a7b483c5b,Edge computing reduces latency by processing data closer,agx,4,12.0,ok,agx,1788521642.1768255,282.008,1509.643,4
1516.583,1,1518.141,1788521643.9078088,8,b01-o04-agx-c8,8,False,190.803,llama3.2:1b,etri-ser0001-cg0msb,ACTIVE,1325.781,41aef46f-ba9e-4bc7-99b6-caa499e4aee1,Edge computing reduces latency by processing data closer,agx,4,12.0,ok,agx,1788521642.38967,280.132,1487.597,4
1518.024,1,1519.419,1788521644.0896747,8,b01-o04-agx-c8,8,False,181.963,llama3.2:1b,etri-ser0001-cg0msb,ACTIVE,1336.061,eab23bf9-de24-42a4-943d-87ca9e5a1c33,Edge computing reduces latency by processing data closer,agx,4,12.0,ok,agx,1788521642.570257,276.53,1488.907,4
1502.009,1,1503.52,1788521644.2679036,8,b01-o04-agx-c8,8,False,178.04,llama3.2:1b,etri-ser0001-cg0msb,ACTIVE,1323.969,549745a5-65e8-4342-9a4f-0a81c28ede7d,Edge computing reduces latency by processing data closer,agx,4,12.0,ok,agx,1788521642.7643855,282.366,1473.242,4
1501.391,1,1502.753,1788521644.4480314,8,b01-o04-agx-c8,8,False,180.123,llama3.2:1b,etri-ser0001-cg0msb,ACTIVE,1321.269,0c259256-c27b-4dbc-be24-b1dfa2fe84f2,Edge computing reduces latency by processing data closer,agx,4,12.0,ok,agx,1788521642.9452791,282.247,1472.812,4
1481.503,1,1482.881,1788521644.628265,8,b01-o04-agx-c8,8,False,180.016,llama3.2:1b,etri-ser0001-cg0msb,ACTIVE,1301.487,5c2a2160-1644-42d3-9510-bb3f20c0ae1f,Edge computing reduces latency by processing data closer,agx,4,12.0,ok,agx,1788521643.145386,283.186,1452.765,4
1495.615,1,1497.209,1788521644.8229535,8,b01-o04-agx-c8,8,False,194.641,llama3.2:1b,etri-ser0001-cg0msb,ACTIVE,1300.974,d7bcd057-b61b-4bd8-b9ec-5635f239d764,Edge computing reduces latency by processing data closer,agx,4,12.0,ok,agx,1788521643.3257468,282.187,1466.853,4
1491.229,1,1492.749,1788521645.0107179,8,b01-o04-agx-c8,8,False,187.786,llama3.2:1b,etri-ser0001-cg0msb,ACTIVE,1303.443,57f708b3-3bf4-4a9e-acf1-0a322f854b88,Edge computing reduces latency by processing data closer,agx,4,12.0,ok,agx,1788521643.5179713,282.715,1462.463,4
1489.502,1,1491.241,1788521645.208152,8,b01-o04-agx-c8,8,False,197.256,llama3.2:1b,etri-ser0001-cg0msb,ACTIVE,1292.245,e02e42ab-e4ba-4a73-98b6-0dfa78c613e7,Edge computing reduces latency by processing data closer,agx,4,12.0,ok,agx,1788521643.7169135,280.909,1460.612,4
1493.865,1,1495.355,1788521645.403193,8,b01-o04-agx-c8,8,False,195.125,llama3.2:1b,etri-ser0001-cg0msb,ACTIVE,1298.74,37c80a94-fe9f-4328-95f2-aee2167be35c,Edge computing reduces latency by processing data closer,agx,4,12.0,ok,agx,1788521643.9078393,281.492,1465.156,4
1487.421,1,1488.563,1788521645.578258,8,b01-o04-agx-c8,8,False,174.981,llama3.2:1b,etri-ser0001-cg0msb,ACTIVE,1312.44,45bbe1c1-9b90-4a00-9b06-ede6326c9291,Edge computing reduces latency by processing data closer,agx,4,12.0,ok,agx,1788521644.0896962,282.446,1458.773,4
1497.223,1,1498.895,1788521645.7668338,8,b01-o04-agx-c8,8,False,188.312,llama3.2:1b,etri-ser0001-cg0msb,ACTIVE,1308.912,8b21d59f-c48e-4c61-bec2-8e184aedebd6,Edge computing reduces latency by processing data closer,agx,4,12.0,ok,agx,1788521644.2679398,281.968,1468.495,4
1506.678,1,1507.891,1788521645.9559424,8,b01-o04-agx-c8,8,False,189.246,llama3.2:1b,etri-ser0001-cg0msb,ACTIVE,1317.431,bd43df4f-f1fa-42c4-a9e8-5f81b783b17a,Edge computing reduces latency by processing data closer,agx,4,12.0,ok,agx,1788521644.448052,282.326,1478.098,4
1512.275,1,1513.737,1788521646.1420329,8,b01-o04-agx-c8,8,False,185.972,llama3.2:1b,etri-ser0001-cg0msb,ACTIVE,1326.303,f56996e0-b6fa-4bdd-bbf1-136286e58f88,Edge computing reduces latency by processing data closer,agx,4,12.0,ok,agx,1788521644.6282961,274.546,1483.005,4
1513.228,1,1514.978,1788521646.3379622,8,b01-o04-agx-c8,8,False,195.659,llama3.2:1b,etri-ser0001-cg0msb,ACTIVE,1317.569,f0b93d4f-c668-492f-ab0f-ad8b12868214,Edge computing reduces latency by processing data closer,agx,4,12.0,ok,agx,1788521644.822986,281.532,1484.504,4
1507.624,1,1509.262,1788521646.5200088,8,b01-o04-agx-c8,8,False,181.924,llama3.2:1b,etri-ser0001-cg0msb,ACTIVE,1325.7,7251ab7c-23a1-44ad-a62d-52359e405ef4,Edge computing reduces latency by processing data closer,agx,4,12.0,ok,agx,1788521645.0107486,282.955,1478.87,4
1501.975,1,1503.524,1788521646.7117066,8,b01-o04-agx-c8,8,False,191.719,llama3.2:1b,etri-ser0001-cg0msb,ACTIVE,1310.255,944a4bbe-dd93-4408-a4e0-871580b56ac8,Edge computing reduces latency by processing data closer,agx,4,12.0,ok,agx,1788521645.208184,282.626,1473.353,4
1494.327,1,1495.874,1788521646.899089,8,b01-o04-agx-c8,8,False,187.183,llama3.2:1b,etri-ser0001-cg0msb,ACTIVE,1307.145,c647f567-32b5-4ea8-9aaa-11315b1f200c,Edge computing reduces latency by processing data closer,agx,4,12.0,ok,agx,1788521645.4032156,282.955,1465.804,4
1497.047,1,1498.527,1788521647.0768187,8,b01-o04-agx-c8,8,False,177.884,llama3.2:1b,etri-ser0001-cg0msb,ACTIVE,1319.164,ce044bdf-6c83-4c3b-99ad-4ef00e744ff4,Edge computing reduces latency by processing data closer,agx,4,12.0,ok,agx,1788521645.578292,282.905,1468.475,4
1554.239,1,1555.792,1788521647.3226547,8,b01-o04-agx-c8,8,False,245.704,llama3.2:1b,etri-ser0001-cg0msb,ACTIVE,1308.535,5372624e-7807-453e-8ea2-ef62fcfc673a,Edge computing reduces latency by processing data closer,agx,4,12.0,ok,agx,1788521645.7668633,282.696,1525.609,4
1556.126,1,1557.522,1788521647.5134852,8,b01-o04-agx-c8,8,False,190.814,llama3.2:1b,etri-ser0001-cg0msb,ACTIVE,1365.313,5d413578-a734-4c80-a24d-af0e40a1fe63,Edge computing reduces latency by processing data closer,agx,4,12.0,ok,agx,1788521645.9559643,277.865,1527.087,4
1580.094,1,1581.454,1788521647.7235043,8,b01-o04-agx-c8,8,False,209.861,llama3.2:1b,etri-ser0001-cg0msb,ACTIVE,1370.233,24c8ad92-0ab5-40f1-9f42-783e4921c9c2,Edge computing reduces latency by processing data closer,agx,4,12.0,ok,agx,1788521646.1420531,282.486,1551.563,4
1565.228,1,1566.652,1788521647.9046423,8,b01-o04-agx-c8,8,False,181.115,llama3.2:1b,etri-ser0001-cg0msb,ACTIVE,1384.113,533345bd-1535-45f2-a311-6dc1d39c7454,Edge computing reduces latency by processing data closer,agx,4,12.0,ok,agx,1788521646.3379927,280.751,1536.355,4
1563.107,1,1564.284,1788521648.0843234,8,b01-o04-agx-c8,8,False,179.785,llama3.2:1b,etri-ser0001-cg0msb,ACTIVE,1383.323,286dfe66-35bb-47cf-be4e-96f53db3ca05,Edge computing reduces latency by processing data closer,agx,4,12.0,ok,agx,1788521646.5200403,280.485,1534.197,4
1551.319,1,1552.961,1788521648.2646956,8,b01-o04-agx-c8,8,False,179.991,llama3.2:1b,etri-ser0001-cg0msb,ACTIVE,1371.327,38452f55-785a-491f-96ca-ebbf40c1204d,Edge computing reduces latency by processing data closer,agx,4,12.0,ok,agx,1788521646.7117367,282.137,1522.64,4
1545.826,1,1546.868,1788521648.4459789,8,b01-o04-agx-c8,8,False,181.338,llama3.2:1b,etri-ser0001-cg0msb,ACTIVE,1364.488,48c3b547-d2e3-44f3-b615-77bc7796acdb,Edge computing reduces latency by processing data closer,agx,4,12.0,ok,agx,1788521646.8991115,282.167,1517.048,4
1550.226,1,1551.539,1788521648.6283767,8,b01-o04-agx-c8,8,False,182.361,llama3.2:1b,etri-ser0001-cg0msb,ACTIVE,1367.866,464080e7-b178-41ec-ba5a-2e7c23a331d0,Edge computing reduces latency by processing data closer,agx,4,12.0,ok,agx,1788521647.0768385,282.058,1521.576,4
1491.842,1,1493.3,1788521648.8159745,8,b01-o04-agx-c8,8,False,187.381,llama3.2:1b,etri-ser0001-cg0msb,ACTIVE,1304.461,7d07f3a6-fd57-44f4-aeb2-9a9aaab8bc36,Edge computing reduces latency by processing data closer,agx,4,12.0,ok,agx,1788521647.322676,282.885,1463.028,4
1486.708,1,1488.254,1788521649.0017607,8,b01-o04-agx-c8,8,False,185.675,llama3.2:1b,etri-ser0001-cg0msb,ACTIVE,1301.033,6a284f2a-7c0f-4e70-84a2-98a0af789d0d,Edge computing reduces latency by processing data closer,agx,4,12.0,ok,agx,1788521647.5135086,282.656,1458.036,4
1459.096,1,1460.512,1788521649.1840458,8,b01-o04-agx-c8,8,False,182.455,llama3.2:1b,etri-ser0001-cg0msb,ACTIVE,1276.641,6f15bac2-3515-4412-80b4-5e2a9d4d8e4b,Edge computing reduces latency by processing data closer,agx,4,12.0,ok,agx,1788521647.7235343,281.442,1430.397,4
1475.941,1,1477.36,1788521649.3820305,8,b01-o04-agx-c8,8,False,197.829,llama3.2:1b,etri-ser0001-cg0msb,ACTIVE,1278.112,916fd01c-6fe7-4a15-8bf0-80e20ac10b20,Edge computing reduces latency by processing data closer,agx,4,12.0,ok,agx,1788521647.9046726,282.676,1447.27,4
1478.515,1,1480.563,1788521649.5649068,8,b01-o04-agx-c8,8,False,182.793,llama3.2:1b,etri-ser0001-cg0msb,ACTIVE,1295.722,a2b55c1b-8205-4784-9b34-83e9f4dd4259,Edge computing reduces latency by processing data closer,agx,4,12.0,ok,agx,1788521648.0843446,282.646,1449.997,4
1489.008,1,1490.546,1788521649.7552722,8,b01-o04-agx-c8,8,False,190.215,llama3.2:1b,etri-ser0001-cg0msb,ACTIVE,1298.793,dcc8d41a-9952-4cbb-8b3e-1b508cf481d0,Edge computing reduces latency by processing data closer,agx,4,12.0,ok,agx,1788521648.2647274,282.996,1460.491,4
1496.006,1,1497.255,1788521649.943255,8,b01-o04-agx-c8,8,False,187.903,llama3.2:1b,etri-ser0001-cg0msb,ACTIVE,1308.103,a766175b-7941-4525-adec-e57d3c9383ce,Edge computing reduces latency by processing data closer,agx,4,12.0,ok,agx,1788521648.446001,277.778,1466.884,4
1526.515,1,1527.865,1788521650.1562636,8,b01-o04-agx-c8,8,False,212.992,llama3.2:1b,etri-ser0001-cg0msb,ACTIVE,1313.523,4b6ef48e-f54d-4eb0-838d-e0f56c4f7cae,Edge computing reduces latency by processing data closer,agx,4,12.0,ok,agx,1788521648.6283991,282.715,1498.026,4
1521.341,1,1523.081,1788521650.3390834,8,b01-o04-agx-c8,8,False,182.464,llama3.2:1b,etri-ser0001-cg0msb,ACTIVE,1338.877,037a8324-8b2b-4c95-b4fe-4c6997c7ac10,Edge computing reduces latency by processing data closer,agx,4,12.0,ok,agx,1788521648.8160048,278.542,1492.287,4
1521.773,1,1523.339,1788521650.525132,8,b01-o04-agx-c8,8,False,186.166,llama3.2:1b,etri-ser0001-cg0msb,ACTIVE,1335.606,798f7569-7cec-4933-8f9a-5de06ef459aa,Edge computing reduces latency by processing data closer,agx,4,12.0,ok,agx,1788521649.0017939,281.363,1493.001,4
1516.67,1,1517.791,1788521650.7018554,8,b01-o04-agx-c8,8,False,176.616,llama3.2:1b,etri-ser0001-cg0msb,ACTIVE,1340.055,00728be0-be3b-473b-9383-3c383afbafcc,Edge computing reduces latency by processing data closer,agx,4,12.0,ok,agx,1788521649.184066,281.245,1487.839,4
1525.525,1,1527.428,1788521650.9094884,8,b01-o04-agx-c8,8,False,207.324,llama3.2:1b,etri-ser0001-cg0msb,ACTIVE,1318.201,b4822582-9257-45ba-ac4b-a443ffeaa1e9,Edge computing reduces latency by processing data closer,agx,4,12.0,ok,agx,1788521649.3820632,280.446,1496.587,4
1526.597,1,1527.974,1788521651.092911,8,b01-o04-agx-c8,8,False,183.536,llama3.2:1b,etri-ser0001-cg0msb,ACTIVE,1343.061,4f73a526-acfb-4459-b9be-ae0e2e91274a,Edge computing reduces latency by processing data closer,agx,4,12.0,ok,agx,1788521649.5649383,282.107,1497.94,4
1543.699,1,1545.134,1788521651.3004253,8,b01-o04-agx-c8,8,False,207.182,llama3.2:1b,etri-ser0001-cg0msb,ACTIVE,1336.517,e57e6358-8a72-4ef9-bfa6-a475c8669263,Edge computing reduces latency by processing data closer,agx,4,12.0,ok,agx,1788521649.7552927,282.526,1514.942,4
1572.222,1,1573.778,1788521651.5170524,8,b01-o04-agx-c8,8,False,216.498,llama3.2:1b,etri-ser0001-cg0msb,ACTIVE,1355.724,19eb2e70-fb30-4869-8ded-73be6d4ec2b0,Edge computing reduces latency by processing data closer,agx,4,12.0,ok,agx,1788521649.9432764,279.72,1543.108,4
1536.532,1,1537.822,1788521651.6941068,8,b01-o04-agx-c8,8,False,177.169,llama3.2:1b,etri-ser0001-cg0msb,ACTIVE,1359.363,850ec110-fede-47e4-9607-f5f2b262983e,Edge computing reduces latency by processing data closer,agx,4,12.0,ok,agx,1788521650.1562855,280.436,1507.902,4
1538.643,1,1540.152,1788521651.879266,8,b01-o04-agx-c8,8,False,185.0,llama3.2:1b,etri-ser0001-cg0msb,ACTIVE,1353.643,d06e988b-ae61-4705-8e1b-3ed897f62a70,Edge computing reduces latency by processing data closer,agx,4,12.0,ok,agx,1788521650.3391144,281.165,1509.891,4
1551.301,1,1552.725,1788521652.0778756,8,b01-o04-agx-c8,8,False,198.367,llama3.2:1b,etri-ser0001-cg0msb,ACTIVE,1352.934,a46bdae6-1fad-452b-a0e6-e5f0159f4f4a,Edge computing reduces latency by processing data closer,agx,4,12.0,ok,agx,1788521650.5251534,282.097,1522.495,4
1558.152,1,1559.693,1788521652.261577,8,b01-o04-agx-c8,8,False,183.848,llama3.2:1b,etri-ser0001-cg0msb,ACTIVE,1374.304,09b389c2-b0f8-48a0-8e83-f1733721a4be,Edge computing reduces latency by processing data closer,agx,4,12.0,ok,agx,1788521650.7018845,282.895,1529.563,4
1538.858,1,1540.359,1788521652.4498768,8,b01-o04-agx-c8,8,False,188.155,llama3.2:1b,etri-ser0001-cg0msb,ACTIVE,1350.703,d3a02c61-ee98-497b-8edc-8ccf615b3771,Edge computing reduces latency by processing data closer,agx,4,12.0,ok,agx,1788521650.909519,282.217,1510.291,4
1548.896,1,1550.298,1788521652.6432343,8,b01-o04-agx-c8,8,False,193.276,llama3.2:1b,etri-ser0001-cg0msb,ACTIVE,1355.62,17ba0c33-d288-4485-94bf-c719f8a7b647,Edge computing reduces latency by processing data closer,agx,4,12.0,ok,agx,1788521651.0929368,281.136,1519.998,4
1516.919,1,1518.429,1788521652.8188758,8,b01-o04-agx-c8,8,False,175.569,llama3.2:1b,etri-ser0001-cg0msb,ACTIVE,1341.35,7d2bb231-ef3a-4b19-8003-ccce661a0809,Edge computing reduces latency by processing data closer,agx,4,12.0,ok,agx,1788521651.3004482,281.809,1488.356,4
200.703,1,211.447,1788521656.0354817,2,b01-o05-agx-c2,8,False,200.685,llama3.2:1b,etri-ser0001-cg0msb,ACTIVE,0.017,b933ca32-3d78-4fef-afd9-1a54a514b471,Edge computing reduces latency by processing data closer,agx,5,12.0,ok,agx,1788521655.8240364,279.71,171.638,5
382.608,1,392.738,1788521656.2179356,2,b01-o05-agx-c2,8,False,182.389,llama3.2:1b,etri-ser0001-cg0msb,ACTIVE,200.219,2b250422-b40e-413b-ae5b-e54fb7a274a6,Edge computing reduces latency by processing data closer,agx,5,12.0,ok,agx,1788521655.8251987,282.656,353.96,5
367.95,1,369.567,1788521656.4050794,2,b01-o05-agx-c2,8,False,187.014,llama3.2:1b,etri-ser0001-cg0msb,ACTIVE,180.936,f9c145fb-0e7b-45d6-bbea-65bef1cf7f8f,Edge computing reduces latency by processing data closer,agx,5,12.0,ok,agx,1788521656.0355132,282.396,339.005,5
392.351,1,393.768,1788521656.6117327,2,b01-o05-agx-c2,8,False,206.736,llama3.2:1b,etri-ser0001-cg0msb,ACTIVE,185.615,162e31c2-d96b-44d1-ad38-6f9ac1774a00,Edge computing reduces latency by processing data closer,agx,5,12.0,ok,agx,1788521656.2179658,282.147,363.688,5
385.855,1,387.042,1788521656.792151,2,b01-o05-agx-c2,8,False,180.409,llama3.2:1b,etri-ser0001-cg0msb,ACTIVE,205.446,c4738a98-5019-406d-b64b-816369683a43,Edge computing reduces latency by processing data closer,agx,5,12.0,ok,agx,1788521656.4051101,282.147,357.108,5
362.569,1,363.982,1788521656.975735,2,b01-o05-agx-c2,8,False,183.354,llama3.2:1b,etri-ser0001-cg0msb,ACTIVE,179.216,03495386-1ab7-47a7-ad21-2e57d3c606bb,Edge computing reduces latency by processing data closer,agx,5,12.0,ok,agx,1788521656.6117542,282.616,333.794,5
395.44,1,396.762,1788521657.1889355,2,b01-o05-agx-c2,8,False,213.227,llama3.2:1b,etri-ser0001-cg0msb,ACTIVE,182.213,5300b381-29e3-4591-9ab4-3ee2c0276b3f,Edge computing reduces latency by processing data closer,agx,5,12.0,ok,agx,1788521656.792174,282.745,367.004,5
401.121,1,402.603,1788521657.378364,2,b01-o05-agx-c2,8,False,189.268,llama3.2:1b,etri-ser0001-cg0msb,ACTIVE,211.853,7be389c8-6fc6-4454-b455-56cd17d15ada,Edge computing reduces latency by processing data closer,agx,5,12.0,ok,agx,1788521656.9757626,276.539,372.097,5
387.432,1,388.99,1788521657.5779452,2,b01-o05-agx-c2,8,False,199.1,llama3.2:1b,etri-ser0001-cg0msb,ACTIVE,188.332,291e49b4-8436-4bde-9657-0b9804fe69da,Edge computing reduces latency by processing data closer,agx,5,12.0,ok,agx,1788521657.1889572,279.818,358.471,5
373.308,1,374.813,1788521657.7532089,2,b01-o05-agx-c2,8,False,175.425,llama3.2:1b,etri-ser0001-cg0msb,ACTIVE,197.883,71bf97c6-9fd1-4f29-bd9e-1c6de0d02151,Edge computing reduces latency by processing data closer,agx,5,12.0,ok,agx,1788521657.3783963,282.506,344.791,5
361.867,1,363.463,1788521657.9414375,2,b01-o05-agx-c2,8,False,187.938,llama3.2:1b,etri-ser0001-cg0msb,ACTIVE,173.929,06b9159b-8a01-4d88-b69d-7de5ed95118a,Edge computing reduces latency by processing data closer,agx,5,12.0,ok,agx,1788521657.577976,282.725,333.234,5
379.555,1,380.897,1788521658.1341264,2,b01-o05-agx-c2,8,False,192.615,llama3.2:1b,etri-ser0001-cg0msb,ACTIVE,186.94,5a78a6f2-9486-4efa-891f-ebbb91b8c555,Edge computing reduces latency by processing data closer,agx,5,12.0,ok,agx,1788521657.7532313,280.564,350.899,5
371.434,1,372.728,1788521658.3141959,2,b01-o05-agx-c2,8,False,180.158,llama3.2:1b,etri-ser0001-cg0msb,ACTIVE,191.276,479439a0-ab5b-433e-9f52-e50f24308966,Edge computing reduces latency by processing data closer,agx,5,12.0,ok,agx,1788521657.9414687,282.506,342.707,5
355.008,1,356.401,1788521658.4905553,2,b01-o05-agx-c2,8,False,176.264,llama3.2:1b,etri-ser0001-cg0msb,ACTIVE,178.744,b0fde0e5-025c-486e-8a3f-9e4f7d6f52fb,Edge computing reduces latency by processing data closer,agx,5,12.0,ok,agx,1788521658.1341555,281.502,326.243,5
354.152,1,355.762,1788521658.6699777,2,b01-o05-agx-c2,8,False,179.072,llama3.2:1b,etri-ser0001-cg0msb,ACTIVE,175.081,0aca29a0-8148-4a29-8f17-6adb8de1b7be,Edge computing reduces latency by processing data closer,agx,5,12.0,ok,agx,1788521658.3142176,283.096,325.477,5
368.952,1,370.444,1788521658.8610194,2,b01-o05-agx-c2,8,False,191.0,llama3.2:1b,etri-ser0001-cg0msb,ACTIVE,177.952,4a7fc84b-bee0-4299-9f90-1ac9633ec6c8,Edge computing reduces latency by processing data closer,agx,5,12.0,ok,agx,1788521658.4905772,283.116,340.235,5
381.207,1,382.665,1788521659.0526738,2,b01-o05-agx-c2,8,False,191.77,llama3.2:1b,etri-ser0001-cg0msb,ACTIVE,189.437,469b817a-0470-4614-bad0-d52989cf38c4,Edge computing reduces latency by processing data closer,agx,5,12.0,ok,agx,1788521658.67001,281.879,352.492,5
377.319,1,378.967,1788521659.2400165,2,b01-o05-agx-c2,8,False,187.045,llama3.2:1b,etri-ser0001-cg0msb,ACTIVE,190.274,2f74e489-219a-4ab2-bd1c-5883bb89b483,Edge computing reduces latency by processing data closer,agx,5,12.0,ok,agx,1788521658.8610506,282.765,348.69,5
368.285,1,369.612,1788521659.4223075,2,b01-o05-agx-c2,8,False,182.202,llama3.2:1b,etri-ser0001-cg0msb,ACTIVE,186.084,3dd8de76-a5a0-4f06-a027-e791cbc40361,Edge computing reduces latency by processing data closer,agx,5,12.0,ok,agx,1788521659.052698,282.287,339.383,5
357.186,1,358.807,1788521659.598852,2,b01-o05-agx-c2,8,False,176.458,llama3.2:1b,etri-ser0001-cg0msb,ACTIVE,180.728,133bbda6-7ce5-40d4-9ea9-6e94fc14e73c,Edge computing reduces latency by processing data closer,agx,5,12.0,ok,agx,1788521659.2400472,281.096,328.094,5
352.192,1,353.921,1788521659.7762575,2,b01-o05-agx-c2,8,False,177.247,llama3.2:1b,etri-ser0001-cg0msb,ACTIVE,174.945,59512eb7-8057-4d22-9d09-8e076dcbeb2c,Edge computing reduces latency by processing data closer,agx,5,12.0,ok,agx,1788521659.4223382,282.745,323.479,5
353.97,1,355.418,1788521659.954299,2,b01-o05-agx-c2,8,False,178.146,llama3.2:1b,etri-ser0001-cg0msb,ACTIVE,175.825,a5ca8f4b-7936-4c08-90a4-6869bdadae1e,Edge computing reduces latency by processing data closer,agx,5,12.0,ok,agx,1788521659.5988832,281.948,325.345,5
366.612,1,368.054,1788521660.1443436,2,b01-o05-agx-c2,8,False,190.064,llama3.2:1b,etri-ser0001-cg0msb,ACTIVE,176.548,4efee5f5-1a10-48e4-935d-4b9c21f3541b,Edge computing reduces latency by processing data closer,agx,5,12.0,ok,agx,1788521659.77629,282.326,338.011,5
399.706,1,401.451,1788521660.3557818,2,b01-o05-agx-c2,8,False,211.047,llama3.2:1b,etri-ser0001-cg0msb,ACTIVE,188.66,24600bac-c06b-438b-9b4e-6faf8a5746b1,Edge computing reduces latency by processing data closer,agx,5,12.0,ok,agx,1788521659.9543326,281.403,370.913,5
423.087,1,424.584,1788521660.5689445,2,b01-o05-agx-c2,8,False,213.221,llama3.2:1b,etri-ser0001-cg0msb,ACTIVE,209.866,b6fb2828-95cf-4fed-a960-d2563e9b02c5,Edge computing reduces latency by processing data closer,agx,5,12.0,ok,agx,1788521660.144363,282.277,394.436,5
398.457,1,399.966,1788521660.7557783,2,b01-o05-agx-c2,8,False,186.717,llama3.2:1b,etri-ser0001-cg0msb,ACTIVE,211.74,7dfd9429-dd58-427c-b4cb-6ed1646352e2,Edge computing reduces latency by processing data closer,agx,5,12.0,ok,agx,1788521660.3558128,283.096,369.952,5
361.283,1,362.834,1788521660.9318109,2,b01-o05-agx-c2,8,False,175.971,llama3.2:1b,etri-ser0001-cg0msb,ACTIVE,185.313,a5311c26-cc77-4629-859c-d6eddaae64ff,Edge computing reduces latency by processing data closer,agx,5,12.0,ok,agx,1788521660.5689778,282.556,332.52,5
363.766,1,364.96,1788521661.120758,2,b01-o05-agx-c2,8,False,188.91,llama3.2:1b,etri-ser0001-cg0msb,ACTIVE,174.856,d7d4c716-16dc-4f78-b807-84affccaf482,Edge computing reduces latency by processing data closer,agx,5,12.0,ok,agx,1788521660.7557993,281.383,335.131,5
363.022,1,364.481,1788521661.2963133,2,b01-o05-agx-c2,8,False,175.492,llama3.2:1b,etri-ser0001-cg0msb,ACTIVE,187.53,4c8f5863-960f-4175-b3cf-bbdcf8ce2d67,Edge computing reduces latency by processing data closer,agx,5,12.0,ok,agx,1788521660.9318326,280.387,334.274,5
364.088,1,365.265,1788521661.4860432,2,b01-o05-agx-c2,8,False,189.713,llama3.2:1b,etri-ser0001-cg0msb,ACTIVE,174.375,9d3f3f72-5bba-433a-85b2-83aa13f445ad,Edge computing reduces latency by processing data closer,agx,5,12.0,ok,agx,1788521661.1207793,281.096,335.502,5
385.244,1,386.925,1788521661.6832578,2,b01-o05-agx-c2,8,False,196.91,llama3.2:1b,etri-ser0001-cg0msb,ACTIVE,188.334,3729c03d-68ef-4570-bb18-a247435270a8,Edge computing reduces latency by processing data closer,agx,5,12.0,ok,agx,1788521661.2963345,282.217,356.568,5
401.137,1,402.503,1788521661.8885663,2,b01-o05-agx-c2,8,False,205.229,llama3.2:1b,etri-ser0001-cg0msb,ACTIVE,195.908,b71ecf1f-1dc5-4a64-b026-ff4b6635584d,Edge computing reduces latency by processing data closer,agx,5,12.0,ok,agx,1788521661.486065,281.284,372.291,5
380.966,1,382.656,1788521662.0659428,2,b01-o05-agx-c2,8,False,177.229,llama3.2:1b,etri-ser0001-cg0msb,ACTIVE,203.737,2a319935-a38f-45c2-815f-ea51f27a4630,Edge computing reduces latency by processing data closer,agx,5,12.0,ok,agx,1788521661.6832888,281.74,352.117,5
367.877,1,369.548,1788521662.258143,2,b01-o05-agx-c2,8,False,192.179,llama3.2:1b,etri-ser0001-cg0msb,ACTIVE,175.698,dbfa04e8-afed-4dce-850b-e967c5681b0d,Edge computing reduces latency by processing data closer,agx,5,12.0,ok,agx,1788521661.8885972,281.938,339.294,5
398.489,1,399.934,1788521662.4659064,2,b01-o05-agx-c2,8,False,207.797,llama3.2:1b,etri-ser0001-cg0msb,ACTIVE,190.692,850afe5c-d635-4c48-892b-8e2df421f417,Edge computing reduces latency by processing data closer,agx,5,12.0,ok,agx,1788521662.0659747,282.566,369.937,5
396.322,1,397.971,1788521662.6561441,2,b01-o05-agx-c2,8,False,190.228,llama3.2:1b,etri-ser0001-cg0msb,ACTIVE,206.095,403149ac-8e33-41af-a6ed-9ccd68e292c3,Edge computing reduces latency by processing data closer,agx,5,12.0,ok,agx,1788521662.2581737,277.469,367.163,5
372.049,1,373.61,1788521662.8395603,2,b01-o05-agx-c2,8,False,183.006,llama3.2:1b,etri-ser0001-cg0msb,ACTIVE,189.043,99a9cc5e-972d-4373-b5dc-e916b5c163eb,Edge computing reduces latency by processing data closer,agx,5,12.0,ok,agx,1788521662.4659529,281.869,343.332,5
370.004,1,371.536,1788521663.0276997,2,b01-o05-agx-c2,8,False,188.083,llama3.2:1b,etri-ser0001-cg0msb,ACTIVE,181.92,1a5d8d63-e161-43c8-81e1-56d47abeb8f8,Edge computing reduces latency by processing data closer,agx,5,12.0,ok,agx,1788521662.6561656,279.144,340.866,5
390.554,1,392.075,1788521663.231666,2,b01-o05-agx-c2,8,False,204.018,llama3.2:1b,etri-ser0001-cg0msb,ACTIVE,186.536,d92dfd59-a5f3-4ddd-8258-2dc9324656d7,Edge computing reduces latency by processing data closer,agx,5,12.0,ok,agx,1788521662.8395922,272.972,361.197,5
384.474,1,386.021,1788521663.4137511,2,b01-o05-agx-c2,8,False,181.906,llama3.2:1b,etri-ser0001-cg0msb,ACTIVE,202.568,e6a4a928-4d6c-4cdd-b4e5-1e42cb737346,Edge computing reduces latency by processing data closer,agx,5,12.0,ok,agx,1788521663.0277317,281.512,355.672,5
381.493,1,382.697,1788521663.6143837,2,b01-o05-agx-c2,8,False,200.735,llama3.2:1b,etri-ser0001-cg0msb,ACTIVE,180.758,31beb2c8-3541-4786-a765-3f7c730dcff8,Edge computing reduces latency by processing data closer,agx,5,12.0,ok,agx,1788521663.2316878,281.165,352.773,5
399.16,1,400.711,1788521663.8144896,2,b01-o05-agx-c2,8,False,199.952,llama3.2:1b,etri-ser0001-cg0msb,ACTIVE,199.208,dfa3cd1c-3122-4c98-a7ab-c74bb13ee4ec,Edge computing reduces latency by processing data closer,agx,5,12.0,ok,agx,1788521663.4137797,281.899,370.435,5
398.308,1,399.516,1788521664.0139217,2,b01-o05-agx-c2,8,False,199.377,llama3.2:1b,etri-ser0001-cg0msb,ACTIVE,198.931,7c096fc8-9b80-470f-a2d1-58a5ef86939a,Edge computing reduces latency by processing data closer,agx,5,12.0,ok,agx,1788521663.6144063,280.24,369.414,5
371.581,1,372.784,1788521664.1872952,2,b01-o05-agx-c2,8,False,173.315,llama3.2:1b,etri-ser0001-cg0msb,ACTIVE,198.266,3f6fe422-403b-403b-8c24-916193d3dc72,Edge computing reduces latency by processing data closer,agx,5,12.0,ok,agx,1788521663.814512,281.72,342.761,5
370.445,1,371.555,1788521664.3855028,2,b01-o05-agx-c2,8,False,198.098,llama3.2:1b,etri-ser0001-cg0msb,ACTIVE,172.347,22d2c186-02fc-4cee-b602-78af55ad5a36,Edge computing reduces latency by processing data closer,agx,5,12.0,ok,agx,1788521664.013949,282.965,341.968,5
380.854,1,382.144,1788521664.5694606,2,b01-o05-agx-c2,8,False,184.014,llama3.2:1b,etri-ser0001-cg0msb,ACTIVE,196.841,656ea5d3-56ef-4274-9e1c-2ec276ee487a,Edge computing reduces latency by processing data closer,agx,5,12.0,ok,agx,1788521664.187317,283.066,352.23,5
357.011,1,358.407,1788521664.7439299,2,b01-o05-agx-c2,8,False,174.162,llama3.2:1b,etri-ser0001-cg0msb,ACTIVE,182.849,c921b98b-d1e9-45c6-881a-521146511070,Edge computing reduces latency by processing data closer,agx,5,12.0,ok,agx,1788521664.385524,275.33,327.664,5
360.891,1,362.0,1788521664.9314811,2,b01-o05-agx-c2,8,False,187.613,llama3.2:1b,etri-ser0001-cg0msb,ACTIVE,173.278,2e2b7672-69de-4227-b903-4ed0fda48e32,Edge computing reduces latency by processing data closer,agx,5,12.0,ok,agx,1788521664.569482,282.775,332.238,5
377.636,1,379.103,1788521665.1230555,2,b01-o05-agx-c2,8,False,191.464,llama3.2:1b,etri-ser0001-cg0msb,ACTIVE,186.172,57607b42-be32-4d82-a9de-4efa7fe7709d,Edge computing reduces latency by processing data closer,agx,5,12.0,ok,agx,1788521664.7439532,281.502,348.88,5
377.831,1,379.488,1788521665.31099,2,b01-o05-agx-c2,8,False,187.606,llama3.2:1b,etri-ser0001-cg0msb,ACTIVE,190.225,76da1c8a-15c0-4f83-9b0d-cec9a672c0cd,Edge computing reduces latency by processing data closer,agx,5,12.0,ok,agx,1788521664.931504,282.078,349.083,5
393.316,1,394.952,1788521665.518027,2,b01-o05-agx-c2,8,False,206.963,llama3.2:1b,etri-ser0001-cg0msb,ACTIVE,186.353,670a2e2f-5294-4dd9-8052-4e510c559497,Edge computing reduces latency by processing data closer,agx,5,12.0,ok,agx,1788521665.123077,281.621,364.405,5
403.391,1,405.099,1788521665.716119,2,b01-o05-agx-c2,8,False,198.032,llama3.2:1b,etri-ser0001-cg0msb,ACTIVE,205.359,2a15de84-f991-4299-85cf-85fbb642b245,Edge computing reduces latency by processing data closer,agx,5,12.0,ok,agx,1788521665.311022,278.426,374.093,5
375.838,1,377.518,1788521665.8955743,2,b01-o05-agx-c2,8,False,179.31,llama3.2:1b,etri-ser0001-cg0msb,ACTIVE,196.527,5dd95804-9e50-4a00-9270-7535077009c4,Edge computing reduces latency by processing data closer,agx,5,12.0,ok,agx,1788521665.5180588,279.789,346.719,5
364.252,1,365.822,1788521666.081971,2,b01-o05-agx-c2,8,False,186.486,llama3.2:1b,etri-ser0001-cg0msb,ACTIVE,177.766,a6adedc2-4535-4727-94fe-a705ab69b16f,Edge computing reduces latency by processing data closer,agx,5,12.0,ok,agx,1788521665.7161503,281.047,335.56,5
408.34,1,409.589,1788521666.3051958,2,b01-o05-agx-c2,8,False,223.153,llama3.2:1b,etri-ser0001-cg0msb,ACTIVE,185.187,daf06614-6569-4329-b7d2-438ab741e154,Edge computing reduces latency by processing data closer,agx,5,12.0,ok,agx,1788521665.895608,282.416,379.829,5
402.199,1,403.565,1788521666.4855573,2,b01-o05-agx-c2,8,False,180.374,llama3.2:1b,etri-ser0001-cg0msb,ACTIVE,221.824,d472c6e0-0ead-4fff-b56c-e680299da175,Edge computing reduces latency by processing data closer,agx,5,12.0,ok,agx,1788521666.0819938,282.616,373.703,5
391.561,1,392.876,1788521666.6980908,2,b01-o05-agx-c2,8,False,212.342,llama3.2:1b,etri-ser0001-cg0msb,ACTIVE,179.219,f034eb12-4ab0-4ad4-8109-13048a7ee02b,Edge computing reduces latency by processing data closer,agx,5,12.0,ok,agx,1788521666.3052168,282.815,363.095,5
387.885,1,388.999,1788521666.8745735,2,b01-o05-agx-c2,8,False,176.547,llama3.2:1b,etri-ser0001-cg0msb,ACTIVE,211.338,92c228f6-96ad-445b-9e7f-b07fd55c7623,Edge computing reduces latency by processing data closer,agx,5,12.0,ok,agx,1788521666.4855764,282.875,359.327,5
359.296,1,360.764,1788521667.0588825,2,b01-o05-agx-c2,8,False,184.034,llama3.2:1b,etri-ser0001-cg0msb,ACTIVE,175.261,95e076ff-c085-4dff-9ab7-7656d676b0c5,Edge computing reduces latency by processing data closer,agx,5,12.0,ok,agx,1788521666.69812,273.926,329.588,5
373.067,1,374.411,1788521667.249013,2,b01-o05-agx-c2,8,False,190.048,llama3.2:1b,etri-ser0001-cg0msb,ACTIVE,183.019,312ad504-a1ff-494f-b2c4-81236296c57f,Edge computing reduces latency by processing data closer,agx,5,12.0,ok,agx,1788521666.874604,279.691,343.993,5
370.997,1,372.499,1788521667.431411,2,b01-o05-agx-c2,8,False,182.331,llama3.2:1b,etri-ser0001-cg0msb,ACTIVE,188.665,0f289abe-2361-4935-9f11-48beb605a721,Edge computing reduces latency by processing data closer,agx,5,12.0,ok,agx,1788521667.0589137,281.294,342.223,5
377.624,1,378.879,1788521667.6279218,2,b01-o05-agx-c2,8,False,196.66,llama3.2:1b,etri-ser0001-cg0msb,ACTIVE,180.965,832879f7-a7f2-496e-b498-b47716a343ab,Edge computing reduces latency by processing data closer,agx,5,12.0,ok,agx,1788521667.2490442,282.107,349.035,5
385.599,1,386.999,1788521667.8184402,2,b01-o05-agx-c2,8,False,190.258,llama3.2:1b,etri-ser0001-cg0msb,ACTIVE,195.342,f2499af6-d571-4a11-890e-b88b7d985429,Edge computing reduces latency by processing data closer,agx,5,12.0,ok,agx,1788521667.4314427,282.996,357.103,5
393.585,1,394.742,1788521668.0226874,2,b01-o05-agx-c2,8,False,204.313,llama3.2:1b,etri-ser0001-cg0msb,ACTIVE,189.272,2e7a79ec-ae1d-4739-aec3-1c23afdd4981,Edge computing reduces latency by processing data closer,agx,5,12.0,ok,agx,1788521667.6279469,277.027,364.472,5
399.724,1,401.227,1788521668.2196941,2,b01-o05-agx-c2,8,False,196.842,llama3.2:1b,etri-ser0001-cg0msb,ACTIVE,202.882,b52cce41-01d5-4c9d-8985-1de7e19045ee,Edge computing reduces latency by processing data closer,agx,5,12.0,ok,agx,1788521667.818469,281.175,370.858,5
198.879,1,204.279,1788521671.4290895,1,b01-o06-agx-c1,8,False,198.862,llama3.2:1b,etri-ser0001-cg0msb,ACTIVE,0.017,1870b725-71c5-456e-b6e1-5b31a0a90f5f,Edge computing reduces latency by processing data closer,agx,6,12.0,ok,agx,1788521671.2248108,282.985,170.312,6
178.941,1,180.398,1788521671.609508,1,b01-o06-agx-c1,8,False,178.937,llama3.2:1b,etri-ser0001-cg0msb,ACTIVE,0.004,ba8f9532-f79b-4e59-bf0e-b8fd350ffb5f,Edge computing reduces latency by processing data closer,agx,6,12.0,ok,agx,1788521671.429111,278.251,149.852,6
212.56,1,213.859,1788521671.8233888,1,b01-o06-agx-c1,8,False,212.558,llama3.2:1b,etri-ser0001-cg0msb,ACTIVE,0.002,f5f78f23-b169-4fab-8ca4-b06aae4f76af,Edge computing reduces latency by processing data closer,agx,6,12.0,ok,agx,1788521671.6095304,280.81,183.715,6
194.059,1,195.452,1788521672.018861,1,b01-o06-agx-c1,8,False,194.055,llama3.2:1b,etri-ser0001-cg0msb,ACTIVE,0.004,8c32bef5-9a10-45fa-8e2d-4ab4e436331b,Edge computing reduces latency by processing data closer,agx,6,12.0,ok,agx,1788521671.82341,281.106,165.27,6
225.238,1,226.519,1788521672.2453997,1,b01-o06-agx-c1,8,False,225.236,llama3.2:1b,etri-ser0001-cg0msb,ACTIVE,0.002,22a92566-8fd3-4e67-ab9e-97de33f00493,Edge computing reduces latency by processing data closer,agx,6,12.0,ok,agx,1788521672.0188825,281.165,196.53,6
176.672,1,178.09,1788521672.4235191,1,b01-o06-agx-c1,8,False,176.67,llama3.2:1b,etri-ser0001-cg0msb,ACTIVE,0.002,1ef3cd1f-3dbd-4cc3-89cf-2ce264a545d4,Edge computing reduces latency by processing data closer,agx,6,12.0,ok,agx,1788521672.245432,282.745,148.082,6
211.142,1,212.584,1788521672.6361346,1,b01-o06-agx-c1,8,False,211.139,llama3.2:1b,etri-ser0001-cg0msb,ACTIVE,0.002,54a8764e-8a50-4eaa-99f2-5d838d51995e,Edge computing reduces latency by processing data closer,agx,6,12.0,ok,agx,1788521672.4235518,267.014,181.104,6
244.672,1,245.966,1788521672.8821206,1,b01-o06-agx-c1,8,False,244.669,llama3.2:1b,etri-ser0001-cg0msb,ACTIVE,0.002,80ac1893-b402-4f9a-b28f-1e9523388d4d,Edge computing reduces latency by processing data closer,agx,6,12.0,ok,agx,1788521672.636157,280.82,216.022,6
190.094,1,191.446,1788521673.0735974,1,b01-o06-agx-c1,8,False,190.092,llama3.2:1b,etri-ser0001-cg0msb,ACTIVE,0.002,e12a7f90-51fc-4590-af06-cdd27f4cd387,Edge computing reduces latency by processing data closer,agx,6,12.0,ok,agx,1788521672.8821516,280.85,161.288,6
207.727,1,208.809,1788521673.2824273,1,b01-o06-agx-c1,8,False,207.725,llama3.2:1b,etri-ser0001-cg0msb,ACTIVE,0.002,8c609380-ebe4-44c2-96ca-3349b9b3355e,Edge computing reduces latency by processing data closer,agx,6,12.0,ok,agx,1788521673.0736194,282.586,179.229,6
194.041,1,195.32,1788521673.477767,1,b01-o06-agx-c1,8,False,194.039,llama3.2:1b,etri-ser0001-cg0msb,ACTIVE,0.002,e6b74fe5-8749-4b5e-a087-f15f4aa4f9c4,Edge computing reduces latency by processing data closer,agx,6,12.0,ok,agx,1788521673.2824485,281.918,165.203,6
223.277,1,224.726,1788521673.7025225,1,b01-o06-agx-c1,8,False,223.273,llama3.2:1b,etri-ser0001-cg0msb,ACTIVE,0.004,bb605010-65ef-4e79-aeb3-08eb418d3a98,Edge computing reduces latency by processing data closer,agx,6,12.0,ok,agx,1788521673.4777977,281.65,194.582,6
185.02,1,186.402,1788521673.888945,1,b01-o06-agx-c1,8,False,185.016,llama3.2:1b,etri-ser0001-cg0msb,ACTIVE,0.004,d506f018-34ec-4218-87cc-7b303174a3db,Edge computing reduces latency by processing data closer,agx,6,12.0,ok,agx,1788521673.7025445,282.346,156.26,6
182.724,1,184.277,1788521674.073241,1,b01-o06-agx-c1,8,False,182.72,llama3.2:1b,etri-ser0001-cg0msb,ACTIVE,0.004,fe116370-4119-493a-bde9-77ed768df800,Edge computing reduces latency by processing data closer,agx,6,12.0,ok,agx,1788521673.888966,273.973,152.908,6
244.244,1,245.944,1788521674.3192194,1,b01-o06-agx-c1,8,False,244.239,llama3.2:1b,etri-ser0001-cg0msb,ACTIVE,0.004,b4b5a50a-6869-4ce3-9e54-f974cd262e2c,Edge computing reduces latency by processing data closer,agx,6,12.0,ok,agx,1788521674.0732775,282.316,215.726,6
200.23,1,201.864,1788521674.5211117,1,b01-o06-agx-c1,8,False,200.227,llama3.2:1b,etri-ser0001-cg0msb,ACTIVE,0.003,e0687452-67b1-43c6-a1a3-9adf00579a74,Edge computing reduces latency by processing data closer,agx,6,12.0,ok,agx,1788521674.3192496,281.74,171.543,6
176.37,1,177.883,1788521674.699023,1,b01-o06-agx-c1,8,False,176.367,llama3.2:1b,etri-ser0001-cg0msb,ACTIVE,0.002,b64c509c-88ad-4894-9320-fbe256fcc1d0,Edge computing reduces latency by processing data closer,agx,6,12.0,ok,agx,1788521674.5211422,274.207,147.123,6
189.846,1,191.363,1788521674.8904157,1,b01-o06-agx-c1,8,False,189.844,llama3.2:1b,etri-ser0001-cg0msb,ACTIVE,0.002,a22f68df-2fdf-4150-a3b4-6c5645764cf2,Edge computing reduces latency by processing data closer,agx,6,12.0,ok,agx,1788521674.6990545,282.456,161.277,6
187.159,1,188.751,1788521675.0791972,1,b01-o06-agx-c1,8,False,187.156,llama3.2:1b,etri-ser0001-cg0msb,ACTIVE,0.004,503ee19c-7fe5-4528-b3b3-e4722571e31e,Edge computing reduces latency by processing data closer,agx,6,12.0,ok,agx,1788521674.8904471,282.546,158.52,6
242.178,1,243.4,1788521675.3226185,1,b01-o06-agx-c1,8,False,242.174,llama3.2:1b,etri-ser0001-cg0msb,ACTIVE,0.004,314b7e3d-0267-4a2b-920e-48e646d85761,Edge computing reduces latency by processing data closer,agx,6,12.0,ok,agx,1788521675.0792189,282.546,213.749,6
188.217,1,189.204,1788521675.5118434,1,b01-o06-agx-c1,8,False,188.215,llama3.2:1b,etri-ser0001-cg0msb,ACTIVE,0.002,4892447e-8940-4b45-832f-d0625459c508,Edge computing reduces latency by processing data closer,agx,6,12.0,ok,agx,1788521675.3226404,278.658,159.193,6
181.627,1,183.018,1788521675.694881,1,b01-o06-agx-c1,8,False,181.622,llama3.2:1b,etri-ser0001-cg0msb,ACTIVE,0.004,45018849-1949-43da-a98c-e8905dc242dc,Edge computing reduces latency by processing data closer,agx,6,12.0,ok,agx,1788521675.5118647,276.234,152.429,6
202.403,1,204.044,1788521675.8989525,1,b01-o06-agx-c1,8,False,202.4,llama3.2:1b,etri-ser0001-cg0msb,ACTIVE,0.002,6412fa2a-1fb0-4e34-a72a-10d3c5be3064,Edge computing reduces latency by processing data closer,agx,6,12.0,ok,agx,1788521675.6949105,277.913,173.222,6
186.198,1,187.697,1788521676.0866807,1,b01-o06-agx-c1,8,False,186.194,llama3.2:1b,etri-ser0001-cg0msb,ACTIVE,0.004,a5051f0f-3274-47dd-8b90-6ee815c83195,Edge computing reduces latency by processing data closer,agx,6,12.0,ok,agx,1788521675.8989856,282.715,157.574,6
199.059,1,200.533,1788521676.2872453,1,b01-o06-agx-c1,8,False,199.055,llama3.2:1b,etri-ser0001-cg0msb,ACTIVE,0.004,2316e8cf-5b1c-4698-b0f6-346baabeeb5c,Edge computing reduces latency by processing data closer,agx,6,12.0,ok,agx,1788521676.0867126,280.574,170.295,6
186.902,1,188.131,1788521676.4753969,1,b01-o06-agx-c1,8,False,186.899,llama3.2:1b,etri-ser0001-cg0msb,ACTIVE,0.002,a7501a88-c2a8-4210-a140-1e55c22f000f,Edge computing reduces latency by processing data closer,agx,6,12.0,ok,agx,1788521676.287267,281.948,158.36,6
185.57,1,186.846,1788521676.6622615,1,b01-o06-agx-c1,8,False,185.567,llama3.2:1b,etri-ser0001-cg0msb,ACTIVE,0.002,7ae69f03-ca15-4bd2-87ce-1bdbce83fad0,Edge computing reduces latency by processing data closer,agx,6,12.0,ok,agx,1788521676.4754174,279.975,156.552,6
204.893,1,206.632,1788521676.868922,1,b01-o06-agx-c1,8,False,204.89,llama3.2:1b,etri-ser0001-cg0msb,ACTIVE,0.004,b806bc2c-1c0a-4d1a-be30-15903c1c55ef,Edge computing reduces latency by processing data closer,agx,6,12.0,ok,agx,1788521676.662292,281.175,176.275,6
213.453,1,215.05,1788521677.0840058,1,b01-o06-agx-c1,8,False,213.45,llama3.2:1b,etri-ser0001-cg0msb,ACTIVE,0.003,3f6bf71e-ee52-4541-b3ed-fc2f11fedabf,Edge computing reduces latency by processing data closer,agx,6,12.0,ok,agx,1788521676.868958,280.318,184.468,6
177.58,1,179.072,1788521677.2631123,1,b01-o06-agx-c1,8,False,177.576,llama3.2:1b,etri-ser0001-cg0msb,ACTIVE,0.004,f9958c9b-3d56-4fd9-8cfc-77de6c7c26a4,Edge computing reduces latency by processing data closer,agx,6,12.0,ok,agx,1788521677.0840404,280.495,148.708,6
195.608,1,196.909,1788521677.460042,1,b01-o06-agx-c1,8,False,195.606,llama3.2:1b,etri-ser0001-cg0msb,ACTIVE,0.002,9eb67c8e-c9a7-474a-89f0-a945bf7c5eaf,Edge computing reduces latency by processing data closer,agx,6,12.0,ok,agx,1788521677.2631342,278.009,166.493,6
202.582,1,203.999,1788521677.6640637,1,b01-o06-agx-c1,8,False,202.579,llama3.2:1b,etri-ser0001-cg0msb,ACTIVE,0.004,f0248e33-b8b7-44da-9c6a-6e7443c3876b,Edge computing reduces latency by processing data closer,agx,6,12.0,ok,agx,1788521677.4600656,279.662,173.754,6
177.423,1,178.935,1788521677.8430185,1,b01-o06-agx-c1,8,False,177.42,llama3.2:1b,etri-ser0001-cg0msb,ACTIVE,0.004,3ebd1779-7869-4645-8430-0ecbe5338bf9,Edge computing reduces latency by processing data closer,agx,6,12.0,ok,agx,1788521677.664086,282.078,148.81,6
181.345,1,183.109,1788521678.0261564,1,b01-o06-agx-c1,8,False,181.341,llama3.2:1b,etri-ser0001-cg0msb,ACTIVE,0.004,da202064-467f-4a64-a362-9d6ca40ba621,Edge computing reduces latency by processing data closer,agx,6,12.0,ok,agx,1788521677.8430498,281.007,152.594,6
198.859,1,200.419,1788521678.226605,1,b01-o06-agx-c1,8,False,198.855,llama3.2:1b,etri-ser0001-cg0msb,ACTIVE,0.004,b4469b02-d998-4d2b-8a9d-7e737cc8aec4,Edge computing reduces latency by processing data closer,agx,6,12.0,ok,agx,1788521678.0261877,280.978,170.025,6
174.586,1,176.14,1788521678.4027753,1,b01-o06-agx-c1,8,False,174.582,llama3.2:1b,etri-ser0001-cg0msb,ACTIVE,0.004,bc43309e-f005-492a-a217-98eddc8dbf5a,Edge computing reduces latency by processing data closer,agx,6,12.0,ok,agx,1788521678.226637,283.176,145.94,6
194.063,1,195.681,1788521678.5984862,1,b01-o06-agx-c1,8,False,194.059,llama3.2:1b,etri-ser0001-cg0msb,ACTIVE,0.004,8220627b-178d-49a7-8533-d2a9d58c9232,Edge computing reduces latency by processing data closer,agx,6,12.0,ok,agx,1788521678.402807,273.261,164.664,6
188.055,1,189.723,1788521678.7882407,1,b01-o06-agx-c1,8,False,188.051,llama3.2:1b,etri-ser0001-cg0msb,ACTIVE,0.004,8ec3c182-1343-4196-99a8-715fad5329c3,Edge computing reduces latency by processing data closer,agx,6,12.0,ok,agx,1788521678.5985184,280.948,159.281,6
185.425,1,186.893,1788521678.9751546,1,b01-o06-agx-c1,8,False,185.422,llama3.2:1b,etri-ser0001-cg0msb,ACTIVE,0.003,d9ae4b11-d8d5-4637-8fe1-a7dc69b6d2f4,Edge computing reduces latency by processing data closer,agx,6,12.0,ok,agx,1788521678.7882633,281.76,156.657,6
207.939,1,209.176,1788521679.1843603,1,b01-o06-agx-c1,8,False,207.937,llama3.2:1b,etri-ser0001-cg0msb,ACTIVE,0.002,b081c527-2d88-4c22-9af5-c4305c15c944,Edge computing reduces latency by processing data closer,agx,6,12.0,ok,agx,1788521678.9751847,282.556,179.368,6
189.48,1,190.924,1788521679.3753035,1,b01-o06-agx-c1,8,False,189.476,llama3.2:1b,etri-ser0001-cg0msb,ACTIVE,0.004,435b9198-5852-45f8-9c78-14e9681b4ded,Edge computing reduces latency by processing data closer,agx,6,12.0,ok,agx,1788521679.1843808,280.063,160.65,6
182.327,1,183.644,1788521679.5589678,1,b01-o06-agx-c1,8,False,182.325,llama3.2:1b,etri-ser0001-cg0msb,ACTIVE,0.002,da7ec979-ce29-4ff2-b478-b537ed777dd2,Edge computing reduces latency by processing data closer,agx,6,12.0,ok,agx,1788521679.375325,282.996,153.6,6
225.878,1,227.444,1788521679.7864325,1,b01-o06-agx-c1,8,False,225.875,llama3.2:1b,etri-ser0001-cg0msb,ACTIVE,0.004,36ce3a0e-c2e4-4122-980c-6099c18e41f3,Edge computing reduces latency by processing data closer,agx,6,12.0,ok,agx,1788521679.558991,281.225,197.128,6
206.608,1,208.012,1788521679.9944763,1,b01-o06-agx-c1,8,False,206.605,llama3.2:1b,etri-ser0001-cg0msb,ACTIVE,0.002,85b2829a-e522-4dc9-ae8f-cf087225a16b,Edge computing reduces latency by processing data closer,agx,6,12.0,ok,agx,1788521679.7864656,282.895,177.965,6
185.322,1,186.537,1788521680.1810331,1,b01-o06-agx-c1,8,False,185.32,llama3.2:1b,etri-ser0001-cg0msb,ACTIVE,0.002,f3c3d5b9-1d43-499b-ba3c-0dc8a88be793,Edge computing reduces latency by processing data closer,agx,6,12.0,ok,agx,1788521679.9944973,282.705,156.767,6
181.123,1,182.717,1788521680.36377,1,b01-o06-agx-c1,8,False,181.121,llama3.2:1b,etri-ser0001-cg0msb,ACTIVE,0.002,20374e9e-df6a-4d74-8644-bf4f5904cfc0,Edge computing reduces latency by processing data closer,agx,6,12.0,ok,agx,1788521680.1810548,282.955,152.403,6
194.004,1,195.466,1788521680.5592666,1,b01-o06-agx-c1,8,False,194.001,llama3.2:1b,etri-ser0001-cg0msb,ACTIVE,0.004,48dcbd6b-963f-4dec-b4b1-f65c58a73ee6,Edge computing reduces latency by processing data closer,agx,6,12.0,ok,agx,1788521680.3638017,282.696,165.315,6
174.18,1,175.473,1788521680.7347603,1,b01-o06-agx-c1,8,False,174.178,llama3.2:1b,etri-ser0001-cg0msb,ACTIVE,0.002,3e40186e-0696-46bf-9bf5-468c21dbb008,Edge computing reduces latency by processing data closer,agx,6,12.0,ok,agx,1788521680.5592878,283.026,145.505,6
180.053,1,181.651,1788521680.9164338,1,b01-o06-agx-c1,8,False,180.051,llama3.2:1b,etri-ser0001-cg0msb,ACTIVE,0.002,89577c6f-c5d3-4652-af90-34e5e7fd68a0,Edge computing reduces latency by processing data closer,agx,6,12.0,ok,agx,1788521680.7347846,281.106,151.235,6
194.12,1,195.424,1788521681.111889,1,b01-o06-agx-c1,8,False,194.118,llama3.2:1b,etri-ser0001-cg0msb,ACTIVE,0.002,ab8662c3-8a76-489e-949f-d9fa87b6a747,Edge computing reduces latency by processing data closer,agx,6,12.0,ok,agx,1788521680.9164655,279.037,165.314,6
197.927,1,199.348,1788521681.3112576,1,b01-o06-agx-c1,8,False,197.924,llama3.2:1b,etri-ser0001-cg0msb,ACTIVE,0.002,abf5ca38-8757-4d25-a24b-772499cd90d2,Edge computing reduces latency by processing data closer,agx,6,12.0,ok,agx,1788521681.1119103,280.446,169.112,6
183.98,1,185.484,1788521681.496761,1,b01-o06-agx-c1,8,False,183.976,llama3.2:1b,etri-ser0001-cg0msb,ACTIVE,0.004,08e84f56-6d21-4728-ab7f-0d760350be10,Edge computing reduces latency by processing data closer,agx,6,12.0,ok,agx,1788521681.3112793,281.156,155.026,6
191.013,1,192.643,1788521681.6894352,1,b01-o06-agx-c1,8,False,191.009,llama3.2:1b,etri-ser0001-cg0msb,ACTIVE,0.004,97806503-d929-43c1-87f4-a423048ce9b7,Edge computing reduces latency by processing data closer,agx,6,12.0,ok,agx,1788521681.4967942,282.187,162.196,6
182.806,1,184.39,1788521681.873855,1,b01-o06-agx-c1,8,False,182.802,llama3.2:1b,etri-ser0001-cg0msb,ACTIVE,0.004,c88331a4-457b-45d7-9871-20da37bc4932,Edge computing reduces latency by processing data closer,agx,6,12.0,ok,agx,1788521681.6894674,278.717,153.762,6
187.764,1,189.393,1788521682.0632772,1,b01-o06-agx-c1,8,False,187.76,llama3.2:1b,etri-ser0001-cg0msb,ACTIVE,0.004,5e6c7043-960c-4c72-9442-27002e9058b8,Edge computing reduces latency by processing data closer,agx,6,12.0,ok,agx,1788521681.8738863,278.668,158.599,6
193.287,1,194.89,1788521682.2581966,1,b01-o06-agx-c1,8,False,193.284,llama3.2:1b,etri-ser0001-cg0msb,ACTIVE,0.004,2e034fcd-0ee5-490d-bd3b-e237bae9f9ce,Edge computing reduces latency by processing data closer,agx,6,12.0,ok,agx,1788521682.0633082,282.666,164.681,6
206.096,1,207.738,1788521682.4659648,1,b01-o06-agx-c1,8,False,206.092,llama3.2:1b,etri-ser0001-cg0msb,ACTIVE,0.004,457fc260-e898-42a9-be48-888970b3421a,Edge computing reduces latency by processing data closer,agx,6,12.0,ok,agx,1788521682.2582288,278.989,177.266,6
197.178,1,198.569,1788521682.664563,1,b01-o06-agx-c1,8,False,197.175,llama3.2:1b,etri-ser0001-cg0msb,ACTIVE,0.003,99ba55df-614f-4ba5-b286-cf555a333258,Edge computing reduces latency by processing data closer,agx,6,12.0,ok,agx,1788521682.4659958,274.942,168.024,6
190.682,1,192.277,1788521682.856869,1,b01-o06-agx-c1,8,False,190.679,llama3.2:1b,etri-ser0001-cg0msb,ACTIVE,0.004,92e3be84-3e4a-446b-aa9b-70c62a0dbf2d,Edge computing reduces latency by processing data closer,agx,6,12.0,ok,agx,1788521682.6645942,281.819,161.672,6
181.292,1,182.783,1788521683.0396857,1,b01-o06-agx-c1,8,False,181.288,llama3.2:1b,etri-ser0001-cg0msb,ACTIVE,0.004,ec1fe799-70e9-480d-82fd-cb2928a6e7c0,Edge computing reduces latency by processing data closer,agx,6,12.0,ok,agx,1788521682.8569038,280.534,152.52,6
196.002,1,197.528,1788521683.2372355,1,b01-o06-agx-c1,8,False,195.998,llama3.2:1b,etri-ser0001-cg0msb,ACTIVE,0.004,6e64b639-426a-4d51-986f-016c3ca6f946,Edge computing reduces latency by processing data closer,agx,6,12.0,ok,agx,1788521683.0397084,282.406,167.2,6
211.358,2,220.658,1788521686.4649315,4,b02-o01-agx-c4,8,False,211.346,llama3.2:1b,etri-ser0001-cg0msb,ACTIVE,0.013,857f4bcd-bf66-47af-9d58-d4b2dc7bd1de,Edge computing reduces latency by processing data closer,agx,7,12.0,ok,agx,1788521686.2442749,279.096,182.369,1
389.139,2,399.117,1788521686.644327,4,b02-o01-agx-c4,8,False,179.298,llama3.2:1b,etri-ser0001-cg0msb,ACTIVE,209.841,266f78e9-434f-4f07-b7f8-4458647f89d7,Edge computing reduces latency by processing data closer,agx,7,12.0,ok,agx,1788521686.2452118,276.73,359.889,1
568.697,2,581.119,1788521686.8272538,4,b02-o01-agx-c4,8,False,182.842,llama3.2:1b,etri-ser0001-cg0msb,ACTIVE,385.856,bdfd4bd5-1fb4-46b3-b3db-a6391d99e760,Edge computing reduces latency by processing data closer,agx,7,12.0,ok,agx,1788521686.2461357,265.428,538.253,1
750.32,2,765.626,1788521687.009017,4,b02-o01-agx-c4,8,False,181.669,llama3.2:1b,etri-ser0001-cg0msb,ACTIVE,568.651,29f3a536-be6a-40cc-bfc6-49d281f110b2,Edge computing reduces latency by processing data closer,agx,7,12.0,ok,agx,1788521686.2433918,281.442,721.589,1
723.215,2,724.86,1788521687.1898208,4,b02-o01-agx-c4,8,False,180.787,llama3.2:1b,etri-ser0001-cg0msb,ACTIVE,542.428,19ea3ed0-e7d0-4bee-b02d-fb6e14008743,Edge computing reduces latency by processing data closer,agx,7,12.0,ok,agx,1788521686.4649625,277.816,694.113,1
744.61,2,745.974,1788521687.3903322,4,b02-o01-agx-c4,8,False,200.683,llama3.2:1b,etri-ser0001-cg0msb,ACTIVE,543.926,36cdb2a6-6e7d-4bab-8654-567a36031ea2,Edge computing reduces latency by processing data closer,agx,7,12.0,ok,agx,1788521686.6443589,281.958,715.871,1
758.113,2,759.831,1788521687.5871146,4,b02-o01-agx-c4,8,False,196.401,llama3.2:1b,etri-ser0001-cg0msb,ACTIVE,561.712,0c9bcf97-4134-4824-9c32-a9929dbe600a,Edge computing reduces latency by processing data closer,agx,7,12.0,ok,agx,1788521686.8272855,259.454,727.093,1
763.11,2,764.453,1788521687.7734997,4,b02-o01-agx-c4,8,False,186.502,llama3.2:1b,etri-ser0001-cg0msb,ACTIVE,576.608,da977d3a-84d5-4b2b-9f9e-80d54a168e7e,Edge computing reduces latency by processing data closer,agx,7,12.0,ok,agx,1788521687.0090473,283.146,734.642,1
766.057,2,767.477,1788521687.957326,4,b02-o01-agx-c4,8,False,183.578,llama3.2:1b,etri-ser0001-cg0msb,ACTIVE,582.479,2de5c0c6-6902-46b8-bc74-42d6a32c587f,Edge computing reduces latency by processing data closer,agx,7,12.0,ok,agx,1788521687.189851,281.452,737.233,1
753.319,2,754.771,1788521688.1451192,4,b02-o01-agx-c4,8,False,187.756,llama3.2:1b,etri-ser0001-cg0msb,ACTIVE,565.562,533502b3-97c5-4073-9ad1-c03665c4b924,Edge computing reduces latency by processing data closer,agx,7,12.0,ok,agx,1788521687.3903503,280.367,724.355,1
731.452,2,732.929,1788521688.3200717,4,b02-o01-agx-c4,8,False,174.865,llama3.2:1b,etri-ser0001-cg0msb,ACTIVE,556.586,7b0a0744-14d8-4136-8765-c9d9298f1e03,Edge computing reduces latency by processing data closer,agx,7,12.0,ok,agx,1788521687.5871449,281.195,702.654,1
716.73,2,718.014,1788521688.4915335,4,b02-o01-agx-c4,8,False,171.51,llama3.2:1b,etri-ser0001-cg0msb,ACTIVE,545.221,c0cbcf11-9925-4786-84c1-d36d1f1f7b49,Edge computing reduces latency by processing data closer,agx,7,12.0,ok,agx,1788521687.7735207,282.865,687.991,1
712.102,2,713.539,1788521688.6708944,4,b02-o01-agx-c4,8,False,179.17,llama3.2:1b,etri-ser0001-cg0msb,ACTIVE,532.932,f720f8b1-7dc2-47fc-bb40-72358d3f8b72,Edge computing reduces latency by processing data closer,agx,7,12.0,ok,agx,1788521687.9573574,281.482,683.398,1
717.48,2,718.996,1788521688.864146,4,b02-o01-agx-c4,8,False,193.296,llama3.2:1b,etri-ser0001-cg0msb,ACTIVE,524.184,b9ab70c5-1581-48ea-88a8-5221e04309ba,Edge computing reduces latency by processing data closer,agx,7,12.0,ok,agx,1788521688.1451504,282.895,688.991,1
728.901,2,730.386,1788521689.0504878,4,b02-o01-agx-c4,8,False,186.265,llama3.2:1b,etri-ser0001-cg0msb,ACTIVE,542.636,da18dafd-3d56-406c-a045-56fb560cd7ea,Edge computing reduces latency by processing data closer,agx,7,12.0,ok,agx,1788521688.3201027,281.067,700.037,1
747.174,2,748.668,1788521689.2402217,4,b02-o01-agx-c4,8,False,189.517,llama3.2:1b,etri-ser0001-cg0msb,ACTIVE,557.657,ec35c9f1-8507-4c98-8843-8bd1ba4f6307,Edge computing reduces latency by processing data closer,agx,7,12.0,ok,agx,1788521688.4915557,281.334,718.369,1
749.257,2,750.606,1788521689.4215415,4,b02-o01-agx-c4,8,False,181.411,llama3.2:1b,etri-ser0001-cg0msb,ACTIVE,567.845,145bcd0c-7b06-4787-bd3f-8f2ecacc9a4b,Edge computing reduces latency by processing data closer,agx,7,12.0,ok,agx,1788521688.6709368,278.28,720.153,1
748.085,2,749.77,1788521689.6139355,4,b02-o01-agx-c4,8,False,192.092,llama3.2:1b,etri-ser0001-cg0msb,ACTIVE,555.993,cbf6218b-f26c-441c-b2ff-6314f35498ef,Edge computing reduces latency by processing data closer,agx,7,12.0,ok,agx,1788521688.8641677,274.076,718.568,1
755.888,2,757.611,1788521689.808119,4,b02-o01-agx-c4,8,False,194.122,llama3.2:1b,etri-ser0001-cg0msb,ACTIVE,561.765,72168bea-69cc-4024-acca-e0668604d215,Edge computing reduces latency by processing data closer,agx,7,12.0,ok,agx,1788521689.050511,281.809,726.976,1
764.463,2,765.875,1788521690.0061264,4,b02-o01-agx-c4,8,False,197.967,llama3.2:1b,etri-ser0001-cg0msb,ACTIVE,566.496,d3bd3257-f78a-4d1c-830c-e93ff71a31cd,Edge computing reduces latency by processing data closer,agx,7,12.0,ok,agx,1788521689.2402523,282.945,735.794,1
766.401,2,767.747,1788521690.1893177,4,b02-o01-agx-c4,8,False,183.255,llama3.2:1b,etri-ser0001-cg0msb,ACTIVE,583.145,ab6ea236-c28b-4890-a1bd-87b9bc06343b,Edge computing reduces latency by processing data closer,agx,7,12.0,ok,agx,1788521689.4215732,282.815,737.602,1
751.941,2,753.595,1788521690.3675597,4,b02-o01-agx-c4,8,False,177.882,llama3.2:1b,etri-ser0001-cg0msb,ACTIVE,574.059,91caba68-cde4-4a9b-be29-a9423e6ec8ad,Edge computing reduces latency by processing data closer,agx,7,12.0,ok,agx,1788521689.6139672,282.107,723.15,1
756.868,2,758.464,1788521690.5666144,4,b02-o01-agx-c4,8,False,199.081,llama3.2:1b,etri-ser0001-cg0msb,ACTIVE,557.787,757be297-cf71-4827-b8be-728e5efa43c4,Edge computing reduces latency by processing data closer,agx,7,12.0,ok,agx,1788521689.8081517,282.705,728.286,1
748.441,2,749.89,1788521690.7560375,4,b02-o01-agx-c4,8,False,189.391,llama3.2:1b,etri-ser0001-cg0msb,ACTIVE,559.05,9fdec204-f420-4814-80d9-fa19c6cadc6c,Edge computing reduces latency by processing data closer,agx,7,12.0,ok,agx,1788521690.0061476,282.306,719.889,1
744.583,2,746.066,1788521690.935412,4,b02-o01-agx-c4,8,False,179.374,llama3.2:1b,etri-ser0001-cg0msb,ACTIVE,565.209,b3bbb82b-35d0-4584-b3ca-9c7e32d80c22,Edge computing reduces latency by processing data closer,agx,7,12.0,ok,agx,1788521690.1893475,281.423,715.919,1
750.951,2,752.554,1788521691.120143,4,b02-o01-agx-c4,8,False,184.459,llama3.2:1b,etri-ser0001-cg0msb,ACTIVE,566.491,77965ce6-a1fd-4b2d-ba73-f6f56f80bbba,Edge computing reduces latency by processing data closer,agx,7,12.0,ok,agx,1788521690.3675907,282.975,722.199,1
742.334,2,743.524,1788521691.3101652,4,b02-o01-agx-c4,8,False,189.929,llama3.2:1b,etri-ser0001-cg0msb,ACTIVE,552.404,f4ee9cbf-067c-4016-a69e-5a08b3f3f272,Edge computing reduces latency by processing data closer,agx,7,12.0,ok,agx,1788521690.5666432,283.136,713.666,1
743.29,2,744.663,1788521691.5007188,4,b02-o01-agx-c4,8,False,190.43,llama3.2:1b,etri-ser0001-cg0msb,ACTIVE,552.861,3b98a534-4e1f-4d74-a2da-8cc51ca662df,Edge computing reduces latency by processing data closer,agx,7,12.0,ok,agx,1788521690.7560577,282.137,714.753,1
743.447,2,745.035,1788521691.6804776,4,b02-o01-agx-c4,8,False,179.812,llama3.2:1b,etri-ser0001-cg0msb,ACTIVE,563.635,12247c19-0ed7-4647-8ab2-bba37266f611,Edge computing reduces latency by processing data closer,agx,7,12.0,ok,agx,1788521690.9354439,282.536,714.693,1
740.883,2,742.491,1788521691.862664,4,b02-o01-agx-c4,8,False,182.056,llama3.2:1b,etri-ser0001-cg0msb,ACTIVE,558.827,8d4e7688-0d50-4a93-b009-2a3638fc75e4,Edge computing reduces latency by processing data closer,agx,7,12.0,ok,agx,1788521691.1201744,269.824,711.081,1
727.391,2,728.819,1788521692.0390136,4,b02-o01-agx-c4,8,False,176.393,llama3.2:1b,etri-ser0001-cg0msb,ACTIVE,550.998,83b69866-3bd5-40e9-8af4-ca45e8215d80,Edge computing reduces latency by processing data closer,agx,7,12.0,ok,agx,1788521691.3101957,280.643,698.736,1
724.556,2,726.114,1788521692.226863,4,b02-o01-agx-c4,8,False,187.652,llama3.2:1b,etri-ser0001-cg0msb,ACTIVE,536.905,f0d5fa3c-ee10-42e9-aa3d-bb1654fc0b11,Edge computing reduces latency by processing data closer,agx,7,12.0,ok,agx,1788521691.5007508,278.921,695.515,1
739.541,2,740.959,1788521692.4214635,4,b02-o01-agx-c4,8,False,194.434,llama3.2:1b,etri-ser0001-cg0msb,ACTIVE,545.107,d57a9ee1-9ed8-4765-a45e-e2379bbe7cf8,Edge computing reduces latency by processing data closer,agx,7,12.0,ok,agx,1788521691.6805065,282.765,710.862,1
758.744,2,760.497,1788521692.6231914,4,b02-o01-agx-c4,8,False,201.655,llama3.2:1b,etri-ser0001-cg0msb,ACTIVE,557.089,b7f52c44-5b89-43c1-8895-7e8dbcdb9760,Edge computing reduces latency by processing data closer,agx,7,12.0,ok,agx,1788521691.862695,282.546,730.224,1
763.509,2,764.837,1788521692.8038695,4,b02-o01-agx-c4,8,False,180.657,llama3.2:1b,etri-ser0001-cg0msb,ACTIVE,582.852,890b5abe-635a-44d2-957d-8f030e5290f2,Edge computing reduces latency by processing data closer,agx,7,12.0,ok,agx,1788521692.0390346,282.755,734.737,1
785.935,2,787.457,1788521693.0143507,4,b02-o01-agx-c4,8,False,210.486,llama3.2:1b,etri-ser0001-cg0msb,ACTIVE,575.45,1fa9373c-5248-443d-9462-cc5924daf96f,Edge computing reduces latency by processing data closer,agx,7,12.0,ok,agx,1788521692.226896,282.596,757.212,1
774.821,2,776.386,1788521693.1978788,4,b02-o01-agx-c4,8,False,183.307,llama3.2:1b,etri-ser0001-cg0msb,ACTIVE,591.514,f79eeb5d-07c4-4039-9493-4d8b1369dfcb,Edge computing reduces latency by processing data closer,agx,7,12.0,ok,agx,1788521692.4214952,281.225,746.087,1
771.952,2,773.08,1788521693.3962915,4,b02-o01-agx-c4,8,False,198.465,llama3.2:1b,etri-ser0001-cg0msb,ACTIVE,573.488,bcda4ad1-d341-40bf-b9a5-3b85ad217d69,Edge computing reduces latency by processing data closer,agx,7,12.0,ok,agx,1788521692.6232133,281.889,743.199,1
790.431,2,791.927,1788521693.5958264,4,b02-o01-agx-c4,8,False,199.409,llama3.2:1b,etri-ser0001-cg0msb,ACTIVE,591.023,dfa5dcfc-8e52-4f7c-9de3-85441ebb1d13,Edge computing reduces latency by processing data closer,agx,7,12.0,ok,agx,1788521692.8039005,277.018,761.353,1
774.854,2,776.087,1788521693.79047,4,b02-o01-agx-c4,8,False,194.67,llama3.2:1b,etri-ser0001-cg0msb,ACTIVE,580.183,43bc0aa0-a60d-412b-802f-b97323c87afe,Edge computing reduces latency by processing data closer,agx,7,12.0,ok,agx,1788521693.0143838,282.277,746.252,1
771.379,2,772.993,1788521693.9709017,4,b02-o01-agx-c4,8,False,180.143,llama3.2:1b,etri-ser0001-cg0msb,ACTIVE,591.236,075259b7-1178-4eea-87ae-00e717da7e24,Edge computing reduces latency by processing data closer,agx,7,12.0,ok,agx,1788521693.1979103,282.795,742.738,1
766.873,2,768.055,1788521694.1643698,4,b02-o01-agx-c4,8,False,193.584,llama3.2:1b,etri-ser0001-cg0msb,ACTIVE,573.289,2aa450ae-b34e-416c-9ab9-190cd50edb9d,Edge computing reduces latency by processing data closer,agx,7,12.0,ok,agx,1788521693.396316,282.366,738.144,1
755.342,2,756.741,1788521694.352589,4,b02-o01-agx-c4,8,False,188.059,llama3.2:1b,etri-ser0001-cg0msb,ACTIVE,567.283,160cd080-c32c-479f-97e6-95bdfd9c86bb,Edge computing reduces latency by processing data closer,agx,7,12.0,ok,agx,1788521693.5958486,281.482,726.532,1
761.293,2,762.563,1788521694.553052,4,b02-o01-agx-c4,8,False,200.263,llama3.2:1b,etri-ser0001-cg0msb,ACTIVE,561.03,3cf8f5f3-0b45-4422-be61-27c8072f7f1f,Edge computing reduces latency by processing data closer,agx,7,12.0,ok,agx,1788521693.7904909,273.056,731.566,1
754.808,2,756.111,1788521694.727049,4,b02-o01-agx-c4,8,False,174.075,llama3.2:1b,etri-ser0001-cg0msb,ACTIVE,580.733,6e2e0b31-b3a8-4880-a8e7-474f82cd1d3e,Edge computing reduces latency by processing data closer,agx,7,12.0,ok,agx,1788521693.9709384,281.442,726.172,1
758.014,2,759.618,1788521694.9240074,4,b02-o01-agx-c4,8,False,196.701,llama3.2:1b,etri-ser0001-cg0msb,ACTIVE,561.313,114363ba-f2b4-47bf-886f-4443af96b394,Edge computing reduces latency by processing data closer,agx,7,12.0,ok,agx,1788521694.1643913,281.324,729.127,1
763.724,2,764.997,1788521695.1176052,4,b02-o01-agx-c4,8,False,193.45,llama3.2:1b,etri-ser0001-cg0msb,ACTIVE,570.273,f91501f7-1b4f-4ce1-afc9-ebee51cd42c5,Edge computing reduces latency by processing data closer,agx,7,12.0,ok,agx,1788521694.3526099,281.938,735.029,1
755.285,2,756.882,1788521695.3099635,4,b02-o01-agx-c4,8,False,192.437,llama3.2:1b,etri-ser0001-cg0msb,ACTIVE,562.849,cb80e2ac-b18b-4a0f-827b-814da9efa497,Edge computing reduces latency by processing data closer,agx,7,12.0,ok,agx,1788521694.5530822,281.472,726.569,1
765.012,2,766.36,1788521695.4934297,4,b02-o01-agx-c4,8,False,183.472,llama3.2:1b,etri-ser0001-cg0msb,ACTIVE,581.539,d672f1ca-aaf3-45d6-8d97-7f784ca4f4b6,Edge computing reduces latency by processing data closer,agx,7,12.0,ok,agx,1788521694.72707,283.026,736.414,1
764.803,2,766.225,1788521695.690262,4,b02-o01-agx-c4,8,False,196.747,llama3.2:1b,etri-ser0001-cg0msb,ACTIVE,568.056,ae6ef96e-7de6-433b-b98c-6b8575f2b642,Edge computing reduces latency by processing data closer,agx,7,12.0,ok,agx,1788521694.9240377,282.596,736.183,1
775.262,2,776.772,1788521695.8944085,4,b02-o01-agx-c4,8,False,203.921,llama3.2:1b,etri-ser0001-cg0msb,ACTIVE,571.341,0ed431e8-3ebc-4a3b-958f-e44a602cc7dd,Edge computing reduces latency by processing data closer,agx,7,12.0,ok,agx,1788521695.1176379,281.829,746.467,1
774.201,2,775.766,1788521696.085749,4,b02-o01-agx-c4,8,False,191.198,llama3.2:1b,etri-ser0001-cg0msb,ACTIVE,583.004,2b5ba31c-d38d-461d-8d7a-68acb5459006,Edge computing reduces latency by processing data closer,agx,7,12.0,ok,agx,1788521695.309985,282.038,745.473,1
790.691,2,792.071,1788521696.2855203,4,b02-o01-agx-c4,8,False,199.686,llama3.2:1b,etri-ser0001-cg0msb,ACTIVE,591.005,d253f400-08da-4eae-862f-4a38cc4c15db,Edge computing reduces latency by processing data closer,agx,7,12.0,ok,agx,1788521695.4934516,279.339,761.683,1
767.848,2,769.055,1788521696.459337,4,b02-o01-agx-c4,8,False,173.854,llama3.2:1b,etri-ser0001-cg0msb,ACTIVE,593.994,71f87eab-7ba1-4866-8805-38ecc8fbbef7,Edge computing reduces latency by processing data closer,agx,7,12.0,ok,agx,1788521695.6902833,279.867,739.145,1
780.545,2,781.921,1788521696.6763554,4,b02-o01-agx-c4,8,False,216.768,llama3.2:1b,etri-ser0001-cg0msb,ACTIVE,563.777,2d4b8aeb-b75b-4eea-8030-e93e77e5d6fe,Edge computing reduces latency by processing data closer,agx,7,12.0,ok,agx,1788521695.894436,282.666,751.901,1
776.353,2,778.141,1788521696.863919,4,b02-o01-agx-c4,8,False,187.472,llama3.2:1b,etri-ser0001-cg0msb,ACTIVE,588.88,1bb0d8c0-a96e-4119-8880-a0f342e8b635,Edge computing reduces latency by processing data closer,agx,7,12.0,ok,agx,1788521696.08578,282.346,747.676,1
781.15,2,782.848,1788521697.0683982,4,b02-o01-agx-c4,8,False,204.378,llama3.2:1b,etri-ser0001-cg0msb,ACTIVE,576.772,8d07e859-6306-49ed-a6ee-b5167fec0183,Edge computing reduces latency by processing data closer,agx,7,12.0,ok,agx,1788521696.2855515,281.205,752.194,1
803.465,2,804.737,1788521697.264095,4,b02-o01-agx-c4,8,False,195.697,llama3.2:1b,etri-ser0001-cg0msb,ACTIVE,607.767,5e0c53b3-edee-4ece-a222-ef3175deee89,Edge computing reduces latency by processing data closer,agx,7,12.0,ok,agx,1788521696.459359,280.269,774.716,1
775.542,2,777.174,1788521697.453558,4,b02-o01-agx-c4,8,False,189.235,llama3.2:1b,etri-ser0001-cg0msb,ACTIVE,586.308,8fb17651-9bfc-4f63-ba58-3841cfacbb81,Edge computing reduces latency by processing data closer,agx,7,12.0,ok,agx,1788521696.676386,282.526,746.815,1
759.352,2,760.932,1788521697.6248894,4,b02-o01-agx-c4,8,False,171.391,llama3.2:1b,etri-ser0001-cg0msb,ACTIVE,587.961,e8ffb9b3-358d-4449-b212-e21821c92dbc,Edge computing reduces latency by processing data closer,agx,7,12.0,ok,agx,1788521696.8639584,282.686,730.869,1
746.476,2,747.998,1788521697.8164256,4,b02-o01-agx-c4,8,False,191.521,llama3.2:1b,etri-ser0001-cg0msb,ACTIVE,554.955,d1658efd-9f27-4ac6-8dd6-c15f108ddb46,Edge computing reduces latency by processing data closer,agx,7,12.0,ok,agx,1788521697.0684285,273.103,716.836,1
728.608,2,729.746,1788521697.993862,4,b02-o01-agx-c4,8,False,177.481,llama3.2:1b,etri-ser0001-cg0msb,ACTIVE,551.127,717d2608-2cde-4362-8630-1f090b502b95,Edge computing reduces latency by processing data closer,agx,7,12.0,ok,agx,1788521697.2641165,282.326,700.07,1
746.859,2,748.434,1788521698.2020218,4,b02-o01-agx-c4,8,False,207.857,llama3.2:1b,etri-ser0001-cg0msb,ACTIVE,539.002,679ce004-b4c5-4f10-b5f0-bfede7059983,Edge computing reduces latency by processing data closer,agx,7,12.0,ok,agx,1788521697.4535894,280.141,717.917,1
786.648,2,788.176,1788521698.4130845,4,b02-o01-agx-c4,8,False,210.962,llama3.2:1b,etri-ser0001-cg0msb,ACTIVE,575.686,f4f9b876-5be3-4c69-bf32-2732cef66613,Edge computing reduces latency by processing data closer,agx,7,12.0,ok,agx,1788521697.6249106,277.951,757.882,1
767.986,2,769.552,1788521698.5859973,4,b02-o01-agx-c4,8,False,172.782,llama3.2:1b,etri-ser0001-cg0msb,ACTIVE,595.204,4b9b808a-9e08-4c13-9b4f-cb9d13927082,Edge computing reduces latency by processing data closer,agx,7,12.0,ok,agx,1788521697.8164477,280.21,739.02,1
787.738,2,789.398,1788521698.7832806,4,b02-o01-agx-c4,8,False,197.325,llama3.2:1b,etri-ser0001-cg0msb,ACTIVE,590.413,f16bd63d-9361-4760-b54b-1565a8fafaf0,Edge computing reduces latency by processing data closer,agx,7,12.0,ok,agx,1788521697.9938834,282.526,759.23,1
767.427,2,768.852,1788521698.9709032,4,b02-o01-agx-c4,8,False,187.625,llama3.2:1b,etri-ser0001-cg0msb,ACTIVE,579.802,76228bc6-37fc-4696-9f45-765b76738405,Edge computing reduces latency by processing data closer,agx,7,12.0,ok,agx,1788521698.2020519,281.225,738.795,1
224.71,2,234.79,1788521702.214656,16,b02-o02-agx-c16,8,False,224.698,llama3.2:1b,etri-ser0001-cg0msb,ACTIVE,0.011,ccc586dd-c883-4ca9-b41e-d0bbb2d2b074,Edge computing reduces latency by processing data closer,agx,8,12.0,ok,agx,1788521701.9798667,282.955,196.109,2
412.331,2,429.898,1788521702.409351,16,b02-o02-agx-c16,8,False,194.76,llama3.2:1b,etri-ser0001-cg0msb,ACTIVE,217.571,29dfabd6-9539-4853-855e-e4d5323d5cf7,Edge computing reduces latency by processing data closer,agx,8,12.0,ok,agx,1788521701.9794545,279.408,383.489,2
588.854,2,606.202,1788521702.587483,16,b02-o02-agx-c16,8,False,177.898,llama3.2:1b,etri-ser0001-cg0msb,ACTIVE,410.956,8a599b46-4ab0-42c6-bdae-2d3c007ee5c6,Edge computing reduces latency by processing data closer,agx,8,12.0,ok,agx,1788521701.9812827,281.789,559.945,2
772.996,2,788.673,1788521702.7720697,16,b02-o02-agx-c16,8,False,184.638,llama3.2:1b,etri-ser0001-cg0msb,ACTIVE,588.358,f0b9b6b3-b762-41fa-8e64-6ebc16f774a3,Edge computing reduces latency by processing data closer,agx,8,12.0,ok,agx,1788521701.983397,281.126,744.308,2
962.033,2,982.39,1788521702.9612913,16,b02-o02-agx-c16,8,False,189.089,llama3.2:1b,etri-ser0001-cg0msb,ACTIVE,772.944,50143bec-331b-4615-97a3-02a1b911e9c3,Edge computing reduces latency by processing data closer,agx,8,12.0,ok,agx,1788521701.978902,282.646,933.371,2
1135.947,2,1160.049,1788521703.1406083,16,b02-o02-agx-c16,8,False,179.12,llama3.2:1b,etri-ser0001-cg0msb,ACTIVE,956.826,f5a6c444-46d7-4973-bc91-747b13970c9c,Edge computing reduces latency by processing data closer,agx,8,12.0,ok,agx,1788521701.9805605,282.606,1107.191,2
1319.996,2,1341.871,1788521703.3275216,16,b02-o02-agx-c16,8,False,186.945,llama3.2:1b,etri-ser0001-cg0msb,ACTIVE,1133.052,12b49ac8-8263-4a53-bf4f-ae74fae5dcf6,Edge computing reduces latency by processing data closer,agx,8,12.0,ok,agx,1788521701.98565,279.057,1291.041,2
1513.977,2,1541.518,1788521703.5260832,16,b02-o02-agx-c16,8,False,198.381,llama3.2:1b,etri-ser0001-cg0msb,ACTIVE,1315.596,d424915f-43ca-4964-aebb-6d7f0f172cb7,Edge computing reduces latency by processing data closer,agx,8,12.0,ok,agx,1788521701.9845674,281.561,1485.212,2
1692.179,2,1718.316,1788521703.7058854,16,b02-o02-agx-c16,8,False,179.661,llama3.2:1b,etri-ser0001-cg0msb,ACTIVE,1512.518,6e4b8de9-65bf-4663-b66d-a049a0b3e17f,Edge computing reduces latency by processing data closer,agx,8,12.0,ok,agx,1788521701.9875698,281.998,1663.461,2
1868.281,2,1893.99,1788521703.8825126,16,b02-o02-agx-c16,8,False,176.378,llama3.2:1b,etri-ser0001-cg0msb,ACTIVE,1691.902,d0592fd2-8903-42d1-a180-9bb426046fd9,Edge computing reduces latency by processing data closer,agx,8,12.0,ok,agx,1788521701.9885232,278.077,1838.99,2
2061.962,2,2086.815,1788521704.0781162,16,b02-o02-agx-c16,8,False,195.663,llama3.2:1b,etri-ser0001-cg0msb,ACTIVE,1866.3,2ea3cf75-fcee-4470-9caf-9df1851b3c30,Edge computing reduces latency by processing data closer,agx,8,12.0,ok,agx,1788521701.9913025,280.603,2033.193,2
2248.699,2,2278.227,1788521704.2650619,16,b02-o02-agx-c16,8,False,186.961,llama3.2:1b,etri-ser0001-cg0msb,ACTIVE,2061.737,44c5bf26-b541-4aa0-a75e-1c03a5daaa54,Edge computing reduces latency by processing data closer,agx,8,12.0,ok,agx,1788521701.986835,282.277,2220.31,2
2438.293,2,2464.395,1788521704.4548717,16,b02-o02-agx-c16,8,False,189.535,llama3.2:1b,etri-ser0001-cg0msb,ACTIVE,2248.758,fc342176-1170-4e26-8fa7-ece015721457,Edge computing reduces latency by processing data closer,agx,8,12.0,ok,agx,1788521701.990477,281.591,2409.622,2
2614.128,2,2636.84,1788521704.6310978,16,b02-o02-agx-c16,8,False,176.185,llama3.2:1b,etri-ser0001-cg0msb,ACTIVE,2437.943,5462caf5-e5f6-499d-93a4-56e7ffa2120f,Edge computing reduces latency by processing data closer,agx,8,12.0,ok,agx,1788521701.9942577,281.264,2585.437,2
2596.223,2,2597.62,1788521704.8123028,16,b02-o02-agx-c16,8,False,181.115,llama3.2:1b,etri-ser0001-cg0msb,ACTIVE,2415.108,225b7da0-4942-4ca4-a712-fa41f2d4c763,Edge computing reduces latency by processing data closer,agx,8,12.0,ok,agx,1788521702.2146852,282.656,2567.596,2
2622.72,2,2624.416,1788521705.0337954,16,b02-o02-agx-c16,8,False,221.158,llama3.2:1b,etri-ser0001-cg0msb,ACTIVE,2401.562,2a7f3db1-c31e-4aba-882e-07b36fa2308e,Edge computing reduces latency by processing data closer,agx,8,12.0,ok,agx,1788521702.4093814,264.48,2592.27,2
2652.752,2,2654.541,1788521705.2420523,16,b02-o02-agx-c16,8,False,208.149,llama3.2:1b,etri-ser0001-cg0msb,ACTIVE,2444.603,ed572546-76e9-454b-b0f7-644d72575945,Edge computing reduces latency by processing data closer,agx,8,12.0,ok,agx,1788521702.5875137,282.157,2624.029,2
2663.903,2,2665.55,1788521705.437638,16,b02-o02-agx-c16,8,False,195.271,llama3.2:1b,etri-ser0001-cg0msb,ACTIVE,2468.632,7e364afb-4c8e-4c36-bd6e-4a5feb0e8b12,Edge computing reduces latency by processing data closer,agx,8,12.0,ok,agx,1788521702.7720907,281.938,2635.016,2
2661.292,2,2663.005,1788521705.6243157,16,b02-o02-agx-c16,8,False,186.645,llama3.2:1b,etri-ser0001-cg0msb,ACTIVE,2474.647,08de3a07-0609-4b43-82c6-1ac94e58713b,Edge computing reduces latency by processing data closer,agx,8,12.0,ok,agx,1788521702.961313,282.426,2632.5,2
2794.88,2,3813.581,1788521705.8058674,16,b02-o02-agx-c16,8,False,181.599,llama3.2:1b,etri-ser0001-cg0msb,ACTIVE,2613.281,b3ce4401-30d2-4f21-bed9-b87bb1fff7de,Edge computing reduces latency by processing data closer,agx,8,12.0,ok,agx,1788521701.9922886,277.479,2765.713,2
2976.447,2,3994.507,1788521705.987779,16,b02-o02-agx-c16,8,False,181.617,llama3.2:1b,etri-ser0001-cg0msb,ACTIVE,2794.831,456f21f4-36d7-47c8-b8a6-386e30bddd3b,Edge computing reduces latency by processing data closer,agx,8,12.0,ok,agx,1788521701.9932725,278.726,2947.187,2
3051.958,2,3053.38,1788521706.194016,16,b02-o02-agx-c16,8,False,206.366,llama3.2:1b,etri-ser0001-cg0msb,ACTIVE,2845.592,f4f7fc19-0fe8-4880-823e-a5aa5af1f2d4,Edge computing reduces latency by processing data closer,agx,8,12.0,ok,agx,1788521703.1406374,281.472,3023.304,2
3052.733,2,3054.324,1788521706.3818665,16,b02-o02-agx-c16,8,False,187.505,llama3.2:1b,etri-ser0001-cg0msb,ACTIVE,2865.227,53496d5a-160c-410b-9336-f0d2fb861e00,Edge computing reduces latency by processing data closer,agx,8,12.0,ok,agx,1788521703.3275442,279.671,3023.678,2
3072.248,2,3073.715,1788521706.5998278,16,b02-o02-agx-c16,8,False,217.984,llama3.2:1b,etri-ser0001-cg0msb,ACTIVE,2854.265,38d434b8-16c6-4823-bedd-9f2bb37059a1,Edge computing reduces latency by processing data closer,agx,8,12.0,ok,agx,1788521703.5261152,281.561,3043.27,2
3074.105,2,3075.652,1788521706.781557,16,b02-o02-agx-c16,8,False,181.482,llama3.2:1b,etri-ser0001-cg0msb,ACTIVE,2892.623,af053f47-5cff-4245-8d9b-2f53288554f7,Edge computing reduces latency by processing data closer,agx,8,12.0,ok,agx,1788521703.7059069,281.928,3045.321,2
3079.505,2,3081.242,1788521706.9637842,16,b02-o02-agx-c16,8,False,182.177,llama3.2:1b,etri-ser0001-cg0msb,ACTIVE,2897.328,079c1b44-0808-4a5c-9511-0930a2ebb1f8,Edge computing reduces latency by processing data closer,agx,8,12.0,ok,agx,1788521703.882544,281.116,3050.652,2
3063.15,2,3064.414,1788521707.142563,16,b02-o02-agx-c16,8,False,178.881,llama3.2:1b,etri-ser0001-cg0msb,ACTIVE,2884.268,192cebe2-ae47-4e14-bd73-a5e4a078487a,Edge computing reduces latency by processing data closer,agx,8,12.0,ok,agx,1788521704.07815,282.745,3034.693,2
3070.079,2,3071.542,1788521707.336624,16,b02-o02-agx-c16,8,False,193.895,llama3.2:1b,etri-ser0001-cg0msb,ACTIVE,2876.184,fe85dfda-4766-4697-b116-1e28ea959775,Edge computing reduces latency by processing data closer,agx,8,12.0,ok,agx,1788521704.2650821,279.965,3041.229,2
3068.719,2,3070.111,1788521707.5250125,16,b02-o02-agx-c16,8,False,188.372,llama3.2:1b,etri-ser0001-cg0msb,ACTIVE,2880.347,3dcc41f3-1ead-4d7b-812b-1371c13bdf12,Edge computing reduces latency by processing data closer,agx,8,12.0,ok,agx,1788521704.454903,282.466,3040.1,2
3069.07,2,3070.413,1788521707.7015307,16,b02-o02-agx-c16,8,False,176.438,llama3.2:1b,etri-ser0001-cg0msb,ACTIVE,2892.632,4fd44333-bd83-4e4e-a012-7cf11f436fd7,Edge computing reduces latency by processing data closer,agx,8,12.0,ok,agx,1788521704.6311183,280.948,3040.345,2
3061.125,2,3062.789,1788521707.8751216,16,b02-o02-agx-c16,8,False,173.225,llama3.2:1b,etri-ser0001-cg0msb,ACTIVE,2887.9,0e6cf834-58dc-4db0-916d-f2d322348925,Edge computing reduces latency by processing data closer,agx,8,12.0,ok,agx,1788521704.8123348,282.745,3032.383,2
3025.022,2,3026.706,1788521708.0605388,16,b02-o02-agx-c16,8,False,185.534,llama3.2:1b,etri-ser0001-cg0msb,ACTIVE,2839.488,bde643b0-181e-4412-8e1b-9437c102259e,Edge computing reduces latency by processing data closer,agx,8,12.0,ok,agx,1788521705.033834,279.73,2996.079,2
2995.548,2,2997.063,1788521708.2391462,16,b02-o02-agx-c16,8,False,178.596,llama3.2:1b,etri-ser0001-cg0msb,ACTIVE,2816.951,1c00b6bd-155e-4687-bd4f-057aa3bb8836,Edge computing reduces latency by processing data closer,agx,8,12.0,ok,agx,1788521705.2420835,279.281,2966.591,2
2985.477,2,2987.026,1788521708.4246972,16,b02-o02-agx-c16,8,False,185.401,llama3.2:1b,etri-ser0001-cg0msb,ACTIVE,2800.076,07edd7fd-b65c-41de-b07c-e0b540ca6e04,Edge computing reduces latency by processing data closer,agx,8,12.0,ok,agx,1788521705.4376712,282.925,2956.883,2
2975.81,2,2977.283,1788521708.6016283,16,b02-o02-agx-c16,8,False,176.899,llama3.2:1b,etri-ser0001-cg0msb,ACTIVE,2798.911,b6dc47d0-dd52-4698-aa8f-7d3a68c961e2,Edge computing reduces latency by processing data closer,agx,8,12.0,ok,agx,1788521705.6243474,281.057,2946.881,2
2978.519,2,2979.868,1788521708.7857668,16,b02-o02-agx-c16,8,False,184.121,llama3.2:1b,etri-ser0001-cg0msb,ACTIVE,2794.397,ded5ba83-4869-427c-aafb-c649f6d4872d,Edge computing reduces latency by processing data closer,agx,8,12.0,ok,agx,1788521705.8058994,280.781,2949.8,2
2985.944,2,2987.58,1788521708.9753897,16,b02-o02-agx-c16,8,False,189.461,llama3.2:1b,etri-ser0001-cg0msb,ACTIVE,2796.483,80ad9c32-3409-4df3-b29a-20c63298e993,Edge computing reduces latency by processing data closer,agx,8,12.0,ok,agx,1788521705.9878101,282.048,2957.188,2
2964.188,2,2965.42,1788521709.1594582,16,b02-o02-agx-c16,8,False,184.005,llama3.2:1b,etri-ser0001-cg0msb,ACTIVE,2780.184,a36f3b10-4e6a-45e2-a3e6-ec812d5480b1,Edge computing reduces latency by processing data closer,agx,8,12.0,ok,agx,1788521706.1940393,282.646,2935.52,2
2958.756,2,2960.071,1788521709.3419676,16,b02-o02-agx-c16,8,False,182.491,llama3.2:1b,etri-ser0001-cg0msb,ACTIVE,2776.264,caf88060-9800-4686-b322-fec57669ae1d,Edge computing reduces latency by processing data closer,agx,8,12.0,ok,agx,1788521706.381897,279.936,2929.936,2
2917.165,2,2918.622,1788521709.5184793,16,b02-o02-agx-c16,8,False,176.462,llama3.2:1b,etri-ser0001-cg0msb,ACTIVE,2740.703,f902973b-6a3a-4425-a1ee-a0a7f9b737ef,Edge computing reduces latency by processing data closer,agx,8,12.0,ok,agx,1788521706.5998576,282.117,2888.474,2
2919.664,2,2921.307,1788521709.7028918,16,b02-o02-agx-c16,8,False,184.092,llama3.2:1b,etri-ser0001-cg0msb,ACTIVE,2735.572,7e70306a-b005-479a-8419-7be8f304e5bd,Edge computing reduces latency by processing data closer,agx,8,12.0,ok,agx,1788521706.7815871,281.928,2890.697,2
2918.438,2,2920.078,1788521709.8838923,16,b02-o02-agx-c16,8,False,180.869,llama3.2:1b,etri-ser0001-cg0msb,ACTIVE,2737.569,19c56495-b7df-422e-982e-bc755ebe6d53,Edge computing reduces latency by processing data closer,agx,8,12.0,ok,agx,1788521706.9638162,282.416,2889.642,2
2940.769,2,2942.172,1788521710.084757,16,b02-o02-agx-c16,8,False,201.038,llama3.2:1b,etri-ser0001-cg0msb,ACTIVE,2739.731,5bf3b181-db41-4be1-aec0-4462b4ba7645,Edge computing reduces latency by processing data closer,agx,8,12.0,ok,agx,1788521707.1425855,281.789,2912.182,2
2925.646,2,2927.243,1788521710.2638865,16,b02-o02-agx-c16,8,False,178.77,llama3.2:1b,etri-ser0001-cg0msb,ACTIVE,2746.876,bf6256bd-059c-47fc-a2dd-ffaa9c4231ea,Edge computing reduces latency by processing data closer,agx,8,12.0,ok,agx,1788521707.336645,282.855,2897.001,2
2936.02,2,2937.593,1788521710.462625,16,b02-o02-agx-c16,8,False,198.795,llama3.2:1b,etri-ser0001-cg0msb,ACTIVE,2737.225,b4e6da7b-18ab-491b-a921-549af87a7b27,Edge computing reduces latency by processing data closer,agx,8,12.0,ok,agx,1788521707.525034,282.406,2907.424,2
2935.54,2,2937.108,1788521710.6386592,16,b02-o02-agx-c16,8,False,175.76,llama3.2:1b,etri-ser0001-cg0msb,ACTIVE,2759.78,0477f599-f49c-4eaa-9021-8e30523f5c23,Edge computing reduces latency by processing data closer,agx,8,12.0,ok,agx,1788521707.7015538,282.955,2906.981,2
2951.934,2,2953.558,1788521710.828712,16,b02-o02-agx-c16,8,False,190.075,llama3.2:1b,etri-ser0001-cg0msb,ACTIVE,2761.859,c87f261c-d605-4ba9-9dbe-3ae0f5479e76,Edge computing reduces latency by processing data closer,agx,8,12.0,ok,agx,1788521707.8751554,282.985,2923.334,2
2964.351,2,2965.546,1788521711.0261054,16,b02-o02-agx-c16,8,False,197.425,llama3.2:1b,etri-ser0001-cg0msb,ACTIVE,2766.926,c5b82e42-b73d-43dc-95b8-b68f0ee1d7b9,Edge computing reduces latency by processing data closer,agx,8,12.0,ok,agx,1788521708.0605605,282.237,2935.728,2
2979.347,2,2980.951,1788521711.220118,16,b02-o02-agx-c16,8,False,193.74,llama3.2:1b,etri-ser0001-cg0msb,ACTIVE,2785.608,4b9bd1dc-adc3-46ad-a85e-40e9b18ccf23,Edge computing reduces latency by processing data closer,agx,8,12.0,ok,agx,1788521708.2391684,281.245,2950.56,2
2980.503,2,2982.289,1788521711.407005,16,b02-o02-agx-c16,8,False,186.916,llama3.2:1b,etri-ser0001-cg0msb,ACTIVE,2793.587,771da858-7f17-4377-9d29-008a897069fc,Edge computing reduces latency by processing data closer,agx,8,12.0,ok,agx,1788521708.4247177,281.978,2951.695,2
2988.248,2,2989.577,1788521711.5912337,16,b02-o02-agx-c16,8,False,184.057,llama3.2:1b,etri-ser0001-cg0msb,ACTIVE,2804.191,962e0960-aa55-4661-a8ec-66ca75d91501,Edge computing reduces latency by processing data closer,agx,8,12.0,ok,agx,1788521708.6016588,282.247,2959.247,2
2979.231,2,2980.614,1788521711.766401,16,b02-o02-agx-c16,8,False,175.258,llama3.2:1b,etri-ser0001-cg0msb,ACTIVE,2803.973,47def076-e0b3-4cc9-b870-31047aa2301b,Edge computing reduces latency by processing data closer,agx,8,12.0,ok,agx,1788521708.785788,281.077,2950.494,2
3001.477,2,3002.827,1788521711.9782367,16,b02-o02-agx-c16,8,False,211.657,llama3.2:1b,etri-ser0001-cg0msb,ACTIVE,2789.82,2e6e17cf-3737-492f-a403-ad0a543ef74f,Edge computing reduces latency by processing data closer,agx,8,12.0,ok,agx,1788521708.9754117,281.314,2972.608,2
3006.486,2,3008.001,1788521712.1674798,16,b02-o02-agx-c16,8,False,188.976,llama3.2:1b,etri-ser0001-cg0msb,ACTIVE,2817.51,dd32b603-d157-440c-958f-13a1fce3ae69,Edge computing reduces latency by processing data closer,agx,8,12.0,ok,agx,1788521709.1594808,281.353,2977.567,2
3027.849,2,3029.378,1788521712.3713658,16,b02-o02-agx-c16,8,False,203.79,llama3.2:1b,etri-ser0001-cg0msb,ACTIVE,2824.059,18811eb4-a5d6-4279-af52-08baf9be3db4,Edge computing reduces latency by processing data closer,agx,8,12.0,ok,agx,1788521709.34199,279.613,2998.796,2
3032.009,2,3033.437,1788521712.5519333,16,b02-o02-agx-c16,8,False,180.534,llama3.2:1b,etri-ser0001-cg0msb,ACTIVE,2851.475,70c6890d-f97a-42f7-9b90-f3b3436d65dc,Edge computing reduces latency by processing data closer,agx,8,12.0,ok,agx,1788521709.518499,281.74,3003.069,2
3034.747,2,3036.207,1788521712.73913,16,b02-o02-agx-c16,8,False,187.165,llama3.2:1b,etri-ser0001-cg0msb,ACTIVE,2847.583,17fe1646-aabd-483b-aec3-8610d689bd4c,Edge computing reduces latency by processing data closer,agx,8,12.0,ok,agx,1788521709.7029238,282.596,3006.171,2
3042.881,2,3044.41,1788521712.928341,16,b02-o02-agx-c16,8,False,189.065,llama3.2:1b,etri-ser0001-cg0msb,ACTIVE,2853.815,57ad04b3-d394-43b5-b1c2-b6bdee9fc85c,Edge computing reduces latency by processing data closer,agx,8,12.0,ok,agx,1788521709.883933,282.087,3014.056,2
3056.343,2,3057.689,1788521713.1424668,16,b02-o02-agx-c16,8,False,213.967,llama3.2:1b,etri-ser0001-cg0msb,ACTIVE,2842.376,ebf7256b-7ce6-42a0-a3fc-cf4692c4b4a4,Edge computing reduces latency by processing data closer,agx,8,12.0,ok,agx,1788521710.0847785,280.988,3027.364,2
3078.72,2,3080.356,1788521713.344273,16,b02-o02-agx-c16,8,False,201.687,llama3.2:1b,etri-ser0001-cg0msb,ACTIVE,2877.033,13a8fc6b-bd4b-4e26-9405-bb45c2341caf,Edge computing reduces latency by processing data closer,agx,8,12.0,ok,agx,1788521710.2639189,280.672,3049.778,2
3059.86,2,3061.484,1788521713.5241401,16,b02-o02-agx-c16,8,False,179.749,llama3.2:1b,etri-ser0001-cg0msb,ACTIVE,2880.111,b8d8e110-72c8-4808-8345-d68f559f203b,Edge computing reduces latency by processing data closer,agx,8,12.0,ok,agx,1788521710.4626582,282.456,3031.232,2
3070.153,2,3071.719,1788521713.7104082,16,b02-o02-agx-c16,8,False,186.334,llama3.2:1b,etri-ser0001-cg0msb,ACTIVE,2883.819,135a2074-1ba8-4f07-bb41-a77dc3d26213,Edge computing reduces latency by processing data closer,agx,8,12.0,ok,agx,1788521710.6386912,282.396,3041.494,2
3067.234,2,3068.915,1788521713.8976552,16,b02-o02-agx-c16,8,False,187.045,llama3.2:1b,etri-ser0001-cg0msb,ACTIVE,2880.189,199675cf-16bd-4343-9347-8e677cafff10,Edge computing reduces latency by processing data closer,agx,8,12.0,ok,agx,1788521710.8287427,281.353,3038.399,2
3046.885,2,3048.282,1788521714.0744088,16,b02-o02-agx-c16,8,False,176.735,llama3.2:1b,etri-ser0001-cg0msb,ACTIVE,2870.15,59991874-7950-4843-af39-39f4c2bd83de,Edge computing reduces latency by processing data closer,agx,8,12.0,ok,agx,1788521711.0261273,280.623,3017.899,2
3029.843,2,3031.194,1788521714.2513416,16,b02-o02-agx-c16,8,False,176.902,llama3.2:1b,etri-ser0001-cg0msb,ACTIVE,2852.942,5901b092-720c-43a2-a99d-d606e6e82db5,Edge computing reduces latency by processing data closer,agx,8,12.0,ok,agx,1788521711.2201486,282.596,3001.123,2
3052.454,2,3053.852,1788521714.4608765,16,b02-o02-agx-c16,8,False,209.469,llama3.2:1b,etri-ser0001-cg0msb,ACTIVE,2842.984,d8413950-5816-46ce-a77f-7d112b27f557,Edge computing reduces latency by processing data closer,agx,8,12.0,ok,agx,1788521711.407027,282.018,3023.812,2
3051.784,2,3053.285,1788521714.6445484,16,b02-o02-agx-c16,8,False,183.606,llama3.2:1b,etri-ser0001-cg0msb,ACTIVE,2868.178,7fa3ab7e-ba30-4ba2-abab-f1dcec5d9d41,Edge computing reduces latency by processing data closer,agx,8,12.0,ok,agx,1788521711.5912645,282.825,3023.261,2
3054.318,2,3055.467,1788521714.8218884,16,b02-o02-agx-c16,8,False,177.317,llama3.2:1b,etri-ser0001-cg0msb,ACTIVE,2877.002,4c453f8a-2c08-42e5-b8a5-8f663b04be60,Edge computing reduces latency by processing data closer,agx,8,12.0,ok,agx,1788521711.7664225,280.436,3025.477,2
3022.697,2,3024.117,1788521715.0023842,16,b02-o02-agx-c16,8,False,180.411,llama3.2:1b,etri-ser0001-cg0msb,ACTIVE,2842.286,44956a95-76e5-4881-85ba-f496a117854d,Edge computing reduces latency by processing data closer,agx,8,12.0,ok,agx,1788521711.978268,273.308,2993.338,2
3040.612,2,3042.363,1788521715.209873,16,b02-o02-agx-c16,8,False,207.148,llama3.2:1b,etri-ser0001-cg0msb,ACTIVE,2833.465,01863030-63ee-4800-a4f7-3a5246d37844,Edge computing reduces latency by processing data closer,agx,8,12.0,ok,agx,1788521712.1675117,280.83,3011.776,2
3022.508,2,3023.991,1788521715.3953886,16,b02-o02-agx-c16,8,False,185.684,llama3.2:1b,etri-ser0001-cg0msb,ACTIVE,2836.824,e0251af6-c404-405d-a6dc-83d667fed135,Edge computing reduces latency by processing data closer,agx,8,12.0,ok,agx,1788521712.3713984,268.745,2992.671,2
3037.647,2,3039.343,1788521715.5913165,16,b02-o02-agx-c16,8,False,195.837,llama3.2:1b,etri-ser0001-cg0msb,ACTIVE,2841.81,2ae59dea-5477-45bd-ae1e-c1aa22df1040,Edge computing reduces latency by processing data closer,agx,8,12.0,ok,agx,1788521712.5519738,281.77,3009.106,2
3037.344,2,3038.745,1788521715.7778964,16,b02-o02-agx-c16,8,False,186.485,llama3.2:1b,etri-ser0001-cg0msb,ACTIVE,2850.86,693f815e-4cd3-41dc-80a9-bb209559060f,Edge computing reduces latency by processing data closer,agx,8,12.0,ok,agx,1788521712.7391524,282.038,3008.818,2
3033.759,2,3035.304,1788521715.963678,16,b02-o02-agx-c16,8,False,185.545,llama3.2:1b,etri-ser0001-cg0msb,ACTIVE,2848.214,54e4a9a0-6bb8-4984-a73d-f8daba7ad3b9,Edge computing reduces latency by processing data closer,agx,8,12.0,ok,agx,1788521712.9283748,280.761,3004.934,2
2999.415,2,3000.647,1788521716.1431336,16,b02-o02-agx-c16,8,False,179.42,llama3.2:1b,etri-ser0001-cg0msb,ACTIVE,2819.995,a672a953-ddda-4cca-b61e-c69aa4744da5,Edge computing reduces latency by processing data closer,agx,8,12.0,ok,agx,1788521713.1424885,282.346,2970.727,2
2985.356,2,2986.991,1788521716.3312936,16,b02-o02-agx-c16,8,False,188.041,llama3.2:1b,etri-ser0001-cg0msb,ACTIVE,2797.315,2309f8b7-3612-4569-94a1-244a09622015,Edge computing reduces latency by processing data closer,agx,8,12.0,ok,agx,1788521713.3443036,281.225,2956.735,2
2992.475,2,2993.949,1788521716.518117,16,b02-o02-agx-c16,8,False,186.756,llama3.2:1b,etri-ser0001-cg0msb,ACTIVE,2805.719,b2667cf3-9846-434b-88b7-d75ad756ca65,Edge computing reduces latency by processing data closer,agx,8,12.0,ok,agx,1788521713.5241692,281.067,2963.725,2
2995.157,2,2996.422,1788521716.7068608,16,b02-o02-agx-c16,8,False,188.802,llama3.2:1b,etri-ser0001-cg0msb,ACTIVE,2806.355,512550e6-45df-4ec9-9e76-919e0fd6e4bc,Edge computing reduces latency by processing data closer,agx,8,12.0,ok,agx,1788521713.7104397,273.364,2965.826,2
2996.973,2,2998.611,1788521716.8962946,16,b02-o02-agx-c16,8,False,189.256,llama3.2:1b,etri-ser0001-cg0msb,ACTIVE,2807.717,44701207-ccd3-4986-a347-7ba38d0e3dff,Edge computing reduces latency by processing data closer,agx,8,12.0,ok,agx,1788521713.8976858,281.235,2968.13,2
180.519,2,182.217,1788521720.1150622,1,b02-o03-agx-c1,8,False,180.516,llama3.2:1b,etri-ser0001-cg0msb,ACTIVE,0.003,c4ed6551-7733-4c14-848f-101b846c04cc,Edge computing reduces latency by processing data closer,agx,9,12.0,ok,agx,1788521719.9328465,282.097,151.951,3
185.891,2,187.239,1788521720.3023202,1,b02-o03-agx-c1,8,False,185.888,llama3.2:1b,etri-ser0001-cg0msb,ACTIVE,0.002,8ed8430b-d474-4b26-975c-d2b0579f4e16,Edge computing reduces latency by processing data closer,agx,9,12.0,ok,agx,1788521720.1150832,281.452,157.092,3
176.461,2,177.829,1788521720.48018,1,b02-o03-agx-c1,8,False,176.458,llama3.2:1b,etri-ser0001-cg0msb,ACTIVE,0.002,83f1415a-e9b1-420b-9ce3-42bf6e4f4538,Edge computing reduces latency by processing data closer,agx,9,12.0,ok,agx,1788521720.3023524,282.865,148.089,3
176.228,2,177.673,1788521720.6578722,1,b02-o03-agx-c1,8,False,176.224,llama3.2:1b,etri-ser0001-cg0msb,ACTIVE,0.004,4f95a9d9-8920-473c-8e5f-314e1c911b1f,Edge computing reduces latency by processing data closer,agx,9,12.0,ok,agx,1788521720.4802012,275.729,146.914,3
197.982,2,199.556,1788521720.8574598,1,b02-o03-agx-c1,8,False,197.978,llama3.2:1b,etri-ser0001-cg0msb,ACTIVE,0.004,db5b2513-24d3-4cd9-a32b-a9672333ffb5,Edge computing reduces latency by processing data closer,agx,9,12.0,ok,agx,1788521720.657904,282.606,169.469,3
184.943,2,186.091,1788521721.043571,1,b02-o03-agx-c1,8,False,184.94,llama3.2:1b,etri-ser0001-cg0msb,ACTIVE,0.003,000b2078-9ba8-44bf-a74d-6cdb4cc726b1,Edge computing reduces latency by processing data closer,agx,9,12.0,ok,agx,1788521720.8574812,279.213,155.93,3
178.101,2,179.39,1788521721.2229805,1,b02-o03-agx-c1,8,False,178.099,llama3.2:1b,etri-ser0001-cg0msb,ACTIVE,0.002,7f42ca86-8f71-4539-9492-42d442936a88,Edge computing reduces latency by processing data closer,agx,9,12.0,ok,agx,1788521721.0435927,277.595,148.893,3
182.739,2,184.035,1788521721.4070466,1,b02-o03-agx-c1,8,False,182.736,llama3.2:1b,etri-ser0001-cg0msb,ACTIVE,0.002,72a4aeea-2306-45ea-9b9d-0422c37ac365,Edge computing reduces latency by processing data closer,agx,9,12.0,ok,agx,1788521721.2230122,281.849,154.151,3
178.658,2,180.005,1788521721.587072,1,b02-o03-agx-c1,8,False,178.655,llama3.2:1b,etri-ser0001-cg0msb,ACTIVE,0.002,25305841-acbb-4118-a85b-2767a5d5d87a,Edge computing reduces latency by processing data closer,agx,9,12.0,ok,agx,1788521721.4070687,281.482,149.821,3
183.137,2,184.581,1788521721.7716844,1,b02-o03-agx-c1,8,False,183.135,llama3.2:1b,etri-ser0001-cg0msb,ACTIVE,0.002,3872eb93-9e3d-4252-af8e-467af4648cb5,Edge computing reduces latency by processing data closer,agx,9,12.0,ok,agx,1788521721.5871043,282.825,154.552,3
176.759,2,177.946,1788521721.9496496,1,b02-o03-agx-c1,8,False,176.757,llama3.2:1b,etri-ser0001-cg0msb,ACTIVE,0.002,7b83cbda-ae98-4a3b-958e-ca0e2b86b54e,Edge computing reduces latency by processing data closer,agx,9,12.0,ok,agx,1788521721.7717059,283.056,148.074,3
175.009,2,176.385,1788521722.1260657,1,b02-o03-agx-c1,8,False,175.005,llama3.2:1b,etri-ser0001-cg0msb,ACTIVE,0.004,1ab8978d-753b-4306-8993-39e3d443e4aa,Edge computing reduces latency by processing data closer,agx,9,12.0,ok,agx,1788521721.9496808,281.789,146.43,3
170.168,2,171.19,1788521722.2972736,1,b02-o03-agx-c1,8,False,170.166,llama3.2:1b,etri-ser0001-cg0msb,ACTIVE,0.002,6d72fb00-8a8a-4f61-ab42-676b364467d8,Edge computing reduces latency by processing data closer,agx,9,12.0,ok,agx,1788521722.126085,282.895,141.67,3
176.316,2,177.667,1788521722.4749625,1,b02-o03-agx-c1,8,False,176.313,llama3.2:1b,etri-ser0001-cg0msb,ACTIVE,0.002,2d38c6d5-0cab-44e8-8ab5-af394221b66e,Edge computing reduces latency by processing data closer,agx,9,12.0,ok,agx,1788521722.2972963,282.875,147.845,3
192.742,2,194.181,1788521722.6691625,1,b02-o03-agx-c1,8,False,192.74,llama3.2:1b,etri-ser0001-cg0msb,ACTIVE,0.002,fe735218-f0d9-4017-bdd2-39fd82b515cb,Edge computing reduces latency by processing data closer,agx,9,12.0,ok,agx,1788521722.4749835,282.666,164.09,3
204.585,2,206.141,1788521722.875333,1,b02-o03-agx-c1,8,False,204.581,llama3.2:1b,etri-ser0001-cg0msb,ACTIVE,0.004,d8902ec6-69b9-4e0a-b504-fac3fd41c213,Edge computing reduces latency by processing data closer,agx,9,12.0,ok,agx,1788521722.6691947,270.106,174.597,3
188.694,2,190.209,1788521723.0655742,1,b02-o03-agx-c1,8,False,188.69,llama3.2:1b,etri-ser0001-cg0msb,ACTIVE,0.004,0a696ccc-7220-4224-9525-e098d66cdd38,Edge computing reduces latency by processing data closer,agx,9,12.0,ok,agx,1788521722.8753662,282.496,160.055,3
176.038,2,177.356,1788521723.2429516,1,b02-o03-agx-c1,8,False,176.036,llama3.2:1b,etri-ser0001-cg0msb,ACTIVE,0.002,e19f63d2-f207-4125-b587-111a890dba8f,Edge computing reduces latency by processing data closer,agx,9,12.0,ok,agx,1788521723.0655963,282.815,147.418,3
183.06,2,184.267,1788521723.4272394,1,b02-o03-agx-c1,8,False,183.058,llama3.2:1b,etri-ser0001-cg0msb,ACTIVE,0.002,5717bac5-a8a4-4a82-aeba-94b03c4d69b8,Edge computing reduces latency by processing data closer,agx,9,12.0,ok,agx,1788521723.2429738,270.645,153.265,3
189.466,2,190.678,1788521723.6179442,1,b02-o03-agx-c1,8,False,189.464,llama3.2:1b,etri-ser0001-cg0msb,ACTIVE,0.002,0e5d5a56-e235-4f58-aea7-87dc84b56ed2,Edge computing reduces latency by processing data closer,agx,9,12.0,ok,agx,1788521723.427267,282.566,160.865,3
179.581,2,180.886,1788521723.7988496,1,b02-o03-agx-c1,8,False,179.579,llama3.2:1b,etri-ser0001-cg0msb,ACTIVE,0.002,5421ea7b-e019-4102-ba9a-910491104917,Edge computing reduces latency by processing data closer,agx,9,12.0,ok,agx,1788521723.6179662,282.426,150.854,3
206.653,2,208.207,1788521724.007088,1,b02-o03-agx-c1,8,False,206.65,llama3.2:1b,etri-ser0001-cg0msb,ACTIVE,0.004,7141edd7-04be-4bf7-b6fe-ba4cb5826339,Edge computing reduces latency by processing data closer,agx,9,12.0,ok,agx,1788521723.7988818,280.24,177.831,3
173.892,2,175.192,1788521724.1823037,1,b02-o03-agx-c1,8,False,173.889,llama3.2:1b,etri-ser0001-cg0msb,ACTIVE,0.002,f94ff0c6-bfe2-445e-b35e-b655cb4388b3,Edge computing reduces latency by processing data closer,agx,9,12.0,ok,agx,1788521724.0071123,281.442,145.186,3
182.606,2,183.827,1788521724.3661482,1,b02-o03-agx-c1,8,False,182.603,llama3.2:1b,etri-ser0001-cg0msb,ACTIVE,0.002,3a7a0f97-2283-400f-a2a3-741155fce16b,Edge computing reduces latency by processing data closer,agx,9,12.0,ok,agx,1788521724.1823227,281.077,153.82,3
176.912,2,178.048,1788521724.5442176,1,b02-o03-agx-c1,8,False,176.91,llama3.2:1b,etri-ser0001-cg0msb,ACTIVE,0.002,bbc7c744-1bc8-4aaf-b91c-fdb7f8707b9d,Edge computing reduces latency by processing data closer,agx,9,12.0,ok,agx,1788521724.3661702,280.004,148.188,3
192.644,2,193.941,1788521724.7381787,1,b02-o03-agx-c1,8,False,192.642,llama3.2:1b,etri-ser0001-cg0msb,ACTIVE,0.002,644bb94e-bd62-47e4-b2e2-5fa4f6f161f8,Edge computing reduces latency by processing data closer,agx,9,12.0,ok,agx,1788521724.5442398,282.965,163.979,3
180.734,2,182.286,1788521724.920497,1,b02-o03-agx-c1,8,False,180.731,llama3.2:1b,etri-ser0001-cg0msb,ACTIVE,0.004,a9734c36-af2d-410c-be79-a51f073fc2cd,Edge computing reduces latency by processing data closer,agx,9,12.0,ok,agx,1788521724.7382119,282.715,151.948,3
182.051,2,183.38,1788521725.1038969,1,b02-o03-agx-c1,8,False,182.049,llama3.2:1b,etri-ser0001-cg0msb,ACTIVE,0.002,261c8d9e-b665-42e1-bcb1-d8eea52e3247,Edge computing reduces latency by processing data closer,agx,9,12.0,ok,agx,1788521724.9205189,281.819,153.246,3
182.605,2,184.097,1788521725.2880318,1,b02-o03-agx-c1,8,False,182.602,llama3.2:1b,etri-ser0001-cg0msb,ACTIVE,0.004,06898b79-a1d6-42aa-b701-c2e0821961e2,Edge computing reduces latency by processing data closer,agx,9,12.0,ok,agx,1788521725.103936,282.306,153.959,3
177.476,2,178.594,1788521725.4666462,1,b02-o03-agx-c1,8,False,177.474,llama3.2:1b,etri-ser0001-cg0msb,ACTIVE,0.002,a43a621c-f932-41c0-b0cc-b5c74e04aa8b,Edge computing reduces latency by processing data closer,agx,9,12.0,ok,agx,1788521725.2880535,282.636,148.918,3
198.196,2,199.344,1788521725.6660106,1,b02-o03-agx-c1,8,False,198.194,llama3.2:1b,etri-ser0001-cg0msb,ACTIVE,0.003,583d7373-8464-4221-8443-bc865b88cd5c,Edge computing reduces latency by processing data closer,agx,9,12.0,ok,agx,1788521725.4666674,282.725,169.605,3
196.918,2,198.264,1788521725.864297,1,b02-o03-agx-c1,8,False,196.914,llama3.2:1b,etri-ser0001-cg0msb,ACTIVE,0.004,6a458fd2-5bfa-41de-af99-25c4674e3f13,Edge computing reduces latency by processing data closer,agx,9,12.0,ok,agx,1788521725.6660342,272.276,167.174,3
178.269,2,179.6,1788521726.0439174,1,b02-o03-agx-c1,8,False,178.268,llama3.2:1b,etri-ser0001-cg0msb,ACTIVE,0.002,42cf392f-bee2-4cbb-bb2b-035f9b8f7338,Edge computing reduces latency by processing data closer,agx,9,12.0,ok,agx,1788521725.864318,278.794,149.202,3
191.716,2,193.228,1788521726.2371786,1,b02-o03-agx-c1,8,False,191.713,llama3.2:1b,etri-ser0001-cg0msb,ACTIVE,0.002,757c4307-6d11-442e-a375-1d0ab1f9c632,Edge computing reduces latency by processing data closer,agx,9,12.0,ok,agx,1788521726.043952,281.136,162.838,3
184.28,2,185.562,1788521726.4227622,1,b02-o03-agx-c1,8,False,184.278,llama3.2:1b,etri-ser0001-cg0msb,ACTIVE,0.002,1f8ed97d-1148-4df2-bf3f-9b53d92c38bb,Edge computing reduces latency by processing data closer,agx,9,12.0,ok,agx,1788521726.2372012,275.425,155.078,3
182.049,2,183.439,1788521726.6062212,1,b02-o03-agx-c1,8,False,182.046,llama3.2:1b,etri-ser0001-cg0msb,ACTIVE,0.003,cc789ea1-fede-45f2-99bc-87145a6e953c,Edge computing reduces latency by processing data closer,agx,9,12.0,ok,agx,1788521726.4227831,281.67,153.328,3
190.316,2,191.667,1788521726.797907,1,b02-o03-agx-c1,8,False,190.313,llama3.2:1b,etri-ser0001-cg0msb,ACTIVE,0.002,5fba65f3-ea12-446f-9985-bbcbf866d798,Edge computing reduces latency by processing data closer,agx,9,12.0,ok,agx,1788521726.6062427,276.884,161.272,3
193.359,2,194.741,1788521726.9926848,1,b02-o03-agx-c1,8,False,193.356,llama3.2:1b,etri-ser0001-cg0msb,ACTIVE,0.002,bf8af2ec-706f-4010-9845-6ebf3b417132,Edge computing reduces latency by processing data closer,agx,9,12.0,ok,agx,1788521726.7979455,282.097,164.646,3
200.154,2,201.679,1788521727.194394,1,b02-o03-agx-c1,8,False,200.152,llama3.2:1b,etri-ser0001-cg0msb,ACTIVE,0.003,2cc2eeff-f10a-4def-932f-f22f31970073,Edge computing reduces latency by processing data closer,agx,9,12.0,ok,agx,1788521726.9927163,279.662,171.177,3
192.502,2,193.684,1788521727.3880982,1,b02-o03-agx-c1,8,False,192.5,llama3.2:1b,etri-ser0001-cg0msb,ACTIVE,0.002,4c69393c-926c-4f7c-951e-0bf3843055d5,Edge computing reduces latency by processing data closer,agx,9,12.0,ok,agx,1788521727.194415,280.279,163.617,3
175.895,2,177.137,1788521727.5652554,1,b02-o03-agx-c1,8,False,175.893,llama3.2:1b,etri-ser0001-cg0msb,ACTIVE,0.002,2b467cfb-0e94-4dbe-9d0b-4d12977fddca,Edge computing reduces latency by processing data closer,agx,9,12.0,ok,agx,1788521727.3881195,282.376,147.28,3
197.405,2,198.626,1788521727.7639043,1,b02-o03-agx-c1,8,False,197.403,llama3.2:1b,etri-ser0001-cg0msb,ACTIVE,0.002,ffd78077-cfb0-4d84-89ab-1e1661e27e53,Edge computing reduces latency by processing data closer,agx,9,12.0,ok,agx,1788521727.5652788,276.453,168.555,3
187.926,2,189.086,1788521727.9530227,1,b02-o03-agx-c1,8,False,187.924,llama3.2:1b,etri-ser0001-cg0msb,ACTIVE,0.002,de63a36f-c483-467b-8ef2-680fb17b9edb,Edge computing reduces latency by processing data closer,agx,9,12.0,ok,agx,1788521727.7639372,281.294,159.263,3
186.38,2,187.591,1788521728.140633,1,b02-o03-agx-c1,8,False,186.377,llama3.2:1b,etri-ser0001-cg0msb,ACTIVE,0.002,53656ef3-b017-4040-b449-d168774494ec,Edge computing reduces latency by processing data closer,agx,9,12.0,ok,agx,1788521727.953043,282.835,157.854,3
217.432,2,218.659,1788521728.3593118,1,b02-o03-agx-c1,8,False,217.43,llama3.2:1b,etri-ser0001-cg0msb,ACTIVE,0.002,1e1e67a6-c85b-4612-9b98-92c6ea9991ad,Edge computing reduces latency by processing data closer,agx,9,12.0,ok,agx,1788521728.140654,278.145,188.351,3
192.076,2,193.705,1788521728.553038,1,b02-o03-agx-c1,8,False,192.073,llama3.2:1b,etri-ser0001-cg0msb,ACTIVE,0.003,32205a35-9d91-4830-974f-85c6130755a9,Edge computing reduces latency by processing data closer,agx,9,12.0,ok,agx,1788521728.359334,277.758,162.914,3
201.381,2,202.677,1788521728.7557364,1,b02-o03-agx-c1,8,False,201.379,llama3.2:1b,etri-ser0001-cg0msb,ACTIVE,0.002,0892dbb6-6acc-4262-8b62-e4ad40df9002,Edge computing reduces latency by processing data closer,agx,9,12.0,ok,agx,1788521728.5530608,280.141,172.812,3
173.681,2,175.121,1788521728.9308865,1,b02-o03-agx-c1,8,False,173.678,llama3.2:1b,etri-ser0001-cg0msb,ACTIVE,0.002,8d4ab91d-d1c1-4fff-add7-6249919cd475,Edge computing reduces latency by processing data closer,agx,9,12.0,ok,agx,1788521728.7557662,281.67,145.016,3
194.859,2,196.141,1788521729.127048,1,b02-o03-agx-c1,8,False,194.857,llama3.2:1b,etri-ser0001-cg0msb,ACTIVE,0.002,0f0aba1e-f405-4d47-ac6e-6dd05000fdaf,Edge computing reduces latency by processing data closer,agx,9,12.0,ok,agx,1788521728.930908,281.631,166.179,3
194.144,2,195.322,1788521729.3223917,1,b02-o03-agx-c1,8,False,194.141,llama3.2:1b,etri-ser0001-cg0msb,ACTIVE,0.002,13be86d2-5a88-4de3-afe5-cc6d0a26415f,Edge computing reduces latency by processing data closer,agx,9,12.0,ok,agx,1788521729.1270702,282.616,165.524,3
190.492,2,191.797,1788521729.5142095,1,b02-o03-agx-c1,8,False,190.489,llama3.2:1b,etri-ser0001-cg0msb,ACTIVE,0.002,4c8328e7-d341-48a2-b11f-6bdc42594f4e,Edge computing reduces latency by processing data closer,agx,9,12.0,ok,agx,1788521729.322413,279.583,161.654,3
181.093,2,182.266,1788521729.696495,1,b02-o03-agx-c1,8,False,181.091,llama3.2:1b,etri-ser0001-cg0msb,ACTIVE,0.002,686f94de-ac6e-4ad0-aa4b-b615a9346c81,Edge computing reduces latency by processing data closer,agx,9,12.0,ok,agx,1788521729.5142305,281.264,152.28,3
182.561,2,183.919,1788521729.8804343,1,b02-o03-agx-c1,8,False,182.559,llama3.2:1b,etri-ser0001-cg0msb,ACTIVE,0.002,7bb6935d-58d4-4ea6-b486-02b56f5c327a,Edge computing reduces latency by processing data closer,agx,9,12.0,ok,agx,1788521729.6965165,279.447,153.446,3
187.63,2,189.238,1788521730.0697024,1,b02-o03-agx-c1,8,False,187.626,llama3.2:1b,etri-ser0001-cg0msb,ACTIVE,0.004,1b2083a3-d5f4-4821-b699-7966416754f4,Edge computing reduces latency by processing data closer,agx,9,12.0,ok,agx,1788521729.880467,280.367,158.63,3
188.591,2,190.087,1788521730.2598217,1,b02-o03-agx-c1,8,False,188.587,llama3.2:1b,etri-ser0001-cg0msb,ACTIVE,0.004,0fc9a62f-138b-4190-b177-4ee87af0b57b,Edge computing reduces latency by processing data closer,agx,9,12.0,ok,agx,1788521730.0697348,282.676,160.035,3
182.998,2,184.352,1788521730.4441946,1,b02-o03-agx-c1,8,False,182.986,llama3.2:1b,etri-ser0001-cg0msb,ACTIVE,0.012,2f0b2374-800a-489a-8563-828ccd036994,Edge computing reduces latency by processing data closer,agx,9,12.0,ok,agx,1788521730.259843,257.102,151.731,3
207.767,2,208.989,1788521730.6532044,1,b02-o03-agx-c1,8,False,207.765,llama3.2:1b,etri-ser0001-cg0msb,ACTIVE,0.002,a5e6e45e-83fe-4388-9208-f3f2628634b1,Edge computing reduces latency by processing data closer,agx,9,12.0,ok,agx,1788521730.4442167,281.017,179.033,3
183.67,2,185.034,1788521730.8382573,1,b02-o03-agx-c1,8,False,183.666,llama3.2:1b,etri-ser0001-cg0msb,ACTIVE,0.004,ce32d383-dbd6-4099-826d-408a13150f99,Edge computing reduces latency by processing data closer,agx,9,12.0,ok,agx,1788521730.6532247,278.697,154.617,3
201.529,2,202.83,1788521731.0411088,1,b02-o03-agx-c1,8,False,201.527,llama3.2:1b,etri-ser0001-cg0msb,ACTIVE,0.002,9e18958f-18af-4b42-8750-f0356f9eb36a,Edge computing reduces latency by processing data closer,agx,9,12.0,ok,agx,1788521730.83828,274.952,172.043,3
195.055,2,196.382,1788521731.2375107,1,b02-o03-agx-c1,8,False,195.053,llama3.2:1b,etri-ser0001-cg0msb,ACTIVE,0.002,6197d09f-c56a-41b4-9bd0-c317e0ce1ecc,Edge computing reduces latency by processing data closer,agx,9,12.0,ok,agx,1788521731.0411296,282.815,166.55,3
194.847,2,196.15,1788521731.433681,1,b02-o03-agx-c1,8,False,194.845,llama3.2:1b,etri-ser0001-cg0msb,ACTIVE,0.002,1d82a353-9738-42c8-ab1d-062213cf60d1,Edge computing reduces latency by processing data closer,agx,9,12.0,ok,agx,1788521731.2375314,275.948,165.7,3
196.125,2,197.256,1788521731.6309583,1,b02-o03-agx-c1,8,False,196.123,llama3.2:1b,etri-ser0001-cg0msb,ACTIVE,0.002,dfbc14f9-3063-4f56-a892-226ac61054de,Edge computing reduces latency by processing data closer,agx,9,12.0,ok,agx,1788521731.4337027,268.483,166.426,3
196.89,2,198.15,1788521731.829127,1,b02-o03-agx-c1,8,False,196.887,llama3.2:1b,etri-ser0001-cg0msb,ACTIVE,0.002,b6c0fc2e-e964-4489-a4fc-e3cf9421684e,Edge computing reduces latency by processing data closer,agx,9,12.0,ok,agx,1788521731.630979,282.436,168.272,3
188.74,2,190.374,1788521732.0195282,1,b02-o03-agx-c1,8,False,188.738,llama3.2:1b,etri-ser0001-cg0msb,ACTIVE,0.002,8279b68c-5cac-42e2-935f-9e034a10d46e,Edge computing reduces latency by processing data closer,agx,9,12.0,ok,agx,1788521731.8291562,275.255,159.123,3
225.537,2,239.132,1788521735.2680016,32,b02-o04-agx-c32,8,False,225.522,llama3.2:1b,etri-ser0001-cg0msb,ACTIVE,0.015,6d7a90a4-1223-44dc-973a-f53767195a01,Edge computing reduces latency by processing data closer,agx,10,12.0,ok,agx,1788521735.0288708,282.945,196.837,4
425.016,2,445.154,1788521735.4748955,32,b02-o04-agx-c32,8,False,206.996,llama3.2:1b,etri-ser0001-cg0msb,ACTIVE,218.02,fcf79804-96dd-4713-b2d0-35ff6532fe77,Edge computing reduces latency by processing data closer,agx,10,12.0,ok,agx,1788521735.029742,282.586,396.449,4
608.141,2,633.273,1788521735.661102,32,b02-o04-agx-c32,8,False,186.097,llama3.2:1b,etri-ser0001-cg0msb,ACTIVE,422.044,1616d6ae-f872-4426-9885-f73b0a0279a6,Edge computing reduces latency by processing data closer,agx,10,12.0,ok,agx,1788521735.0278301,282.805,579.516,4
801.308,2,824.657,1788521735.8573282,32,b02-o04-agx-c32,8,False,196.048,llama3.2:1b,etri-ser0001-cg0msb,ACTIVE,605.26,44e952ff-92bc-4c2d-9976-fde8d15a7a1d,Edge computing reduces latency by processing data closer,agx,10,12.0,ok,agx,1788521735.032671,282.336,772.621,4
986.113,2,1007.547,1788521736.0425715,32,b02-o04-agx-c32,8,False,185.265,llama3.2:1b,etri-ser0001-cg0msb,ACTIVE,800.847,4fbb1b7f-196f-48a9-bd4c-c3e04f9d28e7,Edge computing reduces latency by processing data closer,agx,10,12.0,ok,agx,1788521735.0350254,267.765,956.224,4
1178.493,2,1205.411,1788521736.239448,32,b02-o04-agx-c32,8,False,196.752,llama3.2:1b,etri-ser0001-cg0msb,ACTIVE,981.741,d3e0f4e1-5472-49fb-8180-d816636393d8,Edge computing reduces latency by processing data closer,agx,10,12.0,ok,agx,1788521735.0340369,279.691,1149.328,4
1357.886,2,1392.131,1788521736.423331,32,b02-o04-agx-c32,8,False,183.773,llama3.2:1b,etri-ser0001-cg0msb,ACTIVE,1174.114,375f4242-05c6-41fe-b26d-65377ed445cb,Edge computing reduces latency by processing data closer,agx,10,12.0,ok,agx,1788521735.0312,282.696,1329.296,4
1545.651,2,1574.215,1788521736.6112664,32,b02-o04-agx-c32,8,False,187.924,llama3.2:1b,etri-ser0001-cg0msb,ACTIVE,1357.727,bc945f0a-066f-4cf8-ba66-e0a50f2221e8,Edge computing reduces latency by processing data closer,agx,10,12.0,ok,agx,1788521735.0370512,282.576,1516.546,4
1746.389,2,1779.143,1788521736.8152082,32,b02-o04-agx-c32,8,False,203.718,llama3.2:1b,etri-ser0001-cg0msb,ACTIVE,1542.671,1790c386-c5aa-45bd-9f7a-ec558dc319f4,Edge computing reduces latency by processing data closer,agx,10,12.0,ok,agx,1788521735.036065,281.136,1717.553,4
1929.361,2,1961.629,1788521737.0000935,32,b02-o04-agx-c32,8,False,184.549,llama3.2:1b,etri-ser0001-cg0msb,ACTIVE,1744.812,8fa86364-71d0-4db9-896e-6c391245f55a,Edge computing reduces latency by processing data closer,agx,10,12.0,ok,agx,1788521735.0384653,281.383,1900.479,4
2132.576,2,2161.49,1788521737.2048194,32,b02-o04-agx-c32,8,False,204.795,llama3.2:1b,etri-ser0001-cg0msb,ACTIVE,1927.782,d151985d-78c6-44e7-a8b0-d9cb5c12fe64,Edge computing reduces latency by processing data closer,agx,10,12.0,ok,agx,1788521735.04333,281.284,2103.832,4
2321.076,2,2356.646,1788521737.3965516,32,b02-o04-agx-c32,8,False,191.74,llama3.2:1b,etri-ser0001-cg0msb,ACTIVE,2129.336,ee305868-310f-4b05-93cf-1fb758a07013,Edge computing reduces latency by processing data closer,agx,10,12.0,ok,agx,1788521735.0399063,282.596,2292.486,4
2506.942,2,2544.325,1788521737.585727,32,b02-o04-agx-c32,8,False,188.978,llama3.2:1b,etri-ser0001-cg0msb,ACTIVE,2317.964,09b712e6-f613-4214-9bbf-cda3fe503751,Edge computing reduces latency by processing data closer,agx,10,12.0,ok,agx,1788521735.0414019,282.705,2478.468,4
2687.317,2,2723.577,1788521737.770306,32,b02-o04-agx-c32,8,False,184.543,llama3.2:1b,etri-ser0001-cg0msb,ACTIVE,2502.774,0e3a8a36-c41c-4ab5-82fd-83f559f2bd85,Edge computing reduces latency by processing data closer,agx,10,12.0,ok,agx,1788521735.0467296,282.715,2658.755,4
2855.98,2,2888.586,1788521737.9411623,32,b02-o04-agx-c32,8,False,170.793,llama3.2:1b,etri-ser0001-cg0msb,ACTIVE,2685.188,cae88291-0e2d-4af8-86f7-650b88317c3f,Edge computing reduces latency by processing data closer,agx,10,12.0,ok,agx,1788521735.0525768,282.526,2827.329,4
3034.829,2,3072.236,1788521738.1211185,32,b02-o04-agx-c32,8,False,179.932,llama3.2:1b,etri-ser0001-cg0msb,ACTIVE,2854.897,d2b86a2c-b820-41a5-8e2e-09165cb1910a,Edge computing reduces latency by processing data closer,agx,10,12.0,ok,agx,1788521735.048884,280.357,3006.072,4
3209.333,2,3251.54,1788521738.2957115,32,b02-o04-agx-c32,8,False,174.495,llama3.2:1b,etri-ser0001-cg0msb,ACTIVE,3034.839,38c7aec6-4e9d-49dc-923e-b68f058c0fd5,Edge computing reduces latency by processing data closer,agx,10,12.0,ok,agx,1788521735.0441713,282.765,3180.752,4
3387.767,2,3420.54,1788521738.4753618,32,b02-o04-agx-c32,8,False,179.6,llama3.2:1b,etri-ser0001-cg0msb,ACTIVE,3208.167,87698d81-e76d-4e8f-9210-9aa017f71525,Edge computing reduces latency by processing data closer,agx,10,12.0,ok,agx,1788521735.0548217,281.66,3358.976,4
3588.531,2,3617.178,1788521738.6766846,32,b02-o04-agx-c32,8,False,201.166,llama3.2:1b,etri-ser0001-cg0msb,ACTIVE,3387.365,f115adb8-e408-4d57-aac8-7f8e2df6e15e,Edge computing reduces latency by processing data closer,agx,10,12.0,ok,agx,1788521735.0595067,282.626,3559.859,4
3581.047,2,3582.5,1788521738.8505316,32,b02-o04-agx-c32,8,False,173.872,llama3.2:1b,etri-ser0001-cg0msb,ACTIVE,3407.175,719be396-f808-4bc7-ba6e-7a624fde7dee,Edge computing reduces latency by processing data closer,agx,10,12.0,ok,agx,1788521735.2680326,283.046,3552.563,4
3557.901,2,3559.202,1788521739.0341175,32,b02-o04-agx-c32,8,False,183.49,llama3.2:1b,etri-ser0001-cg0msb,ACTIVE,3374.411,1405a35d-9e90-433f-b206-6f997a48fa91,Edge computing reduces latency by processing data closer,agx,10,12.0,ok,agx,1788521735.4749167,281.057,3528.986,4
3545.539,2,3547.104,1788521739.208236,32,b02-o04-agx-c32,8,False,174.026,llama3.2:1b,etri-ser0001-cg0msb,ACTIVE,3371.513,69750a83-e09c-4e5e-b495-ea593550f61d,Edge computing reduces latency by processing data closer,agx,10,12.0,ok,agx,1788521735.6611342,282.187,3517.007,4
3546.933,2,3548.053,1788521739.4054008,32,b02-o04-agx-c32,8,False,197.141,llama3.2:1b,etri-ser0001-cg0msb,ACTIVE,3349.791,c95a8d76-5c14-4382-8368-53424f7d12d7,Edge computing reduces latency by processing data closer,agx,10,12.0,ok,agx,1788521735.857349,282.207,3518.171,4
3566.956,2,3568.577,1788521739.6111748,32,b02-o04-agx-c32,8,False,205.459,llama3.2:1b,etri-ser0001-cg0msb,ACTIVE,3361.498,a8458b4c-bc28-4d83-8726-fdd440c42ed5,Edge computing reduces latency by processing data closer,agx,10,12.0,ok,agx,1788521736.0425992,282.097,3538.29,4
3732.737,2,4769.194,1788521739.8323584,32,b02-o04-agx-c32,8,False,221.202,llama3.2:1b,etri-ser0001-cg0msb,ACTIVE,3511.534,a4e2d013-f8c4-4ccf-8cad-1989f5a27f36,Edge computing reduces latency by processing data closer,agx,10,12.0,ok,agx,1788521735.0631647,279.965,3703.938,4
3919.165,2,4956.23,1788521740.019999,32,b02-o04-agx-c32,8,False,187.586,llama3.2:1b,etri-ser0001-cg0msb,ACTIVE,3731.579,723c0282-4247-437f-b321-c4a95ffb597a,Edge computing reduces latency by processing data closer,agx,10,12.0,ok,agx,1788521735.063769,281.918,3890.413,4
4096.26,2,5149.658,1788521740.1976147,32,b02-o04-agx-c32,8,False,177.49,llama3.2:1b,etri-ser0001-cg0msb,ACTIVE,3918.77,b5cef18f-53cb-4683-a1a4-15f9c1209b06,Edge computing reduces latency by processing data closer,agx,10,12.0,ok,agx,1788521735.0479572,280.623,4067.454,4
4277.578,2,5320.98,1788521740.379458,32,b02-o04-agx-c32,8,False,181.897,llama3.2:1b,etri-ser0001-cg0msb,ACTIVE,4095.682,7e1278bc-207b-414f-ad89-d870d870ec68,Edge computing reduces latency by processing data closer,agx,10,12.0,ok,agx,1788521735.0584779,281.334,4248.676,4
4456.764,2,5507.819,1788521740.55892,32,b02-o04-agx-c32,8,False,179.317,llama3.2:1b,etri-ser0001-cg0msb,ACTIVE,4277.447,f5fddfed-03b2-4cdf-b31a-0d8004810126,Edge computing reduces latency by processing data closer,agx,10,12.0,ok,agx,1788521735.051101,281.869,4428.077,4
4639.638,2,5685.041,1788521740.7423856,32,b02-o04-agx-c32,8,False,183.349,llama3.2:1b,etri-ser0001-cg0msb,ACTIVE,4456.289,2188e1d8-a1d5-44ab-8c50-cbde88ba830a,Edge computing reduces latency by processing data closer,agx,10,12.0,ok,agx,1788521735.0573442,280.623,4610.628,4
4827.52,2,5881.132,1788521740.9309778,32,b02-o04-agx-c32,8,False,188.398,llama3.2:1b,etri-ser0001-cg0msb,ACTIVE,4639.122,e80de30c-31af-490b-9b78-bd536fbc8750,Edge computing reduces latency by processing data closer,agx,10,12.0,ok,agx,1788521735.0498464,275.501,4798.011,4
5018.592,2,6076.868,1788521741.1221843,32,b02-o04-agx-c32,8,False,191.28,llama3.2:1b,etri-ser0001-cg0msb,ACTIVE,4827.311,aa7d5adc-1e67-4040-83a7-76d299c6d93f,Edge computing reduces latency by processing data closer,agx,10,12.0,ok,agx,1788521735.0453165,265.692,4988.21,4
5192.339,2,6234.596,1788521741.2958798,32,b02-o04-agx-c32,8,False,173.711,llama3.2:1b,etri-ser0001-cg0msb,ACTIVE,5018.628,0f0689e1-8282-4186-a1e2-143f05da11be,Edge computing reduces latency by processing data closer,agx,10,12.0,ok,agx,1788521735.061284,281.077,5163.527,4
5237.738,2,5239.158,1788521741.4786263,32,b02-o04-agx-c32,8,False,182.654,llama3.2:1b,etri-ser0001-cg0msb,ACTIVE,5055.085,28bfd5d5-9c6e-4e4c-9660-23d8fec2d9eb,Edge computing reduces latency by processing data closer,agx,10,12.0,ok,agx,1788521736.2394698,281.462,5209.157,4
5339.209,2,6593.357,1788521741.654036,32,b02-o04-agx-c32,8,False,175.101,llama3.2:1b,etri-ser0001-cg0msb,ACTIVE,5164.108,68f08978-2fe9-4161-be25-13832e55d949,Edge computing reduces latency by processing data closer,agx,10,12.0,ok,agx,1788521735.06068,275.52,5309.646,4
5532.943,2,6791.737,1788521741.8479693,32,b02-o04-agx-c32,8,False,193.856,llama3.2:1b,etri-ser0001-cg0msb,ACTIVE,5339.087,faa336c3-162a-4689-9237-3b721379b197,Edge computing reduces latency by processing data closer,agx,10,12.0,ok,agx,1788521735.056234,282.217,5503.998,4
5730.982,2,6992.025,1788521742.045972,32,b02-o04-agx-c32,8,False,197.969,llama3.2:1b,etri-ser0001-cg0msb,ACTIVE,5533.013,4ba8c25d-18be-4210-a589-4424dc61dfe6,Edge computing reduces latency by processing data closer,agx,10,12.0,ok,agx,1788521735.0539477,282.466,5702.199,4
5803.762,2,5805.034,1788521742.2283845,32,b02-o04-agx-c32,8,False,182.446,llama3.2:1b,etri-ser0001-cg0msb,ACTIVE,5621.316,50e4f465-025c-47c1-9144-5e55b5aceb25,Edge computing reduces latency by processing data closer,agx,10,12.0,ok,agx,1788521736.4233518,282.326,5775.155,4
5796.712,2,5798.82,1788521742.4101043,32,b02-o04-agx-c32,8,False,181.481,llama3.2:1b,etri-ser0001-cg0msb,ACTIVE,5615.232,33d10fe2-11d7-4b54-835f-1e5ddfcb6dff,Edge computing reduces latency by processing data closer,agx,10,12.0,ok,agx,1788521736.6112862,282.456,5767.836,4
5769.343,2,5770.815,1788521742.5860434,32,b02-o04-agx-c32,8,False,175.961,llama3.2:1b,etri-ser0001-cg0msb,ACTIVE,5593.383,0a1ef80a-0831-4156-820c-fb6cfa307efe,Edge computing reduces latency by processing data closer,agx,10,12.0,ok,agx,1788521736.815229,278.106,5740.02,4
5763.315,2,5765.112,1788521742.7652345,32,b02-o04-agx-c32,8,False,178.983,llama3.2:1b,etri-ser0001-cg0msb,ACTIVE,5584.332,a89c7d9a-99df-4a50-8de3-3e2e11922501,Edge computing reduces latency by processing data closer,agx,10,12.0,ok,agx,1788521737.0001247,283.026,5734.541,4
5830.169,2,7892.375,1788521742.9547312,32,b02-o04-agx-c32,8,False,189.437,llama3.2:1b,etri-ser0001-cg0msb,ACTIVE,5640.732,f884dfec-1d03-4af9-9f74-a301a85c6d00,Edge computing reduces latency by processing data closer,agx,10,12.0,ok,agx,1788521735.062357,283.096,5801.681,4
5918.767,2,5920.258,1788521743.125096,32,b02-o04-agx-c32,8,False,170.421,llama3.2:1b,etri-ser0001-cg0msb,ACTIVE,5748.346,d3c6994a-1fa7-4629-a616-ff6d471d2935,Edge computing reduces latency by processing data closer,agx,10,12.0,ok,agx,1788521737.2048402,282.058,5890.044,4
5920.745,2,5922.114,1788521743.318686,32,b02-o04-agx-c32,8,False,193.483,llama3.2:1b,etri-ser0001-cg0msb,ACTIVE,5727.261,60b25849-ea01-42c8-91df-22a3c5948dbf,Edge computing reduces latency by processing data closer,agx,10,12.0,ok,agx,1788521737.396573,281.779,5892.098,4
5908.16,2,5909.546,1788521743.495293,32,b02-o04-agx-c32,8,False,176.44,llama3.2:1b,etri-ser0001-cg0msb,ACTIVE,5731.72,f54442f8-8904-4379-b304-abe4380d65ce,Edge computing reduces latency by processing data closer,agx,10,12.0,ok,agx,1788521737.585749,278.561,5879.146,4
5905.82,2,5907.157,1788521743.6774838,32,b02-o04-agx-c32,8,False,182.173,llama3.2:1b,etri-ser0001-cg0msb,ACTIVE,5723.647,e80d2545-2c59-468f-be97-8790e1bfe943,Edge computing reduces latency by processing data closer,agx,10,12.0,ok,agx,1788521737.770328,282.526,5876.988,4
5911.986,2,5913.192,1788521743.8543742,32,b02-o04-agx-c32,8,False,176.903,llama3.2:1b,etri-ser0001-cg0msb,ACTIVE,5735.083,b0e21fa6-f806-4479-9533-f323a4c71c50,Edge computing reduces latency by processing data closer,agx,10,12.0,ok,agx,1788521737.9411824,280.299,5883.091,4
5915.953,2,5917.244,1788521744.0383909,32,b02-o04-agx-c32,8,False,183.968,llama3.2:1b,etri-ser0001-cg0msb,ACTIVE,5731.985,e595ccf5-d40d-42d7-a190-fe0829822661,Edge computing reduces latency by processing data closer,agx,10,12.0,ok,agx,1788521738.1211488,276.434,5886.546,4
5923.879,2,5925.587,1788521744.2213216,32,b02-o04-agx-c32,8,False,182.605,llama3.2:1b,etri-ser0001-cg0msb,ACTIVE,5741.274,7873a5bd-ce01-4d59-b172-71d7ebdf1b3d,Edge computing reduces latency by processing data closer,agx,10,12.0,ok,agx,1788521738.2957366,281.314,5895.089,4
5951.532,2,5953.188,1788521744.428569,32,b02-o04-agx-c32,8,False,207.208,llama3.2:1b,etri-ser0001-cg0msb,ACTIVE,5744.325,ea2121ee-286d-476f-b604-035ef1b07256,Edge computing reduces latency by processing data closer,agx,10,12.0,ok,agx,1788521738.4753828,281.918,5922.683,4
5938.801,2,5940.343,1788521744.6170485,32,b02-o04-agx-c32,8,False,188.445,llama3.2:1b,etri-ser0001-cg0msb,ACTIVE,5750.357,4a6aec59-9931-4295-a055-abbb910d4284,Edge computing reduces latency by processing data closer,agx,10,12.0,ok,agx,1788521738.6767075,282.765,5910.099,4
5939.402,2,5940.757,1788521744.791308,32,b02-o04-agx-c32,8,False,174.068,llama3.2:1b,etri-ser0001-cg0msb,ACTIVE,5765.334,b2542ee9-2838-423b-98b2-4624c37a7ef6,Edge computing reduces latency by processing data closer,agx,10,12.0,ok,agx,1788521738.8505528,282.336,5910.724,4
5939.746,2,5941.401,1788521744.9755373,32,b02-o04-agx-c32,8,False,184.174,llama3.2:1b,etri-ser0001-cg0msb,ACTIVE,5755.572,90e023f2-ef18-4fe8-a963-8cc1c2c47710,Edge computing reduces latency by processing data closer,agx,10,12.0,ok,agx,1788521739.0341382,282.915,5911.044,4
5970.181,2,5971.683,1788521745.1799498,32,b02-o04-agx-c32,8,False,204.481,llama3.2:1b,etri-ser0001-cg0msb,ACTIVE,5765.7,95bc8227-83f4-42fd-a85b-1206b39e7944,Edge computing reduces latency by processing data closer,agx,10,12.0,ok,agx,1788521739.2082691,282.576,5941.482,4
5970.156,2,5971.453,1788521745.376873,32,b02-o04-agx-c32,8,False,196.874,llama3.2:1b,etri-ser0001-cg0msb,ACTIVE,5773.282,66999532-f337-473c-879e-809002449e35,Edge computing reduces latency by processing data closer,agx,10,12.0,ok,agx,1788521739.4054208,281.988,5941.479,4
5961.594,2,5963.175,1788521745.5743694,32,b02-o04-agx-c32,8,False,197.214,llama3.2:1b,etri-ser0001-cg0msb,ACTIVE,5764.381,122fd0d8-0301-49fc-a221-fad7d129b054,Edge computing reduces latency by processing data closer,agx,10,12.0,ok,agx,1788521739.6111965,282.147,5932.909,4
5938.591,2,5940.076,1788521745.7724624,32,b02-o04-agx-c32,8,False,198.176,llama3.2:1b,etri-ser0001-cg0msb,ACTIVE,5740.415,d2f66018-9896-4011-af70-73ef8829b108,Edge computing reduces latency by processing data closer,agx,10,12.0,ok,agx,1788521739.8323872,280.662,5909.795,4
5936.874,2,5938.243,1788521745.9582617,32,b02-o04-agx-c32,8,False,185.647,llama3.2:1b,etri-ser0001-cg0msb,ACTIVE,5751.227,21a0062a-14ea-4345-84e4-30cbe081d4e6,Edge computing reduces latency by processing data closer,agx,10,12.0,ok,agx,1788521740.0200202,282.207,5908.287,4
5946.997,2,5948.588,1788521746.1462317,32,b02-o04-agx-c32,8,False,187.741,llama3.2:1b,etri-ser0001-cg0msb,ACTIVE,5759.257,8b25c493-e69b-4851-941a-8873e3200788,Edge computing reduces latency by processing data closer,agx,10,12.0,ok,agx,1788521740.197645,281.998,5918.294,4
5951.667,2,5953.138,1788521746.332618,32,b02-o04-agx-c32,8,False,186.489,llama3.2:1b,etri-ser0001-cg0msb,ACTIVE,5765.178,7e08fea3-6226-49a2-bf39-70b335967c3f,Edge computing reduces latency by processing data closer,agx,10,12.0,ok,agx,1788521740.3794823,283.006,5923.031,4
5968.984,2,5970.791,1788521746.5297406,32,b02-o04-agx-c32,8,False,196.866,llama3.2:1b,etri-ser0001-cg0msb,ACTIVE,5772.118,70c240c1-6771-4826-8a3a-3f64c4c6ddbd,Edge computing reduces latency by processing data closer,agx,10,12.0,ok,agx,1788521740.5589516,282.676,5940.31,4
5973.752,2,5975.195,1788521746.7176008,32,b02-o04-agx-c32,8,False,187.789,llama3.2:1b,etri-ser0001-cg0msb,ACTIVE,5785.963,2cbf9dd3-8092-43cd-844a-a60b6f87415d,Edge computing reduces latency by processing data closer,agx,10,12.0,ok,agx,1788521740.7424078,282.686,5945.062,4
5982.126,2,5983.834,1788521746.9148412,32,b02-o04-agx-c32,8,False,197.109,llama3.2:1b,etri-ser0001-cg0msb,ACTIVE,5785.017,dd09ee68-4e96-4300-a9b3-6a2a74b9a357,Edge computing reduces latency by processing data closer,agx,10,12.0,ok,agx,1788521740.9310086,282.376,5953.44,4
5996.235,2,5997.708,1788521747.119912,32,b02-o04-agx-c32,8,False,205.147,llama3.2:1b,etri-ser0001-cg0msb,ACTIVE,5791.088,c079a42d-0d99-4bd5-870e-0fa129f0d6ad,Edge computing reduces latency by processing data closer,agx,10,12.0,ok,agx,1788521741.122205,282.167,5967.606,4
6011.677,2,6013.226,1788521747.3091264,32,b02-o04-agx-c32,8,False,189.102,llama3.2:1b,etri-ser0001-cg0msb,ACTIVE,5822.575,9ef95765-8a0f-44b4-b651-82b2d5049980,Edge computing reduces latency by processing data closer,agx,10,12.0,ok,agx,1788521741.2959018,282.197,5983.025,4
6030.288,2,6031.72,1788521747.5103655,32,b02-o04-agx-c32,8,False,201.209,llama3.2:1b,etri-ser0001-cg0msb,ACTIVE,5829.079,9ad754d2-faf8-45eb-826a-4690688426a6,Edge computing reduces latency by processing data closer,agx,10,12.0,ok,agx,1788521741.4786472,278.474,6001.419,4
6034.443,2,6035.982,1788521747.6900477,32,b02-o04-agx-c32,8,False,179.591,llama3.2:1b,etri-ser0001-cg0msb,ACTIVE,5854.852,03eb29e8-854e-4af9-b73a-3b86926c3e9e,Edge computing reduces latency by processing data closer,agx,10,12.0,ok,agx,1788521741.654067,282.725,6005.858,4
6015.98,2,6017.392,1788521747.865393,32,b02-o04-agx-c32,8,False,175.258,llama3.2:1b,etri-ser0001-cg0msb,ACTIVE,5840.722,fe89d05d-b4e0-4939-a897-9c28ff40bdce,Edge computing reduces latency by processing data closer,agx,10,12.0,ok,agx,1788521741.8480022,277.277,5986.728,4
6018.577,2,6020.093,1788521748.066095,32,b02-o04-agx-c32,8,False,200.515,llama3.2:1b,etri-ser0001-cg0msb,ACTIVE,5818.062,fbffd494-463a-467d-867a-8b706e1a097f,Edge computing reduces latency by processing data closer,agx,10,12.0,ok,agx,1788521742.0460029,277.537,5989.484,4
6019.021,2,6020.247,1788521748.2486515,32,b02-o04-agx-c32,8,False,182.494,llama3.2:1b,etri-ser0001-cg0msb,ACTIVE,5836.526,0377ab48-8e5e-45e1-a9fa-0388553ea7ff,Edge computing reduces latency by processing data closer,agx,10,12.0,ok,agx,1788521742.228406,281.909,5990.192,4
6017.576,2,6019.204,1788521748.4293382,32,b02-o04-agx-c32,8,False,180.225,llama3.2:1b,etri-ser0001-cg0msb,ACTIVE,5837.351,399aedd1-43d5-4103-a940-c57eb5b2ae3f,Edge computing reduces latency by processing data closer,agx,10,12.0,ok,agx,1788521742.410136,282.446,5988.878,4
6038.992,2,6040.376,1788521748.6264405,32,b02-o04-agx-c32,8,False,197.273,llama3.2:1b,etri-ser0001-cg0msb,ACTIVE,5841.719,6a16820a-a8e7-4dfe-818f-bee5d1f448f5,Edge computing reduces latency by processing data closer,agx,10,12.0,ok,agx,1788521742.586065,280.466,6010.179,4
6045.309,2,6046.96,1788521748.8122249,32,b02-o04-agx-c32,8,False,185.51,llama3.2:1b,etri-ser0001-cg0msb,ACTIVE,5859.8,62119f14-b2c4-4e65-bb0f-56c207ae05ed,Edge computing reduces latency by processing data closer,agx,10,12.0,ok,agx,1788521742.765266,282.516,6016.631,4
6029.895,2,6031.414,1788521748.9861758,32,b02-o04-agx-c32,8,False,174.065,llama3.2:1b,etri-ser0001-cg0msb,ACTIVE,5855.831,bea19592-62d8-409e-8964-e748ed7a6ba1,Edge computing reduces latency by processing data closer,agx,10,12.0,ok,agx,1788521742.954762,282.476,6001.357,4
6051.316,2,6052.807,1788521749.177934,32,b02-o04-agx-c32,8,False,191.597,llama3.2:1b,etri-ser0001-cg0msb,ACTIVE,5859.718,528f6fd9-8040-4cb2-b3f9-da277eb97004,Edge computing reduces latency by processing data closer,agx,10,12.0,ok,agx,1788521743.125128,280.279,6022.363,4
6057.951,2,6059.291,1788521749.378002,32,b02-o04-agx-c32,8,False,199.941,llama3.2:1b,etri-ser0001-cg0msb,ACTIVE,5858.011,599140d0-cfb1-4514-95f6-f4538b927159,Edge computing reduces latency by processing data closer,agx,10,12.0,ok,agx,1788521743.318712,282.306,6029.342,4
6067.559,2,6069.027,1788521749.56435,32,b02-o04-agx-c32,8,False,186.422,llama3.2:1b,etri-ser0001-cg0msb,ACTIVE,5881.137,fd3e94a7-98d2-4656-b972-7ad89fcf516e,Edge computing reduces latency by processing data closer,agx,10,12.0,ok,agx,1788521743.4953234,281.393,6038.745,4
6071.712,2,6073.169,1788521749.7506819,32,b02-o04-agx-c32,8,False,186.226,llama3.2:1b,etri-ser0001-cg0msb,ACTIVE,5885.486,b72364cc-57b1-4464-a23c-fb5e222e9803,Edge computing reduces latency by processing data closer,agx,10,12.0,ok,agx,1788521743.6775143,282.586,6043.158,4
6087.843,2,6089.467,1788521749.9438605,32,b02-o04-agx-c32,8,False,192.857,llama3.2:1b,etri-ser0001-cg0msb,ACTIVE,5894.986,f92e6934-2fbf-4be6-a041-a73cd8add6a2,Edge computing reduces latency by processing data closer,agx,10,12.0,ok,agx,1788521743.854395,281.047,6058.995,4
6098.919,2,6100.45,1788521750.1388712,32,b02-o04-agx-c32,8,False,195.104,llama3.2:1b,etri-ser0001-cg0msb,ACTIVE,5903.815,79026e75-2f09-41af-8ea0-4366a428cb93,Edge computing reduces latency by processing data closer,agx,10,12.0,ok,agx,1788521744.0384223,282.386,6070.375,4
6100.815,2,6102.145,1788521750.3234968,32,b02-o04-agx-c32,8,False,184.557,llama3.2:1b,etri-ser0001-cg0msb,ACTIVE,5916.259,ffe8e47f-38c6-4eb4-ac59-354b034d6b0b,Edge computing reduces latency by processing data closer,agx,10,12.0,ok,agx,1788521744.2213523,282.676,6072.315,4
6085.647,2,6086.969,1788521750.5155675,32,b02-o04-agx-c32,8,False,192.012,llama3.2:1b,etri-ser0001-cg0msb,ACTIVE,5893.635,3c62e769-7d8e-4221-951e-2b4d7a47eb8d,Edge computing reduces latency by processing data closer,agx,10,12.0,ok,agx,1788521744.4286003,281.928,6056.803,4
6096.755,2,6098.356,1788521750.7154324,32,b02-o04-agx-c32,8,False,199.714,llama3.2:1b,etri-ser0001-cg0msb,ACTIVE,5897.04,f090893f-a0b1-4e6d-9ed2-81284d4d989e,Edge computing reduces latency by processing data closer,agx,10,12.0,ok,agx,1788521744.6170785,279.671,6067.685,4
6107.526,2,6108.992,1788521750.900329,32,b02-o04-agx-c32,8,False,184.82,llama3.2:1b,etri-ser0001-cg0msb,ACTIVE,5922.705,4e64c3d4-3246-45c9-9ba0-e1fff2b3503c,Edge computing reduces latency by processing data closer,agx,10,12.0,ok,agx,1788521744.7913382,282.905,6079.098,4
6106.348,2,6107.734,1788521751.0833015,32,b02-o04-agx-c32,8,False,182.879,llama3.2:1b,etri-ser0001-cg0msb,ACTIVE,5923.469,a94e0e97-2e9e-42d7-9bb6-8cb2bd55d4af,Edge computing reduces latency by processing data closer,agx,10,12.0,ok,agx,1788521744.9755685,282.137,6077.668,4
6093.664,2,6095.333,1788521751.2753153,32,b02-o04-agx-c32,8,False,191.661,llama3.2:1b,etri-ser0001-cg0msb,ACTIVE,5902.003,8b0e7ef1-63ed-4d24-b3cb-2092a54e0192,Edge computing reduces latency by processing data closer,agx,10,12.0,ok,agx,1788521745.1799836,281.72,6064.886,4
6080.265,2,6081.634,1788521751.4585273,32,b02-o04-agx-c32,8,False,183.42,llama3.2:1b,etri-ser0001-cg0msb,ACTIVE,5896.845,8010f683-be1b-440c-8b04-d2ff88bd1e93,Edge computing reduces latency by processing data closer,agx,10,12.0,ok,agx,1788521745.3768945,283.026,6051.711,4
6069.804,2,6071.506,1788521751.645904,32,b02-o04-agx-c32,8,False,186.939,llama3.2:1b,etri-ser0001-cg0msb,ACTIVE,5882.865,e5cb601e-90c3-4a65-8cb5-e98c39bcb4f3,Edge computing reduces latency by processing data closer,agx,10,12.0,ok,agx,1788521745.5743997,280.367,6040.952,4
6056.532,2,6057.794,1788521751.8302755,32,b02-o04-agx-c32,8,False,184.536,llama3.2:1b,etri-ser0001-cg0msb,ACTIVE,5871.996,fc91e7ed-2f49-429b-93bb-8ffcc18d45a4,Edge computing reduces latency by processing data closer,agx,10,12.0,ok,agx,1788521745.7724829,282.676,6027.944,4
6048.376,2,6049.903,1788521752.0081863,32,b02-o04-agx-c32,8,False,177.735,llama3.2:1b,etri-ser0001-cg0msb,ACTIVE,5870.641,52f117ad-1c0b-445d-bc54-41f0d2d80596,Edge computing reduces latency by processing data closer,agx,10,12.0,ok,agx,1788521745.9582837,282.048,6019.7,4
6034.899,2,6036.317,1788521752.1825778,32,b02-o04-agx-c32,8,False,174.383,llama3.2:1b,etri-ser0001-cg0msb,ACTIVE,5860.515,48902e16-28d3-44db-aaf5-1ac288f0d4bc,Edge computing reduces latency by processing data closer,agx,10,12.0,ok,agx,1788521746.1462615,282.546,6006.275,4
6026.384,2,6027.827,1788521752.3604777,32,b02-o04-agx-c32,8,False,177.782,llama3.2:1b,etri-ser0001-cg0msb,ACTIVE,5848.602,c047f003-e2bc-422f-95ad-25d342587427,Edge computing reduces latency by processing data closer,agx,10,12.0,ok,agx,1788521746.3326514,279.3,5997.543,4
6036.704,2,6038.46,1788521752.568231,32,b02-o04-agx-c32,8,False,207.38,llama3.2:1b,etri-ser0001-cg0msb,ACTIVE,5829.324,444b9829-a373-4235-9b62-9de2f24f7c06,Edge computing reduces latency by processing data closer,agx,10,12.0,ok,agx,1788521746.5297718,281.037,6007.887,4
6028.258,2,6029.815,1788521752.7474468,32,b02-o04-agx-c32,8,False,179.372,llama3.2:1b,etri-ser0001-cg0msb,ACTIVE,5848.886,b4f91c7a-d88e-48e8-be95-87832c8c50bc,Edge computing reduces latency by processing data closer,agx,10,12.0,ok,agx,1788521746.7176332,282.326,5999.612,4
6018.361,2,6019.855,1788521752.9347239,32,b02-o04-agx-c32,8,False,187.041,llama3.2:1b,etri-ser0001-cg0msb,ACTIVE,5831.32,acf000be-df0c-434c-803c-1c11ede4f611,Edge computing reduces latency by processing data closer,agx,10,12.0,ok,agx,1788521746.914871,280.899,5989.685,4
186.003,2,189.05,1788521756.1347759,8,b02-o05-agx-c8,8,False,186.001,llama3.2:1b,etri-ser0001-cg0msb,ACTIVE,0.002,3425e840-3da5-42d3-9b16-e02902b08eb1,Edge computing reduces latency by processing data closer,agx,11,12.0,ok,agx,1788521755.945728,282.117,157.167,5
364.336,2,367.144,1788521756.313092,8,b02-o05-agx-c8,8,False,178.327,llama3.2:1b,etri-ser0001-cg0msb,ACTIVE,186.01,5199d29d-ea08-42ff-83ba-0e32eefa3917,Edge computing reduces latency by processing data closer,agx,11,12.0,ok,agx,1788521755.945949,282.725,335.76,5
545.266,2,548.686,1788521756.4942226,8,b02-o05-agx-c8,8,False,181.221,llama3.2:1b,etri-ser0001-cg0msb,ACTIVE,364.045,556f3811-ec83-49c4-90e9-28dce2c8bd8a,Edge computing reduces latency by processing data closer,agx,11,12.0,ok,agx,1788521755.9455373,282.626,516.645,5
726.118,2,729.282,1788521756.675482,8,b02-o05-agx-c8,8,False,181.082,llama3.2:1b,etri-ser0001-cg0msb,ACTIVE,545.036,96961fb9-634a-4bf5-86ca-bcf37e053672,Edge computing reduces latency by processing data closer,agx,11,12.0,ok,agx,1788521755.9462008,280.702,697.385,5
899.608,2,903.481,1788521756.850222,8,b02-o05-agx-c8,8,False,174.52,llama3.2:1b,etri-ser0001-cg0msb,ACTIVE,725.087,b2674f14-0674-47d4-8b5e-ce59a394f68e,Edge computing reduces latency by processing data closer,agx,11,12.0,ok,agx,1788521755.946743,282.735,870.981,5
1102.049,2,1106.63,1788521757.0530164,8,b02-o05-agx-c8,8,False,202.664,llama3.2:1b,etri-ser0001-cg0msb,ACTIVE,899.385,1737641c-2580-4ad7-b08a-d1b9d2f59c6a,Edge computing reduces latency by processing data closer,agx,11,12.0,ok,agx,1788521755.9463885,267.29,1071.86,5
1284.574,2,1288.687,1788521757.2355976,8,b02-o05-agx-c8,8,False,182.544,llama3.2:1b,etri-ser0001-cg0msb,ACTIVE,1102.03,8d677045-4cb8-4034-a2a1-582c19b54e75,Edge computing reduces latency by processing data closer,agx,11,12.0,ok,agx,1788521755.946912,282.197,1255.845,5
1459.254,2,1462.974,1788521757.410124,8,b02-o05-agx-c8,8,False,174.663,llama3.2:1b,etri-ser0001-cg0msb,ACTIVE,1284.591,a56e9a18-fab3-48f2-99ae-aceeb9ef8f80,Edge computing reduces latency by processing data closer,agx,11,12.0,ok,agx,1788521755.9471512,282.506,1430.63,5
1468.238,2,1469.952,1788521757.6047559,8,b02-o05-agx-c8,8,False,194.197,llama3.2:1b,etri-ser0001-cg0msb,ACTIVE,1274.041,73b78f96-7b38-467c-b96d-cad89dfda2dc,Edge computing reduces latency by processing data closer,agx,11,12.0,ok,agx,1788521756.1348062,281.294,1439.251,5
1477.244,2,1478.579,1788521757.7916913,8,b02-o05-agx-c8,8,False,186.987,llama3.2:1b,etri-ser0001-cg0msb,ACTIVE,1290.257,bb251b41-13ea-4c09-aaed-f27bfc1b2e6b,Edge computing reduces latency by processing data closer,agx,11,12.0,ok,agx,1788521756.3131144,278.649,1448.0,5
1484.073,2,1485.768,1788521757.98001,8,b02-o05-agx-c8,8,False,187.958,llama3.2:1b,etri-ser0001-cg0msb,ACTIVE,1296.115,fcfde55d-66fe-413a-be5f-b7228f1c0dc4,Edge computing reduces latency by processing data closer,agx,11,12.0,ok,agx,1788521756.494244,280.85,1455.202,5
1502.145,2,1503.688,1788521758.1791897,8,b02-o05-agx-c8,8,False,199.171,llama3.2:1b,etri-ser0001-cg0msb,ACTIVE,1302.974,52ff31a9-0a4b-4347-b611-901f570571d5,Edge computing reduces latency by processing data closer,agx,11,12.0,ok,agx,1788521756.6755037,277.489,1472.991,5
1532.993,2,1534.488,1788521758.3847392,8,b02-o05-agx-c8,8,False,205.618,llama3.2:1b,etri-ser0001-cg0msb,ACTIVE,1327.376,0a1911f8-0810-45f9-be95-e73f1aed60b8,Edge computing reduces latency by processing data closer,agx,11,12.0,ok,agx,1788521756.8502524,282.875,1504.391,5
1526.35,2,1528.006,1788521758.5810544,8,b02-o05-agx-c8,8,False,196.218,llama3.2:1b,etri-ser0001-cg0msb,ACTIVE,1330.132,089533b1-0ae8-4acc-ae35-c8c0166ad432,Edge computing reduces latency by processing data closer,agx,11,12.0,ok,agx,1788521757.0530493,281.65,1497.652,5
1520.675,2,1522.191,1788521758.757817,8,b02-o05-agx-c8,8,False,176.636,llama3.2:1b,etri-ser0001-cg0msb,ACTIVE,1344.04,4a9af99b-93f6-4e88-9ca7-b4b2d3393088,Edge computing reduces latency by processing data closer,agx,11,12.0,ok,agx,1788521757.2356286,282.835,1492.234,5
1545.837,2,1547.348,1788521758.957501,8,b02-o05-agx-c8,8,False,199.658,llama3.2:1b,etri-ser0001-cg0msb,ACTIVE,1346.179,fda4ad65-135b-4212-9ff5-5d8db3bfe0e0,Edge computing reduces latency by processing data closer,agx,11,12.0,ok,agx,1788521757.4101532,282.945,1517.329,5
1534.869,2,1536.398,1788521759.141184,8,b02-o05-agx-c8,8,False,183.674,llama3.2:1b,etri-ser0001-cg0msb,ACTIVE,1351.195,df4b8b9b-4492-428e-9497-c9faa5c292e4,Edge computing reduces latency by processing data closer,agx,11,12.0,ok,agx,1788521757.6047864,281.403,1506.313,5
1559.928,2,1561.449,1788521759.3531704,8,b02-o05-agx-c8,8,False,211.96,llama3.2:1b,etri-ser0001-cg0msb,ACTIVE,1347.968,a5f196ce-7f52-4302-adeb-784cdd7866f1,Edge computing reduces latency by processing data closer,agx,11,12.0,ok,agx,1788521757.791722,282.376,1531.458,5
1545.044,2,1546.685,1788521759.5267265,8,b02-o05-agx-c8,8,False,173.241,llama3.2:1b,etri-ser0001-cg0msb,ACTIVE,1371.803,343462f4-f5e9-4d68-b8ca-68628c70b59a,Edge computing reduces latency by processing data closer,agx,11,12.0,ok,agx,1788521757.980043,279.466,1515.964,5
1519.805,2,1521.036,1788521759.7002542,8,b02-o05-agx-c8,8,False,173.713,llama3.2:1b,etri-ser0001-cg0msb,ACTIVE,1346.092,474a5c32-e0f9-42dd-b0dc-63091813712d,Edge computing reduces latency by processing data closer,agx,11,12.0,ok,agx,1788521758.179219,279.877,1490.963,5
1516.316,2,1517.927,1788521759.902686,8,b02-o05-agx-c8,8,False,201.933,llama3.2:1b,etri-ser0001-cg0msb,ACTIVE,1314.383,00cd13d7-c19b-4558-b9d7-031b5d0dd2a6,Edge computing reduces latency by processing data closer,agx,11,12.0,ok,agx,1788521758.384761,281.779,1487.383,5
1501.467,2,1502.815,1788521760.0838904,8,b02-o05-agx-c8,8,False,181.37,llama3.2:1b,etri-ser0001-cg0msb,ACTIVE,1320.096,68d3195c-b5f3-4b5b-af38-52054581f4db,Edge computing reduces latency by processing data closer,agx,11,12.0,ok,agx,1788521758.5810761,282.705,1472.936,5
1504.857,2,1506.072,1788521760.2639186,8,b02-o05-agx-c8,8,False,180.011,llama3.2:1b,etri-ser0001-cg0msb,ACTIVE,1324.846,7636e8a0-0a67-4433-ab60-89083abb72fe,Edge computing reduces latency by processing data closer,agx,11,12.0,ok,agx,1788521758.757847,282.038,1476.243,5
1486.014,2,1487.434,1788521760.444955,8,b02-o05-agx-c8,8,False,180.842,llama3.2:1b,etri-ser0001-cg0msb,ACTIVE,1305.172,ce5d9ac9-7a8a-410c-8f5a-8e8347020bc9,Edge computing reduces latency by processing data closer,agx,11,12.0,ok,agx,1788521758.9575222,282.666,1457.486,5
1497.587,2,1498.867,1788521760.64007,8,b02-o05-agx-c8,8,False,195.007,llama3.2:1b,etri-ser0001-cg0msb,ACTIVE,1302.581,fcbda670-a25c-4bf8-9e6a-7f86b927e49b,Edge computing reduces latency by processing data closer,agx,11,12.0,ok,agx,1788521759.1412034,278.959,1468.521,5
1473.787,2,1474.954,1788521760.828146,8,b02-o05-agx-c8,8,False,188.12,llama3.2:1b,etri-ser0001-cg0msb,ACTIVE,1285.667,c17cfbed-ce06-4938-8079-f3a0d13c27da,Edge computing reduces latency by processing data closer,agx,11,12.0,ok,agx,1788521759.3531928,281.998,1444.971,5
1501.647,2,1503.167,1788521761.029923,8,b02-o05-agx-c8,8,False,201.551,llama3.2:1b,etri-ser0001-cg0msb,ACTIVE,1300.096,0cc58efb-5994-43c2-a7b5-a69e5e756399,Edge computing reduces latency by processing data closer,agx,11,12.0,ok,agx,1788521759.5267568,279.018,1472.713,5
1513.302,2,1514.712,1788521761.2149868,8,b02-o05-agx-c8,8,False,184.977,llama3.2:1b,etri-ser0001-cg0msb,ACTIVE,1328.326,927cbf2e-5080-466e-b53a-b6c4afd62144,Edge computing reduces latency by processing data closer,agx,11,12.0,ok,agx,1788521759.7002757,282.416,1484.725,5
1500.5,2,1501.988,1788521761.4047053,8,b02-o05-agx-c8,8,False,189.691,llama3.2:1b,etri-ser0001-cg0msb,ACTIVE,1310.809,5c695544-a503-4c7f-89b9-8f06d83186bf,Edge computing reduces latency by processing data closer,agx,11,12.0,ok,agx,1788521759.9027183,282.157,1471.832,5
1531.251,2,1532.758,1788521761.6166682,8,b02-o05-agx-c8,8,False,211.766,llama3.2:1b,etri-ser0001-cg0msb,ACTIVE,1319.485,253ab8f5-974f-406c-bbb1-4572dd2f27bd,Edge computing reduces latency by processing data closer,agx,11,12.0,ok,agx,1788521760.083912,282.845,1502.647,5
1529.799,2,1531.082,1788521761.7950218,8,b02-o05-agx-c8,8,False,178.405,llama3.2:1b,etri-ser0001-cg0msb,ACTIVE,1351.394,fd4acd4b-033c-4970-986c-d7c6bbbb7c7b,Edge computing reduces latency by processing data closer,agx,11,12.0,ok,agx,1788521760.2639422,282.845,1501.256,5
1528.993,2,1530.287,1788521761.9752662,8,b02-o05-agx-c8,8,False,180.261,llama3.2:1b,etri-ser0001-cg0msb,ACTIVE,1348.732,2737b836-e697-41ca-b483-664683197e15,Edge computing reduces latency by processing data closer,agx,11,12.0,ok,agx,1788521760.44498,283.036,1500.508,5
1527.347,2,1528.646,1788521762.1687365,8,b02-o05-agx-c8,8,False,193.34,llama3.2:1b,etri-ser0001-cg0msb,ACTIVE,1334.006,d3f2dd1b-d492-4e7e-8e6a-951ec4aac545,Edge computing reduces latency by processing data closer,agx,11,12.0,ok,agx,1788521760.6400912,282.885,1498.891,5
1522.492,2,1523.986,1788521762.3521514,8,b02-o05-agx-c8,8,False,183.261,llama3.2:1b,etri-ser0001-cg0msb,ACTIVE,1339.231,c795d364-1258-4fd2-aba4-1fbc232d06fc,Edge computing reduces latency by processing data closer,agx,11,12.0,ok,agx,1788521760.8281667,281.928,1493.999,5
1510.85,2,1512.456,1788521762.5424042,8,b02-o05-agx-c8,8,False,190.09,llama3.2:1b,etri-ser0001-cg0msb,ACTIVE,1320.761,21fa215b-6130-41ae-85f2-bf7d094c6019,Edge computing reduces latency by processing data closer,agx,11,12.0,ok,agx,1788521761.0299492,282.985,1482.266,5
1510.58,2,1511.965,1788521762.7269752,8,b02-o05-agx-c8,8,False,184.346,llama3.2:1b,etri-ser0001-cg0msb,ACTIVE,1326.234,9e0b0a51-4be9-4074-9379-d5ffa58f9703,Edge computing reduces latency by processing data closer,agx,11,12.0,ok,agx,1788521761.215012,280.102,1481.765,5
1544.399,2,1545.873,1788521762.9505966,8,b02-o05-agx-c8,8,False,223.535,llama3.2:1b,etri-ser0001-cg0msb,ACTIVE,1320.864,c76db84c-9759-4771-89d7-15a42e128e25,Edge computing reduces latency by processing data closer,agx,11,12.0,ok,agx,1788521761.4047256,282.765,1515.619,5
1538.82,2,1540.343,1788521763.1570415,8,b02-o05-agx-c8,8,False,206.538,llama3.2:1b,etri-ser0001-cg0msb,ACTIVE,1332.282,fd99cf28-73c7-498b-90f7-30d65daafade,Edge computing reduces latency by processing data closer,agx,11,12.0,ok,agx,1788521761.616699,276.826,1509.718,5
1550.062,2,1551.215,1788521763.3462682,8,b02-o05-agx-c8,8,False,189.277,llama3.2:1b,etri-ser0001-cg0msb,ACTIVE,1360.785,e39452b1-773f-4790-b975-2c05825b2a30,Edge computing reduces latency by processing data closer,agx,11,12.0,ok,agx,1788521761.7950537,283.016,1521.535,5
1554.114,2,1555.279,1788521763.5305657,8,b02-o05-agx-c8,8,False,184.145,llama3.2:1b,etri-ser0001-cg0msb,ACTIVE,1369.97,35819ea5-abbb-419b-9206-7c3b074c7eca,Edge computing reduces latency by processing data closer,agx,11,12.0,ok,agx,1788521761.9752874,282.346,1525.284,5
1543.753,2,1545.399,1788521763.7141545,8,b02-o05-agx-c8,8,False,183.208,llama3.2:1b,etri-ser0001-cg0msb,ACTIVE,1360.545,36977650-30b1-4239-8f7f-40e1789fcf8d,Edge computing reduces latency by processing data closer,agx,11,12.0,ok,agx,1788521762.1687577,278.135,1514.605,5
1557.453,2,1559.298,1788521763.9114687,8,b02-o05-agx-c8,8,False,197.266,llama3.2:1b,etri-ser0001-cg0msb,ACTIVE,1360.187,f32da5f3-858b-40ef-9ca8-e781ca8cdf05,Edge computing reduces latency by processing data closer,agx,11,12.0,ok,agx,1788521762.352173,281.849,1528.562,5
1557.902,2,1559.307,1788521764.101732,8,b02-o05-agx-c8,8,False,190.3,llama3.2:1b,etri-ser0001-cg0msb,ACTIVE,1367.602,e47bb0de-7ddd-41dd-8624-b42519b580b1,Edge computing reduces latency by processing data closer,agx,11,12.0,ok,agx,1788521762.5424256,281.047,1529.157,5
1559.882,2,1561.315,1788521764.2883193,8,b02-o05-agx-c8,8,False,186.398,llama3.2:1b,etri-ser0001-cg0msb,ACTIVE,1373.483,3cb005bf-1b14-42c4-a203-3ea3c55081e9,Edge computing reduces latency by processing data closer,agx,11,12.0,ok,agx,1788521762.7270064,282.696,1531.232,5
1519.973,2,1521.346,1788521764.471972,8,b02-o05-agx-c8,8,False,183.693,llama3.2:1b,etri-ser0001-cg0msb,ACTIVE,1336.281,422bbd97-bbc8-4b11-a839-6e28c7edccaa,Edge computing reduces latency by processing data closer,agx,11,12.0,ok,agx,1788521762.950628,278.145,1491.054,5
1509.325,2,1510.859,1788521764.6679199,8,b02-o05-agx-c8,8,False,195.652,llama3.2:1b,etri-ser0001-cg0msb,ACTIVE,1313.673,c865733f-7a82-4275-bd80-e06485de4ba1,Edge computing reduces latency by processing data closer,agx,11,12.0,ok,agx,1788521763.1570628,279.417,1480.422,5
1503.709,2,1505.061,1788521764.8513498,8,b02-o05-agx-c8,8,False,183.614,llama3.2:1b,etri-ser0001-cg0msb,ACTIVE,1320.095,dae5bf0b-0ec2-49f7-892b-14d2f0d192bf,Edge computing reduces latency by processing data closer,agx,11,12.0,ok,agx,1788521763.3462899,282.038,1475.149,5
1507.344,2,1508.56,1788521765.0391452,8,b02-o05-agx-c8,8,False,187.613,llama3.2:1b,etri-ser0001-cg0msb,ACTIVE,1319.732,e3c37ae5-2c69-45b1-ba93-e24119983114,Edge computing reduces latency by processing data closer,agx,11,12.0,ok,agx,1788521763.5305872,280.731,1478.538,5
1504.748,2,1506.324,1788521765.2205093,8,b02-o05-agx-c8,8,False,181.275,llama3.2:1b,etri-ser0001-cg0msb,ACTIVE,1323.472,bec1c9f2-9261-4bf3-a502-7e4f05476f1d,Edge computing reduces latency by processing data closer,agx,11,12.0,ok,agx,1788521763.714187,283.076,1476.259,5
1504.482,2,1506.207,1788521765.4177058,8,b02-o05-agx-c8,8,False,196.918,llama3.2:1b,etri-ser0001-cg0msb,ACTIVE,1307.563,8170166b-a465-4d2d-9086-bb9c736ad76e,Edge computing reduces latency by processing data closer,agx,11,12.0,ok,agx,1788521763.9115012,282.725,1475.921,5
1492.574,2,1493.918,1788521765.5956712,8,b02-o05-agx-c8,8,False,178.17,llama3.2:1b,etri-ser0001-cg0msb,ACTIVE,1314.404,6710aa15-e22b-416b-af64-da9c63959067,Edge computing reduces latency by processing data closer,agx,11,12.0,ok,agx,1788521764.101754,282.745,1463.904,5
1485.717,2,1487.312,1788521765.7756605,8,b02-o05-agx-c8,8,False,179.675,llama3.2:1b,etri-ser0001-cg0msb,ACTIVE,1306.042,4d9f4d1e-15f3-495f-9f33-29e153fa4fb4,Edge computing reduces latency by processing data closer,agx,11,12.0,ok,agx,1788521764.28835,275.226,1456.373,5
1484.84,2,1486.335,1788521765.9583406,8,b02-o05-agx-c8,8,False,182.754,llama3.2:1b,etri-ser0001-cg0msb,ACTIVE,1302.086,4ed489f1-0681-439d-bbce-4821b48f0ace,Edge computing reduces latency by processing data closer,agx,11,12.0,ok,agx,1788521764.4720058,281.789,1455.923,5
1476.234,2,1477.739,1788521766.145694,8,b02-o05-agx-c8,8,False,187.167,llama3.2:1b,etri-ser0001-cg0msb,ACTIVE,1289.067,b98f6ca2-3e8f-4905-8f90-4195eb22cf8f,Edge computing reduces latency by processing data closer,agx,11,12.0,ok,agx,1788521764.6679568,281.215,1447.472,5
1485.101,2,1486.728,1788521766.3380985,8,b02-o05-agx-c8,8,False,192.214,llama3.2:1b,etri-ser0001-cg0msb,ACTIVE,1292.888,b18b7e5c-0a80-4db6-97ef-960fb0f5ca75,Edge computing reduces latency by processing data closer,agx,11,12.0,ok,agx,1788521764.851372,282.406,1456.26,5
1479.531,2,1481.03,1788521766.5202074,8,b02-o05-agx-c8,8,False,181.981,llama3.2:1b,etri-ser0001-cg0msb,ACTIVE,1297.55,4afd9931-6b5e-4828-b9a9-2af821bac878,Edge computing reduces latency by processing data closer,agx,11,12.0,ok,agx,1788521765.0391781,282.336,1450.842,5
1488.419,2,1489.918,1788521766.710457,8,b02-o05-agx-c8,8,False,190.312,llama3.2:1b,etri-ser0001-cg0msb,ACTIVE,1298.106,2e6a30a1-5eb3-44e4-a89f-867c0d5810a2,Edge computing reduces latency by processing data closer,agx,11,12.0,ok,agx,1788521765.2205408,283.126,1459.767,5
1475.863,2,1477.39,1788521766.8951263,8,b02-o05-agx-c8,8,False,184.592,llama3.2:1b,etri-ser0001-cg0msb,ACTIVE,1291.271,f9eed798-9fad-4db8-9efa-18901d86f369,Edge computing reduces latency by processing data closer,agx,11,12.0,ok,agx,1788521765.417737,282.556,1447.336,5
1480.481,2,1481.775,1788521767.077464,8,b02-o05-agx-c8,8,False,182.247,llama3.2:1b,etri-ser0001-cg0msb,ACTIVE,1298.234,8c1de830-a501-42d9-9234-af53407e1a07,Edge computing reduces latency by processing data closer,agx,11,12.0,ok,agx,1788521765.5956905,282.905,1451.961,5
1492.288,2,1493.986,1788521767.2696753,8,b02-o05-agx-c8,8,False,191.911,llama3.2:1b,etri-ser0001-cg0msb,ACTIVE,1300.377,61ad1608-b70c-49dc-b250-bb43696250cc,Edge computing reduces latency by processing data closer,agx,11,12.0,ok,agx,1788521765.7756913,280.623,1463.438,5
1493.838,2,1495.143,1788521767.453506,8,b02-o05-agx-c8,8,False,183.883,llama3.2:1b,etri-ser0001-cg0msb,ACTIVE,1309.955,a3cdc138-67ee-4ab6-bed3-1b238e8bf18b,Edge computing reduces latency by processing data closer,agx,11,12.0,ok,agx,1788521765.958364,279.759,1465.063,5
1497.963,2,1499.516,1788521767.645243,8,b02-o05-agx-c8,8,False,191.575,llama3.2:1b,etri-ser0001-cg0msb,ACTIVE,1306.388,14a7e221-f024-4be7-b79a-23e3e41ed585,Edge computing reduces latency by processing data closer,agx,11,12.0,ok,agx,1788521766.1457288,281.67,1469.234,5
1506.229,2,1507.878,1788521767.8460066,8,b02-o05-agx-c8,8,False,200.647,llama3.2:1b,etri-ser0001-cg0msb,ACTIVE,1305.582,6f48808c-67db-41d0-9196-162ceaad7afc,Edge computing reduces latency by processing data closer,agx,11,12.0,ok,agx,1788521766.3381302,278.61,1476.886,5
1523.652,2,1525.075,1788521768.0453033,8,b02-o05-agx-c8,8,False,199.297,llama3.2:1b,etri-ser0001-cg0msb,ACTIVE,1324.355,10c5ac95-2677-4f28-b479-497fb2754d7e,Edge computing reduces latency by processing data closer,agx,11,12.0,ok,agx,1788521766.5202308,279.359,1494.751,5
1508.014,2,1509.361,1788521768.219848,8,b02-o05-agx-c8,8,False,174.492,llama3.2:1b,etri-ser0001-cg0msb,ACTIVE,1333.522,3df08ffb-1c1b-4a10-a6ca-5279c426c059,Edge computing reduces latency by processing data closer,agx,11,12.0,ok,agx,1788521766.7104878,282.356,1479.379,5
1516.53,2,1518.155,1788521768.413301,8,b02-o05-agx-c8,8,False,193.135,llama3.2:1b,etri-ser0001-cg0msb,ACTIVE,1323.394,f1c39466-2488-446f-be41-261e46399923,Edge computing reduces latency by processing data closer,agx,11,12.0,ok,agx,1788521766.8951476,280.132,1487.683,5
1530.333,2,1531.651,1788521768.6091354,8,b02-o05-agx-c8,8,False,195.818,llama3.2:1b,etri-ser0001-cg0msb,ACTIVE,1334.515,c71219b3-5e81-416b-bb1b-e85e709422ff,Edge computing reduces latency by processing data closer,agx,11,12.0,ok,agx,1788521767.0774853,281.472,1501.499,5
1524.754,2,1526.111,1788521768.7958148,8,b02-o05-agx-c8,8,False,186.609,llama3.2:1b,etri-ser0001-cg0msb,ACTIVE,1338.144,4fe0ebc4-f41a-4cb5-b79c-11618c2b2bb2,Edge computing reduces latency by processing data closer,agx,11,12.0,ok,agx,1788521767.269706,282.038,1496.153,5
1546.685,2,1547.811,1788521769.0013385,8,b02-o05-agx-c8,8,False,205.59,llama3.2:1b,etri-ser0001-cg0msb,ACTIVE,1341.096,b85139ef-b9f1-4f21-822b-9d9e15667316,Edge computing reduces latency by processing data closer,agx,11,12.0,ok,agx,1788521767.4535284,282.815,1517.857,5
1564.824,2,1566.477,1788521769.2117486,8,b02-o05-agx-c8,8,False,210.073,llama3.2:1b,etri-ser0001-cg0msb,ACTIVE,1354.751,1771a69e-16ec-42e1-820c-f82c1b5feb46,Edge computing reduces latency by processing data closer,agx,11,12.0,ok,agx,1788521767.6452734,271.942,1535.591,5
1551.659,2,1552.987,1788521769.3990235,8,b02-o05-agx-c8,8,False,187.484,llama3.2:1b,etri-ser0001-cg0msb,ACTIVE,1364.174,1acc07c9-6b99-4789-814d-f5bef130f659,Edge computing reduces latency by processing data closer,agx,11,12.0,ok,agx,1788521767.8460374,276.922,1522.52,5
191.934,2,194.52,1788521772.602801,2,b02-o06-agx-c2,8,False,191.93,llama3.2:1b,etri-ser0001-cg0msb,ACTIVE,0.004,d393fc78-09b7-4c50-b0aa-a520eb125996,Edge computing reduces latency by processing data closer,agx,12,12.0,ok,agx,1788521772.4082825,282.656,163.24,6
413.082,2,416.144,1788521772.8241236,2,b02-o06-agx-c2,8,False,221.176,llama3.2:1b,etri-ser0001-cg0msb,ACTIVE,191.906,c5069469-7a95-47d6-b924-95c80079e98e,Edge computing reduces latency by processing data closer,agx,12,12.0,ok,agx,1788521772.40798,281.462,384.372,6
400.687,2,402.395,1788521773.0052261,2,b02-o06-agx-c2,8,False,181.05,llama3.2:1b,etri-ser0001-cg0msb,ACTIVE,219.637,ca4eac96-3c08-4d12-9248-ce05a44f931b,Edge computing reduces latency by processing data closer,agx,12,12.0,ok,agx,1788521772.6028326,282.187,372.006,6
368.63,2,369.998,1788521773.1941457,2,b02-o06-agx-c2,8,False,189.132,llama3.2:1b,etri-ser0001-cg0msb,ACTIVE,179.499,530f04fe-4235-4b11-97c5-8e2c06b91082,Edge computing reduces latency by processing data closer,agx,12,12.0,ok,agx,1788521772.824149,279.691,339.745,6
383.844,2,385.456,1788521773.3907108,2,b02-o06-agx-c2,8,False,196.124,llama3.2:1b,etri-ser0001-cg0msb,ACTIVE,187.721,e7fa162a-37d8-4344-a771-9c42b9282a62,Edge computing reduces latency by processing data closer,agx,12,12.0,ok,agx,1788521773.005257,279.154,354.766,6
396.543,2,397.979,1788521773.5921438,2,b02-o06-agx-c2,8,False,201.3,llama3.2:1b,etri-ser0001-cg0msb,ACTIVE,195.243,2ab8677d-e7ae-4443-8f9e-2d0389680ea7,Edge computing reduces latency by processing data closer,agx,12,12.0,ok,agx,1788521773.1941674,283.196,367.828,6
398.543,2,400.341,1788521773.79108,2,b02-o06-agx-c2,8,False,198.844,llama3.2:1b,etri-ser0001-cg0msb,ACTIVE,199.699,30c9b79a-8815-4a2d-b039-ee1317d0e958,Edge computing reduces latency by processing data closer,agx,12,12.0,ok,agx,1788521773.3907406,279.926,369.56,6
383.708,2,385.222,1788521773.977397,2,b02-o06-agx-c2,8,False,186.36,llama3.2:1b,etri-ser0001-cg0msb,ACTIVE,197.349,e61e8b99-4d4f-49f6-9858-f8458f5c6463,Edge computing reduces latency by processing data closer,agx,12,12.0,ok,agx,1788521773.592176,280.495,355.021,6
364.868,2,366.475,1788521774.1575844,2,b02-o06-agx-c2,8,False,180.043,llama3.2:1b,etri-ser0001-cg0msb,ACTIVE,184.825,a4959324-0cbe-4698-bda8-efae5d649a11,Edge computing reduces latency by processing data closer,agx,12,12.0,ok,agx,1788521773.7911115,280.151,335.991,6
352.09,2,353.523,1788521774.330939,2,b02-o06-agx-c2,8,False,173.196,llama3.2:1b,etri-ser0001-cg0msb,ACTIVE,178.893,adfa179c-654d-4ef0-8453-ee1b0813abae,Edge computing reduces latency by processing data closer,agx,12,12.0,ok,agx,1788521773.9774182,281.561,323.178,6
357.649,2,359.037,1788521774.516651,2,b02-o06-agx-c2,8,False,185.907,llama3.2:1b,etri-ser0001-cg0msb,ACTIVE,171.742,89630895-5139-4b71-963e-9005cf0c0f40,Edge computing reduces latency by processing data closer,agx,12,12.0,ok,agx,1788521774.1576152,283.006,329.147,6
384.011,2,385.436,1788521774.7164075,2,b02-o06-agx-c2,8,False,199.682,llama3.2:1b,etri-ser0001-cg0msb,ACTIVE,184.329,0cb094c6-0a1b-48f6-b8e1-2a687a3fe12e,Edge computing reduces latency by processing data closer,agx,12,12.0,ok,agx,1788521774.3309727,277.836,354.927,6
377.719,2,379.151,1788521774.895822,2,b02-o06-agx-c2,8,False,179.252,llama3.2:1b,etri-ser0001-cg0msb,ACTIVE,198.466,51851361-d017-4525-81a6-dfb5d6c90029,Edge computing reduces latency by processing data closer,agx,12,12.0,ok,agx,1788521774.5166724,282.376,349.186,6
361.967,2,363.32,1788521775.0797465,2,b02-o06-agx-c2,8,False,183.699,llama3.2:1b,etri-ser0001-cg0msb,ACTIVE,178.268,8b69306f-eebd-4d55-baf7-26265f6db2f1,Edge computing reduces latency by processing data closer,agx,12,12.0,ok,agx,1788521774.716429,281.581,333.115,6
397.152,2,398.462,1788521775.2943046,2,b02-o06-agx-c2,8,False,214.692,llama3.2:1b,etri-ser0001-cg0msb,ACTIVE,182.46,fbf48f27-de98-47c9-81dc-395acf9ad3bc,Edge computing reduces latency by processing data closer,agx,12,12.0,ok,agx,1788521774.8958437,280.741,368.521,6
412.371,2,413.983,1788521775.4937592,2,b02-o06-agx-c2,8,False,199.178,llama3.2:1b,etri-ser0001-cg0msb,ACTIVE,213.193,e2a695c6-fec5-4edd-b712-bf2f993353dc,Edge computing reduces latency by processing data closer,agx,12,12.0,ok,agx,1788521775.0797787,282.656,383.653,6
407.502,2,408.64,1788521775.702966,2,b02-o06-agx-c2,8,False,209.316,llama3.2:1b,etri-ser0001-cg0msb,ACTIVE,198.185,0384a146-0f78-49a8-9794-7092e1e928c4,Edge computing reduces latency by processing data closer,agx,12,12.0,ok,agx,1788521775.2943275,282.157,378.919,6
387.413,2,389.042,1788521775.8828304,2,b02-o06-agx-c2,8,False,179.528,llama3.2:1b,etri-ser0001-cg0msb,ACTIVE,207.885,efe95777-9eb8-47de-9f9a-80b2040b7097,Edge computing reduces latency by processing data closer,agx,12,12.0,ok,agx,1788521775.4937904,282.745,358.645,6
383.07,2,384.227,1788521776.087214,2,b02-o06-agx-c2,8,False,204.519,llama3.2:1b,etri-ser0001-cg0msb,ACTIVE,178.551,931beaa1-6b3f-4995-ab17-ac9229322e12,Edge computing reduces latency by processing data closer,agx,12,12.0,ok,agx,1788521775.7029874,282.446,354.574,6
392.616,2,394.263,1788521776.2771242,2,b02-o06-agx-c2,8,False,189.695,llama3.2:1b,etri-ser0001-cg0msb,ACTIVE,202.921,d24dff55-256f-487c-8093-bacad0fd4632,Edge computing reduces latency by processing data closer,agx,12,12.0,ok,agx,1788521775.882862,282.476,363.91,6
413.66,2,415.138,1788521776.502371,2,b02-o06-agx-c2,8,False,224.987,llama3.2:1b,etri-ser0001-cg0msb,ACTIVE,188.672,e224d657-8533-451c-b6be-0494e76f3a82,Edge computing reduces latency by processing data closer,agx,12,12.0,ok,agx,1788521776.0872357,282.346,385.092,6
438.764,2,440.18,1788521776.7173274,2,b02-o06-agx-c2,8,False,215.208,llama3.2:1b,etri-ser0001-cg0msb,ACTIVE,223.556,8a482a5d-f923-4a74-9bfb-545eb5d0e416,Edge computing reduces latency by processing data closer,agx,12,12.0,ok,agx,1788521776.2771485,282.167,410.23,6
404.082,2,405.462,1788521776.9078634,2,b02-o06-agx-c2,8,False,190.407,llama3.2:1b,etri-ser0001-cg0msb,ACTIVE,213.675,4b894193-bcc1-4224-bb8c-b1ed742dab5b,Edge computing reduces latency by processing data closer,agx,12,12.0,ok,agx,1788521776.5024016,281.047,375.369,6
383.886,2,385.178,1788521777.1025212,2,b02-o06-agx-c2,8,False,194.412,llama3.2:1b,etri-ser0001-cg0msb,ACTIVE,189.474,46bcbe63-22dc-4ee9-82e7-b1888cfb7c17,Edge computing reduces latency by processing data closer,agx,12,12.0,ok,agx,1788521776.7173452,282.905,355.322,6
377.474,2,378.864,1788521777.2867475,2,b02-o06-agx-c2,8,False,184.366,llama3.2:1b,etri-ser0001-cg0msb,ACTIVE,193.108,4624447a-8da7-433b-8a49-2c2df0639a33,Edge computing reduces latency by processing data closer,agx,12,12.0,ok,agx,1788521776.9078846,282.426,349.034,6
358.506,2,360.002,1788521777.4625509,2,b02-o06-agx-c2,8,False,175.614,llama3.2:1b,etri-ser0001-cg0msb,ACTIVE,182.892,507d1313-86fe-4f89-a811-edf0bf31274e,Edge computing reduces latency by processing data closer,agx,12,12.0,ok,agx,1788521777.1025507,282.028,329.883,6
364.697,2,366.217,1788521777.652985,2,b02-o06-agx-c2,8,False,190.317,llama3.2:1b,etri-ser0001-cg0msb,ACTIVE,174.381,7a9e92be-2629-4e0c-b29e-b14e437ab48f,Edge computing reduces latency by processing data closer,agx,12,12.0,ok,agx,1788521777.2867703,275.406,335.308,6
393.077,2,394.745,1788521777.857326,2,b02-o06-agx-c2,8,False,204.066,llama3.2:1b,etri-ser0001-cg0msb,ACTIVE,189.011,88ed825b-1780-4936-90d0-4843125ecb2f,Edge computing reduces latency by processing data closer,agx,12,12.0,ok,agx,1788521777.4625826,279.135,363.935,6
398.768,2,400.194,1788521778.0532098,2,b02-o06-agx-c2,8,False,195.986,llama3.2:1b,etri-ser0001-cg0msb,ACTIVE,202.782,35675516-773b-4ae3-bee1-5f0a4145c07c,Edge computing reduces latency by processing data closer,agx,12,12.0,ok,agx,1788521777.653017,282.167,370.005,6
392.559,2,394.278,1788521778.251632,2,b02-o06-agx-c2,8,False,198.185,llama3.2:1b,etri-ser0001-cg0msb,ACTIVE,194.374,a6900167-49b7-4cca-a67a-949f715295c9,Edge computing reduces latency by processing data closer,agx,12,12.0,ok,agx,1788521777.857356,280.919,363.82,6
368.536,2,369.598,1788521778.4228284,2,b02-o06-agx-c2,8,False,171.312,llama3.2:1b,etri-ser0001-cg0msb,ACTIVE,197.224,856c3802-d787-4884-a0bb-3e7e2692d4ca,Edge computing reduces latency by processing data closer,agx,12,12.0,ok,agx,1788521778.053231,282.765,340.022,6
346.903,2,348.392,1788521778.6000543,2,b02-o06-agx-c2,8,False,177.073,llama3.2:1b,etri-ser0001-cg0msb,ACTIVE,169.83,eb395d57-c8cb-45ac-baea-3a663655156a,Edge computing reduces latency by processing data closer,agx,12,12.0,ok,agx,1788521778.251664,281.195,318.28,6
368.59,2,369.873,1788521778.7927217,2,b02-o06-agx-c2,8,False,192.606,llama3.2:1b,etri-ser0001-cg0msb,ACTIVE,175.984,d07df324-b000-466c-a36f-8b31cba1932f,Edge computing reduces latency by processing data closer,agx,12,12.0,ok,agx,1788521778.4228501,282.845,340.039,6
371.325,2,372.578,1788521778.9726534,2,b02-o06-agx-c2,8,False,179.848,llama3.2:1b,etri-ser0001-cg0msb,ACTIVE,191.477,9e4a4a78-5064-49ee-bebf-eaf8e79fa9f9,Edge computing reduces latency by processing data closer,agx,12,12.0,ok,agx,1788521778.6000762,281.73,342.791,6
389.537,2,391.066,1788521779.1838062,2,b02-o06-agx-c2,8,False,210.979,llama3.2:1b,etri-ser0001-cg0msb,ACTIVE,178.558,0cad793e-50ca-4049-89b6-998e4bcc1081,Edge computing reduces latency by processing data closer,agx,12,12.0,ok,agx,1788521778.7927423,274.754,360.07,6
399.136,2,400.29,1788521779.3729675,2,b02-o06-agx-c2,8,False,189.266,llama3.2:1b,etri-ser0001-cg0msb,ACTIVE,209.87,c2214495-da2d-4b81-aeb8-66f1ae6edb3b,Edge computing reduces latency by processing data closer,agx,12,12.0,ok,agx,1788521778.9726777,279.926,370.316,6
378.091,2,379.623,1788521779.5634596,2,b02-o06-agx-c2,8,False,190.385,llama3.2:1b,etri-ser0001-cg0msb,ACTIVE,187.706,eb639115-ca01-458e-b570-eee9d514a095,Edge computing reduces latency by processing data closer,agx,12,12.0,ok,agx,1788521779.1838377,282.835,349.551,6
385.388,2,387.002,1788521779.7599902,2,b02-o06-agx-c2,8,False,196.263,llama3.2:1b,etri-ser0001-cg0msb,ACTIVE,189.125,bfac74c6-151b-45a8-a917-a98e740f2f52,Edge computing reduces latency by processing data closer,agx,12,12.0,ok,agx,1788521779.372989,281.363,356.621,6
365.498,2,366.7,1788521779.930181,2,b02-o06-agx-c2,8,False,170.249,llama3.2:1b,etri-ser0001-cg0msb,ACTIVE,195.249,8e8d4e36-ad82-4a42-adb3-e2fc961da347,Edge computing reduces latency by processing data closer,agx,12,12.0,ok,agx,1788521779.5634818,281.909,336.882,6
378.768,2,379.964,1788521780.139976,2,b02-o06-agx-c2,8,False,209.715,llama3.2:1b,etri-ser0001-cg0msb,ACTIVE,169.053,273cb9b1-a012-4a5e-8c5f-9b067ef4c28b,Edge computing reduces latency by processing data closer,agx,12,12.0,ok,agx,1788521779.7600124,278.135,349.752,6
391.046,2,392.548,1788521780.3227491,2,b02-o06-agx-c2,8,False,182.523,llama3.2:1b,etri-ser0001-cg0msb,ACTIVE,208.523,99cf6ac5-010c-4c55-9043-2a8fcea2e1ca,Edge computing reduces latency by processing data closer,agx,12,12.0,ok,agx,1788521779.930203,282.815,362.521,6
391.886,2,393.314,1788521780.53331,2,b02-o06-agx-c2,8,False,210.647,llama3.2:1b,etri-ser0001-cg0msb,ACTIVE,181.239,b5390545-b75e-4299-a38e-cf3b5690c8d1,Edge computing reduces latency by processing data closer,agx,12,12.0,ok,agx,1788521780.139997,283.016,363.439,6
391.818,2,393.281,1788521780.7160606,2,b02-o06-agx-c2,8,False,182.701,llama3.2:1b,etri-ser0001-cg0msb,ACTIVE,209.116,f6f4f419-e2fa-44dd-af5d-babde8a95da8,Edge computing reduces latency by processing data closer,agx,12,12.0,ok,agx,1788521780.3227801,282.267,363.307,6
360.298,2,361.646,1788521780.8949769,2,b02-o06-agx-c2,8,False,178.934,llama3.2:1b,etri-ser0001-cg0msb,ACTIVE,181.364,c163e4ab-59b4-44e6-9be1-d3dd0eeac712,Edge computing reduces latency by processing data closer,agx,12,12.0,ok,agx,1788521780.5333316,282.466,331.608,6
355.577,2,356.892,1788521781.072979,2,b02-o06-agx-c2,8,False,177.794,llama3.2:1b,etri-ser0001-cg0msb,ACTIVE,177.782,279a4360-6ccd-4782-9ee3-d1bdff4dcccc,Edge computing reduces latency by processing data closer,agx,12,12.0,ok,agx,1788521780.7160878,281.71,326.97,6
352.252,2,353.889,1788521781.2488866,2,b02-o06-agx-c2,8,False,175.612,llama3.2:1b,etri-ser0001-cg0msb,ACTIVE,176.64,0a902084-b558-4eea-a2a0-304eb4d4da88,Edge computing reduces latency by processing data closer,agx,12,12.0,ok,agx,1788521780.895,280.8,323.25,6
358.64,2,359.935,1788521781.432934,2,b02-o06-agx-c2,8,False,184.118,llama3.2:1b,etri-ser0001-cg0msb,ACTIVE,174.521,d0d65d22-7f81-404c-b9eb-16a019f18ddb,Edge computing reduces latency by processing data closer,agx,12,12.0,ok,agx,1788521781.0730004,280.318,329.823,6
366.025,2,367.367,1788521781.6162832,2,b02-o06-agx-c2,8,False,183.299,llama3.2:1b,etri-ser0001-cg0msb,ACTIVE,182.726,d0be22cb-941f-4630-8b9e-1356ed8431da,Edge computing reduces latency by processing data closer,agx,12,12.0,ok,agx,1788521781.2489176,280.525,337.021,6
385.241,2,386.534,1788521781.819489,2,b02-o06-agx-c2,8,False,203.011,llama3.2:1b,etri-ser0001-cg0msb,ACTIVE,182.23,6beb25eb-ce6c-45d9-a217-12d6da7d1b71,Edge computing reduces latency by processing data closer,agx,12,12.0,ok,agx,1788521781.4329574,280.102,356.448,6
424.009,2,425.389,1788521782.041702,2,b02-o06-agx-c2,8,False,222.223,llama3.2:1b,etri-ser0001-cg0msb,ACTIVE,201.787,f1e0ebba-19f9-49db-afae-3daa17bfb9a4,Edge computing reduces latency by processing data closer,agx,12,12.0,ok,agx,1788521781.616314,279.671,395.026,6
441.476,2,442.898,1788521782.262419,2,b02-o06-agx-c2,8,False,220.598,llama3.2:1b,etri-ser0001-cg0msb,ACTIVE,220.878,1cee1497-77a9-4ff2-9c0b-c78c0c30b2d7,Edge computing reduces latency by processing data closer,agx,12,12.0,ok,agx,1788521781.8195224,276.272,412.351,6
408.038,2,409.262,1788521782.4509838,2,b02-o06-agx-c2,8,False,188.539,llama3.2:1b,etri-ser0001-cg0msb,ACTIVE,219.499,9e78eb64-8294-472f-8400-283279a2b0fd,Edge computing reduces latency by processing data closer,agx,12,12.0,ok,agx,1788521782.041722,282.586,379.556,6
374.019,2,375.636,1788521782.638075,2,b02-o06-agx-c2,8,False,186.651,llama3.2:1b,etri-ser0001-cg0msb,ACTIVE,187.369,ea41d7c8-4875-4aef-b6ff-3974e6a9a3b0,Edge computing reduces latency by processing data closer,agx,12,12.0,ok,agx,1788521782.2624412,282.815,345.329,6
361.908,2,363.512,1788521782.8145165,2,b02-o06-agx-c2,8,False,176.574,llama3.2:1b,etri-ser0001-cg0msb,ACTIVE,185.335,f5731105-41de-4729-9b57-2f5ef62448bb,Edge computing reduces latency by processing data closer,agx,12,12.0,ok,agx,1788521782.4510055,282.486,333.444,6
360.553,2,362.169,1788521783.000274,2,b02-o06-agx-c2,8,False,185.468,llama3.2:1b,etri-ser0001-cg0msb,ACTIVE,175.084,a98322cd-2d26-44d7-9143-26e270657422,Edge computing reduces latency by processing data closer,agx,12,12.0,ok,agx,1788521782.6381068,281.086,331.599,6
367.043,2,368.655,1788521783.1831906,2,b02-o06-agx-c2,8,False,182.887,llama3.2:1b,etri-ser0001-cg0msb,ACTIVE,184.157,c0c92363-d98e-4265-b50f-0609b8600a90,Edge computing reduces latency by processing data closer,agx,12,12.0,ok,agx,1788521782.8145382,282.586,338.333,6
365.9,2,367.468,1788521783.367772,2,b02-o06-agx-c2,8,False,184.559,llama3.2:1b,etri-ser0001-cg0msb,ACTIVE,181.341,56deebf4-7bab-44c8-9fd6-24556c230e70,Edge computing reduces latency by processing data closer,agx,12,12.0,ok,agx,1788521783.000305,282.965,337.182,6
362.271,2,363.709,1788521783.5469303,2,b02-o06-agx-c2,8,False,179.276,llama3.2:1b,etri-ser0001-cg0msb,ACTIVE,182.995,3b268952-d977-49db-b9af-b94b4dab9044,Edge computing reduces latency by processing data closer,agx,12,12.0,ok,agx,1788521783.1832225,281.938,333.651,6
358.821,2,360.229,1788521783.728024,2,b02-o06-agx-c2,8,False,180.778,llama3.2:1b,etri-ser0001-cg0msb,ACTIVE,178.043,fe2850f9-8336-4af0-85a7-c2691aa2153d,Edge computing reduces latency by processing data closer,agx,12,12.0,ok,agx,1788521783.3677957,282.267,330.294,6
361.001,2,362.753,1788521783.909703,2,b02-o06-agx-c2,8,False,181.539,llama3.2:1b,etri-ser0001-cg0msb,ACTIVE,179.462,c86482c6-0f0c-4f0d-8e8e-4cffec6c38f4,Edge computing reduces latency by processing data closer,agx,12,12.0,ok,agx,1788521783.5469518,282.446,332.296,6
366.43,2,367.721,1788521784.0957654,2,b02-o06-agx-c2,8,False,186.174,llama3.2:1b,etri-ser0001-cg0msb,ACTIVE,180.256,a85314ce-9b4b-44f8-9d2d-249ea56043dd,Edge computing reduces latency by processing data closer,agx,12,12.0,ok,agx,1788521783.728045,275.605,337.136,6
369.352,2,371.008,1788521784.2807395,2,b02-o06-agx-c2,8,False,184.679,llama3.2:1b,etri-ser0001-cg0msb,ACTIVE,184.672,242d6ba8-cc57-4cb3-ba25-f7caed9b6ebf,Edge computing reduces latency by processing data closer,agx,12,12.0,ok,agx,1788521783.9097333,281.779,340.565,6
361.296,2,362.554,1788521784.4583406,2,b02-o06-agx-c2,8,False,177.729,llama3.2:1b,etri-ser0001-cg0msb,ACTIVE,183.567,b323bb3a-0223-49b2-b39b-d9ae1d50a804,Edge computing reduces latency by processing data closer,agx,12,12.0,ok,agx,1788521784.0957875,282.785,332.832,6
373.058,2,374.657,1788521784.6554265,2,b02-o06-agx-c2,8,False,196.901,llama3.2:1b,etri-ser0001-cg0msb,ACTIVE,176.157,08d2b428-343a-405b-977e-e29412fc0b7a,Edge computing reduces latency by processing data closer,agx,12,12.0,ok,agx,1788521784.280771,280.279,344.114,6
205.614,3,211.768,1788521787.8773634,1,b03-o01-agx-c1,8,False,205.597,llama3.2:1b,etri-ser0001-cg0msb,ACTIVE,0.017,f7572c99-aa12-4b46-9441-37f47b92e95c,Edge computing reduces latency by processing data closer,agx,13,12.0,ok,agx,1788521787.665597,281.948,176.794,1
196.345,3,197.935,1788521788.0753286,1,b03-o01-agx-c1,8,False,196.342,llama3.2:1b,etri-ser0001-cg0msb,ACTIVE,0.004,28eb3ba5-1d41-4f8d-82b0-62fabc3f327e,Edge computing reduces latency by processing data closer,agx,13,12.0,ok,agx,1788521787.8773956,282.326,167.654,1
206.518,3,207.817,1788521788.2831757,1,b03-o01-agx-c1,8,False,206.516,llama3.2:1b,etri-ser0001-cg0msb,ACTIVE,0.002,7a3af316-dd9c-478d-bcb0-918ced66ef5c,Edge computing reduces latency by processing data closer,agx,13,12.0,ok,agx,1788521788.0753593,282.107,177.918,1
183.389,3,184.611,1788521788.4678068,1,b03-o01-agx-c1,8,False,183.387,llama3.2:1b,etri-ser0001-cg0msb,ACTIVE,0.002,82f6e009-6b89-403f-98aa-8769e1c89920,Edge computing reduces latency by processing data closer,agx,13,12.0,ok,agx,1788521788.283197,282.646,154.899,1
174.509,3,175.823,1788521788.6436496,1,b03-o01-agx-c1,8,False,174.506,llama3.2:1b,etri-ser0001-cg0msb,ACTIVE,0.002,16706832-c9b1-45c1-a820-8b4cb55a35ca,Edge computing reduces latency by processing data closer,agx,13,12.0,ok,agx,1788521788.4678283,282.576,145.821,1
169.447,3,170.73,1788521788.81441,1,b03-o01-agx-c1,8,False,169.445,llama3.2:1b,etri-ser0001-cg0msb,ACTIVE,0.002,6fe5b593-1e75-4de5-a6c8-3cc1e2253ed9,Edge computing reduces latency by processing data closer,agx,13,12.0,ok,agx,1788521788.643681,282.795,140.748,1
180.128,3,181.227,1788521788.9956641,1,b03-o01-agx-c1,8,False,180.126,llama3.2:1b,etri-ser0001-cg0msb,ACTIVE,0.002,c28efff0-0542-4c90-bb1d-4594e3a733b8,Edge computing reduces latency by processing data closer,agx,13,12.0,ok,agx,1788521788.8144376,282.187,151.552,1
179.365,3,180.88,1788521789.1765635,1,b03-o01-agx-c1,8,False,179.361,llama3.2:1b,etri-ser0001-cg0msb,ACTIVE,0.004,424c2b3c-ec57-45ac-987a-848c1772dcb5,Edge computing reduces latency by processing data closer,agx,13,12.0,ok,agx,1788521788.995685,282.566,150.663,1
190.602,3,192.171,1788521789.368765,1,b03-o01-agx-c1,8,False,190.598,llama3.2:1b,etri-ser0001-cg0msb,ACTIVE,0.004,c0ca8488-085f-43cd-b3ad-6f98ec122b7c,Edge computing reduces latency by processing data closer,agx,13,12.0,ok,agx,1788521789.1765962,280.436,161.712,1
186.701,3,188.339,1788521789.5571327,1,b03-o01-agx-c1,8,False,186.697,llama3.2:1b,etri-ser0001-cg0msb,ACTIVE,0.004,a372c6fa-913d-4d6e-97fd-fdd270a79281,Edge computing reduces latency by processing data closer,agx,13,12.0,ok,agx,1788521789.368796,282.656,158.127,1
207.501,3,209.12,1788521789.7662835,1,b03-o01-agx-c1,8,False,207.497,llama3.2:1b,etri-ser0001-cg0msb,ACTIVE,0.004,62d99b62-aa00-415c-8792-f4859930059a,Edge computing reduces latency by processing data closer,agx,13,12.0,ok,agx,1788521789.5571651,282.456,179.041,1
203.858,3,205.144,1788521789.9714565,1,b03-o01-agx-c1,8,False,203.855,llama3.2:1b,etri-ser0001-cg0msb,ACTIVE,0.002,3251aeb6-3387-4b31-87d1-7fd4062d2874,Edge computing reduces latency by processing data closer,agx,13,12.0,ok,agx,1788521789.7663145,282.277,175.098,1
221.341,3,222.719,1788521790.1942036,1,b03-o01-agx-c1,8,False,221.339,llama3.2:1b,etri-ser0001-cg0msb,ACTIVE,0.002,4fe2cb4e-a922-4ce8-80af-525806544aff,Edge computing reduces latency by processing data closer,agx,13,12.0,ok,agx,1788521789.9714866,281.393,192.578,1
175.169,3,176.712,1788521790.3709443,1,b03-o01-agx-c1,8,False,175.167,llama3.2:1b,etri-ser0001-cg0msb,ACTIVE,0.002,6e0f869b-d75f-4ca4-b951-7251c3d245d7,Edge computing reduces latency by processing data closer,agx,13,12.0,ok,agx,1788521790.1942344,281.988,146.622,1
181.738,3,183.286,1788521790.5542593,1,b03-o01-agx-c1,8,False,181.736,llama3.2:1b,etri-ser0001-cg0msb,ACTIVE,0.002,99f4698c-7169-47c6-9152-8076c17af085,Edge computing reduces latency by processing data closer,agx,13,12.0,ok,agx,1788521790.370975,282.666,153.003,1
174.148,3,175.703,1788521790.72999,1,b03-o01-agx-c1,8,False,174.144,llama3.2:1b,etri-ser0001-cg0msb,ACTIVE,0.004,6a19af78-dd37-4d5f-8e93-18321e0e904b,Edge computing reduces latency by processing data closer,agx,13,12.0,ok,agx,1788521790.5542889,282.785,145.465,1
173.636,3,175.04,1788521790.905058,1,b03-o01-agx-c1,8,False,173.634,llama3.2:1b,etri-ser0001-cg0msb,ACTIVE,0.002,4c8c532a-21ee-4365-8c96-7c2de9947868,Edge computing reduces latency by processing data closer,agx,13,12.0,ok,agx,1788521790.7300198,280.2,144.675,1
178.864,3,180.592,1788521791.0856776,1,b03-o01-agx-c1,8,False,178.86,llama3.2:1b,etri-ser0001-cg0msb,ACTIVE,0.004,27006df3-6745-43bf-8549-d1a703a98370,Edge computing reduces latency by processing data closer,agx,13,12.0,ok,agx,1788521790.9050875,282.048,150.089,1
186.725,3,188.236,1788521791.2739418,1,b03-o01-agx-c1,8,False,186.722,llama3.2:1b,etri-ser0001-cg0msb,ACTIVE,0.002,667e7d59-927d-4c5d-95d8-daaa0bbd712e,Edge computing reduces latency by processing data closer,agx,13,12.0,ok,agx,1788521791.0857077,282.008,157.903,1
186.116,3,187.565,1788521791.4615383,1,b03-o01-agx-c1,8,False,186.113,llama3.2:1b,etri-ser0001-cg0msb,ACTIVE,0.004,66f249bf-5fe3-4962-8bfc-5f46928a3887,Edge computing reduces latency by processing data closer,agx,13,12.0,ok,agx,1788521791.2739737,280.525,157.161,1
185.885,3,187.244,1788521791.6487997,1,b03-o01-agx-c1,8,False,185.881,llama3.2:1b,etri-ser0001-cg0msb,ACTIVE,0.004,e711c76d-4ccf-483a-8aaa-5f1fe821b597,Edge computing reduces latency by processing data closer,agx,13,12.0,ok,agx,1788521791.4615586,279.057,156.756,1
189.224,3,190.622,1788521791.8394504,1,b03-o01-agx-c1,8,False,189.222,llama3.2:1b,etri-ser0001-cg0msb,ACTIVE,0.002,19b5a70c-d59e-4223-b5cb-e4de0e2f45cc,Edge computing reduces latency by processing data closer,agx,13,12.0,ok,agx,1788521791.64883,280.407,160.07,1
189.724,3,191.326,1788521792.0308094,1,b03-o01-agx-c1,8,False,189.72,llama3.2:1b,etri-ser0001-cg0msb,ACTIVE,0.004,a0c693b1-87ae-45e7-90f3-ab13da7c48e4,Edge computing reduces latency by processing data closer,agx,13,12.0,ok,agx,1788521791.839484,281.452,160.876,1
179.246,3,180.531,1788521792.2113595,1,b03-o01-agx-c1,8,False,179.244,llama3.2:1b,etri-ser0001-cg0msb,ACTIVE,0.002,c6e90952-e8e2-48d7-9ad1-9155a5248592,Edge computing reduces latency by processing data closer,agx,13,12.0,ok,agx,1788521792.030831,281.067,150.576,1
204.641,3,206.026,1788521792.4174168,1,b03-o01-agx-c1,8,False,204.637,llama3.2:1b,etri-ser0001-cg0msb,ACTIVE,0.004,3cd4cb5b-3553-45a5-99ed-b21918ecf119,Edge computing reduces latency by processing data closer,agx,13,12.0,ok,agx,1788521792.2113914,281.383,176.042,1
212.132,3,213.415,1788521792.630852,1,b03-o01-agx-c1,8,False,212.13,llama3.2:1b,etri-ser0001-cg0msb,ACTIVE,0.002,0a72c1d4-6a60-44b8-8ef5-8e08a1905264,Edge computing reduces latency by processing data closer,agx,13,12.0,ok,agx,1788521792.417439,281.353,183.327,1
219.992,3,221.426,1788521792.8523083,1,b03-o01-agx-c1,8,False,219.988,llama3.2:1b,etri-ser0001-cg0msb,ACTIVE,0.004,a04ad6ad-133b-41e2-9901-58bf032a5797,Edge computing reduces latency by processing data closer,agx,13,12.0,ok,agx,1788521792.630883,279.662,191.038,1
196.534,3,197.901,1788521793.0502293,1,b03-o01-agx-c1,8,False,196.53,llama3.2:1b,etri-ser0001-cg0msb,ACTIVE,0.004,09e4df6f-9718-4bcd-a0be-ee3445e755b5,Edge computing reduces latency by processing data closer,agx,13,12.0,ok,agx,1788521792.8523295,277.903,167.389,1
207.718,3,209.424,1788521793.2596726,1,b03-o01-agx-c1,8,False,207.714,llama3.2:1b,etri-ser0001-cg0msb,ACTIVE,0.004,373b6d8b-a06f-4be3-83a9-89e12c0fbd30,Edge computing reduces latency by processing data closer,agx,13,12.0,ok,agx,1788521793.0502508,281.334,178.898,1
179.944,3,181.493,1788521793.4411945,1,b03-o01-agx-c1,8,False,179.94,llama3.2:1b,etri-ser0001-cg0msb,ACTIVE,0.004,e7f08aac-f149-438f-8748-ee864dc9b72f,Edge computing reduces latency by processing data closer,agx,13,12.0,ok,agx,1788521793.2597036,282.805,151.301,1
186.159,3,187.804,1788521793.6290278,1,b03-o01-agx-c1,8,False,186.156,llama3.2:1b,etri-ser0001-cg0msb,ACTIVE,0.004,90abed02-13b0-4ccf-815a-268ec5082ee7,Edge computing reduces latency by processing data closer,agx,13,12.0,ok,agx,1788521793.441226,281.353,157.269,1
218.353,3,219.847,1788521793.8489032,1,b03-o01-agx-c1,8,False,218.351,llama3.2:1b,etri-ser0001-cg0msb,ACTIVE,0.002,efe194de-45a4-4147-90bf-73a3d6ede3b9,Edge computing reduces latency by processing data closer,agx,13,12.0,ok,agx,1788521793.629059,282.416,189.479,1
213.148,3,214.565,1788521794.0635066,1,b03-o01-agx-c1,8,False,213.146,llama3.2:1b,etri-ser0001-cg0msb,ACTIVE,0.002,e5e3d50e-a67d-415f-9cb4-f242d7c814ac,Edge computing reduces latency by processing data closer,agx,13,12.0,ok,agx,1788521793.8489425,277.672,184.189,1
196.288,3,197.591,1788521794.2611165,1,b03-o01-agx-c1,8,False,196.285,llama3.2:1b,etri-ser0001-cg0msb,ACTIVE,0.002,a83c74ac-18be-424a-9b48-7c0a54705b4f,Edge computing reduces latency by processing data closer,agx,13,12.0,ok,agx,1788521794.0635269,282.576,167.61,1
178.79,3,180.235,1788521794.4413822,1,b03-o01-agx-c1,8,False,178.786,llama3.2:1b,etri-ser0001-cg0msb,ACTIVE,0.004,2c887946-a44b-473b-abcc-82e668804449,Edge computing reduces latency by processing data closer,agx,13,12.0,ok,agx,1788521794.2611482,282.486,150.266,1
180.367,3,181.656,1788521794.623058,1,b03-o01-agx-c1,8,False,180.365,llama3.2:1b,etri-ser0001-cg0msb,ACTIVE,0.002,d3471254-de32-43bf-96e5-ea217251f003,Edge computing reduces latency by processing data closer,agx,13,12.0,ok,agx,1788521794.441403,282.855,151.764,1
189.789,3,191.19,1788521794.8142688,1,b03-o01-agx-c1,8,False,189.785,llama3.2:1b,etri-ser0001-cg0msb,ACTIVE,0.004,97ee4005-dbe1-4308-b8f4-e9bb0873a694,Edge computing reduces latency by processing data closer,agx,13,12.0,ok,agx,1788521794.62308,278.251,160.728,1
184.438,3,185.905,1788521795.0001929,1,b03-o01-agx-c1,8,False,184.434,llama3.2:1b,etri-ser0001-cg0msb,ACTIVE,0.004,9724eedd-e9c1-4fdd-8f09-9b4e4b87265d,Edge computing reduces latency by processing data closer,agx,13,12.0,ok,agx,1788521794.8142889,282.765,155.674,1
186.573,3,187.882,1788521795.1880972,1,b03-o01-agx-c1,8,False,186.57,llama3.2:1b,etri-ser0001-cg0msb,ACTIVE,0.002,22ddc605-5b0e-4e15-949b-d6dfdb9d2a9e,Edge computing reduces latency by processing data closer,agx,13,12.0,ok,agx,1788521795.0002158,282.426,158.059,1
192.254,3,193.496,1788521795.38161,1,b03-o01-agx-c1,8,False,192.252,llama3.2:1b,etri-ser0001-cg0msb,ACTIVE,0.002,9850bb20-8cb2-4621-aa89-98ab2a96d7e9,Edge computing reduces latency by processing data closer,agx,13,12.0,ok,agx,1788521795.1881166,276.74,163.129,1
173.493,3,175.057,1788521795.5566974,1,b03-o01-agx-c1,8,False,173.49,llama3.2:1b,etri-ser0001-cg0msb,ACTIVE,0.003,d811ccda-5ccd-4539-8abb-2cc6d137108e,Edge computing reduces latency by processing data closer,agx,13,12.0,ok,agx,1788521795.3816411,281.66,144.753,1
193.251,3,194.494,1788521795.7512121,1,b03-o01-agx-c1,8,False,193.249,llama3.2:1b,etri-ser0001-cg0msb,ACTIVE,0.002,a0d19ba9-61cf-4415-bd89-933891c12360,Edge computing reduces latency by processing data closer,agx,13,12.0,ok,agx,1788521795.5567186,282.845,164.638,1
193.646,3,195.096,1788521795.9463267,1,b03-o01-agx-c1,8,False,193.643,llama3.2:1b,etri-ser0001-cg0msb,ACTIVE,0.004,ca5abfd8-99fb-4886-a5f4-a58444e68904,Edge computing reduces latency by processing data closer,agx,13,12.0,ok,agx,1788521795.7512336,280.84,164.842,1
196.45,3,197.734,1788521796.1440938,1,b03-o01-agx-c1,8,False,196.448,llama3.2:1b,etri-ser0001-cg0msb,ACTIVE,0.002,124b3543-acea-4c17-96b5-eb5cf223b294,Edge computing reduces latency by processing data closer,agx,13,12.0,ok,agx,1788521795.9463606,281.165,167.715,1
192.971,3,194.304,1788521796.3384182,1,b03-o01-agx-c1,8,False,192.969,llama3.2:1b,etri-ser0001-cg0msb,ACTIVE,0.002,32383c4f-99fb-4198-8197-bffa537d8ed2,Edge computing reduces latency by processing data closer,agx,13,12.0,ok,agx,1788521796.1441162,282.765,164.25,1
184.385,3,185.964,1788521796.524412,1,b03-o01-agx-c1,8,False,184.382,llama3.2:1b,etri-ser0001-cg0msb,ACTIVE,0.004,2f61e1a7-b095-4f43-a966-241c7adb79f4,Edge computing reduces latency by processing data closer,agx,13,12.0,ok,agx,1788521796.3384483,281.077,155.628,1
180.646,3,182.102,1788521796.7065332,1,b03-o01-agx-c1,8,False,180.644,llama3.2:1b,etri-ser0001-cg0msb,ACTIVE,0.002,10b64ca1-d737-4dce-a6c9-8c914aa28e6d,Edge computing reduces latency by processing data closer,agx,13,12.0,ok,agx,1788521796.5244336,282.436,151.91,1
230.918,3,232.164,1788521796.9387293,1,b03-o01-agx-c1,8,False,230.916,llama3.2:1b,etri-ser0001-cg0msb,ACTIVE,0.002,0d375a2e-d8a4-4c72-9488-c7d90b3eae7d,Edge computing reduces latency by processing data closer,agx,13,12.0,ok,agx,1788521796.706567,280.564,202.18,1
209.447,3,210.9,1788521797.1496587,1,b03-o01-agx-c1,8,False,209.445,llama3.2:1b,etri-ser0001-cg0msb,ACTIVE,0.002,87528e67-8944-4112-9809-145acd13ff7a,Edge computing reduces latency by processing data closer,agx,13,12.0,ok,agx,1788521796.9387605,276.874,180.297,1
184.388,3,185.982,1788521797.3356752,1,b03-o01-agx-c1,8,False,184.384,llama3.2:1b,etri-ser0001-cg0msb,ACTIVE,0.004,d3a83efd-3452-46bf-b6ae-478b73789dbe,Edge computing reduces latency by processing data closer,agx,13,12.0,ok,agx,1788521797.149695,282.376,155.59,1
184.304,3,185.624,1788521797.5213284,1,b03-o01-agx-c1,8,False,184.303,llama3.2:1b,etri-ser0001-cg0msb,ACTIVE,0.002,92361208-e559-4d7b-ac00-96a5f712899a,Edge computing reduces latency by processing data closer,agx,13,12.0,ok,agx,1788521797.3357048,282.755,155.643,1
188.486,3,189.727,1788521797.7110758,1,b03-o01-agx-c1,8,False,188.484,llama3.2:1b,etri-ser0001-cg0msb,ACTIVE,0.002,4f15326b-8e52-4c85-930f-c9e475b1e715,Edge computing reduces latency by processing data closer,agx,13,12.0,ok,agx,1788521797.5213494,280.662,159.509,1
201.374,3,202.664,1788521797.9137614,1,b03-o01-agx-c1,8,False,201.372,llama3.2:1b,etri-ser0001-cg0msb,ACTIVE,0.002,bf5a3335-5e39-426a-ae29-98fabc6540fa,Edge computing reduces latency by processing data closer,agx,13,12.0,ok,agx,1788521797.7110984,281.611,172.599,1
206.198,3,207.535,1788521798.1213164,1,b03-o01-agx-c1,8,False,206.195,llama3.2:1b,etri-ser0001-cg0msb,ACTIVE,0.004,844b37f1-45c6-4936-a426-a34b89f1ce17,Edge computing reduces latency by processing data closer,agx,13,12.0,ok,agx,1788521797.9137828,282.845,177.625,1
219.597,3,220.837,1788521798.3421724,1,b03-o01-agx-c1,8,False,219.595,llama3.2:1b,etri-ser0001-cg0msb,ACTIVE,0.002,da25b93c-b437-4126-a8e2-6e552fe2f33b,Edge computing reduces latency by processing data closer,agx,13,12.0,ok,agx,1788521798.1213377,273.607,189.984,1
206.674,3,207.987,1788521798.5501883,1,b03-o01-agx-c1,8,False,206.671,llama3.2:1b,etri-ser0001-cg0msb,ACTIVE,0.002,4a71c05e-9159-46a9-a55a-6f4374da7f68,Edge computing reduces latency by processing data closer,agx,13,12.0,ok,agx,1788521798.3422022,282.745,178.066,1
198.421,3,199.692,1788521798.7498996,1,b03-o01-agx-c1,8,False,198.419,llama3.2:1b,etri-ser0001-cg0msb,ACTIVE,0.002,0fcfc59e-8da9-46b7-83ad-fc9629ede3c4,Edge computing reduces latency by processing data closer,agx,13,12.0,ok,agx,1788521798.5502093,281.641,169.665,1
206.421,3,208.059,1788521798.9579937,1,b03-o01-agx-c1,8,False,206.418,llama3.2:1b,etri-ser0001-cg0msb,ACTIVE,0.004,7f5d7b8c-64c0-42be-981c-c9bb2b9deca0,Edge computing reduces latency by processing data closer,agx,13,12.0,ok,agx,1788521798.7499356,282.576,177.813,1
176.041,3,177.469,1788521799.1354895,1,b03-o01-agx-c1,8,False,176.039,llama3.2:1b,etri-ser0001-cg0msb,ACTIVE,0.002,05cf1426-fea8-4afb-b557-064b2a75dd96,Edge computing reduces latency by processing data closer,agx,13,12.0,ok,agx,1788521798.9580226,276.606,146.82,1
176.857,3,178.302,1788521799.3138225,1,b03-o01-agx-c1,8,False,176.853,llama3.2:1b,etri-ser0001-cg0msb,ACTIVE,0.004,f0db89a0-9167-4635-93af-c05a968dd500,Edge computing reduces latency by processing data closer,agx,13,12.0,ok,agx,1788521799.1355212,282.566,148.236,1
173.141,3,174.502,1788521799.4883447,1,b03-o01-agx-c1,8,False,173.137,llama3.2:1b,etri-ser0001-cg0msb,ACTIVE,0.004,42b3ae5b-6f76-483a-954a-cfedbdad2ebb,Edge computing reduces latency by processing data closer,agx,13,12.0,ok,agx,1788521799.3138435,281.205,144.183,1
192.383,3,193.757,1788521799.6821225,1,b03-o01-agx-c1,8,False,192.379,llama3.2:1b,etri-ser0001-cg0msb,ACTIVE,0.004,d34591af-06cc-4be6-975b-c280fc401c3d,Edge computing reduces latency by processing data closer,agx,13,12.0,ok,agx,1788521799.488366,281.432,163.776,1
180.968,3,183.024,1788521802.8750474,2,b03-o02-agx-c2,8,False,180.964,llama3.2:1b,etri-ser0001-cg0msb,ACTIVE,0.004,bb83abe2-be39-49f4-ac93-4e1c85d2067a,Edge computing reduces latency by processing data closer,agx,14,12.0,ok,agx,1788521802.6920254,279.896,151.913,2
389.463,3,391.962,1788521803.0836897,2,b03-o02-agx-c2,8,False,208.518,llama3.2:1b,etri-ser0001-cg0msb,ACTIVE,180.945,d5ca2524-18ce-4cec-a552-052d0b5c4b13,Edge computing reduces latency by processing data closer,agx,14,12.0,ok,agx,1788521802.6917293,282.516,360.705,2
382.956,3,384.548,1788521803.2596226,2,b03-o02-agx-c2,8,False,175.953,llama3.2:1b,etri-ser0001-cg0msb,ACTIVE,207.003,bdf79fa2-36f2-463e-bc7e-6b18d98a3cd6,Edge computing reduces latency by processing data closer,agx,14,12.0,ok,agx,1788521802.8750775,282.117,354.246,2
351.629,3,353.277,1788521803.436997,2,b03-o02-agx-c2,8,False,177.191,llama3.2:1b,etri-ser0001-cg0msb,ACTIVE,174.438,42583e89-f3c5-4940-8dda-b5793f0fa7ac,Edge computing reduces latency by processing data closer,agx,14,12.0,ok,agx,1788521803.0837219,281.304,322.626,2
362.33,3,363.998,1788521803.623651,2,b03-o02-agx-c2,8,False,186.582,llama3.2:1b,etri-ser0001-cg0msb,ACTIVE,175.748,19e0dd9b-654e-47ec-8c3e-0a45bab46bd6,Edge computing reduces latency by processing data closer,agx,14,12.0,ok,agx,1788521803.2596552,282.336,333.639,2
368.996,3,370.653,1788521803.8076797,2,b03-o02-agx-c2,8,False,184.019,llama3.2:1b,etri-ser0001-cg0msb,ACTIVE,184.977,f3234224-8a33-4903-81a8-3b180814a747,Edge computing reduces latency by processing data closer,agx,14,12.0,ok,agx,1788521803.4370284,282.048,340.266,2
387.621,3,388.972,1788521804.0126529,2,b03-o02-agx-c2,8,False,205.009,llama3.2:1b,etri-ser0001-cg0msb,ACTIVE,182.612,c98feec3-dce7-4ada-b3bc-fec07b3a15b0,Edge computing reduces latency by processing data closer,agx,14,12.0,ok,agx,1788521803.6236827,279.887,358.744,2
381.055,3,382.691,1788521804.1904013,2,b03-o02-agx-c2,8,False,177.651,llama3.2:1b,etri-ser0001-cg0msb,ACTIVE,203.404,4b9a7235-8b42-43f3-8d46-1456e41a4d7b,Edge computing reduces latency by processing data closer,agx,14,12.0,ok,agx,1788521803.8077106,282.636,352.406,2
388.691,3,390.071,1788521804.4027529,2,b03-o02-agx-c2,8,False,212.143,llama3.2:1b,etri-ser0001-cg0msb,ACTIVE,176.548,89481b75-a7f1-4711-b8f6-dbc492a58d21,Edge computing reduces latency by processing data closer,agx,14,12.0,ok,agx,1788521804.0126839,276.51,359.51,2
408.61,3,409.884,1788521804.600305,2,b03-o02-agx-c2,8,False,197.665,llama3.2:1b,etri-ser0001-cg0msb,ACTIVE,210.944,0acb72f3-5ab6-4ef9-b16c-a9a3e53278b5,Edge computing reduces latency by processing data closer,agx,14,12.0,ok,agx,1788521804.190422,282.038,380.033,2
385.768,3,387.372,1788521804.7901547,2,b03-o02-agx-c2,8,False,189.536,llama3.2:1b,etri-ser0001-cg0msb,ACTIVE,196.232,d8766606-f942-43c0-9aa4-4b31eb7b134b,Edge computing reduces latency by processing data closer,agx,14,12.0,ok,agx,1788521804.4027843,280.643,356.927,2
387.036,3,388.521,1788521804.9888473,2,b03-o02-agx-c2,8,False,198.872,llama3.2:1b,etri-ser0001-cg0msb,ACTIVE,188.164,027be7ae-cbaa-4591-abb4-ae01f3b7ef6d,Edge computing reduces latency by processing data closer,agx,14,12.0,ok,agx,1788521804.6003273,282.885,358.489,2
381.943,3,383.538,1788521805.1737127,2,b03-o02-agx-c2,8,False,184.505,llama3.2:1b,etri-ser0001-cg0msb,ACTIVE,197.438,18fae5b1-721c-4346-87e9-8cfe99f9e9a3,Edge computing reduces latency by processing data closer,agx,14,12.0,ok,agx,1788521804.7901766,282.755,353.216,2
364.979,3,366.452,1788521805.3553193,2,b03-o02-agx-c2,8,False,181.745,llama3.2:1b,etri-ser0001-cg0msb,ACTIVE,183.234,2403bb17-2d18-40f5-92f2-0e245da3b0af,Edge computing reduces latency by processing data closer,agx,14,12.0,ok,agx,1788521804.9888682,282.446,336.596,2
385.387,3,386.751,1788521805.5604947,2,b03-o02-agx-c2,8,False,205.082,llama3.2:1b,etri-ser0001-cg0msb,ACTIVE,180.305,736571c1-1a51-412e-a9da-ddf9673d03c1,Edge computing reduces latency by processing data closer,agx,14,12.0,ok,agx,1788521805.1737442,273.56,356.143,2
389.357,3,391.024,1788521805.7463636,2,b03-o02-agx-c2,8,False,185.474,llama3.2:1b,etri-ser0001-cg0msb,ACTIVE,203.883,597c1a94-c47e-4d14-903b-9de010c44fa2,Edge computing reduces latency by processing data closer,agx,14,12.0,ok,agx,1788521805.3553417,278.765,360.259,2
389.989,3,391.325,1788521805.9518394,2,b03-o02-agx-c2,8,False,205.552,llama3.2:1b,etri-ser0001-cg0msb,ACTIVE,184.436,c3186688-5674-4a0e-ad58-8de49dd446c9,Edge computing reduces latency by processing data closer,agx,14,12.0,ok,agx,1788521805.5605154,282.187,361.311,2
382.448,3,383.724,1788521806.1301186,2,b03-o02-agx-c2,8,False,178.26,llama3.2:1b,etri-ser0001-cg0msb,ACTIVE,204.188,55909bb2-0359-493a-aed3-00d9ed5916bb,Edge computing reduces latency by processing data closer,agx,14,12.0,ok,agx,1788521805.7463953,281.69,353.771,2
366.066,3,367.713,1788521806.3195777,2,b03-o02-agx-c2,8,False,189.184,llama3.2:1b,etri-ser0001-cg0msb,ACTIVE,176.882,dd6e97e2-3fa4-43a6-ae1b-f7c2c2980b83,Edge computing reduces latency by processing data closer,agx,14,12.0,ok,agx,1788521805.9518669,278.755,337.052,2
364.055,3,365.451,1788521806.495591,2,b03-o02-agx-c2,8,False,175.868,llama3.2:1b,etri-ser0001-cg0msb,ACTIVE,188.187,04476b2f-7066-4bf4-850b-0b8e2433e3fb,Edge computing reduces latency by processing data closer,agx,14,12.0,ok,agx,1788521806.1301422,277.325,335.062,2
361.849,3,363.455,1788521806.6830633,2,b03-o02-agx-c2,8,False,187.49,llama3.2:1b,etri-ser0001-cg0msb,ACTIVE,174.358,6cf14a1c-8347-4f4f-bd7a-6b7eba973487,Edge computing reduces latency by processing data closer,agx,14,12.0,ok,agx,1788521806.3196094,274.508,332.411,2
372.375,3,373.82,1788521806.869441,2,b03-o02-agx-c2,8,False,186.342,llama3.2:1b,etri-ser0001-cg0msb,ACTIVE,186.034,679ef76e-578f-47a4-b224-b580018c3f2f,Edge computing reduces latency by processing data closer,agx,14,12.0,ok,agx,1788521806.4956222,281.541,343.65,2
373.895,3,375.417,1788521807.0585017,2,b03-o02-agx-c2,8,False,188.844,llama3.2:1b,etri-ser0001-cg0msb,ACTIVE,185.051,6861f847-13c2-42c9-b37a-da110b7e9a99,Edge computing reduces latency by processing data closer,agx,14,12.0,ok,agx,1788521806.6830869,280.24,344.905,2
369.038,3,370.163,1788521807.2396243,2,b03-o02-agx-c2,8,False,181.261,llama3.2:1b,etri-ser0001-cg0msb,ACTIVE,187.777,179554a6-c03f-4f91-9524-94b6a0db74ed,Edge computing reduces latency by processing data closer,agx,14,12.0,ok,agx,1788521806.869462,282.696,340.483,2
380.824,3,382.376,1788521807.440908,2,b03-o02-agx-c2,8,False,201.084,llama3.2:1b,etri-ser0001-cg0msb,ACTIVE,179.739,095e7c56-f500-47f1-815a-888a19e0b48e,Edge computing reduces latency by processing data closer,agx,14,12.0,ok,agx,1788521807.058533,276.568,351.797,2
390.084,3,391.66,1788521807.631304,2,b03-o02-agx-c2,8,False,190.156,llama3.2:1b,etri-ser0001-cg0msb,ACTIVE,199.928,167a9275-0aac-408e-9416-3e4eab5cf1a8,Edge computing reduces latency by processing data closer,agx,14,12.0,ok,agx,1788521807.2396457,282.207,361.354,2
394.098,3,395.349,1788521807.8362846,2,b03-o02-agx-c2,8,False,205.141,llama3.2:1b,etri-ser0001-cg0msb,ACTIVE,188.957,a6cf20ed-18d7-4c2a-bcd0-2f72961651ba,Edge computing reduces latency by processing data closer,agx,14,12.0,ok,agx,1788521807.440937,277.325,364.893,2
393.629,3,395.126,1788521808.0264604,2,b03-o02-agx-c2,8,False,190.03,llama3.2:1b,etri-ser0001-cg0msb,ACTIVE,203.599,629d7b37-de74-4e10-9832-49c0cf67aaa2,Edge computing reduces latency by processing data closer,agx,14,12.0,ok,agx,1788521807.6313357,281.581,364.91,2
404.598,3,406.238,1788521808.2425437,2,b03-o02-agx-c2,8,False,215.807,llama3.2:1b,etri-ser0001-cg0msb,ACTIVE,188.79,e5fee0df-3f65-4bfd-aaf5-611d560d0d58,Edge computing reduces latency by processing data closer,agx,14,12.0,ok,agx,1788521807.8363078,281.403,375.689,2
397.424,3,398.736,1788521808.4252157,2,b03-o02-agx-c2,8,False,182.872,llama3.2:1b,etri-ser0001-cg0msb,ACTIVE,214.552,ec77f493-3c44-4740-a40e-8a59f906c72d,Edge computing reduces latency by processing data closer,agx,14,12.0,ok,agx,1788521808.026481,281.482,368.845,2
384.621,3,386.413,1788521808.6289852,2,b03-o02-agx-c2,8,False,203.393,llama3.2:1b,etri-ser0001-cg0msb,ACTIVE,181.228,c0068397-738a-4312-87f3-1d63dd409231,Edge computing reduces latency by processing data closer,agx,14,12.0,ok,agx,1788521808.2425745,283.066,355.993,2
381.153,3,382.601,1788521808.807836,2,b03-o02-agx-c2,8,False,178.94,llama3.2:1b,etri-ser0001-cg0msb,ACTIVE,202.213,9a461060-125d-4ba2-9c4c-5ec7319f8280,Edge computing reduces latency by processing data closer,agx,14,12.0,ok,agx,1788521808.4252374,282.735,352.487,2
373.07,3,374.561,1788521809.003577,2,b03-o02-agx-c2,8,False,195.456,llama3.2:1b,etri-ser0001-cg0msb,ACTIVE,177.613,62887b14-de85-45fe-ada6-fa584ec9b429,Edge computing reduces latency by processing data closer,agx,14,12.0,ok,agx,1788521808.629018,279.535,344.062,2
375.618,3,377.263,1788521809.1851275,2,b03-o02-agx-c2,8,False,181.498,llama3.2:1b,etri-ser0001-cg0msb,ACTIVE,194.12,ec6eeb66-640f-4762-824f-f2769f1588a1,Edge computing reduces latency by processing data closer,agx,14,12.0,ok,agx,1788521808.8078668,282.616,347.027,2
358.764,3,360.016,1788521809.363625,2,b03-o02-agx-c2,8,False,178.648,llama3.2:1b,etri-ser0001-cg0msb,ACTIVE,180.117,38a22f07-b86e-4d85-8211-3b7c126013c0,Edge computing reduces latency by processing data closer,agx,14,12.0,ok,agx,1788521809.0036094,282.606,330.323,2
350.976,3,352.663,1788521809.5378191,2,b03-o02-agx-c2,8,False,173.734,llama3.2:1b,etri-ser0001-cg0msb,ACTIVE,177.241,e5ec2487-38d8-46fc-8e5c-2816a5d71efa,Edge computing reduces latency by processing data closer,agx,14,12.0,ok,agx,1788521809.1851583,282.945,322.23,2
389.295,3,390.947,1788521809.7545905,2,b03-o02-agx-c2,8,False,216.701,llama3.2:1b,etri-ser0001-cg0msb,ACTIVE,172.594,b0f8bf47-948b-4059-b07f-a1cd04951032,Edge computing reduces latency by processing data closer,agx,14,12.0,ok,agx,1788521809.3636456,282.696,360.538,2
415.256,3,416.697,1788521809.9545472,2,b03-o02-agx-c2,8,False,200.131,llama3.2:1b,etri-ser0001-cg0msb,ACTIVE,215.124,881dbc95-8a1d-43b8-9d70-8a01732f6be1,Edge computing reduces latency by processing data closer,agx,14,12.0,ok,agx,1788521809.5378509,282.366,386.645,2
407.108,3,408.604,1788521810.163223,2,b03-o02-agx-c2,8,False,208.486,llama3.2:1b,etri-ser0001-cg0msb,ACTIVE,198.623,2e9abfe1-cee2-421e-8485-4f23814ab9db,Edge computing reduces latency by processing data closer,agx,14,12.0,ok,agx,1788521809.7546215,275.094,377.905,2
402.881,3,404.492,1788521810.3590581,2,b03-o02-agx-c2,8,False,195.589,llama3.2:1b,etri-ser0001-cg0msb,ACTIVE,207.293,36fdac55-8b92-4c55-9bee-d08072f1b13e,Edge computing reduces latency by processing data closer,agx,14,12.0,ok,agx,1788521809.954568,279.369,373.979,2
382.375,3,383.808,1788521810.5470634,2,b03-o02-agx-c2,8,False,188.136,llama3.2:1b,etri-ser0001-cg0msb,ACTIVE,194.24,220d2fd0-f219-471e-ae93-c5ac48970b2b,Edge computing reduces latency by processing data closer,agx,14,12.0,ok,agx,1788521810.1632564,282.346,353.811,2
369.34,3,371.027,1788521810.7301123,2,b03-o02-agx-c2,8,False,182.708,llama3.2:1b,etri-ser0001-cg0msb,ACTIVE,186.632,40496e3f-83ba-4ec5-99b3-0e60e1af8674,Edge computing reduces latency by processing data closer,agx,14,12.0,ok,agx,1788521810.3590877,282.296,340.838,2
364.022,3,365.627,1788521810.9127097,2,b03-o02-agx-c2,8,False,182.542,llama3.2:1b,etri-ser0001-cg0msb,ACTIVE,181.48,6e4a3cd7-e80a-4363-bf61-ac3d3ba4fb13,Edge computing reduces latency by processing data closer,agx,14,12.0,ok,agx,1788521810.5470846,282.825,335.347,2
386.804,3,388.274,1788521811.1184165,2,b03-o02-agx-c2,8,False,205.842,llama3.2:1b,etri-ser0001-cg0msb,ACTIVE,180.962,4570f9fa-c358-4f16-b283-86a47e3343e5,Edge computing reduces latency by processing data closer,agx,14,12.0,ok,agx,1788521810.7301438,280.132,358.047,2
395.528,3,396.967,1788521811.3097079,2,b03-o02-agx-c2,8,False,191.149,llama3.2:1b,etri-ser0001-cg0msb,ACTIVE,204.379,64e0cd81-a3c2-4445-956c-9ae5ec4a660b,Edge computing reduces latency by processing data closer,agx,14,12.0,ok,agx,1788521810.9127421,281.185,366.677,2
369.791,3,371.016,1788521811.4894526,2,b03-o02-agx-c2,8,False,179.684,llama3.2:1b,etri-ser0001-cg0msb,ACTIVE,190.107,57ea263a-52ab-4235-a9df-dfc3e0ae932d,Edge computing reduces latency by processing data closer,agx,14,12.0,ok,agx,1788521811.1184375,282.795,341.266,2
378.782,3,379.862,1788521811.68959,2,b03-o02-agx-c2,8,False,200.037,llama3.2:1b,etri-ser0001-cg0msb,ACTIVE,178.745,68501c25-3813-4643-a01a-19638f700e2a,Edge computing reduces latency by processing data closer,agx,14,12.0,ok,agx,1788521811.3097293,282.855,350.17,2
397.231,3,398.811,1788521811.8882835,2,b03-o02-agx-c2,8,False,198.588,llama3.2:1b,etri-ser0001-cg0msb,ACTIVE,198.644,d028fb40-97bf-4522-8047-59f5085d926b,Edge computing reduces latency by processing data closer,agx,14,12.0,ok,agx,1788521811.4894736,277.951,368.242,2
369.721,3,371.092,1788521812.0607026,2,b03-o02-agx-c2,8,False,172.296,llama3.2:1b,etri-ser0001-cg0msb,ACTIVE,197.425,e22ac337-1d75-46b8-9dc5-8d43da0ec2d1,Edge computing reduces latency by processing data closer,agx,14,12.0,ok,agx,1788521811.6896112,276.769,340.292,2
359.275,3,360.686,1788521812.2489922,2,b03-o02-agx-c2,8,False,188.145,llama3.2:1b,etri-ser0001-cg0msb,ACTIVE,171.131,c9c13d04-2294-45c8-bfff-3a27bf9c80a5,Edge computing reduces latency by processing data closer,agx,14,12.0,ok,agx,1788521811.8883085,275.33,329.945,2
363.93,3,365.505,1788521812.4262283,2,b03-o02-agx-c2,8,False,177.158,llama3.2:1b,etri-ser0001-cg0msb,ACTIVE,186.771,20d095bd-ab64-49e0-aaa4-4f004ffe45a7,Edge computing reduces latency by processing data closer,agx,14,12.0,ok,agx,1788521812.0607247,282.636,335.25,2
405.691,3,407.257,1788521812.6562798,2,b03-o02-agx-c2,8,False,230.019,llama3.2:1b,etri-ser0001-cg0msb,ACTIVE,175.672,a32cb189-c00b-4bb3-ab0c-137a3cc5215c,Edge computing reduces latency by processing data closer,agx,14,12.0,ok,agx,1788521812.249024,282.845,377.157,2
417.672,3,419.04,1788521812.8452966,2,b03-o02-agx-c2,8,False,189.086,llama3.2:1b,etri-ser0001-cg0msb,ACTIVE,228.587,bda7965e-4c79-451b-aac2-f591929f3313,Edge computing reduces latency by processing data closer,agx,14,12.0,ok,agx,1788521812.4262578,281.294,388.97,2
372.833,3,374.369,1788521813.0306687,2,b03-o02-agx-c2,8,False,185.058,llama3.2:1b,etri-ser0001-cg0msb,ACTIVE,187.775,25186f1b-3edf-46f3-bf56-5a7cd03ac53c,Edge computing reduces latency by processing data closer,agx,14,12.0,ok,agx,1788521812.656302,282.157,344.11,2
378.251,3,379.687,1788521813.2250051,2,b03-o02-agx-c2,8,False,194.427,llama3.2:1b,etri-ser0001-cg0msb,ACTIVE,183.824,c9c37ef6-141d-4de9-9ab4-93ca5d48a055,Edge computing reduces latency by processing data closer,agx,14,12.0,ok,agx,1788521812.8453193,282.656,349.785,2
371.132,3,372.699,1788521813.4033976,2,b03-o02-agx-c2,8,False,178.263,llama3.2:1b,etri-ser0001-cg0msb,ACTIVE,192.869,9139899a-d7dd-49ef-8870-bda23de7a95f,Edge computing reduces latency by processing data closer,agx,14,12.0,ok,agx,1788521813.0307004,282.676,342.472,2
371.412,3,372.517,1788521813.597543,2,b03-o02-agx-c2,8,False,194.228,llama3.2:1b,etri-ser0001-cg0msb,ACTIVE,177.184,0f3dcbbe-18bc-427f-8115-1effd838b650,Edge computing reduces latency by processing data closer,agx,14,12.0,ok,agx,1788521813.225027,275.91,342.207,2
380.153,3,381.635,1788521813.7850616,2,b03-o02-agx-c2,8,False,187.283,llama3.2:1b,etri-ser0001-cg0msb,ACTIVE,192.871,4dd2203f-1047-44ff-b35b-a016296f9ab3,Edge computing reduces latency by processing data closer,agx,14,12.0,ok,agx,1788521813.4034276,276.405,350.935,2
376.924,3,378.202,1788521813.9757655,2,b03-o02-agx-c2,8,False,190.753,llama3.2:1b,etri-ser0001-cg0msb,ACTIVE,186.171,08025765-cd3a-4246-8365-34a2004f1378,Edge computing reduces latency by processing data closer,agx,14,12.0,ok,agx,1788521813.5975642,282.915,348.412,2
394.797,3,396.437,1788521814.181518,2,b03-o02-agx-c2,8,False,205.466,llama3.2:1b,etri-ser0001-cg0msb,ACTIVE,189.331,0f517d55-e21c-45da-a22d-b4edeb17f538,Edge computing reduces latency by processing data closer,agx,14,12.0,ok,agx,1788521813.7850826,280.456,366.049,2
386.7,3,388.066,1788521814.3638527,2,b03-o02-agx-c2,8,False,182.227,llama3.2:1b,etri-ser0001-cg0msb,ACTIVE,204.473,008a2c37-6bbc-420a-868c-0e05399e505a,Edge computing reduces latency by processing data closer,agx,14,12.0,ok,agx,1788521813.975789,282.187,357.981,2
360.882,3,362.641,1788521814.5441875,2,b03-o02-agx-c2,8,False,180.245,llama3.2:1b,etri-ser0001-cg0msb,ACTIVE,180.636,30039473-3a2b-4f56-adf7-89210b09f69c,Edge computing reduces latency by processing data closer,agx,14,12.0,ok,agx,1788521814.181549,282.127,332.205,2
367.336,3,369.038,1788521814.7329195,2,b03-o02-agx-c2,8,False,188.656,llama3.2:1b,etri-ser0001-cg0msb,ACTIVE,178.68,507af71c-a3bd-456e-88fb-81a5449fe5c1,Edge computing reduces latency by processing data closer,agx,14,12.0,ok,agx,1788521814.3638837,283.126,338.705,2
363.823,3,365.215,1788521814.9094343,2,b03-o02-agx-c2,8,False,176.664,llama3.2:1b,etri-ser0001-cg0msb,ACTIVE,187.159,906aa33f-fceb-4a49-b547-07900968dda6,Edge computing reduces latency by processing data closer,agx,14,12.0,ok,agx,1788521814.54422,282.935,335.238,2
193.034,3,197.464,1788521818.1170132,16,b03-o03-agx-c16,8,False,193.032,llama3.2:1b,etri-ser0001-cg0msb,ACTIVE,0.002,c3914f50-c926-4496-abb6-23845c27c987,Edge computing reduces latency by processing data closer,agx,15,12.0,ok,agx,1788521817.9195502,275.891,163.732,3
388.915,3,393.447,1788521818.3133876,16,b03-o03-agx-c16,8,False,196.175,llama3.2:1b,etri-ser0001-cg0msb,ACTIVE,192.74,a50777a3-9793-4307-8513-9b2b6f14c7aa,Edge computing reduces latency by processing data closer,agx,15,12.0,ok,agx,1788521817.9199424,278.484,359.922,3
571.83,3,575.796,1788521818.496432,16,b03-o03-agx-c16,8,False,182.911,llama3.2:1b,etri-ser0001-cg0msb,ACTIVE,388.919,c97b59a4-4726-42f3-8629-857ce6669f06,Edge computing reduces latency by processing data closer,agx,15,12.0,ok,agx,1788521817.9206388,273.364,542.438,3
761.873,3,766.8,1788521818.686514,16,b03-o03-agx-c16,8,False,190.047,llama3.2:1b,etri-ser0001-cg0msb,ACTIVE,571.826,8fab7cf5-1ca1-4e27-89cc-1abf103c83d7,Edge computing reduces latency by processing data closer,agx,15,12.0,ok,agx,1788521817.9197152,280.919,733.13,3
942.498,3,946.801,1788521818.867654,16,b03-o03-agx-c16,8,False,181.01,llama3.2:1b,etri-ser0001-cg0msb,ACTIVE,761.489,f9e6a34f-03e5-4d6d-a9c7-92d20d6dc41c,Edge computing reduces latency by processing data closer,agx,15,12.0,ok,agx,1788521817.920855,282.147,913.702,3
1127.389,3,1132.472,1788521819.0528295,16,b03-o03-agx-c16,8,False,185.045,llama3.2:1b,etri-ser0001-cg0msb,ACTIVE,942.344,21b59b60-aa85-4062-96f5-72437b115274,Edge computing reduces latency by processing data closer,agx,15,12.0,ok,agx,1788521817.9203591,273.982,1097.683,3
1313.007,3,1317.936,1788521819.2393317,16,b03-o03-agx-c16,8,False,186.55,llama3.2:1b,etri-ser0001-cg0msb,ACTIVE,1126.456,164d54e0-7c41-439e-94b1-95ff957e5b01,Edge computing reduces latency by processing data closer,agx,15,12.0,ok,agx,1788521817.9213965,282.386,1284.322,3
1490.414,3,1496.333,1788521819.4174263,16,b03-o03-agx-c16,8,False,178.062,llama3.2:1b,etri-ser0001-cg0msb,ACTIVE,1312.351,d0d03c80-f2b4-40d0-9197-8019b9aee515,Edge computing reduces latency by processing data closer,agx,15,12.0,ok,agx,1788521817.9210942,282.616,1461.766,3
1668.826,3,1674.375,1788521819.5961068,16,b03-o03-agx-c16,8,False,178.667,llama3.2:1b,etri-ser0001-cg0msb,ACTIVE,1490.159,1f4481a7-8da4-4b56-9a7b-59532ae66118,Edge computing reduces latency by processing data closer,agx,15,12.0,ok,agx,1788521817.9217327,283.116,1640.303,3
1867.559,3,1874.919,1788521819.7951012,16,b03-o03-agx-c16,8,False,198.692,llama3.2:1b,etri-ser0001-cg0msb,ACTIVE,1668.867,afe91d3b-a133-47d4-912c-61ae6594f51e,Edge computing reduces latency by processing data closer,agx,15,12.0,ok,agx,1788521817.9201844,271.905,1838.027,3
2043.637,3,2049.347,1788521819.971377,16,b03-o03-agx-c16,8,False,176.308,llama3.2:1b,etri-ser0001-cg0msb,ACTIVE,1867.329,80fe12b9-e6e5-4360-9023-fb5a4167c029,Edge computing reduces latency by processing data closer,agx,15,12.0,ok,agx,1788521817.9220307,282.795,2015.108,3
2254.692,3,2260.56,1788521820.1827981,16,b03-o03-agx-c16,8,False,211.172,llama3.2:1b,etri-ser0001-cg0msb,ACTIVE,2043.52,873494d3-cf8e-45f5-ae41-917c6f04fbaf,Edge computing reduces latency by processing data closer,agx,15,12.0,ok,agx,1788521817.9222398,281.077,2225.764,3
2435.767,3,2441.214,1788521820.3639655,16,b03-o03-agx-c16,8,False,181.096,llama3.2:1b,etri-ser0001-cg0msb,ACTIVE,2254.671,f1a80b71-2044-4555-b3e0-f965332ef5f0,Edge computing reduces latency by processing data closer,agx,15,12.0,ok,agx,1788521817.9227529,281.403,2406.95,3
2439.75,3,2441.336,1788521820.5583677,16,b03-o03-agx-c16,8,False,194.358,llama3.2:1b,etri-ser0001-cg0msb,ACTIVE,2245.392,b36ec662-9c4d-4244-9b4d-20f8ae8913e9,Edge computing reduces latency by processing data closer,agx,15,12.0,ok,agx,1788521818.1170342,282.855,2411.066,3
2436.567,3,2438.375,1788521820.7517908,16,b03-o03-agx-c16,8,False,193.285,llama3.2:1b,etri-ser0001-cg0msb,ACTIVE,2243.282,0f14a1fc-4b7d-4fce-aa0e-d621c8095a93,Edge computing reduces latency by processing data closer,agx,15,12.0,ok,agx,1788521818.313418,283.346,2408.032,3
2430.739,3,2432.382,1788521820.928846,16,b03-o03-agx-c16,8,False,177.089,llama3.2:1b,etri-ser0001-cg0msb,ACTIVE,2253.65,6a2f2abd-32a5-47ce-9cf8-7eb0b878adf8,Edge computing reduces latency by processing data closer,agx,15,12.0,ok,agx,1788521818.496464,275.122,2401.5,3
2439.913,3,2441.36,1788521821.1278937,16,b03-o03-agx-c16,8,False,198.846,llama3.2:1b,etri-ser0001-cg0msb,ACTIVE,2241.066,3ce81ead-8a1b-46df-90f3-747f995366ba,Edge computing reduces latency by processing data closer,agx,15,12.0,ok,agx,1788521818.6865354,280.289,2410.939,3
2448.45,3,2450.108,1788521821.31779,16,b03-o03-agx-c16,8,False,189.813,llama3.2:1b,etri-ser0001-cg0msb,ACTIVE,2258.637,fbc6be62-6272-4ce1-b4f2-7bb62de07e7b,Edge computing reduces latency by processing data closer,agx,15,12.0,ok,agx,1788521818.8676841,283.026,2419.889,3
2536.002,3,3592.403,1788521821.515627,16,b03-o03-agx-c16,8,False,197.876,llama3.2:1b,etri-ser0001-cg0msb,ACTIVE,2338.126,7f98f342-7e92-4108-8fdc-b38a70c5d2ec,Edge computing reduces latency by processing data closer,agx,15,12.0,ok,agx,1788521817.923225,281.462,2507.473,3
2712.02,3,3768.59,1788521821.6915483,16,b03-o03-agx-c16,8,False,175.978,llama3.2:1b,etri-ser0001-cg0msb,ACTIVE,2536.043,67b41068-e520-4aa9-91c4-7de3819be4b2,Edge computing reduces latency by processing data closer,agx,15,12.0,ok,agx,1788521817.9229598,283.036,2683.548,3
2920.0,3,3977.632,1788521821.9000466,16,b03-o03-agx-c16,8,False,208.192,llama3.2:1b,etri-ser0001-cg0msb,ACTIVE,2711.808,142f87e8-02a7-4803-9f7a-3eaa62dd146f,Edge computing reduces latency by processing data closer,agx,15,12.0,ok,agx,1788521817.922417,281.839,2891.112,3
3028.451,3,3030.14,1788521822.0829997,16,b03-o03-agx-c16,8,False,183.019,llama3.2:1b,etri-ser0001-cg0msb,ACTIVE,2845.432,568d24b2-c686-4bc1-896f-4141a0d1980c,Edge computing reduces latency by processing data closer,agx,15,12.0,ok,agx,1788521819.0528607,282.626,2999.913,3
3011.933,3,3013.028,1788521822.2523806,16,b03-o03-agx-c16,8,False,169.425,llama3.2:1b,etri-ser0001-cg0msb,ACTIVE,2842.507,90baf5d5-3fbd-4f3e-849a-b78a563eacec,Edge computing reduces latency by processing data closer,agx,15,12.0,ok,agx,1788521819.2393541,282.496,2983.499,3
3023.086,3,3024.682,1788521822.4421282,16,b03-o03-agx-c16,8,False,189.349,llama3.2:1b,etri-ser0001-cg0msb,ACTIVE,2833.738,5923af6e-59b7-476b-9cbd-a5d5448f4bfa,Edge computing reduces latency by processing data closer,agx,15,12.0,ok,agx,1788521819.4174488,283.056,2994.468,3
3037.128,3,3038.543,1788521822.6346703,16,b03-o03-agx-c16,8,False,192.406,llama3.2:1b,etri-ser0001-cg0msb,ACTIVE,2844.722,ab51ad70-2a39-48c3-aa5f-4ec55fad6f78,Edge computing reduces latency by processing data closer,agx,15,12.0,ok,agx,1788521819.5961287,278.95,3008.032,3
3017.159,3,3018.82,1788521822.81395,16,b03-o03-agx-c16,8,False,179.245,llama3.2:1b,etri-ser0001-cg0msb,ACTIVE,2837.914,b3d1a1c7-4067-482a-8d35-095bddba4b70,Edge computing reduces latency by processing data closer,agx,15,12.0,ok,agx,1788521819.7951314,283.036,2988.518,3
3014.213,3,3015.581,1788521822.9869754,16,b03-o03-agx-c16,8,False,172.877,llama3.2:1b,etri-ser0001-cg0msb,ACTIVE,2841.336,0dc96da6-6627-49b7-ba8c-830376bd509f,Edge computing reduces latency by processing data closer,agx,15,12.0,ok,agx,1788521819.9713962,280.584,2985.307,3
3005.591,3,3006.938,1788521823.1897664,16,b03-o03-agx-c16,8,False,202.971,llama3.2:1b,etri-ser0001-cg0msb,ACTIVE,2802.621,4c8fb245-ff3c-4c21-818a-d09a5a3e37ae,Edge computing reduces latency by processing data closer,agx,15,12.0,ok,agx,1788521820.18283,281.918,2976.995,3
2994.167,3,2995.662,1788521823.359657,16,b03-o03-agx-c16,8,False,169.735,llama3.2:1b,etri-ser0001-cg0msb,ACTIVE,2824.433,d0514439-0773-425c-bbf8-572ccf0b524f,Edge computing reduces latency by processing data closer,agx,15,12.0,ok,agx,1788521820.3639963,282.855,2965.602,3
3009.819,3,3011.56,1788521823.5699575,16,b03-o03-agx-c16,8,False,210.054,llama3.2:1b,etri-ser0001-cg0msb,ACTIVE,2799.764,69543923-38bc-4a25-baf6-0b53bd40f81e,Edge computing reduces latency by processing data closer,agx,15,12.0,ok,agx,1788521820.5583987,282.526,2981.177,3
2993.864,3,2995.512,1788521823.7473352,16,b03-o03-agx-c16,8,False,177.455,llama3.2:1b,etri-ser0001-cg0msb,ACTIVE,2816.409,7ae226e4-5d49-469d-b1d9-ea40dfbd1317,Edge computing reduces latency by processing data closer,agx,15,12.0,ok,agx,1788521820.7518237,277.21,2964.752,3
3014.427,3,3015.608,1788521823.9444745,16,b03-o03-agx-c16,8,False,197.147,llama3.2:1b,etri-ser0001-cg0msb,ACTIVE,2817.28,93f32726-d637-4b65-8f27-aabbbec0a50b,Edge computing reduces latency by processing data closer,agx,15,12.0,ok,agx,1788521820.9288669,282.975,2985.851,3
3019.113,3,3020.52,1788521824.1484501,16,b03-o03-agx-c16,8,False,203.822,llama3.2:1b,etri-ser0001-cg0msb,ACTIVE,2815.291,5f170b47-a87f-4515-970b-c757aef38303,Edge computing reduces latency by processing data closer,agx,15,12.0,ok,agx,1788521821.1279306,281.75,2990.44,3
3013.374,3,3014.811,1788521824.3326316,16,b03-o03-agx-c16,8,False,184.069,llama3.2:1b,etri-ser0001-cg0msb,ACTIVE,2829.304,2db7425e-86b5-4826-a733-2310471e7d2e,Edge computing reduces latency by processing data closer,agx,15,12.0,ok,agx,1788521821.3178215,281.968,2984.833,3
3000.051,3,3001.657,1788521824.5173035,16,b03-o03-agx-c16,8,False,184.524,llama3.2:1b,etri-ser0001-cg0msb,ACTIVE,2815.527,4efb9aca-1f7a-44b9-b574-917278d0c685,Edge computing reduces latency by processing data closer,agx,15,12.0,ok,agx,1788521821.5156486,282.725,2971.367,3
3033.246,3,3034.479,1788521824.7260482,16,b03-o03-agx-c16,8,False,208.802,llama3.2:1b,etri-ser0001-cg0msb,ACTIVE,2824.444,c6076da7-ddeb-47b1-8dfc-6f92390dbd5e,Edge computing reduces latency by processing data closer,agx,15,12.0,ok,agx,1788521821.6915696,281.68,3004.728,3
3046.267,3,3047.638,1788521824.9477155,16,b03-o03-agx-c16,8,False,221.6,llama3.2:1b,etri-ser0001-cg0msb,ACTIVE,2824.667,95d07f48-000c-48b1-b417-dce1835125ab,Edge computing reduces latency by processing data closer,agx,15,12.0,ok,agx,1788521821.900078,281.185,3017.596,3
3057.083,3,3058.246,1788521825.1412666,16,b03-o03-agx-c16,8,False,193.535,llama3.2:1b,etri-ser0001-cg0msb,ACTIVE,2863.549,73097541-4a1d-4891-9bc8-5fd1db87042e,Edge computing reduces latency by processing data closer,agx,15,12.0,ok,agx,1788521822.0830212,282.356,3028.533,3
3069.276,3,3070.704,1788521825.3231068,16,b03-o03-agx-c16,8,False,181.781,llama3.2:1b,etri-ser0001-cg0msb,ACTIVE,2887.495,26ab96ba-f17a-45d6-8948-110a7ea3d153,Edge computing reduces latency by processing data closer,agx,15,12.0,ok,agx,1788521822.2524037,282.406,3040.728,3
3054.071,3,3055.757,1788521825.4979138,16,b03-o03-agx-c16,8,False,174.468,llama3.2:1b,etri-ser0001-cg0msb,ACTIVE,2879.602,d0da1e05-8959-4f31-9498-e850e381f311,Edge computing reduces latency by processing data closer,agx,15,12.0,ok,agx,1788521822.4421587,282.975,3025.389,3
3055.541,3,3057.238,1788521825.6919372,16,b03-o03-agx-c16,8,False,193.923,llama3.2:1b,etri-ser0001-cg0msb,ACTIVE,2861.619,f32d4085-c6b5-4e97-9edf-629aec3934b6,Edge computing reduces latency by processing data closer,agx,15,12.0,ok,agx,1788521822.634702,282.506,3026.784,3
3078.994,3,3080.615,1788521825.8945951,16,b03-o03-agx-c16,8,False,202.565,llama3.2:1b,etri-ser0001-cg0msb,ACTIVE,2876.429,e6b9f2be-3411-4548-9102-4c68162c5996,Edge computing reduces latency by processing data closer,agx,15,12.0,ok,agx,1788521822.8139813,281.849,3050.182,3
3091.802,3,3093.344,1788521826.080351,16,b03-o03-agx-c16,8,False,185.85,llama3.2:1b,etri-ser0001-cg0msb,ACTIVE,2905.952,59a9f11d-948c-4e94-a7e1-f3ddca1ae906,Edge computing reduces latency by processing data closer,agx,15,12.0,ok,agx,1788521822.9870079,277.469,3062.845,3
3074.9,3,3076.506,1788521826.2662966,16,b03-o03-agx-c16,8,False,185.712,llama3.2:1b,etri-ser0001-cg0msb,ACTIVE,2889.189,620baa15-e745-43b0-8715-6cf0991544c4,Edge computing reduces latency by processing data closer,agx,15,12.0,ok,agx,1788521823.1897929,277.133,3045.601,3
3095.551,3,3096.7,1788521826.4563758,16,b03-o03-agx-c16,8,False,190.102,llama3.2:1b,etri-ser0001-cg0msb,ACTIVE,2905.449,3e686cfc-5d32-4c3c-93ad-99057090275b,Edge computing reduces latency by processing data closer,agx,15,12.0,ok,agx,1788521823.3596785,283.076,3067.049,3
3083.278,3,3084.848,1788521826.6548336,16,b03-o03-agx-c16,8,False,198.355,llama3.2:1b,etri-ser0001-cg0msb,ACTIVE,2884.923,805407d0-220b-46de-9301-7d50e41152db,Edge computing reduces latency by processing data closer,agx,15,12.0,ok,agx,1788521823.569988,281.047,3054.519,3
3084.804,3,3086.147,1788521826.8335028,16,b03-o03-agx-c16,8,False,178.564,llama3.2:1b,etri-ser0001-cg0msb,ACTIVE,2906.241,0c76d769-cf44-4b90-bbad-9400b5eebfd7,Edge computing reduces latency by processing data closer,agx,15,12.0,ok,agx,1788521823.7473578,280.318,3055.946,3
3063.581,3,3065.174,1788521827.0096688,16,b03-o03-agx-c16,8,False,176.026,llama3.2:1b,etri-ser0001-cg0msb,ACTIVE,2887.555,3b49eb0c-ecb6-486c-b6a3-63e365f544b8,Edge computing reduces latency by processing data closer,agx,15,12.0,ok,agx,1788521823.9444966,282.516,3034.884,3
3055.031,3,3056.466,1788521827.2049375,16,b03-o03-agx-c16,8,False,195.38,llama3.2:1b,etri-ser0001-cg0msb,ACTIVE,2859.651,c49db2b8-87aa-4bfc-b9ba-1549722f4b2c,Edge computing reduces latency by processing data closer,agx,15,12.0,ok,agx,1788521824.148472,281.988,3026.396,3
3085.664,3,3087.13,1788521827.419779,16,b03-o03-agx-c16,8,False,214.605,llama3.2:1b,etri-ser0001-cg0msb,ACTIVE,2871.059,231438c1-7f7f-4a72-9140-5016ff3252b5,Edge computing reduces latency by processing data closer,agx,15,12.0,ok,agx,1788521824.3326519,269.387,3055.911,3
3089.763,3,3091.259,1788521827.6085904,16,b03-o03-agx-c16,8,False,188.866,llama3.2:1b,etri-ser0001-cg0msb,ACTIVE,2900.897,9e02aa29-acbf-429b-a953-29217f01bb65,Edge computing reduces latency by processing data closer,agx,15,12.0,ok,agx,1788521824.5173333,282.696,3061.072,3
3146.291,3,3147.579,1788521827.8736465,16,b03-o03-agx-c16,8,False,264.97,llama3.2:1b,etri-ser0001-cg0msb,ACTIVE,2881.32,bdf9342d-8e0b-4761-b72e-a324938fbf88,Edge computing reduces latency by processing data closer,agx,15,12.0,ok,agx,1788521824.7260697,251.969,3114.311,3
3112.793,3,3114.493,1788521828.0622284,16,b03-o03-agx-c16,8,False,188.272,llama3.2:1b,etri-ser0001-cg0msb,ACTIVE,2924.521,f230e120-edca-4b00-aefd-24a3fc0b8778,Edge computing reduces latency by processing data closer,agx,15,12.0,ok,agx,1788521824.9477377,281.918,3084.074,3
3101.335,3,3102.747,1788521828.2440352,16,b03-o03-agx-c16,8,False,181.936,llama3.2:1b,etri-ser0001-cg0msb,ACTIVE,2919.399,8723059d-f014-4f75-86ae-c0feeacdb1ee,Edge computing reduces latency by processing data closer,agx,15,12.0,ok,agx,1788521825.1412892,282.356,3072.782,3
3104.28,3,3105.865,1788521828.4289904,16,b03-o03-agx-c16,8,False,184.686,llama3.2:1b,etri-ser0001-cg0msb,ACTIVE,2919.594,2677a7cc-a96c-455f-bbb6-a4b4b923e25a,Edge computing reduces latency by processing data closer,agx,15,12.0,ok,agx,1788521825.3231273,270.618,3074.463,3
3117.376,3,3119.055,1788521828.6170053,16,b03-o03-agx-c16,8,False,187.96,llama3.2:1b,etri-ser0001-cg0msb,ACTIVE,2929.416,2e0640e5-d7c2-4df1-bd0b-873124fd80b3,Edge computing reduces latency by processing data closer,agx,15,12.0,ok,agx,1788521825.4979513,282.257,3088.685,3
3102.714,3,3104.365,1788521828.7963314,16,b03-o03-agx-c16,8,False,179.188,llama3.2:1b,etri-ser0001-cg0msb,ACTIVE,2923.526,c983a08a-6048-4826-bf44-7451745833b7,Edge computing reduces latency by processing data closer,agx,15,12.0,ok,agx,1788521825.691968,282.516,3074.005,3
3087.242,3,3088.743,1788521828.9833677,16,b03-o03-agx-c16,8,False,187.127,llama3.2:1b,etri-ser0001-cg0msb,ACTIVE,2900.115,82a0c63a-c5a8-4d4e-8a7a-feccc980c9c3,Edge computing reduces latency by processing data closer,agx,15,12.0,ok,agx,1788521825.8946254,282.336,3058.667,3
3086.857,3,3088.274,1788521829.1686463,16,b03-o03-agx-c16,8,False,185.119,llama3.2:1b,etri-ser0001-cg0msb,ACTIVE,2901.738,1cc2fdcc-5911-4e11-b302-ab2af914b662,Edge computing reduces latency by processing data closer,agx,15,12.0,ok,agx,1788521826.0803747,281.156,3058.052,3
3085.582,3,3086.905,1788521829.3532317,16,b03-o03-agx-c16,8,False,184.742,llama3.2:1b,etri-ser0001-cg0msb,ACTIVE,2900.84,f49509ec-238b-4804-8439-ea8bcdc20066,Edge computing reduces latency by processing data closer,agx,15,12.0,ok,agx,1788521826.266328,281.235,3056.844,3
3112.027,3,3113.724,1788521829.5701272,16,b03-o03-agx-c16,8,False,216.45,llama3.2:1b,etri-ser0001-cg0msb,ACTIVE,2895.577,db02693b-1a1d-4964-addc-be48b15d95de,Edge computing reduces latency by processing data closer,agx,15,12.0,ok,agx,1788521826.4564052,282.815,3083.403,3
3102.295,3,3103.897,1788521829.7587578,16,b03-o03-agx-c16,8,False,188.554,llama3.2:1b,etri-ser0001-cg0msb,ACTIVE,2913.741,3571fa3c-26b0-41fb-8dbe-3202125821e4,Edge computing reduces latency by processing data closer,agx,15,12.0,ok,agx,1788521826.6548629,282.306,3073.506,3
3114.837,3,3116.43,1788521829.94996,16,b03-o03-agx-c16,8,False,191.158,llama3.2:1b,etri-ser0001-cg0msb,ACTIVE,2923.679,5d6c92f4-aa13-4d8f-9883-30e96e0465a2,Edge computing reduces latency by processing data closer,agx,15,12.0,ok,agx,1788521826.8335323,282.396,3086.01,3
3127.878,3,3129.237,1788521830.1389368,16,b03-o03-agx-c16,8,False,189.097,llama3.2:1b,etri-ser0001-cg0msb,ACTIVE,2938.781,8ebf3e98-a807-40c9-aaf8-ba1f7b842b98,Edge computing reduces latency by processing data closer,agx,15,12.0,ok,agx,1788521827.0097008,282.157,3099.223,3
3127.312,3,3128.884,1788521830.3338408,16,b03-o03-agx-c16,8,False,194.596,llama3.2:1b,etri-ser0001-cg0msb,ACTIVE,2932.716,cabee720-c865-491b-a783-a33b9fb50a61,Edge computing reduces latency by processing data closer,agx,15,12.0,ok,agx,1788521827.2049582,282.068,3098.519,3
3106.144,3,3107.868,1788521830.5276756,16,b03-o03-agx-c16,8,False,193.67,llama3.2:1b,etri-ser0001-cg0msb,ACTIVE,2912.474,1a5ca7ae-6013-484e-8dbe-dc8b2a0f547b,Edge computing reduces latency by processing data closer,agx,15,12.0,ok,agx,1788521827.4198093,280.515,3077.133,3
3108.021,3,3109.581,1788521830.7181964,16,b03-o03-agx-c16,8,False,190.496,llama3.2:1b,etri-ser0001-cg0msb,ACTIVE,2917.525,b6c8fcd9-4b30-4967-992d-305a15eb082f,Edge computing reduces latency by processing data closer,agx,15,12.0,ok,agx,1788521827.6086175,280.348,3079.385,3
3031.607,3,3033.319,1788521830.9069972,16,b03-o03-agx-c16,8,False,188.657,llama3.2:1b,etri-ser0001-cg0msb,ACTIVE,2842.95,7ca02ed5-9f9c-49a6-b861-aac8e847099c,Edge computing reduces latency by processing data closer,agx,15,12.0,ok,agx,1788521827.87368,282.187,3002.767,3
3039.894,3,3041.297,1788521831.1035554,16,b03-o03-agx-c16,8,False,196.736,llama3.2:1b,etri-ser0001-cg0msb,ACTIVE,2843.158,ec8394f5-338f-4fa7-971b-81bb40269e91,Edge computing reduces latency by processing data closer,agx,15,12.0,ok,agx,1788521828.0622592,282.277,3011.309,3
3038.985,3,3040.703,1788521831.2847579,16,b03-o03-agx-c16,8,False,180.873,llama3.2:1b,etri-ser0001-cg0msb,ACTIVE,2858.113,c9dbb702-cd0c-433b-ae3c-2855135cbe39,Edge computing reduces latency by processing data closer,agx,15,12.0,ok,agx,1788521828.2440565,282.775,3010.41,3
3052.83,3,3054.342,1788521831.483364,16,b03-o03-agx-c16,8,False,198.688,llama3.2:1b,etri-ser0001-cg0msb,ACTIVE,2854.142,6d6fb950-a323-4026-9062-03213dc04a0d,Edge computing reduces latency by processing data closer,agx,15,12.0,ok,agx,1788521828.429023,272.572,3023.391,3
3070.498,3,3071.922,1788521831.688949,16,b03-o03-agx-c16,8,False,205.321,llama3.2:1b,etri-ser0001-cg0msb,ACTIVE,2865.177,0956cd8f-062d-4d5d-915e-5e074b72c80d,Edge computing reduces latency by processing data closer,agx,15,12.0,ok,agx,1788521828.6170292,282.686,3041.863,3
3064.66,3,3066.332,1788521831.862691,16,b03-o03-agx-c16,8,False,173.716,llama3.2:1b,etri-ser0001-cg0msb,ACTIVE,2890.944,1fcca70d-5936-4df4-9a80-ea3fef4c03dc,Edge computing reduces latency by processing data closer,agx,15,12.0,ok,agx,1788521828.7963614,274.631,3034.866,3
3072.551,3,3073.79,1788521832.0571787,16,b03-o03-agx-c16,8,False,194.543,llama3.2:1b,etri-ser0001-cg0msb,ACTIVE,2878.008,aa1acafe-92e2-4919-a49a-c3bd695b9e71,Edge computing reduces latency by processing data closer,agx,15,12.0,ok,agx,1788521828.9833891,281.948,3043.834,3
3082.829,3,3084.36,1788521832.2530375,16,b03-o03-agx-c16,8,False,195.542,llama3.2:1b,etri-ser0001-cg0msb,ACTIVE,2887.287,f5752c32-1bce-42b4-a0cc-c670837288ea,Edge computing reduces latency by processing data closer,agx,15,12.0,ok,agx,1788521829.168678,281.403,3053.916,3
3083.776,3,3084.964,1788521832.4382172,16,b03-o03-agx-c16,8,False,185.326,llama3.2:1b,etri-ser0001-cg0msb,ACTIVE,2898.45,4bd39782-8d16-4b1f-838f-64722554c04b,Edge computing reduces latency by processing data closer,agx,15,12.0,ok,agx,1788521829.3532538,282.326,3055.158,3
3061.425,3,3063.016,1788521832.6331725,16,b03-o03-agx-c16,8,False,194.689,llama3.2:1b,etri-ser0001-cg0msb,ACTIVE,2866.737,e9ce1c9e-7a52-4dd1-b3e4-122b6994866a,Edge computing reduces latency by processing data closer,agx,15,12.0,ok,agx,1788521829.5701592,282.855,3032.924,3
3075.24,3,3076.675,1788521832.8354607,16,b03-o03-agx-c16,8,False,202.306,llama3.2:1b,etri-ser0001-cg0msb,ACTIVE,2872.934,9e0cb667-0bb2-4cde-80f9-10633a6a0c1a,Edge computing reduces latency by processing data closer,agx,15,12.0,ok,agx,1788521829.7587879,282.028,3046.382,3
180.478,3,183.637,1788521836.1055002,8,b03-o04-agx-c8,8,False,180.476,llama3.2:1b,etri-ser0001-cg0msb,ACTIVE,0.003,403e7b42-0f70-456c-a281-a9ef5bc597ff,Edge computing reduces latency by processing data closer,agx,16,12.0,ok,agx,1788521835.921865,278.174,151.507,4
355.88,3,359.433,1788521836.2814927,8,b03-o04-agx-c8,8,False,175.726,llama3.2:1b,etri-ser0001-cg0msb,ACTIVE,180.154,67606c35-d6e4-4e3f-acdb-9f44d7f4f86a,Edge computing reduces latency by processing data closer,agx,16,12.0,ok,agx,1788521835.9220612,282.267,327.296,4
543.517,3,547.105,1788521836.4693499,8,b03-o04-agx-c8,8,False,187.963,llama3.2:1b,etri-ser0001-cg0msb,ACTIVE,355.554,8e2d8cb9-3dd9-44ed-8c45-40d7560c9756,Edge computing reduces latency by processing data closer,agx,16,12.0,ok,agx,1788521835.9222453,282.666,515.005,4
742.172,3,746.056,1788521836.6687174,8,b03-o04-agx-c8,8,False,199.143,llama3.2:1b,etri-ser0001-cg0msb,ACTIVE,543.029,8b01b59e-01b1-4e48-bbad-ae7a74444d85,Edge computing reduces latency by processing data closer,agx,16,12.0,ok,agx,1788521835.9226635,282.725,713.647,4
944.336,3,948.452,1788521836.8712857,8,b03-o04-agx-c8,8,False,202.455,llama3.2:1b,etri-ser0001-cg0msb,ACTIVE,741.882,3e784b73-60e6-4911-afea-8017dc7e0cc9,Edge computing reduces latency by processing data closer,agx,16,12.0,ok,agx,1788521835.9228363,281.968,915.72,4
1129.539,3,1133.257,1788521837.0563402,8,b03-o04-agx-c8,8,False,185.219,llama3.2:1b,etri-ser0001-cg0msb,ACTIVE,944.32,d7a52346-4103-4937-bdc4-847e37875ad3,Edge computing reduces latency by processing data closer,agx,16,12.0,ok,agx,1788521835.9230845,279.789,1100.772,4
1337.158,3,1341.574,1788521837.264033,8,b03-o04-agx-c8,8,False,207.585,llama3.2:1b,etri-ser0001-cg0msb,ACTIVE,1129.573,ca108d52-9971-433c-a3f7-918116d4c602,Edge computing reduces latency by processing data closer,agx,16,12.0,ok,agx,1788521835.92246,282.705,1308.555,4
1526.231,3,1530.229,1788521837.4535406,8,b03-o04-agx-c8,8,False,189.306,llama3.2:1b,etri-ser0001-cg0msb,ACTIVE,1336.925,1aa4fcc4-5646-4bda-9429-574aa95b00d2,Edge computing reduces latency by processing data closer,agx,16,12.0,ok,agx,1788521835.9233139,282.905,1497.571,4
1531.798,3,1532.889,1788521837.6384194,8,b03-o04-agx-c8,8,False,184.822,llama3.2:1b,etri-ser0001-cg0msb,ACTIVE,1346.976,9abd7cc1-5435-4886-a54d-616ae4937814,Edge computing reduces latency by processing data closer,agx,16,12.0,ok,agx,1788521836.1055315,281.165,1503.209,4
1557.656,3,1559.142,1788521837.8406656,8,b03-o04-agx-c8,8,False,202.068,llama3.2:1b,etri-ser0001-cg0msb,ACTIVE,1355.588,4f97d395-5d8f-411b-aba7-e95652749b7f,Edge computing reduces latency by processing data closer,agx,16,12.0,ok,agx,1788521836.2815237,275.558,1528.353,4
1552.502,3,1553.98,1788521838.0233502,8,b03-o04-agx-c8,8,False,182.388,llama3.2:1b,etri-ser0001-cg0msb,ACTIVE,1370.113,ad07a8e9-021c-493c-badf-ddd468704adc,Edge computing reduces latency by processing data closer,agx,16,12.0,ok,agx,1788521836.4693727,280.978,1523.575,4
1531.467,3,1533.252,1788521838.2019968,8,b03-o04-agx-c8,8,False,178.7,llama3.2:1b,etri-ser0001-cg0msb,ACTIVE,1352.767,ab968da8-11e1-4e73-ab79-56b7fcc74b2a,Edge computing reduces latency by processing data closer,agx,16,12.0,ok,agx,1788521836.6687474,280.426,1502.687,4
1508.155,3,1509.7,1788521838.3810155,8,b03-o04-agx-c8,8,False,178.898,llama3.2:1b,etri-ser0001-cg0msb,ACTIVE,1329.257,99ed799d-8a7a-4435-b4b1-4993d5f25222,Edge computing reduces latency by processing data closer,agx,16,12.0,ok,agx,1788521836.871317,282.965,1479.484,4
1508.851,3,1510.25,1788521838.566609,8,b03-o04-agx-c8,8,False,185.59,llama3.2:1b,etri-ser0001-cg0msb,ACTIVE,1323.261,f4383c11-bd0c-4620-8b96-165bb0477bd7,Edge computing reduces latency by processing data closer,agx,16,12.0,ok,agx,1788521837.0563602,282.815,1480.225,4
1501.5,3,1502.678,1788521838.76673,8,b03-o04-agx-c8,8,False,200.185,llama3.2:1b,etri-ser0001-cg0msb,ACTIVE,1301.315,5eb20199-f70c-46e9-b5e5-39096f08aba3,Edge computing reduces latency by processing data closer,agx,16,12.0,ok,agx,1788521837.2640524,281.928,1472.881,4
1510.931,3,1512.526,1788521838.9660976,8,b03-o04-agx-c8,8,False,199.192,llama3.2:1b,etri-ser0001-cg0msb,ACTIVE,1311.739,980250ea-11fd-4d3a-8bc8-e49575503d75,Edge computing reduces latency by processing data closer,agx,16,12.0,ok,agx,1788521837.4535728,281.591,1482.264,4
1514.56,3,1515.829,1788521839.1542692,8,b03-o04-agx-c8,8,False,188.112,llama3.2:1b,etri-ser0001-cg0msb,ACTIVE,1326.448,da022ca4-67bf-42e5-8008-4a2de73624e6,Edge computing reduces latency by processing data closer,agx,16,12.0,ok,agx,1788521837.638442,282.187,1485.849,4
1507.67,3,1508.88,1788521839.3495672,8,b03-o04-agx-c8,8,False,195.244,llama3.2:1b,etri-ser0001-cg0msb,ACTIVE,1312.426,1b6743fe-5691-4cd9-ad9c-f78efba9a05f,Edge computing reduces latency by processing data closer,agx,16,12.0,ok,agx,1788521837.8406875,274.791,1478.455,4
1505.684,3,1507.218,1788521839.5306003,8,b03-o04-agx-c8,8,False,180.881,llama3.2:1b,etri-ser0001-cg0msb,ACTIVE,1324.803,064afb26-d094-4435-8dc0-a08c2d0b3a49,Edge computing reduces latency by processing data closer,agx,16,12.0,ok,agx,1788521838.023383,278.174,1476.679,4
1531.88,3,1533.228,1788521839.7352533,8,b03-o04-agx-c8,8,False,204.693,llama3.2:1b,etri-ser0001-cg0msb,ACTIVE,1327.187,f64efbdf-ecd2-4641-97ac-3ad0f78d47b1,Edge computing reduces latency by processing data closer,agx,16,12.0,ok,agx,1788521838.2020268,276.96,1502.862,4
1541.946,3,1543.58,1788521839.924625,8,b03-o04-agx-c8,8,False,188.939,llama3.2:1b,etri-ser0001-cg0msb,ACTIVE,1353.007,d3037d95-8d45-4995-9fc5-fe617579647f,Edge computing reduces latency by processing data closer,agx,16,12.0,ok,agx,1788521838.3810465,282.386,1513.214,4
1533.968,3,1535.147,1788521840.1017776,8,b03-o04-agx-c8,8,False,177.211,llama3.2:1b,etri-ser0001-cg0msb,ACTIVE,1356.757,21dadc3c-5493-4930-a6a9-7a8249bc9ff6,Edge computing reduces latency by processing data closer,agx,16,12.0,ok,agx,1788521838.566631,282.396,1505.401,4
1506.672,3,1508.122,1788521840.2748723,8,b03-o04-agx-c8,8,False,172.971,llama3.2:1b,etri-ser0001-cg0msb,ACTIVE,1333.701,fe510179-61fe-455f-b3ef-611a5ca9ecf8,Edge computing reduces latency by processing data closer,agx,16,12.0,ok,agx,1788521838.766752,282.576,1477.938,4
1481.316,3,1482.744,1788521840.448858,8,b03-o04-agx-c8,8,False,173.787,llama3.2:1b,etri-ser0001-cg0msb,ACTIVE,1307.529,ea337eae-c3ca-4c85-b660-235d6d878217,Edge computing reduces latency by processing data closer,agx,16,12.0,ok,agx,1788521838.9661188,277.316,1452.235,4
1495.231,3,1496.973,1788521840.6512733,8,b03-o04-agx-c8,8,False,202.286,llama3.2:1b,etri-ser0001-cg0msb,ACTIVE,1292.945,0f437679-8dc2-436c-9c8e-9b3bc4de116a,Edge computing reduces latency by processing data closer,agx,16,12.0,ok,agx,1788521839.1543021,282.386,1466.541,4
1480.664,3,1482.249,1788521840.8318348,8,b03-o04-agx-c8,8,False,180.58,llama3.2:1b,etri-ser0001-cg0msb,ACTIVE,1300.085,2b8e8230-b9ec-4514-9e4d-7c3b18d413cf,Edge computing reduces latency by processing data closer,agx,16,12.0,ok,agx,1788521839.3495882,283.066,1452.059,4
1484.421,3,1485.61,1788521841.0162334,8,b03-o04-agx-c8,8,False,184.481,llama3.2:1b,etri-ser0001-cg0msb,ACTIVE,1299.94,a5081b8e-8046-4034-ac4d-37244a10f3fd,Edge computing reduces latency by processing data closer,agx,16,12.0,ok,agx,1788521839.5306246,282.516,1455.698,4
1455.103,3,1456.559,1788521841.191833,8,b03-o04-agx-c8,8,False,175.415,llama3.2:1b,etri-ser0001-cg0msb,ACTIVE,1279.687,0038c439-cd85-4ba1-a00e-4e6915329eb4,Edge computing reduces latency by processing data closer,agx,16,12.0,ok,agx,1788521839.7352755,281.254,1426.493,4
1445.187,3,1446.807,1788521841.371462,8,b03-o04-agx-c8,8,False,179.538,llama3.2:1b,etri-ser0001-cg0msb,ACTIVE,1265.649,e3fa6d96-92f3-4bc6-8af1-c72039fe510a,Edge computing reduces latency by processing data closer,agx,16,12.0,ok,agx,1788521839.9246562,282.785,1416.489,4
1454.64,3,1455.883,1788521841.5576801,8,b03-o04-agx-c8,8,False,186.173,llama3.2:1b,etri-ser0001-cg0msb,ACTIVE,1268.467,b1a9bd46-f01a-4a61-885e-645c1c46bc31,Edge computing reduces latency by processing data closer,agx,16,12.0,ok,agx,1788521840.101799,282.576,1425.818,4
1475.42,3,1476.99,1788521841.7518883,8,b03-o04-agx-c8,8,False,193.862,llama3.2:1b,etri-ser0001-cg0msb,ACTIVE,1281.558,88efc360-0db4-41fb-986d-0dad13479763,Edge computing reduces latency by processing data closer,agx,16,12.0,ok,agx,1788521840.2749007,283.026,1446.739,4
1492.977,3,1494.543,1788521841.943435,8,b03-o04-agx-c8,8,False,191.597,llama3.2:1b,etri-ser0001-cg0msb,ACTIVE,1301.38,ab743e20-6509-4e39-bf11-2dba5786ca18,Edge computing reduces latency by processing data closer,agx,16,12.0,ok,agx,1788521840.4488928,282.626,1464.429,4
1499.205,3,1500.924,1788521842.152227,8,b03-o04-agx-c8,8,False,208.583,llama3.2:1b,etri-ser0001-cg0msb,ACTIVE,1290.622,d364a417-349b-4461-a02e-d4bfb2450d39,Edge computing reduces latency by processing data closer,agx,16,12.0,ok,agx,1788521840.6513052,282.845,1470.684,4
1506.563,3,1508.08,1788521842.3399446,8,b03-o04-agx-c8,8,False,187.817,llama3.2:1b,etri-ser0001-cg0msb,ACTIVE,1318.745,a2b78a24-2b5b-41b9-9f93-d97d985a079d,Edge computing reduces latency by processing data closer,agx,16,12.0,ok,agx,1788521840.8318658,282.356,1478.135,4
1504.259,3,1505.29,1788521842.5215452,8,b03-o04-agx-c8,8,False,181.609,llama3.2:1b,etri-ser0001-cg0msb,ACTIVE,1322.65,7a7e7cbb-b590-46b5-95b0-d89bab61583c,Edge computing reduces latency by processing data closer,agx,16,12.0,ok,agx,1788521841.0162559,283.026,1475.774,4
1523.687,3,1525.271,1788521842.717123,8,b03-o04-agx-c8,8,False,195.246,llama3.2:1b,etri-ser0001-cg0msb,ACTIVE,1328.441,a18494cc-0f6c-4d94-8c49-33044a16543d,Edge computing reduces latency by processing data closer,agx,16,12.0,ok,agx,1788521841.191854,282.386,1495.098,4
1531.961,3,1533.643,1788521842.905126,8,b03-o04-agx-c8,8,False,187.883,llama3.2:1b,etri-ser0001-cg0msb,ACTIVE,1344.078,7a62010c-5544-4f9b-947c-488cfec9d17e,Edge computing reduces latency by processing data closer,agx,16,12.0,ok,agx,1788521841.371484,282.696,1503.19,4
1533.225,3,1535.194,1788521843.0929024,8,b03-o04-agx-c8,8,False,187.768,llama3.2:1b,etri-ser0001-cg0msb,ACTIVE,1345.457,4b0c3081-dd5b-460e-ac0f-d9e1aafcbfcd,Edge computing reduces latency by processing data closer,agx,16,12.0,ok,agx,1788521841.5577095,282.616,1504.449,4
1525.381,3,1527.062,1788521843.2789783,8,b03-o04-agx-c8,8,False,185.95,llama3.2:1b,etri-ser0001-cg0msb,ACTIVE,1339.431,d203acd8-717d-445f-8f6a-8138c011474d,Edge computing reduces latency by processing data closer,agx,16,12.0,ok,agx,1788521841.7519202,278.59,1496.457,4
1508.692,3,1510.013,1788521843.453469,8,b03-o04-agx-c8,8,False,174.638,llama3.2:1b,etri-ser0001-cg0msb,ACTIVE,1334.054,00581dee-afe4-4c25-a2ce-e2cbc0e8efcc,Edge computing reduces latency by processing data closer,agx,16,12.0,ok,agx,1788521841.9434576,282.277,1480.139,4
1480.262,3,1481.903,1788521843.6341581,8,b03-o04-agx-c8,8,False,180.407,llama3.2:1b,etri-ser0001-cg0msb,ACTIVE,1299.855,e69f73f0-3d6d-4566-9f11-cc52e4069e64,Edge computing reduces latency by processing data closer,agx,16,12.0,ok,agx,1788521842.1522574,280.662,1451.383,4
1467.461,3,1468.884,1788521843.808848,8,b03-o04-agx-c8,8,False,174.564,llama3.2:1b,etri-ser0001-cg0msb,ACTIVE,1292.897,852a43bb-e919-4a23-82ca-a4d0d3b69931,Edge computing reduces latency by processing data closer,agx,16,12.0,ok,agx,1788521842.3399663,282.366,1438.655,4
1465.3,3,1467.099,1788521843.988664,8,b03-o04-agx-c8,8,False,179.823,llama3.2:1b,etri-ser0001-cg0msb,ACTIVE,1285.477,31a6a3ef-f0a9-4e5c-8463-fecc2aa2c3fb,Edge computing reduces latency by processing data closer,agx,16,12.0,ok,agx,1788521842.5215676,278.901,1436.305,4
1460.539,3,1462.153,1788521844.1793053,8,b03-o04-agx-c8,8,False,190.582,llama3.2:1b,etri-ser0001-cg0msb,ACTIVE,1269.956,a9957ad3-da30-4133-b83a-0e435c1b76ce,Edge computing reduces latency by processing data closer,agx,16,12.0,ok,agx,1788521842.7171528,280.859,1431.66,4
1443.881,3,1445.126,1788521844.3502743,8,b03-o04-agx-c8,8,False,170.977,llama3.2:1b,etri-ser0001-cg0msb,ACTIVE,1272.904,97430115-dcd3-42e7-bb2d-87bb9d14d12a,Edge computing reduces latency by processing data closer,agx,16,12.0,ok,agx,1788521842.9051492,280.613,1414.959,4
1439.216,3,1440.766,1788521844.533694,8,b03-o04-agx-c8,8,False,183.155,llama3.2:1b,etri-ser0001-cg0msb,ACTIVE,1256.06,7940f09d-7764-4c29-8db7-8f0dd05be038,Edge computing reduces latency by processing data closer,agx,16,12.0,ok,agx,1788521843.0929296,281.75,1410.325,4
1475.099,3,1476.54,1788521844.7555518,8,b03-o04-agx-c8,8,False,221.9,llama3.2:1b,etri-ser0001-cg0msb,ACTIVE,1253.199,6c36df9a-0be3-4f53-be91-c3bf83832ae7,Edge computing reduces latency by processing data closer,agx,16,12.0,ok,agx,1788521843.279013,282.586,1446.537,4
1488.328,3,1489.654,1788521844.9431403,8,b03-o04-agx-c8,8,False,187.349,llama3.2:1b,etri-ser0001-cg0msb,ACTIVE,1300.978,d1f781d8-0151-406f-a08b-5586ce5860dd,Edge computing reduces latency by processing data closer,agx,16,12.0,ok,agx,1788521843.4534883,273.673,1459.017,4
1484.719,3,1486.143,1788521845.1203325,8,b03-o04-agx-c8,8,False,177.363,llama3.2:1b,etri-ser0001-cg0msb,ACTIVE,1307.356,447e126c-c941-4870-91f7-bb430f3fa1d9,Edge computing reduces latency by processing data closer,agx,16,12.0,ok,agx,1788521843.6341903,282.346,1456.199,4
1492.998,3,1494.441,1788521845.3033206,8,b03-o04-agx-c8,8,False,182.837,llama3.2:1b,etri-ser0001-cg0msb,ACTIVE,1310.161,0c70efaa-f627-4e40-8002-b7e88a334c1a,Edge computing reduces latency by processing data closer,agx,16,12.0,ok,agx,1788521843.80888,282.646,1464.512,4
1506.281,3,1507.929,1788521845.496625,8,b03-o04-agx-c8,8,False,193.131,llama3.2:1b,etri-ser0001-cg0msb,ACTIVE,1313.15,35860df4-435c-4eee-83ca-cfd58caf346e,Edge computing reduces latency by processing data closer,agx,16,12.0,ok,agx,1788521843.9886975,282.985,1477.744,4
1509.316,3,1511.008,1788521845.6903331,8,b03-o04-agx-c8,8,False,193.496,llama3.2:1b,etri-ser0001-cg0msb,ACTIVE,1315.819,acc51ef4-4d5a-4e04-bb45-ef3ec62f5068,Edge computing reduces latency by processing data closer,agx,16,12.0,ok,agx,1788521844.179327,282.306,1480.468,4
1521.817,3,1523.361,1788521845.8736563,8,b03-o04-agx-c8,8,False,183.444,llama3.2:1b,etri-ser0001-cg0msb,ACTIVE,1338.373,435805a3-2288-41e8-9bf8-927d7f149d40,Edge computing reduces latency by processing data closer,agx,16,12.0,ok,agx,1788521844.350298,279.574,1495.118,4
1529.513,3,1530.931,1788521846.0646539,8,b03-o04-agx-c8,8,False,190.975,llama3.2:1b,etri-ser0001-cg0msb,ACTIVE,1338.539,fe43e495-4391-486f-80fe-f218a9e2099b,Edge computing reduces latency by processing data closer,agx,16,12.0,ok,agx,1788521844.533724,282.576,1500.928,4
1487.389,3,1488.791,1788521846.244363,8,b03-o04-agx-c8,8,False,179.559,llama3.2:1b,etri-ser0001-cg0msb,ACTIVE,1307.829,e2aef467-2a30-4694-80c5-c5a7ddf69f90,Edge computing reduces latency by processing data closer,agx,16,12.0,ok,agx,1788521844.7555726,277.056,1458.199,4
1507.291,3,1508.681,1788521846.4518542,8,b03-o04-agx-c8,8,False,207.435,llama3.2:1b,etri-ser0001-cg0msb,ACTIVE,1299.856,ef159612-232e-4d8c-8472-e3b9347084ca,Edge computing reduces latency by processing data closer,agx,16,12.0,ok,agx,1788521844.9431736,283.086,1478.837,4
1532.294,3,1533.61,1788521846.653962,8,b03-o04-agx-c8,8,False,201.939,llama3.2:1b,etri-ser0001-cg0msb,ACTIVE,1330.355,0804a770-251f-4dcb-a2bf-bd1707c630e9,Edge computing reduces latency by processing data closer,agx,16,12.0,ok,agx,1788521845.120354,280.416,1503.468,4
1549.481,3,1550.76,1788521846.8541002,8,b03-o04-agx-c8,8,False,200.132,llama3.2:1b,etri-ser0001-cg0msb,ACTIVE,1349.349,8f7ef05b-7e95-47f0-a61b-e781b78aeefc,Edge computing reduces latency by processing data closer,agx,16,12.0,ok,agx,1788521845.3033414,282.745,1520.807,4
1530.645,3,1531.907,1788521847.0285602,8,b03-o04-agx-c8,8,False,174.382,llama3.2:1b,etri-ser0001-cg0msb,ACTIVE,1356.263,e55eb3d7-b803-47a0-a34d-9c9447f660b8,Edge computing reduces latency by processing data closer,agx,16,12.0,ok,agx,1788521845.4966555,278.174,1501.555,4
1546.429,3,1548.086,1788521847.2384493,8,b03-o04-agx-c8,8,False,209.704,llama3.2:1b,etri-ser0001-cg0msb,ACTIVE,1336.725,bdac9060-7448-4200-87f8-aa39b6ed62b5,Edge computing reduces latency by processing data closer,agx,16,12.0,ok,agx,1788521845.690365,282.416,1517.708,4
1551.725,3,1553.293,1788521847.426982,8,b03-o04-agx-c8,8,False,188.465,llama3.2:1b,etri-ser0001-cg0msb,ACTIVE,1363.26,62aa8b99-d4e8-45da-86a5-2dec4aecf2bc,Edge computing reduces latency by processing data closer,agx,16,12.0,ok,agx,1788521845.8736894,279.427,1522.852,4
1557.07,3,1558.421,1788521847.6230965,8,b03-o04-agx-c8,8,False,196.161,llama3.2:1b,etri-ser0001-cg0msb,ACTIVE,1360.909,1d8eb769-52d4-4a56-bdc4-801d8d33717e,Edge computing reduces latency by processing data closer,agx,16,12.0,ok,agx,1788521846.0646765,273.131,1527.485,4
1573.225,3,1574.815,1788521847.8191984,8,b03-o04-agx-c8,8,False,195.963,llama3.2:1b,etri-ser0001-cg0msb,ACTIVE,1377.262,520d84dc-6bb7-4f61-a10d-cfb1295259c5,Edge computing reduces latency by processing data closer,agx,16,12.0,ok,agx,1788521846.2443843,282.376,1544.597,4
1543.453,3,1544.943,1788521847.9968162,8,b03-o04-agx-c8,8,False,177.516,llama3.2:1b,etri-ser0001-cg0msb,ACTIVE,1365.937,6725c144-1ec7-470f-bb6a-8e97356f01c4,Edge computing reduces latency by processing data closer,agx,16,12.0,ok,agx,1788521846.4518757,282.366,1514.692,4
1535.497,3,1536.914,1788521848.1909046,8,b03-o04-agx-c8,8,False,193.996,llama3.2:1b,etri-ser0001-cg0msb,ACTIVE,1341.5,dd4eb940-5aa7-497c-b408-0a9db57808ca,Edge computing reduces latency by processing data closer,agx,16,12.0,ok,agx,1788521846.6539927,283.176,1506.825,4
1508.507,3,1509.674,1788521848.3637955,8,b03-o04-agx-c8,8,False,173.0,llama3.2:1b,etri-ser0001-cg0msb,ACTIVE,1335.507,d7454837-d610-435d-a4fb-57752539f907,Edge computing reduces latency by processing data closer,agx,16,12.0,ok,agx,1788521846.854122,282.267,1479.774,4
1506.172,3,1507.806,1788521848.536398,8,b03-o04-agx-c8,8,False,172.298,llama3.2:1b,etri-ser0001-cg0msb,ACTIVE,1333.874,7fc2f5be-76bb-4c6c-b019-f6079a10cccb,Edge computing reduces latency by processing data closer,agx,16,12.0,ok,agx,1788521847.0285938,281.215,1477.387,4
1470.459,3,1471.868,1788521848.7103474,8,b03-o04-agx-c8,8,False,174.035,llama3.2:1b,etri-ser0001-cg0msb,ACTIVE,1296.424,17930724-a9f1-4fb4-a315-b0c19cc075a8,Edge computing reduces latency by processing data closer,agx,16,12.0,ok,agx,1788521847.2384803,281.373,1441.811,4
1473.575,3,1475.039,1788521848.902045,8,b03-o04-agx-c8,8,False,191.491,llama3.2:1b,etri-ser0001-cg0msb,ACTIVE,1282.083,3a8a86a9-8488-49ee-90d8-dd22316c5456,Edge computing reduces latency by processing data closer,agx,16,12.0,ok,agx,1788521847.4270077,279.057,1444.521,4
1467.385,3,1468.51,1788521849.0916271,8,b03-o04-agx-c8,8,False,189.728,llama3.2:1b,etri-ser0001-cg0msb,ACTIVE,1277.657,57ea326e-77e9-4e35-9078-313d9cf58744,Edge computing reduces latency by processing data closer,agx,16,12.0,ok,agx,1788521847.623118,282.626,1438.82,4
1444.867,3,1446.19,1788521849.2654073,8,b03-o04-agx-c8,8,False,173.521,llama3.2:1b,etri-ser0001-cg0msb,ACTIVE,1271.346,cb0ab383-cb37-4a0c-8227-c4b2f28cb2b5,Edge computing reduces latency by processing data closer,agx,16,12.0,ok,agx,1788521847.8192189,282.446,1416.185,4
197.295,3,201.836,1788521852.4799147,4,b03-o05-agx-c4,8,False,197.289,llama3.2:1b,etri-ser0001-cg0msb,ACTIVE,0.006,30672400-cfc3-4a86-8ff1-79755edef8fe,Edge computing reduces latency by processing data closer,agx,17,12.0,ok,agx,1788521852.2780793,278.164,168.427,5
371.969,3,378.777,1788521852.6574159,4,b03-o05-agx-c4,8,False,177.352,llama3.2:1b,etri-ser0001-cg0msb,ACTIVE,194.617,318371a2-6d61-4988-a195-2a71729a9c19,Edge computing reduces latency by processing data closer,agx,17,12.0,ok,agx,1788521852.2786386,281.69,343.249,5
557.938,3,564.967,1788521852.8442018,4,b03-o05-agx-c4,8,False,186.543,llama3.2:1b,etri-ser0001-cg0msb,ACTIVE,371.395,fa28ee3e-5a61-46df-abd7-5d9a2c703e5b,Edge computing reduces latency by processing data closer,agx,17,12.0,ok,agx,1788521852.2792363,281.077,529.002,5
744.586,3,751.072,1788521853.0311842,4,b03-o05-agx-c4,8,False,186.824,llama3.2:1b,etri-ser0001-cg0msb,ACTIVE,557.762,dbf4dcf5-5386-43d3-bd8f-3c05d2fd6363,Edge computing reduces latency by processing data closer,agx,17,12.0,ok,agx,1788521852.2801135,280.593,715.808,5
741.158,3,742.577,1788521853.2225254,4,b03-o05-agx-c4,8,False,191.513,llama3.2:1b,etri-ser0001-cg0msb,ACTIVE,549.645,5adf185f-6041-43d5-98c5-d2b41ec3b43c,Edge computing reduces latency by processing data closer,agx,17,12.0,ok,agx,1788521852.479949,280.83,712.344,5
749.738,3,750.806,1788521853.4082422,4,b03-o05-agx-c4,8,False,185.714,llama3.2:1b,etri-ser0001-cg0msb,ACTIVE,564.024,7bfc4d62-021c-41e8-93bc-f26bcc538a56,Edge computing reduces latency by processing data closer,agx,17,12.0,ok,agx,1788521852.6574368,281.958,720.861,5
768.312,3,769.916,1788521853.6141474,4,b03-o05-agx-c4,8,False,205.587,llama3.2:1b,etri-ser0001-cg0msb,ACTIVE,562.725,a2e05462-4bb0-44f6-b0e1-cd91d3c74f3d,Edge computing reduces latency by processing data closer,agx,17,12.0,ok,agx,1788521852.8442333,282.137,739.379,5
812.383,3,814.153,1788521853.8453672,4,b03-o05-agx-c4,8,False,231.099,llama3.2:1b,etri-ser0001-cg0msb,ACTIVE,581.284,4ea195ac-7d80-43a0-b152-cd53efb0d230,Edge computing reduces latency by processing data closer,agx,17,12.0,ok,agx,1788521853.0312157,276.434,782.912,5
798.933,3,800.282,1788521854.0228276,4,b03-o05-agx-c4,8,False,177.628,llama3.2:1b,etri-ser0001-cg0msb,ACTIVE,621.306,09c23496-3381-44e9-919d-9c64ff630876,Edge computing reduces latency by processing data closer,agx,17,12.0,ok,agx,1788521853.222546,280.731,770.024,5
813.492,3,814.656,1788521854.222916,4,b03-o05-agx-c4,8,False,200.051,llama3.2:1b,etri-ser0001-cg0msb,ACTIVE,613.441,59b4fe8b-a499-4dd1-9277-d66f6a7ef7e1,Edge computing reduces latency by processing data closer,agx,17,12.0,ok,agx,1788521853.4082606,281.591,784.844,5
801.758,3,803.259,1788521854.4174366,4,b03-o05-agx-c4,8,False,194.244,llama3.2:1b,etri-ser0001-cg0msb,ACTIVE,607.514,8705965b-7805-477d-9a5c-8c9dd6bf9f59,Edge computing reduces latency by processing data closer,agx,17,12.0,ok,agx,1788521853.6141787,282.945,773.292,5
742.088,3,743.767,1788521854.589166,4,b03-o05-agx-c4,8,False,171.498,llama3.2:1b,etri-ser0001-cg0msb,ACTIVE,570.59,43bd1ddc-bbad-4939-9873-ae603a998a8a,Edge computing reduces latency by processing data closer,agx,17,12.0,ok,agx,1788521853.8454,282.895,713.459,5
747.076,3,748.701,1788521854.7715502,4,b03-o05-agx-c4,8,False,182.328,llama3.2:1b,etri-ser0001-cg0msb,ACTIVE,564.748,8fcc168d-5ba6-4fee-88aa-528c1a4b087b,Edge computing reduces latency by processing data closer,agx,17,12.0,ok,agx,1788521854.0228508,282.506,718.363,5
729.515,3,730.778,1788521854.9537218,4,b03-o05-agx-c4,8,False,182.172,llama3.2:1b,etri-ser0001-cg0msb,ACTIVE,547.342,f7f253fd-a0bd-4346-9535-17d273f0e204,Edge computing reduces latency by processing data closer,agx,17,12.0,ok,agx,1788521854.2229447,282.376,700.947,5
720.88,3,722.227,1788521855.1396835,4,b03-o05-agx-c4,8,False,186.031,llama3.2:1b,etri-ser0001-cg0msb,ACTIVE,534.849,5b49e823-a739-4daf-9df2-7399f9a2f6f1,Edge computing reduces latency by processing data closer,agx,17,12.0,ok,agx,1788521854.4174578,282.078,692.33,5
724.291,3,725.754,1788521855.3149412,4,b03-o05-agx-c4,8,False,175.003,llama3.2:1b,etri-ser0001-cg0msb,ACTIVE,549.288,c6a3905c-104d-4ce6-9653-530e6470def5,Edge computing reduces latency by processing data closer,agx,17,12.0,ok,agx,1788521854.5891893,282.965,695.587,5
769.787,3,771.231,1788521855.5428102,4,b03-o05-agx-c4,8,False,227.859,llama3.2:1b,etri-ser0001-cg0msb,ACTIVE,541.928,b8fb802e-bb6b-4247-9345-86e9afe64c70,Edge computing reduces latency by processing data closer,agx,17,12.0,ok,agx,1788521854.7715812,281.334,741.149,5
768.244,3,769.549,1788521855.723291,4,b03-o05-agx-c4,8,False,180.378,llama3.2:1b,etri-ser0001-cg0msb,ACTIVE,587.866,d6d685ec-3cbc-4c67-a88a-1191076231cd,Edge computing reduces latency by processing data closer,agx,17,12.0,ok,agx,1788521854.9537427,282.626,739.753,5
767.973,3,769.594,1788521855.9092977,4,b03-o05-agx-c4,8,False,185.683,llama3.2:1b,etri-ser0001-cg0msb,ACTIVE,582.29,2cce525d-ffa6-4c00-b837-2744916824f0,Edge computing reduces latency by processing data closer,agx,17,12.0,ok,agx,1788521855.1397054,282.676,739.352,5
781.499,3,782.795,1788521856.0977674,4,b03-o05-agx-c4,8,False,188.565,llama3.2:1b,etri-ser0001-cg0msb,ACTIVE,592.934,9bd36ed9-6536-4e1c-98ea-49d14c37ea78,Edge computing reduces latency by processing data closer,agx,17,12.0,ok,agx,1788521855.3149734,283.006,753.059,5
748.688,3,749.943,1788521856.2927797,4,b03-o05-agx-c4,8,False,194.983,llama3.2:1b,etri-ser0001-cg0msb,ACTIVE,553.706,f4798fda-d0af-4590-a683-e0429d1a4224,Edge computing reduces latency by processing data closer,agx,17,12.0,ok,agx,1788521855.5428379,282.496,720.039,5
751.803,3,753.433,1788521856.4767442,4,b03-o05-agx-c4,8,False,183.611,llama3.2:1b,etri-ser0001-cg0msb,ACTIVE,568.192,428dd98b-45a9-4a85-ad0d-19bfce0e44bd,Edge computing reduces latency by processing data closer,agx,17,12.0,ok,agx,1788521855.7233126,282.247,723.127,5
756.745,3,758.143,1788521856.667471,4,b03-o05-agx-c4,8,False,190.958,llama3.2:1b,etri-ser0001-cg0msb,ACTIVE,565.786,1d85af1f-22b2-4049-bde5-6e33e3a4cc26,Edge computing reduces latency by processing data closer,agx,17,12.0,ok,agx,1788521855.9093285,281.621,727.573,5
750.402,3,751.613,1788521856.8494003,4,b03-o05-agx-c4,8,False,181.731,llama3.2:1b,etri-ser0001-cg0msb,ACTIVE,568.671,40f70866-c0b3-461e-b805-8de0552e9c6b,Edge computing reduces latency by processing data closer,agx,17,12.0,ok,agx,1788521856.0977883,282.855,721.764,5
764.75,3,766.048,1788521857.058849,4,b03-o05-agx-c4,8,False,209.327,llama3.2:1b,etri-ser0001-cg0msb,ACTIVE,555.423,fc6bd44d-7ed5-4359-a76e-0761f723ba02,Edge computing reduces latency by processing data closer,agx,17,12.0,ok,agx,1788521856.2928019,278.853,735.863,5
765.034,3,766.74,1788521857.2435138,4,b03-o05-agx-c4,8,False,184.42,llama3.2:1b,etri-ser0001-cg0msb,ACTIVE,580.614,0a375b73-a1cd-4fd5-9414-ba1ee14feaff,Edge computing reduces latency by processing data closer,agx,17,12.0,ok,agx,1788521856.4767761,278.93,735.92,5
754.698,3,756.818,1788521857.4243078,4,b03-o05-agx-c4,8,False,180.934,llama3.2:1b,etri-ser0001-cg0msb,ACTIVE,573.764,192c0355-24b6-4a47-8ad7-9cfb8e59e4d7,Edge computing reduces latency by processing data closer,agx,17,12.0,ok,agx,1788521856.6674907,282.596,726.168,5
757.177,3,758.585,1788521857.608005,4,b03-o05-agx-c4,8,False,183.423,llama3.2:1b,etri-ser0001-cg0msb,ACTIVE,573.754,5f6288a8-8b85-4aa0-a419-9c0ca8ea7989,Edge computing reduces latency by processing data closer,agx,17,12.0,ok,agx,1788521856.8494217,280.948,728.239,5
750.442,3,751.792,1788521857.8106618,4,b03-o05-agx-c4,8,False,202.85,llama3.2:1b,etri-ser0001-cg0msb,ACTIVE,547.592,abf36c67-93dc-4df6-950b-0c6575f3392c,Edge computing reduces latency by processing data closer,agx,17,12.0,ok,agx,1788521857.0588706,276.635,721.346,5
748.423,3,749.805,1788521857.9933488,4,b03-o05-agx-c4,8,False,182.607,llama3.2:1b,etri-ser0001-cg0msb,ACTIVE,565.816,dd3e81f3-604d-4f4e-b0d7-dba0ed918e13,Edge computing reduces latency by processing data closer,agx,17,12.0,ok,agx,1788521857.243545,281.195,719.698,5
743.893,3,745.465,1788521858.1697912,4,b03-o05-agx-c4,8,False,176.123,llama3.2:1b,etri-ser0001-cg0msb,ACTIVE,567.77,5abdea05-55ee-4893-905c-aba1220abf56,Edge computing reduces latency by processing data closer,agx,17,12.0,ok,agx,1788521857.424328,282.875,715.265,5
764.155,3,765.664,1788521858.3737001,4,b03-o05-agx-c4,8,False,203.945,llama3.2:1b,etri-ser0001-cg0msb,ACTIVE,560.209,866a2933-1967-4a92-a766-6384be8e3a5a,Edge computing reduces latency by processing data closer,agx,17,12.0,ok,agx,1788521857.6080384,280.998,735.289,5
774.781,3,776.17,1788521858.586851,4,b03-o05-agx-c4,8,False,212.812,llama3.2:1b,etri-ser0001-cg0msb,ACTIVE,561.969,4cb64607-2dbc-4806-ba37-3c98f3ca0bcc,Edge computing reduces latency by processing data closer,agx,17,12.0,ok,agx,1788521857.8106835,280.387,745.935,5
781.181,3,782.606,1788521858.775977,4,b03-o05-agx-c4,8,False,189.196,llama3.2:1b,etri-ser0001-cg0msb,ACTIVE,591.985,662fd184-b636-4b47-bcd5-c20210302dc1,Edge computing reduces latency by processing data closer,agx,17,12.0,ok,agx,1788521857.9933717,282.795,752.566,5
780.028,3,781.537,1788521858.9513578,4,b03-o05-agx-c4,8,False,175.383,llama3.2:1b,etri-ser0001-cg0msb,ACTIVE,604.645,da730301-4bdc-407f-935e-479431f16252,Edge computing reduces latency by processing data closer,agx,17,12.0,ok,agx,1788521858.1698225,275.9,750.655,5
780.233,3,781.79,1788521859.1555219,4,b03-o05-agx-c4,8,False,204.031,llama3.2:1b,etri-ser0001-cg0msb,ACTIVE,576.202,76a0228c-f593-475b-9fca-6b51da2a1493,Edge computing reduces latency by processing data closer,agx,17,12.0,ok,agx,1788521858.3737323,281.799,751.44,5
743.293,3,744.592,1788521859.3314748,4,b03-o05-agx-c4,8,False,175.997,llama3.2:1b,etri-ser0001-cg0msb,ACTIVE,567.297,41c56d95-703b-4892-9915-ba48d40f0ef3,Edge computing reduces latency by processing data closer,agx,17,12.0,ok,agx,1788521858.586883,282.855,714.622,5
767.086,3,768.458,1788521859.5444555,4,b03-o05-agx-c4,8,False,212.835,llama3.2:1b,etri-ser0001-cg0msb,ACTIVE,554.251,f49c5cf5-bb83-4a19-a88f-d8f3edf44648,Edge computing reduces latency by processing data closer,agx,17,12.0,ok,agx,1788521858.7759979,282.277,738.508,5
799.896,3,801.486,1788521859.7528749,4,b03-o05-agx-c4,8,False,208.123,llama3.2:1b,etri-ser0001-cg0msb,ACTIVE,591.773,15c6e6f0-6479-46ab-97d3-54b07c5f2c8f,Edge computing reduces latency by processing data closer,agx,17,12.0,ok,agx,1788521858.951391,273.973,770.476,5
778.804,3,780.015,1788521859.9355578,4,b03-o05-agx-c4,8,False,182.792,llama3.2:1b,etri-ser0001-cg0msb,ACTIVE,596.012,c71a291e-c8f0-4ebf-ac71-c8df79008b3f,Edge computing reduces latency by processing data closer,agx,17,12.0,ok,agx,1788521859.1555438,282.068,750.161,5
801.51,3,802.922,1788521860.1344163,4,b03-o05-agx-c4,8,False,198.775,llama3.2:1b,etri-ser0001-cg0msb,ACTIVE,602.735,ba6b4b18-4bbc-4933-a11f-9c88b5148f63,Edge computing reduces latency by processing data closer,agx,17,12.0,ok,agx,1788521859.3314958,262.441,771.279,5
774.801,3,776.131,1788521860.320608,4,b03-o05-agx-c4,8,False,185.998,llama3.2:1b,etri-ser0001-cg0msb,ACTIVE,588.803,5f724872-50cb-4aae-b846-21ad34ac2864,Edge computing reduces latency by processing data closer,agx,17,12.0,ok,agx,1788521859.5444777,283.096,746.307,5
750.747,3,752.409,1788521860.5053124,4,b03-o05-agx-c4,8,False,184.514,llama3.2:1b,etri-ser0001-cg0msb,ACTIVE,566.233,118f9e3b-32ec-44f5-bcc1-4ced80cf738e,Edge computing reduces latency by processing data closer,agx,17,12.0,ok,agx,1788521859.7529058,281.621,722.003,5
775.545,3,776.898,1788521860.712475,4,b03-o05-agx-c4,8,False,207.102,llama3.2:1b,etri-ser0001-cg0msb,ACTIVE,568.443,7654f730-c074-4eec-9b0d-3c1853d38d08,Edge computing reduces latency by processing data closer,agx,17,12.0,ok,agx,1788521859.9355788,282.715,746.883,5
751.055,3,752.187,1788521860.8866248,4,b03-o05-agx-c4,8,False,174.288,llama3.2:1b,etri-ser0001-cg0msb,ACTIVE,576.767,bab3d809-b6e1-459b-b5c8-385c4fdd0ec0,Edge computing reduces latency by processing data closer,agx,17,12.0,ok,agx,1788521860.1344388,282.895,722.585,5
752.747,3,754.063,1788521861.074692,4,b03-o05-agx-c4,8,False,187.94,llama3.2:1b,etri-ser0001-cg0msb,ACTIVE,564.808,88deb41a-caa5-4b53-b72f-e8a4bded2c44,Edge computing reduces latency by processing data closer,agx,17,12.0,ok,agx,1788521860.32063,281.165,723.973,5
748.949,3,750.504,1788521861.2558455,4,b03-o05-agx-c4,8,False,180.798,llama3.2:1b,etri-ser0001-cg0msb,ACTIVE,568.151,4dd581ee-0dde-4d07-a272-a16842cc2f6d,Edge computing reduces latency by processing data closer,agx,17,12.0,ok,agx,1788521860.5053434,282.656,720.205,5
723.161,3,724.625,1788521861.4371302,4,b03-o05-agx-c4,8,False,181.409,llama3.2:1b,etri-ser0001-cg0msb,ACTIVE,541.752,417b8054-a901-4d19-a2e1-20fc86b824d7,Edge computing reduces latency by processing data closer,agx,17,12.0,ok,agx,1788521860.7125058,282.705,694.665,5
762.104,3,763.36,1788521861.6500037,4,b03-o05-agx-c4,8,False,212.809,llama3.2:1b,etri-ser0001-cg0msb,ACTIVE,549.295,7dc73ec4-7303-4626-b33f-771c39c051dd,Edge computing reduces latency by processing data closer,agx,17,12.0,ok,agx,1788521860.8866448,282.835,733.589,5
765.323,3,766.777,1788521861.8414888,4,b03-o05-agx-c4,8,False,191.241,llama3.2:1b,etri-ser0001-cg0msb,ACTIVE,574.082,846a0c67-3a37-4c4b-9483-b3df49bc4c54,Edge computing reduces latency by processing data closer,agx,17,12.0,ok,agx,1788521861.0747142,281.373,736.562,5
783.5,3,785.01,1788521862.0408893,4,b03-o05-agx-c4,8,False,199.545,llama3.2:1b,etri-ser0001-cg0msb,ACTIVE,583.955,deb06ca1-9a2c-4322-bc93-09ba72fafb4a,Edge computing reduces latency by processing data closer,agx,17,12.0,ok,agx,1788521861.2558799,280.771,754.528,5
810.894,3,812.48,1788521862.2496302,4,b03-o05-agx-c4,8,False,208.458,llama3.2:1b,etri-ser0001-cg0msb,ACTIVE,602.436,5bb13530-08a8-4d95-a187-698c1b44e719,Edge computing reduces latency by processing data closer,agx,17,12.0,ok,agx,1788521861.4371521,282.765,782.153,5
773.252,3,774.726,1788521862.4247494,4,b03-o05-agx-c4,8,False,175.141,llama3.2:1b,etri-ser0001-cg0msb,ACTIVE,598.111,5d64af92-f3d5-4e85-9857-b63668622bad,Edge computing reduces latency by processing data closer,agx,17,12.0,ok,agx,1788521861.6500244,282.666,744.551,5
761.952,3,763.624,1788521862.6051433,4,b03-o05-agx-c4,8,False,180.218,llama3.2:1b,etri-ser0001-cg0msb,ACTIVE,581.735,f8e6c7a9-d6fb-4cb6-b60f-6178058e3cae,Edge computing reduces latency by processing data closer,agx,17,12.0,ok,agx,1788521861.8415208,281.69,733.173,5
743.048,3,744.245,1788521862.7851548,4,b03-o05-agx-c4,8,False,180.081,llama3.2:1b,etri-ser0001-cg0msb,ACTIVE,562.967,949732af-1a53-49c7-8360-9014a5ab3f99,Edge computing reduces latency by processing data closer,agx,17,12.0,ok,agx,1788521862.0409102,282.137,714.417,5
721.705,3,723.32,1788521862.9729803,4,b03-o05-agx-c4,8,False,187.574,llama3.2:1b,etri-ser0001-cg0msb,ACTIVE,534.131,73d21f91-99fe-49ba-bb75-fbea9c8c45a6,Edge computing reduces latency by processing data closer,agx,17,12.0,ok,agx,1788521862.2496614,281.502,692.982,5
726.149,3,727.469,1788521863.1522386,4,b03-o05-agx-c4,8,False,179.306,llama3.2:1b,etri-ser0001-cg0msb,ACTIVE,546.842,2336729c-6bf8-474b-a7cc-378914c2c681,Edge computing reduces latency by processing data closer,agx,17,12.0,ok,agx,1788521862.4247706,282.735,697.569,5
729.694,3,731.211,1788521863.3363845,4,b03-o05-agx-c4,8,False,184.025,llama3.2:1b,etri-ser0001-cg0msb,ACTIVE,545.669,e95b48ae-2e84-470c-ba52-924b1ebba952,Edge computing reduces latency by processing data closer,agx,17,12.0,ok,agx,1788521862.6051745,274.264,700.267,5
758.662,3,760.054,1788521863.5452282,4,b03-o05-agx-c4,8,False,208.632,llama3.2:1b,etri-ser0001-cg0msb,ACTIVE,550.03,21898f43-af66-406d-95ff-c7cbf8341567,Edge computing reduces latency by processing data closer,agx,17,12.0,ok,agx,1788521862.7851768,282.576,729.845,5
765.432,3,766.664,1788521863.7396643,4,b03-o05-agx-c4,8,False,194.494,llama3.2:1b,etri-ser0001-cg0msb,ACTIVE,570.938,4c64623d-000e-484e-92f8-7a82c439aaf1,Edge computing reduces latency by processing data closer,agx,17,12.0,ok,agx,1788521862.9730017,282.905,736.932,5
773.305,3,774.66,1788521863.9269214,4,b03-o05-agx-c4,8,False,187.186,llama3.2:1b,etri-ser0001-cg0msb,ACTIVE,586.12,267eb52d-64af-4ae4-ae7e-c53fdd4e0977,Edge computing reduces latency by processing data closer,agx,17,12.0,ok,agx,1788521863.152262,282.536,744.718,5
786.708,3,788.106,1788521864.1245105,4,b03-o05-agx-c4,8,False,197.617,llama3.2:1b,etri-ser0001-cg0msb,ACTIVE,589.091,96486efa-1615-427b-b5e5-866174e333e4,Edge computing reduces latency by processing data closer,agx,17,12.0,ok,agx,1788521863.3364055,281.909,758.029,5
763.417,3,765.066,1788521864.3103235,4,b03-o05-agx-c4,8,False,185.48,llama3.2:1b,etri-ser0001-cg0msb,ACTIVE,577.937,3f9ee860-a4bb-4a07-8682-7efb2da14e9c,Edge computing reduces latency by processing data closer,agx,17,12.0,ok,agx,1788521863.5452595,282.586,734.693,5
762.674,3,763.874,1788521864.5035577,4,b03-o05-agx-c4,8,False,193.154,llama3.2:1b,etri-ser0001-cg0msb,ACTIVE,569.52,7a8d1f3f-9994-4c4d-b462-53a1c0b38a5c,Edge computing reduces latency by processing data closer,agx,17,12.0,ok,agx,1788521863.7396863,282.058,733.907,5
772.038,3,773.405,1788521864.700352,4,b03-o05-agx-c4,8,False,196.704,llama3.2:1b,etri-ser0001-cg0msb,ACTIVE,575.335,360a616a-c5da-485b-a714-bd47517478ce,Edge computing reduces latency by processing data closer,agx,17,12.0,ok,agx,1788521863.9269483,277.855,742.967,5
751.248,3,752.612,1788521864.8771415,4,b03-o05-agx-c4,8,False,176.709,llama3.2:1b,etri-ser0001-cg0msb,ACTIVE,574.539,6e46710f-9f41-4757-8411-b0bf0d8c4f6a,Edge computing reduces latency by processing data closer,agx,17,12.0,ok,agx,1788521864.1245317,282.516,722.474,5
179.8,3,185.834,1788521868.074969,32,b03-o06-agx-c32,8,False,179.794,llama3.2:1b,etri-ser0001-cg0msb,ACTIVE,0.005,20f281a0-14ce-45b2-a55e-39ff28810a1e,Edge computing reduces latency by processing data closer,agx,18,12.0,ok,agx,1788521867.8891354,282.097,151.157,6
360.285,3,366.438,1788521868.25577,32,b03-o06-agx-c32,8,False,180.562,llama3.2:1b,etri-ser0001-cg0msb,ACTIVE,179.723,c8c9d1fb-b57a-45af-99ae-6cc23e458bc0,Edge computing reduces latency by processing data closer,agx,18,12.0,ok,agx,1788521867.8893332,282.975,331.543,6
543.087,3,548.664,1788521868.438406,32,b03-o06-agx-c32,8,False,182.806,llama3.2:1b,etri-ser0001-cg0msb,ACTIVE,360.281,82fcdf6f-7999-434c-acfc-a56c2e0ce8ea,Edge computing reduces latency by processing data closer,agx,18,12.0,ok,agx,1788521867.8897426,280.751,514.373,6
726.502,3,732.248,1788521868.6222627,32,b03-o06-agx-c32,8,False,183.677,llama3.2:1b,etri-ser0001-cg0msb,ACTIVE,542.825,293c07a8-7859-4eb6-a3d0-f638cdb2a1a2,Edge computing reduces latency by processing data closer,agx,18,12.0,ok,agx,1788521867.8900156,281.779,697.861,6
921.251,3,927.836,1788521868.8173764,32,b03-o06-agx-c32,8,False,195.134,llama3.2:1b,etri-ser0001-cg0msb,ACTIVE,726.116,75476ff9-c818-43a6-a036-30a3192789f1,Edge computing reduces latency by processing data closer,agx,18,12.0,ok,agx,1788521867.8895407,282.815,892.725,6
1101.091,3,1107.476,1788521868.9980636,32,b03-o06-agx-c32,8,False,180.258,llama3.2:1b,etri-ser0001-cg0msb,ACTIVE,920.833,f538583b-8a30-4c71-a833-581f528fb8b6,Edge computing reduces latency by processing data closer,agx,18,12.0,ok,agx,1788521867.8905904,282.775,1072.328,6
1283.88,3,1290.462,1788521869.1813385,32,b03-o06-agx-c32,8,False,183.218,llama3.2:1b,etri-ser0001-cg0msb,ACTIVE,1100.662,6da22a15-6951-423b-969e-5f3cd61e5a00,Edge computing reduces latency by processing data closer,agx,18,12.0,ok,agx,1788521867.8908775,281.621,1255.09,6
1477.204,3,1484.682,1788521869.3749013,32,b03-o06-agx-c32,8,False,193.568,llama3.2:1b,etri-ser0001-cg0msb,ACTIVE,1283.636,4020391f-34f3-4ce7-9ebe-fb329865dbdf,Edge computing reduces latency by processing data closer,agx,18,12.0,ok,agx,1788521867.8902204,281.779,1448.591,6
1679.276,3,1685.777,1788521869.577393,32,b03-o06-agx-c32,8,False,202.43,llama3.2:1b,etri-ser0001-cg0msb,ACTIVE,1476.846,b7fc176d-3e2d-4636-8cbf-b69f06137b2f,Edge computing reduces latency by processing data closer,agx,18,12.0,ok,agx,1788521867.8916183,281.899,1650.597,6
1858.863,3,1866.016,1788521869.7572238,32,b03-o06-agx-c32,8,False,179.752,llama3.2:1b,etri-ser0001-cg0msb,ACTIVE,1679.112,609fbf33-079f-45b9-b96d-8bd47d2db2ff,Edge computing reduces latency by processing data closer,agx,18,12.0,ok,agx,1788521867.891209,279.378,1829.854,6
2038.187,3,2045.102,1788521869.9369738,32,b03-o06-agx-c32,8,False,179.466,llama3.2:1b,etri-ser0001-cg0msb,ACTIVE,1858.72,5fa3e43e-06b0-420a-b2ea-1be4217817d4,Edge computing reduces latency by processing data closer,agx,18,12.0,ok,agx,1788521867.8918738,283.056,2009.535,6
2239.526,3,2248.953,1788521870.1412215,32,b03-o06-agx-c32,8,False,204.392,llama3.2:1b,etri-ser0001-cg0msb,ACTIVE,2035.134,c1586213-45ac-47e3-a100-302f901066fe,Edge computing reduces latency by processing data closer,agx,18,12.0,ok,agx,1788521867.8922691,282.895,2211.022,6
2432.392,3,2439.344,1788521870.3345737,32,b03-o06-agx-c32,8,False,193.171,llama3.2:1b,etri-ser0001-cg0msb,ACTIVE,2239.22,e9ae992b-cd5e-4fd2-8d9c-f27a578b5551,Edge computing reduces latency by processing data closer,agx,18,12.0,ok,agx,1788521867.8952312,282.068,2403.854,6
2626.607,3,2635.548,1788521870.5287237,32,b03-o06-agx-c32,8,False,194.175,llama3.2:1b,etri-ser0001-cg0msb,ACTIVE,2432.432,ec00296b-8ae5-4df5-9c3b-3e0ee87be290,Edge computing reduces latency by processing data closer,agx,18,12.0,ok,agx,1788521867.8931768,278.367,2597.646,6
2805.046,3,2814.655,1788521870.7072158,32,b03-o06-agx-c32,8,False,178.404,llama3.2:1b,etri-ser0001-cg0msb,ACTIVE,2626.641,f120f815-1a66-41b7-9357-650ed6db5f1e,Edge computing reduces latency by processing data closer,agx,18,12.0,ok,agx,1788521867.8925629,282.676,2776.371,6
2979.3,3,2985.296,1788521870.8817823,32,b03-o06-agx-c32,8,False,174.463,llama3.2:1b,etri-ser0001-cg0msb,ACTIVE,2804.837,be24b25a-b3aa-4dc8-89f2-af799448c66e,Edge computing reduces latency by processing data closer,agx,18,12.0,ok,agx,1788521867.896487,279.867,2950.464,6
3182.256,3,3188.928,1788521871.0848882,32,b03-o06-agx-c32,8,False,202.991,llama3.2:1b,etri-ser0001-cg0msb,ACTIVE,2979.265,60b9aae5-75d0-430f-bd27-951b41ac66b3,Edge computing reduces latency by processing data closer,agx,18,12.0,ok,agx,1788521867.8959608,282.715,3153.665,6
3367.694,3,3374.678,1788521871.2703772,32,b03-o06-agx-c32,8,False,185.464,llama3.2:1b,etri-ser0001-cg0msb,ACTIVE,3182.23,200249f0-f6f2-4ec6-9c30-277b30735676,Edge computing reduces latency by processing data closer,agx,18,12.0,ok,agx,1788521867.8957005,280.721,3338.92,6
3550.388,3,3556.011,1788521871.4532654,32,b03-o06-agx-c32,8,False,182.78,llama3.2:1b,etri-ser0001-cg0msb,ACTIVE,3367.608,9d426981-9570-416a-9ca9-1bc066bfa6c7,Edge computing reduces latency by processing data closer,agx,18,12.0,ok,agx,1788521867.8972552,282.666,3521.794,6
3578.179,3,3579.671,1788521871.6546607,32,b03-o06-agx-c32,8,False,201.34,llama3.2:1b,etri-ser0001-cg0msb,ACTIVE,3376.839,a74fb5e3-59a4-4dd2-973e-f2c0dcd4a8f4,Edge computing reduces latency by processing data closer,agx,18,12.0,ok,agx,1788521868.0749905,282.975,3549.725,6
3575.403,3,3577.087,1788521871.8328876,32,b03-o06-agx-c32,8,False,178.059,llama3.2:1b,etri-ser0001-cg0msb,ACTIVE,3397.344,77bffde3-1778-44f0-9ac8-8ae9c32243fe,Edge computing reduces latency by processing data closer,agx,18,12.0,ok,agx,1788521868.2558024,283.126,3546.857,6
3574.667,3,3575.892,1788521872.014319,32,b03-o06-agx-c32,8,False,181.543,llama3.2:1b,etri-ser0001-cg0msb,ACTIVE,3393.124,f1e3f8e6-98c4-4104-8814-3cda8bf1b173,Edge computing reduces latency by processing data closer,agx,18,12.0,ok,agx,1788521868.4384282,282.147,3546.057,6
3565.909,3,3567.431,1788521872.189714,32,b03-o06-agx-c32,8,False,175.271,llama3.2:1b,etri-ser0001-cg0msb,ACTIVE,3390.638,95e33ea5-c629-428a-b7c0-4f7d2edbd2f4,Edge computing reduces latency by processing data closer,agx,18,12.0,ok,agx,1788521868.6222837,274.744,3536.47,6
3564.421,3,3565.992,1788521872.3833876,32,b03-o06-agx-c32,8,False,193.532,llama3.2:1b,etri-ser0001-cg0msb,ACTIVE,3370.889,eec47dd1-c2a3-49a9-ada2-9bd5d9fa89e2,Edge computing reduces latency by processing data closer,agx,18,12.0,ok,agx,1788521868.8173964,281.829,3535.659,6
3675.287,3,4680.933,1788521872.5753963,32,b03-o06-agx-c32,8,False,191.738,llama3.2:1b,etri-ser0001-cg0msb,ACTIVE,3483.549,61edf263-3cd5-4dba-b301-ff5a8e5659dd,Edge computing reduces latency by processing data closer,agx,18,12.0,ok,agx,1788521867.8944657,282.955,3646.642,6
3849.63,3,4857.235,1788521872.7518864,32,b03-o06-agx-c32,8,False,176.596,llama3.2:1b,etri-ser0001-cg0msb,ACTIVE,3673.034,6fafbef0-5875-411f-bcb2-9b9b45c91859,Edge computing reduces latency by processing data closer,agx,18,12.0,ok,agx,1788521867.8946526,282.996,3821.056,6
4046.933,3,5056.22,1788521872.950094,32,b03-o06-agx-c32,8,False,198.027,llama3.2:1b,etri-ser0001-cg0msb,ACTIVE,3848.906,44b600c1-72b8-432b-afde-58955481b65a,Edge computing reduces latency by processing data closer,agx,18,12.0,ok,agx,1788521867.8938751,281.363,4018.344,6
4235.146,3,5245.211,1788521873.1388566,32,b03-o06-agx-c32,8,False,188.697,llama3.2:1b,etri-ser0001-cg0msb,ACTIVE,4046.449,fa8f3d68-cea5-45cb-b242-c2ba91e2fb07,Edge computing reduces latency by processing data closer,agx,18,12.0,ok,agx,1788521867.8936474,282.546,4206.59,6
4429.455,3,5440.391,1788521873.333279,32,b03-o06-agx-c32,8,False,194.251,llama3.2:1b,etri-ser0001-cg0msb,ACTIVE,4235.204,be018d07-2fa0-4f3d-b098-e7e9d0a36079,Edge computing reduces latency by processing data closer,agx,18,12.0,ok,agx,1788521867.8928893,282.855,4400.814,6
4625.602,3,5636.581,1788521873.530018,32,b03-o06-agx-c32,8,False,196.391,llama3.2:1b,etri-ser0001-cg0msb,ACTIVE,4429.211,caf68a3d-099d-4608-bdff-c126d77f7973,Edge computing reduces latency by processing data closer,agx,18,12.0,ok,agx,1788521867.8934379,282.885,4597.12,6
4807.419,3,5816.93,1788521873.7118075,32,b03-o06-agx-c32,8,False,181.793,llama3.2:1b,etri-ser0001-cg0msb,ACTIVE,4625.627,b85cda5b-3b49-4f32-8e1e-f968f188b335,Edge computing reduces latency by processing data closer,agx,18,12.0,ok,agx,1788521867.8948793,282.576,4778.777,6
4994.147,3,6004.394,1788521873.8986073,32,b03-o06-agx-c32,8,False,186.75,llama3.2:1b,etri-ser0001-cg0msb,ACTIVE,4807.397,5d668ffc-0735-47d1-afaa-ff72d9d07838,Edge computing reduces latency by processing data closer,agx,18,12.0,ok,agx,1788521867.894215,280.761,4965.2,6
5185.861,3,6194.849,1788521874.0903368,32,b03-o06-agx-c32,8,False,191.77,llama3.2:1b,etri-ser0001-cg0msb,ACTIVE,4994.091,751225d8-4dc5-418f-84ca-96caad2020fc,Edge computing reduces latency by processing data closer,agx,18,12.0,ok,agx,1788521867.895488,275.71,5156.57,6
5303.569,3,6370.499,1788521874.2674184,32,b03-o06-agx-c32,8,False,176.897,llama3.2:1b,etri-ser0001-cg0msb,ACTIVE,5126.672,42d593e3-450a-48f3-b596-74d40e19ace2,Edge computing reduces latency by processing data closer,agx,18,12.0,ok,agx,1788521867.8969212,282.187,5274.841,6
5512.255,3,6578.826,1788521874.4762967,32,b03-o06-agx-c32,8,False,208.876,llama3.2:1b,etri-ser0001-cg0msb,ACTIVE,5303.379,3b2b045f-1084-41fb-93c4-6839e90c0a2b,Edge computing reduces latency by processing data closer,agx,18,12.0,ok,agx,1788521867.8974714,279.583,5483.446,6
5694.145,3,6761.56,1788521874.6583166,32,b03-o06-agx-c32,8,False,181.848,llama3.2:1b,etri-ser0001-cg0msb,ACTIVE,5512.297,b035191a-b988-4d11-9a6e-cd5bc4a9f3d7,Edge computing reduces latency by processing data closer,agx,18,12.0,ok,agx,1788521867.8967574,282.925,5665.54,6
5873.485,3,6941.465,1788521874.8376942,32,b03-o06-agx-c32,8,False,179.514,llama3.2:1b,etri-ser0001-cg0msb,ACTIVE,5693.971,fbaa4465-0fcf-4cf6-9f17-22ee63def342,Edge computing reduces latency by processing data closer,agx,18,12.0,ok,agx,1788521867.8962305,282.217,5844.906,6
6022.206,3,6023.88,1788521875.0219748,32,b03-o06-agx-c32,8,False,183.898,llama3.2:1b,etri-ser0001-cg0msb,ACTIVE,5838.308,07546ae0-d1cb-48ee-beb1-b189b6dcf2fe,Edge computing reduces latency by processing data closer,agx,18,12.0,ok,agx,1788521868.998096,281.581,5993.452,6
6020.574,3,6021.983,1788521875.2033427,32,b03-o06-agx-c32,8,False,181.541,llama3.2:1b,etri-ser0001-cg0msb,ACTIVE,5839.033,fb44e305-07b5-4123-a239-ea19cf80cfdd,Edge computing reduces latency by processing data closer,agx,18,12.0,ok,agx,1788521869.1813605,282.745,5992.096,6
6003.587,3,6005.383,1788521875.3803034,32,b03-o06-agx-c32,8,False,176.558,llama3.2:1b,etri-ser0001-cg0msb,ACTIVE,5827.029,9030bcf1-160c-4fba-b10d-6b50ced95c27,Edge computing reduces latency by processing data closer,agx,18,12.0,ok,agx,1788521869.3749225,279.857,5974.694,6
5985.399,3,5986.919,1788521875.5643437,32,b03-o06-agx-c32,8,False,184.183,llama3.2:1b,etri-ser0001-cg0msb,ACTIVE,5801.216,513b07fe-9f33-41c6-be25-15fba88007c2,Edge computing reduces latency by processing data closer,agx,18,12.0,ok,agx,1788521869.5774255,282.775,5956.839,6
5987.14,3,5988.569,1788521875.7458127,32,b03-o06-agx-c32,8,False,181.272,llama3.2:1b,etri-ser0001-cg0msb,ACTIVE,5805.868,1abb5b55-b7a2-4a10-9893-706ec21504dd,Edge computing reduces latency by processing data closer,agx,18,12.0,ok,agx,1788521869.757246,282.955,5958.6,6
5985.069,3,5986.511,1788521875.9235158,32,b03-o06-agx-c32,8,False,177.805,llama3.2:1b,etri-ser0001-cg0msb,ACTIVE,5807.264,20695dde-3339-4181-80a0-e9e15f13b687,Edge computing reduces latency by processing data closer,agx,18,12.0,ok,agx,1788521869.9370058,282.935,5956.553,6
5981.055,3,5982.495,1788521876.1237361,32,b03-o06-agx-c32,8,False,200.088,llama3.2:1b,etri-ser0001-cg0msb,ACTIVE,5780.968,cf5d57e8-e652-479a-8c82-0d8f29dc55e5,Edge computing reduces latency by processing data closer,agx,18,12.0,ok,agx,1788521870.1412423,282.636,5952.632,6
5973.913,3,5975.471,1788521876.3100717,32,b03-o06-agx-c32,8,False,186.12,llama3.2:1b,etri-ser0001-cg0msb,ACTIVE,5787.793,5f7c28d4-b140-495d-b40a-6e6b2f6563ea,Edge computing reduces latency by processing data closer,agx,18,12.0,ok,agx,1788521870.3346028,283.056,5945.296,6
5956.685,3,5958.032,1788521876.486776,32,b03-o06-agx-c32,8,False,176.877,llama3.2:1b,etri-ser0001-cg0msb,ACTIVE,5779.809,4fa6cba6-d888-4068-8d1e-e7b24e5aa45b,Edge computing reduces latency by processing data closer,agx,18,12.0,ok,agx,1788521870.5287452,279.525,5927.659,6
5970.382,3,5971.821,1788521876.679068,32,b03-o06-agx-c32,8,False,192.148,llama3.2:1b,etri-ser0001-cg0msb,ACTIVE,5778.234,8e160875-8203-4b63-9827-ae62b529bac6,Edge computing reduces latency by processing data closer,agx,18,12.0,ok,agx,1788521870.7072487,280.81,5941.593,6
6014.58,3,6015.987,1788521876.8977902,32,b03-o06-agx-c32,8,False,218.584,llama3.2:1b,etri-ser0001-cg0msb,ACTIVE,5795.996,18a214e3-cd97-44b4-8523-a49b27037738,Edge computing reduces latency by processing data closer,agx,18,12.0,ok,agx,1788521870.8818045,282.725,5986.1,6
5998.392,3,5999.908,1788521877.0848155,32,b03-o06-agx-c32,8,False,186.829,llama3.2:1b,etri-ser0001-cg0msb,ACTIVE,5811.562,43d6f2c8-d5ac-4e6f-9846-6c2d82d93ca5,Edge computing reduces latency by processing data closer,agx,18,12.0,ok,agx,1788521871.0849104,283.016,5969.756,6
5986.304,3,5987.498,1788521877.2578952,32,b03-o06-agx-c32,8,False,173.184,llama3.2:1b,etri-ser0001-cg0msb,ACTIVE,5813.12,4670e47d-6afa-4f86-be07-35526a6ed220,Edge computing reduces latency by processing data closer,agx,18,12.0,ok,agx,1788521871.2703986,282.975,5957.803,6
5983.848,3,5985.513,1788521877.4387982,32,b03-o06-agx-c32,8,False,180.564,llama3.2:1b,etri-ser0001-cg0msb,ACTIVE,5803.284,b60834bb-868e-4d50-8c49-7b9415792370,Edge computing reduces latency by processing data closer,agx,18,12.0,ok,agx,1788521871.4532871,282.556,5955.121,6
5959.141,3,5960.787,1788521877.615468,32,b03-o06-agx-c32,8,False,176.545,llama3.2:1b,etri-ser0001-cg0msb,ACTIVE,5782.596,64fb0b85-e354-4f37-b5bb-014e730cf7c3,Edge computing reduces latency by processing data closer,agx,18,12.0,ok,agx,1788521871.6546829,282.197,5930.478,6
5967.055,3,5968.513,1788521877.8014297,32,b03-o06-agx-c32,8,False,186.115,llama3.2:1b,etri-ser0001-cg0msb,ACTIVE,5780.941,c96f8afe-cb42-42f4-bf7f-6d868d769437,Edge computing reduces latency by processing data closer,agx,18,12.0,ok,agx,1788521871.8329186,282.855,5938.604,6
5967.38,3,5968.596,1788521877.9829426,32,b03-o06-agx-c32,8,False,181.381,llama3.2:1b,etri-ser0001-cg0msb,ACTIVE,5785.999,382f8242-6ab8-49e4-8c9b-ad929b16a48d,Edge computing reduces latency by processing data closer,agx,18,12.0,ok,agx,1788521872.014347,282.486,5938.703,6
5978.011,3,5979.767,1788521878.169504,32,b03-o06-agx-c32,8,False,186.404,llama3.2:1b,etri-ser0001-cg0msb,ACTIVE,5791.607,4bc54410-0f01-4599-8ecb-a8bc14e399c5,Edge computing reduces latency by processing data closer,agx,18,12.0,ok,agx,1788521872.1897383,280.603,5949.209,6
5962.089,3,5963.522,1788521878.3469236,32,b03-o06-agx-c32,8,False,177.239,llama3.2:1b,etri-ser0001-cg0msb,ACTIVE,5784.85,a514ea9e-09e6-4dd9-b209-519fcbc48ac6,Edge computing reduces latency by processing data closer,agx,18,12.0,ok,agx,1788521872.3834093,282.436,5933.492,6
5975.224,3,5976.829,1788521878.5522556,32,b03-o06-agx-c32,8,False,205.28,llama3.2:1b,etri-ser0001-cg0msb,ACTIVE,5769.944,f25cf13c-c29e-47a0-959e-764c99e2552c,Edge computing reduces latency by processing data closer,agx,18,12.0,ok,agx,1788521872.5754282,282.097,5946.569,6
5970.93,3,5972.355,1788521878.7242727,32,b03-o06-agx-c32,8,False,171.9,llama3.2:1b,etri-ser0001-cg0msb,ACTIVE,5799.03,c9e63aa1-a0c4-497b-acb0-24cb8c4518bf,Edge computing reduces latency by processing data closer,agx,18,12.0,ok,agx,1788521872.7519186,282.386,5942.257,6
5969.889,3,5971.258,1788521878.9213734,32,b03-o06-agx-c32,8,False,197.152,llama3.2:1b,etri-ser0001-cg0msb,ACTIVE,5772.737,d2d8e826-e4a4-4cc9-89a4-013d715b884c,Edge computing reduces latency by processing data closer,agx,18,12.0,ok,agx,1788521872.9501164,281.502,5941.209,6
5963.908,3,5965.305,1788521879.1041913,32,b03-o06-agx-c32,8,False,182.8,llama3.2:1b,etri-ser0001-cg0msb,ACTIVE,5781.109,be2c73f4-4f1c-4f54-8a1b-e3b0c673331e,Edge computing reduces latency by processing data closer,agx,18,12.0,ok,agx,1788521873.1388865,282.745,5935.368,6
5956.404,3,5957.797,1788521879.291097,32,b03-o06-agx-c32,8,False,186.764,llama3.2:1b,etri-ser0001-cg0msb,ACTIVE,5769.64,f13b9b88-a383-4719-b4b3-14f1f5582ec6,Edge computing reduces latency by processing data closer,agx,18,12.0,ok,agx,1788521873.333301,281.7,5927.758,6
5953.113,3,5954.261,1788521879.4843013,32,b03-o06-agx-c32,8,False,193.217,llama3.2:1b,etri-ser0001-cg0msb,ACTIVE,5759.896,cd71a8e6-a762-4a71-8501-a5c934e4ebe5,Edge computing reduces latency by processing data closer,agx,18,12.0,ok,agx,1788521873.5300407,273.879,5923.606,6
5956.397,3,5957.832,1788521879.6696696,32,b03-o06-agx-c32,8,False,185.272,llama3.2:1b,etri-ser0001-cg0msb,ACTIVE,5771.124,5bc6eef8-211c-465b-9886-069ec9064c31,Edge computing reduces latency by processing data closer,agx,18,12.0,ok,agx,1788521873.7118392,282.516,5927.861,6
5966.224,3,5967.852,1788521879.866489,32,b03-o06-agx-c32,8,False,196.603,llama3.2:1b,etri-ser0001-cg0msb,ACTIVE,5769.621,62f00339-1d65-46b4-9e04-7855005e615e,Edge computing reduces latency by processing data closer,agx,18,12.0,ok,agx,1788521873.8986397,279.115,5937.11,6
5967.364,3,5968.747,1788521880.0591023,32,b03-o06-agx-c32,8,False,192.49,llama3.2:1b,etri-ser0001-cg0msb,ACTIVE,5774.874,150323d1-7dce-4743-a57b-3b474e04e7a8,Edge computing reduces latency by processing data closer,agx,18,12.0,ok,agx,1788521874.0903578,279.369,5938.329,6
5973.016,3,5974.223,1788521880.2416723,32,b03-o06-agx-c32,8,False,182.704,llama3.2:1b,etri-ser0001-cg0msb,ACTIVE,5790.312,b50d7f2c-2854-4f7a-a4bd-4f73d9629159,Edge computing reduces latency by processing data closer,agx,18,12.0,ok,agx,1788521874.26745,281.442,5944.26,6
5937.603,3,5939.169,1788521880.415486,32,b03-o06-agx-c32,8,False,173.592,llama3.2:1b,etri-ser0001-cg0msb,ACTIVE,5764.012,92d452dc-79ec-4423-94c7-6f365c10e73a,Edge computing reduces latency by processing data closer,agx,18,12.0,ok,agx,1788521874.4763181,282.765,5908.815,6
5939.969,3,5941.324,1788521880.5996614,32,b03-o06-agx-c32,8,False,184.168,llama3.2:1b,etri-ser0001-cg0msb,ACTIVE,5755.801,93b5fc41-0089-4231-8448-c761787c33f5,Edge computing reduces latency by processing data closer,agx,18,12.0,ok,agx,1788521874.6583385,281.76,5911.267,6
5941.819,3,5943.159,1788521880.7808728,32,b03-o06-agx-c32,8,False,180.95,llama3.2:1b,etri-ser0001-cg0msb,ACTIVE,5760.869,ebd038d2-e737-460f-9ee0-e1f125024fc1,Edge computing reduces latency by processing data closer,agx,18,12.0,ok,agx,1788521874.8377159,282.376,5913.039,6
5941.832,3,5943.216,1788521880.9652164,32,b03-o06-agx-c32,8,False,184.497,llama3.2:1b,etri-ser0001-cg0msb,ACTIVE,5757.335,d5a7efa0-45ce-401c-acc7-b797b357254b,Edge computing reduces latency by processing data closer,agx,18,12.0,ok,agx,1788521875.0220013,279.125,5912.851,6
5948.093,3,5949.796,1788521881.153158,32,b03-o06-agx-c32,8,False,187.588,llama3.2:1b,etri-ser0001-cg0msb,ACTIVE,5760.506,5dea575c-0ff1-442a-a0c6-75a496919146,Edge computing reduces latency by processing data closer,agx,18,12.0,ok,agx,1788521875.2033641,282.406,5919.451,6
5961.84,3,5963.809,1788521881.3441408,32,b03-o06-agx-c32,8,False,190.875,llama3.2:1b,etri-ser0001-cg0msb,ACTIVE,5770.965,03b633c9-d2f9-498b-aac4-fedde8ff9e60,Edge computing reduces latency by processing data closer,agx,18,12.0,ok,agx,1788521875.3803344,282.396,5932.146,6
5951.021,3,5952.477,1788521881.5168421,32,b03-o06-agx-c32,8,False,172.839,llama3.2:1b,etri-ser0001-cg0msb,ACTIVE,5778.182,2dc65ee8-74e8-4234-8a90-ec6adab15101,Edge computing reduces latency by processing data closer,agx,18,12.0,ok,agx,1788521875.564366,280.407,5922.238,6
5945.937,3,5947.351,1788521881.6931927,32,b03-o06-agx-c32,8,False,176.265,llama3.2:1b,etri-ser0001-cg0msb,ACTIVE,5769.672,bd3837a2-9c0e-4f24-9a9d-41322ae0d1cc,Edge computing reduces latency by processing data closer,agx,18,12.0,ok,agx,1788521875.7458441,281.235,5917.076,6
5950.844,3,5952.169,1788521881.8757045,32,b03-o06-agx-c32,8,False,182.239,llama3.2:1b,etri-ser0001-cg0msb,ACTIVE,5768.605,1e10ea51-dee7-48c2-903f-a245a39949c2,Edge computing reduces latency by processing data closer,agx,18,12.0,ok,agx,1788521875.9235375,280.397,5921.881,6
5923.986,3,5925.102,1788521882.0488567,32,b03-o06-agx-c32,8,False,173.277,llama3.2:1b,etri-ser0001-cg0msb,ACTIVE,5750.709,1fcc0af9-217d-4873-98ef-e0b118488356,Edge computing reduces latency by processing data closer,agx,18,12.0,ok,agx,1788521876.123756,276.635,5894.964,6
5941.724,3,5943.391,1788521882.2534916,32,b03-o06-agx-c32,8,False,204.348,llama3.2:1b,etri-ser0001-cg0msb,ACTIVE,5737.376,a407c59c-78b1-45a5-a22f-0591060d3c94,Edge computing reduces latency by processing data closer,agx,18,12.0,ok,agx,1788521876.3101027,279.926,5912.7,6
5939.324,3,5940.477,1788521882.4272718,32,b03-o06-agx-c32,8,False,173.857,llama3.2:1b,etri-ser0001-cg0msb,ACTIVE,5765.467,00b63446-da79-4e93-a39c-59da43570448,Edge computing reduces latency by processing data closer,agx,18,12.0,ok,agx,1788521876.4867954,279.515,5910.348,6
5957.298,3,5958.99,1788521882.6380794,32,b03-o06-agx-c32,8,False,210.525,llama3.2:1b,etri-ser0001-cg0msb,ACTIVE,5746.773,afee9712-c9bb-4697-ae37-68e3c09dd887,Edge computing reduces latency by processing data closer,agx,18,12.0,ok,agx,1788521876.6790917,278.309,5928.387,6
5920.976,3,5922.354,1788521882.8201642,32,b03-o06-agx-c32,8,False,182.019,llama3.2:1b,etri-ser0001-cg0msb,ACTIVE,5738.957,5ddf13f4-456e-471c-9657-6cdf37a3b9c4,Edge computing reduces latency by processing data closer,agx,18,12.0,ok,agx,1788521876.8978114,282.616,5892.294,6
5919.822,3,5921.488,1788521883.006332,32,b03-o06-agx-c32,8,False,186.023,llama3.2:1b,etri-ser0001-cg0msb,ACTIVE,5733.799,973cefda-3db9-41ed-813b-61c7608ed588,Edge computing reduces latency by processing data closer,agx,18,12.0,ok,agx,1788521877.0848463,282.536,5891.084,6
5928.378,3,5929.786,1788521883.1877031,32,b03-o06-agx-c32,8,False,181.45,llama3.2:1b,etri-ser0001-cg0msb,ACTIVE,5746.928,1711e9b5-95d2-4b94-a4db-3a25c687d8a6,Edge computing reduces latency by processing data closer,agx,18,12.0,ok,agx,1788521877.2579176,282.406,5899.713,6
5920.369,3,5922.093,1788521883.360921,32,b03-o06-agx-c32,8,False,173.019,llama3.2:1b,etri-ser0001-cg0msb,ACTIVE,5747.349,4d35f6f8-f9fb-4e3b-92de-92fdf3b01239,Edge computing reduces latency by processing data closer,agx,18,12.0,ok,agx,1788521877.4388304,282.566,5891.65,6
5914.925,3,5916.362,1788521883.531861,32,b03-o06-agx-c32,8,False,170.987,llama3.2:1b,etri-ser0001-cg0msb,ACTIVE,5743.938,197f7206-6cad-4637-b1d1-8a2f221a25fe,Edge computing reduces latency by processing data closer,agx,18,12.0,ok,agx,1788521877.6154997,280.564,5886.141,6
5925.588,3,5926.958,1788521883.7284164,32,b03-o06-agx-c32,8,False,196.5,llama3.2:1b,etri-ser0001-cg0msb,ACTIVE,5729.088,41bdb819-0080-4b10-b285-9ad14cef2520,Edge computing reduces latency by processing data closer,agx,18,12.0,ok,agx,1788521877.8014605,282.755,5896.996,6
5929.668,3,5931.226,1788521883.9141896,32,b03-o06-agx-c32,8,False,185.615,llama3.2:1b,etri-ser0001-cg0msb,ACTIVE,5744.052,965d167a-ca2b-471b-9a5e-27bdab64585d,Edge computing reduces latency by processing data closer,agx,18,12.0,ok,agx,1788521877.9829643,280.083,5900.669,6
5936.598,3,5937.809,1788521884.107333,32,b03-o06-agx-c32,8,False,193.149,llama3.2:1b,etri-ser0001-cg0msb,ACTIVE,5743.45,dbfcb26f-6ff9-4e11-855e-178e6573823d,Edge computing reduces latency by processing data closer,agx,18,12.0,ok,agx,1788521878.1695254,281.809,5907.896,6
5949.946,3,5951.352,1788521884.298313,32,b03-o06-agx-c32,8,False,190.857,llama3.2:1b,etri-ser0001-cg0msb,ACTIVE,5759.089,5a440128-9963-414f-8d47-be2e8674e057,Edge computing reduces latency by processing data closer,agx,18,12.0,ok,agx,1788521878.3469622,282.666,5921.244,6
5924.563,3,5926.048,1788521884.4783332,32,b03-o06-agx-c32,8,False,179.931,llama3.2:1b,etri-ser0001-cg0msb,ACTIVE,5744.632,12e7d209-6d4a-40de-bebc-114e6ae20b7a,Edge computing reduces latency by processing data closer,agx,18,12.0,ok,agx,1788521878.5522857,276.596,5895.749,6
5950.557,3,5951.807,1788521884.6760995,32,b03-o06-agx-c32,8,False,197.554,llama3.2:1b,etri-ser0001-cg0msb,ACTIVE,5753.002,57211818-c002-45f0-bf39-8f887d8969c4,Edge computing reduces latency by processing data closer,agx,18,12.0,ok,agx,1788521878.724295,283.236,5921.909,6
5948.358,3,5949.581,1788521884.8709748,32,b03-o06-agx-c32,8,False,194.9,llama3.2:1b,etri-ser0001-cg0msb,ACTIVE,5753.458,e4c7f740-db73-43f6-a2a3-7ed1fa464eac,Edge computing reduces latency by processing data closer,agx,18,12.0,ok,agx,1788521878.9213946,281.442,5919.714,6
5965.249,3,5966.567,1788521885.0707781,32,b03-o06-agx-c32,8,False,199.645,llama3.2:1b,etri-ser0001-cg0msb,ACTIVE,5765.603,ac41b8c7-4042-4e1e-8a7e-e256fb589817,Edge computing reduces latency by processing data closer,agx,18,12.0,ok,agx,1788521879.1042132,281.641,5936.467,6
5956.645,3,5958.075,1788521885.2491965,32,b03-o06-agx-c32,8,False,178.292,llama3.2:1b,etri-ser0001-cg0msb,ACTIVE,5778.353,37f26db9-6fde-4b66-8d96-33c293d6fbb2,Edge computing reduces latency by processing data closer,agx,18,12.0,ok,agx,1788521879.2911224,275.368,5927.359,6
5965.461,3,5966.855,1788521885.4511762,32,b03-o06-agx-c32,8,False,201.889,llama3.2:1b,etri-ser0001-cg0msb,ACTIVE,5763.572,40635a60-41b9-4b1a-86ac-2f636a586c69,Edge computing reduces latency by processing data closer,agx,18,12.0,ok,agx,1788521879.4843233,281.423,5936.753,6
5960.908,3,5962.303,1788521885.6319995,32,b03-o06-agx-c32,8,False,180.899,llama3.2:1b,etri-ser0001-cg0msb,ACTIVE,5780.009,ff9bd943-2d36-4a20-b6e3-ae006573ecc0,Edge computing reduces latency by processing data closer,agx,18,12.0,ok,agx,1788521879.6696978,282.406,5932.336,6
5936.911,3,5938.353,1788521885.804872,32,b03-o06-agx-c32,8,False,172.857,llama3.2:1b,etri-ser0001-cg0msb,ACTIVE,5764.054,e3316092-4339-4cc1-ba1a-a4cd186740b2,Edge computing reduces latency by processing data closer,agx,18,12.0,ok,agx,1788521879.8665211,282.526,5908.342,6
