actual_e2e_ms,block,client_latency_ms,completed_timestamp,concurrency,condition_id,eval_count,excluded,inference_ms,model,node_id,node_state,queue_wait_ms,request_id,response,role,run_order,stage_seconds,status,target_node,timestamp,tokens_per_second,ttft_ms,within_block_order
29.701,0,31.526,1788523486.1833906,1,warmup,8,True,29.698,llama3.2:1b,etri-ser0002-cgnmsb,ACTIVE,0.003,4e9a959d-98cf-4f99-85d1-ed62db0e7296,Edge computing reduces latency by processing data closer,spark,0,,ok,spark,1788523486.1518664,504.159,13.002,
20.232,1,24.289,1788523486.2091224,16,b01-o01-spark-c16,8,False,20.229,llama3.2:1b,etri-ser0002-cgnmsb,ACTIVE,0.003,54651123-25cb-4cc3-85ef-7e666d70b012,Edge computing reduces latency by processing data closer,spark,1,18.0,ok,spark,1788523486.1848376,511.019,4.331,1
39.849,1,43.858,1788523486.22968,16,b01-o01-spark-c16,8,False,20.231,llama3.2:1b,etri-ser0002-cgnmsb,ACTIVE,19.618,094b9fc5-e219-4256-977a-e2a04800515e,Edge computing reduces latency by processing data closer,spark,1,18.0,ok,spark,1788523486.1858292,516.529,23.885,1
59.8,1,64.273,1788523486.249537,16,b01-o01-spark-c16,8,False,20.0,llama3.2:1b,etri-ser0002-cgnmsb,ACTIVE,39.8,3405169a-98ca-4f18-b6f3-a81fb2fe8ee9,Edge computing reduces latency by processing data closer,spark,1,18.0,ok,spark,1788523486.1852686,529.801,44.479,1
78.246,1,83.169,1788523486.2699506,16,b01-o01-spark-c16,8,False,20.354,llama3.2:1b,etri-ser0002-cgnmsb,ACTIVE,57.892,3bdb0591-0d91-4166-8983-f8df87fa4295,Edge computing reduces latency by processing data closer,spark,1,18.0,ok,spark,1788523486.1867864,516.296,62.983,1
99.255,1,104.107,1788523486.2915385,16,b01-o01-spark-c16,8,False,21.638,llama3.2:1b,etri-ser0002-cgnmsb,ACTIVE,77.618,114bfdb9-7070-4494-ac31-c42df5ad542b,Edge computing reduces latency by processing data closer,spark,1,18.0,ok,spark,1788523486.1874347,488.49,82.649,1
119.73,1,124.438,1788523486.3124197,16,b01-o01-spark-c16,8,False,20.861,llama3.2:1b,etri-ser0002-cgnmsb,ACTIVE,98.869,b25cf3b2-b9f5-4ce0-a4e4-08283d9c7f71,Edge computing reduces latency by processing data closer,spark,1,18.0,ok,spark,1788523486.1879845,497.822,103.051,1
138.967,1,143.561,1788523486.3326464,16,b01-o01-spark-c16,8,False,20.293,llama3.2:1b,etri-ser0002-cgnmsb,ACTIVE,118.674,be0a75a9-3eec-4eeb-9b47-ea25d8034b8c,Edge computing reduces latency by processing data closer,spark,1,18.0,ok,spark,1788523486.1890857,531.456,123.551,1
159.753,1,167.196,1788523486.355756,16,b01-o01-spark-c16,8,False,20.957,llama3.2:1b,etri-ser0002-cgnmsb,ACTIVE,138.796,d9a6f2ec-70d3-44e1-855b-95cf182d1ec2,Edge computing reduces latency by processing data closer,spark,1,18.0,ok,spark,1788523486.1885614,522.568,143.803,1
181.433,1,185.733,1788523486.375433,16,b01-o01-spark-c16,8,False,21.794,llama3.2:1b,etri-ser0002-cgnmsb,ACTIVE,159.64,5860f1fd-0946-41fb-8fe7-7e74d68e9c7b,Edge computing reduces latency by processing data closer,spark,1,18.0,ok,spark,1788523486.1897006,496.401,164.706,1
200.332,1,204.962,1788523486.3953679,16,b01-o01-spark-c16,8,False,19.436,llama3.2:1b,etri-ser0002-cgnmsb,ACTIVE,180.896,23392a48-07ad-40c6-9212-944700ea0c9e,Edge computing reduces latency by processing data closer,spark,1,18.0,ok,spark,1788523486.1904109,536.013,185.049,1
218.744,1,224.908,1788523486.4162996,16,b01-o01-spark-c16,8,False,20.883,llama3.2:1b,etri-ser0002-cgnmsb,ACTIVE,197.86,2427de28-889c-462f-a321-e2abe9d773a5,Edge computing reduces latency by processing data closer,spark,1,18.0,ok,spark,1788523486.1913953,513.149,202.129,1
238.725,1,245.261,1788523486.4361367,16,b01-o01-spark-c16,8,False,20.376,llama3.2:1b,etri-ser0002-cgnmsb,ACTIVE,218.349,54990af4-4596-41e5-a0eb-1abd3de8a5d8,Edge computing reduces latency by processing data closer,spark,1,18.0,ok,spark,1788523486.190876,514.04,222.823,1
259.275,1,264.89,1788523486.4574459,16,b01-o01-spark-c16,8,False,20.778,llama3.2:1b,etri-ser0002-cgnmsb,ACTIVE,238.497,e7cb0b48-efdf-41ea-b15d-66c9bc04703b,Edge computing reduces latency by processing data closer,spark,1,18.0,ok,spark,1788523486.1925588,511.869,242.792,1
280.326,1,285.301,1788523486.4793408,16,b01-o01-spark-c16,8,False,21.093,llama3.2:1b,etri-ser0002-cgnmsb,ACTIVE,259.233,500b5bdd-27f1-4ced-8490-ffac5db3a616,Edge computing reduces latency by processing data closer,spark,1,18.0,ok,spark,1788523486.1940424,492.429,264.012,1
302.158,1,308.867,1788523486.5008209,16,b01-o01-spark-c16,8,False,21.676,llama3.2:1b,etri-ser0002-cgnmsb,ACTIVE,280.482,75032a14-cb6f-40d2-989b-47520ab454e7,Edge computing reduces latency by processing data closer,spark,1,18.0,ok,spark,1788523486.1919577,499.75,285.351,1
322.873,1,328.13,1788523486.5212657,16,b01-o01-spark-c16,8,False,20.812,llama3.2:1b,etri-ser0002-cgnmsb,ACTIVE,302.06,97f35dc9-493d-4847-9c9c-7aaab05ae2d8,Edge computing reduces latency by processing data closer,spark,1,18.0,ok,spark,1788523486.1931374,498.101,306.167,1
330.462,1,332.661,1788523486.5418854,16,b01-o01-spark-c16,8,False,20.481,llama3.2:1b,etri-ser0002-cgnmsb,ACTIVE,309.981,26ba5795-786f-48eb-984e-b436ec7eb3c9,Edge computing reduces latency by processing data closer,spark,1,18.0,ok,spark,1788523486.209226,528.297,314.499,1
329.685,1,332.031,1788523486.5618289,16,b01-o01-spark-c16,8,False,19.797,llama3.2:1b,etri-ser0002-cgnmsb,ACTIVE,309.887,2eef7b1a-c833-4ba9-a448-cc8d34a78f9c,Edge computing reduces latency by processing data closer,spark,1,18.0,ok,spark,1788523486.2297997,539.884,313.942,1
330.804,1,333.522,1788523486.5831656,16,b01-o01-spark-c16,8,False,21.045,llama3.2:1b,etri-ser0002-cgnmsb,ACTIVE,309.759,09fb46cd-9b69-4492-ac05-92555fb1b76d,Edge computing reduces latency by processing data closer,spark,1,18.0,ok,spark,1788523486.249645,500.908,314.382,1
331.694,1,333.842,1788523486.6038883,16,b01-o01-spark-c16,8,False,20.564,llama3.2:1b,etri-ser0002-cgnmsb,ACTIVE,311.13,3b6db9f1-6be5-4587-a1be-f3bb0cc319bc,Edge computing reduces latency by processing data closer,spark,1,18.0,ok,spark,1788523486.27005,520.596,315.659,1
332.284,1,334.627,1788523486.6262527,16,b01-o01-spark-c16,8,False,22.204,llama3.2:1b,etri-ser0002-cgnmsb,ACTIVE,310.08,85a7d0b9-8a41-4d55-ba71-08919520fbeb,Edge computing reduces latency by processing data closer,spark,1,18.0,ok,spark,1788523486.2916303,509.359,315.607,1
332.46,1,335.068,1788523486.6475708,16,b01-o01-spark-c16,8,False,21.624,llama3.2:1b,etri-ser0002-cgnmsb,ACTIVE,310.835,c7e8b299-3a1b-417d-8904-b562da364565,Edge computing reduces latency by processing data closer,spark,1,18.0,ok,spark,1788523486.312503,497.698,315.843,1
332.798,1,334.81,1788523486.667482,16,b01-o01-spark-c16,8,False,19.958,llama3.2:1b,etri-ser0002-cgnmsb,ACTIVE,312.84,9b3daa2a-e9f3-44af-9bb6-0203ac0482f7,Edge computing reduces latency by processing data closer,spark,1,18.0,ok,spark,1788523486.3326733,534.581,317.38,1
331.568,1,333.979,1788523486.6897657,16,b01-o01-spark-c16,8,False,22.029,llama3.2:1b,etri-ser0002-cgnmsb,ACTIVE,309.54,316e05c9-b357-4a70-8601-6a179b2a87e7,Edge computing reduces latency by processing data closer,spark,1,18.0,ok,spark,1788523486.3557887,479.875,314.336,1
332.253,1,333.619,1788523486.7091076,16,b01-o01-spark-c16,8,False,19.52,llama3.2:1b,etri-ser0002-cgnmsb,ACTIVE,312.733,1072e9e6-3490-473b-962e-198c1f2a0422,Edge computing reduces latency by processing data closer,spark,1,18.0,ok,spark,1788523486.375489,527.252,316.863,1
333.108,1,335.787,1788523486.731249,16,b01-o01-spark-c16,8,False,21.302,llama3.2:1b,etri-ser0002-cgnmsb,ACTIVE,311.806,45cf2304-6157-4991-8e63-07902d95cf5a,Edge computing reduces latency by processing data closer,spark,1,18.0,ok,spark,1788523486.3954668,500.563,316.649,1
332.905,1,335.595,1788523486.7519898,16,b01-o01-spark-c16,8,False,21.346,llama3.2:1b,etri-ser0002-cgnmsb,ACTIVE,311.559,3a48fc4e-6bd1-456d-b47c-838f4ce9d439,Edge computing reduces latency by processing data closer,spark,1,18.0,ok,spark,1788523486.4163945,515.796,316.848,1
335.397,1,337.151,1788523486.773305,16,b01-o01-spark-c16,8,False,20.897,llama3.2:1b,etri-ser0002-cgnmsb,ACTIVE,314.5,90cfd83b-593c-4fc7-a861-c823799ff49d,Edge computing reduces latency by processing data closer,spark,1,18.0,ok,spark,1788523486.4361572,511.019,319.215,1
334.117,1,336.234,1788523486.7937486,16,b01-o01-spark-c16,8,False,20.393,llama3.2:1b,etri-ser0002-cgnmsb,ACTIVE,313.724,da708f6b-8423-4fff-9516-562f207acbc6,Edge computing reduces latency by processing data closer,spark,1,18.0,ok,spark,1788523486.4575176,525.279,318.964,1
332.817,1,335.294,1788523486.814702,16,b01-o01-spark-c16,8,False,20.7,llama3.2:1b,etri-ser0002-cgnmsb,ACTIVE,312.116,79f89430-18f5-4d8f-aad0-b75e10388cd6,Edge computing reduces latency by processing data closer,spark,1,18.0,ok,spark,1788523486.4794123,522.603,317.232,1
332.094,1,334.585,1788523486.8354993,16,b01-o01-spark-c16,8,False,20.643,llama3.2:1b,etri-ser0002-cgnmsb,ACTIVE,311.452,8cbde60b-f702-45e8-a9ca-bb12f798a4ff,Edge computing reduces latency by processing data closer,spark,1,18.0,ok,spark,1788523486.5009174,509.976,315.541,1
333.368,1,335.167,1788523486.8564892,16,b01-o01-spark-c16,8,False,21.333,llama3.2:1b,etri-ser0002-cgnmsb,ACTIVE,312.035,10e71566-a2e9-418e-ad2a-560e028e0618,Edge computing reduces latency by processing data closer,spark,1,18.0,ok,spark,1788523486.521324,494.652,316.742,1
333.985,1,336.986,1788523486.8789194,16,b01-o01-spark-c16,8,False,21.584,llama3.2:1b,etri-ser0002-cgnmsb,ACTIVE,312.401,275bc498-a419-433d-b17b-44f0d5066c7a,Edge computing reduces latency by processing data closer,spark,1,18.0,ok,spark,1788523486.5419583,484.467,317.145,1
335.429,1,337.725,1788523486.899606,16,b01-o01-spark-c16,8,False,20.616,llama3.2:1b,etri-ser0002-cgnmsb,ACTIVE,314.813,0c4ad47a-a6fe-4789-aea3-cfd6e4bfb357,Edge computing reduces latency by processing data closer,spark,1,18.0,ok,spark,1788523486.5618854,515.331,319.053,1
335.86,1,338.188,1788523486.9214072,16,b01-o01-spark-c16,8,False,21.665,llama3.2:1b,etri-ser0002-cgnmsb,ACTIVE,314.195,da425eb2-4d26-445d-a97d-f6e160709ec7,Edge computing reduces latency by processing data closer,spark,1,18.0,ok,spark,1788523486.5832224,477.726,319.194,1
335.976,1,338.375,1788523486.9424002,16,b01-o01-spark-c16,8,False,21.257,llama3.2:1b,etri-ser0002-cgnmsb,ACTIVE,314.719,12c2f979-16f4-46b4-b0b2-3141ab596d33,Edge computing reduces latency by processing data closer,spark,1,18.0,ok,spark,1788523486.6040266,523.492,319.66,1
333.534,1,335.606,1788523486.9619515,16,b01-o01-spark-c16,8,False,19.332,llama3.2:1b,etri-ser0002-cgnmsb,ACTIVE,314.202,e7988a15-b0b4-4047-9e70-fdc5a8f1e08d,Edge computing reduces latency by processing data closer,spark,1,18.0,ok,spark,1788523486.6263478,545.479,318.143,1
332.033,1,333.843,1788523486.9814305,16,b01-o01-spark-c16,8,False,19.315,llama3.2:1b,etri-ser0002-cgnmsb,ACTIVE,312.718,40357fa6-6f91-4661-872d-2747931fb131,Edge computing reduces latency by processing data closer,spark,1,18.0,ok,spark,1788523486.64759,543.959,316.589,1
332.652,1,334.784,1788523487.0022998,16,b01-o01-spark-c16,8,False,20.582,llama3.2:1b,etri-ser0002-cgnmsb,ACTIVE,312.07,542ff175-2baf-4c70-9f2f-ce605c3dfa65,Edge computing reduces latency by processing data closer,spark,1,18.0,ok,spark,1788523486.6675186,542.925,317.641,1
330.804,1,332.404,1788523487.0222187,16,b01-o01-spark-c16,8,False,20.416,llama3.2:1b,etri-ser0002-cgnmsb,ACTIVE,310.388,dfc3dbd8-377e-425f-a5fc-287bfe02ddd1,Edge computing reduces latency by processing data closer,spark,1,18.0,ok,spark,1788523486.689815,542.079,315.373,1
331.989,1,333.357,1788523487.0424843,16,b01-o01-spark-c16,8,False,20.011,llama3.2:1b,etri-ser0002-cgnmsb,ACTIVE,311.978,6e6f7761-1ffd-445f-9a5b-5bfdb6855dd2,Edge computing reduces latency by processing data closer,spark,1,18.0,ok,spark,1788523486.7091284,546.299,316.846,1
328.896,1,330.916,1788523487.0622647,16,b01-o01-spark-c16,8,False,19.675,llama3.2:1b,etri-ser0002-cgnmsb,ACTIVE,309.221,e679fc5f-ec63-4c19-9b4c-a0c951a98444,Edge computing reduces latency by processing data closer,spark,1,18.0,ok,spark,1788523486.7313497,546.373,313.976,1
329.551,1,331.286,1788523487.0832956,16,b01-o01-spark-c16,8,False,20.972,llama3.2:1b,etri-ser0002-cgnmsb,ACTIVE,308.579,452be04b-2c72-4261-a1e8-3e8a36d907f2,Edge computing reduces latency by processing data closer,spark,1,18.0,ok,spark,1788523486.752011,541.455,313.501,1
327.67,1,329.816,1788523487.103195,16,b01-o01-spark-c16,8,False,19.204,llama3.2:1b,etri-ser0002-cgnmsb,ACTIVE,308.466,640ae00f-cea9-4edb-b256-e6412a16cb52,Edge computing reduces latency by processing data closer,spark,1,18.0,ok,spark,1788523486.773382,540.541,312.143,1
326.802,1,328.787,1788523487.1226015,16,b01-o01-spark-c16,8,False,19.381,llama3.2:1b,etri-ser0002-cgnmsb,ACTIVE,307.422,767e9065-2871-411e-8f2c-589c4e95851e,Edge computing reduces latency by processing data closer,spark,1,18.0,ok,spark,1788523486.7938173,546.411,311.787,1
325.375,1,327.289,1788523487.1420808,16,b01-o01-spark-c16,8,False,19.575,llama3.2:1b,etri-ser0002-cgnmsb,ACTIVE,305.8,6578a916-9aad-426d-bb4a-d7702c349f84,Edge computing reduces latency by processing data closer,spark,1,18.0,ok,spark,1788523486.8147936,542.189,310.082,1
323.366,1,325.645,1788523487.1612346,16,b01-o01-spark-c16,8,False,19.065,llama3.2:1b,etri-ser0002-cgnmsb,ACTIVE,304.301,4e0b04cb-8dca-4941-a00d-34d0342b5a86,Edge computing reduces latency by processing data closer,spark,1,18.0,ok,spark,1788523486.835591,544.181,308.205,1
322.813,1,325.271,1788523487.1817977,16,b01-o01-spark-c16,8,False,19.549,llama3.2:1b,etri-ser0002-cgnmsb,ACTIVE,303.265,911f360b-bbfd-4784-93bc-8d5491904421,Edge computing reduces latency by processing data closer,spark,1,18.0,ok,spark,1788523486.8565311,541.199,307.511,1
319.701,1,322.133,1788523487.201169,16,b01-o01-spark-c16,8,False,19.275,llama3.2:1b,etri-ser0002-cgnmsb,ACTIVE,300.426,d6cb0aa8-5847-42fc-9c18-b72123c6b281,Edge computing reduces latency by processing data closer,spark,1,18.0,ok,spark,1788523486.8790379,546.597,304.355,1
318.902,1,322.038,1788523487.2217376,16,b01-o01-spark-c16,8,False,20.382,llama3.2:1b,etri-ser0002-cgnmsb,ACTIVE,298.52,18d236e3-a0b6-47d6-b7b0-2f1d3bf51aa8,Edge computing reduces latency by processing data closer,spark,1,18.0,ok,spark,1788523486.8997037,540.723,303.868,1
316.931,1,319.253,1788523487.2407372,16,b01-o01-spark-c16,8,False,19.411,llama3.2:1b,etri-ser0002-cgnmsb,ACTIVE,297.52,fd1d6b6b-fd14-4b0b-b416-206614a0f329,Edge computing reduces latency by processing data closer,spark,1,18.0,ok,spark,1788523486.9214869,545.554,301.575,1
316.251,1,318.084,1788523487.2605233,16,b01-o01-spark-c16,8,False,19.7,llama3.2:1b,etri-ser0002-cgnmsb,ACTIVE,296.55,06a707b2-77e8-4fa8-bcfc-10f22ce6cf73,Edge computing reduces latency by processing data closer,spark,1,18.0,ok,spark,1788523486.9424405,538.068,300.751,1
316.777,1,318.771,1788523487.2807753,16,b01-o01-spark-c16,8,False,19.717,llama3.2:1b,etri-ser0002-cgnmsb,ACTIVE,297.06,813646f6-6811-4225-b52a-6ae6affb3f1b,Edge computing reduces latency by processing data closer,spark,1,18.0,ok,spark,1788523486.9620082,538.539,301.67,1
316.718,1,319.081,1788523487.3005784,16,b01-o01-spark-c16,8,False,19.644,llama3.2:1b,etri-ser0002-cgnmsb,ACTIVE,297.074,0af10ce3-055b-4df2-acd7-7b8109f233b2,Edge computing reduces latency by processing data closer,spark,1,18.0,ok,spark,1788523486.9815,546.672,301.468,1
315.234,1,318.347,1788523487.3207185,16,b01-o01-spark-c16,8,False,20.204,llama3.2:1b,etri-ser0002-cgnmsb,ACTIVE,295.03,1198f42c-83f2-4c78-9b11-c95e1955649c,Edge computing reduces latency by processing data closer,spark,1,18.0,ok,spark,1788523487.002374,538.684,299.824,1
316.398,1,318.523,1788523487.3407686,16,b01-o01-spark-c16,8,False,20.009,llama3.2:1b,etri-ser0002-cgnmsb,ACTIVE,296.388,73a940e6-607d-4cf4-967d-c61815de5bdd,Edge computing reduces latency by processing data closer,spark,1,18.0,ok,spark,1788523487.0222485,544.07,301.293,1
316.171,1,318.394,1788523487.360901,16,b01-o01-spark-c16,8,False,19.946,llama3.2:1b,etri-ser0002-cgnmsb,ACTIVE,296.225,f12bfafa-25b2-4c31-9f78-538d1004a419,Edge computing reduces latency by processing data closer,spark,1,18.0,ok,spark,1788523487.0425105,539.702,300.831,1
316.136,1,318.878,1788523487.3811736,16,b01-o01-spark-c16,8,False,19.906,llama3.2:1b,etri-ser0002-cgnmsb,ACTIVE,296.229,79f6486e-c614-417b-a558-9af74085f43e,Edge computing reduces latency by processing data closer,spark,1,18.0,ok,spark,1788523487.0622993,539.811,300.955,1
315.732,1,317.921,1788523487.401244,16,b01-o01-spark-c16,8,False,19.99,llama3.2:1b,etri-ser0002-cgnmsb,ACTIVE,295.742,9a971a91-9ed7-4e88-b353-864405cb76d2,Edge computing reduces latency by processing data closer,spark,1,18.0,ok,spark,1788523487.083327,543.996,300.51,1
314.918,1,317.138,1788523487.4204001,16,b01-o01-spark-c16,8,False,19.317,llama3.2:1b,etri-ser0002-cgnmsb,ACTIVE,295.601,4629b90f-e221-458c-af13-ce9c409ae3a7,Edge computing reduces latency by processing data closer,spark,1,18.0,ok,spark,1788523487.103265,544.329,299.928,1
316.258,1,318.441,1788523487.4411068,16,b01-o01-spark-c16,8,False,20.454,llama3.2:1b,etri-ser0002-cgnmsb,ACTIVE,295.804,b4904bb2-88c8-4431-aeac-bde1b84ab7df,Edge computing reduces latency by processing data closer,spark,1,18.0,ok,spark,1788523487.1226685,544.848,301.206,1
317.862,1,319.787,1788523487.461894,16,b01-o01-spark-c16,8,False,20.714,llama3.2:1b,etri-ser0002-cgnmsb,ACTIVE,297.148,0b271727-c9d8-42ea-a2a4-3237db3e7c44,Edge computing reduces latency by processing data closer,spark,1,18.0,ok,spark,1788523487.142111,546.373,302.418,1
319.074,1,321.082,1788523487.4823475,16,b01-o01-spark-c16,8,False,20.295,llama3.2:1b,etri-ser0002-cgnmsb,ACTIVE,298.779,134dc127-ea3a-400e-a599-c7536ec34b8d,Edge computing reduces latency by processing data closer,spark,1,18.0,ok,spark,1788523487.1612685,540.066,303.598,1
317.009,1,319.588,1788523487.5014777,16,b01-o01-spark-c16,8,False,19.019,llama3.2:1b,etri-ser0002-cgnmsb,ACTIVE,297.991,0b7fcc9d-8278-44cc-b6c6-b13c30ad40ca,Edge computing reduces latency by processing data closer,spark,1,18.0,ok,spark,1788523487.1818922,543.183,302.213,1
318.092,1,320.155,1788523487.5214012,16,b01-o01-spark-c16,8,False,19.849,llama3.2:1b,etri-ser0002-cgnmsb,ACTIVE,298.242,a0f6e7f2-759d-4033-afa1-2102c3f8e423,Edge computing reduces latency by processing data closer,spark,1,18.0,ok,spark,1788523487.201249,545.405,302.861,1
316.798,1,319.826,1788523487.541649,16,b01-o01-spark-c16,8,False,20.14,llama3.2:1b,etri-ser0002-cgnmsb,ACTIVE,296.657,c77af7cc-b779-4e46-8d2f-7a425bb97e82,Edge computing reduces latency by processing data closer,spark,1,18.0,ok,spark,1788523487.2218266,544.181,301.571,1
318.9,1,320.981,1788523487.561773,16,b01-o01-spark-c16,8,False,20.061,llama3.2:1b,etri-ser0002-cgnmsb,ACTIVE,298.839,3159b50e-c919-4b1f-887a-2f577521e834,Edge computing reduces latency by processing data closer,spark,1,18.0,ok,spark,1788523487.240795,546.822,304.007,1
318.981,1,321.246,1788523487.5818062,16,b01-o01-spark-c16,8,False,19.72,llama3.2:1b,etri-ser0002-cgnmsb,ACTIVE,299.261,120caafa-79b0-432a-b567-28d88934056d,Edge computing reduces latency by processing data closer,spark,1,18.0,ok,spark,1788523487.2605631,542.483,304.039,1
319.598,1,321.873,1788523487.6027381,16,b01-o01-spark-c16,8,False,20.698,llama3.2:1b,etri-ser0002-cgnmsb,ACTIVE,298.9,62ed0e68-41f3-4687-a141-c09392c21779,Edge computing reduces latency by processing data closer,spark,1,18.0,ok,spark,1788523487.2808695,546.224,303.899,1
319.745,1,321.769,1788523487.622422,16,b01-o01-spark-c16,8,False,19.7,llama3.2:1b,etri-ser0002-cgnmsb,ACTIVE,300.045,f9364384-8251-4b30-b403-6a10999311ba,Edge computing reduces latency by processing data closer,spark,1,18.0,ok,spark,1788523487.3006556,543.848,304.994,1
318.741,1,321.47,1788523487.642256,16,b01-o01-spark-c16,8,False,19.763,llama3.2:1b,etri-ser0002-cgnmsb,ACTIVE,298.978,612f3ede-9650-403f-ac7c-5bf30c48b263,Edge computing reduces latency by processing data closer,spark,1,18.0,ok,spark,1788523487.3207884,545.479,303.297,1
318.878,1,321.211,1788523487.6620328,16,b01-o01-spark-c16,8,False,19.649,llama3.2:1b,etri-ser0002-cgnmsb,ACTIVE,299.229,7a87a306-d1f5-4a8f-9dbc-9bcd65db8f29,Edge computing reduces latency by processing data closer,spark,1,18.0,ok,spark,1788523487.3408244,546.112,303.701,1
318.386,1,320.356,1788523487.6813638,16,b01-o01-spark-c16,8,False,19.277,llama3.2:1b,etri-ser0002-cgnmsb,ACTIVE,299.109,a9ae30c9-8c80-47f3-9bb3-0ffc6ebd7b9c,Edge computing reduces latency by processing data closer,spark,1,18.0,ok,spark,1788523487.3610103,544.551,303.157,1
320.652,1,322.29,1788523487.7035525,16,b01-o01-spark-c16,8,False,22.351,llama3.2:1b,etri-ser0002-cgnmsb,ACTIVE,298.301,e7438399-09f4-4501-adb3-58662001b86b,Edge computing reduces latency by processing data closer,spark,1,18.0,ok,spark,1788523487.381263,519.886,304.732,1
320.048,1,322.268,1788523487.7235956,16,b01-o01-spark-c16,8,False,19.628,llama3.2:1b,etri-ser0002-cgnmsb,ACTIVE,300.42,1bbfd77e-4751-4e47-9437-ee41fafb6029,Edge computing reduces latency by processing data closer,spark,1,18.0,ok,spark,1788523487.4013307,544.292,305.267,1
320.56,1,322.942,1788523487.7434149,16,b01-o01-spark-c16,8,False,19.75,llama3.2:1b,etri-ser0002-cgnmsb,ACTIVE,300.81,c73bb8ab-81f5-4061-9112-b3b3f53c1e36,Edge computing reduces latency by processing data closer,spark,1,18.0,ok,spark,1788523487.4204752,545.145,304.883,1
319.776,1,322.401,1788523487.763575,16,b01-o01-spark-c16,8,False,20.195,llama3.2:1b,etri-ser0002-cgnmsb,ACTIVE,299.581,def43564-707c-4d6b-af46-7d6c7a4af2a9,Edge computing reduces latency by processing data closer,spark,1,18.0,ok,spark,1788523487.4411771,545.405,304.434,1
318.684,1,320.959,1788523487.7829566,16,b01-o01-spark-c16,8,False,19.358,llama3.2:1b,etri-ser0002-cgnmsb,ACTIVE,299.326,25c9fe5e-758f-47f3-b49c-a06868eb3dde,Edge computing reduces latency by processing data closer,spark,1,18.0,ok,spark,1788523487.4620008,543.7,303.705,1
317.898,1,320.616,1788523487.8030374,16,b01-o01-spark-c16,8,False,19.701,llama3.2:1b,etri-ser0002-cgnmsb,ACTIVE,298.197,a7e2f588-d9b3-4f4f-b35a-6fdd9f218195,Edge computing reduces latency by processing data closer,spark,1,18.0,ok,spark,1788523487.4824238,544.107,302.401,1
317.758,1,320.209,1788523487.8217626,16,b01-o01-spark-c16,8,False,18.935,llama3.2:1b,etri-ser0002-cgnmsb,ACTIVE,298.823,364dda6f-f63b-4984-9a6d-74954a1de430,Edge computing reduces latency by processing data closer,spark,1,18.0,ok,spark,1788523487.5015569,546.038,302.497,1
318.584,1,321.025,1788523487.8425345,16,b01-o01-spark-c16,8,False,20.362,llama3.2:1b,etri-ser0002-cgnmsb,ACTIVE,298.222,43edb91a-09f7-4b9a-b012-ae749215730e,Edge computing reduces latency by processing data closer,spark,1,18.0,ok,spark,1788523487.5215125,542.704,303.447,1
319.031,1,321.493,1788523487.8632216,16,b01-o01-spark-c16,8,False,20.765,llama3.2:1b,etri-ser0002-cgnmsb,ACTIVE,298.266,ea0f3414-ee66-468e-8851-14d36a525c0c,Edge computing reduces latency by processing data closer,spark,1,18.0,ok,spark,1788523487.5417314,496.524,302.593,1
319.104,1,321.269,1788523487.8831165,16,b01-o01-spark-c16,8,False,19.867,llama3.2:1b,etri-ser0002-cgnmsb,ACTIVE,299.237,30bc83bd-7630-4be3-a3ff-f20c5ba162f3,Edge computing reduces latency by processing data closer,spark,1,18.0,ok,spark,1788523487.5618489,537.924,304.04,1
317.011,1,319.717,1788523487.9015996,16,b01-o01-spark-c16,8,False,18.468,llama3.2:1b,etri-ser0002-cgnmsb,ACTIVE,298.543,e6f844c5-4dee-4622-9485-9405cf96ff16,Edge computing reduces latency by processing data closer,spark,1,18.0,ok,spark,1788523487.5818837,544.736,302.108,1
316.457,1,318.214,1788523487.9210448,16,b01-o01-spark-c16,8,False,19.483,llama3.2:1b,etri-ser0002-cgnmsb,ACTIVE,296.974,00637fc4-6e8a-4280-9bf4-f94a020411ab,Edge computing reduces latency by processing data closer,spark,1,18.0,ok,spark,1788523487.602831,541.235,300.688,1
316.236,1,318.162,1788523487.9406652,16,b01-o01-spark-c16,8,False,19.55,llama3.2:1b,etri-ser0002-cgnmsb,ACTIVE,296.686,10d81e33-76fa-4183-9816-cf2072d9fb14,Edge computing reduces latency by processing data closer,spark,1,18.0,ok,spark,1788523487.6225035,542.079,301.032,1
315.778,1,317.32,1788523487.959645,16,b01-o01-spark-c16,8,False,18.785,llama3.2:1b,etri-ser0002-cgnmsb,ACTIVE,296.993,5560a24c-f44b-4521-bce8-4f89e50445d9,Edge computing reduces latency by processing data closer,spark,1,18.0,ok,spark,1788523487.6423259,545.108,300.666,1
314.853,1,317.142,1788523487.9792495,16,b01-o01-spark-c16,8,False,19.212,llama3.2:1b,etri-ser0002-cgnmsb,ACTIVE,295.641,dd944381-0c6f-4775-9722-ed916ffc1a2a,Edge computing reduces latency by processing data closer,spark,1,18.0,ok,spark,1788523487.6621096,545.219,299.824,1
314.679,1,317.551,1788523487.9989896,16,b01-o01-spark-c16,8,False,19.514,llama3.2:1b,etri-ser0002-cgnmsb,ACTIVE,295.165,bdc4dc8e-9498-4634-a609-4c5fb95179df,Edge computing reduces latency by processing data closer,spark,1,18.0,ok,spark,1788523487.6814423,546.822,299.319,1
313.567,1,316.281,1788523488.0198681,16,b01-o01-spark-c16,8,False,20.602,llama3.2:1b,etri-ser0002-cgnmsb,ACTIVE,292.965,77e09553-f856-4f40-89d4-ab078c114c98,Edge computing reduces latency by processing data closer,spark,1,18.0,ok,spark,1788523487.7035904,545.703,297.688,1
315.957,1,318.091,1788523488.0417583,16,b01-o01-spark-c16,8,False,21.563,llama3.2:1b,etri-ser0002-cgnmsb,ACTIVE,294.394,68a30a8b-ab14-4e73-bd22-f106f3fab5cb,Edge computing reduces latency by processing data closer,spark,1,18.0,ok,spark,1788523487.7236679,542.888,299.986,1
317.536,1,320.108,1788523488.0635924,16,b01-o01-spark-c16,8,False,21.409,llama3.2:1b,etri-ser0002-cgnmsb,ACTIVE,296.127,5f097508-edfa-45e8-b094-c62e3f1e7118,Edge computing reduces latency by processing data closer,spark,1,18.0,ok,spark,1788523487.743485,544.218,301.597,1
321.336,1,323.167,1788523488.0868099,16,b01-o01-spark-c16,8,False,23.437,llama3.2:1b,etri-ser0002-cgnmsb,ACTIVE,297.899,e551742f-b518-498f-9c2f-a978a87372f7,Edge computing reduces latency by processing data closer,spark,1,18.0,ok,spark,1788523487.763646,541.602,306.13,1
321.775,1,323.663,1788523488.1066964,16,b01-o01-spark-c16,8,False,19.704,llama3.2:1b,etri-ser0002-cgnmsb,ACTIVE,302.071,c2d975ac-dae2-453c-b095-1e005ccfdff9,Edge computing reduces latency by processing data closer,spark,1,18.0,ok,spark,1788523487.783037,541.382,306.022,1
321.116,1,324.048,1788523488.1271594,16,b01-o01-spark-c16,8,False,19.907,llama3.2:1b,etri-ser0002-cgnmsb,ACTIVE,301.209,9987135d-3bde-4f9b-93e4-50cf865facf0,Edge computing reduces latency by processing data closer,spark,1,18.0,ok,spark,1788523487.8031142,539.411,305.759,1
323.559,1,325.923,1788523488.1477625,16,b01-o01-spark-c16,8,False,20.833,llama3.2:1b,etri-ser0002-cgnmsb,ACTIVE,302.726,34a55701-e800-48f4-9677-9d7931a4966d,Edge computing reduces latency by processing data closer,spark,1,18.0,ok,spark,1788523487.8218424,541.345,307.681,1
321.485,1,324.411,1788523488.1670291,16,b01-o01-spark-c16,8,False,19.296,llama3.2:1b,etri-ser0002-cgnmsb,ACTIVE,302.189,deb2bbaf-58fd-418e-a667-80112ac6a60a,Edge computing reduces latency by processing data closer,spark,1,18.0,ok,spark,1788523487.842621,545.219,306.617,1
321.4,1,323.306,1788523488.1865861,16,b01-o01-spark-c16,8,False,19.321,llama3.2:1b,etri-ser0002-cgnmsb,ACTIVE,302.08,8424182c-45bc-4edd-b87f-86cda10bad6c,Edge computing reduces latency by processing data closer,spark,1,18.0,ok,spark,1788523487.8632858,540.833,306.293,1
321.987,1,323.69,1788523488.2068567,16,b01-o01-spark-c16,8,False,20.185,llama3.2:1b,etri-ser0002-cgnmsb,ACTIVE,301.801,8808f71d-2af4-43ec-8b0b-a906b6e2ac4d,Edge computing reduces latency by processing data closer,spark,1,18.0,ok,spark,1788523487.88317,544.07,306.654,1
322.664,1,324.781,1788523488.2263997,16,b01-o01-spark-c16,8,False,19.559,llama3.2:1b,etri-ser0002-cgnmsb,ACTIVE,303.105,918251cc-109f-43da-b1c8-872954d28848,Edge computing reduces latency by processing data closer,spark,1,18.0,ok,spark,1788523487.901622,539.665,307.402,1
322.661,1,324.366,1788523488.245423,16,b01-o01-spark-c16,8,False,18.794,llama3.2:1b,etri-ser0002-cgnmsb,ACTIVE,303.867,e4b0a53d-b6d7-4465-a329-bf3de91c1f6f,Edge computing reduces latency by processing data closer,spark,1,18.0,ok,spark,1788523487.921061,540.979,307.504,1
321.189,1,323.337,1788523488.2640133,16,b01-o01-spark-c16,8,False,18.575,llama3.2:1b,etri-ser0002-cgnmsb,ACTIVE,302.614,8d0c46e1-f779-403c-861d-4b687067c7b8,Edge computing reduces latency by processing data closer,spark,1,18.0,ok,spark,1788523487.9406788,541.382,306.116,1
322.004,1,323.685,1788523488.2833505,16,b01-o01-spark-c16,8,False,19.268,llama3.2:1b,etri-ser0002-cgnmsb,ACTIVE,302.736,4fca8db2-d264-4421-a676-00eebbc78d7f,Edge computing reduces latency by processing data closer,spark,1,18.0,ok,spark,1788523487.959668,530.188,306.232,1
321.972,1,324.297,1788523488.3036108,16,b01-o01-spark-c16,8,False,19.991,llama3.2:1b,etri-ser0002-cgnmsb,ACTIVE,301.98,c4988e8e-70be-484d-b9d1-4d1b600ca946,Edge computing reduces latency by processing data closer,spark,1,18.0,ok,spark,1788523487.9793162,544.848,306.821,1
320.78,1,323.028,1788523488.3221037,16,b01-o01-spark-c16,8,False,18.531,llama3.2:1b,etri-ser0002-cgnmsb,ACTIVE,302.25,753fecf3-93b3-4e8d-9323-3c0fbcbb97f3,Edge computing reduces latency by processing data closer,spark,1,18.0,ok,spark,1788523487.9990788,541.712,305.851,1
316.773,1,321.422,1788523488.3413956,16,b01-o01-spark-c16,8,False,19.177,llama3.2:1b,etri-ser0002-cgnmsb,ACTIVE,297.596,1bba6efa-3f23-466e-974d-de6a879110ac,Edge computing reduces latency by processing data closer,spark,1,18.0,ok,spark,1788523488.0199761,544.885,301.712,1
315.942,1,318.789,1788523488.3605797,16,b01-o01-spark-c16,8,False,18.969,llama3.2:1b,etri-ser0002-cgnmsb,ACTIVE,296.973,c9f012d8-15a4-4f6e-aa40-04f28c80260d,Edge computing reduces latency by processing data closer,spark,1,18.0,ok,spark,1788523488.0417943,546.187,301.019,1
311.916,1,315.701,1788523488.3793151,16,b01-o01-spark-c16,8,False,19.127,llama3.2:1b,etri-ser0002-cgnmsb,ACTIVE,292.789,bbf5b4c7-0df7-4e6e-9bc7-f27bc6e4add9,Edge computing reduces latency by processing data closer,spark,1,18.0,ok,spark,1788523488.0636165,545.442,296.975,1
311.237,1,313.168,1788523488.4000354,16,b01-o01-spark-c16,8,False,20.39,llama3.2:1b,etri-ser0002-cgnmsb,ACTIVE,290.847,adcf1a47-0a53-471a-bff4-e77db43dd81d,Edge computing reduces latency by processing data closer,spark,1,18.0,ok,spark,1788523488.0868704,539.447,295.747,1
309.273,1,312.194,1788523488.4189677,16,b01-o01-spark-c16,8,False,18.873,llama3.2:1b,etri-ser0002-cgnmsb,ACTIVE,290.401,bbaafeaf-6660-4e77-8e15-90f5e1647768,Edge computing reduces latency by processing data closer,spark,1,18.0,ok,spark,1788523488.1067767,542.263,294.304,1
308.891,1,311.386,1788523488.4386508,16,b01-o01-spark-c16,8,False,19.625,llama3.2:1b,etri-ser0002-cgnmsb,ACTIVE,289.267,f8f3ad39-e7c9-4cdc-8901-56aed1374ec3,Edge computing reduces latency by processing data closer,spark,1,18.0,ok,spark,1788523488.1272674,545.554,293.849,1
308.454,1,310.709,1788523488.4585464,16,b01-o01-spark-c16,8,False,19.734,llama3.2:1b,etri-ser0002-cgnmsb,ACTIVE,288.72,5b2349f2-d11e-4c80-97ea-59ccfa1273f8,Edge computing reduces latency by processing data closer,spark,1,18.0,ok,spark,1788523488.14784,540.833,292.849,1
309.631,1,311.726,1788523488.4788322,16,b01-o01-spark-c16,8,False,20.476,llama3.2:1b,etri-ser0002-cgnmsb,ACTIVE,289.155,f47e921b-543c-458a-aa47-982d9c04ae86,Edge computing reduces latency by processing data closer,spark,1,18.0,ok,spark,1788523488.1671076,540.321,293.943,1
310.085,1,312.772,1788523488.4994547,16,b01-o01-spark-c16,8,False,20.336,llama3.2:1b,etri-ser0002-cgnmsb,ACTIVE,289.749,5f00c761-0d5f-4636-86dc-a34f463b0a5d,Edge computing reduces latency by processing data closer,spark,1,18.0,ok,spark,1788523488.1866858,543.331,294.836,1
309.684,1,311.885,1788523488.5188324,16,b01-o01-spark-c16,8,False,19.328,llama3.2:1b,etri-ser0002-cgnmsb,ACTIVE,290.356,24dbc135-1cfe-4bc1-8bbb-c104c87a5546,Edge computing reduces latency by processing data closer,spark,1,18.0,ok,spark,1788523488.2069502,544.033,293.838,1
308.829,1,311.291,1788523488.5377612,16,b01-o01-spark-c16,8,False,18.863,llama3.2:1b,etri-ser0002-cgnmsb,ACTIVE,289.966,4ec8de39-4006-44ee-843e-6f95d7121a10,Edge computing reduces latency by processing data closer,spark,1,18.0,ok,spark,1788523488.2264738,544.885,293.858,1
311.504,1,313.612,1788523488.5591116,16,b01-o01-spark-c16,8,False,21.187,llama3.2:1b,etri-ser0002-cgnmsb,ACTIVE,290.317,30ec182b-78bf-4d12-a369-f3afac9a61b0,Edge computing reduces latency by processing data closer,spark,1,18.0,ok,spark,1788523488.245503,540.431,295.903,1
312.969,1,314.673,1788523488.5787528,16,b01-o01-spark-c16,8,False,19.705,llama3.2:1b,etri-ser0002-cgnmsb,ACTIVE,293.264,d42dc24a-0be1-4f22-b22f-27d68fc3e3e5,Edge computing reduces latency by processing data closer,spark,1,18.0,ok,spark,1788523488.2640824,540.943,297.885,1
312.857,1,314.765,1788523488.5981815,16,b01-o01-spark-c16,8,False,19.247,llama3.2:1b,etri-ser0002-cgnmsb,ACTIVE,293.61,19e5cf93-5423-4deb-83cd-07b7681c0d56,Edge computing reduces latency by processing data closer,spark,1,18.0,ok,spark,1788523488.283419,542.116,297.907,1
311.593,1,313.481,1788523488.6171658,16,b01-o01-spark-c16,8,False,18.832,llama3.2:1b,etri-ser0002-cgnmsb,ACTIVE,292.761,ce748139-8991-4069-937f-88694a9383b4,Edge computing reduces latency by processing data closer,spark,1,18.0,ok,spark,1788523488.3036873,547.009,296.735,1
311.226,1,314.368,1788523488.6365464,16,b01-o01-spark-c16,8,False,19.271,llama3.2:1b,etri-ser0002-cgnmsb,ACTIVE,291.955,70deccf9-497d-4cf3-bb33-7add60b6c8c8,Edge computing reduces latency by processing data closer,spark,1,18.0,ok,spark,1788523488.3221805,542.263,296.393,1
313.486,1,315.411,1788523488.6568809,16,b01-o01-spark-c16,8,False,20.142,llama3.2:1b,etri-ser0002-cgnmsb,ACTIVE,293.345,267e6d5f-5679-4f71-a858-a4c91e94c641,Edge computing reduces latency by processing data closer,spark,1,18.0,ok,spark,1788523488.3414738,545.219,298.315,1
314.291,1,316.58,1788523488.6772585,16,b01-o01-spark-c16,8,False,20.297,llama3.2:1b,etri-ser0002-cgnmsb,ACTIVE,293.994,178fd345-a91d-4f5b-92fb-284b6beb05af,Edge computing reduces latency by processing data closer,spark,1,18.0,ok,spark,1788523488.3606815,544.181,299.522,1
315.885,1,317.96,1788523488.69731,16,b01-o01-spark-c16,8,False,20.099,llama3.2:1b,etri-ser0002-cgnmsb,ACTIVE,295.786,8b48c495-1085-4675-a185-a2bb60f1968e,Edge computing reduces latency by processing data closer,spark,1,18.0,ok,spark,1788523488.379353,540.285,300.389,1
314.755,1,316.675,1788523488.7167776,16,b01-o01-spark-c16,8,False,19.493,llama3.2:1b,etri-ser0002-cgnmsb,ACTIVE,295.262,7ced8fcf-77ab-4d3d-b1ed-80d1fcf705d3,Edge computing reduces latency by processing data closer,spark,1,18.0,ok,spark,1788523488.4001055,545.145,299.337,1
316.914,1,318.767,1788523488.737808,16,b01-o01-spark-c16,8,False,20.981,llama3.2:1b,etri-ser0002-cgnmsb,ACTIVE,295.933,25bc834c-fb5a-489c-bde9-d7b5622975df,Edge computing reduces latency by processing data closer,spark,1,18.0,ok,spark,1788523488.4190433,490.918,300.147,1
317.919,1,319.865,1788523488.758579,16,b01-o01-spark-c16,8,False,20.595,llama3.2:1b,etri-ser0002-cgnmsb,ACTIVE,297.324,73cf0cd2-254a-4452-a9d0-e1dd9b540178,Edge computing reduces latency by processing data closer,spark,1,18.0,ok,spark,1788523488.438717,493.218,301.332,1
318.235,1,320.66,1788523488.7792814,16,b01-o01-spark-c16,8,False,20.518,llama3.2:1b,etri-ser0002-cgnmsb,ACTIVE,297.717,f99fb8ec-223c-4185-ba22-636c2383e0f2,Edge computing reduces latency by processing data closer,spark,1,18.0,ok,spark,1788523488.4586253,512.066,302.448,1
319.059,1,321.368,1788523488.800245,16,b01-o01-spark-c16,8,False,20.848,llama3.2:1b,etri-ser0002-cgnmsb,ACTIVE,298.211,6395a99a-cda9-462d-9131-973b09202f78,Edge computing reduces latency by processing data closer,spark,1,18.0,ok,spark,1788523488.4788804,515.132,302.754,1
319.145,1,321.079,1788523488.8206081,16,b01-o01-spark-c16,8,False,20.356,llama3.2:1b,etri-ser0002-cgnmsb,ACTIVE,298.788,94234650-dc6b-449e-8740-770201460bb7,Edge computing reduces latency by processing data closer,spark,1,18.0,ok,spark,1788523488.4995317,497.327,302.892,1
321.115,1,323.23,1788523488.842127,16,b01-o01-spark-c16,8,False,21.257,llama3.2:1b,etri-ser0002-cgnmsb,ACTIVE,299.858,3dc6764a-513c-4375-9e51-9815d13e2320,Edge computing reduces latency by processing data closer,spark,1,18.0,ok,spark,1788523488.518902,497.481,304.838,1
322.562,1,325.058,1788523488.862894,16,b01-o01-spark-c16,8,False,20.755,llama3.2:1b,etri-ser0002-cgnmsb,ACTIVE,301.807,f1996b56-7c25-4147-bb25-1bf780e352d9,Edge computing reduces latency by processing data closer,spark,1,18.0,ok,spark,1788523488.5378397,506.778,306.494,1
322.729,1,324.996,1788523488.8842022,16,b01-o01-spark-c16,8,False,21.104,llama3.2:1b,etri-ser0002-cgnmsb,ACTIVE,301.625,f25b2fde-60fa-4461-998b-44cfedbeea74,Edge computing reduces latency by processing data closer,spark,1,18.0,ok,spark,1788523488.5592086,491.28,305.993,1
324.133,1,326.229,1788523488.90505,16,b01-o01-spark-c16,8,False,20.736,llama3.2:1b,etri-ser0002-cgnmsb,ACTIVE,303.396,f2d89397-8d61-460b-8f7a-7c51b2248765,Edge computing reduces latency by processing data closer,spark,1,18.0,ok,spark,1788523488.5788245,497.481,307.862,1
326.371,1,328.253,1788523488.926501,16,b01-o01-spark-c16,8,False,21.473,llama3.2:1b,etri-ser0002-cgnmsb,ACTIVE,304.898,599cad09-e8be-4c0a-b81e-f86f91857cca,Edge computing reduces latency by processing data closer,spark,1,18.0,ok,spark,1788523488.5982504,485.437,309.464,1
327.708,1,330.004,1788523488.947242,16,b01-o01-spark-c16,8,False,20.582,llama3.2:1b,etri-ser0002-cgnmsb,ACTIVE,307.126,5a49cb5f-e730-4d2c-b0db-dcaa1a1b7458,Edge computing reduces latency by processing data closer,spark,1,18.0,ok,spark,1788523488.6172416,498.94,311.447,1
329.129,1,331.493,1788523488.9681132,16,b01-o01-spark-c16,8,False,20.761,llama3.2:1b,etri-ser0002-cgnmsb,ACTIVE,308.368,a5f63812-3c2e-42f3-a528-85d20913a674,Edge computing reduces latency by processing data closer,spark,1,18.0,ok,spark,1788523488.6366227,514.106,313.149,1
329.904,1,331.793,1788523488.9887793,16,b01-o01-spark-c16,8,False,20.938,llama3.2:1b,etri-ser0002-cgnmsb,ACTIVE,308.966,51ea9c72-a66d-473f-8a43-80ec723c2263,Edge computing reduces latency by processing data closer,spark,1,18.0,ok,spark,1788523488.6569867,491.491,313.026,1
329.484,1,332.369,1788523489.009753,16,b01-o01-spark-c16,8,False,20.63,llama3.2:1b,etri-ser0002-cgnmsb,ACTIVE,308.853,d20e0bdb-788d-499b-af2d-813a5d657643,Edge computing reduces latency by processing data closer,spark,1,18.0,ok,spark,1788523488.6773872,502.323,313.083,1
332.015,1,334.021,1788523489.0314004,16,b01-o01-spark-c16,8,False,21.534,llama3.2:1b,etri-ser0002-cgnmsb,ACTIVE,310.481,56863899-dbb4-483e-ad2e-cfeca452e855,Edge computing reduces latency by processing data closer,spark,1,18.0,ok,spark,1788523488.6973827,497.853,315.362,1
333.919,1,335.766,1788523489.0526109,16,b01-o01-spark-c16,8,False,21.303,llama3.2:1b,etri-ser0002-cgnmsb,ACTIVE,312.616,1dc3484b-3d5c-4fad-8b8f-a63d3f5d3317,Edge computing reduces latency by processing data closer,spark,1,18.0,ok,spark,1788523488.716847,488.251,317.067,1
333.057,1,334.608,1788523489.0724862,16,b01-o01-spark-c16,8,False,19.956,llama3.2:1b,etri-ser0002-cgnmsb,ACTIVE,313.101,0acdb610-a062-4c6b-bda6-a32cef48253d,Edge computing reduces latency by processing data closer,spark,1,18.0,ok,spark,1788523488.7378783,512.033,317.016,1
332.999,1,335.466,1788523489.0941327,16,b01-o01-spark-c16,8,False,21.355,llama3.2:1b,etri-ser0002-cgnmsb,ACTIVE,311.643,7adbda80-9522-48d1-8e2c-4807379687df,Edge computing reduces latency by processing data closer,spark,1,18.0,ok,spark,1788523488.7586677,489.746,315.803,1
334.771,1,337.591,1788523489.1169205,16,b01-o01-spark-c16,8,False,22.257,llama3.2:1b,etri-ser0002-cgnmsb,ACTIVE,312.514,c5615362-6a76-4226-84fc-e416d43b3b7e,Edge computing reduces latency by processing data closer,spark,1,18.0,ok,spark,1788523488.7793686,491.975,317.478,1
336.158,1,338.14,1788523489.138463,16,b01-o01-spark-c16,8,False,21.514,llama3.2:1b,etri-ser0002-cgnmsb,ACTIVE,314.645,99048f65-ab5b-4f5b-beee-d1c2797b00c7,Edge computing reduces latency by processing data closer,spark,1,18.0,ok,spark,1788523488.8003268,486.322,319.074,1
335.893,1,337.891,1788523489.158568,16,b01-o01-spark-c16,8,False,19.95,llama3.2:1b,etri-ser0002-cgnmsb,ACTIVE,315.943,5e29139f-172a-4517-9aae-a4511f2ea6c9,Edge computing reduces latency by processing data closer,spark,1,18.0,ok,spark,1788523488.8206794,520.19,320.101,1
333.354,1,335.776,1788523489.1780012,16,b01-o01-spark-c16,8,False,19.347,llama3.2:1b,etri-ser0002-cgnmsb,ACTIVE,314.006,d4eb9947-907c-43e3-8fa4-6e1ab53c0635,Edge computing reduces latency by processing data closer,spark,1,18.0,ok,spark,1788523488.8422282,538.539,318.051,1
333.172,1,335.259,1788523489.1982613,16,b01-o01-spark-c16,8,False,20.278,llama3.2:1b,etri-ser0002-cgnmsb,ACTIVE,312.894,417be033-cf27-47a5-ae1e-888d34446f59,Edge computing reduces latency by processing data closer,spark,1,18.0,ok,spark,1788523488.8630052,544.625,317.566,1
331.131,1,333.418,1788523489.2176948,16,b01-o01-spark-c16,8,False,19.36,llama3.2:1b,etri-ser0002-cgnmsb,ACTIVE,311.772,55a6e5f5-c350-40e2-8dba-ee68f36773f9,Edge computing reduces latency by processing data closer,spark,1,18.0,ok,spark,1788523488.8842793,540.176,315.831,1
330.156,1,332.272,1788523489.237416,16,b01-o01-spark-c16,8,False,19.514,llama3.2:1b,etri-ser0002-cgnmsb,ACTIVE,310.642,a728dfa6-dd18-42c9-9528-863afc212f74,Edge computing reduces latency by processing data closer,spark,1,18.0,ok,spark,1788523488.9051456,542.483,315.263,1
328.08,1,330.259,1788523489.256827,16,b01-o01-spark-c16,8,False,19.283,llama3.2:1b,etri-ser0002-cgnmsb,ACTIVE,308.797,d27a534e-24f7-4e1a-a54a-12229fb54288,Edge computing reduces latency by processing data closer,spark,1,18.0,ok,spark,1788523488.9265714,540.541,312.845,1
327.541,1,329.753,1788523489.2770839,16,b01-o01-spark-c16,8,False,20.279,llama3.2:1b,etri-ser0002-cgnmsb,ACTIVE,307.262,9348f3df-8a7c-4e8b-a8f8-61ec10856074,Edge computing reduces latency by processing data closer,spark,1,18.0,ok,spark,1788523488.947333,545.219,312.178,1
326.761,1,328.633,1788523489.2968202,16,b01-o01-spark-c16,8,False,19.5,llama3.2:1b,etri-ser0002-cgnmsb,ACTIVE,307.262,502f212d-aa4d-4410-bd79-948c62413e1c,Edge computing reduces latency by processing data closer,spark,1,18.0,ok,spark,1788523488.9681897,545.926,311.707,1
325.887,1,327.793,1788523489.31661,16,b01-o01-spark-c16,8,False,19.61,llama3.2:1b,etri-ser0002-cgnmsb,ACTIVE,306.276,5f719ce1-70f0-4304-bfca-e2c7de24a81e,Edge computing reduces latency by processing data closer,spark,1,18.0,ok,spark,1788523488.98882,545.889,311.053,1
326.188,1,328.053,1788523489.337877,16,b01-o01-spark-c16,8,False,21.011,llama3.2:1b,etri-ser0002-cgnmsb,ACTIVE,305.178,d6b7f99d-a192-42d4-9a9e-d9124de8b319,Edge computing reduces latency by processing data closer,spark,1,18.0,ok,spark,1788523489.009826,514.436,310.268,1
325.195,1,327.093,1788523489.3585684,16,b01-o01-spark-c16,8,False,20.799,llama3.2:1b,etri-ser0002-cgnmsb,ACTIVE,304.396,77a78509-6758-4b44-af74-e66a216b5634,Edge computing reduces latency by processing data closer,spark,1,18.0,ok,spark,1788523489.0314786,504.223,309.173,1
325.898,1,327.829,1788523489.3804972,16,b01-o01-spark-c16,8,False,21.783,llama3.2:1b,etri-ser0002-cgnmsb,ACTIVE,304.115,c3e3a1b0-b531-4904-bd26-768678999646,Edge computing reduces latency by processing data closer,spark,1,18.0,ok,spark,1788523489.0526707,503.05,309.31,1
329.294,1,331.266,1788523489.4037719,16,b01-o01-spark-c16,8,False,22.843,llama3.2:1b,etri-ser0002-cgnmsb,ACTIVE,306.452,e72b18c0-a901-45bb-ba12-d38114fe5b0a,Edge computing reduces latency by processing data closer,spark,1,18.0,ok,spark,1788523489.0725095,504.636,312.381,1
328.653,1,330.614,1788523489.4247801,16,b01-o01-spark-c16,8,False,20.506,llama3.2:1b,etri-ser0002-cgnmsb,ACTIVE,308.147,1ca7c32c-1129-4072-b9ed-a4addd2ec62a,Edge computing reduces latency by processing data closer,spark,1,18.0,ok,spark,1788523489.094169,520.258,313.06,1
325.833,1,328.587,1788523489.4456263,16,b01-o01-spark-c16,8,False,20.72,llama3.2:1b,etri-ser0002-cgnmsb,ACTIVE,305.113,b7a37bae-b070-4e27-b79c-20e26a269682,Edge computing reduces latency by processing data closer,spark,1,18.0,ok,spark,1788523489.117042,513.776,309.542,1
327.156,1,329.358,1788523489.4678986,16,b01-o01-spark-c16,8,False,22.172,llama3.2:1b,etri-ser0002-cgnmsb,ACTIVE,304.985,f59edada-4c88-4a23-a878-8800a15cbfdd,Edge computing reduces latency by processing data closer,spark,1,18.0,ok,spark,1788523489.1385431,490.978,310.445,1
328.37,1,330.557,1788523489.4891944,16,b01-o01-spark-c16,8,False,21.358,llama3.2:1b,etri-ser0002-cgnmsb,ACTIVE,307.012,d4c8f4c2-6665-4375-9039-e5b71de57d00,Edge computing reduces latency by processing data closer,spark,1,18.0,ok,spark,1788523489.15864,501.096,311.921,1
330.185,1,332.009,1788523489.5100918,16,b01-o01-spark-c16,8,False,21.091,llama3.2:1b,etri-ser0002-cgnmsb,ACTIVE,309.094,8df1554c-4b14-4a27-97c0-6b039fe1053c,Edge computing reduces latency by processing data closer,spark,1,18.0,ok,spark,1788523489.1780832,507.937,314.123,1
331.437,1,333.471,1788523489.5318103,16,b01-o01-spark-c16,8,False,21.504,llama3.2:1b,etri-ser0002-cgnmsb,ACTIVE,309.933,ae20017e-ff99-4d5f-95a2-cc13513c5cc7,Edge computing reduces latency by processing data closer,spark,1,18.0,ok,spark,1788523489.1983411,504.668,314.776,1
334.073,1,336.714,1788523489.55448,16,b01-o01-spark-c16,8,False,21.84,llama3.2:1b,etri-ser0002-cgnmsb,ACTIVE,312.233,50dc5ddd-8be9-46a9-9482-0a35e1124d87,Edge computing reduces latency by processing data closer,spark,1,18.0,ok,spark,1788523489.21777,501.19,317.639,1
336.174,1,338.407,1788523489.5758843,16,b01-o01-spark-c16,8,False,21.624,llama3.2:1b,etri-ser0002-cgnmsb,ACTIVE,314.55,721545bb-bc39-443c-aad0-ba172d4666e0,Edge computing reduces latency by processing data closer,spark,1,18.0,ok,spark,1788523489.23748,498.536,319.652,1
337.14,1,339.448,1788523489.5963404,16,b01-o01-spark-c16,8,False,20.373,llama3.2:1b,etri-ser0002-cgnmsb,ACTIVE,316.767,7e8e8f5d-5c33-4a28-af8b-8b43b36f34b9,Edge computing reduces latency by processing data closer,spark,1,18.0,ok,spark,1788523489.256895,524.556,321.594,1
338.151,1,340.411,1788523489.6175678,16,b01-o01-spark-c16,8,False,20.822,llama3.2:1b,etri-ser0002-cgnmsb,ACTIVE,317.329,7fa4e5f4-7cfc-4b1c-ace6-ba1ba5b0e73c,Edge computing reduces latency by processing data closer,spark,1,18.0,ok,spark,1788523489.27716,515.033,322.456,1
339.434,1,341.78,1788523489.6386783,16,b01-o01-spark-c16,8,False,21.131,llama3.2:1b,etri-ser0002-cgnmsb,ACTIVE,318.303,2d56ee7f-5014-48b6-b972-22a4d585224e,Edge computing reduces latency by processing data closer,spark,1,18.0,ok,spark,1788523489.2969007,506.105,323.228,1
341.368,1,343.616,1788523489.660295,16,b01-o01-spark-c16,8,False,21.528,llama3.2:1b,etri-ser0002-cgnmsb,ACTIVE,319.841,63609d50-1032-4ff5-8afd-1f30b11b419e,Edge computing reduces latency by processing data closer,spark,1,18.0,ok,spark,1788523489.316682,503.493,324.629,1
341.519,1,344.158,1788523489.6821268,16,b01-o01-spark-c16,8,False,21.768,llama3.2:1b,etri-ser0002-cgnmsb,ACTIVE,319.75,cb542b28-9960-41ec-9e7e-86b3891511cf,Edge computing reduces latency by processing data closer,spark,1,18.0,ok,spark,1788523489.3379717,498.878,324.739,1
343.39,1,345.195,1788523489.7038336,16,b01-o01-spark-c16,8,False,21.635,llama3.2:1b,etri-ser0002-cgnmsb,ACTIVE,321.755,f4e52f76-e215-4d48-a3cd-d5c1ca55e15d,Edge computing reduces latency by processing data closer,spark,1,18.0,ok,spark,1788523489.3586414,511.607,327.25,1
341.403,1,344.252,1788523489.7248406,16,b01-o01-spark-c16,8,False,20.797,llama3.2:1b,etri-ser0002-cgnmsb,ACTIVE,320.607,c5ce3855-8f4f-4d24-8425-0bd7e3be9641,Edge computing reduces latency by processing data closer,spark,1,18.0,ok,spark,1788523489.380591,509.1,325.507,1
338.591,1,341.259,1788523489.7451034,16,b01-o01-spark-c16,8,False,19.958,llama3.2:1b,etri-ser0002-cgnmsb,ACTIVE,318.633,2d340f69-679b-467b-bce1-f78cbb7e25ca,Edge computing reduces latency by processing data closer,spark,1,18.0,ok,spark,1788523489.403847,522.568,322.915,1
340.258,1,342.105,1788523489.7669477,16,b01-o01-spark-c16,8,False,21.871,llama3.2:1b,etri-ser0002-cgnmsb,ACTIVE,318.387,556e50f7-4563-4a9b-a3c5-0e427ef53bc3,Edge computing reduces latency by processing data closer,spark,1,18.0,ok,spark,1788523489.4248455,504.001,323.941,1
339.751,1,342.28,1788523489.7879777,16,b01-o01-spark-c16,8,False,20.843,llama3.2:1b,etri-ser0002-cgnmsb,ACTIVE,318.907,f64d060a-e77f-4908-a37c-8bd951c64472,Edge computing reduces latency by processing data closer,spark,1,18.0,ok,spark,1788523489.4457004,512.033,323.935,1
338.424,1,340.715,1788523489.8087056,16,b01-o01-spark-c16,8,False,20.556,llama3.2:1b,etri-ser0002-cgnmsb,ACTIVE,317.868,24a6325c-5df2-418e-8664-73a83a80caa3,Edge computing reduces latency by processing data closer,spark,1,18.0,ok,spark,1788523489.4679933,512.394,321.753,1
336.678,1,338.997,1788523489.8282473,16,b01-o01-spark-c16,8,False,19.443,llama3.2:1b,etri-ser0002-cgnmsb,ACTIVE,317.235,295205d9-0a53-497d-8564-0b63c8a454bd,Edge computing reduces latency by processing data closer,spark,1,18.0,ok,spark,1788523489.489253,525.176,321.47,1
337.142,1,338.973,1788523489.849081,16,b01-o01-spark-c16,8,False,20.718,llama3.2:1b,etri-ser0002-cgnmsb,ACTIVE,316.424,054ce920-8387-40aa-80c7-e4ecdd7f3a2d,Edge computing reduces latency by processing data closer,spark,1,18.0,ok,spark,1788523489.510113,489.027,320.384,1
336.692,1,338.702,1788523489.8705704,16,b01-o01-spark-c16,8,False,21.438,llama3.2:1b,etri-ser0002-cgnmsb,ACTIVE,315.254,7ad9f36b-aed1-425d-8984-cd4d83759432,Edge computing reduces latency by processing data closer,spark,1,18.0,ok,spark,1788523489.531872,501.096,319.928,1
335.158,1,337.426,1788523489.8919988,16,b01-o01-spark-c16,8,False,21.456,llama3.2:1b,etri-ser0002-cgnmsb,ACTIVE,313.702,b10bc0ae-6e46-4bd4-9281-3bd624b45f1d,Edge computing reduces latency by processing data closer,spark,1,18.0,ok,spark,1788523489.5545757,498.07,318.73,1
333.771,1,335.79,1788523489.9117591,16,b01-o01-spark-c16,8,False,19.726,llama3.2:1b,etri-ser0002-cgnmsb,ACTIVE,314.045,b7807722-c933-4919-8f80-e4feb60c80b4,Edge computing reduces latency by processing data closer,spark,1,18.0,ok,spark,1788523489.5759697,528.018,318.448,1
333.711,1,335.649,1788523489.9320588,16,b01-o01-spark-c16,8,False,20.49,llama3.2:1b,etri-ser0002-cgnmsb,ACTIVE,313.221,6291d57b-2041-4856-9d27-749e89b4c373,Edge computing reduces latency by processing data closer,spark,1,18.0,ok,spark,1788523489.5964105,503.24,317.522,1
333.19,1,335.065,1788523489.9527094,16,b01-o01-spark-c16,8,False,20.547,llama3.2:1b,etri-ser0002-cgnmsb,ACTIVE,312.643,3d4470f0-94f6-4f9a-ba4c-6c01afba2b6d,Edge computing reduces latency by processing data closer,spark,1,18.0,ok,spark,1788523489.6176448,498.132,316.908,1
331.56,1,334.008,1788523489.9727612,16,b01-o01-spark-c16,8,False,19.929,llama3.2:1b,etri-ser0002-cgnmsb,ACTIVE,311.631,9a86ccf1-bdfe-48ad-b4ad-ad0ad1140427,Edge computing reduces latency by processing data closer,spark,1,18.0,ok,spark,1788523489.6387532,542.042,317.209,1
332.003,1,334.497,1788523489.994867,16,b01-o01-spark-c16,8,False,21.469,llama3.2:1b,etri-ser0002-cgnmsb,ACTIVE,310.534,b091117f-0071-4096-85d7-e8da5d1e49ea,Edge computing reduces latency by processing data closer,spark,1,18.0,ok,spark,1788523489.6603732,484.672,315.418,1
331.039,1,333.787,1788523490.0159214,16,b01-o01-spark-c16,8,False,20.974,llama3.2:1b,etri-ser0002-cgnmsb,ACTIVE,310.065,895874c9-ef97-4327-adc6-b97f4cb5455a,Edge computing reduces latency by processing data closer,spark,1,18.0,ok,spark,1788523489.682195,490.316,314.54,1
330.081,1,331.882,1788523490.0357826,16,b01-o01-spark-c16,8,False,20.155,llama3.2:1b,etri-ser0002-cgnmsb,ACTIVE,309.926,362a7a8f-4408-45a8-9f83-8f559e544c6c,Edge computing reduces latency by processing data closer,spark,1,18.0,ok,spark,1788523489.7039027,510.465,314.156,1
330.33,1,332.098,1788523490.0570042,16,b01-o01-spark-c16,8,False,21.125,llama3.2:1b,etri-ser0002-cgnmsb,ACTIVE,309.205,4f98fba1-2087-4a37-8ab4-b1c423740454,Edge computing reduces latency by processing data closer,spark,1,18.0,ok,spark,1788523489.7249079,516.629,314.139,1
330.507,1,332.027,1788523490.0772033,16,b01-o01-spark-c16,8,False,20.305,llama3.2:1b,etri-ser0002-cgnmsb,ACTIVE,310.202,05e64758-4bc0-4502-8344-b9dd761342fd,Edge computing reduces latency by processing data closer,spark,1,18.0,ok,spark,1788523489.745177,505.051,314.189,1
329.614,1,331.99,1788523490.0990036,16,b01-o01-spark-c16,8,False,21.255,llama3.2:1b,etri-ser0002-cgnmsb,ACTIVE,308.359,5f6d109c-2604-4794-b856-58c7866b8213,Edge computing reduces latency by processing data closer,spark,1,18.0,ok,spark,1788523489.767017,490.046,312.88,1
329.247,1,331.494,1788523490.1195462,16,b01-o01-spark-c16,8,False,20.393,llama3.2:1b,etri-ser0002-cgnmsb,ACTIVE,308.853,25ac8464-8101-4bbb-b7d4-9832baae065f,Edge computing reduces latency by processing data closer,spark,1,18.0,ok,spark,1788523489.788055,498.256,313.022,1
329.019,1,331.443,1788523490.1402202,16,b01-o01-spark-c16,8,False,20.33,llama3.2:1b,etri-ser0002-cgnmsb,ACTIVE,308.69,e7b3c07a-8ab6-4ec3-b055-a195e05293f8,Edge computing reduces latency by processing data closer,spark,1,18.0,ok,spark,1788523489.8087797,498.94,312.686,1
329.86,1,331.862,1788523490.1601815,16,b01-o01-spark-c16,8,False,20.235,llama3.2:1b,etri-ser0002-cgnmsb,ACTIVE,309.625,9433e533-46b6-4f1f-9956-e016c312b115,Edge computing reduces latency by processing data closer,spark,1,18.0,ok,spark,1788523489.828323,508.679,313.753,1
330.419,1,332.701,1788523490.18187,16,b01-o01-spark-c16,8,False,21.634,llama3.2:1b,etri-ser0002-cgnmsb,ACTIVE,308.785,706a90bf-fdc9-47b6-8cfd-5f1a31bf4aac,Edge computing reduces latency by processing data closer,spark,1,18.0,ok,spark,1788523489.8491716,491.914,313.501,1
329.98,1,332.171,1788523490.2028303,16,b01-o01-spark-c16,8,False,20.544,llama3.2:1b,etri-ser0002-cgnmsb,ACTIVE,309.437,3d020f52-180e-4611-b3e9-d37a064afe97,Edge computing reduces latency by processing data closer,spark,1,18.0,ok,spark,1788523489.8706625,493.736,313.476,1
328.655,1,331.365,1788523490.223424,16,b01-o01-spark-c16,8,False,20.201,llama3.2:1b,etri-ser0002-cgnmsb,ACTIVE,308.454,f8fbdf7b-3cc5-4bd3-a21d-62e84b79a47b,Edge computing reduces latency by processing data closer,spark,1,18.0,ok,spark,1788523489.892063,505.051,312.508,1
330.623,1,332.338,1788523490.2441244,16,b01-o01-spark-c16,8,False,20.89,llama3.2:1b,etri-ser0002-cgnmsb,ACTIVE,309.733,4ad90402-7aed-4377-ab30-3a0376098bbe,Edge computing reduces latency by processing data closer,spark,1,18.0,ok,spark,1788523489.9117894,495.295,314.202,1
330.563,1,332.402,1788523490.2644756,16,b01-o01-spark-c16,8,False,20.256,llama3.2:1b,etri-ser0002-cgnmsb,ACTIVE,310.307,2a749f4d-66f9-4948-aff5-b9d0fe9725a4,Edge computing reduces latency by processing data closer,spark,1,18.0,ok,spark,1788523489.9320772,510.302,314.494,1
330.365,1,332.562,1788523490.285284,16,b01-o01-spark-c16,8,False,20.652,llama3.2:1b,etri-ser0002-cgnmsb,ACTIVE,309.714,5d552c52-0a00-4618-b0da-279930b30518,Edge computing reduces latency by processing data closer,spark,1,18.0,ok,spark,1788523489.9527254,502.734,314.213,1
330.659,1,332.348,1788523490.3051262,16,b01-o01-spark-c16,8,False,19.745,llama3.2:1b,etri-ser0002-cgnmsb,ACTIVE,310.914,d7302d4d-573e-45c4-9598-a474c9d3a49d,Edge computing reduces latency by processing data closer,spark,1,18.0,ok,spark,1788523489.972782,514.238,314.766,1
328.068,1,330.254,1788523490.3252218,16,b01-o01-spark-c16,8,False,20.049,llama3.2:1b,etri-ser0002-cgnmsb,ACTIVE,308.019,fd72aefd-153f-4248-a3b5-8bd9db86e35f,Edge computing reduces latency by processing data closer,spark,1,18.0,ok,spark,1788523489.9949708,494.958,311.674,1
328.021,1,330.251,1788523490.346314,16,b01-o01-spark-c16,8,False,21.077,llama3.2:1b,etri-ser0002-cgnmsb,ACTIVE,306.944,d1a970b7-cdbe-41e8-9a59-bc92cd78d869,Edge computing reduces latency by processing data closer,spark,1,18.0,ok,spark,1788523490.0160656,485.673,311.261,1
327.972,1,330.871,1788523490.3667047,16,b01-o01-spark-c16,8,False,20.325,llama3.2:1b,etri-ser0002-cgnmsb,ACTIVE,307.647,b3b6d384-525f-4520-ab25-99f4cc895d02,Edge computing reduces latency by processing data closer,spark,1,18.0,ok,spark,1788523490.0358365,511.084,311.842,1
327.352,1,329.292,1788523490.3863254,16,b01-o01-spark-c16,8,False,19.762,llama3.2:1b,etri-ser0002-cgnmsb,ACTIVE,307.591,0fd84f9e-cead-4bd4-9103-d861d39be698,Edge computing reduces latency by processing data closer,spark,1,18.0,ok,spark,1788523490.0570366,521.342,311.718,1
327.947,1,329.419,1788523490.406648,16,b01-o01-spark-c16,8,False,20.209,llama3.2:1b,etri-ser0002-cgnmsb,ACTIVE,307.738,06809ae2-d542-473d-90ba-d726f9bf6029,Edge computing reduces latency by processing data closer,spark,1,18.0,ok,spark,1788523490.077232,496.063,311.643,1
325.878,1,328.345,1788523490.427421,16,b01-o01-spark-c16,8,False,20.598,llama3.2:1b,etri-ser0002-cgnmsb,ACTIVE,305.281,091637ff-d612-4230-9a03-f12a7dc4ab86,Edge computing reduces latency by processing data closer,spark,1,18.0,ok,spark,1788523490.0990782,496.032,309.367,1
328.025,1,329.959,1788523490.449581,16,b01-o01-spark-c16,8,False,22.066,llama3.2:1b,etri-ser0002-cgnmsb,ACTIVE,305.959,619c5ba2-3d0b-454f-9344-90e419cdfd5f,Edge computing reduces latency by processing data closer,spark,1,18.0,ok,spark,1788523490.1196249,484.966,311.158,1
328.403,1,330.275,1788523490.4705708,16,b01-o01-spark-c16,8,False,20.969,llama3.2:1b,etri-ser0002-cgnmsb,ACTIVE,307.434,bb52bb64-6c68-45e2-8133-99cfee6ff48e,Edge computing reduces latency by processing data closer,spark,1,18.0,ok,spark,1788523490.1402986,511.607,312.091,1
328.647,1,330.555,1788523490.4908118,16,b01-o01-spark-c16,8,False,20.112,llama3.2:1b,etri-ser0002-cgnmsb,ACTIVE,308.534,1f0c7b59-2a52-470e-839f-239d8d6b40e7,Edge computing reduces latency by processing data closer,spark,1,18.0,ok,spark,1788523490.1602592,493.98,312.262,1
328.197,1,330.331,1788523490.5122967,16,b01-o01-spark-c16,8,False,21.225,llama3.2:1b,etri-ser0002-cgnmsb,ACTIVE,306.972,a4138a73-9124-4da6-a664-ccad5f06da5e,Edge computing reduces latency by processing data closer,spark,1,18.0,ok,spark,1788523490.1819687,496.063,311.872,1
328.438,1,330.568,1788523490.533472,16,b01-o01-spark-c16,8,False,21.175,llama3.2:1b,etri-ser0002-cgnmsb,ACTIVE,307.263,a1331039-4f40-4891-ba10-d04cd5684bc9,Edge computing reduces latency by processing data closer,spark,1,18.0,ok,spark,1788523490.202907,487.894,311.648,1
328.933,1,331.546,1788523490.55506,16,b01-o01-spark-c16,8,False,21.43,llama3.2:1b,etri-ser0002-cgnmsb,ACTIVE,307.503,238ac29c-7949-41a0-b86d-0981caebfbca,Edge computing reduces latency by processing data closer,spark,1,18.0,ok,spark,1788523490.2235172,511.836,312.802,1
328.925,1,331.326,1788523490.575517,16,b01-o01-spark-c16,8,False,20.538,llama3.2:1b,etri-ser0002-cgnmsb,ACTIVE,308.387,c3b3ca0b-238d-4169-bdf1-eebad44c3ee4,Edge computing reduces latency by processing data closer,spark,1,18.0,ok,spark,1788523490.2441933,521.546,313.321,1
329.783,1,331.769,1788523490.5963163,16,b01-o01-spark-c16,8,False,20.779,llama3.2:1b,etri-ser0002-cgnmsb,ACTIVE,309.004,a6778da2-6e93-47b7-90a1-0046c087e423,Edge computing reduces latency by processing data closer,spark,1,18.0,ok,spark,1788523490.2645502,507.099,314.038,1
330.21,1,331.939,1788523490.6173034,16,b01-o01-spark-c16,8,False,21.119,llama3.2:1b,etri-ser0002-cgnmsb,ACTIVE,309.092,eb07b172-362d-4a16-812c-e53eff711def,Edge computing reduces latency by processing data closer,spark,1,18.0,ok,spark,1788523490.2853656,499.781,313.383,1
331.232,1,333.134,1788523490.6383348,16,b01-o01-spark-c16,8,False,20.789,llama3.2:1b,etri-ser0002-cgnmsb,ACTIVE,310.443,a10b8b1b-75a5-4faf-acbb-31656e6274fc,Edge computing reduces latency by processing data closer,spark,1,18.0,ok,spark,1788523490.3052034,497.42,315.029,1
330.984,1,333.736,1788523490.6590302,16,b01-o01-spark-c16,8,False,20.632,llama3.2:1b,etri-ser0002-cgnmsb,ACTIVE,310.352,9e9a34f6-b7cf-435a-bd4a-f87ba35da154,Edge computing reduces latency by processing data closer,spark,1,18.0,ok,spark,1788523490.3252978,517.297,315.14,1
331.802,1,333.78,1788523490.6801617,16,b01-o01-spark-c16,8,False,20.983,llama3.2:1b,etri-ser0002-cgnmsb,ACTIVE,310.819,c2361cd7-d6bf-4dd5-8e94-977e9ae333d9,Edge computing reduces latency by processing data closer,spark,1,18.0,ok,spark,1788523490.346384,498.008,315.348,1
331.685,1,333.803,1788523490.700583,16,b01-o01-spark-c16,8,False,20.386,llama3.2:1b,etri-ser0002-cgnmsb,ACTIVE,311.299,26507021-5e0e-4a79-8ccd-a94b5881a26d,Edge computing reduces latency by processing data closer,spark,1,18.0,ok,spark,1788523490.3667827,490.527,315.161,1
333.444,1,334.979,1788523490.721333,16,b01-o01-spark-c16,8,False,20.853,llama3.2:1b,etri-ser0002-cgnmsb,ACTIVE,312.591,561f4067-24fb-40a7-a733-d90d3227a5e7,Edge computing reduces latency by processing data closer,spark,1,18.0,ok,spark,1788523490.386357,484.878,316.59,1
334.156,1,335.897,1788523490.7425997,16,b01-o01-spark-c16,8,False,21.099,llama3.2:1b,etri-ser0002-cgnmsb,ACTIVE,313.057,3a68aa69-04e3-4b71-aa5b-927c9d08b042,Edge computing reduces latency by processing data closer,spark,1,18.0,ok,spark,1788523490.4067051,495.602,317.3,1
332.484,1,334.348,1788523490.7618332,16,b01-o01-spark-c16,8,False,19.253,llama3.2:1b,etri-ser0002-cgnmsb,ACTIVE,313.232,cee3a2d2-f500-4d51-81b1-6d6e5eb5ff7b,Edge computing reduces latency by processing data closer,spark,1,18.0,ok,spark,1788523490.4274879,529.661,317.432,1
330.105,1,332.4,1788523490.7820528,16,b01-o01-spark-c16,8,False,19.925,llama3.2:1b,etri-ser0002-cgnmsb,ACTIVE,310.18,1b26b105-1b42-49d4-96b4-631987b7ff42,Edge computing reduces latency by processing data closer,spark,1,18.0,ok,spark,1788523490.4496555,522.5,314.539,1
330.046,1,331.939,1788523490.8025758,16,b01-o01-spark-c16,8,False,20.394,llama3.2:1b,etri-ser0002-cgnmsb,ACTIVE,309.652,b90effa0-f2bb-40e1-a787-d03164d85bc4,Edge computing reduces latency by processing data closer,spark,1,18.0,ok,spark,1788523490.4706397,494.407,313.633,1
330.694,1,332.792,1788523490.8236778,16,b01-o01-spark-c16,8,False,21.057,llama3.2:1b,etri-ser0002-cgnmsb,ACTIVE,309.637,d68bfaea-233b-46db-a2f1-70a2ef87dccc,Edge computing reduces latency by processing data closer,spark,1,18.0,ok,spark,1788523490.490888,494.132,313.898,1
331.173,1,333.213,1788523490.8455837,16,b01-o01-spark-c16,8,False,21.572,llama3.2:1b,etri-ser0002-cgnmsb,ACTIVE,309.601,2e7a57dd-440d-4c3e-b83f-85b423bce23a,Edge computing reduces latency by processing data closer,spark,1,18.0,ok,spark,1788523490.5123737,496.586,314.232,1
332.272,1,334.419,1788523490.86796,16,b01-o01-spark-c16,8,False,21.976,llama3.2:1b,etri-ser0002-cgnmsb,ACTIVE,310.296,75da1374-532a-4491-b825-cd60fc55f94e,Edge computing reduces latency by processing data closer,spark,1,18.0,ok,spark,1788523490.5335445,502.986,315.659,1
331.273,1,333.681,1788523490.888833,16,b01-o01-spark-c16,8,False,20.672,llama3.2:1b,etri-ser0002-cgnmsb,ACTIVE,310.601,ad2e5c76-21d8-4de3-a8d3-de78398ecb2a,Edge computing reduces latency by processing data closer,spark,1,18.0,ok,spark,1788523490.5551555,515.099,315.298,1
331.363,1,333.43,1788523490.9090137,16,b01-o01-spark-c16,8,False,20.195,llama3.2:1b,etri-ser0002-cgnmsb,ACTIVE,311.168,6caf0f76-a76c-47f4-a3b5-83bacedc43fe,Edge computing reduces latency by processing data closer,spark,1,18.0,ok,spark,1788523490.575586,529.381,316.092,1
330.14,1,332.192,1788523490.9285998,16,b01-o01-spark-c16,8,False,19.496,llama3.2:1b,etri-ser0002-cgnmsb,ACTIVE,310.644,ea396dbc-8b6b-4b78-b6b2-4c34120c15e6,Edge computing reduces latency by processing data closer,spark,1,18.0,ok,spark,1788523490.5964103,546.485,315.305,1
328.567,1,330.908,1788523490.9482481,16,b01-o01-spark-c16,8,False,19.436,llama3.2:1b,etri-ser0002-cgnmsb,ACTIVE,309.131,2b267670-0053-4b2d-bbe1-ae643f524799,Edge computing reduces latency by processing data closer,spark,1,18.0,ok,spark,1788523490.6173434,539.702,313.149,1
326.698,1,328.814,1788523490.9672236,16,b01-o01-spark-c16,8,False,18.784,llama3.2:1b,etri-ser0002-cgnmsb,ACTIVE,307.914,44a079ec-6873-44ec-bb9e-945669eb7307,Edge computing reduces latency by processing data closer,spark,1,18.0,ok,spark,1788523490.6384127,542.042,311.849,1
325.039,1,327.301,1788523490.9864075,16,b01-o01-spark-c16,8,False,19.181,llama3.2:1b,etri-ser0002-cgnmsb,ACTIVE,305.858,eb32d6ff-082c-442b-98f1-140136a4425e,Edge computing reduces latency by processing data closer,spark,1,18.0,ok,spark,1788523490.659109,541.602,309.909,1
324.312,1,326.249,1788523491.0064824,16,b01-o01-spark-c16,8,False,20.039,llama3.2:1b,etri-ser0002-cgnmsb,ACTIVE,304.273,52d95db7-a725-41f4-95b4-244042af8edc,Edge computing reduces latency by processing data closer,spark,1,18.0,ok,spark,1788523490.6802344,542.925,308.386,1
326.581,1,328.19,1788523491.0288482,16,b01-o01-spark-c16,8,False,22.428,llama3.2:1b,etri-ser0002-cgnmsb,ACTIVE,304.153,a0875ec8-f263-48fe-93b7-7a85993faa2e,Edge computing reduces latency by processing data closer,spark,1,18.0,ok,spark,1788523490.7006598,531.103,310.762,1
326.169,1,328.287,1788523491.049685,16,b01-o01-spark-c16,8,False,20.511,llama3.2:1b,etri-ser0002-cgnmsb,ACTIVE,305.658,fdbd143a-3e43-4026-ae70-514d3f8fccfc,Edge computing reduces latency by processing data closer,spark,1,18.0,ok,spark,1788523490.7213993,532.092,310.677,1
327.547,1,329.439,1788523491.0721042,16,b01-o01-spark-c16,8,False,22.536,llama3.2:1b,etri-ser0002-cgnmsb,ACTIVE,305.012,7e24a6e9-2149-40eb-be0c-ea1784e53900,Edge computing reduces latency by processing data closer,spark,1,18.0,ok,spark,1788523490.7426672,519.009,310.361,1
332.993,1,335.474,1788523491.0973713,16,b01-o01-spark-c16,8,False,24.332,llama3.2:1b,etri-ser0002-cgnmsb,ACTIVE,308.661,d1454f6a-db47-4bd3-a079-0ac578ec5653,Edge computing reduces latency by processing data closer,spark,1,18.0,ok,spark,1788523490.7619002,492.672,315.808,1
340.346,1,342.89,1788523491.125016,16,b01-o01-spark-c16,8,False,27.303,llama3.2:1b,etri-ser0002-cgnmsb,ACTIVE,313.042,61829493-262b-4a8b-8ed4-cc43e532582e,Edge computing reduces latency by processing data closer,spark,1,18.0,ok,spark,1788523490.7821288,489.207,322.389,1
345.592,1,348.549,1788523491.1511905,16,b01-o01-spark-c16,8,False,25.244,llama3.2:1b,etri-ser0002-cgnmsb,ACTIVE,320.348,fef1a17b-b01c-4680-a74a-e820738fab7e,Edge computing reduces latency by processing data closer,spark,1,18.0,ok,spark,1788523490.8026454,496.956,328.346,1
349.649,1,351.877,1788523491.175631,16,b01-o01-spark-c16,8,False,25.185,llama3.2:1b,etri-ser0002-cgnmsb,ACTIVE,324.464,228a5c5e-1527-47e7-aedb-4af5fa0d908a,Edge computing reduces latency by processing data closer,spark,1,18.0,ok,spark,1788523490.8237548,510.172,332.723,1
349.362,1,351.839,1788523491.1975007,16,b01-o01-spark-c16,8,False,21.96,llama3.2:1b,etri-ser0002-cgnmsb,ACTIVE,327.402,6e04c75a-8549-47b2-9c5e-5aa03a6eb990,Edge computing reduces latency by processing data closer,spark,1,18.0,ok,spark,1788523490.8456616,543.146,333.675,1
348.448,1,350.909,1788523491.2189386,16,b01-o01-spark-c16,8,False,21.566,llama3.2:1b,etri-ser0002-cgnmsb,ACTIVE,326.882,6d184e1f-d432-4a61-ace8-379ae5c24699,Edge computing reduces latency by processing data closer,spark,1,18.0,ok,spark,1788523490.8680298,507.518,331.397,1
352.929,1,355.348,1788523491.2443073,16,b01-o01-spark-c16,8,False,24.749,llama3.2:1b,etri-ser0002-cgnmsb,ACTIVE,328.18,392bd932-568d-4c8b-a7df-f30112bb8037,Edge computing reduces latency by processing data closer,spark,1,18.0,ok,spark,1788523490.88896,496.617,335.857,1
356.064,1,358.083,1788523491.267163,16,b01-o01-spark-c16,8,False,23.062,llama3.2:1b,etri-ser0002-cgnmsb,ACTIVE,333.002,b3fe40f9-7ad6-4876-b765-76268d54ec50,Edge computing reduces latency by processing data closer,spark,1,18.0,ok,spark,1788523490.9090807,514.734,339.712,1
361.221,1,363.273,1788523491.29195,16,b01-o01-spark-c16,8,False,24.507,llama3.2:1b,etri-ser0002-cgnmsb,ACTIVE,336.715,c243aae4-e166-4a25-ad4d-ab96d7dc3cf9,Edge computing reduces latency by processing data closer,spark,1,18.0,ok,spark,1788523490.9286778,501.159,344.501,1
365.119,1,367.956,1788523491.316282,16,b01-o01-spark-c16,8,False,23.836,llama3.2:1b,etri-ser0002-cgnmsb,ACTIVE,341.282,6bd88d44-cdee-469b-8d92-11ca8f44c2b5,Edge computing reduces latency by processing data closer,spark,1,18.0,ok,spark,1788523490.9483266,502.166,347.844,1
373.414,1,375.949,1788523491.3432682,16,b01-o01-spark-c16,8,False,26.248,llama3.2:1b,etri-ser0002-cgnmsb,ACTIVE,347.166,0c36025d-d01b-4d69-93c9-e534f851bfe8,Edge computing reduces latency by processing data closer,spark,1,18.0,ok,spark,1788523490.967319,483.764,355.762,1
379.95,1,381.87,1788523491.3683572,16,b01-o01-spark-c16,8,False,25.478,llama3.2:1b,etri-ser0002-cgnmsb,ACTIVE,354.473,9e22a4a9-e947-4373-b7bd-1896ec5a0b63,Edge computing reduces latency by processing data closer,spark,1,18.0,ok,spark,1788523490.9864879,498.07,363.012,1
384.632,1,387.217,1788523491.3937268,16,b01-o01-spark-c16,8,False,25.152,llama3.2:1b,etri-ser0002-cgnmsb,ACTIVE,359.479,3b91bd56-4374-4f48-8395-b8eef9d22017,Edge computing reduces latency by processing data closer,spark,1,18.0,ok,spark,1788523491.0065114,484.819,367.478,1
384.197,1,386.384,1788523491.415272,16,b01-o01-spark-c16,8,False,21.234,llama3.2:1b,etri-ser0002-cgnmsb,ACTIVE,362.963,f2ff0fad-8ed3-4909-860d-867248b3e0ea,Edge computing reduces latency by processing data closer,spark,1,18.0,ok,spark,1788523491.0288892,511.869,368.09,1
385.388,1,387.662,1788523491.4373698,16,b01-o01-spark-c16,8,False,21.706,llama3.2:1b,etri-ser0002-cgnmsb,ACTIVE,363.681,63b32383-9d04-4088-b804-7290909028fe,Edge computing reduces latency by processing data closer,spark,1,18.0,ok,spark,1788523491.0497108,492.672,368.4,1
382.025,1,386.652,1788523491.4587994,16,b01-o01-spark-c16,8,False,21.427,llama3.2:1b,etri-ser0002-cgnmsb,ACTIVE,360.598,69cdfd54-a30b-48d6-bcba-4212316cc7c8,Edge computing reduces latency by processing data closer,spark,1,18.0,ok,spark,1788523491.0721505,506.746,365.561,1
377.389,1,382.338,1788523491.4797812,16,b01-o01-spark-c16,8,False,20.749,llama3.2:1b,etri-ser0002-cgnmsb,ACTIVE,356.639,be22c39b-8729-48be-b014-74ce4a0c69d2,Edge computing reduces latency by processing data closer,spark,1,18.0,ok,spark,1788523491.0974455,499.719,360.757,1
370.293,1,375.199,1788523491.5002916,16,b01-o01-spark-c16,8,False,20.365,llama3.2:1b,etri-ser0002-cgnmsb,ACTIVE,349.928,1d77fed2-2379-430f-9abb-70075cca6136,Edge computing reduces latency by processing data closer,spark,1,18.0,ok,spark,1788523491.1250951,527.879,354.22,1
364.622,1,368.86,1788523491.520141,16,b01-o01-spark-c16,8,False,19.443,llama3.2:1b,etri-ser0002-cgnmsb,ACTIVE,345.178,954c04be-779c-4217-a001-7f505cf5acad,Edge computing reduces latency by processing data closer,spark,1,18.0,ok,spark,1788523491.151285,546.747,349.444,1
358.891,1,364.01,1788523491.5396624,16,b01-o01-spark-c16,8,False,19.843,llama3.2:1b,etri-ser0002-cgnmsb,ACTIVE,339.048,9b67fe94-dfd1-4f08-84d4-d650ffacde17,Edge computing reduces latency by processing data closer,spark,1,18.0,ok,spark,1788523491.1756542,544.477,343.455,1
359.994,1,361.551,1788523491.5590682,16,b01-o01-spark-c16,8,False,19.265,llama3.2:1b,etri-ser0002-cgnmsb,ACTIVE,340.729,e0911ffa-1a38-4a21-b6aa-585b0f33d6ce,Edge computing reduces latency by processing data closer,spark,1,18.0,ok,spark,1788523491.19752,540.979,344.995,1
355.27,1,359.083,1788523491.5780349,16,b01-o01-spark-c16,8,False,18.794,llama3.2:1b,etri-ser0002-cgnmsb,ACTIVE,336.476,37ba615d-163b-4532-8393-2025138b6730,Edge computing reduces latency by processing data closer,spark,1,18.0,ok,spark,1788523491.2189548,545.628,339.951,1
350.268,1,354.382,1788523491.5987067,16,b01-o01-spark-c16,8,False,20.262,llama3.2:1b,etri-ser0002-cgnmsb,ACTIVE,330.006,9983cf20-e1a3-44bd-9147-bf1f415f1d31,Edge computing reduces latency by processing data closer,spark,1,18.0,ok,spark,1788523491.2443302,533.582,334.65,1
346.208,1,350.336,1788523491.6175203,16,b01-o01-spark-c16,8,False,18.719,llama3.2:1b,etri-ser0002-cgnmsb,ACTIVE,327.489,11a1b810-dd5c-4cd2-aa8d-6bc6fc464be0,Edge computing reduces latency by processing data closer,spark,1,18.0,ok,spark,1788523491.2671883,543.959,331.282,1
343.919,1,346.008,1788523491.6379833,16,b01-o01-spark-c16,8,False,20.836,llama3.2:1b,etri-ser0002-cgnmsb,ACTIVE,323.082,a7d67abf-afe1-44ee-9f84-9fae96267896,Edge computing reduces latency by processing data closer,spark,1,18.0,ok,spark,1788523491.2919767,513.051,327.752,1
336.759,1,341.024,1788523491.657325,16,b01-o01-spark-c16,8,False,19.363,llama3.2:1b,etri-ser0002-cgnmsb,ACTIVE,317.396,4a3ce498-c009-4212-90b3-9ef1137a0941,Edge computing reduces latency by processing data closer,spark,1,18.0,ok,spark,1788523491.3163016,543.737,321.824,1
328.659,1,333.334,1788523491.6766174,16,b01-o01-spark-c16,8,False,19.029,llama3.2:1b,etri-ser0002-cgnmsb,ACTIVE,309.631,0061ce15-03cb-4b09-a7b3-fa2c068ea273,Edge computing reduces latency by processing data closer,spark,1,18.0,ok,spark,1788523491.3432844,544.44,313.821,1
323.416,1,328.068,1788523491.6964464,16,b01-o01-spark-c16,8,False,19.655,llama3.2:1b,etri-ser0002-cgnmsb,ACTIVE,303.761,8c10534b-21c3-46aa-8284-2f1840b5c920,Edge computing reduces latency by processing data closer,spark,1,18.0,ok,spark,1788523491.3683808,540.614,308.175,1
320.452,1,321.93,1788523491.7156796,16,b01-o01-spark-c16,8,False,19.471,llama3.2:1b,etri-ser0002-cgnmsb,ACTIVE,300.981,9339e994-ea84-4521-85d6-524e46327b3c,Edge computing reduces latency by processing data closer,spark,1,18.0,ok,spark,1788523491.3937507,543.848,305.256,1
317.957,1,319.846,1788523491.7351758,16,b01-o01-spark-c16,8,False,19.094,llama3.2:1b,etri-ser0002-cgnmsb,ACTIVE,298.863,52d1b50b-dc2c-44c1-b510-677573866e58,Edge computing reduces latency by processing data closer,spark,1,18.0,ok,spark,1788523491.4153323,545.108,303.224,1
314.487,1,316.395,1788523491.7538328,16,b01-o01-spark-c16,8,False,18.773,llama3.2:1b,etri-ser0002-cgnmsb,ACTIVE,295.714,4fa5f0dc-c393-4fd8-8fa8-6ff05461b071,Edge computing reduces latency by processing data closer,spark,1,18.0,ok,spark,1788523491.4374385,546.075,299.561,1
312.632,1,314.83,1788523491.7736971,16,b01-o01-spark-c16,8,False,19.701,llama3.2:1b,etri-ser0002-cgnmsb,ACTIVE,292.931,4db6231f-207e-402a-abca-252d91345955,Edge computing reduces latency by processing data closer,spark,1,18.0,ok,spark,1788523491.4588685,544.996,297.705,1
310.421,1,312.497,1788523491.7923458,16,b01-o01-spark-c16,8,False,18.498,llama3.2:1b,etri-ser0002-cgnmsb,ACTIVE,291.923,a0f18392-6967-4734-9c51-0615ca879a68,Edge computing reduces latency by processing data closer,spark,1,18.0,ok,spark,1788523491.479849,545.219,295.801,1
309.914,1,311.715,1788523491.8121264,16,b01-o01-spark-c16,8,False,19.676,llama3.2:1b,etri-ser0002-cgnmsb,ACTIVE,290.238,c8c904c6-04b1-4ded-9ea0-9e76f7eb0510,Edge computing reduces latency by processing data closer,spark,1,18.0,ok,spark,1788523491.5004115,546.112,294.294,1
309.266,1,312.118,1788523491.8323598,16,b01-o01-spark-c16,8,False,19.837,llama3.2:1b,etri-ser0002-cgnmsb,ACTIVE,289.43,3327b583-1c2d-48f5-a584-3bd5dd197fac,Edge computing reduces latency by processing data closer,spark,1,18.0,ok,spark,1788523491.5202436,539.556,294.337,1
310.825,1,312.724,1788523491.852428,16,b01-o01-spark-c16,8,False,19.926,llama3.2:1b,etri-ser0002-cgnmsb,ACTIVE,290.899,a6242fc4-767b-4799-aee0-1b86ad7d472b,Edge computing reduces latency by processing data closer,spark,1,18.0,ok,spark,1788523491.5397074,544.329,295.84,1
310.241,1,312.576,1788523491.8717093,16,b01-o01-spark-c16,8,False,19.246,llama3.2:1b,etri-ser0002-cgnmsb,ACTIVE,290.995,1a462e2b-80ac-4782-879c-5305f058e866,Edge computing reduces latency by processing data closer,spark,1,18.0,ok,spark,1788523491.559137,540.577,295.272,1
309.3,1,312.235,1788523491.8903317,16,b01-o01-spark-c16,8,False,18.673,llama3.2:1b,etri-ser0002-cgnmsb,ACTIVE,290.627,5195cbd4-22f2-4f6d-96e0-74512ebc9d46,Edge computing reduces latency by processing data closer,spark,1,18.0,ok,spark,1788523491.578097,546.001,293.98,1
309.753,1,311.578,1788523491.9103858,16,b01-o01-spark-c16,8,False,20.244,llama3.2:1b,etri-ser0002-cgnmsb,ACTIVE,289.51,ab9feca5-42e5-4ebe-8487-38838b6d7cbd,Edge computing reduces latency by processing data closer,spark,1,18.0,ok,spark,1788523491.5988097,542.483,294.366,1
310.883,1,312.694,1788523491.9303062,16,b01-o01-spark-c16,8,False,19.852,llama3.2:1b,etri-ser0002-cgnmsb,ACTIVE,291.03,b2063f1b-5a7a-4404-89c9-edf9f5c1edab,Edge computing reduces latency by processing data closer,spark,1,18.0,ok,spark,1788523491.6176121,527.565,295.305,1
310.826,1,312.121,1788523491.950133,16,b01-o01-spark-c16,8,False,19.863,llama3.2:1b,etri-ser0002-cgnmsb,ACTIVE,290.963,9c42d8aa-88a5-43e1-a7c9-34110e385053,Edge computing reduces latency by processing data closer,spark,1,18.0,ok,spark,1788523491.6380126,538.467,295.268,1
311.374,1,313.153,1788523491.9704986,16,b01-o01-spark-c16,8,False,20.161,llama3.2:1b,etri-ser0002-cgnmsb,ACTIVE,291.213,2b1f3cf5-0c72-4522-ab04-c86d35bc7cbd,Edge computing reduces latency by processing data closer,spark,1,18.0,ok,spark,1788523491.6573465,540.285,296.183,1
312.219,1,314.155,1788523491.9907994,16,b01-o01-spark-c16,8,False,19.77,llama3.2:1b,etri-ser0002-cgnmsb,ACTIVE,292.449,8b34a5b1-d076-4964-b044-aaea03226f85,Edge computing reduces latency by processing data closer,spark,1,18.0,ok,spark,1788523491.6766481,544.588,297.293,1
311.764,1,313.987,1788523492.0104892,16,b01-o01-spark-c16,8,False,19.722,llama3.2:1b,etri-ser0002-cgnmsb,ACTIVE,292.042,394f1c98-5978-4dfa-a6b1-b87524dbaabf,Edge computing reduces latency by processing data closer,spark,1,18.0,ok,spark,1788523491.6965053,544.774,296.216,1
312.782,1,314.791,1788523492.0304854,16,b01-o01-spark-c16,8,False,20.175,llama3.2:1b,etri-ser0002-cgnmsb,ACTIVE,292.607,f02f3fd3-3f1e-4c3d-aeeb-c65e7a16acf6,Edge computing reduces latency by processing data closer,spark,1,18.0,ok,spark,1788523491.7156963,541.199,297.342,1
312.866,1,314.978,1788523492.050202,16,b01-o01-spark-c16,8,False,19.649,llama3.2:1b,etri-ser0002-cgnmsb,ACTIVE,293.217,0271e302-7ac1-424c-98c2-87551370d1e1,Edge computing reduces latency by processing data closer,spark,1,18.0,ok,spark,1788523491.7352242,542.888,297.52,1
315.152,1,316.585,1788523492.0704408,16,b01-o01-spark-c16,8,False,20.201,llama3.2:1b,etri-ser0002-cgnmsb,ACTIVE,294.952,39357456-9820-4e22-afb0-616ca9b815f4,Edge computing reduces latency by processing data closer,spark,1,18.0,ok,spark,1788523491.7538567,545.777,299.958,1
316.485,1,317.873,1788523492.0915935,16,b01-o01-spark-c16,8,False,21.124,llama3.2:1b,etri-ser0002-cgnmsb,ACTIVE,295.361,38b6f485-6cf9-4be2-abf8-4ab972308a06,Edge computing reduces latency by processing data closer,spark,1,18.0,ok,spark,1788523491.773722,542.005,301.542,1
317.334,1,319.361,1788523492.111729,16,b01-o01-spark-c16,8,False,19.76,llama3.2:1b,etri-ser0002-cgnmsb,ACTIVE,297.574,de747529-b53c-4847-b2fc-3d4e702a7665,Edge computing reduces latency by processing data closer,spark,1,18.0,ok,spark,1788523491.7923698,541.748,302.272,1
317.721,1,319.23,1788523492.131377,16,b01-o01-spark-c16,8,False,19.81,llama3.2:1b,etri-ser0002-cgnmsb,ACTIVE,297.911,9c2c8427-0933-4009-a20b-126ac4c2aab0,Edge computing reduces latency by processing data closer,spark,1,18.0,ok,spark,1788523491.8121479,545.331,302.557,1
317.139,1,319.186,1788523492.1516068,16,b01-o01-spark-c16,8,False,20.164,llama3.2:1b,etri-ser0002-cgnmsb,ACTIVE,296.975,4dc94ad1-1f8b-44c2-a619-e6898bce68d3,Edge computing reduces latency by processing data closer,spark,1,18.0,ok,spark,1788523491.8324213,524.487,301.28,1
316.975,1,318.959,1788523492.1714644,16,b01-o01-spark-c16,8,False,19.453,llama3.2:1b,etri-ser0002-cgnmsb,ACTIVE,297.522,07f473af-80ed-4b5c-94ee-e4b3a3b53a43,Edge computing reduces latency by processing data closer,spark,1,18.0,ok,spark,1788523491.852508,544.699,302.183,1
317.54,1,319.637,1788523492.1914334,16,b01-o01-spark-c16,8,False,19.879,llama3.2:1b,etri-ser0002-cgnmsb,ACTIVE,297.662,eeefc395-fceb-4215-a763-d18989ff5082,Edge computing reduces latency by processing data closer,spark,1,18.0,ok,spark,1788523491.871799,539.957,302.55,1
320.738,1,322.45,1788523492.2128031,16,b01-o01-spark-c16,8,False,21.248,llama3.2:1b,etri-ser0002-cgnmsb,ACTIVE,299.49,a8c1f051-9a82-490c-8c21-d232dfe7aed5,Edge computing reduces latency by processing data closer,spark,1,18.0,ok,spark,1788523491.8903558,540.541,305.1,1
320.707,1,323.163,1788523492.233578,16,b01-o01-spark-c16,8,False,20.416,llama3.2:1b,etri-ser0002-cgnmsb,ACTIVE,300.291,97e94e45-d63e-498c-a922-3a4c6b6b5212,Edge computing reduces latency by processing data closer,spark,1,18.0,ok,spark,1788523491.9104187,541.382,305.028,1
321.478,1,322.993,1788523492.2533135,16,b01-o01-spark-c16,8,False,19.927,llama3.2:1b,etri-ser0002-cgnmsb,ACTIVE,301.551,246a1a73-faf6-4fb4-b527-2afe8134cb23,Edge computing reduces latency by processing data closer,spark,1,18.0,ok,spark,1788523491.9303226,539.847,306.149,1
321.524,1,323.309,1788523492.2734523,16,b01-o01-spark-c16,8,False,19.707,llama3.2:1b,etri-ser0002-cgnmsb,ACTIVE,301.818,7d79e3e0-b760-4c9c-802e-1bc69ba35515,Edge computing reduces latency by processing data closer,spark,1,18.0,ok,spark,1788523491.9501467,539.047,306.132,1
321.517,1,323.196,1788523492.2937407,16,b01-o01-spark-c16,8,False,20.32,llama3.2:1b,etri-ser0002-cgnmsb,ACTIVE,301.196,ad6aac43-070f-457a-abbb-3125b55e2217,Edge computing reduces latency by processing data closer,spark,1,18.0,ok,spark,1788523491.970548,542.263,306.265,1
320.607,1,322.737,1788523492.3136106,16,b01-o01-spark-c16,8,False,19.795,llama3.2:1b,etri-ser0002-cgnmsb,ACTIVE,300.812,61857180-dbcd-47f8-94e9-42c1efd2d70e,Edge computing reduces latency by processing data closer,spark,1,18.0,ok,spark,1788523491.9908757,544.07,305.242,1
320.783,1,323.057,1788523492.3336234,16,b01-o01-spark-c16,8,False,19.989,llama3.2:1b,etri-ser0002-cgnmsb,ACTIVE,300.795,ae114459-364a-4e85-8ab5-dad3d5416a43,Edge computing reduces latency by processing data closer,spark,1,18.0,ok,spark,1788523492.0105696,545.703,305.598,1
320.254,1,322.505,1788523492.3530269,16,b01-o01-spark-c16,8,False,19.269,llama3.2:1b,etri-ser0002-cgnmsb,ACTIVE,300.985,bb7442d4-6670-4a8c-a1dc-f14c585355cc,Edge computing reduces latency by processing data closer,spark,1,18.0,ok,spark,1788523492.030524,546.672,305.171,1
321.07,1,323.337,1788523492.3735657,16,b01-o01-spark-c16,8,False,20.333,llama3.2:1b,etri-ser0002-cgnmsb,ACTIVE,300.737,0e5d38cd-5850-4186-9981-5e18e046eacc,Edge computing reduces latency by processing data closer,spark,1,18.0,ok,spark,1788523492.0502322,538.793,305.805,1
319.62,1,321.904,1788523492.3923702,16,b01-o01-spark-c16,8,False,19.005,llama3.2:1b,etri-ser0002-cgnmsb,ACTIVE,300.615,f7612928-66ff-4725-90b7-6b940c2674df,Edge computing reduces latency by processing data closer,spark,1,18.0,ok,spark,1788523492.0704668,545.517,304.896,1
319.573,1,321.252,1788523492.4128668,16,b01-o01-spark-c16,8,False,20.18,llama3.2:1b,etri-ser0002-cgnmsb,ACTIVE,299.393,acdaad2c-77f1-4863-a880-83a65e53d583,Edge computing reduces latency by processing data closer,spark,1,18.0,ok,spark,1788523492.091618,543.774,304.84,1
318.566,1,320.623,1788523492.4324017,16,b01-o01-spark-c16,8,False,19.34,llama3.2:1b,etri-ser0002-cgnmsb,ACTIVE,299.226,6071beac-6728-443b-99ba-4e4333454541,Edge computing reduces latency by processing data closer,spark,1,18.0,ok,spark,1788523492.1117814,538.612,303.515,1
318.548,1,320.426,1788523492.451818,16,b01-o01-spark-c16,8,False,19.401,llama3.2:1b,etri-ser0002-cgnmsb,ACTIVE,299.147,c83be39c-255a-456f-acc3-4545ec7a54a2,Edge computing reduces latency by processing data closer,spark,1,18.0,ok,spark,1788523492.1313944,544.811,303.543,1
319.107,1,320.96,1788523492.472589,16,b01-o01-spark-c16,8,False,20.81,llama3.2:1b,etri-ser0002-cgnmsb,ACTIVE,298.297,70b994eb-9b19-451a-9217-9dfd4ebb5a06,Edge computing reduces latency by processing data closer,spark,1,18.0,ok,spark,1788523492.15163,495.295,302.458,1
318.017,1,320.88,1788523492.4924147,16,b01-o01-spark-c16,8,False,19.818,llama3.2:1b,etri-ser0002-cgnmsb,ACTIVE,298.199,4782695e-d0a3-4fcf-8d5d-bac545856241,Edge computing reduces latency by processing data closer,spark,1,18.0,ok,spark,1788523492.171536,538.575,302.967,1
317.79,1,319.824,1788523492.5113237,16,b01-o01-spark-c16,8,False,18.667,llama3.2:1b,etri-ser0002-cgnmsb,ACTIVE,299.123,8eb547e8-ddc6-48ff-a248-4a164d75a046,Edge computing reduces latency by processing data closer,spark,1,18.0,ok,spark,1788523492.1915011,543.404,302.824,1
316.206,1,318.034,1788523492.5308871,16,b01-o01-spark-c16,8,False,19.515,llama3.2:1b,etri-ser0002-cgnmsb,ACTIVE,296.691,a9ecba19-00ad-4b86-93e8-12ffbb997794,Edge computing reduces latency by processing data closer,spark,1,18.0,ok,spark,1788523492.2128546,539.156,300.996,1
314.259,1,316.208,1788523492.549868,16,b01-o01-spark-c16,8,False,18.921,llama3.2:1b,etri-ser0002-cgnmsb,ACTIVE,295.338,f204acaf-b879-4624-9a05-11da8df35320,Edge computing reduces latency by processing data closer,spark,1,18.0,ok,spark,1788523492.2336605,545.628,299.4,1
313.817,1,315.816,1788523492.569167,16,b01-o01-spark-c16,8,False,18.896,llama3.2:1b,etri-ser0002-cgnmsb,ACTIVE,294.921,964a6de6-2fed-4c6c-96b9-275ba8d30653,Edge computing reduces latency by processing data closer,spark,1,18.0,ok,spark,1788523492.2533522,546.971,298.919,1
312.598,1,314.318,1788523492.5878456,16,b01-o01-spark-c16,8,False,18.823,llama3.2:1b,etri-ser0002-cgnmsb,ACTIVE,293.775,8a27335b-c395-45cb-9eb2-bba84b6163c9,Edge computing reduces latency by processing data closer,spark,1,18.0,ok,spark,1788523492.2735283,541.455,297.35,1
311.206,1,313.38,1788523492.6071966,16,b01-o01-spark-c16,8,False,19.102,llama3.2:1b,etri-ser0002-cgnmsb,ACTIVE,292.104,13125f6b-54f2-495b-af84-9ee3227beac7,Edge computing reduces latency by processing data closer,spark,1,18.0,ok,spark,1788523492.2938173,545.108,296.209,1
311.287,1,313.295,1788523492.6269724,16,b01-o01-spark-c16,8,False,19.943,llama3.2:1b,etri-ser0002-cgnmsb,ACTIVE,291.345,1378cbb0-9292-4c4c-9273-79aa17dd35e8,Edge computing reduces latency by processing data closer,spark,1,18.0,ok,spark,1788523492.313678,545.442,296.098,1
311.625,1,313.382,1788523492.6470842,16,b01-o01-spark-c16,8,False,20.023,llama3.2:1b,etri-ser0002-cgnmsb,ACTIVE,291.602,bf62e5e7-d793-4834-a61a-394a842eca7d,Edge computing reduces latency by processing data closer,spark,1,18.0,ok,spark,1788523492.3337023,534.724,295.996,1
313.89,1,315.668,1788523492.6687586,16,b01-o01-spark-c16,8,False,21.637,llama3.2:1b,etri-ser0002-cgnmsb,ACTIVE,292.253,535e2ae7-7583-4e0e-aff8-8469c1cea071,Edge computing reduces latency by processing data closer,spark,1,18.0,ok,spark,1788523492.353091,488.49,297.528,1
313.247,1,314.768,1788523492.688411,16,b01-o01-spark-c16,8,False,19.442,llama3.2:1b,etri-ser0002-cgnmsb,ACTIVE,293.805,ff50b707-c7bf-4613-8299-f92ad9df21c4,Edge computing reduces latency by processing data closer,spark,1,18.0,ok,spark,1788523492.3736432,529.661,297.937,1
315.394,1,316.978,1788523492.7093716,16,b01-o01-spark-c16,8,False,20.809,llama3.2:1b,etri-ser0002-cgnmsb,ACTIVE,294.585,c61d9aa5-c319-40d0-a8f3-50291ae57fe6,Edge computing reduces latency by processing data closer,spark,1,18.0,ok,spark,1788523492.392395,487.033,298.496,1
314.941,1,317.185,1788523492.7301402,16,b01-o01-spark-c16,8,False,20.602,llama3.2:1b,etri-ser0002-cgnmsb,ACTIVE,294.339,6c0995b8-fd95-4e26-aeb3-956531b10fde,Edge computing reduces latency by processing data closer,spark,1,18.0,ok,spark,1788523492.4129567,505.913,298.494,1
315.461,1,317.175,1788523492.7496428,16,b01-o01-spark-c16,8,False,19.34,llama3.2:1b,etri-ser0002-cgnmsb,ACTIVE,296.121,78f29af6-3060-4340-91fd-66f778486c01,Edge computing reduces latency by processing data closer,spark,1,18.0,ok,spark,1788523492.4324682,523.766,299.838,1
316.148,1,317.859,1788523492.7697425,16,b01-o01-spark-c16,8,False,20.144,llama3.2:1b,etri-ser0002-cgnmsb,ACTIVE,296.004,616e9cdd-669b-4b44-bc08-55b616e1fc88,Edge computing reduces latency by processing data closer,spark,1,18.0,ok,spark,1788523492.4518838,491.884,299.592,1
317.032,1,318.212,1788523492.790824,16,b01-o01-spark-c16,8,False,21.018,llama3.2:1b,etri-ser0002-cgnmsb,ACTIVE,296.014,ae6c6457-986d-4bc2-b9d5-1860ce981c0e,Edge computing reduces latency by processing data closer,spark,1,18.0,ok,spark,1788523492.4726124,506.746,300.667,1
316.557,1,317.751,1788523492.8101954,16,b01-o01-spark-c16,8,False,19.306,llama3.2:1b,etri-ser0002-cgnmsb,ACTIVE,297.251,997644fe-3bc9-40c5-9723-8b3e3063170b,Edge computing reduces latency by processing data closer,spark,1,18.0,ok,spark,1788523492.4924455,542.778,301.252,1
316.036,1,317.887,1788523492.8292558,16,b01-o01-spark-c16,8,False,18.936,llama3.2:1b,etri-ser0002-cgnmsb,ACTIVE,297.1,f4aeca6e-68f3-45ea-8d4a-cdf033bdd79f,Edge computing reduces latency by processing data closer,spark,1,18.0,ok,spark,1788523492.5113697,535.619,300.582,1
317.332,1,318.94,1788523492.8499072,16,b01-o01-spark-c16,8,False,20.243,llama3.2:1b,etri-ser0002-cgnmsb,ACTIVE,297.089,4668ac62-59bc-4b72-a577-a4593e0052ec,Edge computing reduces latency by processing data closer,spark,1,18.0,ok,spark,1788523492.5309677,518.908,301.129,1
319.034,1,320.398,1788523492.8702917,16,b01-o01-spark-c16,8,False,20.481,llama3.2:1b,etri-ser0002-cgnmsb,ACTIVE,298.554,3800ba78-f898-41c7-823f-108fc8a67ab4,Edge computing reduces latency by processing data closer,spark,1,18.0,ok,spark,1788523492.5498953,502.229,303.05,1
319.52,1,321.082,1788523492.890283,16,b01-o01-spark-c16,8,False,19.931,llama3.2:1b,etri-ser0002-cgnmsb,ACTIVE,299.589,2550668c-acb0-4f71-a9ad-d5a9fbe4c6fa,Edge computing reduces latency by processing data closer,spark,1,18.0,ok,spark,1788523492.5692015,511.836,303.615,1
320.687,1,322.243,1788523492.9101102,16,b01-o01-spark-c16,8,False,19.771,llama3.2:1b,etri-ser0002-cgnmsb,ACTIVE,300.916,3a5a5259-2572-4eff-9dbe-dde71660f5a0,Edge computing reduces latency by processing data closer,spark,1,18.0,ok,spark,1788523492.5878685,536.805,305.344,1
320.838,1,322.347,1788523492.9295628,16,b01-o01-spark-c16,8,False,19.254,llama3.2:1b,etri-ser0002-cgnmsb,ACTIVE,301.585,903cecac-e299-41bd-93bf-2c9bc29aef06,Edge computing reduces latency by processing data closer,spark,1,18.0,ok,spark,1788523492.6072168,517.331,305.084,1
321.633,1,323.137,1788523492.950124,16,b01-o01-spark-c16,8,False,20.469,llama3.2:1b,etri-ser0002-cgnmsb,ACTIVE,301.164,44f1dbf3-eaa3-4bbe-a6ca-834fc4cd3750,Edge computing reduces latency by processing data closer,spark,1,18.0,ok,spark,1788523492.626988,504.605,305.24,1
323.329,1,324.746,1788523492.9718468,16,b01-o01-spark-c16,8,False,21.501,llama3.2:1b,etri-ser0002-cgnmsb,ACTIVE,301.827,e9db2c07-dfb2-4cbe-89ec-e6ae2fa96bf3,Edge computing reduces latency by processing data closer,spark,1,18.0,ok,spark,1788523492.6471014,499.719,306.591,1
322.986,1,324.083,1788523492.992855,16,b01-o01-spark-c16,8,False,21.09,llama3.2:1b,etri-ser0002-cgnmsb,ACTIVE,301.896,e313ff15-99ab-4a92-a3a8-e8b3b7921e71,Edge computing reduces latency by processing data closer,spark,1,18.0,ok,spark,1788523492.668773,488.759,306.092,1
323.452,1,324.598,1788523493.013022,16,b01-o01-spark-c16,8,False,19.925,llama3.2:1b,etri-ser0002-cgnmsb,ACTIVE,303.526,4d05c40b-0f8d-4d49-ad07-b207d8c80e78,Edge computing reduces latency by processing data closer,spark,1,18.0,ok,spark,1788523492.688425,520.021,307.76,1
323.818,1,325.541,1788523493.0349412,16,b01-o01-spark-c16,8,False,21.69,llama3.2:1b,etri-ser0002-cgnmsb,ACTIVE,302.128,00f47681-5d54-49b1-a41c-570f432fc769,Edge computing reduces latency by processing data closer,spark,1,18.0,ok,spark,1788523492.7094011,479.042,306.502,1
323.339,1,325.05,1788523493.05522,16,b01-o01-spark-c16,8,False,20.269,llama3.2:1b,etri-ser0002-cgnmsb,ACTIVE,303.07,426ef48b-03e2-43d2-9d76-86b8b6181599,Edge computing reduces latency by processing data closer,spark,1,18.0,ok,spark,1788523492.7301714,511.476,307.403,1
324.592,1,325.821,1788523493.075497,16,b01-o01-spark-c16,8,False,20.33,llama3.2:1b,etri-ser0002-cgnmsb,ACTIVE,304.262,1dea00f1-3c4c-4856-84e6-9d2e9ea9f201,Edge computing reduces latency by processing data closer,spark,1,18.0,ok,spark,1788523492.749677,524.418,308.573,1
325.278,1,326.547,1788523493.0963109,16,b01-o01-spark-c16,8,False,20.602,llama3.2:1b,etri-ser0002-cgnmsb,ACTIVE,304.675,7b50b421-53bc-436c-98f3-5aef00d844dc,Edge computing reduces latency by processing data closer,spark,1,18.0,ok,spark,1788523492.7697644,515.697,308.992,1
324.446,1,325.901,1788523493.1167405,16,b01-o01-spark-c16,8,False,20.138,llama3.2:1b,etri-ser0002-cgnmsb,ACTIVE,304.308,732fc099-259a-40b1-8766-8f05deddfa1a,Edge computing reduces latency by processing data closer,spark,1,18.0,ok,spark,1788523492.790841,503.525,308.375,1
325.667,1,327.611,1788523493.1378229,16,b01-o01-spark-c16,8,False,20.983,llama3.2:1b,etri-ser0002-cgnmsb,ACTIVE,304.684,a27deb39-09ac-4b6a-8a2c-0772ec9edc1b,Edge computing reduces latency by processing data closer,spark,1,18.0,ok,spark,1788523492.8102138,496.155,309.166,1
328.068,1,329.595,1788523493.1588626,16,b01-o01-spark-c16,8,False,20.803,llama3.2:1b,etri-ser0002-cgnmsb,ACTIVE,307.265,7d16089d-8621-4197-9cbb-4ac18513e451,Edge computing reduces latency by processing data closer,spark,1,18.0,ok,spark,1788523492.8292704,504.605,311.94,1
328.398,1,330.056,1788523493.179974,16,b01-o01-spark-c16,8,False,20.912,llama3.2:1b,etri-ser0002-cgnmsb,ACTIVE,307.486,144a2a9c-272f-4d3e-a95c-055bf3242ca8,Edge computing reduces latency by processing data closer,spark,1,18.0,ok,spark,1788523492.849921,519.009,312.979,1
329.337,1,331.167,1788523493.2014782,16,b01-o01-spark-c16,8,False,21.665,llama3.2:1b,etri-ser0002-cgnmsb,ACTIVE,307.672,23a12025-d234-4fc1-8629-3fcdff74db09,Edge computing reduces latency by processing data closer,spark,1,18.0,ok,spark,1788523492.8703132,497.203,312.933,1
329.248,1,331.268,1788523493.221571,16,b01-o01-spark-c16,8,False,19.77,llama3.2:1b,etri-ser0002-cgnmsb,ACTIVE,309.477,00c9f0bf-11dd-4351-aa94-900b88c7d495,Edge computing reduces latency by processing data closer,spark,1,18.0,ok,spark,1788523492.890306,518.403,313.63,1
331.28,1,332.77,1788523493.242898,16,b01-o01-spark-c16,8,False,21.396,llama3.2:1b,etri-ser0002-cgnmsb,ACTIVE,309.884,5b723c2c-dd2b-40c9-aca5-e99ceebc1349,Edge computing reduces latency by processing data closer,spark,1,18.0,ok,spark,1788523492.9101305,500.532,314.673,1
333.131,1,335.026,1788523493.2646089,16,b01-o01-spark-c16,8,False,21.213,llama3.2:1b,etri-ser0002-cgnmsb,ACTIVE,311.918,f2fc22ca-10ac-48bf-abb1-4e7aa23dbb9d,Edge computing reduces latency by processing data closer,spark,1,18.0,ok,spark,1788523492.9295864,500.438,317.045,1
334.17,1,336.138,1788523493.2862844,16,b01-o01-spark-c16,8,False,21.635,llama3.2:1b,etri-ser0002-cgnmsb,ACTIVE,312.535,2145d5d9-97fc-4aed-bdbc-56b36338d8f5,Edge computing reduces latency by processing data closer,spark,1,18.0,ok,spark,1788523492.9501512,501.096,317.716,1
332.494,1,334.413,1788523493.3062782,16,b01-o01-spark-c16,8,False,20.077,llama3.2:1b,etri-ser0002-cgnmsb,ACTIVE,312.417,dcd4526a-1669-4b37-95c9-cc3dcfa263cf,Edge computing reduces latency by processing data closer,spark,1,18.0,ok,spark,1788523492.9718688,509.197,316.415,1
332.024,1,333.83,1788523493.3267019,16,b01-o01-spark-c16,8,False,20.41,llama3.2:1b,etri-ser0002-cgnmsb,ACTIVE,311.614,0c145acb-2e74-4050-8fea-b0308ef66fa5,Edge computing reduces latency by processing data closer,spark,1,18.0,ok,spark,1788523492.9928753,515.099,316.27,1
332.608,1,334.615,1788523493.3476546,16,b01-o01-spark-c16,8,False,20.805,llama3.2:1b,etri-ser0002-cgnmsb,ACTIVE,311.802,3dd4cc60-fdf6-4fa9-869c-cfa7210308f1,Edge computing reduces latency by processing data closer,spark,1,18.0,ok,spark,1788523493.0130434,501.473,316.399,1
332.139,1,333.936,1788523493.3688993,16,b01-o01-spark-c16,8,False,21.068,llama3.2:1b,etri-ser0002-cgnmsb,ACTIVE,311.071,e11e0506-bf35-4f86-861f-9ee42e479d3f,Edge computing reduces latency by processing data closer,spark,1,18.0,ok,spark,1788523493.0349662,510.334,316.271,1
331.592,1,333.837,1788523493.3890767,16,b01-o01-spark-c16,8,False,20.121,llama3.2:1b,etri-ser0002-cgnmsb,ACTIVE,311.47,cae4abeb-5e2d-4d82-8083-e8247f6d606a,Edge computing reduces latency by processing data closer,spark,1,18.0,ok,spark,1788523493.0552435,512.197,315.682,1
332.508,1,334.341,1788523493.4098566,16,b01-o01-spark-c16,8,False,20.866,llama3.2:1b,etri-ser0002-cgnmsb,ACTIVE,311.642,5eb80587-4c57-446a-b5ab-3dc2bc55670c,Edge computing reduces latency by processing data closer,spark,1,18.0,ok,spark,1788523493.0755184,487.775,315.968,1
333.16,1,334.581,1788523493.4309068,16,b01-o01-spark-c16,8,False,21.003,llama3.2:1b,etri-ser0002-cgnmsb,ACTIVE,312.157,0f938e05-2c60-46f1-bb2e-a4a7cbce39cd,Edge computing reduces latency by processing data closer,spark,1,18.0,ok,spark,1788523493.0963295,500.814,316.35,1
332.801,1,334.434,1788523493.4511955,16,b01-o01-spark-c16,8,False,20.088,llama3.2:1b,etri-ser0002-cgnmsb,ACTIVE,312.713,6150f73f-ecf8-4d95-b9fd-f4fe658836e7,Edge computing reduces latency by processing data closer,spark,1,18.0,ok,spark,1788523493.1167648,510.758,316.604,1
332.103,1,333.829,1788523493.4716866,16,b01-o01-spark-c16,8,False,20.653,llama3.2:1b,etri-ser0002-cgnmsb,ACTIVE,311.45,b7bd1f91-87c2-4095-a9b8-5959c4842068,Edge computing reduces latency by processing data closer,spark,1,18.0,ok,spark,1788523493.13786,509.035,315.956,1
333.443,1,335.581,1788523493.4945333,16,b01-o01-spark-c16,8,False,22.531,llama3.2:1b,etri-ser0002-cgnmsb,ACTIVE,310.912,f3e87b0f-457d-4f2b-befa-b9598558c4e5,Edge computing reduces latency by processing data closer,spark,1,18.0,ok,spark,1788523493.1589556,493.036,316.739,1
332.257,1,334.971,1788523493.5150013,16,b01-o01-spark-c16,8,False,20.343,llama3.2:1b,etri-ser0002-cgnmsb,ACTIVE,311.914,fd740f10-e0b0-42f4-9ec8-0bbe86118683,Edge computing reduces latency by processing data closer,spark,1,18.0,ok,spark,1788523493.1800356,515.863,316.292,1
332.583,1,334.816,1788523493.5363328,16,b01-o01-spark-c16,8,False,21.342,llama3.2:1b,etri-ser0002-cgnmsb,ACTIVE,311.241,be9d0d74-c2b4-4acb-85df-34e5758842d5,Edge computing reduces latency by processing data closer,spark,1,18.0,ok,spark,1788523493.2015204,503.778,315.961,1
333.4,1,335.431,1788523493.5570672,16,b01-o01-spark-c16,8,False,20.806,llama3.2:1b,etri-ser0002-cgnmsb,ACTIVE,312.595,a81cd2a8-4689-431e-8ae6-088c13b2f54d,Edge computing reduces latency by processing data closer,spark,1,18.0,ok,spark,1788523493.221639,509.619,317.26,1
332.833,1,335.104,1788523493.5780687,16,b01-o01-spark-c16,8,False,20.909,llama3.2:1b,etri-ser0002-cgnmsb,ACTIVE,311.923,941e33fd-d417-47b2-8019-e1c65ed6fb1a,Edge computing reduces latency by processing data closer,spark,1,18.0,ok,spark,1788523493.242971,506.778,316.531,1
331.238,1,333.599,1788523493.598286,16,b01-o01-spark-c16,8,False,20.052,llama3.2:1b,etri-ser0002-cgnmsb,ACTIVE,311.186,5dd5653a-cf2a-4b11-ab68-b270e77cb60b,Edge computing reduces latency by processing data closer,spark,1,18.0,ok,spark,1788523493.2646892,508.485,315.257,1
330.586,1,332.65,1788523493.6190302,16,b01-o01-spark-c16,8,False,20.769,llama3.2:1b,etri-ser0002-cgnmsb,ACTIVE,309.816,a98f82f1-e600-4ac1-9499-94d17cc9b86e,Edge computing reduces latency by processing data closer,spark,1,18.0,ok,spark,1788523493.2863824,494.896,314.239,1
331.87,1,334.071,1788523493.6404219,16,b01-o01-spark-c16,8,False,21.286,llama3.2:1b,etri-ser0002-cgnmsb,ACTIVE,310.584,765a107f-e5a0-4ea1-8941-eb99d484d7fd,Edge computing reduces latency by processing data closer,spark,1,18.0,ok,spark,1788523493.3063536,517.364,315.413,1
332.053,1,334.168,1788523493.6609554,16,b01-o01-spark-c16,8,False,20.425,llama3.2:1b,etri-ser0002-cgnmsb,ACTIVE,311.629,879bd80e-83a7-4411-9591-c274da48c2fb,Edge computing reduces latency by processing data closer,spark,1,18.0,ok,spark,1788523493.3267894,515.597,316.234,1
332.508,1,334.553,1788523493.6822796,16,b01-o01-spark-c16,8,False,21.253,llama3.2:1b,etri-ser0002-cgnmsb,ACTIVE,311.255,97a8175b-95d5-42a7-b2f2-84d9fc546813,Edge computing reduces latency by processing data closer,spark,1,18.0,ok,spark,1788523493.3477297,492.156,315.929,1
331.778,1,333.875,1788523493.702907,16,b01-o01-spark-c16,8,False,20.524,llama3.2:1b,etri-ser0002-cgnmsb,ACTIVE,311.254,dcb8a4e0-22b4-431e-8d2f-677ed62cd8f0,Edge computing reduces latency by processing data closer,spark,1,18.0,ok,spark,1788523493.3690348,520.901,315.728,1
331.778,1,333.953,1788523493.7231417,16,b01-o01-spark-c16,8,False,20.096,llama3.2:1b,etri-ser0002-cgnmsb,ACTIVE,311.682,83d03ae5-327d-4754-a3d7-dd3bd1b01dfb,Edge computing reduces latency by processing data closer,spark,1,18.0,ok,spark,1788523493.3891912,521.308,316.153,1
331.452,1,333.802,1788523493.7437503,16,b01-o01-spark-c16,8,False,20.494,llama3.2:1b,etri-ser0002-cgnmsb,ACTIVE,310.958,5f06811f-5aad-4b4d-909f-7707c8686672,Edge computing reduces latency by processing data closer,spark,1,18.0,ok,spark,1788523493.4099505,518.84,315.524,1
331.623,1,334.021,1788523493.7650356,16,b01-o01-spark-c16,8,False,21.168,llama3.2:1b,etri-ser0002-cgnmsb,ACTIVE,310.455,22f62001-c8cf-4276-baff-5ee5567681e6,Edge computing reduces latency by processing data closer,spark,1,18.0,ok,spark,1788523493.4310176,500.751,314.794,1
332.536,1,334.794,1788523493.7860646,16,b01-o01-spark-c16,8,False,21.02,llama3.2:1b,etri-ser0002-cgnmsb,ACTIVE,311.516,8ad2e9df-9525-48c9-a92b-232a789bf2c9,Edge computing reduces latency by processing data closer,spark,1,18.0,ok,spark,1788523493.4512737,506.329,316.333,1
333.339,1,335.872,1788523493.8076136,16,b01-o01-spark-c16,8,False,21.547,llama3.2:1b,etri-ser0002-cgnmsb,ACTIVE,311.792,4066c092-25cd-453f-a8fa-e9475fcff22a,Edge computing reduces latency by processing data closer,spark,1,18.0,ok,spark,1788523493.4717438,487.24,316.807,1
332.241,1,334.624,1788523493.829236,16,b01-o01-spark-c16,8,False,21.252,llama3.2:1b,etri-ser0002-cgnmsb,ACTIVE,310.989,fd282aff-f71a-4f5f-83a5-45088003f509,Edge computing reduces latency by processing data closer,spark,1,18.0,ok,spark,1788523493.494615,497.512,315.944,1
333.25,1,335.631,1788523493.850726,16,b01-o01-spark-c16,8,False,21.214,llama3.2:1b,etri-ser0002-cgnmsb,ACTIVE,312.037,91e45c35-c9d5-496c-9ec2-87a31039efcc,Edge computing reduces latency by processing data closer,spark,1,18.0,ok,spark,1788523493.5150974,518.101,316.992,1
331.615,1,334.252,1788523493.8706722,16,b01-o01-spark-c16,8,False,19.992,llama3.2:1b,etri-ser0002-cgnmsb,ACTIVE,311.622,55561de3-25a6-4768-b935-97c4fe2a0465,Edge computing reduces latency by processing data closer,spark,1,18.0,ok,spark,1788523493.5364234,545.405,316.4,1
330.206,1,332.173,1788523493.8893058,16,b01-o01-spark-c16,8,False,19.075,llama3.2:1b,etri-ser0002-cgnmsb,ACTIVE,311.131,45769e53-a9f7-4685-87a3-ed7ee6db23d9,Edge computing reduces latency by processing data closer,spark,1,18.0,ok,spark,1788523493.557134,547.27,315.215,1
328.22,1,330.503,1788523493.9086502,16,b01-o01-spark-c16,8,False,19.264,llama3.2:1b,etri-ser0002-cgnmsb,ACTIVE,308.956,0200cbdc-205d-479f-a54c-0eb7eca456cb,Edge computing reduces latency by processing data closer,spark,1,18.0,ok,spark,1788523493.578148,544.255,313.367,1
327.512,1,329.428,1788523493.9277873,16,b01-o01-spark-c16,8,False,19.152,llama3.2:1b,etri-ser0002-cgnmsb,ACTIVE,308.36,eb01b042-d23b-4062-b848-86c325b370ae,Edge computing reduces latency by processing data closer,spark,1,18.0,ok,spark,1788523493.59836,545.628,312.375,1
326.357,1,327.806,1788523493.9469106,16,b01-o01-spark-c16,8,False,18.994,llama3.2:1b,etri-ser0002-cgnmsb,ACTIVE,307.363,9632446a-c68f-434b-a4cb-a0b6337b1587,Edge computing reduces latency by processing data closer,spark,1,18.0,ok,spark,1788523493.6191053,544.922,310.932,1
324.278,1,326.217,1788523493.9667072,16,b01-o01-spark-c16,8,False,19.395,llama3.2:1b,etri-ser0002-cgnmsb,ACTIVE,304.883,5b55371d-74b9-4dd7-a568-f35cb0254e6c,Edge computing reduces latency by processing data closer,spark,1,18.0,ok,spark,1788523493.6404905,545.145,309.028,1
322.22,1,324.852,1788523493.9859073,16,b01-o01-spark-c16,8,False,18.929,llama3.2:1b,etri-ser0002-cgnmsb,ACTIVE,303.291,c641e90a-4219-4803-8bfe-d6facccb76a7,Edge computing reduces latency by processing data closer,spark,1,18.0,ok,spark,1788523493.661058,541.309,307.278,1
321.826,1,323.741,1788523494.0060863,16,b01-o01-spark-c16,8,False,20.17,llama3.2:1b,etri-ser0002-cgnmsb,ACTIVE,301.656,37416a70-3324-4190-9a7e-96b68fc051f0,Edge computing reduces latency by processing data closer,spark,1,18.0,ok,spark,1788523493.6823478,520.19,305.842,1
319.634,1,322.298,1788523494.0252883,16,b01-o01-spark-c16,8,False,19.014,llama3.2:1b,etri-ser0002-cgnmsb,ACTIVE,300.62,068d07eb-8042-4235-a13a-ba4fd216d77d,Edge computing reduces latency by processing data closer,spark,1,18.0,ok,spark,1788523493.7029932,542.851,304.457,1
320.075,1,322.203,1788523494.045454,16,b01-o01-spark-c16,8,False,20.067,llama3.2:1b,etri-ser0002-cgnmsb,ACTIVE,300.009,e59a4207-a68e-4913-9b3e-3907754e6c9a,Edge computing reduces latency by processing data closer,spark,1,18.0,ok,spark,1788523493.723253,539.847,304.747,1
319.066,1,321.087,1788523494.0649357,16,b01-o01-spark-c16,8,False,19.55,llama3.2:1b,etri-ser0002-cgnmsb,ACTIVE,299.516,acde52f7-d7e2-4b12-ab10-259a5983db64,Edge computing reduces latency by processing data closer,spark,1,18.0,ok,spark,1788523493.7438498,543.811,303.924,1
316.731,1,319.046,1788523494.0841658,16,b01-o01-spark-c16,8,False,19.143,llama3.2:1b,etri-ser0002-cgnmsb,ACTIVE,297.588,7a0b998c-9783-436d-a0e7-a6f7a766c408,Edge computing reduces latency by processing data closer,spark,1,18.0,ok,spark,1788523493.7651205,545.554,301.566,1
315.597,1,317.657,1788523494.1037946,16,b01-o01-spark-c16,8,False,19.339,llama3.2:1b,etri-ser0002-cgnmsb,ACTIVE,296.258,de74e910-e70e-404e-a1dd-1e2ef84799f0,Edge computing reduces latency by processing data closer,spark,1,18.0,ok,spark,1788523493.7861395,546.187,300.392,1
313.278,1,315.548,1788523494.1232312,16,b01-o01-spark-c16,8,False,19.04,llama3.2:1b,etri-ser0002-cgnmsb,ACTIVE,294.238,d6c011c4-9c9d-43d9-a7d3-3b4cd5e89fd8,Edge computing reduces latency by processing data closer,spark,1,18.0,ok,spark,1788523493.807686,547.009,298.265,1
310.544,1,313.509,1788523494.142821,16,b01-o01-spark-c16,8,False,19.558,llama3.2:1b,etri-ser0002-cgnmsb,ACTIVE,290.987,1c508ada-d55e-4b63-800f-9133d4dd910f,Edge computing reduces latency by processing data closer,spark,1,18.0,ok,spark,1788523493.8293142,526.35,295.17,1
309.418,1,311.407,1788523494.1621983,16,b01-o01-spark-c16,8,False,19.253,llama3.2:1b,etri-ser0002-cgnmsb,ACTIVE,290.166,02e22c4e-306a-4ab5-98cc-fac9b35c364a,Edge computing reduces latency by processing data closer,spark,1,18.0,ok,spark,1788523493.850795,541.199,294.251,1
308.591,1,311.43,1788523494.1821876,16,b01-o01-spark-c16,8,False,19.735,llama3.2:1b,etri-ser0002-cgnmsb,ACTIVE,288.857,a6ead735-0e8f-4ac8-a610-3ab3306079f2,Edge computing reduces latency by processing data closer,spark,1,18.0,ok,spark,1788523493.8707604,540.687,292.984,1
309.987,1,311.681,1788523494.2010145,16,b01-o01-spark-c16,8,False,18.845,llama3.2:1b,etri-ser0002-cgnmsb,ACTIVE,291.142,7028af31-6ba5-421c-8619-e32dfcede48a,Edge computing reduces latency by processing data closer,spark,1,18.0,ok,spark,1788523493.8893359,544.107,295.041,1
310.12,1,312.065,1788523494.220739,16,b01-o01-spark-c16,8,False,19.507,llama3.2:1b,etri-ser0002-cgnmsb,ACTIVE,290.613,e69a6676-5061-42e0-83d6-69a59bd411a5,Edge computing reduces latency by processing data closer,spark,1,18.0,ok,spark,1788523493.9086764,546.224,295.448,1
310.57,1,312.264,1788523494.2400699,16,b01-o01-spark-c16,8,False,19.297,llama3.2:1b,etri-ser0002-cgnmsb,ACTIVE,291.273,cade05d7-9551-4d9b-8fe5-6786e9b0e14b,Edge computing reduces latency by processing data closer,spark,1,18.0,ok,spark,1788523493.9278095,544.885,295.538,1
310.956,1,312.814,1788523494.2597473,16,b01-o01-spark-c16,8,False,19.518,llama3.2:1b,etri-ser0002-cgnmsb,ACTIVE,291.437,769620dc-8c30-48f3-8d19-a7492758b266,Edge computing reduces latency by processing data closer,spark,1,18.0,ok,spark,1788523493.946937,542.263,296.019,1
311.119,1,312.917,1788523494.2796504,16,b01-o01-spark-c16,8,False,19.941,llama3.2:1b,etri-ser0002-cgnmsb,ACTIVE,291.177,64cee731-4855-42d2-af1d-49ddc3572a46,Edge computing reduces latency by processing data closer,spark,1,18.0,ok,spark,1788523493.9667368,543.885,295.946,1
311.478,1,313.797,1788523494.2997975,16,b01-o01-spark-c16,8,False,19.843,llama3.2:1b,etri-ser0002-cgnmsb,ACTIVE,291.634,0f4a1795-594d-40ea-a224-072e02a46826,Edge computing reduces latency by processing data closer,spark,1,18.0,ok,spark,1788523493.9860036,539.265,296.192,1
311.774,1,313.654,1788523494.3198078,16,b01-o01-spark-c16,8,False,19.998,llama3.2:1b,etri-ser0002-cgnmsb,ACTIVE,291.776,6d6c1ac3-b92a-4ecb-9b1a-db3310778c0d,Edge computing reduces latency by processing data closer,spark,1,18.0,ok,spark,1788523494.0061572,542.446,296.613,1
311.878,1,314.442,1788523494.3397973,16,b01-o01-spark-c16,8,False,19.835,llama3.2:1b,etri-ser0002-cgnmsb,ACTIVE,292.043,4a2fc4a8-5f5f-48ad-b355-66fffc152b28,Edge computing reduces latency by processing data closer,spark,1,18.0,ok,spark,1788523494.025358,545.331,296.306,1
311.801,1,314.021,1788523494.359555,16,b01-o01-spark-c16,8,False,19.708,llama3.2:1b,etri-ser0002-cgnmsb,ACTIVE,292.093,d88dd4b3-2217-41f0-af03-3294c22035eb,Edge computing reduces latency by processing data closer,spark,1,18.0,ok,spark,1788523494.045537,541.969,296.672,1
312.287,1,314.454,1788523494.37943,16,b01-o01-spark-c16,8,False,19.764,llama3.2:1b,etri-ser0002-cgnmsb,ACTIVE,292.523,17461fd6-9d95-4bde-ba77-17acc1e95c46,Edge computing reduces latency by processing data closer,spark,1,18.0,ok,spark,1788523494.0649784,546.299,297.386,1
312.838,1,314.598,1788523494.3987958,16,b01-o01-spark-c16,8,False,19.367,llama3.2:1b,etri-ser0002-cgnmsb,ACTIVE,293.471,5aa153f2-f896-481c-8876-a9d002e736ba,Edge computing reduces latency by processing data closer,spark,1,18.0,ok,spark,1788523494.0842006,546.822,297.899,1
312.631,1,314.555,1788523494.4183962,16,b01-o01-spark-c16,8,False,19.389,llama3.2:1b,etri-ser0002-cgnmsb,ACTIVE,293.241,ce2e015a-9f74-4af9-8ae4-c50d3a7c291c,Edge computing reduces latency by processing data closer,spark,1,18.0,ok,spark,1788523494.1038437,542.152,297.379,1
312.9,1,314.908,1788523494.4382088,16,b01-o01-spark-c16,8,False,19.781,llama3.2:1b,etri-ser0002-cgnmsb,ACTIVE,293.118,86f8aa0d-19b0-4137-b7bc-653a40534014,Edge computing reduces latency by processing data closer,spark,1,18.0,ok,spark,1788523494.1233037,542.594,297.791,1
313.515,1,315.87,1788523494.458765,16,b01-o01-spark-c16,8,False,20.265,llama3.2:1b,etri-ser0002-cgnmsb,ACTIVE,293.25,bd8850a1-d318-4afc-b1c2-1319b91bfe6e,Edge computing reduces latency by processing data closer,spark,1,18.0,ok,spark,1788523494.1428983,540.943,298.442,1
313.899,1,316.212,1788523494.478487,16,b01-o01-spark-c16,8,False,19.626,llama3.2:1b,etri-ser0002-cgnmsb,ACTIVE,294.273,7a1aa692-c11e-4c68-870c-0ee3a59847da,Edge computing reduces latency by processing data closer,spark,1,18.0,ok,spark,1788523494.1622775,540.066,298.877,1
313.331,1,315.568,1788523494.4978917,16,b01-o01-spark-c16,8,False,19.417,llama3.2:1b,etri-ser0002-cgnmsb,ACTIVE,293.914,ba78cae0-75d1-4355-8c49-2bb16b5c9713,Edge computing reduces latency by processing data closer,spark,1,18.0,ok,spark,1788523494.1823268,540.03,298.102,1
314.237,1,316.284,1788523494.517365,16,b01-o01-spark-c16,8,False,19.404,llama3.2:1b,etri-ser0002-cgnmsb,ACTIVE,294.833,3d2a6d48-9ad2-455b-af67-1fd1f3670b9c,Edge computing reduces latency by processing data closer,spark,1,18.0,ok,spark,1788523494.2010832,541.822,299.458,1
314.451,1,316.544,1788523494.5373542,16,b01-o01-spark-c16,8,False,19.953,llama3.2:1b,etri-ser0002-cgnmsb,ACTIVE,294.498,69da9f4e-cc99-4dc0-b1c9-2676649ab1ae,Edge computing reduces latency by processing data closer,spark,1,18.0,ok,spark,1788523494.2208135,538.539,298.793,1
315.263,1,317.718,1788523494.5578516,16,b01-o01-spark-c16,8,False,20.462,llama3.2:1b,etri-ser0002-cgnmsb,ACTIVE,294.801,9f809b12-ced7-424f-9e44-ae42fb3ef55a,Edge computing reduces latency by processing data closer,spark,1,18.0,ok,spark,1788523494.2401364,546.709,300.126,1
315.373,1,317.619,1788523494.577437,16,b01-o01-spark-c16,8,False,19.308,llama3.2:1b,etri-ser0002-cgnmsb,ACTIVE,296.065,0b9ecd03-c9eb-4ecf-888a-62c0330e6093,Edge computing reduces latency by processing data closer,spark,1,18.0,ok,spark,1788523494.259821,547.758,300.301,1
314.972,1,317.51,1788523494.597226,16,b01-o01-spark-c16,8,False,19.6,llama3.2:1b,etri-ser0002-cgnmsb,ACTIVE,295.372,77d652bb-6e5e-4b59-8016-1ccf163c55eb,Edge computing reduces latency by processing data closer,spark,1,18.0,ok,spark,1788523494.2797186,535.117,299.614,1
315.042,1,317.548,1788523494.6174202,16,b01-o01-spark-c16,8,False,19.972,llama3.2:1b,etri-ser0002-cgnmsb,ACTIVE,295.07,c310532d-a774-471d-9a1c-4491dd2cecaf,Edge computing reduces latency by processing data closer,spark,1,18.0,ok,spark,1788523494.2998745,542.189,299.952,1
315.828,1,317.896,1788523494.637777,16,b01-o01-spark-c16,8,False,20.317,llama3.2:1b,etri-ser0002-cgnmsb,ACTIVE,295.511,e7d5b612-7edc-44e1-9d15-58708e8363b7,Edge computing reduces latency by processing data closer,spark,1,18.0,ok,spark,1788523494.3198836,545.293,300.179,1
315.767,1,317.776,1788523494.6576698,16,b01-o01-spark-c16,8,False,19.865,llama3.2:1b,etri-ser0002-cgnmsb,ACTIVE,295.902,a1fa9ac8-9020-48c0-b9ed-fb2cac4138bf,Edge computing reduces latency by processing data closer,spark,1,18.0,ok,spark,1788523494.3398962,541.235,300.481,1
316.769,1,318.947,1788523494.6785748,16,b01-o01-spark-c16,8,False,20.749,llama3.2:1b,etri-ser0002-cgnmsb,ACTIVE,296.02,bdf4a771-032e-4b3a-b4a6-755809174d18,Edge computing reduces latency by processing data closer,spark,1,18.0,ok,spark,1788523494.3596313,516.162,300.652,1
316.933,1,318.962,1788523494.698455,16,b01-o01-spark-c16,8,False,19.664,llama3.2:1b,etri-ser0002-cgnmsb,ACTIVE,297.268,6b7014ee-9200-4570-a11e-cb2b1823e522,Edge computing reduces latency by processing data closer,spark,1,18.0,ok,spark,1788523494.3794959,545.293,301.379,1
318.186,1,320.216,1788523494.719066,16,b01-o01-spark-c16,8,False,20.474,llama3.2:1b,etri-ser0002-cgnmsb,ACTIVE,297.713,4f259d24-4ed9-4180-a454-7701c9ba6027,Edge computing reduces latency by processing data closer,spark,1,18.0,ok,spark,1788523494.398853,510.432,301.916,1
319.202,1,321.391,1788523494.7398543,16,b01-o01-spark-c16,8,False,20.339,llama3.2:1b,etri-ser0002-cgnmsb,ACTIVE,298.863,9612a487-597f-4d42-a950-2c75365c140b,Edge computing reduces latency by processing data closer,spark,1,18.0,ok,spark,1788523494.4184659,530.328,303.604,1
320.082,1,322.2,1788523494.7604735,16,b01-o01-spark-c16,8,False,20.32,llama3.2:1b,etri-ser0002-cgnmsb,ACTIVE,299.762,43f91133-83e3-45a1-9d4b-b90b6065dc9b,Edge computing reduces latency by processing data closer,spark,1,18.0,ok,spark,1788523494.4382775,512.886,304.38,1
319.7,1,322.299,1788523494.7811341,16,b01-o01-spark-c16,8,False,20.737,llama3.2:1b,etri-ser0002-cgnmsb,ACTIVE,298.963,52326f2d-d4eb-4f8b-ba60-0f4121c0e449,Edge computing reduces latency by processing data closer,spark,1,18.0,ok,spark,1788523494.4588385,509.716,303.646,1
322.624,1,324.633,1788523494.8031874,16,b01-o01-spark-c16,8,False,21.848,llama3.2:1b,etri-ser0002-cgnmsb,ACTIVE,300.776,8d45cd25-bb07-439d-a691-df221b659644,Edge computing reduces latency by processing data closer,spark,1,18.0,ok,spark,1788523494.478557,486.944,305.487,1
323.016,1,325.742,1788523494.8237336,16,b01-o01-spark-c16,8,False,20.42,llama3.2:1b,etri-ser0002-cgnmsb,ACTIVE,302.596,38c43f6f-ecb4-4e27-b1cf-2a4768232bea,Edge computing reduces latency by processing data closer,spark,1,18.0,ok,spark,1788523494.4979935,519.683,307.217,1
324.941,1,326.796,1788523494.8442233,16,b01-o01-spark-c16,8,False,20.379,llama3.2:1b,etri-ser0002-cgnmsb,ACTIVE,304.562,7fda7fd0-6e03-4353-8c76-148c58ac505d,Edge computing reduces latency by processing data closer,spark,1,18.0,ok,spark,1788523494.5174289,504.128,308.904,1
326.463,1,328.628,1788523494.8660562,16,b01-o01-spark-c16,8,False,21.681,llama3.2:1b,etri-ser0002-cgnmsb,ACTIVE,304.782,d80a9328-ee98-45e4-b2f5-38950e3c37d8,Edge computing reduces latency by processing data closer,spark,1,18.0,ok,spark,1788523494.5374312,484.144,309.747,1
327.364,1,329.443,1788523494.8874,16,b01-o01-spark-c16,8,False,21.266,llama3.2:1b,etri-ser0002-cgnmsb,ACTIVE,306.098,dca916df-f959-47a6-bcea-10c0a843dc2b,Edge computing reduces latency by processing data closer,spark,1,18.0,ok,spark,1788523494.5579598,494.163,310.571,1
329.01,1,331.509,1788523494.9090216,16,b01-o01-spark-c16,8,False,21.478,llama3.2:1b,etri-ser0002-cgnmsb,ACTIVE,307.532,2f1e6619-6306-49d7-a9a2-8b0ee682951c,Edge computing reduces latency by processing data closer,spark,1,18.0,ok,spark,1788523494.5775163,522.057,313.535,1
328.602,1,331.035,1788523494.9283278,16,b01-o01-spark-c16,8,False,19.164,llama3.2:1b,etri-ser0002-cgnmsb,ACTIVE,309.439,553a99b5-0ba8-4509-b913-c2016c16c6e2,Edge computing reduces latency by processing data closer,spark,1,18.0,ok,spark,1788523494.5972953,543.22,313.518,1
328.585,1,331.348,1788523494.9488406,16,b01-o01-spark-c16,8,False,20.605,llama3.2:1b,etri-ser0002-cgnmsb,ACTIVE,307.981,2473958b-a1ad-483a-8db1-123bb28ed492,Edge computing reduces latency by processing data closer,spark,1,18.0,ok,spark,1788523494.6174955,501.128,311.979,1
330.209,1,332.214,1788523494.9700572,16,b01-o01-spark-c16,8,False,21.044,llama3.2:1b,etri-ser0002-cgnmsb,ACTIVE,309.165,5977628c-df61-4aae-9689-d98035b4b6e2,Edge computing reduces latency by processing data closer,spark,1,18.0,ok,spark,1788523494.6378465,538.249,313.994,1
329.849,1,332.229,1788523494.9899635,16,b01-o01-spark-c16,8,False,19.555,llama3.2:1b,etri-ser0002-cgnmsb,ACTIVE,310.294,324f56ef-99c3-4068-bdb4-78b563b24e71,Edge computing reduces latency by processing data closer,spark,1,18.0,ok,spark,1788523494.6577377,539.084,314.635,1
328.158,1,330.462,1788523495.0091095,16,b01-o01-spark-c16,8,False,19.265,llama3.2:1b,etri-ser0002-cgnmsb,ACTIVE,308.893,50b3c7c0-1e27-48f2-9161-486cd64181b7,Edge computing reduces latency by processing data closer,spark,1,18.0,ok,spark,1788523494.6786509,545.665,313.42,1
327.591,1,330.202,1788523495.0287254,16,b01-o01-spark-c16,8,False,19.817,llama3.2:1b,etri-ser0002-cgnmsb,ACTIVE,307.774,adc2c6e8-7599-4c8b-893a-da3ad3408908,Edge computing reduces latency by processing data closer,spark,1,18.0,ok,spark,1788523494.698525,542.962,312.857,1
327.171,1,329.304,1788523495.048441,16,b01-o01-spark-c16,8,False,19.504,llama3.2:1b,etri-ser0002-cgnmsb,ACTIVE,307.667,654c9c25-c4aa-4aef-a111-763c75677aa7,Edge computing reduces latency by processing data closer,spark,1,18.0,ok,spark,1788523494.7191384,542.814,312.065,1
325.057,1,327.357,1788523495.0673103,16,b01-o01-spark-c16,8,False,18.811,llama3.2:1b,etri-ser0002-cgnmsb,ACTIVE,306.246,abc4d27f-d1bb-46f1-b4d7-496b8edb00ac,Edge computing reduces latency by processing data closer,spark,1,18.0,ok,spark,1788523494.7399561,546.747,310.297,1
325.482,1,327.377,1788523495.0879645,16,b01-o01-spark-c16,8,False,20.424,llama3.2:1b,etri-ser0002-cgnmsb,ACTIVE,305.057,60dd3cae-613a-4d61-96e3-88e43bff72bd,Edge computing reduces latency by processing data closer,spark,1,18.0,ok,spark,1788523494.7605891,539.047,309.817,1
324.834,1,327.178,1788523495.108389,16,b01-o01-spark-c16,8,False,20.182,llama3.2:1b,etri-ser0002-cgnmsb,ACTIVE,304.653,7a95ae68-752f-4580-8afa-e44dd85a51b2,Edge computing reduces latency by processing data closer,spark,1,18.0,ok,spark,1788523494.7812138,541.712,309.583,1
322.375,1,324.618,1788523495.127876,16,b01-o01-spark-c16,8,False,19.441,llama3.2:1b,etri-ser0002-cgnmsb,ACTIVE,302.934,bf381f31-773e-40ee-9554-a878b9c56103,Edge computing reduces latency by processing data closer,spark,1,18.0,ok,spark,1788523494.8032613,544.885,307.384,1
321.441,1,324.124,1788523495.1479194,16,b01-o01-spark-c16,8,False,19.657,llama3.2:1b,etri-ser0002-cgnmsb,ACTIVE,301.784,7100198d-046e-4295-8991-df994cf4bdf7,Edge computing reduces latency by processing data closer,spark,1,18.0,ok,spark,1788523494.8237994,545.033,306.169,1
320.632,1,323.013,1788523495.1672914,16,b01-o01-spark-c16,8,False,19.465,llama3.2:1b,etri-ser0002-cgnmsb,ACTIVE,301.167,69fae01c-586a-4f70-802b-f8629e4522fe,Edge computing reduces latency by processing data closer,spark,1,18.0,ok,spark,1788523494.844282,546.15,305.646,1
319.889,1,322.868,1788523495.1890328,16,b01-o01-spark-c16,8,False,20.817,llama3.2:1b,etri-ser0002-cgnmsb,ACTIVE,299.071,14d7ebf3-a7e8-4442-a8f7-92f38e6a3cc4,Edge computing reduces latency by processing data closer,spark,1,18.0,ok,spark,1788523494.8661673,541.345,303.704,1
322.601,1,326.282,1788523495.2137475,16,b01-o01-spark-c16,8,False,24.632,llama3.2:1b,etri-ser0002-cgnmsb,ACTIVE,297.969,1ec8f391-5edb-413d-a5c3-4473c2866cc2,Edge computing reduces latency by processing data closer,spark,1,18.0,ok,spark,1788523494.8874679,542.888,306.06,1
325.834,1,327.694,1788523495.2367854,16,b01-o01-spark-c16,8,False,23.399,llama3.2:1b,etri-ser0002-cgnmsb,ACTIVE,302.435,d216d677-4e2e-45ca-b93f-c4e9cb6b4a2a,Edge computing reduces latency by processing data closer,spark,1,18.0,ok,spark,1788523494.9090936,538.286,309.831,1
329.36,1,331.739,1788523495.2601316,16,b01-o01-spark-c16,8,False,23.087,llama3.2:1b,etri-ser0002-cgnmsb,ACTIVE,306.274,5b182c62-6b25-4021-b60c-1474e5669e09,Edge computing reduces latency by processing data closer,spark,1,18.0,ok,spark,1788523494.928395,542.925,314.383,1
329.745,1,332.06,1788523495.2809718,16,b01-o01-spark-c16,8,False,20.358,llama3.2:1b,etri-ser0002-cgnmsb,ACTIVE,309.388,c527844b-cedc-4a17-a61e-f5e3a7c8f16d,Edge computing reduces latency by processing data closer,spark,1,18.0,ok,spark,1788523494.9489143,542.778,314.04,1
330.803,1,333.438,1788523495.303565,16,b01-o01-spark-c16,8,False,21.708,llama3.2:1b,etri-ser0002-cgnmsb,ACTIVE,309.095,2da89be5-2f57-46a8-b4cc-a608597c0e4c,Edge computing reduces latency by processing data closer,spark,1,18.0,ok,spark,1788523494.9701297,538.394,315.157,1
333.238,1,336.651,1788523495.326707,16,b01-o01-spark-c16,8,False,22.868,llama3.2:1b,etri-ser0002-cgnmsb,ACTIVE,310.371,cdbb013d-61ea-4c30-b617-c3d3d1eb57f5,Edge computing reduces latency by processing data closer,spark,1,18.0,ok,spark,1788523494.9900594,537.49,317.401,1
337.908,1,340.127,1788523495.3493135,16,b01-o01-spark-c16,8,False,22.897,llama3.2:1b,etri-ser0002-cgnmsb,ACTIVE,315.011,748feada-eba3-4b8d-9917-39384b9548ae,Edge computing reduces latency by processing data closer,spark,1,18.0,ok,spark,1788523495.0091898,538.467,322.302,1
342.305,1,344.851,1788523495.373607,16,b01-o01-spark-c16,8,False,23.691,llama3.2:1b,etri-ser0002-cgnmsb,ACTIVE,318.614,5db5f886-e605-4c29-bb1a-f7723a844ab6,Edge computing reduces latency by processing data closer,spark,1,18.0,ok,spark,1788523495.0287595,544.218,326.24,1
346.885,1,349.317,1788523495.3977954,16,b01-o01-spark-c16,8,False,24.315,llama3.2:1b,etri-ser0002-cgnmsb,ACTIVE,322.57,7c13db6e-f5a3-4847-9447-4d4ac14af36e,Edge computing reduces latency by processing data closer,spark,1,18.0,ok,spark,1788523495.048482,538.43,330.638,1
350.303,1,353.083,1788523495.4204261,16,b01-o01-spark-c16,8,False,21.942,llama3.2:1b,etri-ser0002-cgnmsb,ACTIVE,328.36,b0754d00-1ecc-4d9f-bd70-c0417e83bf54,Edge computing reduces latency by processing data closer,spark,1,18.0,ok,spark,1788523495.0673459,537.671,333.778,1
353.255,1,356.051,1788523495.444075,16,b01-o01-spark-c16,8,False,23.329,llama3.2:1b,etri-ser0002-cgnmsb,ACTIVE,329.926,16a54516-fcda-4efe-af82-39044d523e96,Edge computing reduces latency by processing data closer,spark,1,18.0,ok,spark,1788523495.0880268,538.648,337.431,1
356.322,1,358.843,1788523495.467306,16,b01-o01-spark-c16,8,False,23.432,llama3.2:1b,etri-ser0002-cgnmsb,ACTIVE,332.89,0f42534a-2ad4-4acb-8db8-1ca801bb3e53,Edge computing reduces latency by processing data closer,spark,1,18.0,ok,spark,1788523495.1084657,538.721,340.044,1
360.372,1,362.285,1788523495.490267,16,b01-o01-spark-c16,8,False,22.871,llama3.2:1b,etri-ser0002-cgnmsb,ACTIVE,337.501,5870b8ad-c273-42e2-bbb7-04885a7e55a3,Edge computing reduces latency by processing data closer,spark,1,18.0,ok,spark,1788523495.1279852,546.15,345.29,1
362.076,1,365.038,1788523495.5130694,16,b01-o01-spark-c16,8,False,22.201,llama3.2:1b,etri-ser0002-cgnmsb,ACTIVE,339.875,48c40807-e1d6-4b71-b009-739515756297,Edge computing reduces latency by processing data closer,spark,1,18.0,ok,spark,1788523495.148036,543.552,346.082,1
364.587,1,368.619,1788523495.5359862,16,b01-o01-spark-c16,8,False,23.034,llama3.2:1b,etri-ser0002-cgnmsb,ACTIVE,341.553,c452fc08-7bd2-4a81-a7c4-ac3e48840647,Edge computing reduces latency by processing data closer,spark,1,18.0,ok,spark,1788523495.1673698,539.374,349.875,1
362.635,1,366.272,1788523495.5553784,16,b01-o01-spark-c16,8,False,19.196,llama3.2:1b,etri-ser0002-cgnmsb,ACTIVE,343.439,39bb0188-007e-4d6c-9602-e617f1c5ab55,Edge computing reduces latency by processing data closer,spark,1,18.0,ok,spark,1788523495.18911,534.831,347.231,1
358.111,1,362.573,1788523495.5763876,16,b01-o01-spark-c16,8,False,21.036,llama3.2:1b,etri-ser0002-cgnmsb,ACTIVE,337.074,b373a921-bf09-4790-a9a6-b3b1080ecd7b,Edge computing reduces latency by processing data closer,spark,1,18.0,ok,spark,1788523495.2138166,540.139,342.524,1
357.346,1,362.905,1788523495.5997982,16,b01-o01-spark-c16,8,False,22.296,llama3.2:1b,etri-ser0002-cgnmsb,ACTIVE,335.05,d5378ed2-e2e3-4640-a65d-b9cde693ca2c,Edge computing reduces latency by processing data closer,spark,1,18.0,ok,spark,1788523495.2368958,539.302,341.152,1
362.697,1,365.19,1788523495.6253886,16,b01-o01-spark-c16,8,False,25.978,llama3.2:1b,etri-ser0002-cgnmsb,ACTIVE,336.719,520fe120-31b0-489c-8a60-beef5703afc6,Edge computing reduces latency by processing data closer,spark,1,18.0,ok,spark,1788523495.260202,529.521,346.295,1
363.148,1,366.855,1788523495.6479003,16,b01-o01-spark-c16,8,False,22.376,llama3.2:1b,etri-ser0002-cgnmsb,ACTIVE,340.773,c02dc843-a296-455d-bad5-630a34378dc4,Edge computing reduces latency by processing data closer,spark,1,18.0,ok,spark,1788523495.281048,540.358,348.119,1
360.555,1,364.155,1788523495.667784,16,b01-o01-spark-c16,8,False,19.759,llama3.2:1b,etri-ser0002-cgnmsb,ACTIVE,340.796,a9afba46-9640-449f-98e9-7a6e11830667,Edge computing reduces latency by processing data closer,spark,1,18.0,ok,spark,1788523495.3036318,539.884,345.168,1
356.431,1,360.765,1788523495.687551,16,b01-o01-spark-c16,8,False,18.976,llama3.2:1b,etri-ser0002-cgnmsb,ACTIVE,337.455,a34679e8-f510-4da8-a331-89718548fb88,Edge computing reduces latency by processing data closer,spark,1,18.0,ok,spark,1788523495.3267891,546.672,341.849,1
352.388,1,358.189,1788523495.7075763,16,b01-o01-spark-c16,8,False,19.589,llama3.2:1b,etri-ser0002-cgnmsb,ACTIVE,332.799,abc7928d-3f7d-4cac-8683-9b3545c14152,Edge computing reduces latency by processing data closer,spark,1,18.0,ok,spark,1788523495.3493903,543.368,337.082,1
348.511,1,353.182,1788523495.7268887,16,b01-o01-spark-c16,8,False,19.657,llama3.2:1b,etri-ser0002-cgnmsb,ACTIVE,328.855,db36dc3d-0edb-468f-9d04-74d3f974afc9,Edge computing reduces latency by processing data closer,spark,1,18.0,ok,spark,1788523495.3737087,544.329,332.81,1
343.436,1,348.71,1788523495.7465794,16,b01-o01-spark-c16,8,False,19.477,llama3.2:1b,etri-ser0002-cgnmsb,ACTIVE,323.959,c78238da-aba4-4ba4-89e8-f8b48d8208cc,Edge computing reduces latency by processing data closer,spark,1,18.0,ok,spark,1788523495.3978727,541.565,327.942,1
342.631,1,347.156,1788523495.767651,16,b01-o01-spark-c16,8,False,21.185,llama3.2:1b,etri-ser0002-cgnmsb,ACTIVE,321.446,55ba9b86-4121-48d9-93cb-63e369c3456d,Edge computing reduces latency by processing data closer,spark,1,18.0,ok,spark,1788523495.4204977,509.684,326.291,1
339.206,1,344.292,1788523495.7884388,16,b01-o01-spark-c16,8,False,20.359,llama3.2:1b,etri-ser0002-cgnmsb,ACTIVE,318.847,33614911-0c66-452c-9dca-c65151001cae,Edge computing reduces latency by processing data closer,spark,1,18.0,ok,spark,1788523495.4441502,515.364,323.242,1
336.483,1,340.781,1788523495.8081648,16,b01-o01-spark-c16,8,False,19.817,llama3.2:1b,etri-ser0002-cgnmsb,ACTIVE,316.666,b9910545-c056-43c3-8f30-0d74d40d46fe,Edge computing reduces latency by processing data closer,spark,1,18.0,ok,spark,1788523495.4673865,542.962,321.106,1
334.356,1,337.736,1788523495.8280787,16,b01-o01-spark-c16,8,False,19.777,llama3.2:1b,etri-ser0002-cgnmsb,ACTIVE,314.579,ae6251d0-405b-4913-8739-e45367836f76,Edge computing reduces latency by processing data closer,spark,1,18.0,ok,spark,1788523495.4903457,546.597,319.043,1
330.14,1,335.719,1788523495.8488853,16,b01-o01-spark-c16,8,False,20.437,llama3.2:1b,etri-ser0002-cgnmsb,ACTIVE,309.703,9dbcff56-32bd-488c-9bee-28cf3488c951,Edge computing reduces latency by processing data closer,spark,1,18.0,ok,spark,1788523495.5131717,538.829,314.726,1
330.437,1,332.757,1788523495.8688102,16,b01-o01-spark-c16,8,False,19.779,llama3.2:1b,etri-ser0002-cgnmsb,ACTIVE,310.658,b8548f27-3e07-4819-9581-ce4fb37bdab1,Edge computing reduces latency by processing data closer,spark,1,18.0,ok,spark,1788523495.5360572,543.404,315.571,1
330.914,1,333.034,1788523495.8884876,16,b01-o01-spark-c16,8,False,20.016,llama3.2:1b,etri-ser0002-cgnmsb,ACTIVE,310.898,fd72288a-8bdf-4cc2-9bd4-bdc537526766,Edge computing reduces latency by processing data closer,spark,1,18.0,ok,spark,1788523495.5554545,545.591,315.487,1
330.151,1,333.082,1788523495.9095607,16,b01-o01-spark-c16,8,False,21.063,llama3.2:1b,etri-ser0002-cgnmsb,ACTIVE,309.088,8f87471f-466e-4763-b923-45d159af2993,Edge computing reduces latency by processing data closer,spark,1,18.0,ok,spark,1788523495.5764797,538.938,314.832,1
324.614,1,329.918,1788523495.9298115,16,b01-o01-spark-c16,8,False,20.193,llama3.2:1b,etri-ser0002-cgnmsb,ACTIVE,304.421,171ddca9-5287-4650-bbc0-0ce215daed1d,Edge computing reduces latency by processing data closer,spark,1,18.0,ok,spark,1788523495.5998936,539.265,308.704,1
320.217,1,324.193,1788523495.9496608,16,b01-o01-spark-c16,8,False,19.708,llama3.2:1b,etri-ser0002-cgnmsb,ACTIVE,300.509,51f9296d-d2ee-4f83-b18e-02031d4f3838,Edge computing reduces latency by processing data closer,spark,1,18.0,ok,spark,1788523495.6254673,541.528,305.047,1
319.745,1,321.544,1788523495.969549,16,b01-o01-spark-c16,8,False,19.92,llama3.2:1b,etri-ser0002-cgnmsb,ACTIVE,299.824,9f20e062-534c-4bb6-9a4f-71629ddfa2dc,Edge computing reduces latency by processing data closer,spark,1,18.0,ok,spark,1788523495.6480057,545.591,304.732,1
319.282,1,321.82,1788523495.9896712,16,b01-o01-spark-c16,8,False,19.809,llama3.2:1b,etri-ser0002-cgnmsb,ACTIVE,299.474,1429eb70-d1ae-44c4-8b24-56e37e50eb44,Edge computing reduces latency by processing data closer,spark,1,18.0,ok,spark,1788523495.667854,545.777,304.209,1
319.8,1,322.039,1788523496.0096767,16,b01-o01-spark-c16,8,False,19.876,llama3.2:1b,etri-ser0002-cgnmsb,ACTIVE,299.924,b6a96e22-f3e8-49c3-b331-1c47e8c3bb2b,Edge computing reduces latency by processing data closer,spark,1,18.0,ok,spark,1788523495.687641,544.033,304.345,1
321.294,1,323.457,1788523496.031108,16,b01-o01-spark-c16,8,False,20.972,llama3.2:1b,etri-ser0002-cgnmsb,ACTIVE,300.322,c2e95239-e34a-48db-ac70-b53152667191,Edge computing reduces latency by processing data closer,spark,1,18.0,ok,spark,1788523495.7076535,539.12,305.715,1
322.586,1,324.442,1788523496.051428,16,b01-o01-spark-c16,8,False,20.528,llama3.2:1b,etri-ser0002-cgnmsb,ACTIVE,302.058,61af3076-740e-454f-82cd-ccae75f790de,Edge computing reduces latency by processing data closer,spark,1,18.0,ok,spark,1788523495.726988,544.218,307.27,1
322.438,1,324.546,1788523496.0712118,16,b01-o01-spark-c16,8,False,19.826,llama3.2:1b,etri-ser0002-cgnmsb,ACTIVE,302.612,77e64e6f-fcf4-4636-b604-2bd452d31c7d,Edge computing reduces latency by processing data closer,spark,1,18.0,ok,spark,1788523495.746667,540.321,307.146,1
320.847,1,322.709,1788523496.0904284,16,b01-o01-spark-c16,8,False,19.328,llama3.2:1b,etri-ser0002-cgnmsb,ACTIVE,301.518,ef83e08f-6faa-4a64-a9bf-86547d0e7c62,Edge computing reduces latency by processing data closer,spark,1,18.0,ok,spark,1788523495.7677205,546.373,305.749,1
319.569,1,321.633,1788523496.11015,16,b01-o01-spark-c16,8,False,19.271,llama3.2:1b,etri-ser0002-cgnmsb,ACTIVE,300.297,d048bd9b-441d-4076-aa86-1590609e40cb,Edge computing reduces latency by processing data closer,spark,1,18.0,ok,spark,1788523495.7885196,541.785,304.165,1
319.318,1,322.017,1788523496.1302488,16,b01-o01-spark-c16,8,False,19.809,llama3.2:1b,etri-ser0002-cgnmsb,ACTIVE,299.51,3798dc80-7c9a-4517-afec-258e4cced4b8,Edge computing reduces latency by processing data closer,spark,1,18.0,ok,spark,1788523495.8082347,547.009,304.449,1
319.785,1,322.225,1788523496.1503706,16,b01-o01-spark-c16,8,False,19.906,llama3.2:1b,etri-ser0002-cgnmsb,ACTIVE,299.88,c3c011e6-1b3d-4467-be06-7623042fffb8,Edge computing reduces latency by processing data closer,spark,1,18.0,ok,spark,1788523495.828148,546.336,304.217,1
318.143,1,320.851,1788523496.1698647,16,b01-o01-spark-c16,8,False,19.358,llama3.2:1b,etri-ser0002-cgnmsb,ACTIVE,298.785,3f4c6d2a-4d58-4763-9a82-725d2d6a7a14,Edge computing reduces latency by processing data closer,spark,1,18.0,ok,spark,1788523495.8490179,542.483,303.088,1
317.897,1,320.694,1788523496.1896713,16,b01-o01-spark-c16,8,False,19.836,llama3.2:1b,etri-ser0002-cgnmsb,ACTIVE,298.061,8927e529-50cd-487b-9c5f-09a6f0495505,Edge computing reduces latency by processing data closer,spark,1,18.0,ok,spark,1788523495.8689792,540.943,303.158,1
317.984,1,321.119,1788523496.2096305,16,b01-o01-spark-c16,8,False,19.859,llama3.2:1b,etri-ser0002-cgnmsb,ACTIVE,298.125,7cf3f086-4905-4cac-bbb9-4da2ab436033,Edge computing reduces latency by processing data closer,spark,1,18.0,ok,spark,1788523495.8885143,541.638,302.491,1
318.92,1,320.958,1788523496.2305408,16,b01-o01-spark-c16,8,False,20.78,llama3.2:1b,etri-ser0002-cgnmsb,ACTIVE,298.14,0be38b79-b581-4f62-a132-b4b16bfca37e,Edge computing reduces latency by processing data closer,spark,1,18.0,ok,spark,1788523495.9095852,537.598,303.283,1
318.741,1,320.876,1788523496.2507026,16,b01-o01-spark-c16,8,False,19.823,llama3.2:1b,etri-ser0002-cgnmsb,ACTIVE,298.918,ac2d6503-fc12-403b-8afd-32c3afb2b525,Edge computing reduces latency by processing data closer,spark,1,18.0,ok,spark,1788523495.9298296,546.859,303.603,1
317.955,1,320.239,1788523496.269912,16,b01-o01-spark-c16,8,False,19.167,llama3.2:1b,etri-ser0002-cgnmsb,ACTIVE,298.789,37c4ee6a-4d92-4208-bd94-52d379f461f0,Edge computing reduces latency by processing data closer,spark,1,18.0,ok,spark,1788523495.9496768,544.885,302.945,1
318.341,1,320.364,1788523496.289941,16,b01-o01-spark-c16,8,False,19.928,llama3.2:1b,etri-ser0002-cgnmsb,ACTIVE,298.413,142cc2e8-8dd6-4289-b515-d1c55ae4e8b0,Edge computing reduces latency by processing data closer,spark,1,18.0,ok,spark,1788523495.9695795,546.784,302.71,1
317.759,1,319.79,1788523496.3095276,16,b01-o01-spark-c16,8,False,19.594,llama3.2:1b,etri-ser0002-cgnmsb,ACTIVE,298.165,60e39ab2-2cd1-413d-8001-34b6b78731cf,Edge computing reduces latency by processing data closer,spark,1,18.0,ok,spark,1788523495.9897404,546.038,302.627,1
316.72,1,319.347,1788523496.3290896,16,b01-o01-spark-c16,8,False,19.314,llama3.2:1b,etri-ser0002-cgnmsb,ACTIVE,297.406,42c0b619-3c21-4669-8143-b94e3470e2b5,Edge computing reduces latency by processing data closer,spark,1,18.0,ok,spark,1788523496.0097454,547.121,301.264,1
314.772,1,317.508,1788523496.3486989,16,b01-o01-spark-c16,8,False,19.662,llama3.2:1b,etri-ser0002-cgnmsb,ACTIVE,295.109,9f3bc8ec-2a81-4975-a660-99327499416b,Edge computing reduces latency by processing data closer,spark,1,18.0,ok,spark,1788523496.0311944,544.885,299.466,1
314.864,1,316.844,1788523496.3683274,16,b01-o01-spark-c16,8,False,19.651,llama3.2:1b,etri-ser0002-cgnmsb,ACTIVE,295.213,985f960e-ab07-4e21-9603-fde0db624eb2,Edge computing reduces latency by processing data closer,spark,1,18.0,ok,spark,1788523496.0514865,542.263,299.295,1
315.03,1,317.666,1788523496.3889086,16,b01-o01-spark-c16,8,False,20.146,llama3.2:1b,etri-ser0002-cgnmsb,ACTIVE,294.884,c311196b-ff62-47b3-b86b-df4fb064f772,Edge computing reduces latency by processing data closer,spark,1,18.0,ok,spark,1788523496.0712469,546.934,299.928,1
315.419,1,317.069,1788523496.4075205,16,b01-o01-spark-c16,8,False,19.061,llama3.2:1b,etri-ser0002-cgnmsb,ACTIVE,296.358,54a1bd6f-30e8-4d95-ab02-e70d90714e93,Edge computing reduces latency by processing data closer,spark,1,18.0,ok,spark,1788523496.090453,548.133,300.492,1
315.666,1,317.702,1788523496.4279113,16,b01-o01-spark-c16,8,False,20.184,llama3.2:1b,etri-ser0002-cgnmsb,ACTIVE,295.482,cd61165a-1125-4c87-a981-7ecf5064fd61,Edge computing reduces latency by processing data closer,spark,1,18.0,ok,spark,1788523496.110211,538.43,300.232,1
316.633,1,319.048,1788523496.4493725,16,b01-o01-spark-c16,8,False,21.14,llama3.2:1b,etri-ser0002-cgnmsb,ACTIVE,295.493,8a49a85d-820d-44d3-8a21-d452f5ec82cf,Edge computing reduces latency by processing data closer,spark,1,18.0,ok,spark,1788523496.1303267,504.191,300.237,1
317.798,1,319.834,1788523496.4702663,16,b01-o01-spark-c16,8,False,20.771,llama3.2:1b,etri-ser0002-cgnmsb,ACTIVE,297.026,3b810716-f7fc-43cc-a0e4-86d109534aca,Edge computing reduces latency by processing data closer,spark,1,18.0,ok,spark,1788523496.150435,537.526,302.564,1
318.646,1,321.143,1788523496.4911246,16,b01-o01-spark-c16,8,False,20.473,llama3.2:1b,etri-ser0002-cgnmsb,ACTIVE,298.172,b20182a0-7ba3-43eb-b7c4-a68f7f191df0,Edge computing reduces latency by processing data closer,spark,1,18.0,ok,spark,1788523496.1699853,546.971,302.963,1
318.878,1,321.693,1788523496.5114312,16,b01-o01-spark-c16,8,False,20.139,llama3.2:1b,etri-ser0002-cgnmsb,ACTIVE,298.739,a88dc390-5841-4121-9ce9-9722b192eefe,Edge computing reduces latency by processing data closer,spark,1,18.0,ok,spark,1788523496.189741,546.299,303.295,1
319.633,1,322.203,1788523496.5319078,16,b01-o01-spark-c16,8,False,20.267,llama3.2:1b,etri-ser0002-cgnmsb,ACTIVE,299.366,2411e56c-c295-4423-9104-ece9c4c24f60,Edge computing reduces latency by processing data closer,spark,1,18.0,ok,spark,1788523496.2097075,533.511,304.151,1
318.174,1,320.555,1788523496.5511594,16,b01-o01-spark-c16,8,False,19.116,llama3.2:1b,etri-ser0002-cgnmsb,ACTIVE,299.058,843c8579-7d76-46da-b99c-03c6642d897c,Edge computing reduces latency by processing data closer,spark,1,18.0,ok,spark,1788523496.2306073,545.814,303.255,1
318.118,1,320.092,1788523496.5708659,16,b01-o01-spark-c16,8,False,19.69,llama3.2:1b,etri-ser0002-cgnmsb,ACTIVE,298.428,dc260d39-1ff5-4953-83f4-908b4b248374,Edge computing reduces latency by processing data closer,spark,1,18.0,ok,spark,1788523496.2507772,546.336,302.756,1
318.197,1,320.438,1788523496.5904572,16,b01-o01-spark-c16,8,False,19.305,llama3.2:1b,etri-ser0002-cgnmsb,ACTIVE,298.892,66ad2c20-a620-45fe-8dcf-24f0d87fba0c,Edge computing reduces latency by processing data closer,spark,1,18.0,ok,spark,1788523496.2700222,545.368,302.877,1
316.647,1,318.97,1788523496.6089878,16,b01-o01-spark-c16,8,False,18.674,llama3.2:1b,etri-ser0002-cgnmsb,ACTIVE,297.973,0db0644a-0547-4d97-8ddb-aebedf16b569,Edge computing reduces latency by processing data closer,spark,1,18.0,ok,spark,1788523496.2900207,546.784,301.775,1
317.271,1,318.977,1788523496.6285741,16,b01-o01-spark-c16,8,False,19.844,llama3.2:1b,etri-ser0002-cgnmsb,ACTIVE,297.427,5af22082-459b-4033-af9f-5525843d7586,Edge computing reduces latency by processing data closer,spark,1,18.0,ok,spark,1788523496.3095977,546.336,302.334,1
317.473,1,319.134,1788523496.6482902,16,b01-o01-spark-c16,8,False,19.369,llama3.2:1b,etri-ser0002-cgnmsb,ACTIVE,298.104,002f5c4e-9d47-4a4d-bc97-6b66df2559a7,Edge computing reduces latency by processing data closer,spark,1,18.0,ok,spark,1788523496.3291566,546.262,302.184,1
318.249,1,320.117,1788523496.6688907,16,b01-o01-spark-c16,8,False,20.505,llama3.2:1b,etri-ser0002-cgnmsb,ACTIVE,297.745,32e0362b-bd82-48f3-8748-bc71ca6a6725,Edge computing reduces latency by processing data closer,spark,1,18.0,ok,spark,1788523496.3487747,546.896,301.942,1
317.934,1,320.446,1788523496.6888406,16,b01-o01-spark-c16,8,False,19.601,llama3.2:1b,etri-ser0002-cgnmsb,ACTIVE,298.334,b2092661-25ab-4b22-ad75-18bf0d2efec2,Edge computing reduces latency by processing data closer,spark,1,18.0,ok,spark,1788523496.3683975,535.906,302.514,1
317.184,1,319.723,1788523496.7087495,16,b01-o01-spark-c16,8,False,19.647,llama3.2:1b,etri-ser0002-cgnmsb,ACTIVE,297.538,c06d4100-713e-406d-80eb-2a69e87dc6b9,Edge computing reduces latency by processing data closer,spark,1,18.0,ok,spark,1788523496.3890302,543.515,301.767,1
318.351,1,320.716,1788523496.7282677,16,b01-o01-spark-c16,8,False,19.718,llama3.2:1b,etri-ser0002-cgnmsb,ACTIVE,298.633,0d4a6a6d-c77e-4524-aea2-f526c83cc129,Edge computing reduces latency by processing data closer,spark,1,18.0,ok,spark,1788523496.4075546,546.859,303.248,1
317.72,1,320.24,1788523496.7482257,16,b01-o01-spark-c16,8,False,19.596,llama3.2:1b,etri-ser0002-cgnmsb,ACTIVE,298.123,77d3301a-e1e2-4dda-82da-780d027b1e1e,Edge computing reduces latency by processing data closer,spark,1,18.0,ok,spark,1788523496.4279885,545.108,302.903,1
315.428,1,318.108,1788523496.7675474,16,b01-o01-spark-c16,8,False,19.464,llama3.2:1b,etri-ser0002-cgnmsb,ACTIVE,295.963,b359ddb1-abe7-4089-b318-2a455eadd77e,Edge computing reduces latency by processing data closer,spark,1,18.0,ok,spark,1788523496.449442,546.187,300.313,1
314.885,1,317.296,1788523496.7876291,16,b01-o01-spark-c16,8,False,19.503,llama3.2:1b,etri-ser0002-cgnmsb,ACTIVE,295.382,a23d7020-7384-4d3d-9e07-6700d658dbcc,Edge computing reduces latency by processing data closer,spark,1,18.0,ok,spark,1788523496.4703357,542.52,299.62,1
314.203,1,316.032,1788523496.8072405,16,b01-o01-spark-c16,8,False,19.504,llama3.2:1b,etri-ser0002-cgnmsb,ACTIVE,294.7,814637bb-e191-4980-8220-391e7c3eebd8,Edge computing reduces latency by processing data closer,spark,1,18.0,ok,spark,1788523496.4912112,544.811,299.41,1
313.454,1,315.274,1788523496.8267717,16,b01-o01-spark-c16,8,False,19.531,llama3.2:1b,etri-ser0002-cgnmsb,ACTIVE,293.923,ec8d14b5-98a9-4a8d-90b0-a6a0b6d19455,Edge computing reduces latency by processing data closer,spark,1,18.0,ok,spark,1788523496.5115004,545.293,298.335,1
312.594,1,314.429,1788523496.8464706,16,b01-o01-spark-c16,8,False,19.585,llama3.2:1b,etri-ser0002-cgnmsb,ACTIVE,293.009,d64be5bf-1c64-4b92-b4ff-424fea37a9b7,Edge computing reduces latency by processing data closer,spark,1,18.0,ok,spark,1788523496.5320435,541.785,297.396,1
312.777,1,315.277,1788523496.8665051,16,b01-o01-spark-c16,8,False,19.832,llama3.2:1b,etri-ser0002-cgnmsb,ACTIVE,292.944,665d0d68-860a-40cc-b089-3c1e79639a59,Edge computing reduces latency by processing data closer,spark,1,18.0,ok,spark,1788523496.5512307,541.712,297.345,1
313.754,1,315.924,1788523496.8868873,16,b01-o01-spark-c16,8,False,20.442,llama3.2:1b,etri-ser0002-cgnmsb,ACTIVE,293.312,7e65f2f5-0040-4869-84b0-7dd0a143c6ea,Edge computing reduces latency by processing data closer,spark,1,18.0,ok,spark,1788523496.570966,546.262,298.689,1
314.625,1,316.823,1788523496.9073746,16,b01-o01-spark-c16,8,False,20.13,llama3.2:1b,etri-ser0002-cgnmsb,ACTIVE,294.495,f95fe741-15d4-47ad-8272-7094a8fc1517,Edge computing reduces latency by processing data closer,spark,1,18.0,ok,spark,1788523496.5905547,520.156,298.481,1
316.684,1,319.087,1788523496.928155,16,b01-o01-spark-c16,8,False,20.634,llama3.2:1b,etri-ser0002-cgnmsb,ACTIVE,296.049,3be8a927-2c71-468b-8ee8-5af3aa93dd23,Edge computing reduces latency by processing data closer,spark,1,18.0,ok,spark,1788523496.6090708,542.557,300.742,1
317.117,1,319.004,1788523496.9476078,16,b01-o01-spark-c16,8,False,19.504,llama3.2:1b,etri-ser0002-cgnmsb,ACTIVE,297.614,39e9e267-27c7-4606-8088-c654f1b79ad6,Edge computing reduces latency by processing data closer,spark,1,18.0,ok,spark,1788523496.6286066,546.859,301.816,1
317.405,1,319.097,1788523496.9674232,16,b01-o01-spark-c16,8,False,19.59,llama3.2:1b,etri-ser0002-cgnmsb,ACTIVE,297.815,8f5848d5-1fd3-439b-b7c7-3d898747b404,Edge computing reduces latency by processing data closer,spark,1,18.0,ok,spark,1788523496.6483293,542.851,302.413,1
315.789,1,317.811,1788523496.98674,16,b01-o01-spark-c16,8,False,19.285,llama3.2:1b,etri-ser0002-cgnmsb,ACTIVE,296.503,1fc1c5a0-acdf-44f6-8247-12f274b8228f,Edge computing reduces latency by processing data closer,spark,1,18.0,ok,spark,1788523496.668933,539.193,301.115,1
314.992,1,317.315,1788523497.00623,16,b01-o01-spark-c16,8,False,19.371,llama3.2:1b,etri-ser0002-cgnmsb,ACTIVE,295.621,b8ccf868-8a6f-491c-bcc3-f2c964d441f8,Edge computing reduces latency by processing data closer,spark,1,18.0,ok,spark,1788523496.6889184,545.108,300.052,1
314.051,1,316.624,1788523497.0254683,16,b01-o01-spark-c16,8,False,19.263,llama3.2:1b,etri-ser0002-cgnmsb,ACTIVE,294.788,e1d17474-c466-4c1b-bc16-ca9e97951b8f,Edge computing reduces latency by processing data closer,spark,1,18.0,ok,spark,1788523496.7088466,540.249,298.786,1
314.94,1,316.865,1788523497.0452049,16,b01-o01-spark-c16,8,False,19.755,llama3.2:1b,etri-ser0002-cgnmsb,ACTIVE,295.184,14bd693d-d638-4f77-83bc-8ff00ec95f9c,Edge computing reduces latency by processing data closer,spark,1,18.0,ok,spark,1788523496.7283442,539.884,299.858,1
314.175,1,316.62,1788523497.064919,16,b01-o01-spark-c16,8,False,19.522,llama3.2:1b,etri-ser0002-cgnmsb,ACTIVE,294.654,8bdc093f-2269-4caf-9fea-a10a394a6878,Edge computing reduces latency by processing data closer,spark,1,18.0,ok,spark,1788523496.7482996,543.7,298.926,1
316.221,1,318.136,1788523497.0857518,16,b01-o01-spark-c16,8,False,20.809,llama3.2:1b,etri-ser0002-cgnmsb,ACTIVE,295.412,3db2c186-b1ee-4c2f-80a0-bf89199194d6,Edge computing reduces latency by processing data closer,spark,1,18.0,ok,spark,1788523496.7676172,538.575,300.766,1
317.14,1,318.856,1788523497.106553,16,b01-o01-spark-c16,8,False,20.457,llama3.2:1b,etri-ser0002-cgnmsb,ACTIVE,296.683,b5d132fe-4035-4e52-9c54-ddbcabe3a43c,Edge computing reduces latency by processing data closer,spark,1,18.0,ok,spark,1788523496.7877002,544.218,301.738,1
317.206,1,319.295,1788523497.1266098,16,b01-o01-spark-c16,8,False,19.728,llama3.2:1b,etri-ser0002-cgnmsb,ACTIVE,297.478,7ac926ed-43d4-4834-a940-1735e83440b6,Edge computing reduces latency by processing data closer,spark,1,18.0,ok,spark,1788523496.807318,543.922,302.016,1
317.055,1,319.08,1788523497.1459148,16,b01-o01-spark-c16,8,False,19.369,llama3.2:1b,etri-ser0002-cgnmsb,ACTIVE,297.686,6a31e667-974a-4623-95a8-4214c14d9283,Edge computing reduces latency by processing data closer,spark,1,18.0,ok,spark,1788523496.8268378,544.07,302.229,1
316.886,1,319.098,1788523497.1656349,16,b01-o01-spark-c16,8,False,19.585,llama3.2:1b,etri-ser0002-cgnmsb,ACTIVE,297.301,bd5025b7-578d-4f55-8e5f-4f3cdb8a4387,Edge computing reduces latency by processing data closer,spark,1,18.0,ok,spark,1788523496.84654,540.249,301.657,1
316.095,1,317.86,1788523497.1844442,16,b01-o01-spark-c16,8,False,19.038,llama3.2:1b,etri-ser0002-cgnmsb,ACTIVE,297.057,0333395c-16f4-4522-a5e5-7a0cac7b5099,Edge computing reduces latency by processing data closer,spark,1,18.0,ok,spark,1788523496.866585,546.635,300.606,1
314.883,1,316.46,1788523497.2034452,16,b01-o01-spark-c16,8,False,18.997,llama3.2:1b,etri-ser0002-cgnmsb,ACTIVE,295.886,64bce3be-f0a4-44f9-a56d-d1fd95cd1b00,Edge computing reduces latency by processing data closer,spark,1,18.0,ok,spark,1788523496.8869863,545.405,299.831,1
313.221,1,314.95,1788523497.2223985,16,b01-o01-spark-c16,8,False,19.04,llama3.2:1b,etri-ser0002-cgnmsb,ACTIVE,294.181,5c2497f3-5b17-445b-9ea7-12d7738c811d,Edge computing reduces latency by processing data closer,spark,1,18.0,ok,spark,1788523496.907449,543.552,298.061,1
312.04,1,314.158,1788523497.2423873,16,b01-o01-spark-c16,8,False,19.674,llama3.2:1b,etri-ser0002-cgnmsb,ACTIVE,292.366,cdff6dfe-050a-423a-a33c-50636761bcd3,Edge computing reduces latency by processing data closer,spark,1,18.0,ok,spark,1788523496.9282308,545.145,296.902,1
310.982,1,313.201,1788523497.2608771,16,b01-o01-spark-c16,8,False,18.628,llama3.2:1b,etri-ser0002-cgnmsb,ACTIVE,292.354,7fb22745-02cd-4c12-9dd8-1ec6efd7802d,Edge computing reduces latency by processing data closer,spark,1,18.0,ok,spark,1788523496.947677,546.075,296.165,1
311.981,1,313.699,1788523497.2811906,16,b01-o01-spark-c16,8,False,20.253,llama3.2:1b,etri-ser0002-cgnmsb,ACTIVE,291.729,58c5ee24-f973-431c-b7df-2376aabeac52,Edge computing reduces latency by processing data closer,spark,1,18.0,ok,spark,1788523496.967492,491.763,295.389,1
312.564,1,314.166,1788523497.3009825,16,b01-o01-spark-c16,8,False,18.554,llama3.2:1b,etri-ser0002-cgnmsb,ACTIVE,294.01,e4027c71-e549-42f8-8722-cf8651c81b52,Edge computing reduces latency by processing data closer,spark,1,18.0,ok,spark,1788523496.9868164,546.038,297.638,1
312.314,1,313.987,1788523497.320292,16,b01-o01-spark-c16,8,False,19.046,llama3.2:1b,etri-ser0002-cgnmsb,ACTIVE,293.268,4080bf8c-5afb-465c-a890-92aae38687ed,Edge computing reduces latency by processing data closer,spark,1,18.0,ok,spark,1788523497.0063055,540.65,297.129,1
312.317,1,313.862,1788523497.3393986,16,b01-o01-spark-c16,8,False,19.218,llama3.2:1b,etri-ser0002-cgnmsb,ACTIVE,293.099,fee837a0-fabf-4c99-8ecf-4277a3fb81dc,Edge computing reduces latency by processing data closer,spark,1,18.0,ok,spark,1788523497.0255368,543.7,297.473,1
311.335,1,313.065,1788523497.358309,16,b01-o01-spark-c16,8,False,18.809,llama3.2:1b,etri-ser0002-cgnmsb,ACTIVE,292.526,958cfde2-4907-4233-b973-f3321dbc8b5d,Edge computing reduces latency by processing data closer,spark,1,18.0,ok,spark,1788523497.045245,542.263,296.548,1
311.051,1,313.664,1788523497.3786087,16,b01-o01-spark-c16,8,False,20.103,llama3.2:1b,etri-ser0002-cgnmsb,ACTIVE,290.947,4e97c93f-fb79-45d8-8223-4c86aca63c57,Edge computing reduces latency by processing data closer,spark,1,18.0,ok,spark,1788523497.0649462,542.814,295.815,1
309.917,1,312.717,1788523497.3985052,16,b01-o01-spark-c16,8,False,19.717,llama3.2:1b,etri-ser0002-cgnmsb,ACTIVE,290.199,8a6c7fb7-aefd-416e-a543-08596de385da,Edge computing reduces latency by processing data closer,spark,1,18.0,ok,spark,1788523497.0857894,543.146,294.655,1
309.443,1,311.519,1788523497.4181395,16,b01-o01-spark-c16,8,False,19.372,llama3.2:1b,etri-ser0002-cgnmsb,ACTIVE,290.071,c93a6462-8f02-4297-be69-6f250ffd3ead,Edge computing reduces latency by processing data closer,spark,1,18.0,ok,spark,1788523497.1066215,542.116,294.457,1
309.284,1,311.274,1788523497.4379606,16,b01-o01-spark-c16,8,False,19.669,llama3.2:1b,etri-ser0002-cgnmsb,ACTIVE,289.615,2f89d3ad-ad29-41bb-9c63-06ef3c9308b6,Edge computing reduces latency by processing data closer,spark,1,18.0,ok,spark,1788523497.1266885,540.906,294.131,1
308.821,1,311.048,1788523497.4570577,16,b01-o01-spark-c16,8,False,18.973,llama3.2:1b,etri-ser0002-cgnmsb,ACTIVE,289.847,a87fdc31-1929-4757-8722-c8ee6172b31d,Edge computing reduces latency by processing data closer,spark,1,18.0,ok,spark,1788523497.1460123,544.218,293.959,1
309.115,1,311.068,1788523497.476778,16,b01-o01-spark-c16,8,False,19.431,llama3.2:1b,etri-ser0002-cgnmsb,ACTIVE,289.685,f8f8615c-26cd-49d3-b1e9-61416849dd8a,Edge computing reduces latency by processing data closer,spark,1,18.0,ok,spark,1788523497.165713,538.141,293.773,1
309.434,1,311.472,1788523497.4959238,16,b01-o01-spark-c16,8,False,19.057,llama3.2:1b,etri-ser0002-cgnmsb,ACTIVE,290.377,5340167a-e222-47a5-b64f-74637a9824fa,Edge computing reduces latency by processing data closer,spark,1,18.0,ok,spark,1788523497.1844761,536.949,294.089,1
310.623,1,312.333,1788523497.5158076,16,b01-o01-spark-c16,8,False,19.818,llama3.2:1b,etri-ser0002-cgnmsb,ACTIVE,290.805,961f27c1-9d5d-4792-8d81-d4f3f177b5a9,Edge computing reduces latency by processing data closer,spark,1,18.0,ok,spark,1788523497.2034779,544.959,295.115,1
310.722,1,312.266,1788523497.53468,16,b01-o01-spark-c16,8,False,19.064,llama3.2:1b,etri-ser0002-cgnmsb,ACTIVE,291.658,3bbd00f1-5f6a-4dcc-8e01-f3fd746ac9ec,Edge computing reduces latency by processing data closer,spark,1,18.0,ok,spark,1788523497.2224147,545.703,295.438,1
309.759,1,311.884,1788523497.5543,16,b01-o01-spark-c16,8,False,19.1,llama3.2:1b,etri-ser0002-cgnmsb,ACTIVE,290.658,3caccc44-e978-4c90-a871-a55b50cb6e47,Edge computing reduces latency by processing data closer,spark,1,18.0,ok,spark,1788523497.2424195,544.922,294.693,1
312.061,1,313.838,1788523497.5747333,16,b01-o01-spark-c16,8,False,20.337,llama3.2:1b,etri-ser0002-cgnmsb,ACTIVE,291.724,2f3f4586-a1b4-4d20-97a7-5b1c3c3cf9f3,Edge computing reduces latency by processing data closer,spark,1,18.0,ok,spark,1788523497.260899,541.712,296.921,1
310.594,1,313.216,1788523497.5944192,16,b01-o01-spark-c16,8,False,19.662,llama3.2:1b,etri-ser0002-cgnmsb,ACTIVE,290.933,f89d4580-9b85-4010-95c0-2beab7d8cc5d,Edge computing reduces latency by processing data closer,spark,1,18.0,ok,spark,1788523497.2812061,544.922,295.25,1
311.759,1,313.534,1788523497.6145277,16,b01-o01-spark-c16,8,False,20.025,llama3.2:1b,etri-ser0002-cgnmsb,ACTIVE,291.733,e600a455-6b36-42ac-ae47-fb9d3aea3ecb,Edge computing reduces latency by processing data closer,spark,1,18.0,ok,spark,1788523497.300997,546.56,296.671,1
311.67,1,313.945,1788523497.6342463,16,b01-o01-spark-c16,8,False,19.687,llama3.2:1b,etri-ser0002-cgnmsb,ACTIVE,291.983,939c49b7-bdde-48a9-b66c-3aae763057c1,Edge computing reduces latency by processing data closer,spark,1,18.0,ok,spark,1788523497.3203046,542.042,296.469,1
313.103,1,314.687,1788523497.6540956,16,b01-o01-spark-c16,8,False,19.628,llama3.2:1b,etri-ser0002-cgnmsb,ACTIVE,293.475,c0f45b16-3960-43ea-ba4a-35dbdb481d49,Edge computing reduces latency by processing data closer,spark,1,18.0,ok,spark,1788523497.3394117,543.7,298.065,1
313.344,1,314.841,1788523497.67316,16,b01-o01-spark-c16,8,False,19.024,llama3.2:1b,etri-ser0002-cgnmsb,ACTIVE,294.32,cf75d04d-ab78-4433-8a8d-e83bd791c67c,Edge computing reduces latency by processing data closer,spark,1,18.0,ok,spark,1788523497.358322,541.199,298.281,1
312.024,1,313.859,1788523497.6924872,16,b01-o01-spark-c16,8,False,19.303,llama3.2:1b,etri-ser0002-cgnmsb,ACTIVE,292.721,67ea03d6-d294-4fdf-96c3-b833b898c17e,Edge computing reduces latency by processing data closer,spark,1,18.0,ok,spark,1788523497.3786316,540.431,296.695,1
311.711,1,313.669,1788523497.7121944,16,b01-o01-spark-c16,8,False,19.353,llama3.2:1b,etri-ser0002-cgnmsb,ACTIVE,292.358,627a74e4-e053-4453-b8de-a7632b3bd2c8,Edge computing reduces latency by processing data closer,spark,1,18.0,ok,spark,1788523497.3985286,540.687,296.447,1
311.737,1,313.841,1788523497.7319994,16,b01-o01-spark-c16,8,False,19.818,llama3.2:1b,etri-ser0002-cgnmsb,ACTIVE,291.919,66c77aac-5bf7-4a18-945e-4a5440b2ea23,Edge computing reduces latency by processing data closer,spark,1,18.0,ok,spark,1788523497.418162,545.554,296.419,1
311.188,1,313.167,1788523497.7511744,16,b01-o01-spark-c16,8,False,18.965,llama3.2:1b,etri-ser0002-cgnmsb,ACTIVE,292.223,0492dcc7-1517-4070-9e8c-b3777a4317ff,Edge computing reduces latency by processing data closer,spark,1,18.0,ok,spark,1788523497.4380105,543.626,295.999,1
311.539,1,314.388,1788523497.771516,16,b01-o01-spark-c16,8,False,20.331,llama3.2:1b,etri-ser0002-cgnmsb,ACTIVE,291.208,fea6cced-82ad-4196-b176-7e731425fed0,Edge computing reduces latency by processing data closer,spark,1,18.0,ok,spark,1788523497.4571316,542.925,296.181,1
311.6,1,313.722,1788523497.7905731,16,b01-o01-spark-c16,8,False,19.019,llama3.2:1b,etri-ser0002-cgnmsb,ACTIVE,292.581,49217cbe-a086-4705-b8da-8572296a36f6,Edge computing reduces latency by processing data closer,spark,1,18.0,ok,spark,1788523497.4768543,542.925,296.711,1
311.129,1,313.563,1788523497.8095803,16,b01-o01-spark-c16,8,False,18.779,llama3.2:1b,etri-ser0002-cgnmsb,ACTIVE,292.35,a9fc00a4-a3a6-44e5-98a8-4b5f16fa8752,Edge computing reduces latency by processing data closer,spark,1,18.0,ok,spark,1788523497.4960203,546.336,296.185,1
311.038,1,313.259,1788523497.8291395,16,b01-o01-spark-c16,8,False,19.559,llama3.2:1b,etri-ser0002-cgnmsb,ACTIVE,291.479,012aecf1-8e2b-48f2-bc61-e338de56d896,Edge computing reduces latency by processing data closer,spark,1,18.0,ok,spark,1788523497.5158837,546.075,295.427,1
311.95,1,313.566,1788523497.8482654,16,b01-o01-spark-c16,8,False,19.069,llama3.2:1b,etri-ser0002-cgnmsb,ACTIVE,292.881,b2ca1266-2ee1-41ce-aeee-fadd1823718a,Edge computing reduces latency by processing data closer,spark,1,18.0,ok,spark,1788523497.5347028,541.859,296.938,1
311.302,1,314.069,1788523497.868422,16,b01-o01-spark-c16,8,False,19.932,llama3.2:1b,etri-ser0002-cgnmsb,ACTIVE,291.37,c276ca2b-6b09-41d4-8452-f7a1993826e3,Edge computing reduces latency by processing data closer,spark,1,18.0,ok,spark,1788523497.5543559,508.971,295.411,1
310.101,1,312.012,1788523497.8868263,16,b01-o01-spark-c16,8,False,18.752,llama3.2:1b,etri-ser0002-cgnmsb,ACTIVE,291.348,84685f71-ff69-4966-b9c4-f0a61ad43a6d,Edge computing reduces latency by processing data closer,spark,1,18.0,ok,spark,1788523497.5748148,540.76,294.792,1
311.193,1,312.939,1788523497.907428,16,b01-o01-spark-c16,8,False,20.675,llama3.2:1b,etri-ser0002-cgnmsb,ACTIVE,290.517,a9c88aed-4f0c-4dad-a784-51e1ceb973a6,Edge computing reduces latency by processing data closer,spark,1,18.0,ok,spark,1788523497.5944898,536.913,295.608,1
310.707,1,312.611,1788523497.9272175,16,b01-o01-spark-c16,8,False,19.444,llama3.2:1b,etri-ser0002-cgnmsb,ACTIVE,291.263,7f72bd5f-f449-45d5-8de1-4744c245c9fe,Edge computing reduces latency by processing data closer,spark,1,18.0,ok,spark,1788523497.6146066,543.848,295.512,1
310.303,1,311.849,1788523497.946164,16,b01-o01-spark-c16,8,False,19.113,llama3.2:1b,etri-ser0002-cgnmsb,ACTIVE,291.19,90d31bbc-5f80-453d-85af-91a59da5a530,Edge computing reduces latency by processing data closer,spark,1,18.0,ok,spark,1788523497.6343153,543.22,295.29,1
311.547,1,313.383,1788523497.9675546,16,b01-o01-spark-c16,8,False,21.007,llama3.2:1b,etri-ser0002-cgnmsb,ACTIVE,290.54,5ef2c4b4-bcc5-4fb4-ab85-bb317ab74050,Edge computing reduces latency by processing data closer,spark,1,18.0,ok,spark,1788523497.6541731,526.87,295.727,1
311.635,1,314.527,1788523497.9877589,16,b01-o01-spark-c16,8,False,19.968,llama3.2:1b,etri-ser0002-cgnmsb,ACTIVE,291.667,633378c0-a47f-4268-983f-36221520f6e8,Edge computing reduces latency by processing data closer,spark,1,18.0,ok,spark,1788523497.673235,510.172,295.559,1
314.097,1,316.384,1788523498.008922,16,b01-o01-spark-c16,8,False,21.006,llama3.2:1b,etri-ser0002-cgnmsb,ACTIVE,293.091,018acfb1-610a-41f0-a2d4-299944a2467b,Edge computing reduces latency by processing data closer,spark,1,18.0,ok,spark,1788523497.6925545,493.858,297.877,1
313.236,1,315.861,1788523498.0281508,16,b01-o01-spark-c16,8,False,18.647,llama3.2:1b,etri-ser0002-cgnmsb,ACTIVE,294.589,01baf418-b5e0-4911-ab40-b0bafd801fd6,Edge computing reduces latency by processing data closer,spark,1,18.0,ok,spark,1788523497.7122936,545.554,298.314,1
313.166,1,315.032,1788523498.047098,16,b01-o01-spark-c16,8,False,19.599,llama3.2:1b,etri-ser0002-cgnmsb,ACTIVE,293.567,c1f9ce14-9775-41ea-b2d2-ae7ab779780e,Edge computing reduces latency by processing data closer,spark,1,18.0,ok,spark,1788523497.7320683,539.156,298.258,1
313.095,1,314.784,1788523498.0660357,16,b01-o01-spark-c16,8,False,19.108,llama3.2:1b,etri-ser0002-cgnmsb,ACTIVE,293.987,d63ea82d-5180-42c6-b621-28e2b15f84e9,Edge computing reduces latency by processing data closer,spark,1,18.0,ok,spark,1788523497.7512517,543.294,298.099,1
311.936,1,313.765,1788523498.0853562,16,b01-o01-spark-c16,8,False,19.014,llama3.2:1b,etri-ser0002-cgnmsb,ACTIVE,292.921,b03c372b-e75a-4a55-99c9-11569eb2e679,Edge computing reduces latency by processing data closer,spark,1,18.0,ok,spark,1788523497.7715924,543.885,296.55,1
311.993,1,314.073,1788523498.1047165,16,b01-o01-spark-c16,8,False,19.194,llama3.2:1b,etri-ser0002-cgnmsb,ACTIVE,292.799,c3bbe3ea-a73d-4612-b595-03421078c913,Edge computing reduces latency by processing data closer,spark,1,18.0,ok,spark,1788523497.790647,540.76,296.986,1
311.994,1,314.194,1788523498.1238458,16,b01-o01-spark-c16,8,False,18.955,llama3.2:1b,etri-ser0002-cgnmsb,ACTIVE,293.039,c28b0b3c-d8c7-4e46-8f63-6dd64f5c9af7,Edge computing reduces latency by processing data closer,spark,1,18.0,ok,spark,1788523497.8096547,541.235,297.164,1
311.699,1,313.63,1788523498.1428401,16,b01-o01-spark-c16,8,False,19.046,llama3.2:1b,etri-ser0002-cgnmsb,ACTIVE,292.653,e401b92e-c384-40a7-ab87-42bace3542e0,Edge computing reduces latency by processing data closer,spark,1,18.0,ok,spark,1788523497.8292124,543.7,296.567,1
311.115,1,313.083,1788523498.161418,16,b01-o01-spark-c16,8,False,18.551,llama3.2:1b,etri-ser0002-cgnmsb,ACTIVE,292.564,7d2e6032-0eb3-499f-8e5a-f90acdcdb5d6,Edge computing reduces latency by processing data closer,spark,1,18.0,ok,spark,1788523497.848338,546.001,296.197,1
309.384,1,311.769,1788523498.180265,16,b01-o01-spark-c16,8,False,18.746,llama3.2:1b,etri-ser0002-cgnmsb,ACTIVE,290.637,2e5743cd-d83c-46ac-a696-8f13f72ec1ae,Edge computing reduces latency by processing data closer,spark,1,18.0,ok,spark,1788523497.8684988,545.703,293.852,1
310.131,1,312.322,1788523498.199168,16,b01-o01-spark-c16,8,False,18.662,llama3.2:1b,etri-ser0002-cgnmsb,ACTIVE,291.469,300a2a1a-8aa7-45d4-8cf2-c75539ef2db3,Edge computing reduces latency by processing data closer,spark,1,18.0,ok,spark,1788523497.8868499,543.183,295.135,1
308.655,1,311.129,1788523498.2185783,16,b01-o01-spark-c16,8,False,19.215,llama3.2:1b,etri-ser0002-cgnmsb,ACTIVE,289.44,59ec8a6f-117a-406d-ae2e-7626bd3f6219,Edge computing reduces latency by processing data closer,spark,1,18.0,ok,spark,1788523497.9074519,541.712,293.321,1
309.773,1,311.818,1788523498.239049,16,b01-o01-spark-c16,8,False,20.431,llama3.2:1b,etri-ser0002-cgnmsb,ACTIVE,289.342,f589ef67-ad6c-4cca-b71b-ce6fcce6e8a7,Edge computing reduces latency by processing data closer,spark,1,18.0,ok,spark,1788523497.9272346,540.431,294.269,1
309.799,1,311.697,1788523498.257871,16,b01-o01-spark-c16,8,False,18.875,llama3.2:1b,etri-ser0002-cgnmsb,ACTIVE,290.924,0b335adc-479b-4c05-85a4-0e213debc09e,Edge computing reduces latency by processing data closer,spark,1,18.0,ok,spark,1788523497.946177,542.152,294.664,1
306.841,1,308.759,1788523498.2763605,16,b01-o01-spark-c16,8,False,18.417,llama3.2:1b,etri-ser0002-cgnmsb,ACTIVE,288.425,76df763e-50af-41e7-8299-d1f83d34c932,Edge computing reduces latency by processing data closer,spark,1,18.0,ok,spark,1788523497.9676046,544.996,292.046,1
305.219,1,307.31,1788523498.2951465,16,b01-o01-spark-c16,8,False,18.507,llama3.2:1b,etri-ser0002-cgnmsb,ACTIVE,286.712,9a65abd8-4977-4753-8b95-720643b5effd,Edge computing reduces latency by processing data closer,spark,1,18.0,ok,spark,1788523497.9878387,543.331,290.449,1
303.176,1,305.196,1788523498.3142052,16,b01-o01-spark-c16,8,False,19.021,llama3.2:1b,etri-ser0002-cgnmsb,ACTIVE,284.155,a3f4bc06-5453-4cab-b7e6-e7b3b46090d9,Edge computing reduces latency by processing data closer,spark,1,18.0,ok,spark,1788523498.009012,546.56,288.034,1
303.76,1,305.826,1788523498.3340592,16,b01-o01-spark-c16,8,False,19.846,llama3.2:1b,etri-ser0002-cgnmsb,ACTIVE,283.914,86f289a7-e9aa-4358-b179-08d144ffda9a,Edge computing reduces latency by processing data closer,spark,1,18.0,ok,spark,1788523498.0282357,512.295,287.818,1
305.141,1,307.05,1788523498.3542051,16,b01-o01-spark-c16,8,False,20.092,llama3.2:1b,etri-ser0002-cgnmsb,ACTIVE,285.049,b159bc41-4c43-4052-81e5-369d4823b0e1,Edge computing reduces latency by processing data closer,spark,1,18.0,ok,spark,1788523498.0471578,509.522,289.183,1
306.091,1,307.768,1788523498.3738227,16,b01-o01-spark-c16,8,False,19.478,llama3.2:1b,etri-ser0002-cgnmsb,ACTIVE,286.613,7b7e1b62-0ea2-4e0f-a3cc-4ef835a744af,Edge computing reduces latency by processing data closer,spark,1,18.0,ok,spark,1788523498.0660582,543.257,290.92,1
305.824,1,307.672,1788523498.393055,16,b01-o01-spark-c16,8,False,19.074,llama3.2:1b,etri-ser0002-cgnmsb,ACTIVE,286.75,99b30a87-0cf3-462b-a9cb-9da7f356fdb5,Edge computing reduces latency by processing data closer,spark,1,18.0,ok,spark,1788523498.0853863,542.336,290.675,1
306.027,1,308.124,1788523498.4129179,16,b01-o01-spark-c16,8,False,20.169,llama3.2:1b,etri-ser0002-cgnmsb,ACTIVE,285.858,ccc5bca5-b0d7-48dc-b875-1f65aa97ccae,Edge computing reduces latency by processing data closer,spark,1,18.0,ok,spark,1788523498.1047947,544.885,291.223,1
306.121,1,308.328,1788523498.4322433,16,b01-o01-spark-c16,8,False,18.969,llama3.2:1b,etri-ser0002-cgnmsb,ACTIVE,287.152,6e545530-8552-440f-80e6-1ee53fb5b839,Edge computing reduces latency by processing data closer,spark,1,18.0,ok,spark,1788523498.123918,541.932,291.178,1
305.801,1,308.114,1788523498.451024,16,b01-o01-spark-c16,8,False,18.782,llama3.2:1b,etri-ser0002-cgnmsb,ACTIVE,287.019,aa7cd62b-c8d9-4969-b770-cb29217888c9,Edge computing reduces latency by processing data closer,spark,1,18.0,ok,spark,1788523498.1429126,546.597,290.721,1
306.41,1,308.9,1788523498.470383,16,b01-o01-spark-c16,8,False,19.226,llama3.2:1b,etri-ser0002-cgnmsb,ACTIVE,287.184,2739551b-4cac-4454-afe5-a51f6176cf78,Edge computing reduces latency by processing data closer,spark,1,18.0,ok,spark,1788523498.1614861,542.263,290.788,1
307.175,1,309.05,1788523498.4893842,16,b01-o01-spark-c16,8,False,18.961,llama3.2:1b,etri-ser0002-cgnmsb,ACTIVE,288.214,fb6ceb57-4c37-4f09-859e-1e016d125767,Edge computing reduces latency by processing data closer,spark,1,18.0,ok,spark,1788523498.1803365,546.262,292.161,1
307.128,1,309.173,1788523498.5084198,16,b01-o01-spark-c16,8,False,18.943,llama3.2:1b,etri-ser0002-cgnmsb,ACTIVE,288.184,bef68715-1228-45ac-b155-0735bae296d2,Edge computing reduces latency by processing data closer,spark,1,18.0,ok,spark,1788523498.1992488,543.626,291.712,1
307.122,1,309.969,1788523498.528614,16,b01-o01-spark-c16,8,False,20.21,llama3.2:1b,etri-ser0002-cgnmsb,ACTIVE,286.912,56577a8c-cb0f-4770-af1b-e8fa6c730429,Edge computing reduces latency by processing data closer,spark,1,18.0,ok,spark,1788523498.2186475,496.555,290.789,1
306.803,1,308.742,1788523498.5478666,16,b01-o01-spark-c16,8,False,19.019,llama3.2:1b,etri-ser0002-cgnmsb,ACTIVE,287.783,34daed36-d831-4b32-9211-478150cb3122,Edge computing reduces latency by processing data closer,spark,1,18.0,ok,spark,1788523498.2391272,542.63,291.697,1
307.14,1,309.356,1788523498.5673206,16,b01-o01-spark-c16,8,False,19.357,llama3.2:1b,etri-ser0002-cgnmsb,ACTIVE,287.783,0db46126-390b-43ee-877f-7a0a90577718,Edge computing reduces latency by processing data closer,spark,1,18.0,ok,spark,1788523498.2579677,541.675,292.028,1
308.208,1,310.223,1788523498.586658,16,b01-o01-spark-c16,8,False,18.941,llama3.2:1b,etri-ser0002-cgnmsb,ACTIVE,289.267,75d4d693-5aa8-4bc9-9179-c3c8806f77de,Edge computing reduces latency by processing data closer,spark,1,18.0,ok,spark,1788523498.2764382,543.922,293.119,1
308.303,1,310.413,1788523498.6056328,16,b01-o01-spark-c16,8,False,18.736,llama3.2:1b,etri-ser0002-cgnmsb,ACTIVE,289.568,2b46c455-ed97-4e53-bcd3-f4fd8e33fe2c,Edge computing reduces latency by processing data closer,spark,1,18.0,ok,spark,1788523498.2952237,540.614,293.142,1
308.105,1,310.104,1788523498.624375,16,b01-o01-spark-c16,8,False,18.745,llama3.2:1b,etri-ser0002-cgnmsb,ACTIVE,289.359,1c2adb70-8de3-4a86-8a1a-758ad5a1d180,Edge computing reduces latency by processing data closer,spark,1,18.0,ok,spark,1788523498.314274,542.373,293.452,1
306.08,1,308.869,1788523498.642994,16,b01-o01-spark-c16,8,False,18.505,llama3.2:1b,etri-ser0002-cgnmsb,ACTIVE,287.575,ea0bbc5b-06f8-4250-b281-ae8e32623b31,Edge computing reduces latency by processing data closer,spark,1,18.0,ok,spark,1788523498.3341281,546.187,291.186,1
306.505,1,308.348,1788523498.662621,16,b01-o01-spark-c16,8,False,19.697,llama3.2:1b,etri-ser0002-cgnmsb,ACTIVE,286.808,68252714-c6a0-4a25-bb1d-14a5cc1282f2,Edge computing reduces latency by processing data closer,spark,1,18.0,ok,spark,1788523498.354276,543.885,291.176,1
306.62,1,308.602,1788523498.6825087,16,b01-o01-spark-c16,8,False,19.733,llama3.2:1b,etri-ser0002-cgnmsb,ACTIVE,286.887,a753fba4-9daa-476a-a27f-4506ce2cdf53,Edge computing reduces latency by processing data closer,spark,1,18.0,ok,spark,1788523498.3739102,528.018,291.181,1
306.726,1,309.506,1788523498.7026372,16,b01-o01-spark-c16,8,False,19.969,llama3.2:1b,etri-ser0002-cgnmsb,ACTIVE,286.757,9ecc7061-44db-4fdf-a63f-a5d52419a9e2,Edge computing reduces latency by processing data closer,spark,1,18.0,ok,spark,1788523498.3931339,542.373,291.525,1
307.387,1,309.341,1788523498.7222881,16,b01-o01-spark-c16,8,False,19.316,llama3.2:1b,etri-ser0002-cgnmsb,ACTIVE,288.071,0abfac3c-e374-43a7-b5bc-9b785ca7a4b3,Edge computing reduces latency by processing data closer,spark,1,18.0,ok,spark,1788523498.4129508,545.777,292.187,1
307.19,1,309.117,1788523498.7414396,16,b01-o01-spark-c16,8,False,19.299,llama3.2:1b,etri-ser0002-cgnmsb,ACTIVE,287.891,50b139c9-7b7c-410d-bbb0-b7b0949e5934,Edge computing reduces latency by processing data closer,spark,1,18.0,ok,spark,1788523498.4323258,541.199,292.009,1
308.432,1,310.437,1788523498.761534,16,b01-o01-spark-c16,8,False,19.981,llama3.2:1b,etri-ser0002-cgnmsb,ACTIVE,288.451,e021b17f-e5ad-4721-ba4b-c67464baab0a,Edge computing reduces latency by processing data closer,spark,1,18.0,ok,spark,1788523498.4510996,517.866,292.62,1
309.679,1,311.499,1788523498.7819483,16,b01-o01-spark-c16,8,False,20.332,llama3.2:1b,etri-ser0002-cgnmsb,ACTIVE,289.347,fd8e7988-57d7-4135-be78-212364f457b9,Edge computing reduces latency by processing data closer,spark,1,18.0,ok,spark,1788523498.4704516,545.517,294.309,1
310.03,1,311.87,1788523498.8013206,16,b01-o01-spark-c16,8,False,19.294,llama3.2:1b,etri-ser0002-cgnmsb,ACTIVE,290.736,36f3e01d-a264-411a-868f-88c3bec6425d,Edge computing reduces latency by processing data closer,spark,1,18.0,ok,spark,1788523498.4894536,542.888,294.721,1
310.517,1,312.699,1788523498.8211837,16,b01-o01-spark-c16,8,False,19.59,llama3.2:1b,etri-ser0002-cgnmsb,ACTIVE,290.927,1e2fc598-3b41-432e-9bf4-61e1db5951c5,Edge computing reduces latency by processing data closer,spark,1,18.0,ok,spark,1788523498.508487,520.698,295.088,1
310.021,1,311.85,1788523498.8405643,16,b01-o01-spark-c16,8,False,19.354,llama3.2:1b,etri-ser0002-cgnmsb,ACTIVE,290.667,4294970e-5933-4776-bd25-1ab8a3bb42d6,Edge computing reduces latency by processing data closer,spark,1,18.0,ok,spark,1788523498.5287163,541.235,295.021,1
310.986,1,312.921,1788523498.8608797,16,b01-o01-spark-c16,8,False,20.152,llama3.2:1b,etri-ser0002-cgnmsb,ACTIVE,290.834,9ff68e69-5a49-49b4-930e-ba5b05c4fb9a,Edge computing reduces latency by processing data closer,spark,1,18.0,ok,spark,1788523498.5479617,530.68,295.699,1
310.798,1,312.666,1788523498.8800514,16,b01-o01-spark-c16,8,False,18.986,llama3.2:1b,etri-ser0002-cgnmsb,ACTIVE,291.813,d4ab9d78-fb4f-4725-84c5-86546b4cdb18,Edge computing reduces latency by processing data closer,spark,1,18.0,ok,spark,1788523498.567388,543.441,295.778,1
309.775,1,311.853,1788523498.8985908,16,b01-o01-spark-c16,8,False,18.485,llama3.2:1b,etri-ser0002-cgnmsb,ACTIVE,291.29,5cc65fa8-f2b0-4af4-84c4-e63774bae347,Edge computing reduces latency by processing data closer,spark,1,18.0,ok,spark,1788523498.5867405,543.848,294.849,1
308.979,1,311.78,1788523498.9175093,16,b01-o01-spark-c16,8,False,18.709,llama3.2:1b,etri-ser0002-cgnmsb,ACTIVE,290.27,b6ff0001-f3e3-4f9f-b958-572f5441b8c9,Edge computing reduces latency by processing data closer,spark,1,18.0,ok,spark,1788523498.6057322,543.036,294.065,1
309.95,1,312.031,1788523498.936483,16,b01-o01-spark-c16,8,False,18.976,llama3.2:1b,etri-ser0002-cgnmsb,ACTIVE,290.974,596c1a38-5269-4f38-8bca-f141256595b9,Edge computing reduces latency by processing data closer,spark,1,18.0,ok,spark,1788523498.6244545,546.672,294.719,1
311.696,1,313.497,1788523498.9565675,16,b01-o01-spark-c16,8,False,19.864,llama3.2:1b,etri-ser0002-cgnmsb,ACTIVE,291.832,160e9d7c-e26a-482a-8093-266def9ae6f7,Edge computing reduces latency by processing data closer,spark,1,18.0,ok,spark,1788523498.643073,542.446,296.176,1
311.7,1,313.62,1788523498.9763107,16,b01-o01-spark-c16,8,False,19.575,llama3.2:1b,etri-ser0002-cgnmsb,ACTIVE,292.126,698cea5c-518f-499d-9154-d8588cca196a,Edge computing reduces latency by processing data closer,spark,1,18.0,ok,spark,1788523498.6626937,541.309,296.384,1
312.091,1,314.964,1788523498.997552,16,b01-o01-spark-c16,8,False,20.981,llama3.2:1b,etri-ser0002-cgnmsb,ACTIVE,291.11,ae34172b-f993-45e3-8e00-d045715adcd2,Edge computing reduces latency by processing data closer,spark,1,18.0,ok,spark,1788523498.6825905,480.827,295.076,1
312.32,1,315.027,1788523499.017742,16,b01-o01-spark-c16,8,False,20.049,llama3.2:1b,etri-ser0002-cgnmsb,ACTIVE,292.271,c5393428-00f7-4a3a-a7e6-98808009dbcd,Edge computing reduces latency by processing data closer,spark,1,18.0,ok,spark,1788523498.702718,525.038,296.675,1
314.045,1,316.081,1788523499.0384421,16,b01-o01-spark-c16,8,False,20.623,llama3.2:1b,etri-ser0002-cgnmsb,ACTIVE,293.422,5cfb74cf-ac7f-4cae-b91e-0fc6260307a4,Edge computing reduces latency by processing data closer,spark,1,18.0,ok,spark,1788523498.722365,510.627,297.794,1
315.44,1,317.114,1788523499.0586305,16,b01-o01-spark-c16,8,False,20.531,llama3.2:1b,etri-ser0002-cgnmsb,ACTIVE,294.908,9b620ec9-29e6-423e-9e08-e8418e71805c,Edge computing reduces latency by processing data closer,spark,1,18.0,ok,spark,1788523498.741517,526.004,299.749,1
315.391,1,317.446,1788523499.0790546,16,b01-o01-spark-c16,8,False,20.344,llama3.2:1b,etri-ser0002-cgnmsb,ACTIVE,295.048,545482d5-fe82-426e-bd9b-128411233f3b,Edge computing reduces latency by processing data closer,spark,1,18.0,ok,spark,1788523498.7616093,502.197,299.26,1
316.447,1,318.363,1788523499.1003814,16,b01-o01-spark-c16,8,False,20.902,llama3.2:1b,etri-ser0002-cgnmsb,ACTIVE,295.545,e2de7355-dea9-4b7a-b24d-195541518a8e,Edge computing reduces latency by processing data closer,spark,1,18.0,ok,spark,1788523498.7820215,496.925,299.811,1
317.706,1,319.748,1788523499.1211371,16,b01-o01-spark-c16,8,False,20.628,llama3.2:1b,etri-ser0002-cgnmsb,ACTIVE,297.078,ac361c3a-df41-4f9a-bf0a-331ab9c2ec0e,Edge computing reduces latency by processing data closer,spark,1,18.0,ok,spark,1788523498.8013916,515.896,301.971,1
318.149,1,320.459,1788523499.1417086,16,b01-o01-spark-c16,8,False,20.48,llama3.2:1b,etri-ser0002-cgnmsb,ACTIVE,297.669,350f0f19-94ed-4bc3-a3a7-11825c0f2ea5,Edge computing reduces latency by processing data closer,spark,1,18.0,ok,spark,1788523498.8212528,507.808,302.134,1
320.59,1,322.363,1788523499.1629932,16,b01-o01-spark-c16,8,False,21.275,llama3.2:1b,etri-ser0002-cgnmsb,ACTIVE,299.315,28e78bcc-177d-4cd1-be67-0e0397f1e706,Edge computing reduces latency by processing data closer,spark,1,18.0,ok,spark,1788523498.8406324,505.21,304.017,1
321.184,1,322.76,1788523499.1838794,16,b01-o01-spark-c16,8,False,20.993,llama3.2:1b,etri-ser0002-cgnmsb,ACTIVE,300.191,1c99c627-fc14-4692-9c33-da2c61e5810a,Edge computing reduces latency by processing data closer,spark,1,18.0,ok,spark,1788523498.8611202,504.382,304.999,1
323.043,1,325.065,1788523499.2051823,16,b01-o01-spark-c16,8,False,20.78,llama3.2:1b,etri-ser0002-cgnmsb,ACTIVE,302.262,3a800433-767f-4695-8eb6-8f4eb8c25de2,Edge computing reduces latency by processing data closer,spark,1,18.0,ok,spark,1788523498.88012,498.442,306.642,1
325.028,1,327.287,1788523499.2259545,16,b01-o01-spark-c16,8,False,20.907,llama3.2:1b,etri-ser0002-cgnmsb,ACTIVE,304.121,99a8db19-fe27-471e-94b1-26499e93fa36,Edge computing reduces latency by processing data closer,spark,1,18.0,ok,spark,1788523498.8986692,502.702,308.671,1
327.525,1,329.703,1788523499.2473295,16,b01-o01-spark-c16,8,False,21.089,llama3.2:1b,etri-ser0002-cgnmsb,ACTIVE,306.436,a44536a8-1783-4a7b-83c2-9d40e14f448a,Edge computing reduces latency by processing data closer,spark,1,18.0,ok,spark,1788523498.91763,501.505,311.408,1
328.384,1,330.691,1788523499.2672384,16,b01-o01-spark-c16,8,False,19.77,llama3.2:1b,etri-ser0002-cgnmsb,ACTIVE,308.614,d4039ea4-f1e1-41cc-9c06-092bbad527c7,Edge computing reduces latency by processing data closer,spark,1,18.0,ok,spark,1788523498.9365506,545.479,312.973,1
328.21,1,330.343,1788523499.2869773,16,b01-o01-spark-c16,8,False,19.997,llama3.2:1b,etri-ser0002-cgnmsb,ACTIVE,308.213,35bb0b47-6e20-49da-b63e-6022cbec3ae5,Edge computing reduces latency by processing data closer,spark,1,18.0,ok,spark,1788523498.956636,540.358,312.583,1
327.869,1,329.759,1788523499.3061333,16,b01-o01-spark-c16,8,False,18.841,llama3.2:1b,etri-ser0002-cgnmsb,ACTIVE,309.029,93074ffe-12bb-45ec-888c-9152e52159a6,Edge computing reduces latency by processing data closer,spark,1,18.0,ok,spark,1788523498.9763772,544.07,312.859,1
324.466,1,327.415,1788523499.3250453,16,b01-o01-spark-c16,8,False,19.015,llama3.2:1b,etri-ser0002-cgnmsb,ACTIVE,305.451,011b3e0e-2909-4ba8-b06a-691562ab041a,Edge computing reduces latency by processing data closer,spark,1,18.0,ok,spark,1788523498.9976308,542.52,309.679,1
324.881,1,327.406,1788523499.3452303,16,b01-o01-spark-c16,8,False,19.615,llama3.2:1b,etri-ser0002-cgnmsb,ACTIVE,305.267,9ec35378-c658-453d-885f-972298d2317c,Edge computing reduces latency by processing data closer,spark,1,18.0,ok,spark,1788523499.0178268,542.814,309.476,1
324.024,1,326.651,1788523499.365172,16,b01-o01-spark-c16,8,False,20.086,llama3.2:1b,etri-ser0002-cgnmsb,ACTIVE,303.937,8e21b854-af79-4590-a76d-0b8ede7e434e,Edge computing reduces latency by processing data closer,spark,1,18.0,ok,spark,1788523499.038523,541.382,308.678,1
323.082,1,325.19,1788523499.3838444,16,b01-o01-spark-c16,8,False,18.74,llama3.2:1b,etri-ser0002-cgnmsb,ACTIVE,304.342,0fbf0330-e959-44f6-95c7-6f20456c021c,Edge computing reduces latency by processing data closer,spark,1,18.0,ok,spark,1788523499.058658,546.485,308.256,1
322.225,1,324.269,1788523499.4033458,16,b01-o01-spark-c16,8,False,19.392,llama3.2:1b,etri-ser0002-cgnmsb,ACTIVE,302.833,772c578a-850f-47dc-aa29-9b1eb2a39f1e,Edge computing reduces latency by processing data closer,spark,1,18.0,ok,spark,1788523499.0790799,535.619,306.603,1
320.619,1,322.867,1788523499.4233203,16,b01-o01-spark-c16,8,False,19.942,llama3.2:1b,etri-ser0002-cgnmsb,ACTIVE,300.677,7986b020-b3c0-4a08-b324-44009698e653,Edge computing reduces latency by processing data closer,spark,1,18.0,ok,spark,1788523499.100456,544.07,305.145,1
319.154,1,321.511,1788523499.4427161,16,b01-o01-spark-c16,8,False,19.324,llama3.2:1b,etri-ser0002-cgnmsb,ACTIVE,299.83,ee10ab60-cf62-4763-9f2c-f1c3e6f43ee7,Edge computing reduces latency by processing data closer,spark,1,18.0,ok,spark,1788523499.1212075,541.089,303.621,1
318.404,1,320.716,1788523499.462496,16,b01-o01-spark-c16,8,False,19.711,llama3.2:1b,etri-ser0002-cgnmsb,ACTIVE,298.693,cb3c3c75-85e6-4832-9177-21c632461274,Edge computing reduces latency by processing data closer,spark,1,18.0,ok,spark,1788523499.1417828,546.971,303.518,1
316.677,1,318.617,1788523499.4816668,16,b01-o01-spark-c16,8,False,19.057,llama3.2:1b,etri-ser0002-cgnmsb,ACTIVE,297.62,0c939328-d88b-4873-b59a-0938cc4a3ba6,Edge computing reduces latency by processing data closer,spark,1,18.0,ok,spark,1788523499.1630518,539.084,301.491,1
314.651,1,316.13,1788523499.5000396,16,b01-o01-spark-c16,8,False,18.64,llama3.2:1b,etri-ser0002-cgnmsb,ACTIVE,296.011,19738238-2829-495e-ad16-1a40f2ae8b4f,Edge computing reduces latency by processing data closer,spark,1,18.0,ok,spark,1788523499.183913,546.597,299.76,1
312.411,1,314.319,1788523499.51958,16,b01-o01-spark-c16,8,False,19.5,llama3.2:1b,etri-ser0002-cgnmsb,ACTIVE,292.911,0a192695-96c7-4e38-a39c-f49c267a6703,Edge computing reduces latency by processing data closer,spark,1,18.0,ok,spark,1788523499.2052615,542.189,297.317,1
310.845,1,313.416,1788523499.5394125,16,b01-o01-spark-c16,8,False,19.278,llama3.2:1b,etri-ser0002-cgnmsb,ACTIVE,291.567,90adc715-7995-4a11-a59e-be784c125014,Edge computing reduces latency by processing data closer,spark,1,18.0,ok,spark,1788523499.2259996,541.638,295.894,1
309.367,1,311.239,1788523499.5586472,16,b01-o01-spark-c16,8,False,19.45,llama3.2:1b,etri-ser0002-cgnmsb,ACTIVE,289.917,77cdd8c9-d9db-47eb-831d-be6e8e7c3648,Edge computing reduces latency by processing data closer,spark,1,18.0,ok,spark,1788523499.2474093,546.262,294.265,1
308.084,1,310.073,1788523499.5774157,16,b01-o01-spark-c16,8,False,18.714,llama3.2:1b,etri-ser0002-cgnmsb,ACTIVE,289.37,9f11ad32-3077-419e-a5c8-829faa915b9f,Edge computing reduces latency by processing data closer,spark,1,18.0,ok,spark,1788523499.267345,545.926,293.735,1
307.724,1,309.94,1788523499.5969553,16,b01-o01-spark-c16,8,False,19.002,llama3.2:1b,etri-ser0002-cgnmsb,ACTIVE,288.722,e7c002a0-a190-42b9-947e-20ddc5a4b314,Edge computing reduces latency by processing data closer,spark,1,18.0,ok,spark,1788523499.2870188,523.286,292.178,1
307.734,1,309.585,1788523499.6157818,16,b01-o01-spark-c16,8,False,19.015,llama3.2:1b,etri-ser0002-cgnmsb,ACTIVE,288.719,d9f7c650-c02f-41b7-b8ed-631a1f4e1242,Edge computing reduces latency by processing data closer,spark,1,18.0,ok,spark,1788523499.3061998,545.182,292.738,1
308.212,1,310.137,1788523499.63521,16,b01-o01-spark-c16,8,False,19.25,llama3.2:1b,etri-ser0002-cgnmsb,ACTIVE,288.962,b21e773b-38aa-4f0f-a5cd-9c74cb1f66f0,Edge computing reduces latency by processing data closer,spark,1,18.0,ok,spark,1788523499.3250768,540.723,293.13,1
307.644,1,309.684,1788523499.6549783,16,b01-o01-spark-c16,8,False,19.703,llama3.2:1b,etri-ser0002-cgnmsb,ACTIVE,287.941,c3207880-d4aa-498e-8d0b-b3f987d671e1,Edge computing reduces latency by processing data closer,spark,1,18.0,ok,spark,1788523499.3452973,540.03,292.391,1
307.654,1,309.805,1788523499.67503,16,b01-o01-spark-c16,8,False,19.803,llama3.2:1b,etri-ser0002-cgnmsb,ACTIVE,287.851,2cfa3335-2dd6-40a3-9321-f9e54c94df4c,Edge computing reduces latency by processing data closer,spark,1,18.0,ok,spark,1788523499.3652275,544.736,292.41,1
308.746,1,310.947,1788523499.6948621,16,b01-o01-spark-c16,8,False,19.698,llama3.2:1b,etri-ser0002-cgnmsb,ACTIVE,289.048,c103623f-2467-41c0-8d9b-6c748d5ff128,Edge computing reduces latency by processing data closer,spark,1,18.0,ok,spark,1788523499.3839183,540.321,293.656,1
309.066,1,311.225,1788523499.7146368,16,b01-o01-spark-c16,8,False,19.693,llama3.2:1b,etri-ser0002-cgnmsb,ACTIVE,289.373,81bfdd0a-1e72-469e-9cf3-2567a04f56e2,Edge computing reduces latency by processing data closer,spark,1,18.0,ok,spark,1788523499.4034147,545.033,293.336,1
308.515,1,310.459,1788523499.7338445,16,b01-o01-spark-c16,8,False,19.236,llama3.2:1b,etri-ser0002-cgnmsb,ACTIVE,289.279,1948116d-5cb1-4b03-90f8-11d02d290d96,Edge computing reduces latency by processing data closer,spark,1,18.0,ok,spark,1788523499.4233885,545.182,293.209,1
308.517,1,310.676,1788523499.7534585,16,b01-o01-spark-c16,8,False,19.442,llama3.2:1b,etri-ser0002-cgnmsb,ACTIVE,289.075,b1afd2b5-a8d0-47b8-99fb-57d6d6571d9a,Edge computing reduces latency by processing data closer,spark,1,18.0,ok,spark,1788523499.442785,544.996,293.64,1
308.709,1,310.707,1788523499.7732718,16,b01-o01-spark-c16,8,False,19.664,llama3.2:1b,etri-ser0002-cgnmsb,ACTIVE,289.045,e8081e0b-4e99-4818-8f49-53db072e7a04,Edge computing reduces latency by processing data closer,spark,1,18.0,ok,spark,1788523499.4625666,544.848,293.445,1
309.096,1,311.155,1788523499.7928782,16,b01-o01-spark-c16,8,False,19.607,llama3.2:1b,etri-ser0002-cgnmsb,ACTIVE,289.489,5a6ec7d7-498e-45d0-8644-798c1650d141,Edge computing reduces latency by processing data closer,spark,1,18.0,ok,spark,1788523499.481726,540.796,293.802,1
311.316,1,312.926,1788523499.8129926,16,b01-o01-spark-c16,8,False,19.972,llama3.2:1b,etri-ser0002-cgnmsb,ACTIVE,291.344,bca363cc-f5df-4fc6-9309-1285448a8997,Edge computing reduces latency by processing data closer,spark,1,18.0,ok,spark,1788523499.50007,542.226,295.906,1
312.016,1,313.866,1788523499.833471,16,b01-o01-spark-c16,8,False,20.331,llama3.2:1b,etri-ser0002-cgnmsb,ACTIVE,291.685,b555d359-d7b3-44f0-a882-9b3249a76371,Edge computing reduces latency by processing data closer,spark,1,18.0,ok,spark,1788523499.5196083,541.016,296.98,1
310.171,1,312.2,1788523499.8516874,16,b01-o01-spark-c16,8,False,18.183,llama3.2:1b,etri-ser0002-cgnmsb,ACTIVE,291.987,ffc6ed5b-3f0b-470d-a9dc-f021c08e603f,Edge computing reduces latency by processing data closer,spark,1,18.0,ok,spark,1788523499.5394897,545.554,295.306,1
310.934,1,313.092,1788523499.8717763,16,b01-o01-spark-c16,8,False,19.625,llama3.2:1b,etri-ser0002-cgnmsb,ACTIVE,291.309,3a6a4fe0-548a-47d0-84a5-8510b81e6879,Edge computing reduces latency by processing data closer,spark,1,18.0,ok,spark,1788523499.5586884,543.811,295.448,1
311.841,1,314.335,1788523499.891793,16,b01-o01-spark-c16,8,False,19.916,llama3.2:1b,etri-ser0002-cgnmsb,ACTIVE,291.925,49e7c27b-cba2-4228-a9b2-6e735bb65977,Edge computing reduces latency by processing data closer,spark,1,18.0,ok,spark,1788523499.5774653,537.093,296.516,1
312.585,1,314.036,1788523499.9110663,16,b01-o01-spark-c16,8,False,19.839,llama3.2:1b,etri-ser0002-cgnmsb,ACTIVE,292.745,afee6522-e292-4ca3-8a8b-d9724aad4721,Edge computing reduces latency by processing data closer,spark,1,18.0,ok,spark,1788523499.5970314,540.723,297.548,1
313.119,1,314.782,1788523499.9306388,16,b01-o01-spark-c16,8,False,19.28,llama3.2:1b,etri-ser0002-cgnmsb,ACTIVE,293.839,24eeb9d2-07cf-46b8-ad59-cc5a2b0ea566,Edge computing reduces latency by processing data closer,spark,1,18.0,ok,spark,1788523499.6158574,545.479,298.583,1
313.437,1,316.494,1788523499.9517872,16,b01-o01-spark-c16,8,False,20.738,llama3.2:1b,etri-ser0002-cgnmsb,ACTIVE,292.7,8b93a317-def1-453d-b34b-e22534281f69,Edge computing reduces latency by processing data closer,spark,1,18.0,ok,spark,1788523499.6352944,543.552,298.21,1
314.206,1,316.418,1788523499.9714665,16,b01-o01-spark-c16,8,False,19.403,llama3.2:1b,etri-ser0002-cgnmsb,ACTIVE,294.804,9267cab8-cab9-4d9a-8a71-8258ae6aff66,Edge computing reduces latency by processing data closer,spark,1,18.0,ok,spark,1788523499.655051,540.577,299.066,1
313.395,1,315.758,1788523499.9908545,16,b01-o01-spark-c16,8,False,19.375,llama3.2:1b,etri-ser0002-cgnmsb,ACTIVE,294.02,491dd099-6a65-465e-ae77-5a4820a0e960,Edge computing reduces latency by processing data closer,spark,1,18.0,ok,spark,1788523499.6750987,542.741,297.924,1
313.838,1,316.036,1788523500.010999,16,b01-o01-spark-c16,8,False,19.961,llama3.2:1b,etri-ser0002-cgnmsb,ACTIVE,293.878,9e65b018-faa0-44ee-b467-b98bb210ab54,Edge computing reduces latency by processing data closer,spark,1,18.0,ok,spark,1788523499.6949656,540.614,298.566,1
314.353,1,316.284,1788523500.0309865,16,b01-o01-spark-c16,8,False,19.819,llama3.2:1b,etri-ser0002-cgnmsb,ACTIVE,294.534,c90822ba-86ba-42e9-b7d6-0022f263f1af,Edge computing reduces latency by processing data closer,spark,1,18.0,ok,spark,1788523499.7147057,540.431,299.054,1
312.851,1,315.146,1788523500.0490527,16,b01-o01-spark-c16,8,False,18.37,llama3.2:1b,etri-ser0002-cgnmsb,ACTIVE,294.481,1b37f725-529d-4bb7-a78b-9f44400b613a,Edge computing reduces latency by processing data closer,spark,1,18.0,ok,spark,1788523499.7339075,546.859,297.993,1
313.054,1,314.987,1788523500.068512,16,b01-o01-spark-c16,8,False,19.4,llama3.2:1b,etri-ser0002-cgnmsb,ACTIVE,293.654,16476820-2fd1-4a29-b034-20f52fc3a80b,Edge computing reduces latency by processing data closer,spark,1,18.0,ok,spark,1788523499.753527,540.212,297.677,1
313.667,1,315.21,1788523500.0885324,16,b01-o01-spark-c16,8,False,19.763,llama3.2:1b,etri-ser0002-cgnmsb,ACTIVE,293.904,84fddc5d-0f1b-4dd4-b2d2-96cd56bf6e59,Edge computing reduces latency by processing data closer,spark,1,18.0,ok,spark,1788523499.7733243,545.219,298.639,1
313.383,1,315.438,1788523500.108396,16,b01-o01-spark-c16,8,False,19.632,llama3.2:1b,etri-ser0002-cgnmsb,ACTIVE,293.751,08759d99-eb5f-46ea-8088-eceb4af292ab,Edge computing reduces latency by processing data closer,spark,1,18.0,ok,spark,1788523499.792961,545.182,298.165,1
312.172,1,314.458,1788523500.1275284,16,b01-o01-spark-c16,8,False,19.079,llama3.2:1b,etri-ser0002-cgnmsb,ACTIVE,293.093,3332337f-5940-4c84-8169-bd766f5199ec,Edge computing reduces latency by processing data closer,spark,1,18.0,ok,spark,1788523499.8130732,544.996,297.034,1
311.454,1,313.573,1788523500.1471143,16,b01-o01-spark-c16,8,False,19.514,llama3.2:1b,etri-ser0002-cgnmsb,ACTIVE,291.94,177ce1c3-b8ab-4850-a4ea-680e586ed752,Edge computing reduces latency by processing data closer,spark,1,18.0,ok,spark,1788523499.833544,543.589,296.697,1
313.271,1,315.301,1788523500.1670601,16,b01-o01-spark-c16,8,False,19.863,llama3.2:1b,etri-ser0002-cgnmsb,ACTIVE,293.409,81255f43-5225-4aaf-86f2-f4f4536e58d0,Edge computing reduces latency by processing data closer,spark,1,18.0,ok,spark,1788523499.8517613,541.162,297.863,1
312.51,1,314.619,1788523500.1864903,16,b01-o01-spark-c16,8,False,19.303,llama3.2:1b,etri-ser0002-cgnmsb,ACTIVE,293.207,06cab128-3461-459c-bb5e-0b6312cd96ca,Edge computing reduces latency by processing data closer,spark,1,18.0,ok,spark,1788523499.871874,545.256,297.672,1
311.512,1,314.564,1788523500.2065353,16,b01-o01-spark-c16,8,False,19.623,llama3.2:1b,etri-ser0002-cgnmsb,ACTIVE,291.89,c09994b5-f04e-44e6-be3d-5741ce834688,Edge computing reduces latency by processing data closer,spark,1,18.0,ok,spark,1788523499.8919747,541.492,296.386,1
313.108,1,315.56,1788523500.2266483,16,b01-o01-spark-c16,8,False,19.987,llama3.2:1b,etri-ser0002-cgnmsb,ACTIVE,293.121,0e63259d-8761-4d33-ae83-6de036a8d570,Edge computing reduces latency by processing data closer,spark,1,18.0,ok,spark,1788523499.911091,543.7,297.988,1
312.954,1,315.964,1788523500.24662,16,b01-o01-spark-c16,8,False,20.041,llama3.2:1b,etri-ser0002-cgnmsb,ACTIVE,292.914,60e06c6b-039c-4cce-8acd-714e8991d53b,Edge computing reduces latency by processing data closer,spark,1,18.0,ok,spark,1788523499.9306595,540.577,297.469,1
312.973,1,314.932,1788523500.2667458,16,b01-o01-spark-c16,8,False,19.964,llama3.2:1b,etri-ser0002-cgnmsb,ACTIVE,293.009,1a1b0f6e-2983-4792-8337-f21e80ba44ce,Edge computing reduces latency by processing data closer,spark,1,18.0,ok,spark,1788523499.951817,540.285,297.971,1
313.87,1,315.743,1788523500.287276,16,b01-o01-spark-c16,8,False,20.509,llama3.2:1b,etri-ser0002-cgnmsb,ACTIVE,293.361,525e81fa-4bb1-4e63-955b-999cd754173d,Edge computing reduces latency by processing data closer,spark,1,18.0,ok,spark,1788523499.9715362,513.611,298.039,1
314.678,1,316.933,1788523500.3079133,16,b01-o01-spark-c16,8,False,20.401,llama3.2:1b,etri-ser0002-cgnmsb,ACTIVE,294.277,5d5810a6-d9cd-4f83-8969-e8f11b6ee308,Edge computing reduces latency by processing data closer,spark,1,18.0,ok,spark,1788523499.9909828,520.562,298.984,1
314.31,1,316.971,1788523500.3280466,16,b01-o01-spark-c16,8,False,20.102,llama3.2:1b,etri-ser0002-cgnmsb,ACTIVE,294.207,ea5e8488-2cf9-4084-9b79-2de86892754b,Edge computing reduces latency by processing data closer,spark,1,18.0,ok,spark,1788523500.0110784,542.999,299.124,1
315.792,1,317.586,1788523500.3486488,16,b01-o01-spark-c16,8,False,20.659,llama3.2:1b,etri-ser0002-cgnmsb,ACTIVE,295.132,e8768dde-334e-4236-a060-5bda6aef2abf,Edge computing reduces latency by processing data closer,spark,1,18.0,ok,spark,1788523500.0310657,540.833,300.182,1
319.092,1,320.7,1788523500.3697822,16,b01-o01-spark-c16,8,False,20.95,llama3.2:1b,etri-ser0002-cgnmsb,ACTIVE,298.142,b3dad892-7c72-4969-9038-b88879fb6364,Edge computing reduces latency by processing data closer,spark,1,18.0,ok,spark,1788523500.0490844,539.738,302.816,1
318.154,1,320.528,1788523500.389064,16,b01-o01-spark-c16,8,False,19.188,llama3.2:1b,etri-ser0002-cgnmsb,ACTIVE,298.966,9ca9b5f3-be13-4fd4-94b4-b225edbb8fa0,Edge computing reduces latency by processing data closer,spark,1,18.0,ok,spark,1788523500.0685382,545.628,303.455,1
317.803,1,319.845,1788523500.4084206,16,b01-o01-spark-c16,8,False,19.206,llama3.2:1b,etri-ser0002-cgnmsb,ACTIVE,298.597,1cb4f263-9a3a-46c8-af12-c4c0b9c95422,Edge computing reduces latency by processing data closer,spark,1,18.0,ok,spark,1788523500.0885785,546.001,302.653,1
317.209,1,319.547,1788523500.4280071,16,b01-o01-spark-c16,8,False,19.581,llama3.2:1b,etri-ser0002-cgnmsb,ACTIVE,297.628,f5cbff22-d743-4801-aa18-e72fccf0fa50,Edge computing reduces latency by processing data closer,spark,1,18.0,ok,spark,1788523500.1084635,539.775,302.201,1
317.065,1,319.16,1788523500.4467664,16,b01-o01-spark-c16,8,False,18.916,llama3.2:1b,etri-ser0002-cgnmsb,ACTIVE,298.149,2985bd09-6083-43d3-8f94-741d80ccfe5a,Edge computing reduces latency by processing data closer,spark,1,18.0,ok,spark,1788523500.1276073,546.299,301.967,1
318.459,1,320.323,1788523500.4675014,16,b01-o01-spark-c16,8,False,20.371,llama3.2:1b,etri-ser0002-cgnmsb,ACTIVE,298.088,28fae9fa-4150-4f2c-b592-b9d3aa0fbfe8,Edge computing reduces latency by processing data closer,spark,1,18.0,ok,spark,1788523500.1471817,540.979,302.83,1
317.695,1,320.31,1788523500.487437,16,b01-o01-spark-c16,8,False,19.903,llama3.2:1b,etri-ser0002-cgnmsb,ACTIVE,297.793,1d369cd5-764b-463f-83d7-a11120cd113d,Edge computing reduces latency by processing data closer,spark,1,18.0,ok,spark,1788523500.1671298,539.993,302.712,1
318.073,1,320.296,1788523500.5068536,16,b01-o01-spark-c16,8,False,19.455,llama3.2:1b,etri-ser0002-cgnmsb,ACTIVE,298.618,06c677b6-3b60-4d0e-a1f6-3f8a6eaf5077,Edge computing reduces latency by processing data closer,spark,1,18.0,ok,spark,1788523500.1865597,545.963,302.874,1
319.186,1,321.745,1788523500.5283697,16,b01-o01-spark-c16,8,False,21.07,llama3.2:1b,etri-ser0002-cgnmsb,ACTIVE,298.116,74d93149-9428-4c2b-b84e-d482014630eb,Edge computing reduces latency by processing data closer,spark,1,18.0,ok,spark,1788523500.2066278,543.515,303.67,1
319.207,1,321.575,1788523500.5482895,16,b01-o01-spark-c16,8,False,19.678,llama3.2:1b,etri-ser0002-cgnmsb,ACTIVE,299.528,eda4d7ac-6e2b-43c5-8c62-fa99c2f9c0f7,Edge computing reduces latency by processing data closer,spark,1,18.0,ok,spark,1788523500.2267177,542.63,303.996,1
319.135,1,321.083,1788523500.5677793,16,b01-o01-spark-c16,8,False,19.688,llama3.2:1b,etri-ser0002-cgnmsb,ACTIVE,299.447,06e6b4b7-6147-4aad-96a1-0ee6dc294927,Edge computing reduces latency by processing data closer,spark,1,18.0,ok,spark,1788523500.246699,545.814,303.683,1
318.084,1,320.565,1788523500.5873864,16,b01-o01-spark-c16,8,False,19.335,llama3.2:1b,etri-ser0002-cgnmsb,ACTIVE,298.749,f1ea1154-23f0-4ecc-a394-54817d7d82eb,Edge computing reduces latency by processing data closer,spark,1,18.0,ok,spark,1788523500.2668247,542.446,302.991,1
317.63,1,319.908,1788523500.6072488,16,b01-o01-spark-c16,8,False,19.852,llama3.2:1b,etri-ser0002-cgnmsb,ACTIVE,297.778,c648d6d2-32be-4d8e-8aca-4d6dc866d4f0,Edge computing reduces latency by processing data closer,spark,1,18.0,ok,spark,1788523500.2873435,542.446,302.325,1
316.509,1,318.881,1788523500.6268888,16,b01-o01-spark-c16,8,False,19.583,llama3.2:1b,etri-ser0002-cgnmsb,ACTIVE,296.926,9b4f494e-8648-4ef3-b52d-13ee0b5223e3,Edge computing reduces latency by processing data closer,spark,1,18.0,ok,spark,1788523500.3080103,547.158,301.56,1
317.268,1,319.149,1788523500.6472702,16,b01-o01-spark-c16,8,False,20.222,llama3.2:1b,etri-ser0002-cgnmsb,ACTIVE,297.045,e36035a2-6806-49ff-aeae-c4e6970f2345,Edge computing reduces latency by processing data closer,spark,1,18.0,ok,spark,1788523500.3281238,546.336,301.467,1
316.31,1,318.488,1788523500.6672025,16,b01-o01-spark-c16,8,False,19.863,llama3.2:1b,etri-ser0002-cgnmsb,ACTIVE,296.446,3837eaaa-11e7-48d7-8827-572d4282d4f2,Edge computing reduces latency by processing data closer,spark,1,18.0,ok,spark,1788523500.3487167,543.331,301.058,1
315.962,1,317.877,1788523500.6877222,16,b01-o01-spark-c16,8,False,20.479,llama3.2:1b,etri-ser0002-cgnmsb,ACTIVE,295.483,fa4caaef-a397-4e23-836d-534e4d32df64,Edge computing reduces latency by processing data closer,spark,1,18.0,ok,spark,1788523500.3698473,540.833,300.894,1
317.038,1,318.594,1788523500.7076948,16,b01-o01-spark-c16,8,False,19.818,llama3.2:1b,etri-ser0002-cgnmsb,ACTIVE,297.22,8a5b4be9-8e72-4b37-8324-5ca75745ed39,Edge computing reduces latency by processing data closer,spark,1,18.0,ok,spark,1788523500.389104,543.7,301.569,1
316.47,1,319.189,1788523500.727684,16,b01-o01-spark-c16,8,False,19.811,llama3.2:1b,etri-ser0002-cgnmsb,ACTIVE,296.659,3139b95d-215b-4993-a1a3-6c5c500aa951,Edge computing reduces latency by processing data closer,spark,1,18.0,ok,spark,1788523500.4084983,543.552,300.936,1
316.281,1,318.45,1788523500.746547,16,b01-o01-spark-c16,8,False,18.887,llama3.2:1b,etri-ser0002-cgnmsb,ACTIVE,297.393,e7f0d511-2d73-46e8-a27b-cb2106b313d7,Edge computing reduces latency by processing data closer,spark,1,18.0,ok,spark,1788523500.428099,540.103,301.248,1
318.24,1,320.334,1788523500.767137,16,b01-o01-spark-c16,8,False,20.443,llama3.2:1b,etri-ser0002-cgnmsb,ACTIVE,297.796,8c60094b-188d-4f0e-96fe-6c5b61da8d17,Edge computing reduces latency by processing data closer,spark,1,18.0,ok,spark,1788523500.4468062,540.358,303.163,1
317.247,1,319.404,1788523500.786987,16,b01-o01-spark-c16,8,False,19.633,llama3.2:1b,etri-ser0002-cgnmsb,ACTIVE,297.613,639e9623-d089-4043-a1ae-65f6124fe6d6,Edge computing reduces latency by processing data closer,spark,1,18.0,ok,spark,1788523500.4675853,541.272,302.017,1
317.459,1,319.881,1788523500.8073916,16,b01-o01-spark-c16,8,False,20.172,llama3.2:1b,etri-ser0002-cgnmsb,ACTIVE,297.287,fc990c05-7df4-4d7b-9078-7437c0d08aff,Edge computing reduces latency by processing data closer,spark,1,18.0,ok,spark,1788523500.4875135,543.368,302.499,1
317.92,1,320.803,1788523500.827723,16,b01-o01-spark-c16,8,False,20.237,llama3.2:1b,etri-ser0002-cgnmsb,ACTIVE,297.684,dad7242e-725b-48ee-aa21-4b8617d23234,Edge computing reduces latency by processing data closer,spark,1,18.0,ok,spark,1788523500.506923,543.885,302.622,1
316.226,1,319.911,1788523500.8483677,16,b01-o01-spark-c16,8,False,19.816,llama3.2:1b,etri-ser0002-cgnmsb,ACTIVE,296.41,4590fff9-e78c-4610-85a2-a7813237f606,Edge computing reduces latency by processing data closer,spark,1,18.0,ok,spark,1788523500.5284595,539.738,300.694,1
317.032,1,319.305,1788523500.8676937,16,b01-o01-spark-c16,8,False,19.754,llama3.2:1b,etri-ser0002-cgnmsb,ACTIVE,297.279,fd4b8a41-4c49-49ba-a466-99bf817d6f4c,Edge computing reduces latency by processing data closer,spark,1,18.0,ok,spark,1788523500.5483906,533.227,301.727,1
318.043,1,319.952,1788523500.8878047,16,b01-o01-spark-c16,8,False,20.068,llama3.2:1b,etri-ser0002-cgnmsb,ACTIVE,297.975,63ca2f3d-0bed-4986-8f33-a7fd5b6a05e4,Edge computing reduces latency by processing data closer,spark,1,18.0,ok,spark,1788523500.567856,541.235,302.43,1
317.863,1,320.112,1788523500.9075735,16,b01-o01-spark-c16,8,False,19.755,llama3.2:1b,etri-ser0002-cgnmsb,ACTIVE,298.108,be0931c4-5fa5-48c2-9460-578829cf8df9,Edge computing reduces latency by processing data closer,spark,1,18.0,ok,spark,1788523500.587464,542.52,302.781,1
318.406,1,320.687,1788523500.9280055,16,b01-o01-spark-c16,8,False,20.406,llama3.2:1b,etri-ser0002-cgnmsb,ACTIVE,298.0,4bdc05bb-6b69-4cf0-b391-dc83d2fcdf57,Edge computing reduces latency by processing data closer,spark,1,18.0,ok,spark,1788523500.6073208,544.959,302.842,1
318.918,1,320.844,1788523500.9478297,16,b01-o01-spark-c16,8,False,19.752,llama3.2:1b,etri-ser0002-cgnmsb,ACTIVE,299.166,31c024a8-fb96-44ea-9772-243f99ca107a,Edge computing reduces latency by processing data closer,spark,1,18.0,ok,spark,1788523500.6269886,538.721,303.242,1
317.976,1,320.361,1788523500.9677093,16,b01-o01-spark-c16,8,False,19.561,llama3.2:1b,etri-ser0002-cgnmsb,ACTIVE,298.416,9894cae5-4131-452b-b001-eb2254c97b35,Edge computing reduces latency by processing data closer,spark,1,18.0,ok,spark,1788523500.6473515,544.44,302.496,1
317.221,1,319.675,1788523500.9869444,16,b01-o01-spark-c16,8,False,19.447,llama3.2:1b,etri-ser0002-cgnmsb,ACTIVE,297.774,6b497276-2335-4faa-9b2e-fd80ba6bba5e,Edge computing reduces latency by processing data closer,spark,1,18.0,ok,spark,1788523500.6672719,538.721,301.516,1
316.371,1,318.868,1788523501.006656,16,b01-o01-spark-c16,8,False,19.444,llama3.2:1b,etri-ser0002-cgnmsb,ACTIVE,296.927,72a25699-7100-4ef0-80d6-3de08ba11ecc,Edge computing reduces latency by processing data closer,spark,1,18.0,ok,spark,1788523500.6877909,546.597,301.306,1
316.399,1,318.435,1788523501.026208,16,b01-o01-spark-c16,8,False,19.503,llama3.2:1b,etri-ser0002-cgnmsb,ACTIVE,296.896,d3c2f735-b957-4e83-ab24-5538b4543bce,Edge computing reduces latency by processing data closer,spark,1,18.0,ok,spark,1788523500.7077756,545.591,300.92,1
315.256,1,318.038,1788523501.0458407,16,b01-o01-spark-c16,8,False,19.789,llama3.2:1b,etri-ser0002-cgnmsb,ACTIVE,295.466,382e7466-0f82-414f-8f37-1dfa80a99af8,Edge computing reduces latency by processing data closer,spark,1,18.0,ok,spark,1788523500.7278042,543.368,300.072,1
317.381,1,319.289,1788523501.0659046,16,b01-o01-spark-c16,8,False,19.985,llama3.2:1b,etri-ser0002-cgnmsb,ACTIVE,297.397,a333613f-2fe7-4179-8cff-4acf9ae584ff,Edge computing reduces latency by processing data closer,spark,1,18.0,ok,spark,1788523500.7466164,538.539,301.797,1
316.134,1,318.211,1788523501.0854206,16,b01-o01-spark-c16,8,False,19.589,llama3.2:1b,etri-ser0002-cgnmsb,ACTIVE,296.546,2c820f7d-c7d7-4dc8-87d6-c9993916638d,Edge computing reduces latency by processing data closer,spark,1,18.0,ok,spark,1788523500.7672105,538.394,301.175,1
315.678,1,318.255,1788523501.1053064,16,b01-o01-spark-c16,8,False,19.463,llama3.2:1b,etri-ser0002-cgnmsb,ACTIVE,296.215,9c829f7c-cd7c-4d15-87c4-f7b73300e6cc,Edge computing reduces latency by processing data closer,spark,1,18.0,ok,spark,1788523500.787054,545.219,300.683,1
315.094,1,317.732,1788523501.1251948,16,b01-o01-spark-c16,8,False,19.617,llama3.2:1b,etri-ser0002-cgnmsb,ACTIVE,295.477,11ebb324-c2ab-4475-afaa-adb77d7fec12,Edge computing reduces latency by processing data closer,spark,1,18.0,ok,spark,1788523500.807466,546.336,299.479,1
314.568,1,316.902,1788523501.144693,16,b01-o01-spark-c16,8,False,19.54,llama3.2:1b,etri-ser0002-cgnmsb,ACTIVE,295.028,0d98fa09-4878-441d-87b4-1fa85fc66743,Edge computing reduces latency by processing data closer,spark,1,18.0,ok,spark,1788523500.8277934,543.036,299.464,1
314.737,1,316.76,1788523501.165205,16,b01-o01-spark-c16,8,False,20.305,llama3.2:1b,etri-ser0002-cgnmsb,ACTIVE,294.432,19333908-2eee-46fd-80e7-afc9608cb204,Edge computing reduces latency by processing data closer,spark,1,18.0,ok,spark,1788523500.8484478,539.92,299.186,1
315.622,1,318.235,1788523501.1859949,16,b01-o01-spark-c16,8,False,20.482,llama3.2:1b,etri-ser0002-cgnmsb,ACTIVE,295.14,f966f9ca-b55b-4e08-ac2a-997ba5141f62,Edge computing reduces latency by processing data closer,spark,1,18.0,ok,spark,1788523500.8677628,518.538,299.805,1
315.695,1,318.156,1788523501.2060368,16,b01-o01-spark-c16,8,False,19.995,llama3.2:1b,etri-ser0002-cgnmsb,ACTIVE,295.7,1bb0437e-726e-4aae-aed5-24fa39bced73,Edge computing reduces latency by processing data closer,spark,1,18.0,ok,spark,1788523500.8878837,522.091,299.911,1
316.453,1,318.858,1788523501.2264988,16,b01-o01-spark-c16,8,False,20.53,llama3.2:1b,etri-ser0002-cgnmsb,ACTIVE,295.922,651466a5-99e2-4554-8dbc-bdea1cc8b510,Edge computing reduces latency by processing data closer,spark,1,18.0,ok,spark,1788523500.9076438,508.388,300.297,1
317.916,1,319.81,1788523501.2478783,16,b01-o01-spark-c16,8,False,21.263,llama3.2:1b,etri-ser0002-cgnmsb,ACTIVE,296.653,b5dcd19c-f893-46d1-ab8e-aff19db435c8,Edge computing reduces latency by processing data closer,spark,1,18.0,ok,spark,1788523500.9280713,494.835,301.439,1
319.084,1,321.505,1788523501.2693987,16,b01-o01-spark-c16,8,False,20.96,llama3.2:1b,etri-ser0002-cgnmsb,ACTIVE,298.123,dd2d3280-7f94-405d-9963-fd0ce93c23c6,Edge computing reduces latency by processing data closer,spark,1,18.0,ok,spark,1788523500.9478965,523.286,302.966,1
321.982,1,324.357,1788523501.2921565,16,b01-o01-spark-c16,8,False,22.495,llama3.2:1b,etri-ser0002-cgnmsb,ACTIVE,299.487,88d63e2d-03be-4a19-adf3-e5a9de746635,Edge computing reduces latency by processing data closer,spark,1,18.0,ok,spark,1788523500.967802,496.186,305.353,1
327.06,1,329.477,1788523501.3164885,16,b01-o01-spark-c16,8,False,23.909,llama3.2:1b,etri-ser0002-cgnmsb,ACTIVE,303.152,34e7a449-f1ea-41d7-b489-ae5d7d5867ff,Edge computing reduces latency by processing data closer,spark,1,18.0,ok,spark,1788523500.9870136,507.518,310.095,1
331.66,1,334.505,1788523501.3412383,16,b01-o01-spark-c16,8,False,24.581,llama3.2:1b,etri-ser0002-cgnmsb,ACTIVE,307.078,1cdc7f86-c96d-4ea1-b4e2-2b4a0fc85599,Edge computing reduces latency by processing data closer,spark,1,18.0,ok,spark,1788523501.0067368,501.882,314.222,1
335.312,1,338.008,1788523501.3642957,16,b01-o01-spark-c16,8,False,23.224,llama3.2:1b,etri-ser0002-cgnmsb,ACTIVE,312.088,8d6d0236-c23a-4ade-8952-4646dc7ee317,Edge computing reduces latency by processing data closer,spark,1,18.0,ok,spark,1788523501.02629,505.401,319.082,1
337.819,1,339.716,1788523501.3855946,16,b01-o01-spark-c16,8,False,21.363,llama3.2:1b,etri-ser0002-cgnmsb,ACTIVE,316.456,a927c5f5-8305-4f7c-8995-593abad9834c,Edge computing reduces latency by processing data closer,spark,1,18.0,ok,spark,1788523501.0458798,509.035,322.077,1
339.825,1,341.34,1788523501.4072764,16,b01-o01-spark-c16,8,False,21.433,llama3.2:1b,etri-ser0002-cgnmsb,ACTIVE,318.393,53445b06-e5af-41a9-9d60-dafe5297ebc1,Edge computing reduces latency by processing data closer,spark,1,18.0,ok,spark,1788523501.0659378,504.891,323.331,1
340.522,1,342.029,1788523501.4274685,16,b01-o01-spark-c16,8,False,20.036,llama3.2:1b,etri-ser0002-cgnmsb,ACTIVE,320.485,41f5c285-fd70-4ba8-9cbe-f7fb1532e288,Edge computing reduces latency by processing data closer,spark,1,18.0,ok,spark,1788523501.0854418,527.148,324.821,1
341.0,1,343.216,1788523501.4485834,16,b01-o01-spark-c16,8,False,20.939,llama3.2:1b,etri-ser0002-cgnmsb,ACTIVE,320.061,50c0c1ed-2a3e-4314-aaef-171233f3ac7e,Edge computing reduces latency by processing data closer,spark,1,18.0,ok,spark,1788523501.1053703,491.703,324.298,1
342.8,1,344.46,1788523501.469731,16,b01-o01-spark-c16,8,False,21.139,llama3.2:1b,etri-ser0002-cgnmsb,ACTIVE,321.661,8ed67315-7bc0-4d3e-a720-72116900ef24,Edge computing reduces latency by processing data closer,spark,1,18.0,ok,spark,1788523501.1252723,514.271,326.699,1
344.125,1,346.223,1788523501.490982,16,b01-o01-spark-c16,8,False,20.962,llama3.2:1b,etri-ser0002-cgnmsb,ACTIVE,323.163,9ed9bb82-faa1-4dce-97bc-4c279658b54c,Edge computing reduces latency by processing data closer,spark,1,18.0,ok,spark,1788523501.1447613,500.563,327.925,1
345.561,1,347.526,1788523501.5128052,16,b01-o01-spark-c16,8,False,21.716,llama3.2:1b,etri-ser0002-cgnmsb,ACTIVE,323.845,6127c7e7-effc-4646-a8a4-78d390af91ca,Edge computing reduces latency by processing data closer,spark,1,18.0,ok,spark,1788523501.165282,501.002,329.192,1
346.07,1,348.339,1788523501.5344005,16,b01-o01-spark-c16,8,False,21.704,llama3.2:1b,etri-ser0002-cgnmsb,ACTIVE,324.366,60477ae4-0abf-4503-a1d5-0aa47ab45512,Edge computing reduces latency by processing data closer,spark,1,18.0,ok,spark,1788523501.1860647,495.203,329.405,1
346.373,1,348.671,1788523501.5547838,16,b01-o01-spark-c16,8,False,19.949,llama3.2:1b,etri-ser0002-cgnmsb,ACTIVE,326.424,c0b6268b-5585-491d-b0a0-79b020939851,Edge computing reduces latency by processing data closer,spark,1,18.0,ok,spark,1788523501.2061152,523.115,330.55,1
347.468,1,349.744,1788523501.5763087,16,b01-o01-spark-c16,8,False,21.735,llama3.2:1b,etri-ser0002-cgnmsb,ACTIVE,325.733,b28dfec5-09ef-4e16-af75-ff32186b126d,Edge computing reduces latency by processing data closer,spark,1,18.0,ok,spark,1788523501.2265673,485.231,330.457,1
348.297,1,350.101,1788523501.5980585,16,b01-o01-spark-c16,8,False,21.676,llama3.2:1b,etri-ser0002-cgnmsb,ACTIVE,326.62,b7c6dfb3-36bb-4e3b-81fd-c4ab4e2fddfe,Edge computing reduces latency by processing data closer,spark,1,18.0,ok,spark,1788523501.2479603,502.797,332.118,1
347.478,1,350.38,1788523501.6198826,16,b01-o01-spark-c16,8,False,21.638,llama3.2:1b,etri-ser0002-cgnmsb,ACTIVE,325.84,0ef59171-85d3-4785-8239-3d7ed2793489,Edge computing reduces latency by processing data closer,spark,1,18.0,ok,spark,1788523501.2695045,490.527,330.602,1
344.358,1,348.653,1788523501.6408837,16,b01-o01-spark-c16,8,False,20.697,llama3.2:1b,etri-ser0002-cgnmsb,ACTIVE,323.661,72efea1d-4cdd-49dd-b7ed-16f64c644a96,Edge computing reduces latency by processing data closer,spark,1,18.0,ok,spark,1788523501.2922332,489.446,327.393,1
341.163,1,344.777,1788523501.6613488,16,b01-o01-spark-c16,8,False,20.545,llama3.2:1b,etri-ser0002-cgnmsb,ACTIVE,320.618,b407553b-93ae-4a64-a124-b9fd2526d379,Edge computing reduces latency by processing data closer,spark,1,18.0,ok,spark,1788523501.3165746,508.324,324.799,1
335.568,1,340.847,1788523501.682157,16,b01-o01-spark-c16,8,False,20.598,llama3.2:1b,etri-ser0002-cgnmsb,ACTIVE,314.969,abdcb09d-2535-43a7-9724-2eac0d1725cf,Edge computing reduces latency by processing data closer,spark,1,18.0,ok,spark,1788523501.3413134,515.863,319.937,1
335.411,1,338.123,1788523501.7024734,16,b01-o01-spark-c16,8,False,20.211,llama3.2:1b,etri-ser0002-cgnmsb,ACTIVE,315.2,ad41ecd8-8508-4337-baff-1cbad3021b6e,Edge computing reduces latency by processing data closer,spark,1,18.0,ok,spark,1788523501.364354,528.681,319.73,1
334.641,1,337.136,1788523501.7227557,16,b01-o01-spark-c16,8,False,20.133,llama3.2:1b,etri-ser0002-cgnmsb,ACTIVE,314.509,a1c40eb6-d060-420a-b1d2-981138be3fff,Edge computing reduces latency by processing data closer,spark,1,18.0,ok,spark,1788523501.3856223,522.398,319.178,1
334.631,1,337.226,1788523501.7445428,16,b01-o01-spark-c16,8,False,21.372,llama3.2:1b,etri-ser0002-cgnmsb,ACTIVE,313.259,c68be087-9f09-49df-ba2d-85365cb99fe0,Edge computing reduces latency by processing data closer,spark,1,18.0,ok,spark,1788523501.40732,489.357,317.881,1
335.755,1,337.933,1788523501.7654538,16,b01-o01-spark-c16,8,False,21.0,llama3.2:1b,etri-ser0002-cgnmsb,ACTIVE,314.755,58f21f73-86e6-42ca-848c-d623d2e9c7f2,Edge computing reduces latency by processing data closer,spark,1,18.0,ok,spark,1788523501.427524,496.032,319.157,1
335.038,1,337.333,1788523501.7859838,16,b01-o01-spark-c16,8,False,20.523,llama3.2:1b,etri-ser0002-cgnmsb,ACTIVE,314.515,adf36969-777a-42f4-803f-108d64b1532d,Edge computing reduces latency by processing data closer,spark,1,18.0,ok,spark,1788523501.448653,511.967,319.217,1
335.002,1,337.264,1788523501.807045,16,b01-o01-spark-c16,8,False,20.857,llama3.2:1b,etri-ser0002-cgnmsb,ACTIVE,314.145,a9635d0b-3453-4298-81c4-335a2e9d48fa,Edge computing reduces latency by processing data closer,spark,1,18.0,ok,spark,1788523501.4697843,511.444,318.71,1
333.401,1,336.023,1788523501.8271089,16,b01-o01-spark-c16,8,False,20.103,llama3.2:1b,etri-ser0002-cgnmsb,ACTIVE,313.298,7712644e-ecdc-4757-b6f8-c3a9a8316aa6,Edge computing reduces latency by processing data closer,spark,1,18.0,ok,spark,1788523501.4910886,513.051,317.932,1
332.305,1,334.773,1788523501.847652,16,b01-o01-spark-c16,8,False,20.287,llama3.2:1b,etri-ser0002-cgnmsb,ACTIVE,312.018,5c15368d-7876-4d71-a8ba-622fcacdd784,Edge computing reduces latency by processing data closer,spark,1,18.0,ok,spark,1788523501.5128822,520.021,316.834,1
332.078,1,334.32,1788523501.8687854,16,b01-o01-spark-c16,8,False,20.95,llama3.2:1b,etri-ser0002-cgnmsb,ACTIVE,311.128,4e2f7971-e483-43d0-bd3f-4cdc3de62697,Edge computing reduces latency by processing data closer,spark,1,18.0,ok,spark,1788523501.5344687,491.763,315.045,1
332.866,1,334.677,1788523501.8895376,16,b01-o01-spark-c16,8,False,21.299,llama3.2:1b,etri-ser0002-cgnmsb,ACTIVE,311.566,e8247bf3-704b-4177-925b-ba2fdc269872,Edge computing reduces latency by processing data closer,spark,1,18.0,ok,spark,1788523501.5548615,505.625,316.396,1
332.184,1,334.155,1788523501.9105318,16,b01-o01-spark-c16,8,False,20.957,llama3.2:1b,etri-ser0002-cgnmsb,ACTIVE,311.227,949409cb-0d05-41cb-84c6-90b3e18ae0e2,Edge computing reduces latency by processing data closer,spark,1,18.0,ok,spark,1788523501.576378,507.84,315.619,1
331.922,1,334.031,1788523501.9321587,16,b01-o01-spark-c16,8,False,21.342,llama3.2:1b,etri-ser0002-cgnmsb,ACTIVE,310.581,2482b901-961d-4f18-ac5b-9426a353ede7,Edge computing reduces latency by processing data closer,spark,1,18.0,ok,spark,1788523501.598128,502.386,315.578,1
329.618,1,331.29,1788523501.9512632,16,b01-o01-spark-c16,8,False,19.281,llama3.2:1b,etri-ser0002-cgnmsb,ACTIVE,310.337,b41743dc-385c-40dc-b3e2-aab3e9637885,Edge computing reduces latency by processing data closer,spark,1,18.0,ok,spark,1788523501.6199741,540.541,314.391,1
327.909,1,329.771,1788523501.970791,16,b01-o01-spark-c16,8,False,19.319,llama3.2:1b,etri-ser0002-cgnmsb,ACTIVE,308.59,d740d6bc-b030-41f6-b45a-c1682d4445b1,Edge computing reduces latency by processing data closer,spark,1,18.0,ok,spark,1788523501.6410215,543.774,312.649,1
327.024,1,329.308,1788523501.9907236,16,b01-o01-spark-c16,8,False,19.402,llama3.2:1b,etri-ser0002-cgnmsb,ACTIVE,307.623,9119e6f3-7223-48a9-aaef-1a8e068bacf2,Edge computing reduces latency by processing data closer,spark,1,18.0,ok,spark,1788523501.6614187,544.885,311.884,1
325.312,1,328.015,1788523502.0102866,16,b01-o01-spark-c16,8,False,19.382,llama3.2:1b,etri-ser0002-cgnmsb,ACTIVE,305.93,4dd5086c-c619-46bc-849f-bb54a6d16e3b,Edge computing reduces latency by processing data closer,spark,1,18.0,ok,spark,1788523501.682274,546.112,309.835,1
324.514,1,327.144,1788523502.0296893,16,b01-o01-spark-c16,8,False,19.346,llama3.2:1b,etri-ser0002-cgnmsb,ACTIVE,305.169,51b32b07-5f7b-4aae-a45f-284168e1f397,Edge computing reduces latency by processing data closer,spark,1,18.0,ok,spark,1788523501.7025504,543.294,309.513,1
323.159,1,325.208,1788523502.0480375,16,b01-o01-spark-c16,8,False,18.755,llama3.2:1b,etri-ser0002-cgnmsb,ACTIVE,304.404,e8efb565-6472-4937-b264-a8130c6411dc,Edge computing reduces latency by processing data closer,spark,1,18.0,ok,spark,1788523501.722831,542.41,308.025,1
320.375,1,322.242,1788523502.066855,16,b01-o01-spark-c16,8,False,18.79,llama3.2:1b,etri-ser0002-cgnmsb,ACTIVE,301.585,8150a89d-a35a-437d-a421-9062ec566beb,Edge computing reduces latency by processing data closer,spark,1,18.0,ok,spark,1788523501.7446144,542.557,305.349,1
318.457,1,320.856,1788523502.0863855,16,b01-o01-spark-c16,8,False,19.111,llama3.2:1b,etri-ser0002-cgnmsb,ACTIVE,299.347,d7900798-309c-4c52-91fe-9bc5a0c86a4e,Edge computing reduces latency by processing data closer,spark,1,18.0,ok,spark,1788523501.765531,544.144,303.305,1
318.393,1,320.337,1788523502.106396,16,b01-o01-spark-c16,8,False,20.077,llama3.2:1b,etri-ser0002-cgnmsb,ACTIVE,298.315,d7bf578f-cc16-4e71-bc6f-eb4e171b143b,Edge computing reduces latency by processing data closer,spark,1,18.0,ok,spark,1788523501.786062,541.126,302.906,1
316.838,1,318.98,1788523502.1261044,16,b01-o01-spark-c16,8,False,19.567,llama3.2:1b,etri-ser0002-cgnmsb,ACTIVE,297.271,7e9e8b5f-4e42-4e14-8101-4ac5878268fb,Edge computing reduces latency by processing data closer,spark,1,18.0,ok,spark,1788523501.807127,541.492,301.475,1
317.508,1,319.58,1788523502.146761,16,b01-o01-spark-c16,8,False,20.576,llama3.2:1b,etri-ser0002-cgnmsb,ACTIVE,296.933,89a27460-f155-44d6-8d64-f1cd8b075cbf,Edge computing reduces latency by processing data closer,spark,1,18.0,ok,spark,1788523501.8271832,528.646,301.831,1
316.273,1,318.395,1788523502.166126,16,b01-o01-spark-c16,8,False,19.18,llama3.2:1b,etri-ser0002-cgnmsb,ACTIVE,297.093,12843f65-faa2-4989-97f3-a8d10e85c151,Edge computing reduces latency by processing data closer,spark,1,18.0,ok,spark,1788523501.8477347,541.016,301.338,1
314.341,1,316.636,1788523502.1855114,16,b01-o01-spark-c16,8,False,19.22,llama3.2:1b,etri-ser0002-cgnmsb,ACTIVE,295.121,941630c0-6b2e-41eb-98a9-04632099f847,Edge computing reduces latency by processing data closer,spark,1,18.0,ok,spark,1788523501.8689063,537.671,298.718,1
312.862,1,314.552,1788523502.2041123,16,b01-o01-spark-c16,8,False,18.718,llama3.2:1b,etri-ser0002-cgnmsb,ACTIVE,294.144,42ee4741-3065-4f7d-bdb3-d41ccebc3815,Edge computing reduces latency by processing data closer,spark,1,18.0,ok,spark,1788523501.8895643,542.851,297.836,1
311.193,1,312.891,1788523502.2234433,16,b01-o01-spark-c16,8,False,19.286,llama3.2:1b,etri-ser0002-cgnmsb,ACTIVE,291.907,a3fbdd0c-6960-4409-a2e5-b730079db483,Edge computing reduces latency by processing data closer,spark,1,18.0,ok,spark,1788523501.9105556,544.885,295.74,1
309.098,1,310.965,1788523502.2431424,16,b01-o01-spark-c16,8,False,19.6,llama3.2:1b,etri-ser0002-cgnmsb,ACTIVE,289.498,4f7c0e68-6655-4f56-9cb2-b207c050b0d2,Edge computing reduces latency by processing data closer,spark,1,18.0,ok,spark,1788523501.9321792,541.675,293.613,1
309.513,1,311.111,1788523502.2623875,16,b01-o01-spark-c16,8,False,18.92,llama3.2:1b,etri-ser0002-cgnmsb,ACTIVE,290.593,a711d07a-5e1d-4f9b-a2b3-2b3377e28a59,Edge computing reduces latency by processing data closer,spark,1,18.0,ok,spark,1788523501.9512796,543.848,294.487,1
309.748,1,311.91,1788523502.2827337,16,b01-o01-spark-c16,8,False,20.318,llama3.2:1b,etri-ser0002-cgnmsb,ACTIVE,289.43,619aa3fc-df1a-4c0b-9f4f-5ef1102e6e86,Edge computing reduces latency by processing data closer,spark,1,18.0,ok,spark,1788523501.9708273,540.541,294.715,1
309.433,1,311.246,1788523502.3020453,16,b01-o01-spark-c16,8,False,19.322,llama3.2:1b,etri-ser0002-cgnmsb,ACTIVE,290.111,4d98d8bb-4eed-4edb-9c57-18c75cdb906c,Edge computing reduces latency by processing data closer,spark,1,18.0,ok,spark,1788523501.990801,542.594,294.709,1
309.673,1,311.687,1788523502.3220499,16,b01-o01-spark-c16,8,False,19.732,llama3.2:1b,etri-ser0002-cgnmsb,ACTIVE,289.94,424c7654-4549-4636-9c8b-640f1b3270af,Edge computing reduces latency by processing data closer,spark,1,18.0,ok,spark,1788523502.010365,540.103,294.214,1
310.403,1,312.21,1788523502.34201,16,b01-o01-spark-c16,8,False,20.378,llama3.2:1b,etri-ser0002-cgnmsb,ACTIVE,290.024,4e6de06b-0b19-46f0-93f8-666337dde3de,Edge computing reduces latency by processing data closer,spark,1,18.0,ok,spark,1788523502.0298,534.188,294.762,1
311.553,1,313.111,1788523502.3611836,16,b01-o01-spark-c16,8,False,18.819,llama3.2:1b,etri-ser0002-cgnmsb,ACTIVE,292.733,f639b09e-68fb-4641-aaf9-324d29b18097,Edge computing reduces latency by processing data closer,spark,1,18.0,ok,spark,1788523502.048078,545.814,296.753,1
313.06,1,314.683,1788523502.381558,16,b01-o01-spark-c16,8,False,19.992,llama3.2:1b,etri-ser0002-cgnmsb,ACTIVE,293.068,4e7fe381-49a6-43b6-9777-007567862452,Edge computing reduces latency by processing data closer,spark,1,18.0,ok,spark,1788523502.0668786,543.294,297.894,1
313.987,1,315.37,1788523502.4018028,16,b01-o01-spark-c16,8,False,20.55,llama3.2:1b,etri-ser0002-cgnmsb,ACTIVE,293.437,8d4b4d06-5202-4df2-8412-0ce5f9411240,Edge computing reduces latency by processing data closer,spark,1,18.0,ok,spark,1788523502.0864336,530.082,298.202,1
313.1,1,315.066,1788523502.4215298,16,b01-o01-spark-c16,8,False,19.458,llama3.2:1b,etri-ser0002-cgnmsb,ACTIVE,293.643,6a3c7fc9-a0a0-4ed2-871d-6a6f58443355,Edge computing reduces latency by processing data closer,spark,1,18.0,ok,spark,1788523502.106467,541.162,297.705,1
312.826,1,314.877,1788523502.4410577,16,b01-o01-spark-c16,8,False,19.484,llama3.2:1b,etri-ser0002-cgnmsb,ACTIVE,293.342,bc0a0f35-0949-4409-8ff7-4bb93f10ba83,Edge computing reduces latency by processing data closer,spark,1,18.0,ok,spark,1788523502.1261818,532.375,297.916,1
312.365,1,314.258,1788523502.461086,16,b01-o01-spark-c16,8,False,20.185,llama3.2:1b,etri-ser0002-cgnmsb,ACTIVE,292.18,637d5a89-bad3-4c7d-b940-add08b9d8456,Edge computing reduces latency by processing data closer,spark,1,18.0,ok,spark,1788523502.1468287,538.829,297.171,1
314.558,1,316.118,1788523502.4823322,16,b01-o01-spark-c16,8,False,21.028,llama3.2:1b,etri-ser0002-cgnmsb,ACTIVE,293.53,ecb671db-1819-4443-bd29-17f205b4107c,Edge computing reduces latency by processing data closer,spark,1,18.0,ok,spark,1788523502.166215,542.851,299.033,1
315.212,1,317.197,1788523502.502807,16,b01-o01-spark-c16,8,False,20.149,llama3.2:1b,etri-ser0002-cgnmsb,ACTIVE,295.063,5a07f727-3661-4592-9bd1-ab35c7879f0f,Edge computing reduces latency by processing data closer,spark,1,18.0,ok,spark,1788523502.1856112,541.162,299.754,1
315.993,1,318.398,1788523502.52259,16,b01-o01-spark-c16,8,False,19.691,llama3.2:1b,etri-ser0002-cgnmsb,ACTIVE,296.302,f43f8821-7c40-468c-9cc8-f21c96c6d77e,Edge computing reduces latency by processing data closer,spark,1,18.0,ok,spark,1788523502.2041936,541.052,300.988,1
317.457,1,320.288,1788523502.5437965,16,b01-o01-spark-c16,8,False,20.618,llama3.2:1b,etri-ser0002-cgnmsb,ACTIVE,296.839,a0945e0d-c943-4340-8e75-10ada92d5274,Edge computing reduces latency by processing data closer,spark,1,18.0,ok,spark,1788523502.2235122,543.811,301.751,1
316.997,1,319.371,1788523502.5625741,16,b01-o01-spark-c16,8,False,19.23,llama3.2:1b,etri-ser0002-cgnmsb,ACTIVE,297.767,7463e589-314f-4cae-b9d2-be866c963da7,Edge computing reduces latency by processing data closer,spark,1,18.0,ok,spark,1788523502.2432046,543.774,301.983,1
318.45,1,320.783,1788523502.5832372,16,b01-o01-spark-c16,8,False,20.307,llama3.2:1b,etri-ser0002-cgnmsb,ACTIVE,298.143,8c2d2b0e-2b44-4cd5-942c-7adbe8629b6b,Edge computing reduces latency by processing data closer,spark,1,18.0,ok,spark,1788523502.2624562,539.52,302.909,1
318.63,1,320.305,1788523502.6031137,16,b01-o01-spark-c16,8,False,20.055,llama3.2:1b,etri-ser0002-cgnmsb,ACTIVE,298.575,554fe586-5123-4be8-a8bc-f8a00844b550,Edge computing reduces latency by processing data closer,spark,1,18.0,ok,spark,1788523502.2828095,533.974,303.081,1
317.926,1,320.596,1788523502.6227083,16,b01-o01-spark-c16,8,False,19.656,llama3.2:1b,etri-ser0002-cgnmsb,ACTIVE,298.27,148c91f9-ca5b-4d2d-96b8-904cda8808d6,Edge computing reduces latency by processing data closer,spark,1,18.0,ok,spark,1788523502.302112,546.597,302.993,1
318.876,1,320.411,1788523502.6425447,16,b01-o01-spark-c16,8,False,19.626,llama3.2:1b,etri-ser0002-cgnmsb,ACTIVE,299.25,44e26576-6946-4e5c-9fcb-9530ca8e275c,Edge computing reduces latency by processing data closer,spark,1,18.0,ok,spark,1788523502.3221347,546.971,303.475,1
319.336,1,321.394,1788523502.6634216,16,b01-o01-spark-c16,8,False,20.115,llama3.2:1b,etri-ser0002-cgnmsb,ACTIVE,299.22,fbc9344a-3f2d-4464-9564-90aada4ff7ea,Edge computing reduces latency by processing data closer,spark,1,18.0,ok,spark,1788523502.3420308,532.375,303.989,1
318.895,1,321.356,1788523502.682595,16,b01-o01-spark-c16,8,False,19.294,llama3.2:1b,etri-ser0002-cgnmsb,ACTIVE,299.601,04e38ca0-2c93-483d-aacc-9c332b716dfc,Edge computing reduces latency by processing data closer,spark,1,18.0,ok,spark,1788523502.3612423,545.256,303.807,1
318.794,1,321.155,1788523502.7027843,16,b01-o01-spark-c16,8,False,20.068,llama3.2:1b,etri-ser0002-cgnmsb,ACTIVE,298.726,a9bc786e-43ac-40d4-b0a0-c758c95178ef,Edge computing reduces latency by processing data closer,spark,1,18.0,ok,spark,1788523502.3816314,543.996,303.408,1
318.437,1,321.268,1788523502.723093,16,b01-o01-spark-c16,8,False,19.507,llama3.2:1b,etri-ser0002-cgnmsb,ACTIVE,298.93,ef601c29-f138-4f22-9479-230e803e2748,Edge computing reduces latency by processing data closer,spark,1,18.0,ok,spark,1788523502.4018276,544.366,303.443,1
318.918,1,320.788,1788523502.7423923,16,b01-o01-spark-c16,8,False,19.926,llama3.2:1b,etri-ser0002-cgnmsb,ACTIVE,298.991,98241d82-5873-4f4c-8958-97d78af473a8,Edge computing reduces latency by processing data closer,spark,1,18.0,ok,spark,1788523502.4216063,543.146,303.484,1
319.702,1,321.333,1788523502.7624502,16,b01-o01-spark-c16,8,False,20.046,llama3.2:1b,etri-ser0002-cgnmsb,ACTIVE,299.657,10c077bf-f771-4f56-ae1a-a116cbade236,Edge computing reduces latency by processing data closer,spark,1,18.0,ok,spark,1788523502.44112,546.15,304.672,1
319.336,1,321.545,1788523502.7826447,16,b01-o01-spark-c16,8,False,19.945,llama3.2:1b,etri-ser0002-cgnmsb,ACTIVE,299.391,cea14cc3-883d-4762-815c-6b31492dc96b,Edge computing reduces latency by processing data closer,spark,1,18.0,ok,spark,1788523502.4611025,546.075,303.976,1
319.531,1,321.239,1788523502.8035908,16,b01-o01-spark-c16,8,False,20.735,llama3.2:1b,etri-ser0002-cgnmsb,ACTIVE,298.796,07351645-3f90-44dc-beb2-5d330f9f3d35,Edge computing reduces latency by processing data closer,spark,1,18.0,ok,spark,1788523502.4823544,541.932,303.594,1
318.272,1,320.336,1788523502.823173,16,b01-o01-spark-c16,8,False,19.492,llama3.2:1b,etri-ser0002-cgnmsb,ACTIVE,298.78,0e09a8d1-b640-489c-b1b3-5671fdd16489,Edge computing reduces latency by processing data closer,spark,1,18.0,ok,spark,1788523502.50284,545.591,303.174,1
318.434,1,320.389,1788523502.8430476,16,b01-o01-spark-c16,8,False,19.794,llama3.2:1b,etri-ser0002-cgnmsb,ACTIVE,298.64,203f6bd5-2282-4f47-9f5b-a19773a7c27f,Edge computing reduces latency by processing data closer,spark,1,18.0,ok,spark,1788523502.522662,544.477,303.56,1
317.176,1,319.476,1788523502.8633494,16,b01-o01-spark-c16,8,False,19.996,llama3.2:1b,etri-ser0002-cgnmsb,ACTIVE,297.18,ad08275a-b4ac-433b-806c-af34f714d362,Edge computing reduces latency by processing data closer,spark,1,18.0,ok,spark,1788523502.5438771,542.189,301.747,1
318.499,1,320.759,1788523502.8833735,16,b01-o01-spark-c16,8,False,20.198,llama3.2:1b,etri-ser0002-cgnmsb,ACTIVE,298.301,f1812b43-4225-4bbd-a18b-8f9ba559ac6c,Edge computing reduces latency by processing data closer,spark,1,18.0,ok,spark,1788523502.5626156,544.366,303.318,1
318.601,1,320.697,1788523502.903982,16,b01-o01-spark-c16,8,False,20.712,llama3.2:1b,etri-ser0002-cgnmsb,ACTIVE,297.888,5ff5cc27-bc46-4d88-a6b7-ad53e301e7d6,Edge computing reduces latency by processing data closer,spark,1,18.0,ok,spark,1788523502.5832853,542.373,302.957,1
318.903,1,320.542,1788523502.9236903,16,b01-o01-spark-c16,8,False,19.518,llama3.2:1b,etri-ser0002-cgnmsb,ACTIVE,299.385,15f177cf-2eee-4a33-936c-bbe520bc1680,Edge computing reduces latency by processing data closer,spark,1,18.0,ok,spark,1788523502.603149,546.485,303.703,1
320.125,1,321.587,1788523502.9443126,16,b01-o01-spark-c16,8,False,20.684,llama3.2:1b,etri-ser0002-cgnmsb,ACTIVE,299.441,800f044a-98a4-4b01-b42d-65cdec7d8f71,Edge computing reduces latency by processing data closer,spark,1,18.0,ok,spark,1788523502.6227262,547.495,304.332,1
319.806,1,321.526,1788523502.9640992,16,b01-o01-spark-c16,8,False,19.7,llama3.2:1b,etri-ser0002-cgnmsb,ACTIVE,300.106,d7b4a0a7-ceba-4c1f-8402-162bc2727a96,Edge computing reduces latency by processing data closer,spark,1,18.0,ok,spark,1788523502.6425734,524.487,304.117,1
318.219,1,319.962,1788523502.9834642,16,b01-o01-spark-c16,8,False,19.28,llama3.2:1b,etri-ser0002-cgnmsb,ACTIVE,298.939,1a7d172e-2297-47cf-a20d-f0899b497623,Edge computing reduces latency by processing data closer,spark,1,18.0,ok,spark,1788523502.663503,546.224,303.233,1
319.635,1,321.858,1788523503.0045314,16,b01-o01-spark-c16,8,False,20.688,llama3.2:1b,etri-ser0002-cgnmsb,ACTIVE,298.948,3534667b-9750-4d7f-a54d-7900ce898d47,Edge computing reduces latency by processing data closer,spark,1,18.0,ok,spark,1788523502.6826766,529.416,303.647,1
319.022,1,320.843,1788523503.0236938,16,b01-o01-spark-c16,8,False,19.085,llama3.2:1b,etri-ser0002-cgnmsb,ACTIVE,299.938,3dad9ab3-fca2-4efa-9b61-2fa752252ff1,Edge computing reduces latency by processing data closer,spark,1,18.0,ok,spark,1788523502.702854,546.672,304.171,1
319.326,1,320.856,1788523503.0440238,16,b01-o01-spark-c16,8,False,20.419,llama3.2:1b,etri-ser0002-cgnmsb,ACTIVE,298.907,9f3d1e63-fa9e-4651-bf17-82324a0774da,Edge computing reduces latency by processing data closer,spark,1,18.0,ok,spark,1788523502.7231693,546.485,303.835,1
319.51,1,321.58,1788523503.06404,16,b01-o01-spark-c16,8,False,19.858,llama3.2:1b,etri-ser0002-cgnmsb,ACTIVE,299.652,a763fd10-8c5b-45a1-a537-dce531a22283,Edge computing reduces latency by processing data closer,spark,1,18.0,ok,spark,1788523502.742461,546.56,303.765,1
320.252,1,322.356,1788523503.0848732,16,b01-o01-spark-c16,8,False,20.556,llama3.2:1b,etri-ser0002-cgnmsb,ACTIVE,299.696,b849fa13-c012-43b5-b9c9-1bf68af4d73a,Edge computing reduces latency by processing data closer,spark,1,18.0,ok,spark,1788523502.7625177,531.314,304.064,1
319.368,1,321.358,1788523503.1040716,16,b01-o01-spark-c16,8,False,19.257,llama3.2:1b,etri-ser0002-cgnmsb,ACTIVE,300.111,d73510c2-3286-4317-ae60-aad7764bed78,Edge computing reduces latency by processing data closer,spark,1,18.0,ok,spark,1788523502.7827144,546.001,304.452,1
318.037,1,320.361,1788523503.1240273,16,b01-o01-spark-c16,8,False,19.517,llama3.2:1b,etri-ser0002-cgnmsb,ACTIVE,298.52,e5ea82c3-da3d-4b47-b109-b272232fa361,Edge computing reduces latency by processing data closer,spark,1,18.0,ok,spark,1788523502.803669,546.523,303.074,1
318.351,1,320.164,1788523503.1434107,16,b01-o01-spark-c16,8,False,19.291,llama3.2:1b,etri-ser0002-cgnmsb,ACTIVE,299.06,4202cff2-bf22-41e7-aef1-dd5f01010ac0,Edge computing reduces latency by processing data closer,spark,1,18.0,ok,spark,1788523502.8232498,545.442,303.429,1
317.438,1,319.841,1788523503.1630847,16,b01-o01-spark-c16,8,False,19.594,llama3.2:1b,etri-ser0002-cgnmsb,ACTIVE,297.844,b5071c35-ebe6-4f8e-8caa-4fb97b2ce4ac,Edge computing reduces latency by processing data closer,spark,1,18.0,ok,spark,1788523502.8432462,544.403,301.784,1
316.902,1,318.823,1788523503.182257,16,b01-o01-spark-c16,8,False,19.239,llama3.2:1b,etri-ser0002-cgnmsb,ACTIVE,297.663,c0f3be37-5230-493c-81c7-acaeda049181,Edge computing reduces latency by processing data closer,spark,1,18.0,ok,spark,1788523502.8634353,541.126,301.51,1
316.989,1,318.952,1788523503.202349,16,b01-o01-spark-c16,8,False,20.049,llama3.2:1b,etri-ser0002-cgnmsb,ACTIVE,296.94,43787909-8d73-4b8d-b5ad-87c048ed0427,Edge computing reduces latency by processing data closer,spark,1,18.0,ok,spark,1788523502.883398,547.608,301.89,1
316.629,1,318.444,1788523503.2224438,16,b01-o01-spark-c16,8,False,19.729,llama3.2:1b,etri-ser0002-cgnmsb,ACTIVE,296.9,754b5fda-bdd8-454d-beb7-e61645540e29,Edge computing reduces latency by processing data closer,spark,1,18.0,ok,spark,1788523502.9040027,542.005,301.816,1
317.108,1,319.154,1788523503.2428608,16,b01-o01-spark-c16,8,False,20.367,llama3.2:1b,etri-ser0002-cgnmsb,ACTIVE,296.741,a03848a4-5cea-4c5b-8001-dcabedd544a9,Edge computing reduces latency by processing data closer,spark,1,18.0,ok,spark,1788523502.9237108,544.329,301.875,1
316.41,1,318.517,1788523503.2628438,16,b01-o01-spark-c16,8,False,19.773,llama3.2:1b,etri-ser0002-cgnmsb,ACTIVE,296.638,f77718d6-3eef-4e29-b230-50d246e74e58,Edge computing reduces latency by processing data closer,spark,1,18.0,ok,spark,1788523502.9443302,537.418,300.795,1
317.195,1,319.411,1788523503.2835262,16,b01-o01-spark-c16,8,False,20.879,llama3.2:1b,etri-ser0002-cgnmsb,ACTIVE,296.317,d30144fe-10e0-453a-844b-3f05b630d6cb,Edge computing reduces latency by processing data closer,spark,1,18.0,ok,spark,1788523502.964117,507.969,301.116,1
318.626,1,320.027,1788523503.3035088,16,b01-o01-spark-c16,8,False,19.932,llama3.2:1b,etri-ser0002-cgnmsb,ACTIVE,298.694,ab2d926b-4217-4bd0-93a7-7de55333e143,Edge computing reduces latency by processing data closer,spark,1,18.0,ok,spark,1788523502.9834828,544.477,303.089,1
317.379,1,319.006,1788523503.3235998,16,b01-o01-spark-c16,8,False,19.925,llama3.2:1b,etri-ser0002-cgnmsb,ACTIVE,297.454,d3bc1143-c5cd-429c-a3b1-313fe2dbb0fc,Edge computing reduces latency by processing data closer,spark,1,18.0,ok,spark,1788523503.004595,529.696,301.617,1
317.229,1,320.064,1788523503.3438232,16,b01-o01-spark-c16,8,False,19.574,llama3.2:1b,etri-ser0002-cgnmsb,ACTIVE,297.655,5752db71-d54e-4021-8dcb-b38b3bee262f,Edge computing reduces latency by processing data closer,spark,1,18.0,ok,spark,1788523503.0237596,546.112,302.003,1
318.365,1,319.756,1788523503.3638167,16,b01-o01-spark-c16,8,False,19.86,llama3.2:1b,etri-ser0002-cgnmsb,ACTIVE,298.505,ebb124ab-665b-4d01-91f1-4594ab217654,Edge computing reduces latency by processing data closer,spark,1,18.0,ok,spark,1788523503.0440612,536.589,302.82,1
318.544,1,320.692,1788523503.3847578,16,b01-o01-spark-c16,8,False,20.859,llama3.2:1b,etri-ser0002-cgnmsb,ACTIVE,297.685,73bd777a-5400-4c3a-83ed-fdcb12a3366d,Edge computing reduces latency by processing data closer,spark,1,18.0,ok,spark,1788523503.0640664,544.255,302.749,1
317.754,1,318.951,1788523503.4038556,16,b01-o01-spark-c16,8,False,19.196,llama3.2:1b,etri-ser0002-cgnmsb,ACTIVE,298.558,6973ce9b-941c-4eac-9560-97c952d38e4d,Edge computing reduces latency by processing data closer,spark,1,18.0,ok,spark,1788523503.084906,536.877,302.597,1
317.898,1,319.062,1788523503.4231598,16,b01-o01-spark-c16,8,False,19.143,llama3.2:1b,etri-ser0002-cgnmsb,ACTIVE,298.755,fd4bbe8f-b0ff-47fe-a29f-7d58602ef477,Edge computing reduces latency by processing data closer,spark,1,18.0,ok,spark,1788523503.1040986,538.757,302.386,1
317.481,1,319.074,1788523503.4431794,16,b01-o01-spark-c16,8,False,19.961,llama3.2:1b,etri-ser0002-cgnmsb,ACTIVE,297.52,41b0c11e-21c7-4a4c-b7de-e31f3ef57384,Edge computing reduces latency by processing data closer,spark,1,18.0,ok,spark,1788523503.1241055,544.736,302.334,1
318.085,1,319.523,1788523503.4630153,16,b01-o01-spark-c16,8,False,19.751,llama3.2:1b,etri-ser0002-cgnmsb,ACTIVE,298.334,ea46ed83-8e74-449b-9e6f-789944ce2907,Edge computing reduces latency by processing data closer,spark,1,18.0,ok,spark,1788523503.1434927,541.492,303.01,1
317.832,1,319.577,1788523503.482733,16,b01-o01-spark-c16,8,False,19.623,llama3.2:1b,etri-ser0002-cgnmsb,ACTIVE,298.209,48ef716b-edd0-4858-9ab4-e253c52e2f7d,Edge computing reduces latency by processing data closer,spark,1,18.0,ok,spark,1788523503.1631563,535.368,302.205,1
317.067,1,320.048,1788523503.5023568,16,b01-o01-spark-c16,8,False,19.401,llama3.2:1b,etri-ser0002-cgnmsb,ACTIVE,297.666,bedd6ca2-8672-4bfc-a980-8e992f25dcb7,Edge computing reduces latency by processing data closer,spark,1,18.0,ok,spark,1788523503.1823092,542.41,302.019,1
318.036,1,319.222,1788523503.5215967,16,b01-o01-spark-c16,8,False,19.212,llama3.2:1b,etri-ser0002-cgnmsb,ACTIVE,298.824,be6ea990-7a69-4912-b70b-89ccae780b82,Edge computing reduces latency by processing data closer,spark,1,18.0,ok,spark,1788523503.2023764,547.758,303.301,1
316.257,1,319.694,1788523503.5422132,16,b01-o01-spark-c16,8,False,20.265,llama3.2:1b,etri-ser0002-cgnmsb,ACTIVE,295.992,f33ca4fb-68a9-4850-a249-6e30fd0c6447,Edge computing reduces latency by processing data closer,spark,1,18.0,ok,spark,1788523503.2225204,545.256,300.763,1
317.264,1,319.361,1788523503.5623293,16,b01-o01-spark-c16,8,False,20.302,llama3.2:1b,etri-ser0002-cgnmsb,ACTIVE,296.962,779c290e-9f0e-4d90-ba2a-30b5895b9799,Edge computing reduces latency by processing data closer,spark,1,18.0,ok,spark,1788523503.2429693,523.32,301.672,1
318.031,1,320.105,1788523503.5830498,16,b01-o01-spark-c16,8,False,20.611,llama3.2:1b,etri-ser0002-cgnmsb,ACTIVE,297.42,6b0bbf7c-97b2-4b02-b20e-e1609e8c7aeb,Edge computing reduces latency by processing data closer,spark,1,18.0,ok,spark,1788523503.262945,534.152,302.417,1
319.548,1,321.093,1788523503.6046681,16,b01-o01-spark-c16,8,False,21.421,llama3.2:1b,etri-ser0002-cgnmsb,ACTIVE,298.127,5c330066-6158-4e19-a04e-3cfcf19641b9,Edge computing reduces latency by processing data closer,spark,1,18.0,ok,spark,1788523503.2835758,498.07,302.635,1
319.173,1,320.8,1788523503.6243527,16,b01-o01-spark-c16,8,False,19.602,llama3.2:1b,etri-ser0002-cgnmsb,ACTIVE,299.571,eb4a6c0e-8ed5-424d-aabe-b35366410433,Edge computing reduces latency by processing data closer,spark,1,18.0,ok,spark,1788523503.3035545,541.162,304.005,1
318.684,1,320.412,1788523503.6440392,16,b01-o01-spark-c16,8,False,19.322,llama3.2:1b,etri-ser0002-cgnmsb,ACTIVE,299.362,3a730602-9fdd-41b7-9eae-b3c4c814b41d,Edge computing reduces latency by processing data closer,spark,1,18.0,ok,spark,1788523503.3236284,546.224,303.871,1
317.876,1,319.422,1788523503.6632779,16,b01-o01-spark-c16,8,False,19.088,llama3.2:1b,etri-ser0002-cgnmsb,ACTIVE,298.787,5df49f5a-c1e3-4ff8-b92c-10fd463cef56,Edge computing reduces latency by processing data closer,spark,1,18.0,ok,spark,1788523503.3438585,542.189,302.911,1
318.79,1,320.22,1788523503.6840591,16,b01-o01-spark-c16,8,False,20.727,llama3.2:1b,etri-ser0002-cgnmsb,ACTIVE,298.063,dcb63b10-abfa-4a6b-8e4b-8c34e63ea04a,Edge computing reduces latency by processing data closer,spark,1,18.0,ok,spark,1788523503.3638415,542.41,303.387,1
317.323,1,319.067,1788523503.7038457,16,b01-o01-spark-c16,8,False,19.76,llama3.2:1b,etri-ser0002-cgnmsb,ACTIVE,297.564,7c668ec3-319a-402a-ba0a-f989f08be163,Edge computing reduces latency by processing data closer,spark,1,18.0,ok,spark,1788523503.3847797,541.052,301.776,1
319.94,1,321.508,1788523503.7253814,16,b01-o01-spark-c16,8,False,21.028,llama3.2:1b,etri-ser0002-cgnmsb,ACTIVE,298.912,e76c1940-7117-4aa4-87dd-60660024a4a8,Edge computing reduces latency by processing data closer,spark,1,18.0,ok,spark,1788523503.4038758,519.852,303.602,1
319.99,1,322.474,1788523503.7456448,16,b01-o01-spark-c16,8,False,19.969,llama3.2:1b,etri-ser0002-cgnmsb,ACTIVE,300.021,4edbf723-9583-470a-99fe-6285fa46ac56,Edge computing reduces latency by processing data closer,spark,1,18.0,ok,spark,1788523503.4231741,541.822,305.527,1
321.012,1,323.244,1788523503.7664354,16,b01-o01-spark-c16,8,False,20.867,llama3.2:1b,etri-ser0002-cgnmsb,ACTIVE,300.144,1a5a5cf6-4a7f-4882-9368-861296304873,Edge computing reduces latency by processing data closer,spark,1,18.0,ok,spark,1788523503.4431953,529.907,305.443,1
320.426,1,322.321,1788523503.7853527,16,b01-o01-spark-c16,8,False,18.84,llama3.2:1b,etri-ser0002-cgnmsb,ACTIVE,301.586,653e5f5a-53a2-4ef2-a6dd-b6f87c27bf91,Edge computing reduces latency by processing data closer,spark,1,18.0,ok,spark,1788523503.4630342,546.934,305.419,1
320.407,1,322.204,1788523503.8049512,16,b01-o01-spark-c16,8,False,19.46,llama3.2:1b,etri-ser0002-cgnmsb,ACTIVE,300.947,43cc1ef3-7432-44be-9d84-2e9644a24935,Edge computing reduces latency by processing data closer,spark,1,18.0,ok,spark,1788523503.4827507,547.608,305.319,1
321.479,1,323.112,1788523503.825485,16,b01-o01-spark-c16,8,False,20.389,llama3.2:1b,etri-ser0002-cgnmsb,ACTIVE,301.09,a5cc38a9-b3d7-4e50-b59c-7342c305091e,Edge computing reduces latency by processing data closer,spark,1,18.0,ok,spark,1788523503.502376,537.49,306.128,1
321.494,1,323.849,1788523503.845468,16,b01-o01-spark-c16,8,False,19.707,llama3.2:1b,etri-ser0002-cgnmsb,ACTIVE,301.787,5db49784-dab0-4e78-977d-ab80bc01da9a,Edge computing reduces latency by processing data closer,spark,1,18.0,ok,spark,1788523503.521623,545.256,306.295,1
322.403,1,324.4,1788523503.8666306,16,b01-o01-spark-c16,8,False,20.665,llama3.2:1b,etri-ser0002-cgnmsb,ACTIVE,301.738,db1249e0-1209-40e9-8d76-5bac6a5532d2,Edge computing reduces latency by processing data closer,spark,1,18.0,ok,spark,1788523503.5422363,508.453,306.021,1
321.98,1,324.057,1788523503.8864048,16,b01-o01-spark-c16,8,False,19.9,llama3.2:1b,etri-ser0002-cgnmsb,ACTIVE,302.08,fa1fd207-1701-41e9-b6f6-d0168c444266,Edge computing reduces latency by processing data closer,spark,1,18.0,ok,spark,1788523503.5623517,545.071,306.603,1
321.154,1,323.259,1788523503.9063282,16,b01-o01-spark-c16,8,False,20.339,llama3.2:1b,etri-ser0002-cgnmsb,ACTIVE,300.815,cef1c2b4-7355-4d70-b6ec-4769318cddfb,Edge computing reduces latency by processing data closer,spark,1,18.0,ok,spark,1788523503.58307,545.777,305.935,1
319.313,1,321.085,1788523503.925778,16,b01-o01-spark-c16,8,False,19.4,llama3.2:1b,etri-ser0002-cgnmsb,ACTIVE,299.913,4740a55e-ae90-4cfb-887e-a9d1a967653c,Edge computing reduces latency by processing data closer,spark,1,18.0,ok,spark,1788523503.6046941,545.517,304.152,1
319.564,1,320.896,1788523503.9452832,16,b01-o01-spark-c16,8,False,19.356,llama3.2:1b,etri-ser0002-cgnmsb,ACTIVE,300.209,bbd3a772-0132-4446-8e7d-7178363ece80,Edge computing reduces latency by processing data closer,spark,1,18.0,ok,spark,1788523503.6243877,540.76,304.331,1
319.568,1,321.105,1788523503.9651945,16,b01-o01-spark-c16,8,False,19.833,llama3.2:1b,etri-ser0002-cgnmsb,ACTIVE,299.736,61e7e2d6-0609-4a25-81b9-88c1be9a80b3,Edge computing reduces latency by processing data closer,spark,1,18.0,ok,spark,1788523503.6440897,535.01,304.214,1
318.52,1,321.29,1788523503.984628,16,b01-o01-spark-c16,8,False,19.175,llama3.2:1b,etri-ser0002-cgnmsb,ACTIVE,299.345,db416bdb-0183-440d-8b18-c44514e27be1,Edge computing reduces latency by processing data closer,spark,1,18.0,ok,spark,1788523503.6633387,544.44,303.675,1
318.322,1,319.861,1788523504.0039847,16,b01-o01-spark-c16,8,False,19.319,llama3.2:1b,etri-ser0002-cgnmsb,ACTIVE,299.003,c590cbd1-a523-4b5f-8b1f-68b1247ea091,Edge computing reduces latency by processing data closer,spark,1,18.0,ok,spark,1788523503.6841242,540.468,303.244,1
317.506,1,319.525,1788523504.0234087,16,b01-o01-spark-c16,8,False,19.134,llama3.2:1b,etri-ser0002-cgnmsb,ACTIVE,298.372,c27d0f19-ef2b-4e7f-a679-796c6d6dd3e5,Edge computing reduces latency by processing data closer,spark,1,18.0,ok,spark,1788523503.7038875,546.411,302.356,1
315.82,1,317.638,1788523504.0430872,16,b01-o01-spark-c16,8,False,19.678,llama3.2:1b,etri-ser0002-cgnmsb,ACTIVE,296.142,337a34b1-4ac6-41f1-a2a2-a30a6b9741ee,Edge computing reduces latency by processing data closer,spark,1,18.0,ok,spark,1788523503.7254522,547.046,300.843,1
315.633,1,317.322,1788523504.0630348,16,b01-o01-spark-c16,8,False,20.006,llama3.2:1b,etri-ser0002-cgnmsb,ACTIVE,295.626,457686fd-bae3-4311-be86-cd41484b858b,Edge computing reduces latency by processing data closer,spark,1,18.0,ok,spark,1788523503.7457142,544.07,300.533,1
314.803,1,316.628,1788523504.0831501,16,b01-o01-spark-c16,8,False,20.033,llama3.2:1b,etri-ser0002-cgnmsb,ACTIVE,294.769,47649348-3fcd-4dfc-aec0-1225cd1a9c64,Edge computing reduces latency by processing data closer,spark,1,18.0,ok,spark,1788523503.7665224,541.126,298.87,1
315.035,1,317.002,1788523504.1024144,16,b01-o01-spark-c16,8,False,19.12,llama3.2:1b,etri-ser0002-cgnmsb,ACTIVE,295.915,44a4b886-d26e-4963-b5a4-ea533bbe8b20,Edge computing reduces latency by processing data closer,spark,1,18.0,ok,spark,1788523503.7854137,540.358,299.926,1
315.25,1,317.069,1788523504.1221018,16,b01-o01-spark-c16,8,False,19.812,llama3.2:1b,etri-ser0002-cgnmsb,ACTIVE,295.438,6c231814-cd45-4a08-bdc5-676499c71034,Edge computing reduces latency by processing data closer,spark,1,18.0,ok,spark,1788523503.805034,540.906,300.319,1
314.868,1,317.05,1788523504.1426113,16,b01-o01-spark-c16,8,False,20.086,llama3.2:1b,etri-ser0002-cgnmsb,ACTIVE,294.781,60f8d74c-d3d6-414f-9a07-38b1da504b4d,Edge computing reduces latency by processing data closer,spark,1,18.0,ok,spark,1788523503.8255641,537.201,299.526,1
315.703,1,317.662,1788523504.1632125,16,b01-o01-spark-c16,8,False,20.583,llama3.2:1b,etri-ser0002-cgnmsb,ACTIVE,295.119,f7b82058-2109-4f8d-82d3-b880b184fa3e,Edge computing reduces latency by processing data closer,spark,1,18.0,ok,spark,1788523503.8455522,505.753,299.776,1
314.557,1,316.659,1788523504.1834056,16,b01-o01-spark-c16,8,False,20.388,llama3.2:1b,etri-ser0002-cgnmsb,ACTIVE,294.169,76050674-a225-4b32-bd82-30d5a0cfc13d,Edge computing reduces latency by processing data closer,spark,1,18.0,ok,spark,1788523503.866748,507.679,298.253,1
315.005,1,317.006,1788523504.2034934,16,b01-o01-spark-c16,8,False,20.04,llama3.2:1b,etri-ser0002-cgnmsb,ACTIVE,294.965,57edb9f7-3a5f-43d8-a09a-6c9e4632658c,Edge computing reduces latency by processing data closer,spark,1,18.0,ok,spark,1788523503.8864892,530.926,299.541,1
316.873,1,318.568,1788523504.2249186,16,b01-o01-spark-c16,8,False,21.008,llama3.2:1b,etri-ser0002-cgnmsb,ACTIVE,295.866,ea1c9787-bc8a-455c-b96c-4182099c90ee,Edge computing reduces latency by processing data closer,spark,1,18.0,ok,spark,1788523503.906354,498.225,300.44,1
317.341,1,319.412,1788523504.2452102,16,b01-o01-spark-c16,8,False,20.116,llama3.2:1b,etri-ser0002-cgnmsb,ACTIVE,297.225,394d9d26-d7a0-403d-a74e-459525450ff7,Edge computing reduces latency by processing data closer,spark,1,18.0,ok,spark,1788523503.9258015,508.324,301.092,1
319.012,1,320.696,1788523504.2660012,16,b01-o01-spark-c16,8,False,20.788,llama3.2:1b,etri-ser0002-cgnmsb,ACTIVE,298.223,42f8dcb2-6cea-4737-9929-4ed7af32230c,Edge computing reduces latency by processing data closer,spark,1,18.0,ok,spark,1788523503.9453082,510.399,302.889,1
318.836,1,320.155,1788523504.2853677,16,b01-o01-spark-c16,8,False,19.643,llama3.2:1b,etri-ser0002-cgnmsb,ACTIVE,299.193,83696eb4-fffb-4025-a63a-ba888f771722,Edge computing reduces latency by processing data closer,spark,1,18.0,ok,spark,1788523503.9652145,542.778,303.905,1
318.025,1,319.63,1788523504.3042877,16,b01-o01-spark-c16,8,False,18.943,llama3.2:1b,etri-ser0002-cgnmsb,ACTIVE,299.082,7b43ae60-73c9-49d9-84de-081a5ab63f0b,Edge computing reduces latency by processing data closer,spark,1,18.0,ok,spark,1788523503.984659,545.108,303.064,1
319.131,1,320.876,1788523504.3248868,16,b01-o01-spark-c16,8,False,20.274,llama3.2:1b,etri-ser0002-cgnmsb,ACTIVE,298.856,f83793ce-2356-4572-be46-9f692cc8153e,Edge computing reduces latency by processing data closer,spark,1,18.0,ok,spark,1788523504.004013,501.316,303.006,1
321.073,1,322.958,1788523504.3464425,16,b01-o01-spark-c16,8,False,21.555,llama3.2:1b,etri-ser0002-cgnmsb,ACTIVE,299.519,9dea0920-a2e6-453c-bbf6-203de1aef93a,Edge computing reduces latency by processing data closer,spark,1,18.0,ok,spark,1788523504.0234857,497.451,304.741,1
321.809,1,324.006,1788523504.367165,16,b01-o01-spark-c16,8,False,20.449,llama3.2:1b,etri-ser0002-cgnmsb,ACTIVE,301.361,fe04f7b3-270a-45b7-860d-5065f7cdb975,Edge computing reduces latency by processing data closer,spark,1,18.0,ok,spark,1788523504.043162,504.987,305.652,1
323.112,1,324.73,1788523504.3878062,16,b01-o01-spark-c16,8,False,20.939,llama3.2:1b,etri-ser0002-cgnmsb,ACTIVE,302.173,dbf10f68-bb03-4411-91d0-cb351dd430a4,Edge computing reduces latency by processing data closer,spark,1,18.0,ok,spark,1788523504.0630772,499.345,306.677,1
324.172,1,325.709,1788523504.4088817,16,b01-o01-spark-c16,8,False,20.862,llama3.2:1b,etri-ser0002-cgnmsb,ACTIVE,303.31,7ac1aec7-62b7-494e-a742-d71f6cac9ec7,Edge computing reduces latency by processing data closer,spark,1,18.0,ok,spark,1788523504.083174,500.219,307.639,1
325.533,1,326.67,1788523504.4291062,16,b01-o01-spark-c16,8,False,20.242,llama3.2:1b,etri-ser0002-cgnmsb,ACTIVE,305.29,e2e59065-0c43-49b0-94e2-a5384ca68bbf,Edge computing reduces latency by processing data closer,spark,1,18.0,ok,spark,1788523504.102438,508.55,309.503,1
326.897,1,328.197,1788523504.4503312,16,b01-o01-spark-c16,8,False,21.042,llama3.2:1b,etri-ser0002-cgnmsb,ACTIVE,305.855,2c79c661-f738-4030-b516-bc0c45201f19,Edge computing reduces latency by processing data closer,spark,1,18.0,ok,spark,1788523504.122136,500.563,310.699,1
326.172,1,329.024,1788523504.4717107,16,b01-o01-spark-c16,8,False,21.006,llama3.2:1b,etri-ser0002-cgnmsb,ACTIVE,305.167,59a3d13f-fbf9-45d5-bfa0-f0b119b7cf1b,Edge computing reduces latency by processing data closer,spark,1,18.0,ok,spark,1788523504.1426892,500.313,310.091,1
327.038,1,328.491,1788523504.4917724,16,b01-o01-spark-c16,8,False,20.419,llama3.2:1b,etri-ser0002-cgnmsb,ACTIVE,306.619,4023a4d2-de93-43a2-abc1-5ae96de10e36,Edge computing reduces latency by processing data closer,spark,1,18.0,ok,spark,1788523504.1632817,505.881,310.824,1
327.446,1,329.049,1788523504.5124989,16,b01-o01-spark-c16,8,False,20.576,llama3.2:1b,etri-ser0002-cgnmsb,ACTIVE,306.87,81103c81-2a26-46b7-af1f-d9e857646061,Edge computing reduces latency by processing data closer,spark,1,18.0,ok,spark,1788523504.1834512,499.625,310.689,1
