activation_required,activation_time_ms,active_requests,actual_latency_ms,candidate_predicted_e2e_ms,completed_timestamp,concurrency,cpu_utilization_percent,event,experiment,gpu_measurement_attributable,gpu_memory_used_mib,gpu_utilization_percent,inference_process_rss_mib,method,model_cache_bytes,model_load_ms,model_remote_download_ms,node_state_before,phase,physical_node,placement_mode,predicted_e2e_ms,queue_length,ram_utilization_percent,ready_timestamp,request_id,requested_concurrency,rtt_ms,selected_node,selection_reason,status,temperature_celsius,timestamp,tokens_per_second,ttft_ms,worker_actual_e2e_ms,worker_start_ms
False,0.0,0,906.198,"{""agx"": 2437.192, ""nano"": 2532.892, ""spark"": 1821.973}",1788493074.7439299,1,0.0,request_completed,single,False,,,1656.379,cached_on_demand,1321098329,0.0,0.0,ACTIVE,concurrency_1,etri-dev0001-jetorn,dynamic,2532.892,0,42.001,,bb97ee5f-a45e-405b-87c1-adfecc60ae58,1,32.892,nano,hold:nano:hysteresis_or_improvement_gate,ok,37.156,1788493073.837732,18.752,319.738,743.095,0.0
True,1187.222,0,1535.747,"{""agx"": 2428.283, ""nano"": 2082.018, ""spark"": 1824.965}",1788493076.4322987,1,5.742,request_completed,activation_agx,False,871.0,0.0,0.0,cached_on_demand,1321098329,1181.609,0.0,CACHED,first_offload,etri-ser0001-cg0msb,static,2428.283,0,18.2,1788493076.1951458,1ac4513e-9153-4562-8b7e-118b834c5eca,1,27.42,agx,policy:static:agx,ok,35.0,1788493074.8965507,47.078,54.345,224.678,1.092
True,1187.079,0,1609.976,"{""agx"": 2182.224, ""nano"": 2089.232, ""spark"": 1821.01}",1788493078.2545578,1,1.955,request_completed,activation_spark,False,286.0,0.0,0.0,cached_on_demand,1321098329,1182.687,0.0,CACHED,first_offload,etri-ser0002-cgnmsb,static,1821.01,0,24.989,1788493077.988979,f230e112-1807-4df6-b943-d1be325e88cc,1,21.01,spark,policy:static:spark,ok,37.05,1788493076.6445801,46.074,85.052,260.239,0.38
False,0.0,0,835.607,"{""agx"": 2157.553, ""nano"": 2087.009, ""spark"": 1867.848}",1788493079.2239156,1,50.0,request_completed,increasing,False,,,1656.379,cached_on_demand,1321098329,0.0,0.0,ACTIVE,concurrency_1,etri-dev0001-jetorn,dynamic,2087.009,0,42.008,,3dd90664-6058-49ac-92c1-c1e05045d6d3,1,26.25,nano,hold:nano:hysteresis_or_improvement_gate,ok,37.281,1788493078.388309,13.054,124.119,739.11,0.0
False,0.0,0,598.713,"{""agx"": 2173.695, ""nano"": 1746.295, ""spark"": 1869.284}",1788493079.8261707,1,89.738,request_completed,increasing,False,,,1656.379,cached_on_demand,1321098329,0.0,0.0,ACTIVE,concurrency_1,etri-dev0001-jetorn,dynamic,1746.295,0,42.008,,d07164ee-c399-4858-a323-a93b5c4084dc,1,15.961,nano,hold:nano:hysteresis_or_improvement_gate,ok,37.968,1788493079.2274554,18.056,71.717,513.757,0.0
False,0.0,0,452.319,"{""agx"": 2163.211, ""nano"": 1441.757, ""spark"": 1869.532}",1788493080.2804623,1,98.378,request_completed,increasing,False,,,1656.379,cached_on_demand,1321098329,0.0,0.0,ACTIVE,concurrency_1,etri-dev0001-jetorn,dynamic,1441.757,0,42.011,,e575588b-393c-4a07-b7bf-872969f49886,1,15.571,nano,hold:nano:hysteresis_or_improvement_gate,ok,38.5,1788493079.8281791,25.943,69.441,377.244,0.0
False,0.0,0,484.052,"{""agx"": 2175.697, ""nano"": 1179.912, ""spark"": 1868.465}",1788493080.7679923,1,84.615,request_completed,increasing,False,,,1656.379,cached_on_demand,1321098329,0.0,0.0,ACTIVE,concurrency_1,etri-dev0001-jetorn,dynamic,1179.912,0,42.007,,af1e0b83-e9dd-4261-bdad-4bf9792fda5a,1,15.964,nano,hold:nano:hysteresis_or_improvement_gate,ok,38.593,1788493080.28394,24.001,60.31,396.051,0.0
False,0.0,0,416.315,"{""agx"": 2166.032, ""nano"": 988.397, ""spark"": 1860.059}",1788493081.1878734,1,93.22,request_completed,increasing,False,,,1656.379,cached_on_demand,1321098329,0.0,0.0,ACTIVE,concurrency_1,etri-dev0001-jetorn,dynamic,988.397,0,42.007,,eb1663a3-eb7f-4f45-946b-03093fecc5a2,1,16.427,nano,hold:nano:hysteresis_or_improvement_gate,ok,38.843,1788493080.7715578,27.018,53.86,349.792,0.0
False,0.0,0,457.308,"{""agx"": 2170.724, ""nano"": 831.951, ""spark"": 1870.771}",1788493081.6479547,1,86.056,request_completed,increasing,False,,,1656.379,cached_on_demand,1321098329,0.0,0.0,ACTIVE,concurrency_1,etri-dev0001-jetorn,dynamic,831.951,0,42.007,,ef2a0f80-fbc8-4de1-9c44-9fdabfdfa09c,1,15.528,nano,hold:nano:hysteresis_or_improvement_gate,ok,38.875,1788493081.190646,26.104,65.566,377.341,0.0
False,0.0,0,548.135,"{""agx"": 2172.57, ""nano"": 720.38, ""spark"": 1860.463}",1788493082.19883,1,83.456,request_completed,increasing,False,,,1656.379,cached_on_demand,1321098329,0.0,0.0,ACTIVE,concurrency_1,etri-dev0001-jetorn,dynamic,720.38,0,42.007,,59538160-bc38-48d4-9590-0d8855b1146d,1,13.731,nano,hold:nano:hysteresis_or_improvement_gate,ok,38.906,1788493081.6506946,24.268,146.12,476.567,0.0
False,0.0,0,446.257,"{""agx"": 2169.323, ""nano"": 663.402, ""spark"": 1868.324}",1788493082.648741,1,99.142,request_completed,increasing,False,,,1656.379,cached_on_demand,1321098329,0.0,0.0,ACTIVE,concurrency_1,etri-dev0001-jetorn,dynamic,663.402,0,42.004,,5554e314-f743-436c-bbd2-21f903cac42f,1,14.276,nano,hold:nano:hysteresis_or_improvement_gate,ok,39.031,1788493082.2024837,26.154,63.844,368.336,0.0
False,0.0,0,511.124,"{""agx"": 2171.416, ""nano"": 596.827, ""spark"": 1862.074}",1788493083.163409,1,89.062,request_completed,increasing,False,,,1656.379,cached_on_demand,1321098329,0.0,0.0,ACTIVE,concurrency_1,etri-dev0001-jetorn,dynamic,596.827,0,42.009,,014a9fb8-2973-4f33-9c71-ff2d56585415,1,17.901,nano,hold:nano:hysteresis_or_improvement_gate,ok,38.843,1788493082.6522837,24.36,104.938,436.47,0.0
False,0.0,0,442.507,"{""agx"": 2167.075, ""nano"": 556.146, ""spark"": 1862.449}",1788493083.6070695,1,96.8,request_completed,increasing,False,,,1656.379,cached_on_demand,1321098329,0.0,0.0,ACTIVE,concurrency_1,etri-dev0001-jetorn,dynamic,556.146,0,42.009,,d0d3a929-ce62-4ba6-ae0e-151b786f7992,1,12.837,nano,hold:nano:hysteresis_or_improvement_gate,ok,39.093,1788493083.1645615,25.95,73.167,376.414,0.0
False,0.0,0,451.628,"{""agx"": 2157.34, ""nano"": 518.112, ""spark"": 1870.148}",1788493084.059552,1,86.466,request_completed,increasing,False,,,1656.379,cached_on_demand,1321098329,0.0,0.0,ACTIVE,concurrency_1,etri-dev0001-jetorn,dynamic,518.112,0,42.009,,af6c63be-99e8-457d-8ae1-cb9d93d3255e,1,16.53,nano,hold:nano:hysteresis_or_improvement_gate,ok,39.468,1788493083.6079242,24.419,67.376,394.259,0.0
False,0.0,0,418.442,"{""agx"": 2162.907, ""nano"": 490.615, ""spark"": 1866.19}",1788493084.4815285,1,89.377,request_completed,increasing,False,,,1656.379,cached_on_demand,1321098329,0.0,0.0,ACTIVE,concurrency_1,etri-dev0001-jetorn,dynamic,490.615,0,42.009,,b6ccb15d-932b-4206-a825-0eb5a1687dce,1,15.866,nano,hold:nano:hysteresis_or_improvement_gate,ok,39.156,1788493084.0630856,27.022,55.252,352.445,0.0
False,0.0,0,432.756,"{""agx"": 2170.805, ""nano"": 459.616, ""spark"": 1869.111}",1788493084.9178162,1,95.133,request_completed,increasing,False,,,1656.379,cached_on_demand,1321098329,0.0,0.0,ACTIVE,concurrency_1,etri-dev0001-jetorn,dynamic,459.616,0,42.009,,acda2e8f-d49c-423b-ba07-8beb221f9204,1,15.446,nano,hold:nano:hysteresis_or_improvement_gate,ok,39.218,1788493084.4850588,26.965,53.301,350.969,0.0
False,0.0,0,458.63,"{""agx"": 2171.579, ""nano"": 438.051, ""spark"": 1870.835}",1788493085.3799138,1,82.576,request_completed,increasing,False,,,1656.379,cached_on_demand,1321098329,0.0,0.0,ACTIVE,concurrency_1,etri-dev0001-jetorn,dynamic,438.051,0,42.008,,69b5c6c6-b18d-4435-8ccb-d5d944cc24fa,1,17.184,nano,hold:nano:hysteresis_or_improvement_gate,ok,39.343,1788493084.921283,24.927,56.041,375.819,0.0
False,0.0,0,444.648,"{""agx"": 2174.849, ""nano"": 424.94, ""spark"": 1868.058}",1788493085.8281274,1,96.923,request_completed,increasing,False,,,1656.379,cached_on_demand,1321098329,0.0,0.0,ACTIVE,concurrency_1,etri-dev0001-jetorn,dynamic,424.94,0,42.008,,934f81a0-15e5-4e4a-8c70-2c42f4fdd8b5,1,15.338,nano,hold:nano:hysteresis_or_improvement_gate,ok,39.656,1788493085.383478,26.264,58.249,362.22,0.0
False,0.0,0,475.135,"{""agx"": 2168.631, ""nano"": 415.005, ""spark"": 1871.776}",1788493086.306773,1,82.593,request_completed,increasing,False,,,1656.379,cached_on_demand,1321098329,0.0,0.0,ACTIVE,concurrency_1,etri-dev0001-jetorn,dynamic,415.005,0,42.007,,1048417d-ab03-44c9-a398-31a8cac9828c,1,17.252,nano,hold:nano:hysteresis_or_improvement_gate,ok,39.625,1788493085.8316367,24.696,73.695,392.225,0.0
False,0.0,0,513.13,"{""agx"": 2179.209, ""nano"": 415.393, ""spark"": 1876.287}",1788493086.8236446,1,84.806,request_completed,increasing,False,,,1656.379,cached_on_demand,1321098329,0.0,0.0,ACTIVE,concurrency_1,etri-dev0001-jetorn,dynamic,415.393,0,42.002,,2ec0feb4-80f7-4a46-88fd-d3efd4ec83c0,1,19.025,nano,hold:nano:hysteresis_or_improvement_gate,ok,39.718,1788493086.310514,23.155,59.493,407.229,0.0
False,0.0,0,477.112,"{""agx"": 2170.755, ""nano"": 415.629, ""spark"": 1860.459}",1788493087.3028228,1,94.872,request_completed,increasing,False,,,1657.801,cached_on_demand,1321098329,0.0,0.0,ACTIVE,concurrency_1,etri-dev0001-jetorn,dynamic,415.629,0,42.03,,c85d0600-aa7f-4767-b86e-f5ef6cdfa380,1,16.549,nano,hold:nano:hysteresis_or_improvement_gate,ok,39.468,1788493086.8257108,23.207,51.797,399.559,0.0
False,0.0,0,502.886,"{""agx"": 2174.771, ""nano"": 416.281, ""spark"": 1867.597}",1788493087.8095558,1,28.571,request_completed,increasing,False,,,1657.801,cached_on_demand,1321098329,0.0,0.0,ACTIVE,concurrency_1,etri-dev0001-jetorn,dynamic,416.281,0,42.033,,586583ad-3af8-45d6-b895-a428c4c73f7d,1,17.085,nano,hold:nano:hysteresis_or_improvement_gate,ok,39.375,1788493087.3066685,24.572,86.633,403.927,0.0
False,0.0,0,470.712,"{""agx"": 2167.376, ""nano"": 418.665, ""spark"": 1869.278}",1788493088.283859,1,97.797,request_completed,increasing,False,,,1657.801,cached_on_demand,1321098329,0.0,0.0,ACTIVE,concurrency_1,etri-dev0001-jetorn,dynamic,418.665,0,42.03,,47c3ff9e-dab9-4a07-ae67-01994a20832a,1,18.289,nano,hold:nano:hysteresis_or_improvement_gate,ok,39.437,1788493087.8131459,23.67,55.53,391.606,0.0
False,0.0,0,445.765,"{""agx"": 2159.175, ""nano"": 412.308, ""spark"": 1867.789}",1788493088.7308059,1,85.765,request_completed,increasing,False,,,1657.801,cached_on_demand,1321098329,0.0,0.0,ACTIVE,concurrency_1,etri-dev0001-jetorn,dynamic,412.308,0,42.033,,1d561cfe-ec02-4331-9815-3b9876ea0aab,1,14.127,nano,hold:nano:hysteresis_or_improvement_gate,ok,39.687,1788493088.2850404,25.062,60.049,378.803,0.0
False,0.0,0,415.46,"{""agx"": 2156.204, ""nano"": 408.945, ""spark"": 1861.998}",1788493089.14707,1,94.366,request_completed,increasing,False,,,1657.801,cached_on_demand,1321098329,0.0,0.0,ACTIVE,concurrency_1,etri-dev0001-jetorn,dynamic,408.945,0,42.028,,46f817a3-6eba-4b40-9ba9-8e229c4b104c,1,15.612,nano,hold:nano:hysteresis_or_improvement_gate,ok,39.656,1788493088.7316105,25.763,54.723,365.846,0.0
False,0.0,0,469.716,"{""agx"": 2167.662, ""nano"": 404.587, ""spark"": 1863.801}",1788493089.6196775,1,89.641,request_completed,increasing,False,,,1657.801,cached_on_demand,1321098329,0.0,0.0,ACTIVE,concurrency_1,etri-dev0001-jetorn,dynamic,404.587,0,42.027,,866b3368-b60c-428e-bd58-4cdecf47e191,1,18.128,nano,hold:nano:hysteresis_or_improvement_gate,ok,39.718,1788493089.1499605,23.227,61.342,401.045,0.0
False,0.0,0,457.616,"{""agx"": 2156.662, ""nano"": 401.889, ""spark"": 1869.074}",1788493090.0781887,1,100.0,request_completed,increasing,False,,,1657.801,cached_on_demand,1321098329,0.0,0.0,ACTIVE,concurrency_1,etri-dev0001-jetorn,dynamic,401.889,0,42.03,,edfdb671-4278-4dc0-8db5-094511c5d950,1,11.787,nano,hold:nano:hysteresis_or_improvement_gate,ok,39.937,1788493089.6205723,22.977,59.477,405.558,0.0
False,0.0,0,405.367,"{""agx"": 2156.97, ""nano"": 411.399, ""spark"": 1865.39}",1788493090.4870005,1,96.875,request_completed,increasing,False,,,1657.801,cached_on_demand,1321098329,0.0,0.0,ACTIVE,concurrency_1,etri-dev0001-jetorn,dynamic,411.399,0,42.03,,601331a5-6fd3-41c9-8aff-7f828138ec62,1,17.436,nano,hold:nano:hysteresis_or_improvement_gate,ok,39.812,1788493090.081631,27.043,57.103,352.444,0.0
False,0.0,0,419.685,"{""agx"": 2159.983, ""nano"": 402.711, ""spark"": 1869.012}",1788493090.9076512,1,88.889,request_completed,increasing,False,,,1657.801,cached_on_demand,1321098329,0.0,0.0,ACTIVE,concurrency_1,etri-dev0001-jetorn,dynamic,402.711,0,42.03,,6761c417-1b5a-4298-8422-af48b9d5aa0d,1,19.13,nano,hold:nano:hysteresis_or_improvement_gate,ok,39.906,1788493090.4879653,27.478,59.071,351.0,0.0
False,0.0,0,464.938,"{""agx"": 2181.874, ""nano"": 399.515, ""spark"": 1877.935}",1788493091.375853,1,0.0,request_completed,increasing,False,,,1657.801,cached_on_demand,1321098329,0.0,0.0,ACTIVE,concurrency_1,etri-dev0001-jetorn,dynamic,399.515,0,42.029,,eb446aff-c8c9-4198-b6ac-89611ca3536c,1,24.082,nano,hold:nano:hysteresis_or_improvement_gate,ok,40.187,1788493090.9109135,27.13,50.488,346.448,0.0
False,0.0,0,426.586,"{""agx"": 2159.41, ""nano"": 387.114, ""spark"": 1858.796}",1788493091.8040903,1,77.778,request_completed,increasing,False,,,1657.801,cached_on_demand,1321098329,0.0,0.0,ACTIVE,concurrency_1,etri-dev0001-jetorn,dynamic,387.114,0,42.032,,86aa7a71-df69-4e8a-9bb9-fcb8496d2174,1,18.931,nano,hold:nano:hysteresis_or_improvement_gate,ok,40.187,1788493091.3775043,25.406,57.595,373.531,0.0
False,0.0,0,480.037,"{""agx"": 2175.615, ""nano"": 384.779, ""spark"": 1864.627}",1788493092.2878191,1,94.521,request_completed,increasing,False,,,1657.801,cached_on_demand,1321098329,0.0,0.0,ACTIVE,concurrency_1,etri-dev0001-jetorn,dynamic,384.779,0,42.033,,3ce670a5-976c-48ef-965e-df8cd4335b66,1,15.262,nano,hold:nano:hysteresis_or_improvement_gate,ok,39.968,1788493091.8077812,23.354,55.256,399.097,0.0
False,0.0,0,473.166,"{""agx"": 2171.599, ""nano"": 397.355, ""spark"": 1876.371}",1788493092.7643666,1,76.19,request_completed,increasing,False,,,1657.801,cached_on_demand,1321098329,0.0,0.0,ACTIVE,concurrency_1,etri-dev0001-jetorn,dynamic,397.355,0,42.033,,927c1d46-7592-49cf-bb2e-12fb2541472a,1,20.446,nano,hold:nano:hysteresis_or_improvement_gate,ok,40.218,1788493092.2912004,26.254,63.338,371.185,0.0
False,0.0,0,439.652,"{""agx"": 2175.646, ""nano"": 389.68, ""spark"": 1859.913}",1788493093.2084923,1,80.071,request_completed,increasing,False,,,1657.801,cached_on_demand,1321098329,0.0,0.0,ACTIVE,concurrency_1,etri-dev0001-jetorn,dynamic,389.68,0,42.031,,83fb6c13-467a-46c4-8679-811dcb15d436,1,14.205,nano,hold:nano:hysteresis_or_improvement_gate,ok,39.937,1788493092.7688394,25.86,54.848,362.686,0.0
False,0.0,0,447.662,"{""agx"": 2172.287, ""nano"": 391.237, ""spark"": 1873.925}",1788493093.6601799,1,0.0,request_completed,increasing,False,,,1657.801,cached_on_demand,1321098329,0.0,0.0,ACTIVE,concurrency_1,etri-dev0001-jetorn,dynamic,391.237,0,42.034,,0f1e6c0d-e428-4945-977f-a9340907a32a,1,18.962,nano,hold:nano:hysteresis_or_improvement_gate,ok,40.156,1788493093.212517,26.787,61.558,361.472,0.0
False,0.0,0,453.723,"{""agx"": 2177.14, ""nano"": 384.19, ""spark"": 1862.35}",1788493094.1198747,2,81.784,request_completed,increasing,False,,,1657.801,cached_on_demand,1321098329,0.0,0.0,ACTIVE,concurrency_2,etri-dev0001-jetorn,dynamic,384.19,0,42.03,,e370c5e0-c74f-4f55-9acf-50104183ab48,2,14.619,nano,hold:nano:hysteresis_or_improvement_gate,ok,40.437,1788493093.6661506,26.681,72.576,368.632,0.0
False,0.0,1,866.881,"{""agx"": 2157.602, ""nano"": 755.832, ""spark"": 1865.724}",1788493094.534511,2,8.511,request_completed,increasing,False,,,1657.801,cached_on_demand,1321098329,0.0,0.0,ACTIVE,concurrency_2,etri-dev0001-jetorn,dynamic,755.832,0,42.03,,808b61ca-8e00-41e7-8a4a-cd9b9b3a92c7,2,16.69,nano,hold:nano:hysteresis_or_improvement_gate,ok,39.593,1788493093.6676283,24.07,396.078,722.492,0.0
False,0.0,1,831.219,"{""agx"": 2157.191, ""nano"": 757.288, ""spark"": 1867.943}",1788493094.9520001,2,99.561,request_completed,increasing,False,,,1657.801,cached_on_demand,1321098329,0.0,0.0,ACTIVE,concurrency_2,etri-dev0001-jetorn,dynamic,757.288,0,42.03,,57413a62-f728-46cb-84e7-26a3b1fa2033,2,18.622,nano,hold:nano:hysteresis_or_improvement_gate,ok,40.312,1788493094.1207821,23.096,412.071,759.628,0.0
False,0.0,1,819.304,"{""agx"": 2172.468, ""nano"": 820.235, ""spark"": 1860.521}",1788493095.355934,2,99.281,request_completed,increasing,False,,,1657.801,cached_on_demand,1321098329,0.0,0.0,ACTIVE,concurrency_2,etri-dev0001-jetorn,dynamic,820.235,0,42.03,,445db723-9c16-4b4b-9f7f-e74d6ea5651f,2,59.445,nano,hold:nano:hysteresis_or_improvement_gate,ok,40.531,1788493094.536629,24.096,323.965,659.758,0.0
False,0.0,1,839.396,"{""agx"": 2161.923, ""nano"": 844.023, ""spark"": 1867.957}",1788493095.7958508,2,100.0,request_completed,increasing,False,,,1657.801,cached_on_demand,1321098329,0.0,0.0,ACTIVE,concurrency_2,etri-dev0001-jetorn,dynamic,844.023,0,42.031,,bbbf47ca-c0e6-4e8f-86d3-92e47f806c81,2,67.447,nano,hold:nano:hysteresis_or_improvement_gate,ok,40.843,1788493094.9564536,22.331,321.475,687.736,0.0
False,0.0,1,824.019,"{""agx"": 2164.166, ""nano"": 799.582, ""spark"": 1866.392}",1788493096.1836534,2,99.134,request_completed,increasing,False,,,1657.801,cached_on_demand,1321098329,0.0,0.0,ACTIVE,concurrency_2,etri-dev0001-jetorn,dynamic,799.582,0,42.021,,d2e3b796-461e-4d61-8507-469fa039fb5d,2,15.412,nano,hold:nano:hysteresis_or_improvement_gate,ok,40.406,1788493095.3596334,24.976,391.668,708.433,0.0
False,0.0,1,752.921,"{""agx"": 2173.939, ""nano"": 860.351, ""spark"": 1869.545}",1788493096.5522947,2,98.624,request_completed,increasing,False,,,1657.801,cached_on_demand,1321098329,0.0,0.0,ACTIVE,concurrency_2,etri-dev0001-jetorn,dynamic,860.351,0,42.022,,ff4c68c6-62c4-4b6c-a658-2567b07bda1e,2,52.619,nano,hold:nano:hysteresis_or_improvement_gate,ok,40.843,1788493095.7993724,26.036,259.884,568.049,0.0
False,0.0,1,812.621,"{""agx"": 2170.74, ""nano"": 870.871, ""spark"": 1870.091}",1788493096.9999776,2,100.0,request_completed,increasing,False,,,1657.801,cached_on_demand,1321098329,0.0,0.0,ACTIVE,concurrency_2,etri-dev0001-jetorn,dynamic,870.871,0,42.02,,8ff3997c-4613-484b-9cda-5198c00ad9b8,2,72.895,nano,hold:nano:hysteresis_or_improvement_gate,ok,40.968,1788493096.1873558,22.214,279.921,643.781,0.0
False,0.0,1,863.839,"{""agx"": 2169.271, ""nano"": 864.252, ""spark"": 1872.928}",1788493097.4201126,2,90.476,request_completed,increasing,False,,,1657.801,cached_on_demand,1321098329,0.0,0.0,ACTIVE,concurrency_2,etri-dev0001-jetorn,dynamic,864.252,0,42.018,,a92682b2-dc66-430d-9820-f1b462f417eb,2,80.216,nano,hold:nano:hysteresis_or_improvement_gate,ok,40.718,1788493096.556273,22.513,320.138,667.765,0.0
False,0.0,1,817.39,"{""agx"": 2166.505, ""nano"": 871.811, ""spark"": 1857.599}",1788493097.8211892,2,99.495,request_completed,increasing,False,,,1657.801,cached_on_demand,1321098329,0.0,0.0,ACTIVE,concurrency_2,etri-dev0001-jetorn,dynamic,871.811,0,42.019,,67341992-83aa-4d97-b0f5-5159e5badb71,2,64.299,nano,hold:nano:hysteresis_or_improvement_gate,ok,41.062,1788493097.0037982,23.698,337.537,676.883,0.0
False,0.0,1,789.829,"{""agx"": 2169.401, ""nano"": 888.154, ""spark"": 1869.128}",1788493098.2133217,2,100.0,request_completed,increasing,False,,,1657.801,cached_on_demand,1321098329,0.0,0.0,ACTIVE,concurrency_2,etri-dev0001-jetorn,dynamic,888.154,0,42.019,,178dfadd-8a8d-476c-9127-db87b8a98eb7,2,72.784,nano,hold:nano:hysteresis_or_improvement_gate,ok,41.25,1788493097.423492,24.703,308.564,627.735,0.0
False,0.0,1,765.255,"{""agx"": 2175.164, ""nano"": 870.974, ""spark"": 1868.528}",1788493098.589891,2,98.969,request_completed,increasing,False,,,1657.801,cached_on_demand,1321098329,0.0,0.0,ACTIVE,concurrency_2,etri-dev0001-jetorn,dynamic,870.974,0,42.019,,1cef438c-bc21-4a87-ac84-7581ea73c823,2,59.956,nano,hold:nano:hysteresis_or_improvement_gate,ok,41.218,1788493097.8246348,25.828,287.174,597.584,0.0
False,0.0,1,767.35,"{""agx"": 2172.564, ""nano"": 865.509, ""spark"": 1871.91}",1788493098.984045,2,100.0,request_completed,increasing,False,,,1657.801,cached_on_demand,1321098329,0.0,0.0,ACTIVE,concurrency_2,etri-dev0001-jetorn,dynamic,865.509,0,42.019,,bc5e38b3-54a7-4da6-ad96-68093a08b99a,2,61.709,nano,hold:nano:hysteresis_or_improvement_gate,ok,41.281,1788493098.216695,24.523,267.901,595.976,0.0
False,0.0,1,772.332,"{""agx"": 2171.146, ""nano"": 869.328, ""spark"": 1869.192}",1788493099.3658667,2,99.563,request_completed,increasing,False,,,1657.801,cached_on_demand,1321098329,0.0,0.0,ACTIVE,concurrency_2,etri-dev0001-jetorn,dynamic,869.328,0,42.02,,dbb95cde-1ee3-4197-99b7-d7157dc19a09,2,78.516,nano,hold:nano:hysteresis_or_improvement_gate,ok,41.218,1788493098.5935338,25.241,263.348,580.768,0.0
False,0.0,1,772.529,"{""agx"": 2170.383, ""nano"": 853.526, ""spark"": 1869.448}",1788493099.7597513,2,98.361,request_completed,increasing,False,,,1657.801,cached_on_demand,1321098329,0.0,0.0,ACTIVE,concurrency_2,etri-dev0001-jetorn,dynamic,853.526,0,42.023,,16a3e488-1d5d-4264-a6fe-03068eb302b9,2,64.212,nano,hold:nano:hysteresis_or_improvement_gate,ok,41.25,1788493098.987221,25.813,307.851,615.712,0.0
False,0.0,1,810.524,"{""agx"": 2175.447, ""nano"": 852.033, ""spark"": 1868.568}",1788493100.1795685,2,100.0,request_completed,increasing,False,,,1657.801,cached_on_demand,1321098329,0.0,0.0,ACTIVE,concurrency_2,etri-dev0001-jetorn,dynamic,852.033,0,42.022,,b03fedb6-ed84-4d98-b7f3-d14ac86c9128,2,71.155,nano,hold:nano:hysteresis_or_improvement_gate,ok,41.093,1788493099.3690434,22.858,271.841,615.128,0.0
False,0.0,1,796.059,"{""agx"": 2169.555, ""nano"": 849.956, ""spark"": 1869.481}",1788493100.5566714,2,100.0,request_completed,increasing,False,,,1657.801,cached_on_demand,1321098329,0.0,0.0,ACTIVE,concurrency_2,etri-dev0001-jetorn,dynamic,849.956,0,42.023,,f92778be-f2fa-4bcf-939a-f642d0663027,2,67.54,nano,hold:nano:hysteresis_or_improvement_gate,ok,41.281,1788493099.7606127,26.051,327.196,630.876,0.0
False,0.0,1,739.369,"{""agx"": 2169.847, ""nano"": 865.062, ""spark"": 1868.886}",1788493100.9224558,2,99.248,request_completed,increasing,False,,,1657.801,cached_on_demand,1321098329,0.0,0.0,ACTIVE,concurrency_2,etri-dev0001-jetorn,dynamic,865.062,0,42.024,,9eff6326-3ef7-4f18-8a18-4614fcdf23d1,2,68.97,nano,hold:nano:hysteresis_or_improvement_gate,ok,41.25,1788493100.1830862,26.295,259.91,565.953,0.0
False,0.0,1,1377.822,"{""agx"": 2163.867, ""nano"": 853.22, ""spark"": 1860.36}",1788493101.9379313,2,100.0,request_completed,increasing,False,,,1657.801,cached_on_demand,1321098329,0.0,0.0,ACTIVE,concurrency_2,etri-dev0001-jetorn,dynamic,853.22,0,42.025,,1c489691-103c-44c3-8f01-4734fad4bd96,2,67.932,nano,hold:nano:hysteresis_or_improvement_gate,ok,41.625,1788493100.560108,21.697,847.272,1217.715,0.0
False,0.0,1,1454.202,"{""agx"": 2162.928, ""nano"": 792.566, ""spark"": 1867.747}",1788493102.3801193,2,99.533,request_completed,increasing,False,,,1657.801,cached_on_demand,1321098329,0.0,0.0,ACTIVE,concurrency_2,etri-dev0001-jetorn,dynamic,792.566,0,42.022,,e836bcd8-1ce0-444c-9135-d9a7f128ec7d,2,21.092,nano,hold:nano:hysteresis_or_improvement_gate,ok,41.093,1788493100.9259167,22.195,1016.284,1376.057,0.0
False,0.0,1,822.703,"{""agx"": 2169.675, ""nano"": 1102.572, ""spark"": 1863.606}",1788493102.7641442,2,100.0,request_completed,increasing,False,,,1657.801,cached_on_demand,1321098329,0.0,0.0,ACTIVE,concurrency_2,etri-dev0001-jetorn,dynamic,1102.572,0,42.024,,faa9587d-6575-4fd1-b7d8-55d1027aaaa8,2,18.864,nano,hold:nano:hysteresis_or_improvement_gate,ok,41.125,1788493101.9414396,25.788,419.966,732.015,0.0
False,0.0,1,845.858,"{""agx"": 2169.539, ""nano"": 1117.764, ""spark"": 1859.183}",1788493103.2305262,2,100.0,request_completed,increasing,False,,,1657.801,cached_on_demand,1321098329,0.0,0.0,ACTIVE,concurrency_2,etri-dev0001-jetorn,dynamic,1117.764,0,42.049,,717317b7-5802-473f-ab0e-6e40f0bdcb0d,2,84.244,nano,hold:nano:hysteresis_or_improvement_gate,ok,41.343,1788493102.3846676,20.411,260.224,646.189,0.0
False,0.0,1,950.042,"{""agx"": 2170.432, ""nano"": 1037.533, ""spark"": 1861.242}",1788493103.7178016,2,99.561,request_completed,increasing,False,,,1657.801,cached_on_demand,1321098329,0.0,0.0,ACTIVE,concurrency_2,etri-dev0001-jetorn,dynamic,1037.533,0,42.046,,78306379-f6d9-44b8-a624-4201899cca18,2,72.205,nano,hold:nano:hysteresis_or_improvement_gate,ok,41.25,1788493102.7677581,20.408,395.97,789.652,0.0
False,0.0,1,965.903,"{""agx"": 2173.637, ""nano"": 989.666, ""spark"": 1870.335}",1788493104.2000153,2,99.251,request_completed,increasing,False,,,1657.801,cached_on_demand,1321098329,0.0,0.0,ACTIVE,concurrency_2,etri-dev0001-jetorn,dynamic,989.666,0,42.05,,80a13579-aaa4-4fea-a45f-edf3b84882b4,2,33.97,nano,hold:nano:hysteresis_or_improvement_gate,ok,41.187,1788493103.234111,19.878,422.504,827.935,0.0
False,0.0,1,1063.184,"{""agx"": 2171.537, ""nano"": 1027.051, ""spark"": 1870.373}",1788493104.7818248,2,99.49,request_completed,increasing,False,,,1657.801,cached_on_demand,1321098329,0.0,0.0,ACTIVE,concurrency_2,etri-dev0001-jetorn,dynamic,1027.051,0,42.053,,dd7131a4-e1e5-444b-b8c8-878807398461,2,69.133,nano,hold:nano:hysteresis_or_improvement_gate,ok,41.531,1788493103.7186408,16.694,400.131,883.856,0.0
False,0.0,1,947.112,"{""agx"": 2254.37, ""nano"": 983.484, ""spark"": 1869.312}",1788493105.15068,2,99.643,request_completed,increasing,False,,,1657.801,cached_on_demand,1321098329,0.0,0.0,ACTIVE,concurrency_2,etri-dev0001-jetorn,dynamic,983.484,0,42.052,,db362078-44f1-4cf1-bb07-ad74b1338804,2,24.54,nano,hold:nano:hysteresis_or_improvement_gate,ok,41.093,1788493104.2035666,25.766,439.782,738.646,0.0
False,0.0,1,775.345,"{""agx"": 2170.559, ""nano"": 1086.259, ""spark"": 1870.502}",1788493105.560844,2,99.254,request_completed,increasing,False,,,1657.801,cached_on_demand,1321098329,0.0,0.0,ACTIVE,concurrency_2,etri-dev0001-jetorn,dynamic,1086.259,0,42.055,,f1e92199-d5bd-44a3-a950-c1e7566b00d0,2,78.965,nano,hold:nano:hysteresis_or_improvement_gate,ok,41.625,1788493104.7854986,23.611,248.046,588.755,0.0
False,0.0,1,836.106,"{""agx"": 2170.736, ""nano"": 1012.797, ""spark"": 1869.555}",1788493105.9881942,2,100.0,request_completed,increasing,False,,,1657.801,cached_on_demand,1321098329,0.0,0.0,ACTIVE,concurrency_2,etri-dev0001-jetorn,dynamic,1012.797,0,42.055,,6fcad102-44b8-40ea-82e3-80b4b03be833,2,72.015,nano,hold:nano:hysteresis_or_improvement_gate,ok,41.687,1788493105.1520882,22.869,315.962,660.018,0.0
False,0.0,1,802.973,"{""agx"": 2169.74, ""nano"": 980.234, ""spark"": 1872.668}",1788493106.368174,2,100.0,request_completed,increasing,False,,,1657.801,cached_on_demand,1321098329,0.0,0.0,ACTIVE,concurrency_2,etri-dev0001-jetorn,dynamic,980.234,0,42.057,,08fc4398-1cd0-49ab-9f8d-2f1fbc4fbb84,2,70.192,nano,hold:nano:hysteresis_or_improvement_gate,ok,41.625,1788493105.5652008,25.553,311.979,628.0,0.0
False,0.0,1,760.694,"{""agx"": 2162.249, ""nano"": 968.054, ""spark"": 1870.74}",1788493106.7523344,2,100.0,request_completed,increasing,False,,,1657.801,cached_on_demand,1321098329,0.0,0.0,ACTIVE,concurrency_2,etri-dev0001-jetorn,dynamic,968.054,0,42.057,,f0deab19-9b9b-444d-915d-3c9865dfe12b,2,72.236,nano,hold:nano:hysteresis_or_improvement_gate,ok,41.656,1788493105.9916399,25.074,275.967,595.926,0.0
False,0.0,1,812.457,"{""agx"": 2171.314, ""nano"": 937.934, ""spark"": 1859.214}",1788493107.1841347,2,99.559,request_completed,increasing,False,,,1657.801,cached_on_demand,1321098329,0.0,0.0,ACTIVE,concurrency_2,etri-dev0001-jetorn,dynamic,937.934,0,42.055,,eb861818-4217-4728-8b7e-344b768b91bd,2,76.408,nano,hold:nano:hysteresis_or_improvement_gate,ok,41.718,1788493106.371677,22.288,299.922,655.865,0.0
False,0.0,1,877.573,"{""agx"": 2166.803, ""nano"": 910.755, ""spark"": 1870.536}",1788493107.6346307,2,98.077,request_completed,increasing,False,,,1657.801,cached_on_demand,1321098329,0.0,0.0,ACTIVE,concurrency_2,etri-dev0001-jetorn,dynamic,910.755,0,42.057,,fd7b6058-dde7-4409-8c21-fa6a3f38986b,2,72.971,nano,hold:nano:hysteresis_or_improvement_gate,ok,41.812,1788493106.7570562,23.552,363.845,690.483,0.0
False,0.0,1,832.387,"{""agx"": 2170.686, ""nano"": 931.093, ""spark"": 1870.589}",1788493108.0200005,2,98.639,request_completed,increasing,False,,,1657.801,cached_on_demand,1321098329,0.0,0.0,ACTIVE,concurrency_2,etri-dev0001-jetorn,dynamic,931.093,0,42.059,,06c13cde-46a3-454b-84a0-0f464c738b0b,2,88.621,nano,hold:nano:hysteresis_or_improvement_gate,ok,41.5,1788493107.1876118,25.682,306.977,619.601,0.0
False,0.0,1,816.988,"{""agx"": 2157.776, ""nano"": 920.183, ""spark"": 1862.512}",1788493108.4523532,2,99.543,request_completed,increasing,False,,,1657.801,cached_on_demand,1321098329,0.0,0.0,ACTIVE,concurrency_2,etri-dev0001-jetorn,dynamic,920.183,0,42.055,,de4fa5bc-55cb-4c48-b224-2327c8eb6e56,2,64.887,nano,hold:nano:hysteresis_or_improvement_gate,ok,41.906,1788493107.6353655,23.224,333.413,679.871,0.0
False,0.0,1,815.13,"{""agx"": 2175.037, ""nano"": 902.785, ""spark"": 1869.165}",1788493108.837567,2,100.0,request_completed,increasing,False,,,1657.801,cached_on_demand,1321098329,0.0,0.0,ACTIVE,concurrency_2,etri-dev0001-jetorn,dynamic,902.785,0,42.058,,ff4ee1e9-4e2d-4f22-b646-4d419daa5c48,2,69.365,nano,hold:nano:hysteresis_or_improvement_gate,ok,42.031,1788493108.0224361,26.797,320.737,616.293,0.0
False,0.0,1,732.53,"{""agx"": 2159.314, ""nano"": 869.178, ""spark"": 1868.832}",1788493109.189301,2,98.5,request_completed,increasing,False,,,1657.801,cached_on_demand,1321098329,0.0,0.0,ACTIVE,concurrency_2,etri-dev0001-jetorn,dynamic,869.178,0,42.061,,12da1c07-c924-419e-9995-0d83a1ba9e4f,2,29.166,nano,hold:nano:hysteresis_or_improvement_gate,ok,42.187,1788493108.4567704,26.678,344.136,644.893,0.0
False,0.0,0,542.248,"{""agx"": 2175.809, ""nano"": 413.208, ""spark"": 1868.979}",1788493109.7357988,4,98.633,request_completed,increasing,False,,,1657.801,cached_on_demand,1321098329,0.0,0.0,ACTIVE,concurrency_4,etri-dev0001-jetorn,dynamic,413.208,0,42.06,,0be89df1-8814-4134-b249-52eef56e6fb8,4,17.543,nano,hold:nano:hysteresis_or_improvement_gate,ok,41.875,1788493109.1935503,20.814,74.02,449.694,0.0
False,0.0,1,929.186,"{""agx"": 2171.849, ""nano"": 864.879, ""spark"": 1864.431}",1788493110.1234665,4,100.0,request_completed,increasing,False,,,1657.801,cached_on_demand,1321098329,0.0,0.0,ACTIVE,concurrency_4,etri-dev0001-jetorn,dynamic,864.879,0,42.06,,5dd2a402-73db-4380-90dd-6e2c6181d8c2,4,73.549,nano,hold:nano:hysteresis_or_improvement_gate,ok,41.687,1788493109.19428,24.843,350.669,661.148,0.0
False,0.0,1,1344.531,"{""agx"": 2162.249, ""nano"": 1267.141, ""spark"": 1867.593}",1788493110.539515,4,100.0,request_completed,increasing,False,,,1657.801,cached_on_demand,1321098329,0.0,0.0,ACTIVE,concurrency_4,etri-dev0001-jetorn,dynamic,1267.141,1,42.06,,7c70238c-30db-423e-bc08-7d8b64f7c2d4,4,80.146,nano,hold:nano:hysteresis_or_improvement_gate,ok,41.968,1788493109.1949835,24.448,612.003,939.126,0.0
False,0.0,1,1747.048,"{""agx"": 2157.023, ""nano"": 1685.177, ""spark"": 1869.004}",1788493110.9426665,4,100.0,request_completed,increasing,False,,,1657.801,cached_on_demand,1321098329,0.0,0.0,ACTIVE,concurrency_4,etri-dev0001-jetorn,dynamic,1685.177,2,42.06,,1f6016ef-d01d-44ee-949e-9fa0401f66a7,4,102.517,nano,hold:nano:hysteresis_or_improvement_gate,ok,41.968,1788493109.1956186,24.847,863.783,1182.357,0.0
False,0.0,1,1596.03,"{""agx"": 2156.921, ""nano"": 1711.264, ""spark"": 1863.459}",1788493111.3325903,4,100.0,request_completed,increasing,False,,,1657.801,cached_on_demand,1321098329,0.0,0.0,ACTIVE,concurrency_4,etri-dev0001-jetorn,dynamic,1711.264,2,42.06,,df121299-3e6c-4e42-a8ae-a89e28113248,4,74.588,nano,hold:nano:hysteresis_or_improvement_gate,ok,42.218,1788493109.7365608,26.408,1128.016,1432.028,0.0
False,0.0,1,1623.247,"{""agx"": 2158.443, ""nano"": 1633.179, ""spark"": 1864.776}",1788493111.7477765,4,100.0,request_completed,increasing,False,,,1657.801,cached_on_demand,1321098329,0.0,0.0,ACTIVE,concurrency_4,etri-dev0001-jetorn,dynamic,1633.179,2,42.063,,2ce14ce6-e92c-4a8d-bcae-0ee9706e9622,4,19.839,nano,hold:nano:hysteresis_or_improvement_gate,ok,41.937,1788493110.124529,22.826,1199.968,1547.955,0.0
False,0.0,1,1587.517,"{""agx"": 2168.093, ""nano"": 1686.365, ""spark"": 1866.768}",1788493112.127857,4,100.0,request_completed,increasing,False,,,1657.801,cached_on_demand,1321098329,0.0,0.0,ACTIVE,concurrency_4,etri-dev0001-jetorn,dynamic,1686.365,2,42.066,,97816e7b-b26e-4175-a712-237c313f92f8,4,60.081,nano,hold:nano:hysteresis_or_improvement_gate,ok,42.093,1788493110.5403397,25.59,1120.489,1431.977,0.0
False,0.0,1,1582.532,"{""agx"": 2171.691, ""nano"": 1644.422, ""spark"": 1868.236}",1788493112.5288007,4,99.576,request_completed,increasing,False,,,1657.801,cached_on_demand,1321098329,0.0,0.0,ACTIVE,concurrency_4,etri-dev0001-jetorn,dynamic,1644.422,2,42.066,,9c01ce79-b951-469c-a3c3-1c517f3056d8,4,21.958,nano,hold:nano:hysteresis_or_improvement_gate,ok,41.781,1788493110.9462674,24.176,1167.979,1492.034,0.0
False,0.0,1,1591.868,"{""agx"": 2167.648, ""nano"": 1671.727, ""spark"": 1869.301}",1788493112.9289093,4,100.0,request_completed,increasing,False,,,1657.801,cached_on_demand,1321098329,0.0,0.0,ACTIVE,concurrency_4,etri-dev0001-jetorn,dynamic,1671.727,2,42.064,,d3517585-8215-4806-8ca6-de1be69c473e,4,66.483,nano,hold:nano:hysteresis_or_improvement_gate,ok,42.468,1788493111.3370397,23.864,1093.91,1423.738,0.0
False,0.0,1,1551.999,"{""agx"": 2172.338, ""nano"": 1689.678, ""spark"": 1869.441}",1788493113.3004875,4,97.222,request_completed,increasing,False,,,1657.801,cached_on_demand,1321098329,0.0,0.0,ACTIVE,concurrency_4,etri-dev0001-jetorn,dynamic,1689.678,2,42.069,,2ba4cf4a-8950-45bd-adb6-dd10c84d0cff,4,70.506,nano,hold:nano:hysteresis_or_improvement_gate,ok,42.25,1788493111.7484887,25.847,1091.933,1368.084,0.0
False,0.0,1,1550.697,"{""agx"": 2172.979, ""nano"": 1660.938, ""spark"": 1862.741}",1788493113.6798387,4,99.558,request_completed,increasing,False,,,1657.801,cached_on_demand,1321098329,0.0,0.0,ACTIVE,concurrency_4,etri-dev0001-jetorn,dynamic,1660.938,2,42.072,,b71a59c7-dce6-4821-958e-347f6c721caf,4,67.306,nano,hold:nano:hysteresis_or_improvement_gate,ok,42.312,1788493112.129142,25.525,1047.968,1356.025,0.0
False,0.0,1,1561.6,"{""agx"": 2168.59, ""nano"": 1663.066, ""spark"": 1857.928}",1788493114.0940945,4,99.415,request_completed,increasing,False,,,1657.801,cached_on_demand,1321098329,0.0,0.0,ACTIVE,concurrency_4,etri-dev0001-jetorn,dynamic,1663.066,2,42.07,,723b7051-ca9a-47d5-9c75-684241232d6c,4,71.438,nano,hold:nano:hysteresis_or_improvement_gate,ok,42.437,1788493112.5324943,24.484,1079.862,1405.591,0.0
False,0.0,1,1543.257,"{""agx"": 2171.919, ""nano"": 1665.681, ""spark"": 1868.381}",1788493114.475097,4,100.0,request_completed,increasing,False,,,1657.801,cached_on_demand,1321098329,0.0,0.0,ACTIVE,concurrency_4,etri-dev0001-jetorn,dynamic,1665.681,2,42.07,,cc6152ee-3bb6-447a-b34b-f6c346d8b811,4,72.325,nano,hold:nano:hysteresis_or_improvement_gate,ok,42.75,1788493112.9318392,25.503,1042.021,1350.492,0.0
False,0.0,1,1560.814,"{""agx"": 2157.698, ""nano"": 1646.682, ""spark"": 1867.104}",1788493114.8647943,4,99.103,request_completed,increasing,False,,,1657.801,cached_on_demand,1321098329,0.0,0.0,ACTIVE,concurrency_4,etri-dev0001-jetorn,dynamic,1646.682,2,42.07,,5af86550-24bd-45dd-8493-b032355f0692,4,79.678,nano,hold:nano:hysteresis_or_improvement_gate,ok,42.843,1788493113.3039796,24.889,1077.661,1399.517,0.0
False,0.0,1,1577.194,"{""agx"": 2157.749, ""nano"": 1574.776, ""spark"": 1867.406}",1788493115.2579057,4,100.0,request_completed,increasing,False,,,1657.801,cached_on_demand,1321098329,0.0,0.0,ACTIVE,concurrency_4,etri-dev0001-jetorn,dynamic,1574.776,2,42.073,,dd259271-e1c1-4add-9b26-8bbf04b9b6b8,4,23.08,nano,hold:nano:hysteresis_or_improvement_gate,ok,42.156,1788493113.6807122,24.423,1172.648,1496.648,0.0
False,0.0,1,1551.488,"{""agx"": 2169.231, ""nano"": 1647.952, ""spark"": 1868.614}",1788493115.6482878,4,100.0,request_completed,increasing,False,,,1657.801,cached_on_demand,1321098329,0.0,0.0,ACTIVE,concurrency_4,etri-dev0001-jetorn,dynamic,1647.952,2,42.073,,62f7a67e-23ae-459f-a48c-b490af6dd0a9,4,71.328,nano,hold:nano:hysteresis_or_improvement_gate,ok,42.718,1788493114.0967999,24.31,1047.901,1376.005,0.0
False,0.0,1,1608.538,"{""agx"": 2165.133, ""nano"": 1615.872, ""spark"": 1860.853}",1788493116.0874288,4,99.55,request_completed,increasing,False,,,1657.801,cached_on_demand,1321098329,0.0,0.0,ACTIVE,concurrency_4,etri-dev0001-jetorn,dynamic,1615.872,2,42.071,,d3618a18-5b8a-4b80-a064-5bd52893f18f,4,53.488,nano,hold:nano:hysteresis_or_improvement_gate,ok,42.562,1788493114.4788907,22.776,1124.036,1474.521,0.0
False,0.0,1,1637.617,"{""agx"": 2170.146, ""nano"": 1626.317, ""spark"": 1869.598}",1788493116.5068057,4,99.324,request_completed,increasing,False,,,1657.801,cached_on_demand,1321098329,0.0,0.0,ACTIVE,concurrency_4,etri-dev0001-jetorn,dynamic,1626.317,2,42.069,,44554dbe-281c-454d-bf9d-c3138f81e8cf,4,66.469,nano,hold:nano:hysteresis_or_improvement_gate,ok,42.687,1788493114.8691874,22.718,1112.203,1457.923,0.0
False,0.0,1,1686.045,"{""agx"": 2175.847, ""nano"": 1636.901, ""spark"": 1870.116}",1788493116.9477403,4,100.0,request_completed,increasing,False,,,1657.801,cached_on_demand,1321098329,0.0,0.0,ACTIVE,concurrency_4,etri-dev0001-jetorn,dynamic,1636.901,2,42.071,,0b2cb8f8-08c4-4a99-ad40-46b990132da8,4,74.213,nano,hold:nano:hysteresis_or_improvement_gate,ok,42.75,1788493115.261695,21.364,1140.008,1509.126,0.0
False,0.0,1,1700.667,"{""agx"": 2170.878, ""nano"": 1583.899, ""spark"": 1866.439}",1788493117.352623,4,99.558,request_completed,increasing,False,,,1657.801,cached_on_demand,1321098329,0.0,0.0,ACTIVE,concurrency_4,etri-dev0001-jetorn,dynamic,1583.899,2,42.072,,aa54c483-3d87-4b7a-aa22-59e7e4377781,4,20.743,nano,hold:nano:hysteresis_or_improvement_gate,ok,42.281,1788493115.6519554,23.217,1248.057,1584.331,0.0
False,0.0,1,1689.588,"{""agx"": 2168.262, ""nano"": 1673.766, ""spark"": 1868.032}",1788493117.7786863,4,99.627,request_completed,increasing,False,,,1657.801,cached_on_demand,1321098329,0.0,0.0,ACTIVE,concurrency_4,etri-dev0001-jetorn,dynamic,1673.766,2,42.069,,d01eb54f-3e3f-4fc6-ad36-195464ce4cde,4,66.502,nano,hold:nano:hysteresis_or_improvement_gate,ok,42.75,1788493116.0890977,23.779,1181.562,1518.608,0.0
False,0.0,1,1657.949,"{""agx"": 2170.398, ""nano"": 1693.982, ""spark"": 1870.299}",1788493118.1681664,4,98.469,request_completed,increasing,False,,,1657.801,cached_on_demand,1321098329,0.0,0.0,ACTIVE,concurrency_4,etri-dev0001-jetorn,dynamic,1693.982,2,42.073,,bb8d01be-8cd6-4b6b-9a0e-4b0c2d7ef8f1,4,70.042,nano,hold:nano:hysteresis_or_improvement_gate,ok,42.875,1788493116.510217,26.226,1172.001,1479.871,0.0
False,0.0,1,1600.761,"{""agx"": 2167.405, ""nano"": 1737.084, ""spark"": 1867.323}",1788493118.5521936,4,100.0,request_completed,increasing,False,,,1657.801,cached_on_demand,1321098329,0.0,0.0,ACTIVE,concurrency_4,etri-dev0001-jetorn,dynamic,1737.084,2,42.07,,222ced9d-4180-4a47-a5a1-0c0dabdc38f0,4,80.88,nano,hold:nano:hysteresis_or_improvement_gate,ok,42.718,1788493116.9514313,25.493,1123.785,1435.863,0.0
False,0.0,1,1599.308,"{""agx"": 2160.052, ""nano"": 1756.191, ""spark"": 1857.588}",1788493118.9574254,4,98.824,request_completed,increasing,False,,,1657.801,cached_on_demand,1321098329,0.0,0.0,ACTIVE,concurrency_4,etri-dev0001-jetorn,dynamic,1756.191,2,42.075,,acc6cfc9-32fd-41e9-8bd2-cbb45a5e8429,4,107.135,nano,hold:nano:hysteresis_or_improvement_gate,ok,42.875,1788493117.3581169,26.524,1116.062,1420.078,0.0
False,0.0,1,1564.269,"{""agx"": 2171.131, ""nano"": 1679.669, ""spark"": 1868.222}",1788493119.3440218,4,99.038,request_completed,increasing,False,,,1657.801,cached_on_demand,1321098329,0.0,0.0,ACTIVE,concurrency_4,etri-dev0001-jetorn,dynamic,1679.669,2,42.073,,a2633ad1-b661-48f9-ae1b-cebb414fabab,4,19.901,nano,hold:nano:hysteresis_or_improvement_gate,ok,42.468,1788493117.779753,25.243,1128.095,1443.194,0.0
False,0.0,1,1624.64,"{""agx"": 2174.188, ""nano"": 1697.512, ""spark"": 1869.853}",1788493119.7964685,4,99.174,request_completed,increasing,False,,,1657.801,cached_on_demand,1321098329,0.0,0.0,ACTIVE,concurrency_4,etri-dev0001-jetorn,dynamic,1697.512,2,42.073,,62ada44d-a032-41b3-aefa-6bd56250a171,4,64.412,nano,hold:nano:hysteresis_or_improvement_gate,ok,42.75,1788493118.1718266,21.05,1087.963,1455.478,0.0
False,0.0,1,1636.181,"{""agx"": 2172.115, ""nano"": 1628.989, ""spark"": 1868.454}",1788493120.1921084,4,100.0,request_completed,increasing,False,,,1657.801,cached_on_demand,1321098329,0.0,0.0,ACTIVE,concurrency_4,etri-dev0001-jetorn,dynamic,1628.989,2,42.074,,be5ed658-8811-47e3-b54f-ce33453e6f33,4,20.693,nano,hold:nano:hysteresis_or_improvement_gate,ok,42.75,1788493118.5559258,25.705,1200.102,1515.912,0.0
False,0.0,1,1616.046,"{""agx"": 2166.037, ""nano"": 1677.3, ""spark"": 1867.789}",1788493120.5771031,4,99.583,request_completed,increasing,False,,,1657.801,cached_on_demand,1321098329,0.0,0.0,ACTIVE,concurrency_4,etri-dev0001-jetorn,dynamic,1677.3,2,42.075,,da653855-80ea-4f2f-9820-359df8b6042d,4,70.648,nano,hold:nano:hysteresis_or_improvement_gate,ok,42.75,1788493118.961056,25.334,1143.938,1463.834,0.0
False,0.0,1,1631.559,"{""agx"": 2160.207, ""nano"": 1664.122, ""spark"": 1865.85}",1788493120.9789796,4,99.573,request_completed,increasing,False,,,1657.801,cached_on_demand,1321098329,0.0,0.0,ACTIVE,concurrency_4,etri-dev0001-jetorn,dynamic,1664.122,2,42.073,,467d3525-1353-444c-b5e5-b61e94438feb,4,72.566,nano,hold:nano:hysteresis_or_improvement_gate,ok,42.968,1788493119.3474202,23.685,1143.832,1477.606,0.0
False,0.0,1,1604.695,"{""agx"": 2160.015, ""nano"": 1663.84, ""spark"": 1859.474}",1788493121.4039235,4,100.0,request_completed,increasing,False,,,1657.801,cached_on_demand,1321098329,0.0,0.0,ACTIVE,concurrency_4,etri-dev0001-jetorn,dynamic,1663.84,2,42.076,,48313a6a-c2ea-44f8-8033-5284546154b5,4,18.304,nano,hold:nano:hysteresis_or_improvement_gate,ok,42.593,1788493119.7992268,21.734,1145.367,1515.965,0.0
False,0.0,1,1648.838,"{""agx"": 2173.293, ""nano"": 1694.233, ""spark"": 1860.705}",1788493121.8444886,4,98.776,request_completed,increasing,False,,,1657.801,cached_on_demand,1321098329,0.0,0.0,ACTIVE,concurrency_4,etri-dev0001-jetorn,dynamic,1694.233,2,42.074,,45fcd288-f163-43fc-a94d-4b3b242af3df,4,64.209,nano,hold:nano:hysteresis_or_improvement_gate,ok,42.937,1788493120.1956508,23.292,1128.101,1468.035,0.0
False,0.0,1,1691.413,"{""agx"": 2171.298, ""nano"": 1697.837, ""spark"": 1860.352}",1788493122.27211,4,99.595,request_completed,increasing,False,,,1657.801,cached_on_demand,1321098329,0.0,0.0,ACTIVE,concurrency_4,etri-dev0001-jetorn,dynamic,1697.837,2,42.073,,4fe67d85-7413-46dd-8d8c-ccc776e77acd,4,95.093,nano,hold:nano:hysteresis_or_improvement_gate,ok,43.187,1788493120.5806963,22.286,1143.969,1507.873,0.0
False,0.0,1,1686.045,"{""agx"": 2156.834, ""nano"": 1669.924, ""spark"": 1867.056}",1788493122.6684134,4,99.219,request_completed,increasing,False,,,1657.801,cached_on_demand,1321098329,0.0,0.0,ACTIVE,concurrency_4,etri-dev0001-jetorn,dynamic,1669.924,2,42.073,,d9be6608-4144-46af-8d9c-b8eabdbbc796,4,66.404,nano,hold:nano:hysteresis_or_improvement_gate,ok,43.031,1788493120.9823673,25.183,1179.858,1499.896,0.0
False,0.0,1,1647.078,"{""agx"": 2169.175, ""nano"": 1678.352, ""spark"": 1867.308}",1788493123.0523834,4,100.0,request_completed,increasing,False,,,1657.801,cached_on_demand,1321098329,0.0,0.0,ACTIVE,concurrency_4,etri-dev0001-jetorn,dynamic,1678.352,2,42.073,,3149ed06-ffa9-4731-b5bc-365fb3bf3f8f,4,50.032,nano,hold:nano:hysteresis_or_improvement_gate,ok,42.687,1788493121.405306,25.941,1200.03,1508.019,0.0
False,0.0,1,1631.691,"{""agx"": 2165.439, ""nano"": 1724.229, ""spark"": 1860.48}",1788493123.4799106,4,99.0,request_completed,increasing,False,,,1657.801,cached_on_demand,1321098329,0.0,0.0,ACTIVE,concurrency_4,etri-dev0001-jetorn,dynamic,1724.229,2,42.075,,7048151e-4c5d-4364-97a0-e7c1db163c5b,4,63.569,nano,hold:nano:hysteresis_or_improvement_gate,ok,43.25,1788493121.8482184,27.114,1171.778,1467.32,0.0
False,0.0,1,1585.381,"{""agx"": 2170.405, ""nano"": 1754.49, ""spark"": 1867.59}",1788493123.8609834,4,94.737,request_completed,increasing,False,,,1657.801,cached_on_demand,1321098329,0.0,0.0,ACTIVE,concurrency_4,etri-dev0001-jetorn,dynamic,1754.49,2,42.078,,dee9f5c1-ff63-49a5-8749-cc6d189eb1ac,4,84.742,nano,hold:nano:hysteresis_or_improvement_gate,ok,43.125,1788493122.2756014,25.039,1063.974,1380.506,0.0
False,0.0,1,1585.702,"{""agx"": 2172.45, ""nano"": 1728.352, ""spark"": 1870.811}",1788493124.2577379,4,99.567,request_completed,increasing,False,,,1657.801,cached_on_demand,1321098329,0.0,0.0,ACTIVE,concurrency_4,etri-dev0001-jetorn,dynamic,1728.352,2,42.075,,23f2240c-f446-42d2-8de3-4a986ced6c23,4,80.448,nano,hold:nano:hysteresis_or_improvement_gate,ok,43.156,1788493122.6720343,24.705,1071.987,1405.201,0.0
False,0.0,1,1572.186,"{""agx"": 2164.764, ""nano"": 1635.502, ""spark"": 1858.281}",1788493124.628126,4,99.533,request_completed,increasing,False,,,1657.801,cached_on_demand,1321098329,0.0,0.0,ACTIVE,concurrency_4,etri-dev0001-jetorn,dynamic,1635.502,2,42.075,,ef2ecebe-637c-492f-9dfb-662ad3fa7751,4,19.154,nano,hold:nano:hysteresis_or_improvement_gate,ok,42.968,1788493123.055939,26.374,1192.32,1499.906,0.0
False,0.0,1,1528.465,"{""agx"": 2171.082, ""nano"": 1720.203, ""spark"": 1870.199}",1788493125.0121913,4,100.0,request_completed,increasing,False,,,1657.801,cached_on_demand,1321098329,0.0,0.0,ACTIVE,concurrency_4,etri-dev0001-jetorn,dynamic,1720.203,2,42.077,,e1042f20-18fd-4af0-bad3-15506969a28c,4,84.063,nano,hold:nano:hysteresis_or_improvement_gate,ok,43.437,1788493123.4837248,25.228,1020.025,1339.809,0.0
False,0.0,1,1526.974,"{""agx"": 2164.642, ""nano"": 1679.165, ""spark"": 1865.096}",1788493125.3917177,4,99.554,request_completed,increasing,False,,,1657.801,cached_on_demand,1321098329,0.0,0.0,ACTIVE,concurrency_4,etri-dev0001-jetorn,dynamic,1679.165,2,42.075,,4b906b1f-bb03-412a-b8cd-59350d41b289,4,71.621,nano,hold:nano:hysteresis_or_improvement_gate,ok,43.375,1788493123.864742,24.699,1044.074,1367.957,0.0
False,0.0,0,502.165,"{""agx"": 2156.986, ""nano"": 410.802, ""spark"": 1861.122}",1788493125.8958366,8,72.727,request_completed,increasing,False,,,1657.801,cached_on_demand,1321098329,0.0,0.0,ACTIVE,concurrency_8,etri-dev0001-jetorn,dynamic,410.802,0,42.073,,1561a169-63c5-4625-a0e0-acb8f8a1c515,8,23.996,nano,hold:nano:hysteresis_or_improvement_gate,ok,43.093,1788493125.3936718,21.276,61.106,441.066,0.0
False,0.0,1,926.296,"{""agx"": 2157.081, ""nano"": 788.127, ""spark"": 1865.198}",1788493126.3201013,8,14.815,request_completed,increasing,False,,,1657.801,cached_on_demand,1321098329,0.0,0.0,ACTIVE,concurrency_8,etri-dev0001-jetorn,dynamic,788.127,0,42.073,,d7ad29ed-67f5-4f07-aab7-1b1b0661fc44,8,14.515,nano,hold:nano:hysteresis_or_improvement_gate,ok,42.75,1788493125.393806,21.862,427.974,795.842,0.0
False,0.0,1,1403.945,"{""agx"": 2157.597, ""nano"": 1254.984, ""spark"": 1865.728}",1788493126.7979696,8,98.333,request_completed,increasing,False,,,1657.801,cached_on_demand,1321098329,0.0,0.0,ACTIVE,concurrency_8,etri-dev0001-jetorn,dynamic,1254.984,1,42.073,,bf0945b6-fc54-48ab-922b-a51de3af47cb,8,94.566,nano,hold:nano:hysteresis_or_improvement_gate,ok,43.593,1788493125.3940253,19.231,687.868,1104.938,0.0
False,0.0,1,1819.083,"{""agx"": 2157.912, ""nano"": 1661.255, ""spark"": 1870.404}",1788493127.2133722,8,100.0,request_completed,increasing,False,,,1657.801,cached_on_demand,1321098329,0.0,0.0,ACTIVE,concurrency_8,etri-dev0001-jetorn,dynamic,1661.255,2,42.076,,04d1fa43-40a5-4482-b26d-1fba9bc338ab,8,114.031,nano,hold:nano:hysteresis_or_improvement_gate,ok,43.437,1788493125.3942893,21.98,973.493,1336.871,0.0
False,0.0,1,2376.641,"{""agx"": 2155.519, ""nano"": 2000.244, ""spark"": 1858.227}",1788493127.771646,8,100.0,request_completed,increasing,False,,,1657.801,cached_on_demand,1321098329,0.0,0.0,ACTIVE,concurrency_8,etri-dev0001-jetorn,dynamic,2000.244,3,42.079,,6ed028c9-3855-4e86-9c19-bee4a3fe4b8d,8,66.214,nano,hold:nano:hysteresis_or_improvement_gate,ok,43.406,1788493125.3950052,25.543,1434.681,1750.464,0.0
False,0.0,1,2756.71,"{""agx"": 2156.51, ""nano"": 2113.941, ""spark"": 1866.679}",1788493128.1519516,8,100.0,request_completed,increasing,False,,,1657.801,cached_on_demand,1321098329,0.0,0.0,ACTIVE,concurrency_8,etri-dev0001-jetorn,dynamic,2113.941,3,42.076,,4d233635-e079-4942-a054-f8c04c8c5a1e,8,112.101,nano,hold:nano:hysteresis_or_improvement_gate,ok,43.375,1788493125.3952415,25.428,1619.997,1935.881,0.0
False,0.0,1,3116.294,"{""agx"": 2175.039, ""nano"": 2485.116, ""spark"": 1870.473}",1788493128.511768,8,100.0,request_completed,increasing,False,,,1657.801,cached_on_demand,1321098329,0.0,0.0,ACTIVE,concurrency_8,etri-dev0001-jetorn,dynamic,2485.116,4,42.082,,c105f224-17b4-4729-8e73-aece74c963ce,8,82.908,nano,hold:nano:hysteresis_or_improvement_gate,ok,43.375,1788493125.3954744,26.626,1821.994,2125.781,0.0
False,0.0,1,3492.121,"{""agx"": 2169.919, ""nano"": 2504.424, ""spark"": 1868.35}",1788493128.8877733,8,97.959,request_completed,increasing,False,,,1657.801,cached_on_demand,1321098329,0.0,0.0,ACTIVE,concurrency_8,etri-dev0001-jetorn,dynamic,2504.424,4,42.081,,923642fc-f037-44a6-b18f-06679e2be7e8,8,67.698,nano,hold:nano:hysteresis_or_improvement_gate,ok,43.375,1788493125.3956523,25.349,2014.731,2338.594,0.0
False,0.0,1,3369.96,"{""agx"": 2169.809, ""nano"": 2962.546, ""spark"": 1859.292}",1788493129.2670622,8,100.0,request_completed,increasing,False,,,1657.801,cached_on_demand,1321098329,0.0,0.0,ACTIVE,concurrency_8,etri-dev0001-jetorn,dynamic,2962.546,5,42.087,,14273f24-101c-47c3-a507-01f36dd3775c,8,119.699,nano,hold:nano:hysteresis_or_improvement_gate,ok,43.687,1788493125.8971033,25.784,2207.263,2522.942,0.0
True,1249.991,0,1673.964,"{""agx"": 2169.622, ""nano"": 3692.552, ""spark"": 1868.482}",1788493129.4465559,8,5.155,request_completed,increasing,False,871.0,0.0,0.0,cached_on_demand,1321098329,1242.822,0.0,CACHED,concurrency_8,etri-ser0001-cg0msb,dynamic,2169.622,0,18.201,1788493129.1561425,187c84ea-f288-4fc0-84d1-f3d9b442156b,8,19.411,agx,offload:nano->agx:predicted_improvement=0.412,ok,35.0,1788493127.7725918,46.107,104.325,278.499,1.677
False,0.0,1,1496.441,"{""agx"": 1920.718, ""nano"": 2110.402, ""spark"": 1864.263}",1788493129.6496084,8,40.0,request_completed,increasing,False,871.0,0.0,1373.18,cached_on_demand,1321098329,0.0,0.0,ACTIVE,concurrency_8,etri-ser0001-cg0msb,dynamic,1920.718,0,19.29,,aeb895b8-013c-4ede-ab9e-b712db17e5b7,8,8.382,agx,hold:agx:hysteresis_or_improvement_gate,ok,64.0,1788493128.1531672,45.635,179.895,355.868,0.0
False,0.0,1,3431.655,"{""agx"": 2169.706, ""nano"": 3297.64, ""spark"": 1870.549}",1788493129.7546005,8,100.0,request_completed,increasing,False,,,1657.801,cached_on_demand,1321098329,0.0,0.0,ACTIVE,concurrency_8,etri-dev0001-jetorn,dynamic,3297.64,6,42.097,,e5cabb7f-11f3-4f3c-be47-a8b2e9c91ceb,8,48.672,nano,hold:nano:hysteresis_or_improvement_gate,ok,43.562,1788493126.3229444,22.705,2547.972,2897.659,0.0
False,0.0,1,1345.397,"{""agx"": 2878.034, ""nano"": 1611.229, ""spark"": 1860.749}",1788493129.8583064,8,38.655,request_completed,increasing,False,871.0,0.0,1373.18,cached_on_demand,1321098329,0.0,0.0,ACTIVE,concurrency_8,etri-ser0001-cg0msb,dynamic,2878.034,1,19.296,,f20582d1-9b3f-4feb-9b44-9c42816673a7,8,9.53,agx,hold:agx:hysteresis_or_improvement_gate,ok,61.0,1788493128.5129087,44.73,336.861,516.021,0.0
False,0.0,1,1173.357,"{""agx"": 2369.454, ""nano"": 1655.49, ""spark"": 1867.547}",1788493130.0620477,8,36.196,request_completed,increasing,False,871.0,0.0,1373.359,cached_on_demand,1321098329,0.0,0.0,ACTIVE,concurrency_8,etri-ser0001-cg0msb,dynamic,2369.454,1,19.302,,f45e569a-a02f-4e2e-a808-eeb99f06f881,8,9.207,agx,hold:agx:hysteresis_or_improvement_gate,ok,63.0,1788493128.888691,45.617,397.763,573.304,0.0
False,0.0,1,1004.637,"{""agx"": 3157.929, ""nano"": 1664.85, ""spark"": 1866.377}",1788493130.2734632,8,37.309,request_completed,increasing,False,871.0,0.0,1373.359,cached_on_demand,1321098329,0.0,0.0,ACTIVE,concurrency_8,etri-ser0001-cg0msb,dynamic,3157.929,2,19.302,,4d4092db-012f-4604-a4ef-84cbb9a3f078,8,10.933,agx,hold:agx:hysteresis_or_improvement_gate,ok,63.0,1788493129.268826,44.205,467.649,648.939,0.0
False,0.0,1,3512.007,"{""agx"": 2157.193, ""nano"": 3455.791, ""spark"": 1858.496}",1788493130.313885,8,100.0,request_completed,increasing,False,,,1657.801,cached_on_demand,1321098329,0.0,0.0,ACTIVE,concurrency_8,etri-dev0001-jetorn,dynamic,3455.791,6,42.094,,43266778-d0ac-491e-b3d3-0a9a7d971106,8,80.367,nano,hold:nano:hysteresis_or_improvement_gate,ok,43.468,1788493126.801877,16.578,2820.353,3313.802,0.0
False,0.0,1,1030.278,"{""agx"": 2573.192, ""nano"": 1664.928, ""spark"": 1867.465}",1788493130.4780006,8,45.833,request_completed,increasing,False,871.0,0.0,1373.539,cached_on_demand,1321098329,0.0,0.0,ACTIVE,concurrency_8,etri-ser0001-cg0msb,dynamic,2573.192,2,19.304,,b8e818af-8d82-44c5-ad9b-b7d0f680599c,8,10.004,agx,hold:agx:hysteresis_or_improvement_gate,ok,78.0,1788493129.447723,45.331,545.694,722.281,0.0
False,0.0,1,1032.686,"{""agx"": 2140.544, ""nano"": 1324.61, ""spark"": 1866.931}",1788493130.6833956,8,40.299,request_completed,increasing,False,871.0,0.0,1373.617,cached_on_demand,1321098329,0.0,0.0,ACTIVE,concurrency_8,etri-ser0001-cg0msb,dynamic,2140.544,2,19.311,,c289f78d-bd87-4028-a4ed-5d67334e0255,8,9.588,agx,hold:agx:hysteresis_or_improvement_gate,ok,64.0,1788493129.6507092,45.371,612.806,789.471,0.0
False,0.0,1,3503.771,"{""agx"": 2175.236, ""nano"": 3405.086, ""spark"": 1875.641}",1788493130.7203627,8,99.052,request_completed,increasing,False,,,1657.801,cached_on_demand,1321098329,0.0,0.0,ACTIVE,concurrency_8,etri-dev0001-jetorn,dynamic,3405.086,6,42.092,,5735cb09-21b6-4707-a244-094639c0d222,8,34.134,nano,hold:nano:hysteresis_or_improvement_gate,ok,43.281,1788493127.2165904,23.238,3031.721,3383.083,0.0
False,0.0,1,1136.186,"{""agx"": 2674.526, ""nano"": 1329.756, ""spark"": 1867.883}",1788493130.8923607,8,37.097,request_completed,increasing,False,871.0,0.0,1373.617,cached_on_demand,1321098329,0.0,0.0,ACTIVE,concurrency_8,etri-ser0001-cg0msb,dynamic,2674.526,3,19.316,,cf7135b3-c44a-44e9-8b2f-0850e996082a,8,10.831,agx,hold:agx:hysteresis_or_improvement_gate,ok,65.0,1788493129.7561738,44.408,686.84,867.257,0.0
False,0.0,1,1239.493,"{""agx"": 3205.829, ""nano"": 1278.494, ""spark"": 1865.329}",1788493131.0988858,8,38.202,request_completed,increasing,False,871.0,0.0,1373.617,cached_on_demand,1321098329,0.0,0.0,ACTIVE,concurrency_8,etri-ser0001-cg0msb,dynamic,3205.829,4,19.317,,407db525-d156-4bdb-b46f-d94b233d8e38,8,9.395,agx,hold:agx:hysteresis_or_improvement_gate,ok,65.0,1788493129.8593934,45.026,839.646,1017.796,0.0
False,0.0,1,1237.953,"{""agx"": 2710.964, ""nano"": 1274.866, ""spark"": 1864.669}",1788493131.3011699,8,52.5,request_completed,increasing,False,871.0,0.0,1373.668,cached_on_demand,1321098329,0.0,0.0,ACTIVE,concurrency_8,etri-ser0001-cg0msb,dynamic,2710.964,4,19.328,,7b23a507-5fb8-4604-80c2-1d0fef0b9ba8,8,8.21,agx,hold:agx:hysteresis_or_improvement_gate,ok,65.0,1788493130.063217,46.109,997.859,1171.911,0.0
False,0.0,1,1232.507,"{""agx"": 2354.372, ""nano"": 1295.321, ""spark"": 1866.064}",1788493131.507048,8,37.687,request_completed,increasing,False,871.0,0.0,1373.715,cached_on_demand,1321098329,0.0,0.0,ACTIVE,concurrency_8,etri-ser0001-cg0msb,dynamic,2354.372,4,19.336,,d271c5f0-b434-4210-a4d2-e1a9e923fb67,8,10.268,agx,hold:agx:hysteresis_or_improvement_gate,ok,67.0,1788493130.2745411,44.812,974.139,1153.336,0.0
False,0.0,1,1400.994,"{""agx"": 2744.922, ""nano"": 991.66, ""spark"": 1869.32}",1788493131.7168403,8,37.126,request_completed,increasing,False,871.0,0.0,1373.715,cached_on_demand,1321098329,0.0,0.0,ACTIVE,concurrency_8,etri-ser0001-cg0msb,dynamic,2744.922,5,19.336,,73fe5f2d-d71c-476a-9711-9d6449a17448,8,10.134,agx,hold:agx:hysteresis_or_improvement_gate,ok,67.0,1788493130.3158455,44.094,1037.363,1219.34,0.0
False,0.0,1,1447.128,"{""agx"": 2420.673, ""nano"": 979.512, ""spark"": 1858.609}",1788493131.9262748,8,37.855,request_completed,increasing,False,871.0,0.0,1373.762,cached_on_demand,1321098329,0.0,0.0,ACTIVE,concurrency_8,etri-ser0001-cg0msb,dynamic,2420.673,5,19.336,,ae5190b4-ad20-47c8-80a4-baa99d19888c,8,11.581,agx,hold:agx:hysteresis_or_improvement_gate,ok,65.0,1788493130.4791467,44.649,1126.554,1306.322,0.0
False,0.0,1,1446.584,"{""agx"": 2175.663, ""nano"": 952.316, ""spark"": 1866.875}",1788493132.1311903,8,37.612,request_completed,increasing,False,871.0,0.0,1373.809,cached_on_demand,1321098329,0.0,0.0,ACTIVE,concurrency_8,etri-ser0001-cg0msb,dynamic,2175.663,5,19.336,,1603b250-2b97-4a12-a69b-4f6bfbc42591,8,9.758,agx,hold:agx:hysteresis_or_improvement_gate,ok,68.0,1788493130.6846063,45.308,1179.569,1356.561,0.0
False,0.0,1,1611.406,"{""agx"": 2484.255, ""nano"": 455.404, ""spark"": 1856.763}",1788493132.3337202,8,41.304,request_completed,increasing,False,871.0,0.0,1373.809,cached_on_demand,1321098329,0.0,0.0,ACTIVE,concurrency_8,etri-ser0001-cg0msb,dynamic,2484.255,6,19.336,,c69f2106-8c53-4fd1-836a-d50f09cf87f0,8,8.935,agx,hold:agx:hysteresis_or_improvement_gate,ok,66.0,1788493130.7223136,45.727,1343.8,1519.325,0.0
False,0.0,1,1637.657,"{""agx"": 2283.977, ""nano"": 459.121, ""spark"": 1866.901}",1788493132.531211,8,38.462,request_completed,increasing,False,871.0,0.0,1373.855,cached_on_demand,1321098329,0.0,0.0,ACTIVE,concurrency_8,etri-ser0001-cg0msb,dynamic,2283.977,6,19.336,,9eb4b702-8fe3-4791-8059-5a99722a4d45,8,9.857,agx,hold:agx:hysteresis_or_improvement_gate,ok,67.0,1788493130.8935542,47.042,1408.425,1578.853,0.0
False,0.0,1,1631.809,"{""agx"": 2126.476, ""nano"": 458.681, ""spark"": 1867.342}",1788493132.7315428,8,48.299,request_completed,increasing,False,871.0,0.0,1373.898,cached_on_demand,1321098329,0.0,0.0,ACTIVE,concurrency_8,etri-ser0001-cg0msb,dynamic,2126.476,6,19.315,,463860cd-b3c6-4d91-b733-c70b83ea1542,8,7.884,agx,hold:agx:hysteresis_or_improvement_gate,ok,68.0,1788493131.0997336,46.262,1402.331,1575.585,0.0
False,0.0,1,1627.213,"{""agx"": 2002.832, ""nano"": 457.906, ""spark"": 1866.297}",1788493132.9295135,8,35.5,request_completed,increasing,False,871.0,0.0,1373.941,cached_on_demand,1321098329,0.0,0.0,ACTIVE,concurrency_8,etri-ser0001-cg0msb,dynamic,2002.832,6,19.313,,8c3e0970-121b-44cc-8e99-654bc8c2ac87,8,9.528,agx,hold:agx:hysteresis_or_improvement_gate,ok,68.0,1788493131.3023005,46.899,1400.31,1571.249,0.0
False,0.0,1,1623.666,"{""agx"": 1916.699, ""nano"": 458.55, ""spark"": 1867.343}",1788493133.1319585,8,42.191,request_completed,increasing,False,871.0,0.0,1373.984,cached_on_demand,1321098329,0.0,0.0,ACTIVE,concurrency_8,etri-ser0001-cg0msb,dynamic,1916.699,6,19.314,,7fa4162c-fab2-41e2-a916-b67dba931355,8,10.355,agx,hold:agx:hysteresis_or_improvement_gate,ok,68.0,1788493131.5082932,45.822,1388.699,1563.733,0.0
False,0.0,1,1615.917,"{""agx"": 1860.307, ""nano"": 458.217, ""spark"": 1866.374}",1788493133.3336513,8,47.106,request_completed,increasing,False,871.0,0.0,1374.023,cached_on_demand,1321098329,0.0,0.0,ACTIVE,concurrency_8,etri-ser0001-cg0msb,dynamic,1860.307,6,19.314,,97f3aaf1-964f-4254-8e11-56c4aae1dc2f,8,10.819,agx,hold:agx:hysteresis_or_improvement_gate,ok,69.0,1788493131.7177346,45.812,1380.852,1555.71,0.0
False,0.0,1,1602.304,"{""agx"": 1814.452, ""nano"": 458.719, ""spark"": 1857.953}",1788493133.529602,8,42.222,request_completed,increasing,False,871.0,0.0,1374.051,cached_on_demand,1321098329,0.0,0.0,ACTIVE,concurrency_8,etri-ser0001-cg0msb,dynamic,1814.452,6,19.314,,dd170843-2b7c-4b8f-a9a0-e305b1a8c381,8,8.964,agx,hold:agx:hysteresis_or_improvement_gate,ok,69.0,1788493131.927298,47.444,1385.189,1554.153,0.0
False,0.0,1,1599.496,"{""agx"": 1773.744, ""nano"": 457.069, ""spark"": 1864.281}",1788493133.731793,8,37.895,request_completed,increasing,False,871.0,0.0,1374.078,cached_on_demand,1321098329,0.0,0.0,ACTIVE,concurrency_8,etri-ser0001-cg0msb,dynamic,1773.744,6,19.321,,59a7fd29-cb78-4d47-a461-32ec226ec042,8,9.584,agx,hold:agx:hysteresis_or_improvement_gate,ok,70.0,1788493132.1322968,45.811,1371.281,1546.355,0.0
False,0.0,1,1600.068,"{""agx"": 1736.924, ""nano"": 459.772, ""spark"": 1867.553}",1788493133.934934,8,36.0,request_completed,increasing,False,871.0,0.0,1374.105,cached_on_demand,1321098329,0.0,0.0,ACTIVE,concurrency_8,etri-ser0001-cg0msb,dynamic,1736.924,6,19.324,,27ffcc67-3af1-4c6f-98fc-bc57f40c952e,8,9.14,agx,hold:agx:hysteresis_or_improvement_gate,ok,70.0,1788493132.3348656,45.849,1366.4,1541.075,0.0
False,0.0,1,1604.669,"{""agx"": 1699.524, ""nano"": 460.853, ""spark"": 1859.275}",1788493134.1370196,8,36.268,request_completed,increasing,False,871.0,0.0,1374.129,cached_on_demand,1321098329,0.0,0.0,ACTIVE,concurrency_8,etri-ser0001-cg0msb,dynamic,1699.524,6,19.324,,5be94f58-72a2-4a16-bda8-6263e51cae59,8,9.012,agx,hold:agx:hysteresis_or_improvement_gate,ok,73.0,1788493132.5323503,45.846,1377.482,1552.309,0.0
False,0.0,1,1606.005,"{""agx"": 1677.659, ""nano"": 460.327, ""spark"": 1865.835}",1788493134.3387492,8,37.029,request_completed,increasing,False,871.0,0.0,1374.156,cached_on_demand,1321098329,0.0,0.0,ACTIVE,concurrency_8,etri-ser0001-cg0msb,dynamic,1677.659,6,19.315,,7fcdeb80-6090-4372-b4a0-bdd02fddbdc8,8,9.011,agx,hold:agx:hysteresis_or_improvement_gate,ok,70.0,1788493132.7327442,45.857,1372.328,1547.096,0.0
False,0.0,1,1604.981,"{""agx"": 1656.567, ""nano"": 459.142, ""spark"": 1867.366}",1788493134.5356648,8,36.58,request_completed,increasing,False,871.0,0.0,1374.18,cached_on_demand,1321098329,0.0,0.0,ACTIVE,concurrency_8,etri-ser0001-cg0msb,dynamic,1656.567,6,19.315,,798f84f2-6d4f-4162-8c02-82efc9f50323,8,9.879,agx,hold:agx:hysteresis_or_improvement_gate,ok,69.0,1788493132.9306839,47.168,1376.242,1546.248,0.0
False,0.0,1,1600.919,"{""agx"": 1649.789, ""nano"": 463.182, ""spark"": 1869.512}",1788493134.7339861,8,40.845,request_completed,increasing,False,871.0,0.0,1374.203,cached_on_demand,1321098329,0.0,0.0,ACTIVE,concurrency_8,etri-ser0001-cg0msb,dynamic,1649.789,6,19.318,,32fa0a3e-2690-4c07-a7fa-01293669c2bc,8,10.077,agx,hold:agx:hysteresis_or_improvement_gate,ok,69.0,1788493133.1330676,46.842,1363.502,1534.583,0.0
False,0.0,1,1595.724,"{""agx"": 1642.559, ""nano"": 466.322, ""spark"": 1866.3}",1788493134.9304295,8,35.766,request_completed,increasing,False,871.0,0.0,1374.227,cached_on_demand,1321098329,0.0,0.0,ACTIVE,concurrency_8,etri-ser0001-cg0msb,dynamic,1642.559,6,19.319,,ca7db6a7-589c-4d45-a29b-1721f1cf8145,8,9.231,agx,hold:agx:hysteresis_or_improvement_gate,ok,70.0,1788493133.3347056,47.229,1360.983,1530.713,0.0
False,0.0,1,1602.552,"{""agx"": 1626.241, ""nano"": 460.073, ""spark"": 1867.257}",1788493135.1333127,8,35.255,request_completed,increasing,False,871.0,0.0,1374.246,cached_on_demand,1321098329,0.0,0.0,ACTIVE,concurrency_8,etri-ser0001-cg0msb,dynamic,1626.241,6,19.319,,74edd631-79d9-43df-98cf-af806b6c289a,8,9.849,agx,hold:agx:hysteresis_or_improvement_gate,ok,70.0,1788493133.5307608,45.602,1367.229,1542.987,0.0
False,0.0,1,1598.907,"{""agx"": 1626.831, ""nano"": 460.7, ""spark"": 1867.557}",1788493135.3318784,8,42.531,request_completed,increasing,False,871.0,0.0,1374.262,cached_on_demand,1321098329,0.0,0.0,ACTIVE,concurrency_8,etri-ser0001-cg0msb,dynamic,1626.831,6,19.303,,44608f83-ca0f-4317-95f0-9551e3ddb4e8,8,10.479,agx,hold:agx:hysteresis_or_improvement_gate,ok,69.0,1788493133.732971,46.695,1364.62,1536.159,0.0
False,0.0,1,1591.6,"{""agx"": 1628.31, ""nano"": 459.663, ""spark"": 1866.594}",1788493135.527655,8,36.59,request_completed,increasing,False,871.0,0.0,1374.266,cached_on_demand,1321098329,0.0,0.0,ACTIVE,concurrency_8,etri-ser0001-cg0msb,dynamic,1628.31,6,19.303,,beb7fb8b-fd97-4918-ad1f-f44b7d7ac830,8,9.862,agx,hold:agx:hysteresis_or_improvement_gate,ok,69.0,1788493133.9360545,47.423,1364.24,1533.24,0.0
False,0.0,1,1594.821,"{""agx"": 1626.453, ""nano"": 463.652, ""spark"": 1858.509}",1788493135.7329624,8,39.837,request_completed,increasing,False,871.0,0.0,1374.27,cached_on_demand,1321098329,0.0,0.0,ACTIVE,concurrency_8,etri-ser0001-cg0msb,dynamic,1626.453,6,19.306,,5c8a9304-5416-47f2-ab54-06f60d7d3d93,8,8.653,agx,hold:agx:hysteresis_or_improvement_gate,ok,70.0,1788493134.138141,44.931,1362.323,1540.746,0.0
False,0.0,1,1595.17,"{""agx"": 1626.07, ""nano"": 461.499, ""spark"": 1866.056}",1788493135.9350038,8,36.054,request_completed,increasing,False,871.0,0.0,1374.273,cached_on_demand,1321098329,0.0,0.0,ACTIVE,concurrency_8,etri-ser0001-cg0msb,dynamic,1626.07,6,19.308,,0abcc26b-e0cd-4f94-95e5-816716255ca9,8,9.278,agx,hold:agx:hysteresis_or_improvement_gate,ok,69.0,1788493134.3398333,46.128,1336.678,1510.339,0.0
False,0.0,1,1600.304,"{""agx"": 1616.295, ""nano"": 466.885, ""spark"": 1866.822}",1788493136.1371298,8,35.697,request_completed,increasing,False,871.0,0.0,1374.277,cached_on_demand,1321098329,0.0,0.0,ACTIVE,concurrency_8,etri-ser0001-cg0msb,dynamic,1616.295,6,19.306,,cbecac7b-1698-4268-a140-2229cbf7e24c,8,10.239,agx,hold:agx:hysteresis_or_improvement_gate,ok,69.0,1788493134.5368257,45.767,1358.589,1533.728,0.0
False,0.0,1,1603.311,"{""agx"": 1610.46, ""nano"": 468.934, ""spark"": 1860.437}",1788493136.338441,8,35.565,request_completed,increasing,False,871.0,0.0,1374.281,cached_on_demand,1321098329,0.0,0.0,ACTIVE,concurrency_8,etri-ser0001-cg0msb,dynamic,1610.46,6,19.304,,2f13cb05-c84b-4615-b552-314a3e421b68,8,9.428,agx,hold:agx:hysteresis_or_improvement_gate,ok,70.0,1788493134.73513,45.96,1366.23,1540.717,0.0
False,0.0,1,1605.84,"{""agx"": 1602.677, ""nano"": 463.254, ""spark"": 1861.111}",1788493136.5374017,8,35.619,request_completed,increasing,False,871.0,0.0,1374.285,cached_on_demand,1321098329,0.0,0.0,ACTIVE,concurrency_8,etri-ser0001-cg0msb,dynamic,1602.677,6,19.304,,c0814c56-dcdd-4c2a-b7d5-fde202f974fb,8,9.277,agx,hold:agx:hysteresis_or_improvement_gate,ok,70.0,1788493134.9315617,46.647,1377.674,1549.533,0.0
False,0.0,1,1605.815,"{""agx"": 1609.904, ""nano"": 467.774, ""spark"": 1864.494}",1788493136.7402565,8,39.437,request_completed,increasing,False,871.0,0.0,1374.289,cached_on_demand,1321098329,0.0,0.0,ACTIVE,concurrency_8,etri-ser0001-cg0msb,dynamic,1609.904,6,19.303,,9e7c77b5-bdbd-457e-928d-b40c85bdbcd3,8,9.272,agx,hold:agx:hysteresis_or_improvement_gate,ok,70.0,1788493135.1344414,45.634,1362.326,1538.007,0.0
False,0.0,1,1614.44,"{""agx"": 1606.787, ""nano"": 459.941, ""spark"": 1863.779}",1788493136.947333,8,35.758,request_completed,increasing,False,871.0,0.0,1374.293,cached_on_demand,1321098329,0.0,0.0,ACTIVE,concurrency_8,etri-ser0001-cg0msb,dynamic,1606.787,6,19.302,,0fc11ca1-d657-43a8-8ec8-74d27f1e4d8d,8,9.163,agx,hold:agx:hysteresis_or_improvement_gate,ok,70.0,1788493135.3328927,44.916,1379.517,1557.857,0.0
False,0.0,1,1624.91,"{""agx"": 1600.124, ""nano"": 461.188, ""spark"": 1869.308}",1788493137.1536853,8,35.181,request_completed,increasing,False,871.0,0.0,1374.297,cached_on_demand,1321098329,0.0,0.0,ACTIVE,concurrency_8,etri-ser0001-cg0msb,dynamic,1600.124,6,19.298,,543f16aa-5e61-4310-9100-0083d457b515,8,10.708,agx,hold:agx:hysteresis_or_improvement_gate,ok,70.0,1788493135.528775,44.663,1379.909,1559.427,0.0
False,0.0,1,1622.947,"{""agx"": 1610.593, ""nano"": 466.633, ""spark"": 1865.149}",1788493137.3570046,8,44.91,request_completed,increasing,False,871.0,0.0,1374.301,cached_on_demand,1321098329,0.0,0.0,ACTIVE,concurrency_8,etri-ser0001-cg0msb,dynamic,1610.593,6,19.298,,b65a5a17-b059-43c8-af54-37d4150e1eb7,8,8.113,agx,hold:agx:hysteresis_or_improvement_gate,ok,70.0,1788493135.734058,45.65,1382.899,1558.412,0.0
False,0.0,1,1631.323,"{""agx"": 1615.591, ""nano"": 463.091, ""spark"": 1866.935}",1788493137.5674484,8,36.82,request_completed,increasing,False,871.0,0.0,1374.305,cached_on_demand,1321098329,0.0,0.0,ACTIVE,concurrency_8,etri-ser0001-cg0msb,dynamic,1615.591,6,19.299,,8c9973fb-4f7c-4d83-9533-06bbacbddc5a,8,9.895,agx,hold:agx:hysteresis_or_improvement_gate,ok,70.0,1788493135.9361253,44.127,1384.81,1566.37,0.0
False,0.0,1,1639.297,"{""agx"": 1617.928, ""nano"": 466.931, ""spark"": 1862.693}",1788493137.7775602,8,39.754,request_completed,increasing,False,871.0,0.0,1374.309,cached_on_demand,1321098329,0.0,0.0,ACTIVE,concurrency_8,etri-ser0001-cg0msb,dynamic,1617.928,6,19.301,,b4a355ce-8eb0-44ee-8095-7f1aacb8eb5e,8,9.648,agx,hold:agx:hysteresis_or_improvement_gate,ok,70.0,1788493136.1382635,44.281,1394.067,1575.092,0.0
False,0.0,1,1646.087,"{""agx"": 1617.608, ""nano"": 463.661, ""spark"": 1872.178}",1788493137.9856617,8,58.333,request_completed,increasing,False,871.0,0.0,1374.312,cached_on_demand,1321098329,0.0,0.0,ACTIVE,concurrency_8,etri-ser0001-cg0msb,dynamic,1617.608,6,19.302,,93846fcb-fb45-4a02-be45-baa6e72946fa,8,8.992,agx,hold:agx:hysteresis_or_improvement_gate,ok,70.0,1788493136.339575,44.742,1392.564,1571.689,0.0
False,0.0,1,1655.839,"{""agx"": 1614.081, ""nano"": 466.66, ""spark"": 1864.28}",1788493138.1944106,8,35.974,request_completed,increasing,False,871.0,0.0,1374.316,cached_on_demand,1321098329,0.0,0.0,ACTIVE,concurrency_8,etri-ser0001-cg0msb,dynamic,1614.081,6,19.3,,8f859317-294d-4015-8bc3-17a168094507,8,9.913,agx,hold:agx:hysteresis_or_improvement_gate,ok,70.0,1788493136.5385716,44.319,1411.869,1592.764,0.0
False,0.0,1,1653.175,"{""agx"": 1618.755, ""nano"": 465.405, ""spark"": 1858.401}",1788493138.394426,8,42.387,request_completed,increasing,False,871.0,0.0,1374.32,cached_on_demand,1321098329,0.0,0.0,ACTIVE,concurrency_8,etri-ser0001-cg0msb,dynamic,1618.755,6,19.297,,de2968ec-9478-4d34-9098-5a0e852adb90,8,9.819,agx,hold:agx:hysteresis_or_improvement_gate,ok,85.0,1788493136.741251,46.357,1421.325,1594.157,0.0
False,0.0,1,1647.944,"{""agx"": 1629.106, ""nano"": 463.305, ""spark"": 1860.049}",1788493138.596432,8,40.166,request_completed,increasing,False,871.0,0.0,1374.32,cached_on_demand,1321098329,0.0,0.0,ACTIVE,concurrency_8,etri-ser0001-cg0msb,dynamic,1629.106,6,19.303,,d92a0356-2fae-4f8f-9bf3-b0e01267fefc,8,8.714,agx,hold:agx:hysteresis_or_improvement_gate,ok,75.0,1788493136.9484875,45.944,1418.833,1593.342,0.0
False,0.0,1,1643.234,"{""agx"": 1639.03, ""nano"": 467.061, ""spark"": 1868.719}",1788493138.7980843,8,42.659,request_completed,increasing,False,871.0,0.0,1374.32,cached_on_demand,1321098329,0.0,0.0,ACTIVE,concurrency_8,etri-ser0001-cg0msb,dynamic,1639.03,6,19.31,,ffcc0baf-5e1a-44b3-b654-90dc2dac91ea,8,11.214,agx,hold:agx:hysteresis_or_improvement_gate,ok,76.0,1788493137.1548502,45.917,1396.934,1571.559,0.0
False,0.0,1,1640.711,"{""agx"": 1636.858, ""nano"": 464.748, ""spark"": 1867.39}",1788493138.999019,8,40.066,request_completed,increasing,False,871.0,0.0,1374.32,cached_on_demand,1321098329,0.0,0.0,ACTIVE,concurrency_8,etri-ser0001-cg0msb,dynamic,1636.858,6,19.325,,57d05352-c9d4-4f7e-977c-5155a7a45f86,8,9.618,agx,hold:agx:hysteresis_or_improvement_gate,ok,77.0,1788493137.3583078,46.19,1402.404,1575.923,0.0
False,0.0,1,1632.59,"{""agx"": 1651.942, ""nano"": 466.843, ""spark"": 1868.396}",1788493139.201231,8,41.146,request_completed,increasing,False,871.0,0.0,1374.324,cached_on_demand,1321098329,0.0,0.0,ACTIVE,concurrency_8,etri-ser0001-cg0msb,dynamic,1651.942,6,19.323,,0f6410f9-8596-423f-a5b0-ad609fe06552,8,10.79,agx,hold:agx:hysteresis_or_improvement_gate,ok,70.0,1788493137.568641,45.706,1384.311,1559.68,0.0
False,0.0,1,1620.697,"{""agx"": 1661.244, ""nano"": 466.64, ""spark"": 1858.557}",1788493139.399332,8,49.801,request_completed,increasing,False,871.0,0.0,1374.328,cached_on_demand,1321098329,0.0,0.0,ACTIVE,concurrency_8,etri-ser0001-cg0msb,dynamic,1661.244,6,19.333,,07e1f3ff-2123-4595-943f-126a86f04860,8,10.18,agx,hold:agx:hysteresis_or_improvement_gate,ok,72.0,1788493137.7786348,46.786,1387.99,1559.233,0.0
False,0.0,1,1610.031,"{""agx"": 1664.966, ""nano"": 467.135, ""spark"": 1868.343}",1788493139.596856,8,39.638,request_completed,increasing,False,871.0,0.0,1374.332,cached_on_demand,1321098329,0.0,0.0,ACTIVE,concurrency_8,etri-ser0001-cg0msb,dynamic,1664.966,6,19.341,,4556688b-7352-4b02-964b-e232d020a981,8,10.822,agx,hold:agx:hysteresis_or_improvement_gate,ok,72.0,1788493137.9868252,46.945,1368.139,1538.805,0.0
False,0.0,1,1602.692,"{""agx"": 1667.662, ""nano"": 466.223, ""spark"": 1869.703}",1788493139.798294,8,41.752,request_completed,increasing,False,871.0,0.0,1374.336,cached_on_demand,1321098329,0.0,0.0,ACTIVE,concurrency_8,etri-ser0001-cg0msb,dynamic,1667.662,6,19.346,,4ccd4f76-5661-4fff-bb45-8e947cb81ba1,8,9.862,agx,hold:agx:hysteresis_or_improvement_gate,ok,72.0,1788493138.1956022,45.941,1356.642,1531.108,0.0
False,0.0,1,1600.379,"{""agx"": 1651.97, ""nano"": 466.947, ""spark"": 1857.864}",1788493139.9958909,8,39.744,request_completed,increasing,False,871.0,0.0,1374.34,cached_on_demand,1321098329,0.0,0.0,ACTIVE,concurrency_8,etri-ser0001-cg0msb,dynamic,1651.97,6,19.349,,5d94b580-f1f7-4e18-a7fe-fcb996b05a33,8,8.522,agx,hold:agx:hysteresis_or_improvement_gate,ok,70.0,1788493138.3955119,46.993,1372.69,1543.314,0.0
False,0.0,1,1599.16,"{""agx"": 1645.8, ""nano"": 462.468, ""spark"": 1868.466}",1788493140.196778,8,37.5,request_completed,increasing,False,871.0,0.0,1374.34,cached_on_demand,1321098329,0.0,0.0,ACTIVE,concurrency_8,etri-ser0001-cg0msb,dynamic,1645.8,6,19.348,,a730a4ab-54cc-4ce5-bed2-1e9666044db9,8,9.696,agx,hold:agx:hysteresis_or_improvement_gate,ok,72.0,1788493138.5976179,46.152,1362.475,1536.152,0.0
False,0.0,1,1594.158,"{""agx"": 1640.278, ""nano"": 466.987, ""spark"": 1868.367}",1788493140.3934004,8,37.576,request_completed,increasing,False,871.0,0.0,1374.34,cached_on_demand,1321098329,0.0,0.0,ACTIVE,concurrency_8,etri-ser0001-cg0msb,dynamic,1640.278,6,19.348,,e8332766-caea-4f82-a1a4-88cb6d8d167c,8,10.086,agx,hold:agx:hysteresis_or_improvement_gate,ok,72.0,1788493138.799242,47.254,1355.095,1524.716,0.0
False,0.0,1,1591.975,"{""agx"": 1634.286, ""nano"": 465.286, ""spark"": 1867.057}",1788493140.5921178,8,37.945,request_completed,increasing,False,871.0,0.0,1374.34,cached_on_demand,1321098329,0.0,0.0,ACTIVE,concurrency_8,etri-ser0001-cg0msb,dynamic,1634.286,6,19.303,,416379fd-bf4e-4815-88cd-79f04e8cf571,8,9.95,agx,hold:agx:hysteresis_or_improvement_gate,ok,70.0,1788493139.0001423,46.845,1353.315,1524.527,0.0
False,0.0,1,1594.224,"{""agx"": 1632.516, ""nano"": 464.863, ""spark"": 1867.387}",1788493140.796632,8,40.586,request_completed,increasing,False,871.0,0.0,1374.34,cached_on_demand,1321098329,0.0,0.0,ACTIVE,concurrency_8,etri-ser0001-cg0msb,dynamic,1632.516,6,19.302,,9ba127b9-61f9-4573-81d5-6ae2393f158c,8,9.988,agx,hold:agx:hysteresis_or_improvement_gate,ok,72.0,1788493139.202408,45.284,1352.681,1529.661,0.0
False,0.0,1,1605.088,"{""agx"": 1622.473, ""nano"": 463.603, ""spark"": 1867.189}",1788493141.0054882,8,38.095,request_completed,increasing,False,871.0,0.0,1374.34,cached_on_demand,1321098329,0.0,0.0,ACTIVE,concurrency_8,etri-ser0001-cg0msb,dynamic,1622.473,6,19.304,,3757f369-37a9-4f09-b698-2a1d8ec1a0f1,8,9.425,agx,hold:agx:hysteresis_or_improvement_gate,ok,72.0,1788493139.4004002,44.23,1344.372,1525.494,0.0
False,0.0,1,1611.629,"{""agx"": 1614.138, ""nano"": 462.253, ""spark"": 1865.65}",1788493141.2095056,8,35.849,request_completed,increasing,False,871.0,0.0,1374.34,cached_on_demand,1321098329,0.0,0.0,ACTIVE,concurrency_8,etri-ser0001-cg0msb,dynamic,1614.138,6,19.301,,311d8ea1-40f7-4307-a6de-15e001f010b0,8,9.458,agx,hold:agx:hysteresis_or_improvement_gate,ok,72.0,1788493139.5978763,45.572,1372.99,1548.858,0.0
False,0.0,1,1615.062,"{""agx"": 1616.404, ""nano"": 465.97, ""spark"": 1868.913}",1788493141.4144208,8,43.685,request_completed,increasing,False,871.0,0.0,1374.34,cached_on_demand,1321098329,0.0,0.0,ACTIVE,concurrency_8,etri-ser0001-cg0msb,dynamic,1616.404,6,19.301,,011e1242-424f-4cac-8593-d5d23b306686,8,10.26,agx,hold:agx:hysteresis_or_improvement_gate,ok,73.0,1788493139.7993584,45.043,1366.265,1544.187,0.0
False,0.0,1,1623.79,"{""agx"": 1608.919, ""nano"": 464.169, ""spark"": 1865.23}",1788493141.620808,8,36.093,request_completed,increasing,False,871.0,0.0,1374.34,cached_on_demand,1321098329,0.0,0.0,ACTIVE,concurrency_8,etri-ser0001-cg0msb,dynamic,1608.919,6,19.301,,0dfe812e-470d-46bc-8449-d33f206d5b2c,8,9.527,agx,hold:agx:hysteresis_or_improvement_gate,ok,72.0,1788493139.9970176,45.023,1382.782,1560.692,0.0
False,0.0,1,1635.586,"{""agx"": 1611.401, ""nano"": 465.513, ""spark"": 1867.114}",1788493141.8335707,8,39.501,request_completed,increasing,False,871.0,0.0,1374.34,cached_on_demand,1321098329,0.0,0.0,ACTIVE,concurrency_8,etri-ser0001-cg0msb,dynamic,1611.401,6,19.302,,ef3d7db8-1fee-4b5e-9c96-918647fe7764,8,10.337,agx,hold:agx:hysteresis_or_improvement_gate,ok,72.0,1788493140.1979847,43.236,1381.614,1566.861,0.0
False,0.0,0,280.91,"{""agx"": 213.941, ""nano"": 469.192, ""spark"": 1866.592}",1788493142.1167114,16,43.0,request_completed,increasing,False,871.0,0.0,1374.34,cached_on_demand,1321098329,0.0,0.0,ACTIVE,concurrency_16,etri-ser0001-cg0msb,dynamic,213.941,0,19.277,,e31b7799-80df-4b9c-80f0-f0f1464a64f5,16,7.679,agx,hold:agx:hysteresis_or_improvement_gate,ok,84.0,1788493141.8358011,43.121,28.572,213.664,0.0
False,0.0,1,487.486,"{""agx"": 421.53, ""nano"": 461.013, ""spark"": 1858.244}",1788493142.3235257,16,39.416,request_completed,increasing,False,871.0,0.0,1374.34,cached_on_demand,1321098329,0.0,0.0,ACTIVE,concurrency_16,etri-ser0001-cg0msb,dynamic,421.53,0,19.277,,1ef8ff75-6ff8-4496-b82d-059723fbbe8b,16,9.006,agx,hold:agx:hysteresis_or_improvement_gate,ok,78.0,1788493141.83604,45.421,193.241,369.974,0.0
False,0.0,1,692.954,"{""agx"": 627.825, ""nano"": 460.479, ""spark"": 1864.409}",1788493142.5294883,16,42.5,request_completed,increasing,False,871.0,0.0,1374.34,cached_on_demand,1321098329,0.0,0.0,ACTIVE,concurrency_16,etri-ser0001-cg0msb,dynamic,627.825,1,19.277,,44920b4f-6f92-486e-93a9-df4907465d6e,16,9.039,agx,hold:agx:hysteresis_or_improvement_gate,ok,70.0,1788493141.8365347,44.916,340.569,518.969,0.0
False,0.0,1,895.338,"{""agx"": 835.094, ""nano"": 461.038, ""spark"": 1867.413}",1788493142.7319834,16,41.176,request_completed,increasing,False,871.0,0.0,1374.34,cached_on_demand,1321098329,0.0,0.0,ACTIVE,concurrency_16,etri-ser0001-cg0msb,dynamic,835.094,2,19.277,,59f9a420-36bd-4ac2-86ee-945788cf1694,16,10.046,agx,hold:agx:hysteresis_or_improvement_gate,ok,72.0,1788493141.836645,45.744,477.788,653.023,0.0
False,0.0,1,1094.227,"{""agx"": 1041.853, ""nano"": 462.602, ""spark"": 1867.297}",1788493142.9310308,16,46.061,request_completed,increasing,False,871.0,0.0,1374.34,cached_on_demand,1321098329,0.0,0.0,ACTIVE,concurrency_16,etri-ser0001-cg0msb,dynamic,1041.853,3,19.281,,91e826d0-5d08-4760-8ec2-4e5f174ae72b,16,10.543,agx,hold:agx:hysteresis_or_improvement_gate,ok,82.0,1788493141.8368042,46.6,612.464,784.613,0.0
False,0.0,1,1294.844,"{""agx"": 1049.106, ""nano"": 461.224, ""spark"": 1858.968}",1788493143.1320553,16,49.057,request_completed,increasing,False,871.0,0.0,1374.34,cached_on_demand,1321098329,0.0,0.0,ACTIVE,concurrency_16,etri-ser0001-cg0msb,dynamic,1049.106,3,19.282,,42ef0838-d7a5-4caf-984e-06afca3624ad,16,8.551,agx,hold:agx:hysteresis_or_improvement_gate,ok,73.0,1788493141.837211,46.197,759.949,933.599,0.0
False,0.0,1,1491.931,"{""agx"": 1258.168, ""nano"": 466.744, ""spark"": 1867.775}",1788493143.3292713,16,42.222,request_completed,increasing,False,871.0,0.0,1374.34,cached_on_demand,1321098329,0.0,0.0,ACTIVE,concurrency_16,etri-ser0001-cg0msb,dynamic,1258.168,4,19.283,,b8600360-0cb4-4aa8-b60a-0a2898123b91,16,9.502,agx,hold:agx:hysteresis_or_improvement_gate,ok,72.0,1788493141.8373408,47.121,894.162,1064.204,0.0
False,0.0,1,1694.326,"{""agx"": 1465.49, ""nano"": 460.999, ""spark"": 1863.61}",1788493143.5318995,16,41.304,request_completed,increasing,False,871.0,0.0,1374.34,cached_on_demand,1321098329,0.0,0.0,ACTIVE,concurrency_16,etri-ser0001-cg0msb,dynamic,1465.49,5,19.283,,d982264f-68d0-4f7e-8abb-d3d7b76b2138,16,8.713,agx,hold:agx:hysteresis_or_improvement_gate,ok,73.0,1788493141.8375733,45.786,1038.053,1213.125,0.0
False,0.0,1,1906.342,"{""agx"": 1464.437, ""nano"": 458.817, ""spark"": 1866.48}",1788493143.744167,16,41.406,request_completed,increasing,False,871.0,0.0,1374.344,cached_on_demand,1321098329,0.0,0.0,ACTIVE,concurrency_16,etri-ser0001-cg0msb,dynamic,1464.437,5,19.283,,a5617f18-0fe1-4d2b-b0c1-01fa02e8366a,16,9.305,agx,hold:agx:hysteresis_or_improvement_gate,ok,73.0,1788493141.8378246,43.739,1185.336,1368.541,0.0
False,0.0,1,2111.159,"{""agx"": 1673.324, ""nano"": 461.512, ""spark"": 1868.04}",1788493143.949202,16,40.741,request_completed,increasing,False,871.0,0.0,1374.344,cached_on_demand,1321098329,0.0,0.0,ACTIVE,concurrency_16,etri-ser0001-cg0msb,dynamic,1673.324,6,19.283,,e0ef838f-711b-43af-a0d4-83055f4724ab,16,10.316,agx,hold:agx:hysteresis_or_improvement_gate,ok,72.0,1788493141.8380427,45.346,1336.581,1513.283,0.0
False,0.0,1,2313.667,"{""agx"": 1881.208, ""nano"": 460.235, ""spark"": 1861.691}",1788493144.1519272,16,40.816,request_completed,increasing,False,871.0,0.0,1374.344,cached_on_demand,1321098329,0.0,0.0,ACTIVE,concurrency_16,etri-ser0001-cg0msb,dynamic,1881.208,7,19.283,,597462c7-bded-4e8e-902b-05f96340fd81,16,10.324,agx,hold:agx:hysteresis_or_improvement_gate,ok,72.0,1788493141.838261,45.782,1485.798,1660.89,0.0
False,0.0,1,2510.319,"{""agx"": 2087.545, ""nano"": 462.79, ""spark"": 1857.023}",1788493144.3489573,16,43.411,request_completed,increasing,False,871.0,0.0,1374.344,cached_on_demand,1321098329,0.0,0.0,ACTIVE,concurrency_16,etri-ser0001-cg0msb,dynamic,2087.545,8,19.286,,a895227d-77d9-4315-9d8e-af66de7d4782,16,8.785,agx,hold:agx:hysteresis_or_improvement_gate,ok,72.0,1788493141.8386383,47.114,1640.034,1810.184,0.0
False,0.0,1,2710.955,"{""agx"": 2083.134, ""nano"": 459.075, ""spark"": 1868.381}",1788493144.5497532,16,41.667,request_completed,increasing,False,871.0,0.0,1374.344,cached_on_demand,1321098329,0.0,0.0,ACTIVE,concurrency_16,etri-ser0001-cg0msb,dynamic,2083.134,8,19.285,,bc1adec7-fc32-49e6-bcb2-6fec73189c22,16,9.194,agx,hold:agx:hysteresis_or_improvement_gate,ok,73.0,1788493141.838798,46.099,1779.536,1953.327,0.0
False,0.0,1,2910.487,"{""agx"": 2290.2, ""nano"": 463.015, ""spark"": 1861.496}",1788493144.7495027,16,40.667,request_completed,increasing,False,871.0,0.0,1374.344,cached_on_demand,1321098329,0.0,0.0,ACTIVE,concurrency_16,etri-ser0001-cg0msb,dynamic,2290.2,9,19.284,,0375b03f-e19e-4d8b-98fa-776169096fa3,16,8.866,agx,hold:agx:hysteresis_or_improvement_gate,ok,73.0,1788493141.839016,46.611,1925.439,2097.303,0.0
False,0.0,1,3108.682,"{""agx"": 2497.401, ""nano"": 460.153, ""spark"": 1862.598}",1788493144.9479034,16,43.333,request_completed,increasing,False,871.0,0.0,1374.344,cached_on_demand,1321098329,0.0,0.0,ACTIVE,concurrency_16,etri-ser0001-cg0msb,dynamic,2497.401,10,19.284,,eee5a367-568c-4768-9ac2-aeeb812259dc,16,8.673,agx,hold:agx:hysteresis_or_improvement_gate,ok,73.0,1788493141.8392217,46.793,2073.928,2245.17,0.0
False,0.0,1,3313.339,"{""agx"": 2705.446, ""nano"": 461.516, ""spark"": 1863.82}",1788493145.1527927,16,38.525,request_completed,increasing,False,871.0,0.0,1374.344,cached_on_demand,1321098329,0.0,0.0,ACTIVE,concurrency_16,etri-ser0001-cg0msb,dynamic,2705.446,11,19.284,,793b5851-0ba9-4d1a-8e54-4d37fecbc714,16,9.324,agx,hold:agx:hysteresis_or_improvement_gate,ok,70.0,1788493141.8394532,45.087,2219.147,2396.993,0.0
False,0.0,1,3232.888,"{""agx"": 2687.081, ""nano"": 465.865, ""spark"": 1858.281}",1788493145.3508198,16,40.741,request_completed,increasing,False,871.0,0.0,1374.344,cached_on_demand,1321098329,0.0,0.0,ACTIVE,concurrency_16,etri-ser0001-cg0msb,dynamic,2687.081,11,19.284,,9fe145da-b3db-4e4a-bf27-8b0c38b5cd4e,16,7.378,agx,hold:agx:hysteresis_or_improvement_gate,ok,73.0,1788493142.1179318,46.972,2372.953,2543.426,0.0
True,1195.531,0,1545.253,"{""agx"": 3283.949, ""nano"": 471.377, ""spark"": 1866.565}",1788493145.4956284,16,1.266,request_completed,increasing,False,286.0,0.0,0.0,cached_on_demand,1321098329,1188.341,0.0,CACHED,concurrency_16,etri-ser0002-cgnmsb,dynamic,1866.565,0,24.938,1788493145.2219915,e762cba6-4f3a-454b-971d-fa7df44bf215,16,14.428,spark,offload:agx->spark:predicted_improvement=0.432,ok,37.05,1788493143.9503748,46.064,84.634,259.776,0.157
False,0.0,1,3224.349,"{""agx"": 2895.343, ""nano"": 474.234, ""spark"": 1865.375}",1788493145.549012,16,38.095,request_completed,increasing,False,871.0,0.0,1374.344,cached_on_demand,1321098329,0.0,0.0,ACTIVE,concurrency_16,etri-ser0001-cg0msb,dynamic,2895.343,12,19.284,,c763feb4-b398-4a34-8ec4-4d5860c3cc16,16,9.509,agx,hold:agx:hysteresis_or_improvement_gate,ok,73.0,1788493142.324663,46.932,2500.909,2671.617,0.0
False,0.0,1,1548.058,"{""agx"": 2026.107, ""nano"": 465.386, ""spark"": 1348.665}",1788493145.7009945,16,18.301,request_completed,increasing,False,286.0,0.0,1372.953,cached_on_demand,1321098329,0.0,0.0,ACTIVE,concurrency_16,etri-ser0002-cgnmsb,dynamic,1348.665,0,29.338,,c7c0a186-e3fe-4a62-8ec0-9a8f3974e6d9,16,18.549,spark,hold:spark:hysteresis_or_improvement_gate,ok,60.05,1788493144.1529372,45.988,224.192,398.136,0.0
False,0.0,1,3223.74,"{""agx"": 3100.434, ""nano"": 461.041, ""spark"": 1857.029}",1788493145.7543314,16,36.232,request_completed,increasing,False,871.0,0.0,1374.344,cached_on_demand,1321098329,0.0,0.0,ACTIVE,concurrency_16,etri-ser0001-cg0msb,dynamic,3100.434,13,19.284,,cf76bb64-ef8a-4d1b-ac49-2c03cec56447,16,8.469,agx,hold:agx:hysteresis_or_improvement_gate,ok,73.0,1788493142.5305912,45.23,2652.095,2829.459,0.0
False,0.0,1,1552.588,"{""agx"": 2025.221, ""nano"": 461.27, ""spark"": 2005.173}",1788493145.9027407,16,17.692,request_completed,increasing,False,286.0,0.0,1372.953,cached_on_demand,1321098329,0.0,0.0,ACTIVE,concurrency_16,etri-ser0002-cgnmsb,dynamic,2005.173,1,29.339,,6ac4bf34-fa3b-4ce9-9436-842d5bda7bf4,16,9.999,spark,hold:spark:hysteresis_or_improvement_gate,ok,51.05,1788493144.3501525,46.146,373.088,546.731,0.0
False,0.0,1,3219.575,"{""agx"": 3074.402, ""nano"": 460.683, ""spark"": 1858.923}",1788493145.9526296,16,37.736,request_completed,increasing,False,871.0,0.0,1374.344,cached_on_demand,1321098329,0.0,0.0,ACTIVE,concurrency_16,etri-ser0001-cg0msb,dynamic,3074.402,13,19.284,,34b322bf-8b73-4e4c-9230-d5dce206c90e,16,8.987,agx,hold:agx:hysteresis_or_improvement_gate,ok,73.0,1788493142.7330542,46.694,2807.827,2979.342,0.0
False,0.0,1,1554.964,"{""agx"": 1816.579, ""nano"": 460.364, ""spark"": 2677.841}",1788493146.1058457,16,19.58,request_completed,increasing,False,286.0,0.0,1372.953,cached_on_demand,1321098329,0.0,0.0,ACTIVE,concurrency_16,etri-ser0002-cgnmsb,dynamic,2677.841,2,29.339,,2f03e567-60a5-4e8d-99d2-cf132f0f806b,16,17.609,spark,hold:spark:hysteresis_or_improvement_gate,ok,51.05,1788493144.5508833,46.321,514.101,689.101,0.0
False,0.0,1,3221.652,"{""agx"": 3278.41, ""nano"": 460.013, ""spark"": 1865.628}",1788493146.1536584,16,36.441,request_completed,increasing,False,871.0,0.0,1374.344,cached_on_demand,1321098329,0.0,0.0,ACTIVE,concurrency_16,etri-ser0001-cg0msb,dynamic,3278.41,14,19.284,,bfcf5951-e32e-4ed2-8d7d-0f6d6ead083f,16,8.634,agx,hold:agx:hysteresis_or_improvement_gate,ok,73.0,1788493142.932006,46.023,2949.102,3123.289,0.0
False,0.0,1,1563.421,"{""agx"": 1816.927, ""nano"": 459.919, ""spark"": 3342.908}",1788493146.31409,16,18.621,request_completed,increasing,False,286.0,0.0,1372.953,cached_on_demand,1321098329,0.0,0.0,ACTIVE,concurrency_16,etri-ser0002-cgnmsb,dynamic,3342.908,3,29.339,,8c40d71e-e523-4b5e-99f8-d444b9597026,16,17.618,spark,hold:spark:hysteresis_or_improvement_gate,ok,52.0,1788493144.7506702,46.343,661.727,836.815,0.0
False,0.0,1,3220.407,"{""agx"": 3264.998, ""nano"": 462.492, ""spark"": 1869.995}",1788493146.353622,16,41.026,request_completed,increasing,False,871.0,0.0,1374.344,cached_on_demand,1321098329,0.0,0.0,ACTIVE,concurrency_16,etri-ser0001-cg0msb,dynamic,3264.998,14,19.285,,c97baa5e-f74a-458c-b410-84cf58db8e0f,16,9.75,agx,hold:agx:hysteresis_or_improvement_gate,ok,73.0,1788493143.1332145,46.455,2980.154,3152.637,0.0
False,0.0,1,1572.782,"{""agx"": 1816.153, ""nano"": 459.718, ""spark"": 2836.924}",1788493146.521768,16,20.0,request_completed,increasing,False,286.0,0.0,1373.133,cached_on_demand,1321098329,0.0,0.0,ACTIVE,concurrency_16,etri-ser0002-cgnmsb,dynamic,2836.924,3,29.339,,da5e0901-856a-4f76-8098-7c58cc7cbe81,16,18.244,spark,hold:spark:hysteresis_or_improvement_gate,ok,51.05,1788493144.9489865,46.316,809.041,983.301,0.0
False,0.0,1,3222.229,"{""agx"": 3240.822, ""nano"": 465.771, ""spark"": 1869.21}",1788493146.5525277,16,35.208,request_completed,increasing,False,871.0,0.0,1374.344,cached_on_demand,1321098329,0.0,0.0,ACTIVE,concurrency_16,etri-ser0001-cg0msb,dynamic,3240.822,14,19.285,,001283c9-a8d4-4655-8722-20b8faf893ef,16,9.67,agx,hold:agx:hysteresis_or_improvement_gate,ok,73.0,1788493143.3302982,46.67,2978.948,3150.703,0.0
False,0.0,1,1575.371,"{""agx"": 1610.121, ""nano"": 462.919, ""spark"": 3398.064}",1788493146.7292671,16,18.44,request_completed,increasing,False,286.0,0.0,1373.133,cached_on_demand,1321098329,0.0,0.0,ACTIVE,concurrency_16,etri-ser0002-cgnmsb,dynamic,3398.064,4,29.34,,ec8c77dd-643a-47a2-8633-ce201a4769d2,16,15.648,spark,hold:spark:hysteresis_or_improvement_gate,ok,52.05,1788493145.153897,45.777,953.914,1129.095,0.0
False,0.0,1,3224.255,"{""agx"": 3242.37, ""nano"": 463.457, ""spark"": 1859.217}",1788493146.75737,16,43.723,request_completed,increasing,False,871.0,0.0,1374.344,cached_on_demand,1321098329,0.0,0.0,ACTIVE,concurrency_16,etri-ser0001-cg0msb,dynamic,3242.37,14,19.284,,33019f90-62e6-46d0-831f-c2e07afe9145,16,10.098,agx,hold:agx:hysteresis_or_improvement_gate,ok,72.0,1788493143.5331154,45.115,2989.925,3167.695,0.0
False,0.0,1,1582.131,"{""agx"": 1609.515, ""nano"": 464.788, ""spark"": 3954.549}",1788493146.934026,16,20.833,request_completed,increasing,False,286.0,0.0,1373.133,cached_on_demand,1321098329,0.0,0.0,ACTIVE,concurrency_16,etri-ser0002-cgnmsb,dynamic,3954.549,5,29.341,,248e97d0-17c6-4b9a-9686-066fc32c9ace,16,8.397,spark,hold:spark:hysteresis_or_improvement_gate,ok,52.05,1788493145.351895,45.427,1099.961,1276.429,0.0
False,0.0,1,3212.683,"{""agx"": 3283.733, ""nano"": 464.763, ""spark"": 1870.077}",1788493146.9579687,16,47.647,request_completed,increasing,False,871.0,0.0,1374.344,cached_on_demand,1321098329,0.0,0.0,ACTIVE,concurrency_16,etri-ser0001-cg0msb,dynamic,3283.733,14,19.28,,ce024448-3e63-48ad-93f9-ce8c3f545e2b,16,10.853,agx,hold:agx:hysteresis_or_improvement_gate,ok,86.0,1788493143.7452853,46.244,2967.861,3141.225,0.0
False,0.0,1,1639.132,"{""agx"": 1610.656, ""nano"": 463.077, ""spark"": 3328.757}",1788493147.1365082,16,18.519,request_completed,increasing,False,286.0,0.0,1373.312,cached_on_demand,1321098329,0.0,0.0,ACTIVE,concurrency_16,etri-ser0002-cgnmsb,dynamic,3328.757,5,29.345,,b0697215-1c91-413b-a72e-9a0866c7a048,16,9.791,spark,hold:spark:hysteresis_or_improvement_gate,ok,50.05,1788493145.4973764,46.252,1246.693,1421.723,0.0
False,0.0,1,1793.519,"{""agx"": 1610.548, ""nano"": 460.836, ""spark"": 3810.709}",1788493147.343564,16,20.27,request_completed,increasing,False,286.0,0.0,1373.312,cached_on_demand,1321098329,0.0,0.0,ACTIVE,concurrency_16,etri-ser0002-cgnmsb,dynamic,3810.709,6,29.345,,15fb4ab2-f292-4652-8215-21fa6998facf,16,17.605,spark,hold:spark:hysteresis_or_improvement_gate,ok,52.05,1788493145.550046,46.136,1391.411,1565.731,0.0
False,0.0,1,1845.168,"{""agx"": 1419.424, ""nano"": 466.293, ""spark"": 4283.951}",1788493147.5478377,16,20.122,request_completed,increasing,False,286.0,0.0,1373.312,cached_on_demand,1321098329,0.0,0.0,ACTIVE,concurrency_16,etri-ser0002-cgnmsb,dynamic,4283.951,7,29.345,,e76f2448-03c3-4ea9-ae2e-996bcc00a615,16,16.709,spark,hold:spark:hysteresis_or_improvement_gate,ok,52.05,1788493145.7026708,46.26,1528.374,1703.134,0.0
False,0.0,1,1996.485,"{""agx"": 1418.564, ""nano"": 460.093, ""spark"": 4750.185}",1788493147.7520518,16,19.167,request_completed,increasing,False,286.0,0.0,1373.312,cached_on_demand,1321098329,0.0,0.0,ACTIVE,concurrency_16,etri-ser0002-cgnmsb,dynamic,4750.185,8,29.345,,16fa6969-0d87-43f0-904b-447473d901f0,16,8.805,spark,hold:spark:hysteresis_or_improvement_gate,ok,52.05,1788493145.7555661,45.95,1682.603,1857.703,0.0
False,0.0,1,2051.806,"{""agx"": 1418.809, ""nano"": 460.271, ""spark"": 4077.099}",1788493147.9562502,16,19.774,request_completed,increasing,False,286.0,0.0,1373.391,cached_on_demand,1321098329,0.0,0.0,ACTIVE,concurrency_16,etri-ser0002-cgnmsb,dynamic,4077.099,8,29.345,,a0e00857-12f6-43ee-87a9-02bc2e718435,16,17.439,spark,hold:spark:hysteresis_or_improvement_gate,ok,52.05,1788493145.9044445,46.491,1810.688,1983.399,0.0
False,0.0,1,2208.629,"{""agx"": 1212.45, ""nano"": 460.306, ""spark"": 4478.937}",1788493148.1622224,16,18.487,request_completed,increasing,False,286.0,0.0,1373.391,cached_on_demand,1321098329,0.0,0.0,ACTIVE,concurrency_16,etri-ser0002-cgnmsb,dynamic,4478.937,9,29.346,,7dc00518-d5a2-48f9-a3a2-7d971d0f3c90,16,13.311,spark,hold:spark:hysteresis_or_improvement_gate,ok,52.05,1788493145.953593,46.103,1959.359,2133.407,0.0
False,0.0,1,2259.055,"{""agx"": 1213.065, ""nano"": 470.145, ""spark"": 3916.115}",1788493148.366681,16,19.198,request_completed,increasing,False,286.0,0.0,1373.441,cached_on_demand,1321098329,0.0,0.0,ACTIVE,concurrency_16,etri-ser0002-cgnmsb,dynamic,3916.115,9,29.346,,d0cec0f5-2b03-4497-bcfd-394da6ce135b,16,9.3,spark,hold:spark:hysteresis_or_improvement_gate,ok,52.05,1788493146.1076272,46.029,2013.142,2187.781,0.0
False,0.0,1,2415.063,"{""agx"": 1013.001, ""nano"": 463.119, ""spark"": 4269.937}",1788493148.5695822,16,19.853,request_completed,increasing,False,286.0,0.0,1373.441,cached_on_demand,1321098329,0.0,0.0,ACTIVE,concurrency_16,etri-ser0002-cgnmsb,dynamic,4269.937,10,29.347,,eee6be00-cd9b-4c32-a83a-838f0049fbed,16,7.957,spark,hold:spark:hysteresis_or_improvement_gate,ok,52.05,1788493146.1545198,46.426,2154.397,2329.286,0.0
False,0.0,1,2460.609,"{""agx"": 1013.042, ""nano"": 464.114, ""spark"": 3828.287}",1788493148.7766006,16,19.075,request_completed,increasing,False,286.0,0.0,1373.488,cached_on_demand,1321098329,0.0,0.0,ACTIVE,concurrency_16,etri-ser0002-cgnmsb,dynamic,3828.287,10,29.349,,9c7e9385-2303-4d73-bec0-c597985089ea,16,9.635,spark,hold:spark:hysteresis_or_improvement_gate,ok,52.05,1788493146.3159924,46.154,2222.169,2396.669,0.0
False,0.0,1,2626.949,"{""agx"": 810.751, ""nano"": 461.501, ""spark"": 4154.668}",1788493148.9816523,16,18.792,request_completed,increasing,False,286.0,0.0,1373.488,cached_on_demand,1321098329,0.0,0.0,ACTIVE,concurrency_16,etri-ser0002-cgnmsb,dynamic,4154.668,11,29.349,,45c7988c-cecb-4c97-8f2c-d798031465b0,16,17.795,spark,hold:spark:hysteresis_or_improvement_gate,ok,52.05,1788493146.354704,45.993,2364.428,2540.265,0.0
False,0.0,1,2664.369,"{""agx"": 609.672, ""nano"": 463.811, ""spark"": 3792.815}",1788493149.1877105,16,19.178,request_completed,increasing,False,286.0,0.0,1373.535,cached_on_demand,1321098329,0.0,0.0,ACTIVE,concurrency_16,etri-ser0002-cgnmsb,dynamic,3792.815,11,29.351,,9ccf75d9-10dc-48f4-9d73-54435c170ef8,16,14.963,spark,hold:spark:hysteresis_or_improvement_gate,ok,52.05,1788493146.5233426,46.029,2412.676,2586.317,0.0
False,0.0,1,2835.969,"{""agx"": 608.896, ""nano"": 460.794, ""spark"": 4075.356}",1788493149.3896742,16,23.14,request_completed,increasing,False,286.0,0.0,1373.535,cached_on_demand,1321098329,0.0,0.0,ACTIVE,concurrency_16,etri-ser0002-cgnmsb,dynamic,4075.356,12,29.351,,7686c0b5-d0d8-4e7a-9cec-148264ee24f7,16,6.9,spark,hold:spark:hysteresis_or_improvement_gate,ok,52.05,1788493146.553705,46.193,2563.553,2737.841,0.0
False,0.0,1,2864.299,"{""agx"": 410.614, ""nano"": 463.106, ""spark"": 3783.674}",1788493149.5954359,16,24.601,request_completed,increasing,False,286.0,0.0,1373.582,cached_on_demand,1321098329,0.0,0.0,ACTIVE,concurrency_16,etri-ser0002-cgnmsb,dynamic,3783.674,12,29.351,,ab14438f-feb3-4db4-8557-be258fa8ca0e,16,6.236,spark,hold:spark:hysteresis_or_improvement_gate,ok,52.05,1788493146.7311366,46.161,2637.548,2813.726,0.0
False,0.0,1,3043.705,"{""agx"": 411.904, ""nano"": 459.562, ""spark"": 4053.616}",1788493149.8019648,16,24.107,request_completed,increasing,False,286.0,0.0,1373.582,cached_on_demand,1321098329,0.0,0.0,ACTIVE,concurrency_16,etri-ser0002-cgnmsb,dynamic,4053.616,13,29.351,,d7b0ba36-14d9-4a13-a0f5-691419f558d1,16,6.361,spark,hold:spark:hysteresis_or_improvement_gate,ok,53.05,1788493146.7582593,45.862,2797.871,2973.224,0.0
False,0.0,1,3070.115,"{""agx"": 207.734, ""nano"": 463.724, ""spark"": 3808.243}",1788493150.005962,16,19.733,request_completed,increasing,False,286.0,0.0,1373.629,cached_on_demand,1321098329,0.0,0.0,ACTIVE,concurrency_16,etri-ser0002-cgnmsb,dynamic,3808.243,13,29.363,,be7e1ea0-00af-43c7-9ef9-7f9715cefddb,16,5.128,spark,hold:spark:hysteresis_or_improvement_gate,ok,54.05,1788493146.9358473,46.141,2846.229,3021.585,0.0
False,0.0,1,3253.595,"{""agx"": 209.91, ""nano"": 463.952, ""spark"": 4077.29}",1788493150.2126489,16,0.0,request_completed,increasing,False,286.0,0.0,1373.629,cached_on_demand,1321098329,0.0,0.0,ACTIVE,concurrency_16,etri-ser0002-cgnmsb,dynamic,4077.29,14,29.363,,aa65e837-625c-47fa-9f7f-67c02723b552,16,20.634,spark,hold:spark:hysteresis_or_improvement_gate,ok,54.0,1788493146.9590538,46.257,2956.374,3132.276,0.0
False,0.0,1,3281.013,"{""agx"": 207.108, ""nano"": 468.943, ""spark"": 3858.307}",1788493150.418678,16,18.605,request_completed,increasing,False,286.0,0.0,1373.672,cached_on_demand,1321098329,0.0,0.0,ACTIVE,concurrency_16,etri-ser0002-cgnmsb,dynamic,3858.307,14,29.363,,1fe71ed1-294d-4a25-8c65-d5cfa6a86098,16,6.067,spark,hold:spark:hysteresis_or_improvement_gate,ok,52.05,1788493147.1376648,45.859,3039.884,3214.886,0.0
False,0.0,1,3279.128,"{""agx"": 225.153, ""nano"": 462.25, ""spark"": 3734.19}",1788493150.6261203,16,19.149,request_completed,increasing,False,286.0,0.0,1373.715,cached_on_demand,1321098329,0.0,0.0,ACTIVE,concurrency_16,etri-ser0002-cgnmsb,dynamic,3734.19,14,29.363,,3c5e1ce8-2219-4d38-8e68-266473935b61,16,19.454,spark,hold:spark:hysteresis_or_improvement_gate,ok,54.0,1788493147.346992,45.838,3010.987,3187.545,0.0
False,0.0,1,3283.655,"{""agx"": 218.772, ""nano"": 464.614, ""spark"": 3606.432}",1788493150.8350775,16,18.343,request_completed,increasing,False,286.0,0.0,1373.758,cached_on_demand,1321098329,0.0,0.0,ACTIVE,concurrency_16,etri-ser0002-cgnmsb,dynamic,3606.432,14,29.368,,728c55bf-ae0f-41b4-ade6-c91c668ced61,16,7.056,spark,hold:spark:hysteresis_or_improvement_gate,ok,52.05,1788493147.5514224,45.363,2993.319,3169.93,0.0
False,0.0,1,3284.213,"{""agx"": 222.216, ""nano"": 462.707, ""spark"": 3538.312}",1788493151.0374212,16,18.735,request_completed,increasing,False,286.0,0.0,1373.797,cached_on_demand,1321098329,0.0,0.0,ACTIVE,concurrency_16,etri-ser0002-cgnmsb,dynamic,3538.312,14,29.367,,5f60f189-1aa3-425a-8b4d-bda4e5772ddc,16,18.264,spark,hold:spark:hysteresis_or_improvement_gate,ok,53.05,1788493147.753209,45.902,3020.489,3195.241,0.0
False,0.0,1,3286.238,"{""agx"": 207.376, ""nano"": 463.664, ""spark"": 3458.733}",1788493151.2437878,16,17.98,request_completed,increasing,False,286.0,0.0,1373.824,cached_on_demand,1321098329,0.0,0.0,ACTIVE,concurrency_16,etri-ser0002-cgnmsb,dynamic,3458.733,14,29.367,,360fb6db-c497-4316-95e8-0c9bfaec9e2f,16,6.621,spark,hold:spark:hysteresis_or_improvement_gate,ok,52.05,1788493147.9575505,45.702,3059.878,3237.226,0.0
False,0.0,1,3291.766,"{""agx"": 218.959, ""nano"": 462.772, ""spark"": 3426.291}",1788493151.45501,16,18.653,request_completed,increasing,False,286.0,0.0,1373.852,cached_on_demand,1321098329,0.0,0.0,ACTIVE,concurrency_16,etri-ser0002-cgnmsb,dynamic,3426.291,14,29.369,,87adc8b6-8e6b-4f51-b32a-fe15eff0b945,16,10.131,spark,hold:spark:hysteresis_or_improvement_gate,ok,54.05,1788493148.163245,45.232,3037.446,3214.53,0.0
False,0.0,1,3289.397,"{""agx"": 221.852, ""nano"": 467.231, ""spark"": 3389.56}",1788493151.660617,16,17.871,request_completed,increasing,False,286.0,0.0,1373.879,cached_on_demand,1321098329,0.0,0.0,ACTIVE,concurrency_16,etri-ser0002-cgnmsb,dynamic,3389.56,14,29.369,,e5c8678f-5c2a-4cf0-8fa1-3657d219cce7,16,14.696,spark,hold:spark:hysteresis_or_improvement_gate,ok,54.05,1788493148.3712199,45.845,3019.876,3196.165,0.0
False,0.0,1,3294.5,"{""agx"": 224.331, ""nano"": 468.441, ""spark"": 3361.353}",1788493151.867659,16,19.184,request_completed,increasing,False,286.0,0.0,1373.902,cached_on_demand,1321098329,0.0,0.0,ACTIVE,concurrency_16,etri-ser0002-cgnmsb,dynamic,3361.353,14,29.369,,cb80425e-9299-4d07-878d-973374135afe,16,19.433,spark,hold:spark:hysteresis_or_improvement_gate,ok,52.05,1788493148.5731575,46.203,3025.466,3198.842,0.0
False,0.0,1,3290.319,"{""agx"": 222.806, ""nano"": 464.823, ""spark"": 3354.051}",1788493152.0714421,16,19.0,request_completed,increasing,False,286.0,0.0,1373.93,cached_on_demand,1321098329,0.0,0.0,ACTIVE,concurrency_16,etri-ser0002-cgnmsb,dynamic,3354.051,14,29.37,,6d25ee2b-2708-489a-a726-b4471a6194bc,16,20.531,spark,hold:spark:hysteresis_or_improvement_gate,ok,54.05,1788493148.7811222,45.878,3019.526,3195.314,0.0
False,0.0,1,3294.509,"{""agx"": 207.157, ""nano"": 462.352, ""spark"": 3334.658}",1788493152.2805192,16,18.886,request_completed,increasing,False,286.0,0.0,1373.953,cached_on_demand,1321098329,0.0,0.0,ACTIVE,concurrency_16,etri-ser0002-cgnmsb,dynamic,3334.658,14,29.37,,5ab28ca1-dc18-41aa-ba45-1a42616f5767,16,14.962,spark,hold:spark:hysteresis_or_improvement_gate,ok,53.0,1788493148.9860094,46.27,3060.883,3235.58,0.0
False,0.0,1,3296.598,"{""agx"": 215.04, ""nano"": 458.403, ""spark"": 3326.77}",1788493152.4884973,16,20.43,request_completed,increasing,False,286.0,0.0,1373.961,cached_on_demand,1321098329,0.0,0.0,ACTIVE,concurrency_16,etri-ser0002-cgnmsb,dynamic,3326.77,14,29.348,,b7c4e599-37e9-43b6-aa7f-16facd9987ac,16,13.378,spark,hold:spark:hysteresis_or_improvement_gate,ok,53.05,1788493149.1918983,46.026,3052.321,3226.57,0.0
False,0.0,1,3305.743,"{""agx"": 207.413, ""nano"": 464.313, ""spark"": 3298.425}",1788493152.696547,16,22.619,request_completed,increasing,False,286.0,0.0,1373.98,cached_on_demand,1321098329,0.0,0.0,ACTIVE,concurrency_16,etri-ser0002-cgnmsb,dynamic,3298.425,14,29.35,,79bf93ff-f8bc-415f-8466-d6e28d1f313d,16,6.057,spark,hold:spark:hysteresis_or_improvement_gate,ok,53.05,1788493149.3908052,45.886,3079.401,3254.177,0.0
False,0.0,1,3304.155,"{""agx"": 207.036, ""nano"": 461.05, ""spark"": 3307.304}",1788493152.9004712,16,19.531,request_completed,increasing,False,286.0,0.0,1374.0,cached_on_demand,1321098329,0.0,0.0,ACTIVE,concurrency_16,etri-ser0002-cgnmsb,dynamic,3307.304,14,29.348,,ca04d59e-3b95-4bec-b0c0-84c6cd53c99a,16,16.824,spark,hold:spark:hysteresis_or_improvement_gate,ok,54.0,1788493149.5963166,46.145,3042.682,3218.398,0.0
False,0.0,1,3306.735,"{""agx"": 224.016, ""nano"": 466.591, ""spark"": 3311.136}",1788493153.1096833,16,18.812,request_completed,increasing,False,286.0,0.0,1374.016,cached_on_demand,1321098329,0.0,0.0,ACTIVE,concurrency_16,etri-ser0002-cgnmsb,dynamic,3311.136,14,29.348,,c688733e-3ac8-4cfa-92b9-c5e55270de82,16,16.432,spark,hold:spark:hysteresis_or_improvement_gate,ok,52.05,1788493149.8029482,45.998,3034.324,3210.264,0.0
False,0.0,1,3311.159,"{""agx"": 219.593, ""nano"": 468.562, ""spark"": 3304.454}",1788493153.318457,16,18.699,request_completed,increasing,False,286.0,0.0,1374.02,cached_on_demand,1321098329,0.0,0.0,ACTIVE,concurrency_16,etri-ser0002-cgnmsb,dynamic,3304.454,14,29.348,,fba67215-35d7-4e7f-8885-aedacab88de8,16,19.11,spark,hold:spark:hysteresis_or_improvement_gate,ok,52.05,1788493150.0072978,45.839,3045.208,3219.683,0.0
False,0.0,1,3308.8,"{""agx"": 238.056, ""nano"": 471.965, ""spark"": 3297.484}",1788493153.5232012,16,19.002,request_completed,increasing,False,286.0,0.0,1374.023,cached_on_demand,1321098329,0.0,0.0,ACTIVE,concurrency_16,etri-ser0002-cgnmsb,dynamic,3297.484,14,29.348,,dceb9235-c16f-453b-b7f5-b8f4662d70c6,16,8.252,spark,hold:spark:hysteresis_or_improvement_gate,ok,54.0,1788493150.214402,45.404,3033.311,3210.296,0.0
False,0.0,1,3308.827,"{""agx"": 218.194, ""nano"": 466.536, ""spark"": 3299.828}",1788493153.7289028,16,19.484,request_completed,increasing,False,286.0,0.0,1374.023,cached_on_demand,1321098329,0.0,0.0,ACTIVE,concurrency_16,etri-ser0002-cgnmsb,dynamic,3299.828,14,29.359,,e1df8208-5491-4761-a93c-02695311fdd0,16,10.596,spark,hold:spark:hysteresis_or_improvement_gate,ok,54.05,1788493150.4200766,46.107,3054.429,3230.825,0.0
False,0.0,1,3306.713,"{""agx"": 209.223, ""nano"": 465.241, ""spark"": 3312.27}",1788493153.937009,16,21.29,request_completed,increasing,False,286.0,0.0,1374.027,cached_on_demand,1321098329,0.0,0.0,ACTIVE,concurrency_16,etri-ser0002-cgnmsb,dynamic,3312.27,14,29.354,,4ace287a-bdca-453a-ab15-dbd24aeace8e,16,17.486,spark,hold:spark:hysteresis_or_improvement_gate,ok,54.05,1788493150.6302953,46.321,3022.681,3198.5,0.0
False,0.0,1,3304.167,"{""agx"": 221.521, ""nano"": 465.444, ""spark"": 3312.069}",1788493154.1430693,16,22.857,request_completed,increasing,False,286.0,0.0,1374.031,cached_on_demand,1321098329,0.0,0.0,ACTIVE,concurrency_16,etri-ser0002-cgnmsb,dynamic,3312.069,14,29.357,,58bda380-a15e-4d5e-8573-b8663e6a696f,16,6.229,spark,hold:spark:hysteresis_or_improvement_gate,ok,54.05,1788493150.8389006,46.164,3062.96,3237.227,0.0
False,0.0,1,3308.545,"{""agx"": 222.69, ""nano"": 464.929, ""spark"": 3296.493}",1788493154.3492897,16,22.156,request_completed,increasing,False,286.0,0.0,1374.031,cached_on_demand,1321098329,0.0,0.0,ACTIVE,concurrency_16,etri-ser0002-cgnmsb,dynamic,3296.493,14,29.357,,5650ae16-cf1d-4159-a0be-80a78e544874,16,7.245,spark,hold:spark:hysteresis_or_improvement_gate,ok,65.05,1788493151.0407445,46.381,3056.666,3230.966,0.0
False,0.0,1,3309.68,"{""agx"": 206.984, ""nano"": 465.094, ""spark"": 3299.072}",1788493154.5577228,16,23.438,request_completed,increasing,False,286.0,0.0,1374.031,cached_on_demand,1321098329,0.0,0.0,ACTIVE,concurrency_16,etri-ser0002-cgnmsb,dynamic,3299.072,14,29.394,,67d5124b-42c3-4690-aebc-cfac9bf1daba,16,8.752,spark,hold:spark:hysteresis_or_improvement_gate,ok,71.05,1788493151.2480414,46.027,3077.017,3252.912,0.0
False,0.0,1,3306.536,"{""agx"": 224.226, ""nano"": 465.443, ""spark"": 3328.455}",1788493154.7652886,16,23.598,request_completed,increasing,False,286.0,0.0,1374.035,cached_on_demand,1321098329,0.0,0.0,ACTIVE,concurrency_16,etri-ser0002-cgnmsb,dynamic,3328.455,14,29.392,,47312e31-d214-4db9-9b80-24a0435a121c,16,17.991,spark,hold:spark:hysteresis_or_improvement_gate,ok,71.05,1788493151.4587514,45.776,3041.21,3215.795,0.0
False,0.0,1,3304.665,"{""agx"": 216.581, ""nano"": 474.268, ""spark"": 3319.457}",1788493154.9687757,16,19.833,request_completed,increasing,False,286.0,0.0,1374.039,cached_on_demand,1321098329,0.0,0.0,ACTIVE,concurrency_16,etri-ser0002-cgnmsb,dynamic,3319.457,14,29.389,,7327d893-d851-445a-a440-e99089ef3bf7,16,13.617,spark,hold:spark:hysteresis_or_improvement_gate,ok,54.05,1788493151.6641097,46.411,3045.44,3220.141,0.0
False,0.0,1,3305.674,"{""agx"": 226.088, ""nano"": 467.311, ""spark"": 3315.14}",1788493155.1769345,16,18.838,request_completed,increasing,False,286.0,0.0,1374.043,cached_on_demand,1321098329,0.0,0.0,ACTIVE,concurrency_16,etri-ser0002-cgnmsb,dynamic,3315.14,14,29.403,,8c47225e-9cd8-43e2-9843-835d3a5fe57a,16,8.148,spark,hold:spark:hysteresis_or_improvement_gate,ok,54.05,1788493151.871235,46.063,3043.823,3220.355,0.0
False,0.0,1,3311.335,"{""agx"": 206.496, ""nano"": 468.827, ""spark"": 3301.083}",1788493155.3860054,16,18.44,request_completed,increasing,False,286.0,0.0,1374.047,cached_on_demand,1321098329,0.0,0.0,ACTIVE,concurrency_16,etri-ser0002-cgnmsb,dynamic,3301.083,14,29.402,,39ae0705-a5e7-40c3-b291-e84e6ec41075,16,6.699,spark,hold:spark:hysteresis_or_improvement_gate,ok,54.05,1788493152.07467,46.074,3077.597,3253.843,0.0
False,0.0,1,3309.481,"{""agx"": 222.212, ""nano"": 462.048, ""spark"": 3320.81}",1788493155.59418,16,20.423,request_completed,increasing,False,286.0,0.0,1374.051,cached_on_demand,1321098329,0.0,0.0,ACTIVE,concurrency_16,etri-ser0002-cgnmsb,dynamic,3320.81,14,29.402,,3be71dc4-4516-4b71-89fd-3a007bd2b792,16,16.33,spark,hold:spark:hysteresis_or_improvement_gate,ok,54.0,1788493152.2846978,45.989,3030.453,3206.152,0.0
False,0.0,1,3308.902,"{""agx"": 218.854, ""nano"": 462.582, ""spark"": 3319.365}",1788493155.8007696,16,18.587,request_completed,increasing,False,286.0,0.0,1374.055,cached_on_demand,1321098329,0.0,0.0,ACTIVE,concurrency_16,etri-ser0002-cgnmsb,dynamic,3319.365,14,29.401,,f60449ba-b6a5-4db8-9da1-6af3467c02ad,16,10.725,spark,hold:spark:hysteresis_or_improvement_gate,ok,54.05,1788493152.4918666,46.086,3055.663,3231.091,0.0
False,0.0,1,3310.705,"{""agx"": 226.38, ""nano"": 465.198, ""spark"": 3328.753}",1788493156.0107806,16,17.674,request_completed,increasing,False,286.0,0.0,1374.059,cached_on_demand,1321098329,0.0,0.0,ACTIVE,concurrency_16,etri-ser0002-cgnmsb,dynamic,3328.753,14,29.418,,d0acef26-bf3d-4641-a06a-6e81de45198a,16,16.049,spark,hold:spark:hysteresis_or_improvement_gate,ok,54.05,1788493152.7000742,46.142,3035.744,3211.588,0.0
False,0.0,1,3314.589,"{""agx"": 223.032, ""nano"": 467.395, ""spark"": 3317.466}",1788493156.2186089,16,18.75,request_completed,increasing,False,286.0,0.0,1374.078,cached_on_demand,1321098329,0.0,0.0,ACTIVE,concurrency_16,etri-ser0002-cgnmsb,dynamic,3317.466,14,29.425,,986a546e-15c3-4ac8-9ef7-721a42452399,16,19.162,spark,hold:spark:hysteresis_or_improvement_gate,ok,54.0,1788493152.9040186,46.156,3043.0,3217.907,0.0
False,0.0,1,3311.36,"{""agx"": 214.439, ""nano"": 463.754, ""spark"": 3319.246}",1788493156.4220912,16,18.203,request_completed,increasing,False,286.0,0.0,1374.086,cached_on_demand,1321098329,0.0,0.0,ACTIVE,concurrency_16,etri-ser0002-cgnmsb,dynamic,3319.246,14,29.426,,5e5d616e-6719-4af7-9336-afeb44d4b4aa,16,9.982,spark,hold:spark:hysteresis_or_improvement_gate,ok,54.05,1788493153.1107306,46.595,3066.834,3240.884,0.0
False,0.0,1,3308.592,"{""agx"": 208.966, ""nano"": 464.29, ""spark"": 3319.457}",1788493156.630711,16,21.784,request_completed,increasing,False,286.0,0.0,1374.086,cached_on_demand,1321098329,0.0,0.0,ACTIVE,concurrency_16,etri-ser0002-cgnmsb,dynamic,3319.457,14,29.441,,e8cab620-32bc-4a57-850f-43ad00f1f6ee,16,6.081,spark,hold:spark:hysteresis_or_improvement_gate,ok,52.05,1788493153.3221178,45.646,3075.606,3252.045,0.0
False,0.0,1,3310.733,"{""agx"": 224.546, ""nano"": 462.559, ""spark"": 3321.535}",1788493156.8375604,16,19.372,request_completed,increasing,False,286.0,0.0,1374.086,cached_on_demand,1321098329,0.0,0.0,ACTIVE,concurrency_16,etri-ser0002-cgnmsb,dynamic,3321.535,14,29.443,,ea2f5acd-3939-4697-84b6-20d4713ded31,16,17.295,spark,hold:spark:hysteresis_or_improvement_gate,ok,54.0,1788493153.5268252,45.782,3046.583,3224.049,0.0
False,0.0,1,3316.795,"{""agx"": 209.241, ""nano"": 467.154, ""spark"": 3312.226}",1788493157.0493271,16,18.421,request_completed,increasing,False,286.0,0.0,1374.09,cached_on_demand,1321098329,0.0,0.0,ACTIVE,concurrency_16,etri-ser0002-cgnmsb,dynamic,3312.226,14,29.445,,180ec23b-7500-4b47-94fd-f01af67a1109,16,17.938,spark,hold:spark:hysteresis_or_improvement_gate,ok,54.05,1788493153.7325318,45.496,3043.127,3220.853,0.0
False,0.0,1,3319.83,"{""agx"": 224.586, ""nano"": 468.161, ""spark"": 3315.381}",1788493157.2604022,16,18.776,request_completed,increasing,False,286.0,0.0,1374.094,cached_on_demand,1321098329,0.0,0.0,ACTIVE,concurrency_16,etri-ser0002-cgnmsb,dynamic,3315.381,14,29.445,,5fe297b5-2ec1-4e85-adba-d51d51dd5bde,16,10.773,spark,hold:spark:hysteresis_or_improvement_gate,ok,54.05,1788493153.9405708,45.127,3047.093,3224.978,0.0
False,0.0,1,3317.713,"{""agx"": 221.182, ""nano"": 465.985, ""spark"": 3318.368}",1788493157.4624777,16,18.648,request_completed,increasing,False,286.0,0.0,1374.098,cached_on_demand,1321098329,0.0,0.0,ACTIVE,concurrency_16,etri-ser0002-cgnmsb,dynamic,3318.368,14,29.444,,ad392fd6-927d-46eb-a2c6-6f55fcbd2364,16,16.112,spark,hold:spark:hysteresis_or_improvement_gate,ok,53.05,1788493154.1447637,46.16,3056.91,3231.224,0.0
False,0.0,1,3315.03,"{""agx"": 225.663, ""nano"": 464.413, ""spark"": 3304.127}",1788493157.6677382,16,18.182,request_completed,increasing,False,286.0,0.0,1374.102,cached_on_demand,1321098329,0.0,0.0,ACTIVE,concurrency_16,etri-ser0002-cgnmsb,dynamic,3304.127,14,29.444,,ece069e2-3d44-48a9-9aaf-7e2fe237d6b8,16,9.695,spark,hold:spark:hysteresis_or_improvement_gate,ok,54.0,1788493154.352708,45.932,3057.953,3231.983,0.0
False,0.0,1,3308.701,"{""agx"": 227.211, ""nano"": 462.578, ""spark"": 3314.334}",1788493157.870469,16,20.588,request_completed,increasing,False,286.0,0.0,1374.105,cached_on_demand,1321098329,0.0,0.0,ACTIVE,concurrency_16,etri-ser0002-cgnmsb,dynamic,3314.334,14,29.439,,f3bebccb-c0dd-4974-8941-5dfa158ce1fd,16,9.358,spark,hold:spark:hysteresis_or_improvement_gate,ok,53.05,1788493154.5617673,46.143,3052.439,3226.856,0.0
False,0.0,1,3308.042,"{""agx"": 222.024, ""nano"": 470.986, ""spark"": 3323.372}",1788493158.0775928,16,18.049,request_completed,increasing,False,286.0,0.0,1374.105,cached_on_demand,1321098329,0.0,0.0,ACTIVE,concurrency_16,etri-ser0002-cgnmsb,dynamic,3323.372,14,29.439,,fa3c9a1e-1e04-4cac-8baf-2d576b829dbc,16,15.468,spark,hold:spark:hysteresis_or_improvement_gate,ok,54.05,1788493154.7695494,46.242,3003.039,3178.399,0.0
False,0.0,1,3311.837,"{""agx"": 222.79, ""nano"": 467.277, ""spark"": 3305.531}",1788493158.284196,16,18.274,request_completed,increasing,False,286.0,0.0,1374.105,cached_on_demand,1321098329,0.0,0.0,ACTIVE,concurrency_16,etri-ser0002-cgnmsb,dynamic,3305.531,14,29.439,,892ef77f-e947-4bb6-8ae2-6b05fa804a61,16,15.115,spark,hold:spark:hysteresis_or_improvement_gate,ok,52.05,1788493154.972357,46.187,3044.841,3220.059,0.0
False,0.0,1,3312.295,"{""agx"": 227.303, ""nano"": 465.408, ""spark"": 3321.836}",1788493158.4928703,16,18.497,request_completed,increasing,False,286.0,0.0,1374.105,cached_on_demand,1321098329,0.0,0.0,ACTIVE,concurrency_16,etri-ser0002-cgnmsb,dynamic,3321.836,14,29.439,,b7ae68d9-a4c9-4213-9a42-4f58a723bcd1,16,19.516,spark,hold:spark:hysteresis_or_improvement_gate,ok,53.05,1788493155.180574,46.222,3037.763,3213.238,0.0
False,0.0,1,3310.53,"{""agx"": 212.296, ""nano"": 463.962, ""spark"": 3323.001}",1788493158.7003233,16,17.865,request_completed,increasing,False,286.0,0.0,1374.105,cached_on_demand,1321098329,0.0,0.0,ACTIVE,concurrency_16,etri-ser0002-cgnmsb,dynamic,3323.001,14,29.439,,8782907d-96ea-4ab2-963f-8a4a31cc2c80,16,16.169,spark,hold:spark:hysteresis_or_improvement_gate,ok,53.0,1788493155.3897927,46.096,3068.365,3243.059,0.0
False,0.0,1,3312.475,"{""agx"": 209.053, ""nano"": 468.405, ""spark"": 3335.28}",1788493158.9075067,16,18.887,request_completed,increasing,False,286.0,0.0,1374.105,cached_on_demand,1321098329,0.0,0.0,ACTIVE,concurrency_16,etri-ser0002-cgnmsb,dynamic,3335.28,14,29.433,,3ee06169-e125-4e33-ab3a-949dd71380c0,16,18.144,spark,hold:spark:hysteresis_or_improvement_gate,ok,54.05,1788493155.595032,46.178,3060.363,3234.812,0.0
False,0.0,1,3312.418,"{""agx"": 222.422, ""nano"": 466.278, ""spark"": 3331.921}",1788493159.11516,16,18.089,request_completed,increasing,False,286.0,0.0,1374.109,cached_on_demand,1321098329,0.0,0.0,ACTIVE,concurrency_16,etri-ser0002-cgnmsb,dynamic,3331.921,14,29.435,,785fd2eb-3050-4b5f-bf05-fbeac6d0a7c2,16,18.353,spark,hold:spark:hysteresis_or_improvement_gate,ok,53.05,1788493155.8027418,46.259,3045.965,3221.717,0.0
False,0.0,1,3310.243,"{""agx"": 225.251, ""nano"": 463.484, ""spark"": 3338.194}",1788493159.3246834,16,18.379,request_completed,increasing,False,286.0,0.0,1374.109,cached_on_demand,1321098329,0.0,0.0,ACTIVE,concurrency_16,etri-ser0002-cgnmsb,dynamic,3338.194,14,29.435,,3e18d6cd-d943-40ea-9a0a-a4f042187688,16,18.45,spark,hold:spark:hysteresis_or_improvement_gate,ok,52.05,1788493156.0144393,46.202,3043.632,3219.384,0.0
False,0.0,1,3311.484,"{""agx"": 227.754, ""nano"": 468.352, ""spark"": 3341.135}",1788493159.5343108,16,18.667,request_completed,increasing,False,286.0,0.0,1374.109,cached_on_demand,1321098329,0.0,0.0,ACTIVE,concurrency_16,etri-ser0002-cgnmsb,dynamic,3341.135,14,29.435,,b21d49e4-f590-4ed5-bc43-81206087ed2b,16,21.423,spark,hold:spark:hysteresis_or_improvement_gate,ok,54.05,1788493156.2228267,45.98,3031.919,3206.974,0.0
False,0.0,1,3315.929,"{""agx"": 220.836, ""nano"": 466.088, ""spark"": 3313.247}",1788493159.7403417,16,19.08,request_completed,increasing,False,286.0,0.0,1374.109,cached_on_demand,1321098329,0.0,0.0,ACTIVE,concurrency_16,etri-ser0002-cgnmsb,dynamic,3313.247,14,29.435,,bca6d6df-1302-4ca9-a219-933c66a2ddd2,16,9.615,spark,hold:spark:hysteresis_or_improvement_gate,ok,54.0,1788493156.424412,46.013,3061.759,3237.403,0.0
False,0.0,1,3313.048,"{""agx"": 215.918, ""nano"": 466.148, ""spark"": 3326.806}",1788493159.9473333,16,20.898,request_completed,increasing,False,286.0,0.0,1374.109,cached_on_demand,1321098329,0.0,0.0,ACTIVE,concurrency_16,etri-ser0002-cgnmsb,dynamic,3326.806,14,29.428,,21d4661b-e972-496d-887e-cc8dd25c3881,16,17.942,spark,hold:spark:hysteresis_or_improvement_gate,ok,54.05,1788493156.6342845,46.197,3051.978,3226.529,0.0
False,0.0,0,306.634,"{""agx"": 231.979, ""nano"": 468.273, ""spark"": 212.345}",1788493160.262534,32,9.091,request_completed,increasing,False,286.0,0.0,1374.121,cached_on_demand,1321098329,0.0,0.0,ACTIVE,concurrency_32,etri-ser0002-cgnmsb,dynamic,212.345,0,29.418,,e3db1dc0-a1ae-445d-8fb1-5c546ee12726,32,5.301,spark,hold:spark:hysteresis_or_improvement_gate,ok,42.05,1788493159.9558997,46.527,28.633,201.858,0.0
False,0.0,1,512.691,"{""agx"": 215.024, ""nano"": 462.836, ""spark"": 429.005}",1788493160.4700565,32,17.089,request_completed,increasing,False,286.0,0.0,1374.121,cached_on_demand,1321098329,0.0,0.0,ACTIVE,concurrency_32,etri-ser0002-cgnmsb,dynamic,429.005,0,29.418,,8700c06c-a03f-4b64-8cd9-277ec71118c4,32,14.917,spark,hold:spark:hysteresis_or_improvement_gate,ok,53.05,1788493159.9573648,46.097,164.602,340.722,0.0
False,0.0,1,718.234,"{""agx"": 212.344, ""nano"": 460.079, ""spark"": 637.712}",1788493160.676352,32,19.079,request_completed,increasing,False,286.0,0.0,1374.121,cached_on_demand,1321098329,0.0,0.0,ACTIVE,concurrency_32,etri-ser0002-cgnmsb,dynamic,637.712,1,29.419,,7b094ce4-a855-4779-b3f6-bbdef82985c3,32,16.58,spark,hold:spark:hysteresis_or_improvement_gate,ok,54.05,1788493159.9581184,46.092,304.225,479.006,0.0
False,0.0,1,919.862,"{""agx"": 220.539, ""nano"": 464.289, ""spark"": 634.53}",1788493160.8813431,32,18.593,request_completed,increasing,False,286.0,0.0,1374.121,cached_on_demand,1321098329,0.0,0.0,ACTIVE,concurrency_32,etri-ser0002-cgnmsb,dynamic,634.53,1,29.419,,40fd0d54-95f7-4ce3-89f9-c9d160818d2b,32,17.289,spark,hold:spark:hysteresis_or_improvement_gate,ok,50.05,1788493159.9614801,46.031,422.75,596.041,0.0
False,0.0,1,1121.91,"{""agx"": 225.2, ""nano"": 461.471, ""spark"": 833.483}",1788493161.0846207,32,25.248,request_completed,increasing,False,286.0,0.0,1374.121,cached_on_demand,1321098329,0.0,0.0,ACTIVE,concurrency_32,etri-ser0002-cgnmsb,dynamic,833.483,2,29.419,,5c88ab7f-1d21-4ab2-88ad-a7a100e3e605,32,10.495,spark,hold:spark:hysteresis_or_improvement_gate,ok,54.05,1788493159.9627094,45.975,545.159,720.53,0.0
False,0.0,1,1325.813,"{""agx"": 226.657, ""nano"": 461.78, ""spark"": 1046.7}",1788493161.2886221,32,18.719,request_completed,increasing,False,286.0,0.0,1374.121,cached_on_demand,1321098329,0.0,0.0,ACTIVE,concurrency_32,etri-ser0002-cgnmsb,dynamic,1046.7,3,29.419,,bd35ab17-7c0f-4b74-b572-627ab507f29f,32,17.965,spark,hold:spark:hysteresis_or_improvement_gate,ok,54.05,1788493159.9628084,45.933,663.65,838.036,0.0
False,0.0,1,1522.407,"{""agx"": 225.019, ""nano"": 460.631, ""spark"": 1048.011}",1788493161.4882264,32,18.357,request_completed,increasing,False,286.0,0.0,1374.121,cached_on_demand,1321098329,0.0,0.0,ACTIVE,concurrency_32,etri-ser0002-cgnmsb,dynamic,1048.011,3,29.418,,03b69ac5-28b6-4896-811f-aac0cefd7183,32,16.816,spark,hold:spark:hysteresis_or_improvement_gate,ok,52.05,1788493159.965818,46.31,780.572,953.357,0.0
False,0.0,1,1722.186,"{""agx"": 227.99, ""nano"": 460.606, ""spark"": 1251.211}",1788493161.6886117,32,18.447,request_completed,increasing,False,286.0,0.0,1374.121,cached_on_demand,1321098329,0.0,0.0,ACTIVE,concurrency_32,etri-ser0002-cgnmsb,dynamic,1251.211,4,29.415,,6e23f4f0-bc98-428e-b69f-25fd10c4e005,32,13.777,spark,hold:spark:hysteresis_or_improvement_gate,ok,53.05,1788493159.9664237,46.302,890.362,1063.39,0.0
False,0.0,1,1924.584,"{""agx"": 235.561, ""nano"": 477.146, ""spark"": 1262.798}",1788493161.8916283,32,20.376,request_completed,increasing,False,286.0,0.0,1374.121,cached_on_demand,1321098329,0.0,0.0,ACTIVE,concurrency_32,etri-ser0002-cgnmsb,dynamic,1262.798,4,29.414,,2e5c9141-b7b5-4ee1-87f0-3b9575f1e08f,32,27.056,spark,hold:spark:hysteresis_or_improvement_gate,ok,54.05,1788493159.967044,45.786,956.785,1132.252,0.0
False,0.0,1,2128.327,"{""agx"": 207.486, ""nano"": 467.571, ""spark"": 1449.858}",1788493162.0960162,32,19.595,request_completed,increasing,False,286.0,0.0,1374.121,cached_on_demand,1321098329,0.0,0.0,ACTIVE,concurrency_32,etri-ser0002-cgnmsb,dynamic,1449.858,5,29.41,,d913edb6-c17b-45b9-a33a-7b0c4688ba58,32,8.159,spark,hold:spark:hysteresis_or_improvement_gate,ok,53.05,1788493159.9676886,45.731,1104.09,1279.681,0.0
False,0.0,1,2329.466,"{""agx"": 206.068, ""nano"": 460.201, ""spark"": 1654.258}",1788493162.2976754,32,24.576,request_completed,increasing,False,286.0,0.0,1374.121,cached_on_demand,1321098329,0.0,0.0,ACTIVE,concurrency_32,etri-ser0002-cgnmsb,dynamic,1654.258,6,29.41,,afc206a2-a9f3-41ca-92c0-088ccd766994,32,6.602,spark,hold:spark:hysteresis_or_improvement_gate,ok,55.05,1788493159.9682086,46.123,1264.21,1438.215,0.0
False,0.0,1,2530.474,"{""agx"": 206.303, ""nano"": 459.58, ""spark"": 1657.434}",1788493162.4995446,32,18.447,request_completed,increasing,False,286.0,0.0,1374.125,cached_on_demand,1321098329,0.0,0.0,ACTIVE,concurrency_32,etri-ser0002-cgnmsb,dynamic,1657.434,6,29.41,,67f2e8b4-f5ee-4963-8289-009c558ae8c6,32,9.426,spark,hold:spark:hysteresis_or_improvement_gate,ok,54.0,1788493159.9690695,46.18,1423.064,1594.688,0.0
False,0.0,1,2729.156,"{""agx"": 208.068, ""nano"": 463.97, ""spark"": 1870.122}",1788493162.70272,32,18.571,request_completed,increasing,False,286.0,0.0,1374.125,cached_on_demand,1321098329,0.0,0.0,ACTIVE,concurrency_32,etri-ser0002-cgnmsb,dynamic,1870.122,7,29.41,,003dbd0b-2b30-4980-b50e-75643258fadb,32,16.113,spark,hold:spark:hysteresis_or_improvement_gate,ok,54.05,1788493159.973563,45.806,1561.717,1736.899,0.0
False,0.0,1,2932.232,"{""agx"": 208.184, ""nano"": 462.403, ""spark"": 2073.012}",1788493162.9060416,32,19.38,request_completed,increasing,False,286.0,0.0,1374.125,cached_on_demand,1321098329,0.0,0.0,ACTIVE,concurrency_32,etri-ser0002-cgnmsb,dynamic,2073.012,8,29.409,,d02e6e50-f4b4-4e19-985c-e01a8f91f9b4,32,13.002,spark,hold:spark:hysteresis_or_improvement_gate,ok,53.0,1788493159.9738078,45.683,1706.451,1882.304,0.0
False,0.0,1,3133.434,"{""agx"": 215.456, ""nano"": 462.256, ""spark"": 2282.274}",1788493163.1090074,32,18.966,request_completed,increasing,False,286.0,0.0,1374.125,cached_on_demand,1321098329,0.0,0.0,ACTIVE,concurrency_32,etri-ser0002-cgnmsb,dynamic,2282.274,9,29.41,,7dcc21b2-9752-4414-bf26-568faf9f9a31,32,16.263,spark,hold:spark:hysteresis_or_improvement_gate,ok,54.05,1788493159.9755719,45.736,1839.75,2015.09,0.0
False,0.0,1,3336.176,"{""agx"": 206.757, ""nano"": 459.284, ""spark"": 2265.404}",1788493163.3121467,32,17.778,request_completed,increasing,False,286.0,0.0,1374.125,cached_on_demand,1321098329,0.0,0.0,ACTIVE,concurrency_32,etri-ser0002-cgnmsb,dynamic,2265.404,9,29.409,,8cee02e0-f193-440b-95a9-5ee4f58d7f98,32,7.489,spark,hold:spark:hysteresis_or_improvement_gate,ok,54.05,1788493159.97597,45.946,1994.824,2169.601,0.0
False,0.0,1,3537.111,"{""agx"": 224.398, ""nano"": 459.592, ""spark"": 2471.233}",1788493163.5149763,32,20.225,request_completed,increasing,False,286.0,0.0,1374.125,cached_on_demand,1321098329,0.0,0.0,ACTIVE,concurrency_32,etri-ser0002-cgnmsb,dynamic,2471.233,10,29.409,,feb9db62-576f-4b53-adf5-58a71be36a75,32,8.053,spark,hold:spark:hysteresis_or_improvement_gate,ok,54.05,1788493159.9778645,46.414,2122.953,2297.666,0.0
False,0.0,1,3743.345,"{""agx"": 220.941, ""nano"": 462.762, ""spark"": 2676.582}",1788493163.7244055,32,19.553,request_completed,increasing,False,286.0,0.0,1374.125,cached_on_demand,1321098329,0.0,0.0,ACTIVE,concurrency_32,etri-ser0002-cgnmsb,dynamic,2676.582,11,29.409,,4591f3a0-05ea-40ac-9c4e-572ddbae73ac,32,8.137,spark,hold:spark:hysteresis_or_improvement_gate,ok,54.05,1788493159.981059,45.968,2254.897,2430.443,0.0
False,0.0,1,3949.072,"{""agx"": 225.338, ""nano"": 461.111, ""spark"": 2671.96}",1788493163.93144,32,18.28,request_completed,increasing,False,286.0,0.0,1374.125,cached_on_demand,1321098329,0.0,0.0,ACTIVE,concurrency_32,etri-ser0002-cgnmsb,dynamic,2671.96,11,29.409,,0e577e44-7993-4dca-9d22-3e0ed7ab10ef,32,8.676,spark,hold:spark:hysteresis_or_improvement_gate,ok,54.05,1788493159.9823675,46.314,2388.116,2561.393,0.0
False,0.0,1,4154.67,"{""agx"": 208.441, ""nano"": 466.927, ""spark"": 2877.335}",1788493164.1380858,32,20.714,request_completed,increasing,False,286.0,0.0,1374.125,cached_on_demand,1321098329,0.0,0.0,ACTIVE,concurrency_32,etri-ser0002-cgnmsb,dynamic,2877.335,12,29.409,,7ce348e4-fd30-4916-924f-c35f179e4ea3,32,9.183,spark,hold:spark:hysteresis_or_improvement_gate,ok,57.05,1788493159.983415,46.198,2536.075,2711.081,0.0
False,0.0,1,4359.468,"{""agx"": 208.477, ""nano"": 460.386, ""spark"": 3088.68}",1788493164.343804,32,18.462,request_completed,increasing,False,286.0,0.0,1374.125,cached_on_demand,1321098329,0.0,0.0,ACTIVE,concurrency_32,etri-ser0002-cgnmsb,dynamic,3088.68,13,29.409,,18145f6b-d52f-48f0-b3ad-f11e21ebaa34,32,15.66,spark,hold:spark:hysteresis_or_improvement_gate,ok,54.05,1788493159.9843354,45.868,2687.397,2861.484,0.0
False,0.0,1,4558.061,"{""agx"": 208.256, ""nano"": 459.89, ""spark"": 3061.505}",1788493164.5465553,32,18.75,request_completed,increasing,False,286.0,0.0,1374.125,cached_on_demand,1321098329,0.0,0.0,ACTIVE,concurrency_32,etri-ser0002-cgnmsb,dynamic,3061.505,13,29.409,,360939c9-8a6e-4f4c-bf65-683144c5bd48,32,6.815,spark,hold:spark:hysteresis_or_improvement_gate,ok,54.05,1788493159.988493,46.302,2840.887,3015.62,0.0
False,0.0,1,4765.261,"{""agx"": 206.562, ""nano"": 459.174, ""spark"": 3265.789}",1788493164.7547648,32,20.536,request_completed,increasing,False,286.0,0.0,1374.125,cached_on_demand,1321098329,0.0,0.0,ACTIVE,concurrency_32,etri-ser0002-cgnmsb,dynamic,3265.789,14,29.409,,29795003-9349-4961-90ef-54b3721c5f77,32,7.453,spark,hold:spark:hysteresis_or_improvement_gate,ok,52.05,1788493159.9895031,46.097,3000.649,3176.002,0.0
False,0.0,1,4974.925,"{""agx"": 207.896, ""nano"": 460.616, ""spark"": 3467.47}",1788493164.9652123,32,20.87,request_completed,increasing,False,286.0,0.0,1374.125,cached_on_demand,1321098329,0.0,0.0,ACTIVE,concurrency_32,etri-ser0002-cgnmsb,dynamic,3467.47,15,29.409,,15b2dd03-4bb3-4ee3-a3c1-f4be101632e9,32,5.488,spark,hold:spark:hysteresis_or_improvement_gate,ok,55.05,1788493159.9902875,46.122,3169.796,3345.219,0.0
False,0.0,1,5182.872,"{""agx"": 207.379, ""nano"": 460.42, ""spark"": 3682.546}",1788493165.1739132,32,19.549,request_completed,increasing,False,286.0,0.0,1374.125,cached_on_demand,1321098329,0.0,0.0,ACTIVE,concurrency_32,etri-ser0002-cgnmsb,dynamic,3682.546,16,29.409,,61043e71-d769-472a-990e-ba8b35fc47e1,32,16.918,spark,hold:spark:hysteresis_or_improvement_gate,ok,54.05,1788493159.9910405,46.058,3318.002,3493.622,0.0
False,0.0,1,5387.943,"{""agx"": 207.289, ""nano"": 466.394, ""spark"": 3658.391}",1788493165.379812,32,19.847,request_completed,increasing,False,286.0,0.0,1374.125,cached_on_demand,1321098329,0.0,0.0,ACTIVE,concurrency_32,etri-ser0002-cgnmsb,dynamic,3658.391,16,29.409,,5925114b-098d-4b12-b5c1-722d914a2bca,32,8.531,spark,hold:spark:hysteresis_or_improvement_gate,ok,55.05,1788493159.991869,46.097,3471.31,3645.311,0.0
False,0.0,1,5588.837,"{""agx"": 215.433, ""nano"": 463.16, ""spark"": 3868.417}",1788493165.5816312,32,18.644,request_completed,increasing,False,286.0,0.0,1374.125,cached_on_demand,1321098329,0.0,0.0,ACTIVE,concurrency_32,etri-ser0002-cgnmsb,dynamic,3868.417,17,29.41,,be2aa7f2-0175-4045-909d-056b0f295279,32,15.787,spark,hold:spark:hysteresis_or_improvement_gate,ok,54.05,1788493159.9927938,46.082,3594.086,3769.493,0.0
False,0.0,1,5796.565,"{""agx"": 221.029, ""nano"": 464.207, ""spark"": 4068.597}",1788493165.790303,32,18.935,request_completed,increasing,False,286.0,0.0,1374.125,cached_on_demand,1321098329,0.0,0.0,ACTIVE,concurrency_32,etri-ser0002-cgnmsb,dynamic,4068.597,18,29.41,,550b1a4e-3f74-4d8e-bd70-055f64bf77d7,32,13.197,spark,hold:spark:hysteresis_or_improvement_gate,ok,55.05,1788493159.9937372,46.135,3733.717,3909.236,0.0
False,0.0,1,6004.56,"{""agx"": 223.978, ""nano"": 460.897, ""spark"": 4062.29}",1788493165.9988773,32,19.89,request_completed,increasing,False,286.0,0.0,1374.125,cached_on_demand,1321098329,0.0,0.0,ACTIVE,concurrency_32,etri-ser0002-cgnmsb,dynamic,4062.29,18,29.427,,22c1b860-6f2a-4435-9460-584cc2ddbadb,32,8.71,spark,hold:spark:hysteresis_or_improvement_gate,ok,52.05,1788493159.9943168,46.24,3868.296,4043.794,0.0
False,0.0,1,6212.503,"{""agx"": 221.76, ""nano"": 463.335, ""spark"": 4266.531}",1788493166.2077153,32,20.109,request_completed,increasing,False,286.0,0.0,1374.125,cached_on_demand,1321098329,0.0,0.0,ACTIVE,concurrency_32,etri-ser0002-cgnmsb,dynamic,4266.531,19,29.426,,429ada17-4f00-486c-832c-c77621a39b5e,32,10.272,spark,hold:spark:hysteresis_or_improvement_gate,ok,54.05,1788493159.9952114,46.306,3999.436,4174.816,0.0
False,0.0,1,6416.1,"{""agx"": 221.13, ""nano"": 460.894, ""spark"": 4274.442}",1788493166.4119058,32,21.925,request_completed,increasing,False,286.0,0.0,1374.125,cached_on_demand,1321098329,0.0,0.0,ACTIVE,concurrency_32,etri-ser0002-cgnmsb,dynamic,4274.442,19,29.413,,ba26e600-077a-4692-8f34-5bc4f1f3751a,32,13.416,spark,hold:spark:hysteresis_or_improvement_gate,ok,51.05,1788493159.9958057,46.158,4125.906,4299.738,0.0
False,0.0,1,6618.509,"{""agx"": 209.903, ""nano"": 465.693, ""spark"": 4488.284}",1788493166.6148918,32,0.0,request_completed,increasing,False,286.0,0.0,1374.125,cached_on_demand,1321098329,0.0,0.0,ACTIVE,concurrency_32,etri-ser0002-cgnmsb,dynamic,4488.284,20,29.414,,ffc9ffcc-6f08-4d05-adc9-95076139c5f8,32,24.352,spark,hold:spark:hysteresis_or_improvement_gate,ok,54.05,1788493159.996382,45.97,4247.546,4422.377,0.0
False,0.0,1,6553.593,"{""agx"": 219.644, ""nano"": 466.59, ""spark"": 4687.813}",1788493166.8195875,32,19.905,request_completed,increasing,False,286.0,0.0,1374.125,cached_on_demand,1321098329,0.0,0.0,ACTIVE,concurrency_32,etri-ser0002-cgnmsb,dynamic,4687.813,21,29.414,,4998d6ca-1af3-432f-ab25-fa893f4bfe9c,32,20.975,spark,hold:spark:hysteresis_or_improvement_gate,ok,55.0,1788493160.2659929,46.223,4361.33,4536.499,0.0
False,0.0,1,6552.657,"{""agx"": 224.196, ""nano"": 498.223, ""spark"": 4672.277}",1788493167.0261717,32,19.811,request_completed,increasing,False,286.0,0.0,1374.125,cached_on_demand,1321098329,0.0,0.0,ACTIVE,concurrency_32,etri-ser0002-cgnmsb,dynamic,4672.277,21,29.416,,f65ea2df-cd9f-49e5-a198-317ad1485ba6,32,8.153,spark,hold:spark:hysteresis_or_improvement_gate,ok,55.0,1788493160.4735138,46.299,4458.518,4632.555,0.0
False,0.0,1,6550.925,"{""agx"": 214.809, ""nano"": 461.386, ""spark"": 4876.323}",1788493167.23138,32,21.019,request_completed,increasing,False,286.0,0.0,1374.125,cached_on_demand,1321098329,0.0,0.0,ACTIVE,concurrency_32,etri-ser0002-cgnmsb,dynamic,4876.323,22,29.417,,4600e6b4-cd52-40f9-b541-2bd8e20f05b6,32,9.411,spark,hold:spark:hysteresis_or_improvement_gate,ok,55.05,1788493160.6804538,46.056,4598.977,4773.193,0.0
False,0.0,1,6552.68,"{""agx"": 219.837, ""nano"": 460.977, ""spark"": 4867.65}",1788493167.4348693,32,19.62,request_completed,increasing,False,286.0,0.0,1374.125,cached_on_demand,1321098329,0.0,0.0,ACTIVE,concurrency_32,etri-ser0002-cgnmsb,dynamic,4867.65,22,29.417,,c8d7d670-ac01-4cdd-957f-9e93e9f86c30,32,7.866,spark,hold:spark:hysteresis_or_improvement_gate,ok,54.05,1788493160.8821895,46.118,4736.737,4910.388,0.0
False,0.0,1,6555.471,"{""agx"": 222.059, ""nano"": 461.799, ""spark"": 5068.596}",1788493167.6408877,32,21.053,request_completed,increasing,False,286.0,0.0,1374.125,cached_on_demand,1321098329,0.0,0.0,ACTIVE,concurrency_32,etri-ser0002-cgnmsb,dynamic,5068.596,23,29.414,,b105c60c-7632-4b13-9344-2b3ccb805b8b,32,6.321,spark,hold:spark:hysteresis_or_improvement_gate,ok,55.0,1788493161.0854168,45.963,4870.489,5047.566,0.0
False,0.0,1,6554.061,"{""agx"": 221.544, ""nano"": 463.013, ""spark"": 5273.723}",1788493167.8479934,32,21.348,request_completed,increasing,False,286.0,0.0,1374.125,cached_on_demand,1321098329,0.0,0.0,ACTIVE,concurrency_32,etri-ser0002-cgnmsb,dynamic,5273.723,24,29.418,,75fe67c3-dfe4-4372-b23f-7e890aa540d0,32,8.957,spark,hold:spark:hysteresis_or_improvement_gate,ok,54.05,1788493161.293931,46.145,5003.672,5179.796,0.0
False,0.0,1,6567.28,"{""agx"": 224.038, ""nano"": 462.658, ""spark"": 5273.92}",1788493168.0563095,32,20.994,request_completed,increasing,False,286.0,0.0,1374.125,cached_on_demand,1321098329,0.0,0.0,ACTIVE,concurrency_32,etri-ser0002-cgnmsb,dynamic,5273.92,24,29.429,,881758bd-8e03-4d64-a39c-a53ad8f8e180,32,8.322,spark,hold:spark:hysteresis_or_improvement_gate,ok,55.05,1788493161.4890301,46.038,5137.063,5310.779,0.0
False,0.0,1,6570.257,"{""agx"": 219.931, ""nano"": 464.097, ""spark"": 5484.02}",1788493168.2596831,32,21.354,request_completed,increasing,False,286.0,0.0,1374.125,cached_on_demand,1321098329,0.0,0.0,ACTIVE,concurrency_32,etri-ser0002-cgnmsb,dynamic,5484.02,25,29.427,,70e3ad75-6706-4651-9e58-9425f8ce815b,32,15.899,spark,hold:spark:hysteresis_or_improvement_gate,ok,55.05,1788493161.6894264,46.11,5257.406,5432.476,0.0
False,0.0,1,6571.781,"{""agx"": 215.167, ""nano"": 462.744, ""spark"": 5682.133}",1788493168.4668736,32,21.25,request_completed,increasing,False,286.0,0.0,1374.125,cached_on_demand,1321098329,0.0,0.0,ACTIVE,concurrency_32,etri-ser0002-cgnmsb,dynamic,5682.133,26,29.427,,cd349003-cbdf-44de-8524-36f3d417cf53,32,11.489,spark,hold:spark:hysteresis_or_improvement_gate,ok,58.05,1788493161.8950922,46.075,5398.721,5572.378,0.0
False,0.0,1,6573.601,"{""agx"": 220.547, ""nano"": 473.308, ""spark"": 5685.816}",1788493168.672023,32,20.103,request_completed,increasing,False,286.0,0.0,1374.129,cached_on_demand,1321098329,0.0,0.0,ACTIVE,concurrency_32,etri-ser0002-cgnmsb,dynamic,5685.816,26,29.429,,e16a0f18-c3ed-419e-8001-1d697129a02b,32,10.272,spark,hold:spark:hysteresis_or_improvement_gate,ok,55.05,1788493162.098422,45.786,5524.178,5700.196,0.0
False,0.0,1,6579.805,"{""agx"": 220.4, ""nano"": 459.929, ""spark"": 5885.538}",1788493168.8799627,32,19.745,request_completed,increasing,False,286.0,0.0,1374.129,cached_on_demand,1321098329,0.0,0.0,ACTIVE,concurrency_32,etri-ser0002-cgnmsb,dynamic,5885.538,27,29.429,,22743634-7b2f-4cce-8bbd-622b4862fd72,32,7.296,spark,hold:spark:hysteresis_or_improvement_gate,ok,54.05,1788493162.3001566,45.893,5667.827,5841.846,0.0
False,0.0,1,6584.469,"{""agx"": 216.32, ""nano"": 460.327, ""spark"": 6086.885}",1788493169.0860634,32,19.697,request_completed,increasing,False,286.0,0.0,1374.129,cached_on_demand,1321098329,0.0,0.0,ACTIVE,concurrency_32,etri-ser0002-cgnmsb,dynamic,6086.885,28,29.43,,874b36b6-888e-4558-a3b0-8cff2265a526,32,5.945,spark,hold:spark:hysteresis_or_improvement_gate,ok,53.05,1788493162.5015936,45.673,5819.268,5996.194,0.0
False,0.0,1,6587.088,"{""agx"": 205.871, ""nano"": 458.458, ""spark"": 6090.028}",1788493169.2932534,32,21.739,request_completed,increasing,False,286.0,0.0,1374.129,cached_on_demand,1321098329,0.0,0.0,ACTIVE,concurrency_32,etri-ser0002-cgnmsb,dynamic,6090.028,28,29.431,,e1fa662c-495f-4c0e-8267-64ae46509a5f,32,5.248,spark,hold:spark:hysteresis_or_improvement_gate,ok,53.05,1788493162.706164,45.977,5990.433,6165.401,0.0
False,0.0,1,6586.76,"{""agx"": 212.49, ""nano"": 459.364, ""spark"": 6298.153}",1788493169.4959834,32,20.896,request_completed,increasing,False,286.0,0.0,1374.129,cached_on_demand,1321098329,0.0,0.0,ACTIVE,concurrency_32,etri-ser0002-cgnmsb,dynamic,6298.153,29,29.431,,fbaa4917-f545-4f0c-b703-4841a6e42ec9,32,10.547,spark,hold:spark:hysteresis_or_improvement_gate,ok,55.05,1788493162.909222,46.083,6130.526,6303.93,0.0
False,0.0,1,6589.935,"{""agx"": 229.772, ""nano"": 472.795, ""spark"": 6498.636}",1788493169.6998227,32,21.344,request_completed,increasing,False,286.0,0.0,1374.129,cached_on_demand,1321098329,0.0,0.0,ACTIVE,concurrency_32,etri-ser0002-cgnmsb,dynamic,6498.636,30,29.43,,971b2ffb-82d1-4a37-9c2f-692f57cb64ee,32,8.204,spark,hold:spark:hysteresis_or_improvement_gate,ok,56.05,1788493163.109887,46.345,6232.884,6408.446,0.0
False,0.0,1,6593.216,"{""agx"": 218.023, ""nano"": 461.88, ""spark"": 6502.871}",1788493169.9076743,32,19.824,request_completed,increasing,False,286.0,0.0,1374.129,cached_on_demand,1321098329,0.0,0.0,ACTIVE,concurrency_32,etri-ser0002-cgnmsb,dynamic,6502.871,30,29.432,,d79dea66-338a-4415-bcbd-e569563de4b6,32,15.703,spark,hold:spark:hysteresis_or_improvement_gate,ok,55.05,1788493163.3144574,46.065,6344.716,6520.517,0.0
False,0.0,1,6599.002,"{""agx"": 223.874, ""nano"": 463.246, ""spark"": 6502.794}",1788493170.117656,32,18.269,request_completed,increasing,False,286.0,0.0,1374.133,cached_on_demand,1321098329,0.0,0.0,ACTIVE,concurrency_32,etri-ser0002-cgnmsb,dynamic,6502.794,30,29.432,,839132a1-d217-4cc3-b2df-ee6f76308d76,32,17.898,spark,hold:spark:hysteresis_or_improvement_gate,ok,55.05,1788493163.5186527,46.023,6334.213,6509.888,0.0
False,0.0,1,6599.481,"{""agx"": 209.052, ""nano"": 464.29, ""spark"": 6552.725}",1788493170.324812,32,18.287,request_completed,increasing,False,286.0,0.0,1374.133,cached_on_demand,1321098329,0.0,0.0,ACTIVE,concurrency_32,etri-ser0002-cgnmsb,dynamic,6552.725,30,29.428,,4c1bfe3d-fd70-4f4d-bae4-7163eb35aee4,32,17.557,spark,hold:spark:hysteresis_or_improvement_gate,ok,55.05,1788493163.7253315,46.201,6361.73,6536.768,0.0
False,0.0,1,6596.238,"{""agx"": 223.422, ""nano"": 470.463, ""spark"": 6574.619}",1788493170.5312726,32,18.512,request_completed,increasing,False,286.0,0.0,1374.133,cached_on_demand,1321098329,0.0,0.0,ACTIVE,concurrency_32,etri-ser0002-cgnmsb,dynamic,6574.619,30,29.426,,fcd249b7-4cc0-475f-bcf7-4573e154a214,32,18.619,spark,hold:spark:hysteresis_or_improvement_gate,ok,54.05,1788493163.935034,46.155,6323.345,6498.719,0.0
False,0.0,1,6599.009,"{""agx"": 224.708, ""nano"": 465.931, ""spark"": 6593.448}",1788493170.7382162,32,18.427,request_completed,increasing,False,286.0,0.0,1374.133,cached_on_demand,1321098329,0.0,0.0,ACTIVE,concurrency_32,etri-ser0002-cgnmsb,dynamic,6593.448,30,29.426,,5f7f795b-0962-4d8f-8f79-3cf024782951,32,20.232,spark,hold:spark:hysteresis_or_improvement_gate,ok,54.05,1788493164.1392074,46.029,6328.446,6503.646,0.0
False,0.0,1,6599.355,"{""agx"": 219.693, ""nano"": 460.049, ""spark"": 6579.323}",1788493170.9471548,32,23.077,request_completed,increasing,False,286.0,0.0,1374.133,cached_on_demand,1321098329,0.0,0.0,ACTIVE,concurrency_32,etri-ser0002-cgnmsb,dynamic,6579.323,30,29.425,,97f26dc9-3000-4149-a675-e33230c7f8bd,32,8.667,spark,hold:spark:hysteresis_or_improvement_gate,ok,54.05,1788493164.347799,46.003,6352.433,6528.246,0.0
False,0.0,1,6602.87,"{""agx"": 222.429, ""nano"": 461.765, ""spark"": 6564.96}",1788493171.1527975,32,17.787,request_completed,increasing,False,286.0,0.0,1374.133,cached_on_demand,1321098329,0.0,0.0,ACTIVE,concurrency_32,etri-ser0002-cgnmsb,dynamic,6564.96,30,29.424,,2f977e45-d617-4ef8-81b6-e9d2077bd0dd,32,18.528,spark,hold:spark:hysteresis_or_improvement_gate,ok,54.05,1788493164.5499268,46.318,6347.533,6521.467,0.0
False,0.0,1,6600.213,"{""agx"": 222.258, ""nano"": 465.127, ""spark"": 6588.269}",1788493171.3584204,32,18.431,request_completed,increasing,False,286.0,0.0,1374.133,cached_on_demand,1321098329,0.0,0.0,ACTIVE,concurrency_32,etri-ser0002-cgnmsb,dynamic,6588.269,30,29.424,,a57722ac-e23f-46a2-a051-855806df0525,32,17.805,spark,hold:spark:hysteresis_or_improvement_gate,ok,54.05,1788493164.7582054,46.447,6339.367,6512.086,0.0
False,0.0,1,6592.27,"{""agx"": 222.725, ""nano"": 467.213, ""spark"": 6623.385}",1788493171.5616167,32,18.023,request_completed,increasing,False,286.0,0.0,1374.133,cached_on_demand,1321098329,0.0,0.0,ACTIVE,concurrency_32,etri-ser0002-cgnmsb,dynamic,6623.385,30,29.424,,fe094399-7f70-4aeb-86d8-2ce5d4140a32,32,21.049,spark,hold:spark:hysteresis_or_improvement_gate,ok,55.05,1788493164.9693458,46.341,6322.352,6497.326,0.0
False,0.0,1,6593.368,"{""agx"": 220.927, ""nano"": 467.694, ""spark"": 6631.566}",1788493171.7684221,32,18.047,request_completed,increasing,False,286.0,0.0,1374.133,cached_on_demand,1321098329,0.0,0.0,ACTIVE,concurrency_32,etri-ser0002-cgnmsb,dynamic,6631.566,30,29.423,,d49444c2-92b1-42da-946e-e72329da4138,32,11.15,spark,hold:spark:hysteresis_or_improvement_gate,ok,55.0,1788493165.1750534,46.181,6336.234,6510.705,0.0
False,0.0,1,6587.598,"{""agx"": 231.634, ""nano"": 467.211, ""spark"": 6626.97}",1788493171.9719186,32,18.531,request_completed,increasing,False,286.0,0.0,1374.133,cached_on_demand,1321098329,0.0,0.0,ACTIVE,concurrency_32,etri-ser0002-cgnmsb,dynamic,6626.97,30,29.424,,7d49e4cd-0ac9-452a-bd57-2fb3e9e208f5,32,28.026,spark,hold:spark:hysteresis_or_improvement_gate,ok,54.05,1788493165.38432,46.17,6292.514,6466.491,0.0
False,0.0,1,6586.828,"{""agx"": 221.512, ""nano"": 470.058, ""spark"": 6594.043}",1788493172.1719215,32,18.561,request_completed,increasing,False,286.0,0.0,1374.133,cached_on_demand,1321098329,0.0,0.0,ACTIVE,concurrency_32,etri-ser0002-cgnmsb,dynamic,6594.043,30,29.424,,c0116948-89a2-404c-82ec-29947d82e2fe,32,19.611,spark,hold:spark:hysteresis_or_improvement_gate,ok,54.05,1788493165.5850923,46.643,6318.131,6491.094,0.0
False,0.0,1,6582.299,"{""agx"": 225.285, ""nano"": 472.127, ""spark"": 6615.205}",1788493172.3757331,32,18.129,request_completed,increasing,False,286.0,0.0,1374.133,cached_on_demand,1321098329,0.0,0.0,ACTIVE,concurrency_32,etri-ser0002-cgnmsb,dynamic,6615.205,30,29.424,,63dc1242-18f0-46e4-a8b5-f419df45ec6b,32,19.173,spark,hold:spark:hysteresis_or_improvement_gate,ok,54.05,1788493165.7934337,46.088,6308.108,6481.8,0.0
False,0.0,1,6581.407,"{""agx"": 220.583, ""nano"": 465.383, ""spark"": 6628.238}",1788493172.5844147,32,18.519,request_completed,increasing,False,286.0,0.0,1374.133,cached_on_demand,1321098329,0.0,0.0,ACTIVE,concurrency_32,etri-ser0002-cgnmsb,dynamic,6628.238,30,29.423,,39013a6d-556f-4cdd-9ce6-393372059a0b,32,19.182,spark,hold:spark:hysteresis_or_improvement_gate,ok,53.05,1788493166.0030065,46.222,6295.847,6470.713,0.0
False,0.0,1,6583.918,"{""agx"": 223.133, ""nano"": 464.964, ""spark"": 6637.218}",1788493172.7932296,32,18.667,request_completed,increasing,False,286.0,0.0,1374.133,cached_on_demand,1321098329,0.0,0.0,ACTIVE,concurrency_32,etri-ser0002-cgnmsb,dynamic,6637.218,30,29.424,,574b777e-1fb8-4631-96e8-380591ad6268,32,18.402,spark,hold:spark:hysteresis_or_improvement_gate,ok,54.05,1788493166.209312,46.087,6319.086,6493.701,0.0
False,0.0,1,6579.517,"{""agx"": 223.362, ""nano"": 464.374, ""spark"": 6616.888}",1788493172.995905,32,18.327,request_completed,increasing,False,286.0,0.0,1374.133,cached_on_demand,1321098329,0.0,0.0,ACTIVE,concurrency_32,etri-ser0002-cgnmsb,dynamic,6616.888,30,29.424,,c24a864f-4e04-4f1b-a456-874755e3a7ac,32,19.352,spark,hold:spark:hysteresis_or_improvement_gate,ok,54.05,1788493166.4163878,46.172,6314.08,6486.826,0.0
False,0.0,1,6577.697,"{""agx"": 222.434, ""nano"": 462.852, ""spark"": 6588.552}",1788493173.196265,32,18.116,request_completed,increasing,False,286.0,0.0,1374.133,cached_on_demand,1321098329,0.0,0.0,ACTIVE,concurrency_32,etri-ser0002-cgnmsb,dynamic,6588.552,30,29.42,,270eb29f-bc38-4ea4-9115-c46f029db4ff,32,18.888,spark,hold:spark:hysteresis_or_improvement_gate,ok,54.05,1788493166.618567,46.338,6316.479,6489.747,0.0
False,0.0,1,6578.211,"{""agx"": 211.882, ""nano"": 464.766, ""spark"": 6578.556}",1788493173.3986425,32,18.182,request_completed,increasing,False,286.0,0.0,1374.133,cached_on_demand,1321098329,0.0,0.0,ACTIVE,concurrency_32,etri-ser0002-cgnmsb,dynamic,6578.556,30,29.42,,fecff285-8048-4bd3-b6b3-7338dc054db8,32,10.268,spark,hold:spark:hysteresis_or_improvement_gate,ok,54.05,1788493166.8204317,46.201,6330.662,6505.836,0.0
False,0.0,1,6575.557,"{""agx"": 208.045, ""nano"": 466.239, ""spark"": 6586.013}",1788493173.605144,32,19.512,request_completed,increasing,False,286.0,0.0,1374.133,cached_on_demand,1321098329,0.0,0.0,ACTIVE,concurrency_32,etri-ser0002-cgnmsb,dynamic,6586.013,30,29.416,,7ddb921c-ec97-48ed-87fa-8ab2c02f5481,32,15.613,spark,hold:spark:hysteresis_or_improvement_gate,ok,55.0,1788493167.029586,46.152,6284.906,6459.832,0.0
False,0.0,1,6581.573,"{""agx"": 224.383, ""nano"": 470.525, ""spark"": 6594.435}",1788493173.813881,32,18.451,request_completed,increasing,False,286.0,0.0,1374.137,cached_on_demand,1321098329,0.0,0.0,ACTIVE,concurrency_32,etri-ser0002-cgnmsb,dynamic,6594.435,30,29.416,,ed9d8d82-d586-4e09-be8d-9f654a456f24,32,22.947,spark,hold:spark:hysteresis_or_improvement_gate,ok,54.05,1788493167.2323077,45.909,6305.378,6480.682,0.0
False,0.0,1,6582.511,"{""agx"": 206.6, ""nano"": 468.129, ""spark"": 6557.206}",1788493174.0186725,32,18.701,request_completed,increasing,False,286.0,0.0,1374.137,cached_on_demand,1321098329,0.0,0.0,ACTIVE,concurrency_32,etri-ser0002-cgnmsb,dynamic,6557.206,30,29.42,,2aee5387-ca82-4081-8c1f-16680693b80b,32,6.006,spark,hold:spark:hysteresis_or_improvement_gate,ok,55.0,1788493167.436161,46.164,6356.503,6531.527,0.0
False,0.0,1,6582.005,"{""agx"": 206.348, ""nano"": 460.384, ""spark"": 6564.261}",1788493174.2237864,32,22.222,request_completed,increasing,False,286.0,0.0,1374.137,cached_on_demand,1321098329,0.0,0.0,ACTIVE,concurrency_32,etri-ser0002-cgnmsb,dynamic,6564.261,30,29.423,,88b4bd99-6e3d-4ac4-a470-e2ab244bedd7,32,6.757,spark,hold:spark:hysteresis_or_improvement_gate,ok,54.05,1788493167.6417813,46.377,6364.008,6536.881,0.0
False,0.0,1,6575.355,"{""agx"": 207.937, ""nano"": 470.274, ""spark"": 6584.97}",1788493174.4255865,32,17.871,request_completed,increasing,False,286.0,0.0,1374.137,cached_on_demand,1321098329,0.0,0.0,ACTIVE,concurrency_32,etri-ser0002-cgnmsb,dynamic,6584.97,30,29.423,,e51fb64a-399e-49da-8743-d9427b2b441c,32,10.282,spark,hold:spark:hysteresis_or_improvement_gate,ok,54.05,1788493167.85023,46.518,6335.525,6508.118,0.0
False,0.0,1,6569.86,"{""agx"": 208.337, ""nano"": 471.879, ""spark"": 6607.485}",1788493174.6297352,32,18.631,request_completed,increasing,False,286.0,0.0,1374.137,cached_on_demand,1321098329,0.0,0.0,ACTIVE,concurrency_32,etri-ser0002-cgnmsb,dynamic,6607.485,30,29.424,,eb5fe74d-94bf-4438-acea-f9e97eea8aa1,32,17.469,spark,hold:spark:hysteresis_or_improvement_gate,ok,54.05,1788493168.0598738,46.275,6321.826,6497.519,0.0
False,0.0,1,6579.106,"{""agx"": 207.734, ""nano"": 467.101, ""spark"": 6576.686}",1788493174.8408008,32,19.475,request_completed,increasing,False,286.0,0.0,1374.137,cached_on_demand,1321098329,0.0,0.0,ACTIVE,concurrency_32,etri-ser0002-cgnmsb,dynamic,6576.686,30,29.424,,9028f128-92e0-43e9-8cc8-5b66e961972f,32,8.91,spark,hold:spark:hysteresis_or_improvement_gate,ok,54.05,1788493168.2616947,45.577,6343.96,6521.028,0.0
False,0.0,1,6580.037,"{""agx"": 206.075, ""nano"": 468.851, ""spark"": 6582.955}",1788493175.0506275,32,19.636,request_completed,increasing,False,286.0,0.0,1374.137,cached_on_demand,1321098329,0.0,0.0,ACTIVE,concurrency_32,etri-ser0002-cgnmsb,dynamic,6582.955,30,29.421,,00f777cd-5eb9-4fb7-abac-45ac06813e87,32,6.795,spark,hold:spark:hysteresis_or_improvement_gate,ok,54.05,1788493168.47059,45.851,6348.165,6524.59,0.0
False,0.0,1,6583.724,"{""agx"": 206.424, ""nano"": 465.229, ""spark"": 6585.774}",1788493175.2592695,32,30.769,request_completed,increasing,False,286.0,0.0,1374.137,cached_on_demand,1321098329,0.0,0.0,ACTIVE,concurrency_32,etri-ser0002-cgnmsb,dynamic,6585.774,30,29.422,,26eb2c89-719c-40a4-a102-e751898db0da,32,14.478,spark,hold:spark:hysteresis_or_improvement_gate,ok,61.05,1788493168.6755438,45.754,6347.838,6523.828,0.0
False,0.0,1,6584.772,"{""agx"": 214.838, ""nano"": 466.381, ""spark"": 6610.038}",1788493175.4681752,32,20.374,request_completed,increasing,False,286.0,0.0,1374.137,cached_on_demand,1321098329,0.0,0.0,ACTIVE,concurrency_32,etri-ser0002-cgnmsb,dynamic,6610.038,30,29.422,,d7442ca0-9778-400b-9510-e1858ba126b1,32,20.086,spark,hold:spark:hysteresis_or_improvement_gate,ok,54.05,1788493168.8834016,46.354,6327.476,6502.846,0.0
False,0.0,1,6588.884,"{""agx"": 225.29, ""nano"": 465.87, ""spark"": 6609.06}",1788493175.6760504,32,20.657,request_completed,increasing,False,286.0,0.0,1374.137,cached_on_demand,1321098329,0.0,0.0,ACTIVE,concurrency_32,etri-ser0002-cgnmsb,dynamic,6609.06,30,29.422,,42c591a5-d7cf-4237-b16d-c482981d29e3,32,17.988,spark,hold:spark:hysteresis_or_improvement_gate,ok,55.0,1788493169.0871673,46.252,6296.65,6471.14,0.0
False,0.0,1,6589.57,"{""agx"": 222.549, ""nano"": 462.43, ""spark"": 6618.274}",1788493175.8840613,32,18.676,request_completed,increasing,False,286.0,0.0,1374.137,cached_on_demand,1321098329,0.0,0.0,ACTIVE,concurrency_32,etri-ser0002-cgnmsb,dynamic,6618.274,30,29.421,,4ba2718a-e067-4871-bdad-73270916b7cb,32,18.978,spark,hold:spark:hysteresis_or_improvement_gate,ok,55.0,1788493169.294492,45.935,6327.934,6502.795,0.0
False,0.0,1,6593.13,"{""agx"": 228.031, ""nano"": 467.229, ""spark"": 6580.248}",1788493176.090389,32,19.34,request_completed,increasing,False,286.0,0.0,1374.137,cached_on_demand,1321098329,0.0,0.0,ACTIVE,concurrency_32,etri-ser0002-cgnmsb,dynamic,6580.248,30,29.418,,86586a60-0b13-49ca-8099-4b5e4ac99234,32,15.64,spark,hold:spark:hysteresis_or_improvement_gate,ok,54.05,1788493169.497259,46.261,6321.775,6495.993,0.0
False,0.0,1,6597.504,"{""agx"": 209.216, ""nano"": 467.218, ""spark"": 6568.606}",1788493176.298468,32,18.267,request_completed,increasing,False,286.0,0.0,1374.137,cached_on_demand,1321098329,0.0,0.0,ACTIVE,concurrency_32,etri-ser0002-cgnmsb,dynamic,6568.606,30,29.42,,4bab1c71-6710-4583-ba45-8aecd7a0ad5f,32,16.094,spark,hold:spark:hysteresis_or_improvement_gate,ok,55.05,1788493169.7009645,46.156,6353.273,6528.702,0.0
False,0.0,1,6594.888,"{""agx"": 219.367, ""nano"": 461.608, ""spark"": 6591.179}",1788493176.503461,32,17.975,request_completed,increasing,False,286.0,0.0,1374.141,cached_on_demand,1321098329,0.0,0.0,ACTIVE,concurrency_32,etri-ser0002-cgnmsb,dynamic,6591.179,30,29.42,,90c44171-4eab-4efe-bbe6-e2d3c1f16faa,32,10.795,spark,hold:spark:hysteresis_or_improvement_gate,ok,55.05,1788493169.908573,46.265,6335.549,6510.109,0.0
False,0.0,1,6594.789,"{""agx"": 223.114, ""nano"": 467.991, ""spark"": 6615.09}",1788493176.7132301,32,18.994,request_completed,increasing,False,286.0,0.0,1374.141,cached_on_demand,1321098329,0.0,0.0,ACTIVE,concurrency_32,etri-ser0002-cgnmsb,dynamic,6615.09,30,29.418,,4fd3d44a-d874-4f9d-9bc6-84a60cac1133,32,8.37,spark,hold:spark:hysteresis_or_improvement_gate,ok,55.05,1788493170.1184418,46.182,6324.609,6499.69,0.0
False,0.0,1,6592.921,"{""agx"": 222.77, ""nano"": 466.023, ""spark"": 6626.819}",1788493176.9200425,32,18.393,request_completed,increasing,False,286.0,0.0,1374.141,cached_on_demand,1321098329,0.0,0.0,ACTIVE,concurrency_32,etri-ser0002-cgnmsb,dynamic,6626.819,30,29.418,,db790f73-6b74-46aa-943d-8cd96c0eb160,32,17.635,spark,hold:spark:hysteresis_or_improvement_gate,ok,55.0,1788493170.3271217,45.856,6328.035,6503.743,0.0
False,0.0,1,6589.142,"{""agx"": 224.563, ""nano"": 469.183, ""spark"": 6607.986}",1788493177.1239066,32,18.029,request_completed,increasing,False,286.0,0.0,1374.141,cached_on_demand,1321098329,0.0,0.0,ACTIVE,concurrency_32,etri-ser0002-cgnmsb,dynamic,6607.986,30,29.414,,4bdf2cce-fd9b-4a98-9920-ef41c342df9a,32,7.57,spark,hold:spark:hysteresis_or_improvement_gate,ok,54.05,1788493170.534763,46.133,6336.724,6511.661,0.0
False,0.0,1,6588.816,"{""agx"": 218.407, ""nano"": 464.928, ""spark"": 6620.799}",1788493177.330906,32,17.932,request_completed,increasing,False,286.0,0.0,1374.141,cached_on_demand,1321098329,0.0,0.0,ACTIVE,concurrency_32,etri-ser0002-cgnmsb,dynamic,6620.799,30,29.414,,52efcb74-d00e-400a-a6ac-964bad7c140c,32,10.431,spark,hold:spark:hysteresis_or_improvement_gate,ok,55.05,1788493170.7420888,46.227,6331.548,6506.247,0.0
False,0.0,1,6584.269,"{""agx"": 217.125, ""nano"": 465.134, ""spark"": 6637.53}",1788493177.5351658,32,20.222,request_completed,increasing,False,286.0,0.0,1374.141,cached_on_demand,1321098329,0.0,0.0,ACTIVE,concurrency_32,etri-ser0002-cgnmsb,dynamic,6637.53,30,29.415,,c6ed744d-c3ad-43b4-981d-a7836198b05a,32,16.282,spark,hold:spark:hysteresis_or_improvement_gate,ok,55.05,1788493170.9508948,46.245,6337.791,6510.717,0.0
False,0.0,1,6584.322,"{""agx"": 208.16, ""nano"": 467.927, ""spark"": 6626.924}",1788493177.7380078,32,18.182,request_completed,increasing,False,286.0,0.0,1374.141,cached_on_demand,1321098329,0.0,0.0,ACTIVE,concurrency_32,etri-ser0002-cgnmsb,dynamic,6626.924,30,29.418,,53292181-05be-405f-b2b5-107e117687a7,32,5.996,spark,hold:spark:hysteresis_or_improvement_gate,ok,54.05,1788493171.1536858,46.325,6334.863,6509.886,0.0
False,0.0,1,6583.179,"{""agx"": 212.94, ""nano"": 464.238, ""spark"": 6615.511}",1788493177.942511,32,19.13,request_completed,increasing,False,286.0,0.0,1374.141,cached_on_demand,1321098329,0.0,0.0,ACTIVE,concurrency_32,etri-ser0002-cgnmsb,dynamic,6615.511,30,29.419,,ddc356bd-0ce3-404f-bae8-20d23d4410bd,32,7.575,spark,hold:spark:hysteresis_or_improvement_gate,ok,55.05,1788493171.3593326,45.72,6346.08,6520.532,0.0
False,0.0,1,6582.284,"{""agx"": 218.767, ""nano"": 465.199, ""spark"": 6583.757}",1788493178.1465926,32,18.519,request_completed,increasing,False,286.0,0.0,1374.141,cached_on_demand,1321098329,0.0,0.0,ACTIVE,concurrency_32,etri-ser0002-cgnmsb,dynamic,6583.757,30,29.416,,9d5078a9-98a0-4d4f-80ff-5a9f0ff519ad,32,7.821,spark,hold:spark:hysteresis_or_improvement_gate,ok,55.05,1788493171.5643067,46.121,6332.865,6508.88,0.0
False,0.0,1,6586.595,"{""agx"": 221.16, ""nano"": 462.258, ""spark"": 6608.832}",1788493178.3560688,32,18.787,request_completed,increasing,False,286.0,0.0,1374.141,cached_on_demand,1321098329,0.0,0.0,ACTIVE,concurrency_32,etri-ser0002-cgnmsb,dynamic,6608.832,30,29.416,,fcb5ae0e-e844-44a1-be28-a5f23622ce88,32,19.392,spark,hold:spark:hysteresis_or_improvement_gate,ok,55.0,1788493171.7694738,46.163,6325.577,6501.144,0.0
False,0.0,1,6589.255,"{""agx"": 221.247, ""nano"": 463.713, ""spark"": 6577.232}",1788493178.5644462,32,19.527,request_completed,increasing,False,286.0,0.0,1374.141,cached_on_demand,1321098329,0.0,0.0,ACTIVE,concurrency_32,etri-ser0002-cgnmsb,dynamic,6577.232,30,29.417,,f562018e-26b3-4459-bad6-437862c87b45,32,13.328,spark,hold:spark:hysteresis_or_improvement_gate,ok,55.05,1788493171.97519,45.935,6328.789,6504.668,0.0
False,0.0,1,6596.403,"{""agx"": 231.253, ""nano"": 476.133, ""spark"": 6535.034}",1788493178.7719088,32,100.0,request_completed,increasing,False,286.0,0.0,1374.141,cached_on_demand,1321098329,0.0,0.0,ACTIVE,concurrency_32,etri-ser0002-cgnmsb,dynamic,6535.034,30,29.418,,704b0f5c-676f-4817-89ad-cd2b880aad4e,32,13.626,spark,hold:spark:hysteresis_or_improvement_gate,ok,54.05,1788493172.1755047,46.283,6248.671,6422.494,0.0
False,0.0,1,6604.292,"{""agx"": 221.244, ""nano"": 465.666, ""spark"": 6532.446}",1788493178.981408,32,18.815,request_completed,increasing,False,286.0,0.0,1374.141,cached_on_demand,1321098329,0.0,0.0,ACTIVE,concurrency_32,etri-ser0002-cgnmsb,dynamic,6532.446,30,29.418,,f4ff6489-8ad7-40d9-9cff-a2db92bfaae0,32,8.958,spark,hold:spark:hysteresis_or_improvement_gate,ok,55.0,1788493172.377116,46.184,6350.723,6525.734,0.0
False,0.0,1,6600.158,"{""agx"": 221.248, ""nano"": 464.303, ""spark"": 6564.291}",1788493179.1881444,32,18.504,request_completed,increasing,False,286.0,0.0,1374.141,cached_on_demand,1321098329,0.0,0.0,ACTIVE,concurrency_32,etri-ser0002-cgnmsb,dynamic,6564.291,30,29.42,,d621c68c-6136-4e6f-beb9-bdddf40e43d3,32,9.891,spark,hold:spark:hysteresis_or_improvement_gate,ok,54.05,1788493172.5879855,46.237,6348.098,6521.366,0.0
False,0.0,1,6594.407,"{""agx"": 223.118, ""nano"": 466.117, ""spark"": 6597.335}",1788493179.3911924,32,19.846,request_completed,increasing,False,286.0,0.0,1374.141,cached_on_demand,1321098329,0.0,0.0,ACTIVE,concurrency_32,etri-ser0002-cgnmsb,dynamic,6597.335,30,29.42,,4aa02e28-cdfa-4400-a39c-f43985aac86c,32,18.263,spark,hold:spark:hysteresis_or_improvement_gate,ok,55.0,1788493172.7967844,46.4,6328.968,6503.406,0.0
False,0.0,1,6598.906,"{""agx"": 225.063, ""nano"": 463.527, ""spark"": 6573.443}",1788493179.598305,32,18.981,request_completed,increasing,False,286.0,0.0,1374.141,cached_on_demand,1321098329,0.0,0.0,ACTIVE,concurrency_32,etri-ser0002-cgnmsb,dynamic,6573.443,30,29.42,,535edadf-4b4c-4d87-8010-a11adca03bf1,32,13.667,spark,hold:spark:hysteresis_or_improvement_gate,ok,55.05,1788493172.999398,45.735,6336.632,6512.466,0.0
False,0.0,1,6602.466,"{""agx"": 220.08, ""nano"": 465.046, ""spark"": 6541.726}",1788493179.802346,32,18.219,request_completed,increasing,False,286.0,0.0,1374.141,cached_on_demand,1321098329,0.0,0.0,ACTIVE,concurrency_32,etri-ser0002-cgnmsb,dynamic,6541.726,30,29.42,,813b3c45-a9c6-4ea6-a5b8-aefb0c12c9c9,32,20.766,spark,hold:spark:hysteresis_or_improvement_gate,ok,54.05,1788493173.1998792,46.108,6337.348,6511.314,0.0
False,0.0,1,6608.412,"{""agx"": 207.533, ""nano"": 464.584, ""spark"": 6530.735}",1788493180.0088427,32,18.31,request_completed,increasing,False,286.0,0.0,1374.141,cached_on_demand,1321098329,0.0,0.0,ACTIVE,concurrency_32,etri-ser0002-cgnmsb,dynamic,6530.735,30,29.42,,1169953d-2eb5-41bb-ad31-af39ecdee102,32,18.895,spark,hold:spark:hysteresis_or_improvement_gate,ok,55.0,1788493173.4004307,46.223,6366.012,6541.079,0.0
False,0.0,1,6610.437,"{""agx"": 207.885, ""nano"": 462.153, ""spark"": 6550.792}",1788493180.2165542,32,18.351,request_completed,increasing,False,286.0,0.0,1374.145,cached_on_demand,1321098329,0.0,0.0,ACTIVE,concurrency_32,etri-ser0002-cgnmsb,dynamic,6550.792,30,29.42,,efcbc7be-54a9-47a9-8007-ef74624ea034,32,16.712,spark,hold:spark:hysteresis_or_improvement_gate,ok,54.05,1788493173.606118,46.374,6373.578,6548.588,0.0
False,0.0,1,6607.187,"{""agx"": 207.927, ""nano"": 464.963, ""spark"": 6584.724}",1788493180.4224792,32,18.738,request_completed,increasing,False,286.0,0.0,1374.145,cached_on_demand,1321098329,0.0,0.0,ACTIVE,concurrency_32,etri-ser0002-cgnmsb,dynamic,6584.724,30,29.42,,a7548149-0290-466c-a4ce-87bdd4d3e121,32,16.116,spark,hold:spark:hysteresis_or_improvement_gate,ok,55.05,1788493173.8152926,46.267,6369.277,6543.469,0.0
False,0.0,1,6610.866,"{""agx"": 207.3, ""nano"": 465.041, ""spark"": 6567.419}",1788493180.630318,32,16.667,request_completed,increasing,False,286.0,0.0,1374.145,cached_on_demand,1321098329,0.0,0.0,ACTIVE,concurrency_32,etri-ser0002-cgnmsb,dynamic,6567.419,30,29.419,,718e76ba-25fb-4164-a131-74116b70a1f9,32,6.267,spark,hold:spark:hysteresis_or_improvement_gate,ok,55.05,1788493174.0194514,45.852,6386.663,6561.869,0.0
False,0.0,1,6611.918,"{""agx"": 207.158, ""nano"": 469.083, ""spark"": 6566.639}",1788493180.836585,32,19.048,request_completed,increasing,False,286.0,0.0,1374.145,cached_on_demand,1321098329,0.0,0.0,ACTIVE,concurrency_32,etri-ser0002-cgnmsb,dynamic,6566.639,30,29.42,,fda8b6b3-ce10-44cf-92e5-b1c8df57773d,32,17.839,spark,hold:spark:hysteresis_or_improvement_gate,ok,55.05,1788493174.2246678,45.581,6354.138,6529.675,0.0
False,0.0,1,6616.591,"{""agx"": 217.811, ""nano"": 464.542, ""spark"": 6539.308}",1788493181.0430276,32,20.0,request_completed,increasing,False,286.0,0.0,1374.145,cached_on_demand,1321098329,0.0,0.0,ACTIVE,concurrency_32,etri-ser0002-cgnmsb,dynamic,6539.308,30,29.422,,90ff8f61-a0b5-4a90-bdfe-a42445522c68,32,7.916,spark,hold:spark:hysteresis_or_improvement_gate,ok,54.05,1788493174.4264371,45.815,6366.264,6543.571,0.0
False,0.0,1,6618.284,"{""agx"": 223.161, ""nano"": 463.09, ""spark"": 6542.506}",1788493181.2516148,32,19.962,request_completed,increasing,False,286.0,0.0,1374.145,cached_on_demand,1321098329,0.0,0.0,ACTIVE,concurrency_32,etri-ser0002-cgnmsb,dynamic,6542.506,30,29.422,,66fd435a-93f8-4875-bcfd-4ada958ebf43,32,18.826,spark,hold:spark:hysteresis_or_improvement_gate,ok,55.05,1788493174.6333292,45.847,6352.871,6528.227,0.0
False,0.0,1,6615.319,"{""agx"": 217.121, ""nano"": 468.911, ""spark"": 6594.154}",1788493181.4594424,32,21.02,request_completed,increasing,False,286.0,0.0,1374.145,cached_on_demand,1321098329,0.0,0.0,ACTIVE,concurrency_32,etri-ser0002-cgnmsb,dynamic,6594.154,30,29.423,,9826cbbf-6807-4214-bd97-b6e0eee7cc77,32,17.45,spark,hold:spark:hysteresis_or_improvement_gate,ok,55.0,1788493174.8441226,45.366,6352.148,6530.925,0.0
False,0.0,0,733.926,"{""agx"": 1410.358, ""nano"": 483.437, ""spark"": 1419.342}",1788493182.394186,1,17.308,request_completed,burst,False,,,1657.801,cached_on_demand,1321098329,0.0,0.0,ACTIVE,segment_1_c1,etri-dev0001-jetorn,dynamic,483.437,0,42.06,,75d6c53a-8939-41c7-8e52-ce29f3a3d35a,1,40.75,nano,hold:nano:hysteresis_or_improvement_gate,ok,40.156,1788493181.6602602,17.116,127.333,595.564,0.0
False,0.0,0,482.819,"{""agx"": 1421.379, ""nano"": 496.49, ""spark"": 1416.138}",1788493182.8809168,1,95.349,request_completed,burst,False,,,1657.801,cached_on_demand,1321098329,0.0,0.0,ACTIVE,segment_1_c1,etri-dev0001-jetorn,dynamic,496.49,0,42.063,,137cdf0b-ee9d-493f-96a5-2f7092584a4f,1,15.591,nano,hold:nano:hysteresis_or_improvement_gate,ok,40.843,1788493182.3980968,24.436,67.763,395.778,0.0
False,0.0,0,484.396,"{""agx"": 1430.472, ""nano"": 478.519, ""spark"": 1406.809}",1788493183.3687637,1,88.889,request_completed,burst,False,,,1657.801,cached_on_demand,1321098329,0.0,0.0,ACTIVE,segment_1_c1,etri-dev0001-jetorn,dynamic,478.519,0,42.063,,39071dcd-7d65-47fe-9831-153ab498dd0d,1,18.903,nano,hold:nano:hysteresis_or_improvement_gate,ok,41.0,1788493182.884367,24.587,65.407,389.174,0.0
False,0.0,0,448.923,"{""agx"": 1424.901, ""nano"": 459.175, ""spark"": 1413.09}",1788493183.8211992,1,82.131,request_completed,burst,False,,,1657.801,cached_on_demand,1321098329,0.0,0.0,ACTIVE,segment_1_c1,etri-dev0001-jetorn,dynamic,459.175,0,42.063,,e8c00883-9756-47b4-9c86-c9a9f4771de9,1,17.173,nano,hold:nano:hysteresis_or_improvement_gate,ok,41.218,1788493183.372275,26.536,69.041,369.486,0.0
False,0.0,0,448.68,"{""agx"": 1421.174, ""nano"": 437.164, ""spark"": 1416.039}",1788493184.271751,1,84.701,request_completed,burst,False,,,1657.801,cached_on_demand,1321098329,0.0,0.0,ACTIVE,segment_1_c1,etri-dev0001-jetorn,dynamic,437.164,0,42.063,,38902ddc-66fa-4c74-897c-46db89d07ff9,1,13.294,nano,hold:nano:hysteresis_or_improvement_gate,ok,41.468,1788493183.8230708,24.711,51.215,374.185,0.0
False,0.0,0,461.5,"{""agx"": 1419.539, ""nano"": 428.811, ""spark"": 1417.156}",1788493184.7369645,1,97.778,request_completed,burst,False,,,1657.801,cached_on_demand,1321098329,0.0,0.0,ACTIVE,segment_1_c1,etri-dev0001-jetorn,dynamic,428.811,0,42.063,,d7b5d098-8c03-4120-90cd-9168b78e4cea,1,17.365,nano,hold:nano:hysteresis_or_improvement_gate,ok,41.593,1788493184.2754638,25.637,68.753,380.797,0.0
False,0.0,0,423.203,"{""agx"": 1412.306, ""nano"": 423.122, ""spark"": 1405.864}",1788493185.1635296,1,84.588,request_completed,burst,False,,,1657.801,cached_on_demand,1321098329,0.0,0.0,ACTIVE,segment_1_c1,etri-dev0001-jetorn,dynamic,423.122,0,42.065,,0fc51ef2-60f8-4abb-8fd0-da1db46214af,1,19.341,nano,hold:nano:hysteresis_or_improvement_gate,ok,41.562,1788493184.7403255,25.904,48.501,360.436,0.0
False,0.0,0,413.415,"{""agx"": 1424.609, ""nano"": 410.009, ""spark"": 1406.482}",1788493185.5802603,1,80.645,request_completed,burst,False,,,1657.801,cached_on_demand,1321098329,0.0,0.0,ACTIVE,segment_1_c1,etri-dev0001-jetorn,dynamic,410.009,0,42.063,,4c939c30-9c4d-4e55-b546-fb485ce23028,1,17.075,nano,hold:nano:hysteresis_or_improvement_gate,ok,41.437,1788493185.1668441,27.45,49.453,341.359,0.0
False,0.0,0,415.677,"{""agx"": 1408.649, ""nano"": 391.928, ""spark"": 1411.358}",1788493185.9967856,1,85.656,request_completed,burst,False,,,1657.801,cached_on_demand,1321098329,0.0,0.0,ACTIVE,segment_1_c1,etri-dev0001-jetorn,dynamic,391.928,0,42.065,,94146b5e-5d8a-4fca-9d27-c2d51c95f5a0,1,11.891,nano,hold:nano:hysteresis_or_improvement_gate,ok,41.718,1788493185.5811093,26.149,59.965,367.741,0.0
False,0.0,0,451.916,"{""agx"": 1424.192, ""nano"": 391.521, ""spark"": 1407.242}",1788493186.452701,1,89.683,request_completed,burst,False,,,1657.801,cached_on_demand,1321098329,0.0,0.0,ACTIVE,segment_1_c1,etri-dev0001-jetorn,dynamic,391.521,0,42.068,,77b9b3b5-6756-4696-b786-10b7e29560c7,1,14.561,nano,hold:nano:hysteresis_or_improvement_gate,ok,41.625,1788493186.0007849,24.807,57.841,381.699,0.0
False,0.0,0,468.966,"{""agx"": 1420.641, ""nano"": 394.578, ""spark"": 1410.206}",1788493186.925157,1,95.968,request_completed,burst,False,,,1657.801,cached_on_demand,1321098329,0.0,0.0,ACTIVE,segment_1_c1,etri-dev0001-jetorn,dynamic,394.578,0,42.068,,d9042cce-166f-40e2-83ba-b6b9336be75a,1,16.437,nano,hold:nano:hysteresis_or_improvement_gate,ok,42.0,1788493186.4561903,23.773,60.631,392.68,0.0
False,0.0,0,472.803,"{""agx"": 1420.328, ""nano"": 399.791, ""spark"": 1405.581}",1788493187.4023712,1,96.35,request_completed,burst,False,,,1657.801,cached_on_demand,1321098329,0.0,0.0,ACTIVE,segment_1_c1,etri-dev0001-jetorn,dynamic,399.791,0,42.064,,cd66e22e-b0d9-48b5-91b8-93a5556cfcff,1,18.018,nano,hold:nano:hysteresis_or_improvement_gate,ok,41.75,1788493186.9295676,23.269,58.132,403.821,0.0
False,0.0,0,494.76,"{""agx"": 1425.364, ""nano"": 408.42, ""spark"": 1406.178}",1788493187.9005702,1,0.0,request_completed,burst,False,,,1657.801,cached_on_demand,1321098329,0.0,0.0,ACTIVE,segment_1_c1,etri-dev0001-jetorn,dynamic,408.42,0,42.068,,646373e1-b9c3-4959-bba1-cb6acb2b243e,1,21.138,nano,hold:nano:hysteresis_or_improvement_gate,ok,41.843,1788493187.4058092,22.731,53.447,409.35,0.0
False,0.0,0,474.32,"{""agx"": 1421.87, ""nano"": 409.908, ""spark"": 1407.479}",1788493188.3766766,1,84.014,request_completed,burst,False,,,1657.801,cached_on_demand,1321098329,0.0,0.0,ACTIVE,segment_1_c1,etri-dev0001-jetorn,dynamic,409.908,0,42.07,,003b811e-d181-483c-94d9-78a482697300,1,17.112,nano,hold:nano:hysteresis_or_improvement_gate,ok,41.906,1788493187.9023566,24.052,74.9,402.623,0.0
False,0.0,0,452.639,"{""agx"": 1420.588, ""nano"": 411.592, ""spark"": 1416.483}",1788493188.832551,1,86.667,request_completed,burst,False,,,1657.801,cached_on_demand,1321098329,0.0,0.0,ACTIVE,segment_1_c1,etri-dev0001-jetorn,dynamic,411.592,0,42.07,,2dde8886-40a1-469b-9ac9-21629f640818,1,16.342,nano,hold:nano:hysteresis_or_improvement_gate,ok,41.812,1788493188.3799114,25.362,62.665,374.471,0.0
False,0.0,0,420.665,"{""agx"": 1421.864, ""nano"": 404.923, ""spark"": 1409.396}",1788493189.2568152,1,97.462,request_completed,burst,False,,,1657.801,cached_on_demand,1321098329,0.0,0.0,ACTIVE,segment_1_c1,etri-dev0001-jetorn,dynamic,404.923,0,42.072,,553efe8b-041f-48e9-bc33-39152979ec31,1,14.871,nano,hold:nano:hysteresis_or_improvement_gate,ok,41.906,1788493188.8361487,26.963,53.51,347.258,0.0
False,0.0,0,457.845,"{""agx"": 1419.045, ""nano"": 397.652, ""spark"": 1407.461}",1788493189.7167816,1,84.252,request_completed,burst,False,,,1657.801,cached_on_demand,1321098329,0.0,0.0,ACTIVE,segment_1_c1,etri-dev0001-jetorn,dynamic,397.652,0,42.072,,6f9a4325-edb6-46f7-9da2-2b903cbeb7ab,1,18.301,nano,hold:nano:hysteresis_or_improvement_gate,ok,42.187,1788493189.2589362,25.067,67.516,387.27,0.0
False,0.0,0,410.627,"{""agx"": 1406.862, ""nano"": 393.745, ""spark"": 1406.919}",1788493190.1282911,1,100.0,request_completed,burst,False,,,1657.801,cached_on_demand,1321098329,0.0,0.0,ACTIVE,segment_1_c1,etri-dev0001-jetorn,dynamic,393.745,0,42.072,,a5d7b10a-fcc6-4354-90af-75003bd663b8,1,12.418,nano,hold:nano:hysteresis_or_improvement_gate,ok,41.968,1788493189.7176645,25.556,54.471,370.438,0.0
False,0.0,0,398.502,"{""agx"": 1407.439, ""nano"": 395.712, ""spark"": 1404.736}",1788493190.527635,1,90.837,request_completed,burst,False,,,1657.801,cached_on_demand,1321098329,0.0,0.0,ACTIVE,segment_1_c1,etri-dev0001-jetorn,dynamic,395.712,0,42.072,,545a7cf7-d3fa-4900-972b-432899eb91e1,1,17.11,nano,hold:nano:hysteresis_or_improvement_gate,ok,42.156,1788493190.129133,26.654,56.395,351.032,0.0
False,0.0,0,528.173,"{""agx"": 1420.2, ""nano"": 386.705, ""spark"": 1406.812}",1788493191.0594666,1,90.336,request_completed,burst,False,,,1657.801,cached_on_demand,1321098329,0.0,0.0,ACTIVE,segment_1_c1,etri-dev0001-jetorn,dynamic,386.705,0,42.069,,f2803fb0-3a80-4e9b-b905-8636a278f55d,1,14.998,nano,hold:nano:hysteresis_or_improvement_gate,ok,42.0,1788493190.5312927,25.367,143.57,457.988,0.0
False,0.0,0,453.482,"{""agx"": 1423.203, ""nano"": 410.992, ""spark"": 1417.508}",1788493191.5164506,1,97.222,request_completed,burst,False,,,1657.801,cached_on_demand,1321098329,0.0,0.0,ACTIVE,segment_1_c1,etri-dev0001-jetorn,dynamic,410.992,0,42.072,,21490694-9953-49ad-b953-3c20cd5a1580,1,17.718,nano,hold:nano:hysteresis_or_improvement_gate,ok,42.375,1788493191.0629673,26.59,62.697,366.679,0.0
False,0.0,0,606.897,"{""agx"": 1407.24, ""nano"": 400.937, ""spark"": 1414.418}",1788493192.1242278,1,82.847,request_completed,burst,False,,,1657.801,cached_on_demand,1321098329,0.0,0.0,ACTIVE,segment_1_c1,etri-dev0001-jetorn,dynamic,400.937,0,42.074,,fa43f21c-aa8d-4794-a5fa-144f3c23dfca,1,14.315,nano,hold:nano:hysteresis_or_improvement_gate,ok,42.0,1788493191.517331,21.765,187.731,555.597,0.0
False,0.0,0,498.208,"{""agx"": 1407.444, ""nano"": 446.443, ""spark"": 1403.217}",1788493192.6235642,1,97.222,request_completed,burst,False,,,1657.801,cached_on_demand,1321098329,0.0,0.0,ACTIVE,segment_1_c1,etri-dev0001-jetorn,dynamic,446.443,0,42.075,,2308eb88-4724-4ad9-96f9-b4719675224e,1,17.58,nano,hold:nano:hysteresis_or_improvement_gate,ok,42.343,1788493192.1253564,20.201,57.974,452.543,0.0
False,0.0,0,461.148,"{""agx"": 1423.254, ""nano"": 452.04, ""spark"": 1409.473}",1788493193.0883305,1,97.97,request_completed,burst,False,,,1657.801,cached_on_demand,1321098329,0.0,0.0,ACTIVE,segment_1_c1,etri-dev0001-jetorn,dynamic,452.04,0,42.07,,3d7f86b5-10de-45e9-a518-16ee6b56321e,1,17.26,nano,hold:nano:hysteresis_or_improvement_gate,ok,42.187,1788493192.627182,26.573,79.715,382.869,0.0
False,0.0,0,413.078,"{""agx"": 1410.316, ""nano"": 441.121, ""spark"": 1409.972}",1788493193.5041678,1,83.513,request_completed,burst,False,,,1657.801,cached_on_demand,1321098329,0.0,0.0,ACTIVE,segment_1_c1,etri-dev0001-jetorn,dynamic,441.121,0,42.073,,9fedd3c1-802f-4c03-9153-67ed0a6d14a8,1,19.322,nano,hold:nano:hysteresis_or_improvement_gate,ok,42.375,1788493193.0910892,26.459,52.716,355.526,0.0
False,0.0,0,442.624,"{""agx"": 1421.87, ""nano"": 422.342, ""spark"": 1417.321}",1788493193.9502778,1,93.939,request_completed,burst,False,,,1657.801,cached_on_demand,1321098329,0.0,0.0,ACTIVE,segment_1_c1,etri-dev0001-jetorn,dynamic,422.342,0,42.07,,f1c45cfe-e1b8-49ce-a91a-05a61327cb46,1,17.114,nano,hold:nano:hysteresis_or_improvement_gate,ok,42.156,1788493193.5076525,27.126,57.962,351.642,0.0
False,0.0,0,466.05,"{""agx"": 1423.906, ""nano"": 409.669, ""spark"": 1417.445}",1788493194.4185996,1,80.755,request_completed,burst,False,,,1657.801,cached_on_demand,1321098329,0.0,0.0,ACTIVE,segment_1_c1,etri-dev0001-jetorn,dynamic,409.669,0,42.07,,3aed5a80-486c-4a53-a2fe-483a7d5c28ce,1,17.84,nano,hold:nano:hysteresis_or_improvement_gate,ok,42.468,1788493193.9525495,24.644,52.978,374.648,0.0
False,0.0,0,446.743,"{""agx"": 1421.313, ""nano"": 405.744, ""spark"": 1407.318}",1788493194.868789,1,97.26,request_completed,burst,False,,,1657.801,cached_on_demand,1321098329,0.0,0.0,ACTIVE,segment_1_c1,etri-dev0001-jetorn,dynamic,405.744,0,42.069,,d0d43901-56db-4afd-84cb-e8478e642e94,1,18.214,nano,hold:nano:hysteresis_or_improvement_gate,ok,42.218,1788493194.4220445,25.682,56.803,372.813,0.0
False,0.0,0,440.335,"{""agx"": 1423.001, ""nano"": 398.371, ""spark"": 1416.928}",1788493195.312742,1,97.701,request_completed,burst,False,,,1657.801,cached_on_demand,1321098329,0.0,0.0,ACTIVE,segment_1_c1,etri-dev0001-jetorn,dynamic,398.371,0,42.069,,147bd73c-2021-4ccb-a87c-851c6424d80f,1,14.523,nano,hold:nano:hysteresis_or_improvement_gate,ok,42.656,1788493194.872406,26.961,56.813,356.792,0.0
False,0.0,0,445.267,"{""agx"": 1426.328, ""nano"": 394.567, ""spark"": 1408.425}",1788493195.7614603,1,82.197,request_completed,burst,False,,,1657.801,cached_on_demand,1321098329,0.0,0.0,ACTIVE,segment_1_c1,etri-dev0001-jetorn,dynamic,394.567,0,42.069,,c6ff8bd0-3f55-4368-9da0-3c35069143be,1,17.486,nano,hold:nano:hysteresis_or_improvement_gate,ok,42.468,1788493195.3161917,26.473,61.525,362.66,0.0
False,0.0,0,546.987,"{""agx"": 1408.721, ""nano"": 392.338, ""spark"": 1414.006}",1788493196.3092794,1,85.115,request_completed,burst,False,,,1657.801,cached_on_demand,1321098329,0.0,0.0,ACTIVE,segment_1_c1,etri-dev0001-jetorn,dynamic,392.338,0,42.075,,6c17c140-615a-4e44-af74-bb02365c47b9,1,18.865,nano,hold:nano:hysteresis_or_improvement_gate,ok,42.437,1788493195.7622924,20.568,95.748,479.947,0.0
False,0.0,0,811.604,"{""agx"": 1422.384, ""nano"": 419.606, ""spark"": 1416.132}",1788493197.124385,1,91.515,request_completed,burst,False,,,1657.801,cached_on_demand,1321098329,0.0,0.0,ACTIVE,segment_1_c1,etri-dev0001-jetorn,dynamic,419.606,0,42.075,,895ef124-bceb-4145-86af-98346452c5c5,1,19.517,nano,hold:nano:hysteresis_or_improvement_gate,ok,42.343,1788493196.3127792,13.455,128.405,724.028,0.0
False,0.0,0,623.082,"{""agx"": 1412.254, ""nano"": 497.274, ""spark"": 1414.024}",1788493197.7483501,1,95.896,request_completed,burst,False,,,1657.801,cached_on_demand,1321098329,0.0,0.0,ACTIVE,segment_1_c1,etri-dev0001-jetorn,dynamic,497.274,0,42.08,,e788124a-1a73-4699-93b8-96e6913b4324,1,16.204,nano,hold:nano:hysteresis_or_improvement_gate,ok,42.343,1788493197.1252677,18.006,120.55,560.503,0.0
False,0.0,0,451.874,"{""agx"": 1412.404, ""nano"": 518.977, ""spark"": 1412.049}",1788493198.201121,1,96.094,request_completed,burst,False,,,1657.801,cached_on_demand,1321098329,0.0,0.0,ACTIVE,segment_1_c1,etri-dev0001-jetorn,dynamic,518.977,0,42.08,,304fdf4f-3254-4c1d-9cdf-f9da2cc04b07,1,18.051,nano,hold:nano:hysteresis_or_improvement_gate,ok,42.093,1788493197.7492468,24.775,72.439,393.047,0.0
False,0.0,0,434.924,"{""agx"": 1418.329, ""nano"": 490.028, ""spark"": 1407.266}",1788493198.6368177,1,89.259,request_completed,burst,False,,,1657.801,cached_on_demand,1321098329,0.0,0.0,ACTIVE,segment_1_c1,etri-dev0001-jetorn,dynamic,490.028,0,42.079,,3322b904-6be4-44fe-b07a-a4304371b843,1,16.075,nano,hold:nano:hysteresis_or_improvement_gate,ok,42.468,1788493198.2018948,26.505,58.59,358.533,0.0
False,0.0,0,460.214,"{""agx"": 1431.096, ""nano"": 464.175, ""spark"": 1424.042}",1788493199.1005466,1,84.848,request_completed,burst,False,,,1657.801,cached_on_demand,1321098329,0.0,0.0,ACTIVE,segment_1_c1,etri-dev0001-jetorn,dynamic,464.175,0,42.08,,8eb261ee-2cb1-48ae-a762-9b4c746e3a6a,1,19.08,nano,hold:nano:hysteresis_or_improvement_gate,ok,42.437,1788493198.6403317,26.926,63.47,361.509,0.0
False,0.0,0,436.645,"{""agx"": 1408.255, ""nano"": 441.588, ""spark"": 1411.741}",1788493199.5393958,1,81.685,request_completed,burst,False,,,1657.801,cached_on_demand,1321098329,0.0,0.0,ACTIVE,segment_1_c1,etri-dev0001-jetorn,dynamic,441.588,0,42.076,,2989e083-55c4-40bf-8dbc-0de87a73fdc2,1,17.392,nano,hold:nano:hysteresis_or_improvement_gate,ok,42.593,1788493199.1027508,25.134,65.455,383.777,0.0
False,0.0,0,450.087,"{""agx"": 1427.444, ""nano"": 429.494, ""spark"": 1407.798}",1788493199.992908,1,89.313,request_completed,burst,False,,,1657.801,cached_on_demand,1321098329,0.0,0.0,ACTIVE,segment_1_c1,etri-dev0001-jetorn,dynamic,429.494,0,42.079,,631e8528-b7d2-4d32-8b5f-9215b2f91259,1,15.405,nano,hold:nano:hysteresis_or_improvement_gate,ok,42.625,1788493199.54282,25.191,51.071,370.727,0.0
False,0.0,0,454.313,"{""agx"": 1418.412, ""nano"": 419.313, ""spark"": 1414.86}",1788493200.4509976,1,97.101,request_completed,burst,False,,,1657.801,cached_on_demand,1321098329,0.0,0.0,ACTIVE,segment_1_c1,etri-dev0001-jetorn,dynamic,419.313,0,42.079,,5ea73cf3-3850-4ef7-82e2-3c4132a474f5,1,16.067,nano,hold:nano:hysteresis_or_improvement_gate,ok,42.781,1788493199.9966831,25.032,61.23,378.977,0.0
False,0.0,0,424.01,"{""agx"": 1419.803, ""nano"": 413.118, ""spark"": 1406.84}",1788493200.878656,1,85.401,request_completed,burst,False,,,1657.801,cached_on_demand,1321098329,0.0,0.0,ACTIVE,segment_1_c1,etri-dev0001-jetorn,dynamic,413.118,0,42.054,,bbaa48fa-a16a-43f3-9396-11c6e9ecb8bc,1,15.942,nano,hold:nano:hysteresis_or_improvement_gate,ok,42.656,1788493200.4546447,27.211,59.569,353.704,0.0
False,0.0,0,415.464,"{""agx"": 1406.703, ""nano"": 417.054, ""spark"": 1403.06}",1788493201.295566,1,20.0,request_completed,burst,False,,,1657.801,cached_on_demand,1321098329,0.0,0.0,ACTIVE,segment_1_c1,etri-dev0001-jetorn,dynamic,417.054,0,42.058,,91f96def-78f0-4734-8dfb-fc6ba7dc5982,1,30.749,nano,hold:nano:hysteresis_or_improvement_gate,ok,42.718,1788493200.8801024,26.844,55.291,353.913,0.0
False,0.0,0,458.141,"{""agx"": 1419.161, ""nano"": 391.707, ""spark"": 1415.328}",1788493201.7568848,1,87.854,request_completed,burst,False,,,1657.801,cached_on_demand,1321098329,0.0,0.0,ACTIVE,segment_1_c1,etri-dev0001-jetorn,dynamic,391.707,0,42.055,,341e74d7-20bf-4f13-b096-c467a0f2f2d7,1,13.502,nano,hold:nano:hysteresis_or_improvement_gate,ok,42.5,1788493201.2987428,25.561,51.647,364.189,0.0
False,0.0,0,425.554,"{""agx"": 1406.879, ""nano"": 389.339, ""spark"": 1409.349}",1788493202.1832926,1,97.297,request_completed,burst,False,,,1657.801,cached_on_demand,1321098329,0.0,0.0,ACTIVE,segment_1_c1,etri-dev0001-jetorn,dynamic,389.339,0,42.055,,769b9f94-22c9-4a71-9b8b-2811678fcb58,1,14.641,nano,hold:nano:hysteresis_or_improvement_gate,ok,43.187,1788493201.7577395,24.836,55.248,377.378,0.0
False,0.0,0,437.918,"{""agx"": 1408.165, ""nano"": 396.092, ""spark"": 1413.721}",1788493202.6248157,1,95.556,request_completed,burst,False,,,1657.801,cached_on_demand,1321098329,0.0,0.0,ACTIVE,segment_1_c1,etri-dev0001-jetorn,dynamic,396.092,0,42.058,,b3c28e46-b2b0-42e6-8ead-1018127fc97f,1,20.727,nano,hold:nano:hysteresis_or_improvement_gate,ok,42.906,1788493202.1868968,25.5,54.789,370.736,0.0
False,0.0,0,440.327,"{""agx"": 1416.481, ""nano"": 390.427, ""spark"": 1407.65}",1788493203.0687056,1,95.021,request_completed,burst,False,,,1657.801,cached_on_demand,1321098329,0.0,0.0,ACTIVE,segment_1_c1,etri-dev0001-jetorn,dynamic,390.427,0,42.057,,76c65a45-d129-4c26-a5d0-8b4883a5b35e,1,16.222,nano,hold:nano:hysteresis_or_improvement_gate,ok,43.031,1788493202.6283774,24.63,51.479,379.195,0.0
False,0.0,0,428.65,"{""agx"": 1418.618, ""nano"": 391.866, ""spark"": 1416.928}",1788493203.5008674,1,86.842,request_completed,burst,False,,,1657.801,cached_on_demand,1321098329,0.0,0.0,ACTIVE,segment_1_c1,etri-dev0001-jetorn,dynamic,391.866,0,42.057,,aff55b54-75ed-4d29-b92b-93da5b1b491b,1,16.416,nano,hold:nano:hysteresis_or_improvement_gate,ok,42.875,1788493203.072216,27.076,53.711,349.533,0.0
False,0.0,0,427.051,"{""agx"": 1421.905, ""nano"": 383.881, ""spark"": 1414.763}",1788493203.9314535,1,89.496,request_completed,burst,False,,,1657.801,cached_on_demand,1321098329,0.0,0.0,ACTIVE,segment_1_c1,etri-dev0001-jetorn,dynamic,383.881,0,42.057,,28f0ef5d-8bd0-40d5-b111-c1d54f64337e,1,14.913,nano,hold:nano:hysteresis_or_improvement_gate,ok,43.093,1788493203.5044014,27.061,53.845,348.919,0.0
False,0.0,0,461.086,"{""agx"": 1424.6, ""nano"": 382.002, ""spark"": 1414.741}",1788493204.3960717,1,83.012,request_completed,burst,False,,,1657.801,cached_on_demand,1321098329,0.0,0.0,ACTIVE,segment_1_c1,etri-dev0001-jetorn,dynamic,382.002,0,42.057,,e8a18dfa-6af5-4cc2-a190-5ecea5e92171,1,18.049,nano,hold:nano:hysteresis_or_improvement_gate,ok,43.187,1788493203.9349842,25.072,56.427,375.69,0.0
False,0.0,0,439.309,"{""agx"": 1424.154, ""nano"": 384.985, ""spark"": 1417.084}",1788493204.8387074,1,96.241,request_completed,burst,False,,,1657.801,cached_on_demand,1321098329,0.0,0.0,ACTIVE,segment_1_c1,etri-dev0001-jetorn,dynamic,384.985,0,42.065,,7f8d5743-39ec-4c9e-b4a6-8db0aa47608c,1,18.101,nano,hold:nano:hysteresis_or_improvement_gate,ok,43.125,1788493204.3993979,27.185,59.106,348.793,0.0
False,0.0,0,493.457,"{""agx"": 1424.579, ""nano"": 377.835, ""spark"": 1406.274}",1788493205.3357818,1,82.129,request_completed,burst,False,,,1657.801,cached_on_demand,1321098329,0.0,0.0,ACTIVE,segment_1_c1,etri-dev0001-jetorn,dynamic,377.835,0,42.065,,a1e9b7fa-6da5-47ee-9f82-5f42a7a1e76a,1,15.476,nano,hold:nano:hysteresis_or_improvement_gate,ok,43.218,1788493204.8423235,26.649,119.452,417.84,0.0
False,0.0,0,430.977,"{""agx"": 1410.405, ""nano"": 397.014, ""spark"": 1413.962}",1788493205.7678442,1,0.0,request_completed,burst,False,,,1657.801,cached_on_demand,1321098329,0.0,0.0,ACTIVE,segment_1_c1,etri-dev0001-jetorn,dynamic,397.014,0,42.065,,43167750-2a54-4689-b178-1acc131f6e90,1,20.787,nano,hold:nano:hysteresis_or_improvement_gate,ok,43.0,1788493205.3368673,26.407,62.393,365.428,0.0
False,0.0,0,576.246,"{""agx"": 1408.813, ""nano"": 393.019, ""spark"": 1415.573}",1788493206.344978,1,87.645,request_completed,burst,False,,,1657.801,cached_on_demand,1321098329,0.0,0.0,ACTIVE,segment_1_c1,etri-dev0001-jetorn,dynamic,393.019,0,42.065,,45a1da2c-333a-472b-a06c-4262d769c282,1,19.495,nano,hold:nano:hysteresis_or_improvement_gate,ok,43.0,1788493205.7687328,23.719,175.995,511.9,0.0
False,0.0,0,472.31,"{""agx"": 1429.858, ""nano"": 424.156, ""spark"": 1415.863}",1788493206.8208308,1,88.116,request_completed,burst,False,,,1657.801,cached_on_demand,1321098329,0.0,0.0,ACTIVE,segment_1_c1,etri-dev0001-jetorn,dynamic,424.156,0,42.06,,6aa23472-8819-4cd7-ad4b-d5dac4acc516,1,16.041,nano,hold:nano:hysteresis_or_improvement_gate,ok,43.125,1788493206.3485193,25.453,70.118,381.929,0.0
False,0.0,0,469.676,"{""agx"": 1424.719, ""nano"": 418.371, ""spark"": 1406.853}",1788493207.2939682,1,95.0,request_completed,burst,False,,,1657.801,cached_on_demand,1321098329,0.0,0.0,ACTIVE,segment_1_c1,etri-dev0001-jetorn,dynamic,418.371,0,42.061,,88393e7b-9bb5-4d09-b795-016fcd266a41,1,16.807,nano,hold:nano:hysteresis_or_improvement_gate,ok,43.187,1788493206.8242342,23.836,54.424,395.998,0.0
False,0.0,0,528.8,"{""agx"": 1424.022, ""nano"": 418.847, ""spark"": 1417.647}",1788493207.824581,1,80.769,request_completed,burst,False,,,1657.801,cached_on_demand,1321098329,0.0,0.0,ACTIVE,segment_1_c1,etri-dev0001-jetorn,dynamic,418.847,0,42.061,,ae4795ea-aa6e-4ad2-a311-f70936915204,1,18.678,nano,hold:nano:hysteresis_or_improvement_gate,ok,43.093,1788493207.295781,21.182,52.452,432.383,0.0
False,0.0,0,502.231,"{""agx"": 1424.505, ""nano"": 425.376, ""spark"": 1415.65}",1788493208.3289049,1,98.104,request_completed,burst,False,,,1657.801,cached_on_demand,1321098329,0.0,0.0,ACTIVE,segment_1_c1,etri-dev0001-jetorn,dynamic,425.376,0,42.066,,1bea6147-7ea4-45c6-a19f-13cfc3eac8b2,1,17.157,nano,hold:nano:hysteresis_or_improvement_gate,ok,43.125,1788493207.8266735,22.957,68.43,416.242,0.0
False,0.0,0,527.281,"{""agx"": 1422.644, ""nano"": 428.761, ""spark"": 1415.022}",1788493208.8597817,1,83.553,request_completed,burst,False,,,1657.801,cached_on_demand,1321098329,0.0,0.0,ACTIVE,segment_1_c1,etri-dev0001-jetorn,dynamic,428.761,0,42.062,,23325ece-df48-448b-99b3-8a607c3b6a0e,1,18.54,nano,hold:nano:hysteresis_or_improvement_gate,ok,43.187,1788493208.3324997,22.627,81.781,436.472,0.0
False,0.0,0,449.457,"{""agx"": 1426.754, ""nano"": 434.055, ""spark"": 1415.483}",1788493209.3129458,1,96.269,request_completed,burst,False,,,1657.801,cached_on_demand,1321098329,0.0,0.0,ACTIVE,segment_1_c1,etri-dev0001-jetorn,dynamic,434.055,0,42.055,,ba569202-1d7d-4ac9-a94f-cd83c31d461e,1,17.275,nano,hold:nano:hysteresis_or_improvement_gate,ok,43.312,1788493208.863488,26.483,62.726,362.642,0.0
False,0.0,0,467.801,"{""agx"": 1425.338, ""nano"": 417.105, ""spark"": 1415.185}",1788493209.7823274,1,83.521,request_completed,burst,False,,,1657.801,cached_on_demand,1321098329,0.0,0.0,ACTIVE,segment_1_c1,etri-dev0001-jetorn,dynamic,417.105,0,42.058,,8133e58c-011a-40b4-9d81-24c0aa17f3a0,1,13.862,nano,hold:nano:hysteresis_or_improvement_gate,ok,43.437,1788493209.3145256,24.269,54.937,388.797,0.0
False,0.0,0,442.146,"{""agx"": 1410.86, ""nano"": 418.266, ""spark"": 1414.898}",1788493210.2252145,1,50.0,request_completed,burst,False,,,1657.801,cached_on_demand,1321098329,0.0,0.0,ACTIVE,segment_1_c1,etri-dev0001-jetorn,dynamic,418.266,0,42.063,,d7ac60fc-7c8b-4682-9448-015b5f3f6ca1,1,18.638,nano,hold:nano:hysteresis_or_improvement_gate,ok,43.343,1788493209.7830691,26.675,73.188,377.266,0.0
False,0.0,0,454.971,"{""agx"": 1423.015, ""nano"": 409.213, ""spark"": 1413.19}",1788493210.683741,1,86.09,request_completed,burst,False,,,1657.801,cached_on_demand,1321098329,0.0,0.0,ACTIVE,segment_1_c1,etri-dev0001-jetorn,dynamic,409.213,0,42.059,,fa0ae500-18fb-42a3-abb0-587c087e4043,1,15.178,nano,hold:nano:hysteresis_or_improvement_gate,ok,43.343,1788493210.2287688,26.781,75.497,374.222,0.0
False,0.0,0,469.189,"{""agx"": 1419.655, ""nano"": 405.928, ""spark"": 1416.446}",1788493211.1567276,1,82.609,request_completed,burst,False,,,1657.801,cached_on_demand,1321098329,0.0,0.0,ACTIVE,segment_1_c1,etri-dev0001-jetorn,dynamic,405.928,0,42.059,,ca83a24f-245c-4ed8-9d3d-b7f61be87576,1,16.849,nano,hold:nano:hysteresis_or_improvement_gate,ok,43.406,1788493210.6875377,24.911,61.245,385.042,0.0
False,0.0,0,411.293,"{""agx"": 1412.591, ""nano"": 404.409, ""spark"": 1412.928}",1788493211.5717134,1,96.685,request_completed,burst,False,,,1657.801,cached_on_demand,1321098329,0.0,0.0,ACTIVE,segment_1_c1,etri-dev0001-jetorn,dynamic,404.409,0,42.061,,bd327b15-d6ac-4571-8645-1536bf402dd6,1,16.343,nano,hold:nano:hysteresis_or_improvement_gate,ok,43.687,1788493211.1604185,27.194,60.377,351.625,0.0
False,0.0,0,436.376,"{""agx"": 1408.598, ""nano"": 400.371, ""spark"": 1409.617}",1788493212.0089383,1,86.905,request_completed,burst,False,,,1657.801,cached_on_demand,1321098329,0.0,0.0,ACTIVE,segment_1_c1,etri-dev0001-jetorn,dynamic,400.371,0,42.064,,869e35a7-c87d-49ec-b06f-133eca3dbaa0,1,21.418,nano,hold:nano:hysteresis_or_improvement_gate,ok,43.5,1788493211.5725636,25.268,60.532,380.614,0.0
False,0.0,0,547.372,"{""agx"": 1431.335, ""nano"": 396.491, ""spark"": 1418.516}",1788493212.56355,16,0.0,request_completed,burst,False,,,1657.801,cached_on_demand,1321098329,0.0,0.0,ACTIVE,segment_2_c16,etri-dev0001-jetorn,dynamic,396.491,0,42.064,,3fefea77-3c62-4b73-8449-813a1c3ba845,16,17.126,nano,hold:nano:hysteresis_or_improvement_gate,ok,43.5,1788493212.0161774,21.588,82.044,444.186,0.0
False,0.0,1,977.025,"{""agx"": 1408.2, ""nano"": 774.937, ""spark"": 1411.18}",1788493212.9966867,16,14.286,request_completed,burst,False,,,1657.801,cached_on_demand,1321098329,0.0,0.0,ACTIVE,segment_2_c16,etri-dev0001-jetorn,dynamic,774.937,0,42.061,,f51a223c-f8e2-41f1-a202-56da237ab77c,16,16.207,nano,hold:nano:hysteresis_or_improvement_gate,ok,42.75,1788493212.0196607,21.899,415.838,779.799,0.0
False,0.0,1,1408.151,"{""agx"": 1422.157, ""nano"": 842.699, ""spark"": 1418.352}",1788493213.4288502,16,97.5,request_completed,burst,False,,,1657.801,cached_on_demand,1321098329,0.0,0.0,ACTIVE,segment_2_c16,etri-dev0001-jetorn,dynamic,842.699,0,42.064,,ad6cae27-cb4e-467a-ae0b-2b7d797342e5,16,83.969,nano,hold:nano:hysteresis_or_improvement_gate,ok,43.593,1788493212.0206988,22.006,703.239,1067.213,0.0
False,0.0,1,1819.377,"{""agx"": 1418.852, ""nano"": 1618.625, ""spark"": 1406.164}",1788493213.8408053,16,98.485,request_completed,burst,False,,,1657.801,cached_on_demand,1321098329,0.0,0.0,ACTIVE,segment_2_c16,etri-dev0001-jetorn,dynamic,1618.625,2,42.06,,996ed17c-e4f2-4364-bf45-2cc499d7f5e7,16,101.165,nano,hold:nano:hysteresis_or_improvement_gate,ok,44.031,1788493212.021428,23.308,935.983,1279.98,0.0
False,0.0,1,2228.671,"{""agx"": 1409.511, ""nano"": 1668.574, ""spark"": 1402.938}",1788493214.2508626,16,100.0,request_completed,burst,False,,,1657.801,cached_on_demand,1321098329,0.0,0.0,ACTIVE,segment_2_c16,etri-dev0001-jetorn,dynamic,1668.574,2,42.06,,71cb7ffb-352e-462b-866a-908a7e000824,16,86.302,nano,hold:nano:hysteresis_or_improvement_gate,ok,43.781,1788493212.0221913,23.409,1230.719,1552.088,0.0
False,0.0,1,2657.596,"{""agx"": 1423.183, ""nano"": 2065.416, ""spark"": 1414.807}",1788493214.6805112,16,100.0,request_completed,burst,False,,,1657.801,cached_on_demand,1321098329,0.0,0.0,ACTIVE,segment_2_c16,etri-dev0001-jetorn,dynamic,2065.416,3,42.063,,d86fcfd5-794b-420f-bd32-2932b7e67f7f,16,87.576,nano,hold:nano:hysteresis_or_improvement_gate,ok,43.906,1788493212.0229137,22.883,1454.534,1802.613,0.0
False,0.0,1,3036.363,"{""agx"": 1421.875, ""nano"": 2453.002, ""spark"": 1405.457}",1788493215.060592,16,100.0,request_completed,burst,False,,,1657.801,cached_on_demand,1321098329,0.0,0.0,ACTIVE,segment_2_c16,etri-dev0001-jetorn,dynamic,2453.002,4,42.068,,6aa2c375-aa87-42d7-9c8e-62bf9b551bbd,16,79.594,nano,hold:nano:hysteresis_or_improvement_gate,ok,44.156,1788493212.0242274,25.016,1711.605,2031.566,0.0
False,0.0,1,3411.882,"{""agx"": 1422.341, ""nano"": 2538.461, ""spark"": 1416.424}",1788493215.437269,16,99.065,request_completed,burst,False,,,1657.801,cached_on_demand,1321098329,0.0,0.0,ACTIVE,segment_2_c16,etri-dev0001-jetorn,dynamic,2538.461,4,42.068,,e064d7d4-9f7d-4e6c-bab6-5f58a05bbc29,16,109.241,nano,hold:nano:hysteresis_or_improvement_gate,ok,44.125,1788493212.0253851,25.561,1879.436,2194.773,0.0
False,0.0,1,3797.699,"{""agx"": 1410.956, ""nano"": 2920.136, ""spark"": 1413.072}",1788493215.8240814,16,100.0,request_completed,burst,False,,,1657.801,cached_on_demand,1321098329,0.0,0.0,ACTIVE,segment_2_c16,etri-dev0001-jetorn,dynamic,2920.136,5,42.118,,19018387-79f5-4e6c-a555-34321d6940c3,16,86.046,nano,hold:nano:hysteresis_or_improvement_gate,ok,43.875,1788493212.0263808,24.851,2120.006,2439.465,0.0
True,1220.03,0,4027.609,"{""agx"": 1421.981, ""nano"": 4597.243, ""spark"": 1414.444}",1788493216.0619726,16,4.822,request_completed,burst,False,871.0,0.0,0.0,cached_on_demand,1321098329,1213.35,0.0,CACHED,segment_2_c16,etri-ser0001-cg0msb,dynamic,1421.981,0,18.147,1788493215.821456,32d96f26-330e-48b9-92e2-5de341b76a7c,16,20.042,agx,offload:nano->agx:predicted_improvement=0.691,ok,35.0,1788493212.0343628,46.435,54.286,226.905,1.125
False,0.0,1,4222.375,"{""agx"": 1424.239, ""nano"": 3326.174, ""spark"": 1416.32}",1788493216.2497294,16,100.0,request_completed,burst,False,,,1657.801,cached_on_demand,1321098329,0.0,0.0,ACTIVE,segment_2_c16,etri-dev0001-jetorn,dynamic,3326.174,6,42.118,,02cc49ef-076f-40ce-b553-cd4e5391ef32,16,87.214,nano,hold:nano:hysteresis_or_improvement_gate,ok,44.0,1788493212.027353,22.184,2342.634,2695.714,0.0
False,0.0,1,3699.8,"{""agx"": 412.668, ""nano"": 2837.041, ""spark"": 1412.005}",1788493216.267284,16,35.331,request_completed,burst,False,871.0,0.0,1373.184,cached_on_demand,1321098329,0.0,0.0,ACTIVE,segment_2_c16,etri-ser0001-cg0msb,dynamic,412.668,0,19.219,,319c27a4-baeb-4378-8308-dc29e8b99e67,16,10.516,agx,hold:agx:hysteresis_or_improvement_gate,ok,63.0,1788493212.5674825,45.618,105.659,281.323,0.0
False,0.0,1,3466.3,"{""agx"": 424.472, ""nano"": 2838.603, ""spark"": 1413.304}",1788493216.4662297,16,40.278,request_completed,burst,False,871.0,0.0,1373.363,cached_on_demand,1321098329,0.0,0.0,ACTIVE,segment_2_c16,etri-ser0001-cg0msb,dynamic,424.472,0,19.226,,6b615332-3ea9-45d7-bd95-1e089030a1f6,16,9.408,agx,hold:agx:hysteresis_or_improvement_gate,ok,63.0,1788493212.9999287,46.769,155.86,327.155,0.0
False,0.0,1,3231.731,"{""agx"": 632.583, ""nano"": 2841.78, ""spark"": 1410.385}",1788493216.6641214,16,37.152,request_completed,burst,False,871.0,0.0,1373.363,cached_on_demand,1321098329,0.0,0.0,ACTIVE,segment_2_c16,etri-ser0001-cg0msb,dynamic,632.583,1,19.226,,762daacc-17bb-49a2-98ba-6e30c19c3d0e,16,9.987,agx,hold:agx:hysteresis_or_improvement_gate,ok,65.0,1788493213.432389,46.94,222.911,393.667,0.0
False,0.0,1,4651.793,"{""agx"": 1421.883, ""nano"": 3372.86, ""spark"": 1418.888}",1788493216.6801157,16,99.038,request_completed,burst,False,,,1657.801,cached_on_demand,1321098329,0.0,0.0,ACTIVE,segment_2_c16,etri-dev0001-jetorn,dynamic,3372.86,6,42.114,,97631507-31c2-4a36-af2e-9ba827495ac3,16,86.94,nano,hold:nano:hysteresis_or_improvement_gate,ok,44.031,1788493212.0283213,22.06,2588.038,2951.727,0.0
False,0.0,1,3028.485,"{""agx"": 629.964, ""nano"": 2495.131, ""spark"": 1404.096}",1788493216.872986,16,36.499,request_completed,burst,False,871.0,0.0,1373.543,cached_on_demand,1321098329,0.0,0.0,ACTIVE,segment_2_c16,etri-ser0001-cg0msb,dynamic,629.964,1,19.226,,89328cc6-260b-43db-ab37-550ed9d8bf9e,16,9.069,agx,hold:agx:hysteresis_or_improvement_gate,ok,65.0,1788493213.8444993,44.192,288.235,469.73,0.0
False,0.0,1,2822.897,"{""agx"": 624.589, ""nano"": 2486.158, ""spark"": 1410.716}",1788493217.076806,16,35.439,request_completed,burst,False,871.0,0.0,1373.621,cached_on_demand,1321098329,0.0,0.0,ACTIVE,segment_2_c16,etri-ser0001-cg0msb,dynamic,624.589,1,19.226,,7accc78f-d44c-402f-9d9c-e7961e8bc15b,16,9.844,agx,hold:agx:hysteresis_or_improvement_gate,ok,65.0,1788493214.253908,45.723,370.015,545.649,0.0
False,0.0,1,2598.918,"{""agx"": 619.155, ""nano"": 2510.706, ""spark"": 1414.943}",1788493217.2802522,16,35.872,request_completed,burst,False,871.0,0.0,1373.672,cached_on_demand,1321098329,0.0,0.0,ACTIVE,segment_2_c16,etri-ser0001-cg0msb,dynamic,619.155,1,19.227,,30287394-b329-433f-bea1-4b74b12d63d0,16,9.759,agx,hold:agx:hysteresis_or_improvement_gate,ok,67.0,1788493214.6813343,46.087,398.881,573.002,0.0
False,0.0,1,2424.135,"{""agx"": 821.565, ""nano"": 2058.356, ""spark"": 1406.395}",1788493217.485773,16,50.0,request_completed,burst,False,871.0,0.0,1373.672,cached_on_demand,1321098329,0.0,0.0,ACTIVE,segment_2_c16,etri-ser0001-cg0msb,dynamic,821.565,2,19.227,,9dde5344-9a24-4c69-bfd7-62a83edb6c63,16,9.037,agx,hold:agx:hysteresis_or_improvement_gate,ok,66.0,1788493215.061638,44.858,552.099,730.924,0.0
False,0.0,1,2258.862,"{""agx"": 1024.73, ""nano"": 2059.468, ""spark"": 1411.881}",1788493217.697525,16,38.596,request_completed,burst,False,871.0,0.0,1373.672,cached_on_demand,1321098329,0.0,0.0,ACTIVE,segment_2_c16,etri-ser0001-cg0msb,dynamic,1024.73,3,19.226,,29417683-d556-4ce2-83a6-92cf07c2eda4,16,9.07,agx,hold:agx:hysteresis_or_improvement_gate,ok,66.0,1788493215.4386632,43.655,702.986,886.599,0.0
False,0.0,1,5871.409,"{""agx"": 1419.83, ""nano"": 3778.011, ""spark"": 1409.594}",1788493217.9005606,16,100.0,request_completed,burst,False,,,1657.801,cached_on_demand,1321098329,0.0,0.0,ACTIVE,segment_2_c16,etri-dev0001-jetorn,dynamic,3778.011,7,42.117,,148b21cd-11c4-42b7-8d0d-e79ea5f7d0eb,16,81.351,nano,hold:nano:hysteresis_or_improvement_gate,ok,44.218,1788493212.0291512,11.687,3331.006,4011.056,0.0
False,0.0,1,2085.085,"{""agx"": 1227.343, ""nano"": 2060.06, ""spark"": 1414.128}",1788493217.9100974,16,40.769,request_completed,burst,False,871.0,0.0,1373.672,cached_on_demand,1321098329,0.0,0.0,ACTIVE,segment_2_c16,etri-ser0001-cg0msb,dynamic,1227.343,4,19.226,,8eff6534-56ff-4b5c-b05a-332590e5c82f,16,8.551,agx,hold:agx:hysteresis_or_improvement_gate,ok,67.0,1788493215.825013,43.941,861.763,1044.021,0.0
False,0.0,1,2050.306,"{""agx"": 1237.227, ""nano"": 2058.706, ""spark"": 1412.316}",1788493218.1134188,16,37.879,request_completed,burst,False,871.0,0.0,1373.719,cached_on_demand,1321098329,0.0,0.0,ACTIVE,segment_2_c16,etri-ser0001-cg0msb,dynamic,1237.227,4,19.226,,38f50f5e-20dc-4df8-91d2-ccae9a64fe15,16,9.957,agx,hold:agx:hysteresis_or_improvement_gate,ok,67.0,1788493216.0631127,45.74,1018.525,1193.518,0.0
False,0.0,1,2066.096,"{""agx"": 1440.707, ""nano"": 2062.493, ""spark"": 1403.682}",1788493218.317491,16,37.838,request_completed,burst,False,871.0,0.0,1373.719,cached_on_demand,1321098329,0.0,0.0,ACTIVE,segment_2_c16,etri-ser0001-cg0msb,dynamic,1440.707,5,19.227,,1c6fa61f-b5ee-42c1-874f-6d015e0c4f2a,16,8.892,agx,hold:agx:hysteresis_or_improvement_gate,ok,68.0,1788493216.251395,45.549,1171.37,1347.128,0.0
False,0.0,1,6418.434,"{""agx"": 1422.788, ""nano"": 3793.821, ""spark"": 1407.646}",1788493218.4483228,16,100.0,request_completed,burst,False,,,1657.801,cached_on_demand,1321098329,0.0,0.0,ACTIVE,segment_2_c16,etri-dev0001-jetorn,dynamic,3793.821,7,42.117,,3a14718e-3a05-47cd-8353-c8c7de93bbcd,16,95.658,nano,hold:nano:hysteresis_or_improvement_gate,ok,44.125,1788493212.029888,17.521,3943.96,4399.896,0.0
False,0.0,1,2248.457,"{""agx"": 1644.948, ""nano"": 2061.589, ""spark"": 1407.096}",1788493218.5167606,16,36.792,request_completed,burst,False,871.0,0.0,1373.719,cached_on_demand,1321098329,0.0,0.0,ACTIVE,segment_2_c16,etri-ser0001-cg0msb,dynamic,1644.948,6,19.227,,0bf5cddd-ac2d-4119-893b-c8405a73cd12,16,8.588,agx,hold:agx:hysteresis_or_improvement_gate,ok,68.0,1788493216.268304,46.608,1325.836,1498.031,0.0
False,0.0,1,2249.289,"{""agx"": 1850.841, ""nano"": 2060.001, ""spark"": 1413.51}",1788493218.7167113,16,38.596,request_completed,burst,False,871.0,0.0,1373.719,cached_on_demand,1321098329,0.0,0.0,ACTIVE,segment_2_c16,etri-ser0001-cg0msb,dynamic,1850.841,7,19.227,,f492f2cc-a9eb-4e8c-9494-b163fb74944c,16,9.936,agx,hold:agx:hysteresis_or_improvement_gate,ok,68.0,1788493216.467422,46.323,1465.778,1638.691,0.0
False,0.0,1,2251.561,"{""agx"": 1848.572, ""nano"": 2060.085, ""spark"": 1404.352}",1788493218.9168243,16,47.552,request_completed,burst,False,871.0,0.0,1373.766,cached_on_demand,1321098329,0.0,0.0,ACTIVE,segment_2_c16,etri-ser0001-cg0msb,dynamic,1848.572,7,19.228,,d49509be-bc75-4451-b8ad-250022b179e4,16,9.764,agx,hold:agx:hysteresis_or_improvement_gate,ok,68.0,1788493216.6652634,46.374,1618.409,1791.293,0.0
False,0.0,1,6969.912,"{""agx"": 1424.212, ""nano"": 4228.229, ""spark"": 1405.775}",1788493219.0008779,16,100.0,request_completed,burst,False,,,1657.801,cached_on_demand,1321098329,0.0,0.0,ACTIVE,segment_2_c16,etri-dev0001-jetorn,dynamic,4228.229,8,42.117,,6116ef45-0ac8-4066-9039-9b73e7b63c97,16,119.159,nano,hold:nano:hysteresis_or_improvement_gate,ok,44.156,1788493212.0309649,16.814,4254.597,4725.898,0.0
False,0.0,1,2441.088,"{""agx"": 2053.375, ""nano"": 2059.626, ""spark"": 1408.673}",1788493219.1227508,16,38.182,request_completed,burst,False,871.0,0.0,1373.766,cached_on_demand,1321098329,0.0,0.0,ACTIVE,segment_2_c16,etri-ser0001-cg0msb,dynamic,2053.375,8,19.228,,d310e92a-9345-44e2-a42b-df387cc6e388,16,10.255,agx,hold:agx:hysteresis_or_improvement_gate,ok,68.0,1788493216.6816628,44.954,1766.227,1944.399,0.0
False,0.0,1,2453.605,"{""agx"": 2050.496, ""nano"": 2121.336, ""spark"": 1413.898}",1788493219.3277125,16,35.928,request_completed,burst,False,871.0,0.0,1373.812,cached_on_demand,1321098329,0.0,0.0,ACTIVE,segment_2_c16,etri-ser0001-cg0msb,dynamic,2050.496,8,19.229,,e8d9df7f-796f-4e1e-aece-12f8b525fa22,16,9.626,agx,hold:agx:hysteresis_or_improvement_gate,ok,68.0,1788493216.8741071,45.286,1828.662,2005.658,0.0
False,0.0,1,7390.875,"{""agx"": 1419.528, ""nano"": 4177.671, ""spark"": 1418.285}",1788493219.4235034,16,100.0,request_completed,burst,False,,,1657.801,cached_on_demand,1321098329,0.0,0.0,ACTIVE,segment_2_c16,etri-dev0001-jetorn,dynamic,4177.671,8,42.115,,d16efa24-5e3e-49ca-a47c-73ef587f7365,16,73.821,nano,hold:nano:hysteresis_or_improvement_gate,ok,44.218,1788493212.0326273,22.857,4638.56,4981.173,0.0
False,0.0,1,2450.795,"{""agx"": 2254.058, ""nano"": 2113.15, ""spark"": 1404.258}",1788493219.5283551,16,39.344,request_completed,burst,False,871.0,0.0,1373.812,cached_on_demand,1321098329,0.0,0.0,ACTIVE,segment_2_c16,etri-ser0001-cg0msb,dynamic,2254.058,9,19.229,,3c5a06cb-36a4-4bc1-b3fe-51943b5499a1,16,9.101,agx,hold:agx:hysteresis_or_improvement_gate,ok,73.0,1788493217.0775607,46.034,1914.561,2088.605,0.0
False,0.0,1,2448.998,"{""agx"": 2458.347, ""nano"": 2059.634, ""spark"": 1406.672}",1788493219.7304103,16,47.619,request_completed,burst,False,871.0,0.0,1373.812,cached_on_demand,1321098329,0.0,0.0,ACTIVE,segment_2_c16,etri-ser0001-cg0msb,dynamic,2458.347,10,19.229,,d00cf699-d870-4f25-a8a8-c08b86fb7913,16,9.303,agx,hold:agx:hysteresis_or_improvement_gate,ok,67.0,1788493217.2814124,45.774,2069.326,2244.639,0.0
False,0.0,1,2444.921,"{""agx"": 2463.633, ""nano"": 2057.013, ""spark"": 1415.666}",1788493219.9318056,16,41.322,request_completed,burst,False,871.0,0.0,1373.859,cached_on_demand,1321098329,0.0,0.0,ACTIVE,segment_2_c16,etri-ser0001-cg0msb,dynamic,2463.633,10,19.229,,a6ffc4e4-2281-4d3a-8a53-944c78a2a8f7,16,9.861,agx,hold:agx:hysteresis_or_improvement_gate,ok,71.0,1788493217.486885,46.175,2203.534,2377.097,0.0
False,0.0,1,2434.921,"{""agx"": 2484.65, ""nano"": 2110.688, ""spark"": 1405.071}",1788493220.1335573,16,47.178,request_completed,burst,False,871.0,0.0,1373.902,cached_on_demand,1321098329,0.0,0.0,ACTIVE,segment_2_c16,etri-ser0001-cg0msb,dynamic,2484.65,10,19.228,,890533f4-fe7d-4671-9087-579dc826be55,16,9.71,agx,hold:agx:hysteresis_or_improvement_gate,ok,80.0,1788493217.6986365,45.777,2131.801,2306.871,0.0
False,0.0,1,2430.942,"{""agx"": 2503.693, ""nano"": 2507.646, ""spark"": 1415.301}",1788493220.3331633,16,36.823,request_completed,burst,False,871.0,0.0,1373.945,cached_on_demand,1321098329,0.0,0.0,ACTIVE,segment_2_c16,etri-ser0001-cg0msb,dynamic,2503.693,10,19.229,,c891ef83-64dd-4f9f-9165-1af2cd52d25f,16,10.057,agx,hold:agx:hysteresis_or_improvement_gate,ok,70.0,1788493217.902221,46.708,2115.039,2286.513,0.0
False,0.0,1,2617.176,"{""agx"": 2490.506, ""nano"": 2509.622, ""spark"": 1412.607}",1788493220.5283954,16,41.867,request_completed,burst,False,871.0,0.0,1373.988,cached_on_demand,1321098329,0.0,0.0,ACTIVE,segment_2_c16,etri-ser0001-cg0msb,dynamic,2490.506,10,19.233,,d2823b8a-be43-474b-9fb8-5f86daa6ad93,16,10.226,agx,hold:agx:hysteresis_or_improvement_gate,ok,70.0,1788493217.9112196,47.607,2181.854,2350.195,0.0
False,0.0,1,2612.726,"{""agx"": 2697.437, ""nano"": 2538.488, ""spark"": 1413.558}",1788493220.7273211,16,36.828,request_completed,burst,False,871.0,0.0,1373.988,cached_on_demand,1321098329,0.0,0.0,ACTIVE,segment_2_c16,etri-ser0001-cg0msb,dynamic,2697.437,11,19.233,,9ecad5a2-755d-4cc2-bb6f-a459af3ac42e,16,10.467,agx,hold:agx:hysteresis_or_improvement_gate,ok,70.0,1788493218.1145945,46.678,2214.377,2386.009,0.0
False,0.0,1,2607.989,"{""agx"": 2687.485, ""nano"": 2507.274, ""spark"": 1412.318}",1788493220.9265494,16,36.741,request_completed,burst,False,871.0,0.0,1374.027,cached_on_demand,1321098329,0.0,0.0,ACTIVE,segment_2_c16,etri-ser0001-cg0msb,dynamic,2687.485,11,19.234,,d647e94a-7ce2-4f9f-88b5-f8b549173726,16,9.056,agx,hold:agx:hysteresis_or_improvement_gate,ok,69.0,1788493218.3185604,46.682,2290.371,2461.935,0.0
False,0.0,1,2678.862,"{""agx"": 2664.0, ""nano"": 1855.887, ""spark"": 1405.629}",1788493221.1288195,16,36.928,request_completed,burst,False,871.0,0.0,1374.055,cached_on_demand,1321098329,0.0,0.0,ACTIVE,segment_2_c16,etri-ser0001-cg0msb,dynamic,2664.0,11,19.234,,4fbecde0-16a2-4bcc-99c6-26e16e1c5f04,16,8.867,agx,hold:agx:hysteresis_or_improvement_gate,ok,70.0,1788493218.4499576,45.639,2367.623,2543.156,0.0
True,1181.016,0,1517.326,"{""agx"": 3252.777, ""nano"": 558.618, ""spark"": 1413.813}",1788493221.2487803,16,2.434,request_completed,burst,False,286.0,0.0,0.0,cached_on_demand,1321098329,1173.177,0.0,CACHED,segment_2_c16,etri-ser0002-cgnmsb,dynamic,1413.813,0,24.956,1788493220.9733932,a3f79d15-2155-49db-b1fd-21fe8d7b0d4d,16,15.547,spark,offload:agx->spark:predicted_improvement=0.565,ok,38.05,1788493219.731454,46.075,86.259,259.882,0.237
False,0.0,1,2824.359,"{""agx"": 2869.421, ""nano"": 1855.137, ""spark"": 1413.653}",1788493221.3422854,16,36.111,request_completed,burst,False,871.0,0.0,1374.055,cached_on_demand,1321098329,0.0,0.0,ACTIVE,segment_2_c16,etri-ser0001-cg0msb,dynamic,2869.421,12,19.232,,4c0172c0-6154-499b-bb50-aa957385925e,16,10.047,agx,hold:agx:hysteresis_or_improvement_gate,ok,70.0,1788493218.5179262,43.505,2427.725,2611.88,0.0
False,0.0,1,1518.852,"{""agx"": 2005.041, ""nano"": 561.766, ""spark"": 430.756}",1788493221.4518113,16,18.367,request_completed,burst,False,286.0,0.0,1372.734,cached_on_demand,1321098329,0.0,0.0,ACTIVE,segment_2_c16,etri-ser0002-cgnmsb,dynamic,430.756,0,29.385,,7c31ff67-317b-42d9-92d6-ce5501e2d9fc,16,16.834,spark,hold:spark:hysteresis_or_improvement_gate,ok,64.05,1788493219.93296,46.046,225.622,400.74,0.0
False,0.0,1,2837.482,"{""agx"": 2854.59, ""nano"": 1862.038, ""spark"": 1414.763}",1788493221.5552223,16,37.569,request_completed,burst,False,871.0,0.0,1374.082,cached_on_demand,1321098329,0.0,0.0,ACTIVE,segment_2_c16,etri-ser0001-cg0msb,dynamic,2854.59,12,19.234,,fa4a6ffa-31a4-4b7e-9910-277a08d52524,16,10.07,agx,hold:agx:hysteresis_or_improvement_gate,ok,70.0,1788493218.71774,43.888,2488.532,2671.401,0.0
False,0.0,1,1522.018,"{""agx"": 2004.649, ""nano"": 560.55, ""spark"": 637.011}",1788493221.6567788,16,18.978,request_completed,burst,False,286.0,0.0,1372.734,cached_on_demand,1321098329,0.0,0.0,ACTIVE,segment_2_c16,etri-ser0002-cgnmsb,dynamic,637.011,1,29.386,,bb4155fd-32f6-40d1-8667-d0dec2ef4b6e,16,16.128,spark,hold:spark:hysteresis_or_improvement_gate,ok,56.05,1788493220.1347616,45.968,369.416,545.539,0.0
False,0.0,1,2850.109,"{""agx"": 2841.814, ""nano"": 1853.856, ""spark"": 1405.578}",1788493221.76793,16,37.215,request_completed,burst,False,871.0,0.0,1374.109,cached_on_demand,1321098329,0.0,0.0,ACTIVE,segment_2_c16,etri-ser0001-cg0msb,dynamic,2841.814,12,19.235,,f8750029-0962-40b1-bf1f-470f89c4bbb8,16,8.9,agx,hold:agx:hysteresis_or_improvement_gate,ok,70.0,1788493218.9178212,43.624,2544.392,2727.959,0.0
False,0.0,1,1530.316,"{""agx"": 1812.199, ""nano"": 560.583, ""spark"": 845.112}",1788493221.864638,16,18.59,request_completed,burst,False,286.0,0.0,1372.734,cached_on_demand,1321098329,0.0,0.0,ACTIVE,segment_2_c16,etri-ser0002-cgnmsb,dynamic,845.112,2,29.387,,9b03be72-d524-4115-9e01-36325b9db5a7,16,17.268,spark,hold:spark:hysteresis_or_improvement_gate,ok,55.0,1788493220.334322,46.122,516.367,691.573,0.0
False,0.0,1,2978.715,"{""agx"": 2855.767, ""nano"": 1241.782, ""spark"": 1413.017}",1788493221.981434,16,44.493,request_completed,burst,False,871.0,0.0,1374.133,cached_on_demand,1321098329,0.0,0.0,ACTIVE,segment_2_c16,etri-ser0001-cg0msb,dynamic,2855.767,12,19.237,,a22f7c5a-241b-4d28-9c40-799fd013062f,16,10.379,agx,hold:agx:hysteresis_or_improvement_gate,ok,70.0,1788493219.0027192,43.228,2619.787,2805.211,0.0
False,0.0,1,1541.747,"{""agx"": 1811.074, ""nano"": 559.319, ""spark"": 1047.137}",1788493222.0712612,16,19.417,request_completed,burst,False,286.0,0.0,1372.734,cached_on_demand,1321098329,0.0,0.0,ACTIVE,segment_2_c16,etri-ser0002-cgnmsb,dynamic,1047.137,3,29.387,,177293b4-aeb1-4908-bb22-418edf648308,16,12.332,spark,hold:spark:hysteresis_or_improvement_gate,ok,55.05,1788493220.5295148,45.872,669.62,845.005,0.0
False,0.0,1,3072.124,"{""agx"": 3058.658, ""nano"": 1241.711, ""spark"": 1413.281}",1788493222.1956072,16,37.037,request_completed,burst,False,871.0,0.0,1374.133,cached_on_demand,1321098329,0.0,0.0,ACTIVE,segment_2_c16,etri-ser0001-cg0msb,dynamic,3058.658,13,19.237,,ac627e8b-2bb5-4dc4-8daf-c7f76e44ec55,16,10.028,agx,hold:agx:hysteresis_or_improvement_gate,ok,70.0,1788493219.1234834,43.327,2696.059,2880.819,0.0
False,0.0,1,1547.772,"{""agx"": 1811.61, ""nano"": 564.062, ""spark"": 1112.106}",1788493222.276205,16,17.647,request_completed,burst,False,286.0,0.0,1372.914,cached_on_demand,1321098329,0.0,0.0,ACTIVE,segment_2_c16,etri-ser0002-cgnmsb,dynamic,1112.106,3,29.386,,0b8b2ada-9b41-4994-b62c-d6b45cb100ce,16,11.156,spark,hold:spark:hysteresis_or_improvement_gate,ok,54.05,1788493220.7284338,45.907,814.258,989.247,0.0
False,0.0,1,3075.288,"{""agx"": 3064.239, ""nano"": 1246.036, ""spark"": 1414.669}",1788493222.404116,16,35.775,request_completed,burst,False,871.0,0.0,1374.16,cached_on_demand,1321098329,0.0,0.0,ACTIVE,segment_2_c16,etri-ser0001-cg0msb,dynamic,3064.239,13,19.237,,09053157-a38e-4545-bba9-1a5497ef2136,16,9.519,agx,hold:agx:hysteresis_or_improvement_gate,ok,69.0,1788493219.3288279,44.546,2759.333,2939.471,0.0
False,0.0,1,1551.819,"{""agx"": 1812.205, ""nano"": 560.692, ""spark"": 1332.946}",1788493222.4795082,16,19.565,request_completed,burst,False,286.0,0.0,1372.914,cached_on_demand,1321098329,0.0,0.0,ACTIVE,segment_2_c16,etri-ser0002-cgnmsb,dynamic,1332.946,4,29.386,,976b3994-3e94-4bc0-abc4-f9eded22dfcc,16,11.806,spark,hold:spark:hysteresis_or_improvement_gate,ok,55.05,1788493220.9276886,45.991,957.357,1132.595,0.0
False,0.0,1,3177.941,"{""agx"": 3268.448, ""nano"": 557.791, ""spark"": 1413.708}",1788493222.6034353,16,36.641,request_completed,burst,False,871.0,0.0,1374.16,cached_on_demand,1321098329,0.0,0.0,ACTIVE,segment_2_c16,etri-ser0001-cg0msb,dynamic,3268.448,14,19.237,,42ffb2c3-9d98-44f7-b164-40ee5c3aca3f,16,10.08,agx,hold:agx:hysteresis_or_improvement_gate,ok,70.0,1788493219.4254942,46.669,2911.825,3083.63,0.0
False,0.0,1,1553.248,"{""agx"": 1638.354, ""nano"": 558.992, ""spark"": 1552.672}",1788493222.6831024,16,19.853,request_completed,burst,False,286.0,0.0,1372.914,cached_on_demand,1321098329,0.0,0.0,ACTIVE,segment_2_c16,etri-ser0002-cgnmsb,dynamic,1552.672,5,29.414,,d36600e3-a406-4811-8b61-efe690d962e4,16,11.342,spark,hold:spark:hysteresis_or_improvement_gate,ok,55.05,1788493221.1298544,46.008,1108.633,1282.603,0.0
False,0.0,1,3281.933,"{""agx"": 3256.14, ""nano"": 556.977, ""spark"": 1412.99}",1788493222.8113813,16,37.58,request_completed,burst,False,871.0,0.0,1374.184,cached_on_demand,1321098329,0.0,0.0,ACTIVE,segment_2_c16,etri-ser0001-cg0msb,dynamic,3256.14,14,19.237,,7371c174-c2c1-445b-a69a-a5525a6cb513,16,9.692,agx,hold:agx:hysteresis_or_improvement_gate,ok,69.0,1788493219.529448,44.459,3047.91,3228.158,0.0
False,0.0,1,1633.348,"{""agx"": 1637.349, ""nano"": 559.566, ""spark"": 1775.186}",1788493222.8838952,16,19.259,request_completed,burst,False,286.0,0.0,1372.914,cached_on_demand,1321098329,0.0,0.0,ACTIVE,segment_2_c16,etri-ser0002-cgnmsb,dynamic,1775.186,6,29.415,,c270121d-6372-4fc6-88db-feed32b724f4,16,13.666,spark,hold:spark:hysteresis_or_improvement_gate,ok,56.0,1788493221.2505467,46.198,1252.123,1425.244,0.0
False,0.0,1,1743.659,"{""agx"": 1637.23, ""nano"": 558.409, ""spark"": 1738.757}",1788493223.087013,16,20.769,request_completed,burst,False,286.0,0.0,1373.094,cached_on_demand,1321098329,0.0,0.0,ACTIVE,segment_2_c16,etri-ser0002-cgnmsb,dynamic,1738.757,6,29.428,,e742ef4f-0238-41ab-8648-907949a5f016,16,12.461,spark,hold:spark:hysteresis_or_improvement_gate,ok,55.05,1788493221.3433545,46.129,1398.805,1574.155,0.0
False,0.0,1,1843.395,"{""agx"": 1637.866, ""nano"": 558.717, ""spark"": 1954.276}",1788493223.296955,16,18.382,request_completed,burst,False,286.0,0.0,1373.094,cached_on_demand,1321098329,0.0,0.0,ACTIVE,segment_2_c16,etri-ser0002-cgnmsb,dynamic,1954.276,7,29.431,,fd701f92-c714-4efe-94d8-36148fde4d84,16,12.193,spark,hold:spark:hysteresis_or_improvement_gate,ok,55.05,1788493221.453561,45.927,1547.809,1723.829,0.0
False,0.0,1,1949.273,"{""agx"": 1450.216, ""nano"": 560.244, ""spark"": 2164.353}",1788493223.5055676,16,22.4,request_completed,burst,False,286.0,0.0,1373.094,cached_on_demand,1321098329,0.0,0.0,ACTIVE,segment_2_c16,etri-ser0002-cgnmsb,dynamic,2164.353,8,29.432,,18bc1a44-9d33-466b-9146-7ce4f63b14d2,16,6.483,spark,hold:spark:hysteresis_or_improvement_gate,ok,55.05,1788493221.5562952,46.305,1713.379,1886.946,0.0
False,0.0,1,2054.191,"{""agx"": 1450.2, ""nano"": 559.842, ""spark"": 2148.393}",1788493223.7129145,16,18.776,request_completed,burst,False,286.0,0.0,1373.172,cached_on_demand,1321098329,0.0,0.0,ACTIVE,segment_2_c16,etri-ser0002-cgnmsb,dynamic,2148.393,8,29.435,,1ef0833f-e2bf-46af-87ce-34c14e2c981d,16,18.983,spark,hold:spark:hysteresis_or_improvement_gate,ok,55.0,1788493221.6587234,45.867,1809.891,1985.996,0.0
False,0.0,1,2152.728,"{""agx"": 1254.401, ""nano"": 560.48, ""spark"": 2357.723}",1788493223.9217992,16,19.522,request_completed,burst,False,286.0,0.0,1373.172,cached_on_demand,1321098329,0.0,0.0,ACTIVE,segment_2_c16,etri-ser0002-cgnmsb,dynamic,2357.723,9,29.438,,cfe34d74-16ea-4d95-bd7f-ac1ce4d2e81c,16,15.372,spark,hold:spark:hysteresis_or_improvement_gate,ok,55.05,1788493221.7690713,45.977,1917.345,2092.201,0.0
False,0.0,1,2263.395,"{""agx"": 1253.034, ""nano"": 560.425, ""spark"": 2348.318}",1788493224.1300423,16,18.803,request_completed,burst,False,286.0,0.0,1373.223,cached_on_demand,1321098329,0.0,0.0,ACTIVE,segment_2_c16,etri-ser0002-cgnmsb,dynamic,2348.318,9,29.438,,df06fb37-a96b-421d-9705-d2aa90514ac9,16,19.937,spark,hold:spark:hysteresis_or_improvement_gate,ok,56.0,1788493221.866647,45.954,2023.069,2199.103,0.0
False,0.0,1,2355.29,"{""agx"": 1054.167, ""nano"": 560.414, ""spark"": 2545.856}",1788493224.3379133,16,22.692,request_completed,burst,False,286.0,0.0,1373.223,cached_on_demand,1321098329,0.0,0.0,ACTIVE,segment_2_c16,etri-ser0002-cgnmsb,dynamic,2545.856,10,29.441,,721c9aaa-5188-4498-93a8-bc3310723413,16,5.804,spark,hold:spark:hysteresis_or_improvement_gate,ok,56.05,1788493221.9826243,46.183,2132.456,2305.452,0.0
False,0.0,1,2469.147,"{""agx"": 1054.939, ""nano"": 561.032, ""spark"": 2532.829}",1788493224.5422645,16,18.834,request_completed,burst,False,286.0,0.0,1373.27,cached_on_demand,1321098329,0.0,0.0,ACTIVE,segment_2_c16,etri-ser0002-cgnmsb,dynamic,2532.829,10,29.444,,6b89439f-2b2e-4f68-991e-f0da90b7bcc6,16,8.053,spark,hold:spark:hysteresis_or_improvement_gate,ok,55.05,1788493222.0731175,45.83,2237.907,2412.376,0.0
False,0.0,1,2550.558,"{""agx"": 850.966, ""nano"": 562.507, ""spark"": 2746.955}",1788493224.7471054,16,22.222,request_completed,burst,False,286.0,0.0,1373.27,cached_on_demand,1321098329,0.0,0.0,ACTIVE,segment_2_c16,etri-ser0002-cgnmsb,dynamic,2746.955,11,29.444,,cbbf7e88-cdc3-4aff-84a0-bec080537427,16,11.781,spark,hold:spark:hysteresis_or_improvement_gate,ok,56.05,1788493222.1965473,45.458,2315.764,2492.657,0.0
False,0.0,1,2674.021,"{""agx"": 848.671, ""nano"": 558.779, ""spark"": 2729.553}",1788493224.9520612,16,19.737,request_completed,burst,False,286.0,0.0,1373.316,cached_on_demand,1321098329,0.0,0.0,ACTIVE,segment_2_c16,etri-ser0002-cgnmsb,dynamic,2729.553,11,29.446,,76e0cacb-3609-47ef-87fc-a811563fc4cd,16,12.904,spark,hold:spark:hysteresis_or_improvement_gate,ok,56.05,1788493222.2780395,45.623,2444.017,2620.367,0.0
False,0.0,1,2755.77,"{""agx"": 638.529, ""nano"": 558.971, ""spark"": 2942.238}",1788493225.1610014,16,19.108,request_completed,burst,False,286.0,0.0,1373.316,cached_on_demand,1321098329,0.0,0.0,ACTIVE,segment_2_c16,etri-ser0002-cgnmsb,dynamic,2942.238,12,29.446,,4e1721d8-6291-4ca9-89c9-6657311da63d,16,16.616,spark,hold:spark:hysteresis_or_improvement_gate,ok,56.05,1788493222.4052322,45.826,2520.967,2696.708,0.0
False,0.0,1,2885.585,"{""agx"": 638.11, ""nano"": 558.095, ""spark"": 2911.9}",1788493225.3668084,16,17.791,request_completed,burst,False,286.0,0.0,1373.363,cached_on_demand,1321098329,0.0,0.0,ACTIVE,segment_2_c16,etri-ser0002-cgnmsb,dynamic,2911.9,12,29.445,,6ba3da14-abeb-4417-91e4-f5c92694bde5,16,7.18,spark,hold:spark:hysteresis_or_improvement_gate,ok,55.05,1788493222.4812238,45.81,2660.827,2838.054,0.0
False,0.0,1,2971.071,"{""agx"": 424.085, ""nano"": 560.729, ""spark"": 3119.548}",1788493225.5756533,16,19.079,request_completed,burst,False,286.0,0.0,1373.363,cached_on_demand,1321098329,0.0,0.0,ACTIVE,segment_2_c16,etri-ser0002-cgnmsb,dynamic,3119.548,13,29.454,,df7d33a9-9033-4cf3-aa06-cc78666d5643,16,7.348,spark,hold:spark:hysteresis_or_improvement_gate,ok,56.05,1788493222.604583,45.975,2743.771,2919.333,0.0
False,0.0,1,3094.259,"{""agx"": 425.001, ""nano"": 562.565, ""spark"": 3112.18}",1788493225.7792017,16,19.355,request_completed,burst,False,286.0,0.0,1373.41,cached_on_demand,1321098329,0.0,0.0,ACTIVE,segment_2_c16,etri-ser0002-cgnmsb,dynamic,3112.18,13,29.442,,b60c4748-fdd7-43a8-9a45-3890ed7672b1,16,15.715,spark,hold:spark:hysteresis_or_improvement_gate,ok,56.0,1788493222.684942,45.959,2856.574,3030.861,0.0
False,0.0,1,3172.786,"{""agx"": 215.544, ""nano"": 561.042, ""spark"": 3319.361}",1788493225.9853227,16,18.581,request_completed,burst,False,286.0,0.0,1373.41,cached_on_demand,1321098329,0.0,0.0,ACTIVE,segment_2_c16,etri-ser0002-cgnmsb,dynamic,3319.361,14,29.443,,b3cd584f-7c53-48b4-8619-bd7fe19b928c,16,16.465,spark,hold:spark:hysteresis_or_improvement_gate,ok,56.05,1788493222.812538,46.036,2936.905,3112.718,0.0
False,0.0,1,3307.695,"{""agx"": 214.957, ""nano"": 561.934, ""spark"": 3294.548}",1788493226.19268,16,18.293,request_completed,burst,False,286.0,0.0,1373.453,cached_on_demand,1321098329,0.0,0.0,ACTIVE,segment_2_c16,etri-ser0002-cgnmsb,dynamic,3294.548,14,29.443,,3eb70e9d-3837-4bca-bd6a-b073a8c83e61,16,13.956,spark,hold:spark:hysteresis_or_improvement_gate,ok,56.05,1788493222.884986,46.045,3075.952,3251.325,0.0
False,0.0,1,3312.34,"{""agx"": 215.385, ""nano"": 567.608, ""spark"": 3288.913}",1788493226.4017053,16,18.519,request_completed,burst,False,286.0,0.0,1373.496,cached_on_demand,1321098329,0.0,0.0,ACTIVE,segment_2_c16,etri-ser0002-cgnmsb,dynamic,3288.913,14,29.448,,586eaf5d-acb2-4a82-8208-803597fe6d86,16,17.521,spark,hold:spark:hysteresis_or_improvement_gate,ok,56.0,1788493223.0893662,46.095,3067.984,3243.211,0.0
False,0.0,1,3311.7,"{""agx"": 233.119, ""nano"": 562.077, ""spark"": 3306.477}",1788493226.6122663,16,19.149,request_completed,burst,False,286.0,0.0,1373.539,cached_on_demand,1321098329,0.0,0.0,ACTIVE,segment_2_c16,etri-ser0002-cgnmsb,dynamic,3306.477,14,29.449,,4b4b6fb7-f9bc-4f54-9f38-30c71168e948,16,19.309,spark,hold:spark:hysteresis_or_improvement_gate,ok,56.05,1788493223.3005657,45.985,3039.376,3215.403,0.0
False,0.0,1,3308.003,"{""agx"": 214.212, ""nano"": 563.609, ""spark"": 3322.27}",1788493226.8147185,16,18.5,request_completed,burst,False,286.0,0.0,1373.578,cached_on_demand,1321098329,0.0,0.0,ACTIVE,segment_2_c16,etri-ser0002-cgnmsb,dynamic,3322.27,14,29.447,,f1f95218-ee87-4566-9f40-fdc4a811ab31,16,17.454,spark,hold:spark:hysteresis_or_improvement_gate,ok,55.0,1788493223.506715,46.117,3071.5,3245.432,0.0
False,0.0,1,3304.543,"{""agx"": 217.563, ""nano"": 568.573, ""spark"": 3320.28}",1788493227.0186043,16,18.798,request_completed,burst,False,286.0,0.0,1373.605,cached_on_demand,1321098329,0.0,0.0,ACTIVE,segment_2_c16,etri-ser0002-cgnmsb,dynamic,3320.28,14,29.446,,c7f582c6-a1a6-4af2-8fac-c1295fb6353a,16,14.568,spark,hold:spark:hysteresis_or_improvement_gate,ok,56.05,1788493223.7140615,46.032,3054.894,3230.166,0.0
False,0.0,1,3301.517,"{""agx"": 228.732, ""nano"": 567.242, ""spark"": 3322.929}",1788493227.2242036,16,18.095,request_completed,burst,False,286.0,0.0,1373.633,cached_on_demand,1321098329,0.0,0.0,ACTIVE,segment_2_c16,etri-ser0002-cgnmsb,dynamic,3322.929,14,29.446,,6e4712e2-a705-44fe-9420-c0c552937f5d,16,9.393,spark,hold:spark:hysteresis_or_improvement_gate,ok,56.05,1788493223.9226866,46.152,3033.944,3208.571,0.0
False,0.0,1,3300.403,"{""agx"": 229.641, ""nano"": 569.804, ""spark"": 3333.886}",1788493227.4314108,16,18.267,request_completed,burst,False,286.0,0.0,1373.66,cached_on_demand,1321098329,0.0,0.0,ACTIVE,segment_2_c16,etri-ser0002-cgnmsb,dynamic,3333.886,14,29.446,,6c538604-ca3f-4a3f-b663-f1aa567fa471,16,17.598,spark,hold:spark:hysteresis_or_improvement_gate,ok,56.05,1788493224.131008,45.972,3026.577,3200.338,0.0
False,0.0,1,3293.999,"{""agx"": 233.328, ""nano"": 568.125, ""spark"": 3331.369}",1788493227.6363904,16,18.711,request_completed,burst,False,286.0,0.0,1373.684,cached_on_demand,1321098329,0.0,0.0,ACTIVE,segment_2_c16,etri-ser0002-cgnmsb,dynamic,3331.369,14,29.446,,08a34690-a604-4c45-b809-68e89761c469,16,17.161,spark,hold:spark:hysteresis_or_improvement_gate,ok,55.05,1788493224.34239,46.111,3022.708,3198.489,0.0
False,0.0,1,3299.983,"{""agx"": 225.241, ""nano"": 573.832, ""spark"": 3309.75}",1788493227.845631,16,19.512,request_completed,burst,False,286.0,0.0,1373.711,cached_on_demand,1321098329,0.0,0.0,ACTIVE,segment_2_c16,etri-ser0002-cgnmsb,dynamic,3309.75,14,29.443,,358ed878-8d20-45d2-8027-00fbe3b2446d,16,8.214,spark,hold:spark:hysteresis_or_improvement_gate,ok,56.05,1788493224.5456476,45.928,3037.761,3213.185,0.0
False,0.0,1,3302.758,"{""agx"": 227.266, ""nano"": 569.384, ""spark"": 3305.941}",1788493228.053446,16,21.13,request_completed,burst,False,286.0,0.0,1373.734,cached_on_demand,1321098329,0.0,0.0,ACTIVE,segment_2_c16,etri-ser0002-cgnmsb,dynamic,3305.941,14,29.443,,f16b2ae2-abf1-420d-9e56-7d2884fa44c6,16,11.973,spark,hold:spark:hysteresis_or_improvement_gate,ok,56.05,1788493224.7506866,46.181,3035.069,3210.174,0.0
False,0.0,1,3306.499,"{""agx"": 222.097, ""nano"": 564.113, ""spark"": 3299.587}",1788493228.2599108,16,20.087,request_completed,burst,False,286.0,0.0,1373.758,cached_on_demand,1321098329,0.0,0.0,ACTIVE,segment_2_c16,etri-ser0002-cgnmsb,dynamic,3299.587,14,29.443,,771c85a0-1b13-4786-8216-deb38f3fbf80,16,9.411,spark,hold:spark:hysteresis_or_improvement_gate,ok,56.05,1788493224.9534123,46.036,3060.398,3235.125,0.0
False,0.0,1,3299.522,"{""agx"": 229.881, ""nano"": 565.669, ""spark"": 3311.716}",1788493228.4651115,16,19.924,request_completed,burst,False,286.0,0.0,1373.781,cached_on_demand,1321098329,0.0,0.0,ACTIVE,segment_2_c16,etri-ser0002-cgnmsb,dynamic,3311.716,14,29.419,,4703a07a-5ee4-49bf-a3fd-d432b90fb008,16,9.908,spark,hold:spark:hysteresis_or_improvement_gate,ok,63.0,1788493225.165588,45.985,3043.851,3219.741,0.0
False,0.0,1,3302.987,"{""agx"": 232.483, ""nano"": 565.675, ""spark"": 3317.094}",1788493228.6736877,16,18.893,request_completed,burst,False,286.0,0.0,1373.801,cached_on_demand,1321098329,0.0,0.0,ACTIVE,segment_2_c16,etri-ser0002-cgnmsb,dynamic,3317.094,14,29.419,,542dcc62-e23c-49f6-af5a-5ca2d9e7599a,16,20.15,spark,hold:spark:hysteresis_or_improvement_gate,ok,56.0,1788493225.3707001,46.129,3030.143,3205.287,0.0
False,0.0,1,3301.786,"{""agx"": 231.804, ""nano"": 562.614, ""spark"": 3324.72}",1788493228.8816743,16,18.894,request_completed,burst,False,286.0,0.0,1373.816,cached_on_demand,1321098329,0.0,0.0,ACTIVE,segment_2_c16,etri-ser0002-cgnmsb,dynamic,3324.72,14,29.414,,f086e109-89a5-4de0-b9f8-cde1835a5baf,16,19.488,spark,hold:spark:hysteresis_or_improvement_gate,ok,56.05,1788493225.5798879,46.175,3026.95,3201.315,0.0
False,0.0,1,3304.514,"{""agx"": 221.264, ""nano"": 565.898, ""spark"": 3313.028}",1788493229.084864,16,18.694,request_completed,burst,False,286.0,0.0,1373.82,cached_on_demand,1321098329,0.0,0.0,ACTIVE,segment_2_c16,etri-ser0002-cgnmsb,dynamic,3313.028,14,29.414,,284ff850-2b92-4f05-b573-161daedc5ef5,16,18.948,spark,hold:spark:hysteresis_or_improvement_gate,ok,56.0,1788493225.7803502,46.084,3047.109,3222.353,0.0
False,0.0,1,3304.277,"{""agx"": 227.916, ""nano"": 565.129, ""spark"": 3301.147}",1788493229.2923272,16,18.99,request_completed,burst,False,286.0,0.0,1373.828,cached_on_demand,1321098329,0.0,0.0,ACTIVE,segment_2_c16,etri-ser0002-cgnmsb,dynamic,3301.147,14,29.41,,9729fd01-32f3-404e-b1b8-ce48bc78e36d,16,9.739,spark,hold:spark:hysteresis_or_improvement_gate,ok,56.0,1788493225.9880493,46.162,3044.534,3219.492,0.0
False,0.0,1,3305.397,"{""agx"": 227.758, ""nano"": 567.088, ""spark"": 3306.785}",1788493229.5019522,16,18.347,request_completed,burst,False,286.0,0.0,1373.832,cached_on_demand,1321098329,0.0,0.0,ACTIVE,segment_2_c16,etri-ser0002-cgnmsb,dynamic,3306.785,14,29.41,,96233556-4516-4939-b1a8-99b9b5822a46,16,9.697,spark,hold:spark:hysteresis_or_improvement_gate,ok,56.05,1788493226.196554,45.923,3046.646,3222.597,0.0
False,0.0,1,3304.141,"{""agx"": 215.22, ""nano"": 566.055, ""spark"": 3324.794}",1788493229.7103617,16,18.105,request_completed,burst,False,286.0,0.0,1373.84,cached_on_demand,1321098329,0.0,0.0,ACTIVE,segment_2_c16,etri-ser0002-cgnmsb,dynamic,3324.794,14,29.41,,9818271e-4396-462b-aaaa-a1aac8bf418b,16,18.49,spark,hold:spark:hysteresis_or_improvement_gate,ok,55.05,1788493226.4062195,46.073,3056.615,3232.477,0.0
False,0.0,1,3303.393,"{""agx"": 229.772, ""nano"": 563.896, ""spark"": 3336.994}",1788493229.920024,16,18.719,request_completed,burst,False,286.0,0.0,1373.844,cached_on_demand,1321098329,0.0,0.0,ACTIVE,segment_2_c16,etri-ser0002-cgnmsb,dynamic,3336.994,14,29.406,,2ac6e2c4-83c1-4f7e-8a81-a371b08a76ec,16,17.986,spark,hold:spark:hysteresis_or_improvement_gate,ok,56.05,1788493226.61663,45.986,3019.26,3196.123,0.0
False,0.0,1,3312.072,"{""agx"": 217.978, ""nano"": 566.925, ""spark"": 3320.322}",1788493230.12764,16,18.987,request_completed,burst,False,286.0,0.0,1373.848,cached_on_demand,1321098329,0.0,0.0,ACTIVE,segment_2_c16,etri-ser0002-cgnmsb,dynamic,3320.322,14,29.407,,349947cb-da52-472d-8f4e-03763c163d1b,16,17.762,spark,hold:spark:hysteresis_or_improvement_gate,ok,56.05,1788493226.8155682,46.081,3063.009,3238.55,0.0
False,0.0,1,3317.06,"{""agx"": 229.656, ""nano"": 567.632, ""spark"": 3300.603}",1788493230.3385997,16,19.626,request_completed,burst,False,286.0,0.0,1373.852,cached_on_demand,1321098329,0.0,0.0,ACTIVE,segment_2_c16,etri-ser0002-cgnmsb,dynamic,3300.603,14,29.415,,3b98e382-6d5c-48b2-a792-0dcb732ebcec,16,11.995,spark,hold:spark:hysteresis_or_improvement_gate,ok,56.05,1788493227.0215402,45.89,3053.201,3229.581,0.0
False,0.0,1,3321.745,"{""agx"": 224.911, ""nano"": 577.4, ""spark"": 3297.95}",1788493230.5493665,16,,request_completed,burst,False,286.0,0.0,1373.855,cached_on_demand,1321098329,0.0,0.0,ACTIVE,segment_2_c16,etri-ser0002-cgnmsb,dynamic,3297.95,14,29.417,,8ab6a56f-5076-4b2a-ae26-989123a2c281,16,9.454,spark,hold:spark:hysteresis_or_improvement_gate,ok,56.05,1788493227.2276216,45.485,3047.638,3225.655,0.0
False,0.0,1,3325.881,"{""agx"": 228.1, ""nano"": 568.268, ""spark"": 3312.443}",1788493230.760163,16,18.55,request_completed,burst,False,286.0,0.0,1373.859,cached_on_demand,1321098329,0.0,0.0,ACTIVE,segment_2_c16,etri-ser0002-cgnmsb,dynamic,3312.443,14,29.417,,18e8a4e9-71c3-4281-a214-f2917a731c47,16,17.611,spark,hold:spark:hysteresis_or_improvement_gate,ok,56.05,1788493227.4342818,45.71,3064.994,3241.647,0.0
False,0.0,1,3334.451,"{""agx"": 216.575, ""nano"": 560.371, ""spark"": 3295.376}",1788493230.9747386,16,18.519,request_completed,burst,False,286.0,0.0,1373.863,cached_on_demand,1321098329,0.0,0.0,ACTIVE,segment_2_c16,etri-ser0002-cgnmsb,dynamic,3295.376,14,29.416,,56a3b4be-9e8b-47cd-9c74-9c54aaf0629a,16,7.648,spark,hold:spark:hysteresis_or_improvement_gate,ok,56.05,1788493227.6402872,44.622,3047.848,3228.513,0.0
False,0.0,1,3333.889,"{""agx"": 227.418, ""nano"": 563.743, ""spark"": 3321.919}",1788493231.1828568,16,18.692,request_completed,burst,False,286.0,0.0,1373.863,cached_on_demand,1321098329,0.0,0.0,ACTIVE,segment_2_c16,etri-ser0002-cgnmsb,dynamic,3321.919,14,29.416,,9c27faea-9f20-4c55-9e88-8bc470b408e1,16,19.807,spark,hold:spark:hysteresis_or_improvement_gate,ok,56.05,1788493227.8489668,45.706,3074.779,3251.757,0.0
False,0.0,1,3335.302,"{""agx"": 213.212, ""nano"": 563.15, ""spark"": 3317.12}",1788493231.3908906,16,18.493,request_completed,burst,False,286.0,0.0,1373.867,cached_on_demand,1321098329,0.0,0.0,ACTIVE,segment_2_c16,etri-ser0002-cgnmsb,dynamic,3317.12,14,29.417,,244c6223-2ac5-4e29-8689-eaac9c964e31,16,9.056,spark,hold:spark:hysteresis_or_improvement_gate,ok,56.05,1788493228.0555875,45.985,3106.321,3281.104,0.0
False,0.0,1,3330.567,"{""agx"": 214.165, ""nano"": 565.472, ""spark"": 3311.931}",1788493231.5941684,16,18.254,request_completed,burst,False,286.0,0.0,1373.871,cached_on_demand,1321098329,0.0,0.0,ACTIVE,segment_2_c16,etri-ser0002-cgnmsb,dynamic,3311.931,14,29.417,,85b2bd6e-acd9-4c56-b556-7e28beb2bfcd,16,8.555,spark,hold:spark:hysteresis_or_improvement_gate,ok,56.05,1788493228.2636003,45.947,3095.05,3270.61,0.0
False,0.0,1,3337.353,"{""agx"": 215.52, ""nano"": 565.764, ""spark"": 3317.239}",1788493231.8034635,16,18.586,request_completed,burst,False,286.0,0.0,1373.875,cached_on_demand,1321098329,0.0,0.0,ACTIVE,segment_2_c16,etri-ser0002-cgnmsb,dynamic,3317.239,14,29.417,,8df25f55-c6ad-4b62-bb44-adb48bfa96b0,16,18.535,spark,hold:spark:hysteresis_or_improvement_gate,ok,56.05,1788493228.4661105,46.27,3091.793,3266.763,0.0
False,0.0,1,3332.795,"{""agx"": 222.08, ""nano"": 565.127, ""spark"": 3320.221}",1788493232.0100741,16,18.231,request_completed,burst,False,286.0,0.0,1373.875,cached_on_demand,1321098329,0.0,0.0,ACTIVE,segment_2_c16,etri-ser0002-cgnmsb,dynamic,3320.221,14,29.414,,9b64ed2d-1117-44d8-83e6-b59121a2c1f0,16,18.189,spark,hold:spark:hysteresis_or_improvement_gate,ok,56.05,1788493228.6772778,45.752,3071.917,3247.166,0.0
False,0.0,1,3330.006,"{""agx"": 222.665, ""nano"": 568.611, ""spark"": 3318.879}",1788493232.216018,16,18.493,request_completed,burst,False,286.0,0.0,1373.875,cached_on_demand,1321098329,0.0,0.0,ACTIVE,segment_2_c16,etri-ser0002-cgnmsb,dynamic,3318.879,14,29.414,,65f7aaec-7a34-47e8-8511-2b57a1e7278a,16,9.471,spark,hold:spark:hysteresis_or_improvement_gate,ok,56.05,1788493228.8860118,45.891,3068.756,3245.294,0.0
False,0.0,1,3338.695,"{""agx"": 213.658, ""nano"": 563.986, ""spark"": 3312.076}",1788493232.4245486,16,18.837,request_completed,burst,False,286.0,0.0,1373.875,cached_on_demand,1321098329,0.0,0.0,ACTIVE,segment_2_c16,etri-ser0002-cgnmsb,dynamic,3312.076,14,29.414,,12f7c0a5-5d76-4996-b05d-33f6bc887d41,16,16.668,spark,hold:spark:hysteresis_or_improvement_gate,ok,56.05,1788493229.0858538,45.92,3100.073,3275.539,0.0
False,0.0,1,3335.45,"{""agx"": 228.479, ""nano"": 567.607, ""spark"": 3318.714}",1788493232.6304631,16,18.375,request_completed,burst,False,286.0,0.0,1373.875,cached_on_demand,1321098329,0.0,0.0,ACTIVE,segment_2_c16,etri-ser0002-cgnmsb,dynamic,3318.714,14,29.414,,c29e51c7-273c-4143-93de-da79927ed738,16,19.21,spark,hold:spark:hysteresis_or_improvement_gate,ok,56.05,1788493229.2950127,46.322,3065.536,3240.545,0.0
False,0.0,1,3336.89,"{""agx"": 214.804, ""nano"": 568.695, ""spark"": 3321.757}",1788493232.8396938,16,17.838,request_completed,burst,False,286.0,0.0,1373.879,cached_on_demand,1321098329,0.0,0.0,ACTIVE,segment_2_c16,etri-ser0002-cgnmsb,dynamic,3321.757,14,29.414,,6adef474-8704-4b17-923b-ed8a4deabc65,16,11.789,spark,hold:spark:hysteresis_or_improvement_gate,ok,56.05,1788493229.5028038,46.166,3097.737,3273.326,0.0
False,0.0,1,3337.077,"{""agx"": 216.472, ""nano"": 569.804, ""spark"": 3327.082}",1788493233.048321,16,21.687,request_completed,burst,False,286.0,0.0,1373.883,cached_on_demand,1321098329,0.0,0.0,ACTIVE,segment_2_c16,etri-ser0002-cgnmsb,dynamic,3327.082,14,29.414,,0bb23c06-5596-4c8b-830a-4e0137d2e874,16,8.762,spark,hold:spark:hysteresis_or_improvement_gate,ok,56.05,1788493229.7112448,45.757,3082.356,3257.729,0.0
False,0.0,1,3329.482,"{""agx"": 233.455, ""nano"": 567.69, ""spark"": 3339.691}",1788493233.25315,16,17.929,request_completed,burst,False,286.0,0.0,1373.887,cached_on_demand,1321098329,0.0,0.0,ACTIVE,segment_2_c16,etri-ser0002-cgnmsb,dynamic,3339.691,14,29.414,,ea271de9-7712-4336-a087-29c2283c261d,16,17.451,spark,hold:spark:hysteresis_or_improvement_gate,ok,56.05,1788493229.9236674,45.939,3060.211,3236.752,0.0
False,0.0,1,3331.603,"{""agx"": 227.852, ""nano"": 570.311, ""spark"": 3342.718}",1788493233.4602115,16,18.053,request_completed,burst,False,286.0,0.0,1373.891,cached_on_demand,1321098329,0.0,0.0,ACTIVE,segment_2_c16,etri-ser0002-cgnmsb,dynamic,3342.718,14,29.414,,9ac84deb-a29a-4ec6-8275-c41bea20fac9,16,19.854,spark,hold:spark:hysteresis_or_improvement_gate,ok,56.0,1788493230.1286087,46.051,3060.534,3235.356,0.0
False,0.0,1,3323.07,"{""agx"": 226.351, ""nano"": 567.534, ""spark"": 3346.94}",1788493233.6649625,16,19.239,request_completed,burst,False,286.0,0.0,1373.895,cached_on_demand,1321098329,0.0,0.0,ACTIVE,segment_2_c16,etri-ser0002-cgnmsb,dynamic,3346.94,14,29.414,,c4301dcd-8e98-4809-8075-6a51521b9a99,16,15.82,spark,hold:spark:hysteresis_or_improvement_gate,ok,56.05,1788493230.3418918,46.064,3068.834,3243.177,0.0
False,0.0,1,3316.547,"{""agx"": 222.229, ""nano"": 565.439, ""spark"": 3348.63}",1788493233.868639,16,20.421,request_completed,burst,False,286.0,0.0,1373.895,cached_on_demand,1321098329,0.0,0.0,ACTIVE,segment_2_c16,etri-ser0002-cgnmsb,dynamic,3348.63,14,29.412,,a8826b33-d21f-4d22-9c32-28e756ba8cbd,16,10.07,spark,hold:spark:hysteresis_or_improvement_gate,ok,56.05,1788493230.5520916,46.085,3067.622,3243.274,0.0
False,0.0,1,3313.079,"{""agx"": 228.97, ""nano"": 567.804, ""spark"": 3354.857}",1788493234.0760484,16,29.843,request_completed,burst,False,286.0,0.0,1373.898,cached_on_demand,1321098329,0.0,0.0,ACTIVE,segment_2_c16,etri-ser0002-cgnmsb,dynamic,3354.857,14,29.419,,cf4ad614-e18e-4fc8-a67c-0594114eab91,16,6.953,spark,hold:spark:hysteresis_or_improvement_gate,ok,56.05,1788493230.762969,46.002,3043.369,3217.069,0.0
False,0.0,1,3305.909,"{""agx"": 218.285, ""nano"": 565.081, ""spark"": 3385.372}",1788493234.2846377,16,20.64,request_completed,burst,False,286.0,0.0,1373.898,cached_on_demand,1321098329,0.0,0.0,ACTIVE,segment_2_c16,etri-ser0002-cgnmsb,dynamic,3385.372,14,29.42,,9effffd5-a871-464c-96f0-b4c98d5d7192,16,18.108,spark,hold:spark:hysteresis_or_improvement_gate,ok,70.05,1788493230.9787273,46.018,3056.55,3230.892,0.0
False,0.0,1,3303.652,"{""agx"": 224.681, ""nano"": 566.426, ""spark"": 3376.652}",1788493234.4898012,16,19.12,request_completed,burst,False,286.0,0.0,1373.898,cached_on_demand,1321098329,0.0,0.0,ACTIVE,segment_2_c16,etri-ser0002-cgnmsb,dynamic,3376.652,14,29.42,,cd578f94-f511-4726-a64e-50bdc35fbe8e,16,19.196,spark,hold:spark:hysteresis_or_improvement_gate,ok,57.0,1788493231.186148,46.011,3036.829,3212.518,0.0
False,0.0,1,3305.583,"{""agx"": 217.572, ""nano"": 565.141, ""spark"": 3355.383}",1788493234.6994321,16,18.919,request_completed,burst,False,286.0,0.0,1373.898,cached_on_demand,1321098329,0.0,0.0,ACTIVE,segment_2_c16,etri-ser0002-cgnmsb,dynamic,3355.383,14,29.431,,52b72e60-e789-4c80-a528-15d01baa3625,16,7.959,spark,hold:spark:hysteresis_or_improvement_gate,ok,56.05,1788493231.3938498,45.898,3067.123,3242.828,0.0
False,0.0,1,3310.852,"{""agx"": 227.835, ""nano"": 564.808, ""spark"": 3344.746}",1788493234.907437,16,17.877,request_completed,burst,False,286.0,0.0,1373.898,cached_on_demand,1321098329,0.0,0.0,ACTIVE,segment_2_c16,etri-ser0002-cgnmsb,dynamic,3344.746,14,29.429,,7b596424-7020-416b-b455-e31171a1998a,16,19.098,spark,hold:spark:hysteresis_or_improvement_gate,ok,56.05,1788493231.596585,45.912,3045.26,3221.354,0.0
False,0.0,1,3310.56,"{""agx"": 228.53, ""nano"": 565.1, ""spark"": 3342.108}",1788493235.1148765,16,20.725,request_completed,burst,False,286.0,0.0,1373.898,cached_on_demand,1321098329,0.0,0.0,ACTIVE,segment_2_c16,etri-ser0002-cgnmsb,dynamic,3342.108,14,29.43,,efc91012-96d1-4b91-bf2b-919c133e7dac,16,13.66,spark,hold:spark:hysteresis_or_improvement_gate,ok,56.05,1788493231.804316,46.113,3040.769,3214.597,0.0
False,0.0,1,3309.698,"{""agx"": 228.314, ""nano"": 561.545, ""spark"": 3329.513}",1788493235.321021,16,19.63,request_completed,burst,False,286.0,0.0,1373.898,cached_on_demand,1321098329,0.0,0.0,ACTIVE,segment_2_c16,etri-ser0002-cgnmsb,dynamic,3329.513,14,29.432,,719de796-0f35-4402-9afe-625bdf9b1bff,16,9.017,spark,hold:spark:hysteresis_or_improvement_gate,ok,57.05,1788493232.011324,46.162,3056.895,3231.639,0.0
False,0.0,1,3308.681,"{""agx"": 237.694, ""nano"": 572.439, ""spark"": 3326.548}",1788493235.5283103,16,19.403,request_completed,burst,False,286.0,0.0,1373.898,cached_on_demand,1321098329,0.0,0.0,ACTIVE,segment_2_c16,etri-ser0002-cgnmsb,dynamic,3326.548,14,29.429,,d1ff3cee-91de-4a84-8f1b-5623f4c29f65,16,18.18,spark,hold:spark:hysteresis_or_improvement_gate,ok,56.05,1788493232.2196279,46.024,2966.934,3142.212,0.0
False,0.0,1,3307.734,"{""agx"": 228.496, ""nano"": 567.131, ""spark"": 3330.149}",1788493235.7358031,16,18.77,request_completed,burst,False,286.0,0.0,1373.898,cached_on_demand,1321098329,0.0,0.0,ACTIVE,segment_2_c16,etri-ser0002-cgnmsb,dynamic,3330.149,14,29.432,,2a74ae9d-5eee-4904-bd92-979ef2a1ed45,16,15.397,spark,hold:spark:hysteresis_or_improvement_gate,ok,56.05,1788493232.428068,46.104,3046.655,3221.799,0.0
False,0.0,1,3312.77,"{""agx"": 227.167, ""nano"": 565.557, ""spark"": 3317.49}",1788493235.9466252,16,19.368,request_completed,burst,False,286.0,0.0,1373.898,cached_on_demand,1321098329,0.0,0.0,ACTIVE,segment_2_c16,etri-ser0002-cgnmsb,dynamic,3317.49,14,29.43,,0b0c68a1-850b-48e2-be5e-a5555b5da4a2,16,8.306,spark,hold:spark:hysteresis_or_improvement_gate,ok,56.05,1788493232.6338544,46.035,3059.428,3235.686,0.0
False,0.0,1,3310.658,"{""agx"": 228.738, ""nano"": 563.465, ""spark"": 3328.025}",1788493236.1535187,16,17.989,request_completed,burst,False,286.0,0.0,1373.898,cached_on_demand,1321098329,0.0,0.0,ACTIVE,segment_2_c16,etri-ser0002-cgnmsb,dynamic,3328.025,14,29.434,,f48c1f71-552e-4ffa-8c43-af6056819340,16,10.057,spark,hold:spark:hysteresis_or_improvement_gate,ok,56.05,1788493232.84286,46.15,3024.935,3199.207,0.0
False,0.0,1,3306.359,"{""agx"": 225.184, ""nano"": 563.144, ""spark"": 3335.942}",1788493236.3575377,16,18.593,request_completed,burst,False,286.0,0.0,1373.898,cached_on_demand,1321098329,0.0,0.0,ACTIVE,segment_2_c16,etri-ser0002-cgnmsb,dynamic,3335.942,14,29.444,,0050e9a6-2612-4dc6-aa95-0f9e4acffed5,16,13.318,spark,hold:spark:hysteresis_or_improvement_gate,ok,56.05,1788493233.051178,46.068,3050.749,3225.32,0.0
False,0.0,1,3308.203,"{""agx"": 226.78, ""nano"": 567.511, ""spark"": 3328.07}",1788493236.565388,16,18.34,request_completed,burst,False,286.0,0.0,1373.898,cached_on_demand,1321098329,0.0,0.0,ACTIVE,segment_2_c16,etri-ser0002-cgnmsb,dynamic,3328.07,14,29.445,,9d60638a-d969-41e3-a70f-fa0847fa4ef0,16,19.238,spark,hold:spark:hysteresis_or_improvement_gate,ok,56.05,1788493233.2571838,46.008,3042.789,3216.536,0.0
False,0.0,1,3307.039,"{""agx"": 227.804, ""nano"": 566.038, ""spark"": 3315.505}",1788493236.7708313,16,18.24,request_completed,burst,False,286.0,0.0,1373.902,cached_on_demand,1321098329,0.0,0.0,ACTIVE,segment_2_c16,etri-ser0002-cgnmsb,dynamic,3315.505,14,29.444,,ef38e791-9d7d-4b05-9888-954a6056a2b3,16,8.017,spark,hold:spark:hysteresis_or_improvement_gate,ok,56.05,1788493233.463791,45.795,3052.012,3229.017,0.0
False,0.0,1,3309.166,"{""agx"": 217.401, ""nano"": 563.612, ""spark"": 3305.202}",1788493236.978828,16,18.04,request_completed,burst,False,286.0,0.0,1373.902,cached_on_demand,1321098329,0.0,0.0,ACTIVE,segment_2_c16,etri-ser0002-cgnmsb,dynamic,3305.202,14,29.445,,4b138cdc-17ea-4917-807f-4b8c52622363,16,7.922,spark,hold:spark:hysteresis_or_improvement_gate,ok,56.05,1788493233.669661,45.591,3071.937,3246.984,0.0
False,0.0,1,3311.167,"{""agx"": 227.516, ""nano"": 564.013, ""spark"": 3298.708}",1788493237.1833978,16,18.75,request_completed,burst,False,286.0,0.0,1373.902,cached_on_demand,1321098329,0.0,0.0,ACTIVE,segment_2_c16,etri-ser0002-cgnmsb,dynamic,3298.708,14,29.445,,259d81cf-56a1-428b-9ee9-bb0e4d2fb902,16,13.844,spark,hold:spark:hysteresis_or_improvement_gate,ok,56.05,1788493233.87223,45.667,3006.097,3183.192,0.0
False,0.0,1,3314.788,"{""agx"": 212.804, ""nano"": 567.566, ""spark"": 3303.926}",1788493237.394969,16,21.875,request_completed,burst,False,286.0,0.0,1373.906,cached_on_demand,1321098329,0.0,0.0,ACTIVE,segment_2_c16,etri-ser0002-cgnmsb,dynamic,3303.926,14,29.445,,0005eb6e-8f2e-4585-888d-fb2a863536e6,16,8.774,spark,hold:spark:hysteresis_or_improvement_gate,ok,56.05,1788493234.0801792,45.906,3082.481,3258.771,0.0
False,0.0,1,3314.675,"{""agx"": 229.786, ""nano"": 564.879, ""spark"": 3322.572}",1788493237.6029012,16,18.389,request_completed,burst,False,286.0,0.0,1373.91,cached_on_demand,1321098329,0.0,0.0,ACTIVE,segment_2_c16,etri-ser0002-cgnmsb,dynamic,3322.572,14,29.446,,3966ef8a-9413-4e8e-b41b-6c3b01ca0169,16,18.364,spark,hold:spark:hysteresis_or_improvement_gate,ok,56.05,1788493234.2882247,45.904,3048.977,3225.046,0.0
False,0.0,1,3318.941,"{""agx"": 221.233, ""nano"": 566.786, ""spark"": 3306.589}",1788493237.812312,16,18.699,request_completed,burst,False,286.0,0.0,1373.91,cached_on_demand,1321098329,0.0,0.0,ACTIVE,segment_2_c16,etri-ser0002-cgnmsb,dynamic,3306.589,14,29.446,,a75de9ca-caa6-46ba-94e0-72252d8709a4,16,9.421,spark,hold:spark:hysteresis_or_improvement_gate,ok,56.0,1788493234.493369,45.948,3072.476,3247.859,0.0
False,0.0,1,3318.264,"{""agx"": 224.305, ""nano"": 565.116, ""spark"": 3316.422}",1788493238.0211256,16,19.178,request_completed,burst,False,286.0,0.0,1373.91,cached_on_demand,1321098329,0.0,0.0,ACTIVE,segment_2_c16,etri-ser0002-cgnmsb,dynamic,3316.422,14,29.447,,d1dc7de0-26f5-497b-a34c-a6a3b1ed282d,16,7.686,spark,hold:spark:hysteresis_or_improvement_gate,ok,56.05,1788493234.7028594,45.892,3067.482,3243.203,0.0
False,0.0,1,3321.126,"{""agx"": 229.647, ""nano"": 563.023, ""spark"": 3327.179}",1788493238.2320528,16,17.636,request_completed,burst,False,286.0,0.0,1373.91,cached_on_demand,1321098329,0.0,0.0,ACTIVE,segment_2_c16,etri-ser0002-cgnmsb,dynamic,3327.179,14,29.447,,5784f8aa-f7b6-4e44-a68a-a811d2cacbc0,16,16.427,spark,hold:spark:hysteresis_or_improvement_gate,ok,56.05,1788493234.9109254,45.782,3056.555,3232.571,0.0
False,0.0,1,3325.086,"{""agx"": 238.903, ""nano"": 574.783, ""spark"": 3331.474}",1788493238.4409323,16,18.068,request_completed,burst,False,286.0,0.0,1373.91,cached_on_demand,1321098329,0.0,0.0,ACTIVE,segment_2_c16,etri-ser0002-cgnmsb,dynamic,3331.474,14,29.448,,69c58675-b9cc-4c02-a611-fef41a36a6df,16,17.81,spark,hold:spark:hysteresis_or_improvement_gate,ok,56.05,1788493235.1158466,46.256,3035.635,3210.692,0.0
False,0.0,1,3323.762,"{""agx"": 227.258, ""nano"": 568.563, ""spark"": 3321.408}",1788493238.648039,16,18.125,request_completed,burst,False,286.0,0.0,1373.91,cached_on_demand,1321098329,0.0,0.0,ACTIVE,segment_2_c16,etri-ser0002-cgnmsb,dynamic,3321.408,14,29.449,,8e2551fc-4693-436e-a8ae-e1ed0e0c714f,16,17.424,spark,hold:spark:hysteresis_or_improvement_gate,ok,56.05,1788493235.3242767,46.045,3055.894,3231.263,0.0
False,0.0,1,3328.528,"{""agx"": 213.235, ""nano"": 577.238, ""spark"": 3316.427}",1788493238.8580077,16,18.14,request_completed,burst,False,286.0,0.0,1373.91,cached_on_demand,1321098329,0.0,0.0,ACTIVE,segment_2_c16,etri-ser0002-cgnmsb,dynamic,3316.427,14,29.446,,2ffabedb-4f50-4f2b-b0f1-3c3f829b10a8,16,6.747,spark,hold:spark:hysteresis_or_improvement_gate,ok,56.05,1788493235.5294805,45.689,3087.185,3264.85,0.0
False,0.0,1,3331.342,"{""agx"": 215.814, ""nano"": 573.101, ""spark"": 3326.296}",1788493239.0680919,16,18.411,request_completed,burst,False,286.0,0.0,1373.91,cached_on_demand,1321098329,0.0,0.0,ACTIVE,segment_2_c16,etri-ser0002-cgnmsb,dynamic,3326.296,14,29.442,,d3932d1a-5d2b-4151-bb1f-9ce11394e55c,16,15.016,spark,hold:spark:hysteresis_or_improvement_gate,ok,56.05,1788493235.73675,45.972,3076.505,3252.719,0.0
False,0.0,1,3325.241,"{""agx"": 228.692, ""nano"": 572.968, ""spark"": 3340.502}",1788493239.2752135,16,18.777,request_completed,burst,False,286.0,0.0,1373.91,cached_on_demand,1321098329,0.0,0.0,ACTIVE,segment_2_c16,etri-ser0002-cgnmsb,dynamic,3340.502,14,29.442,,cbb3f9c6-0873-40ae-9899-07f3227560f7,16,20.022,spark,hold:spark:hysteresis_or_improvement_gate,ok,56.05,1788493235.9499714,46.133,3026.129,3200.918,0.0
False,0.0,1,3327.966,"{""agx"": 227.861, ""nano"": 568.809, ""spark"": 3331.526}",1788493239.4830024,16,18.313,request_completed,burst,False,286.0,0.0,1373.91,cached_on_demand,1321098329,0.0,0.0,ACTIVE,segment_2_c16,etri-ser0002-cgnmsb,dynamic,3331.526,14,29.443,,9f2cd7ae-f917-4547-8354-888f0aa0ec30,16,12.758,spark,hold:spark:hysteresis_or_improvement_gate,ok,55.05,1788493236.1550362,45.801,3051.803,3228.331,0.0
False,0.0,1,3327.782,"{""agx"": 229.185, ""nano"": 563.365, ""spark"": 3320.794}",1788493239.6886892,16,19.681,request_completed,burst,False,286.0,0.0,1373.91,cached_on_demand,1321098329,0.0,0.0,ACTIVE,segment_2_c16,etri-ser0002-cgnmsb,dynamic,3320.794,14,29.442,,8bf99a03-b0b3-419b-b0ee-784f9946ebad,16,17.562,spark,hold:spark:hysteresis_or_improvement_gate,ok,56.05,1788493236.360906,45.878,3070.678,3245.706,0.0
False,0.0,1,3327.458,"{""agx"": 230.563, ""nano"": 563.75, ""spark"": 3312.499}",1788493239.8945823,16,20.487,request_completed,burst,False,286.0,0.0,1373.91,cached_on_demand,1321098329,0.0,0.0,ACTIVE,segment_2_c16,etri-ser0002-cgnmsb,dynamic,3312.499,14,29.435,,1dba41b8-b832-4ad3-93f2-cbe1f0e98f61,16,8.771,spark,hold:spark:hysteresis_or_improvement_gate,ok,65.0,1788493236.5671244,45.428,3070.109,3246.153,0.0
False,0.0,1,3326.074,"{""agx"": 215.068, ""nano"": 566.562, ""spark"": 3315.542}",1788493240.1003733,16,21.535,request_completed,burst,False,286.0,0.0,1373.91,cached_on_demand,1321098329,0.0,0.0,ACTIVE,segment_2_c16,etri-ser0002-cgnmsb,dynamic,3315.542,14,29.433,,1d88135d-b033-4513-a484-a7e3342bae79,16,18.678,spark,hold:spark:hysteresis_or_improvement_gate,ok,59.05,1788493236.774298,45.858,3079.011,3255.348,0.0
False,0.0,1,3324.713,"{""agx"": 228.503, ""nano"": 566.074, ""spark"": 3324.339}",1788493240.3059824,16,21.801,request_completed,burst,False,286.0,0.0,1373.91,cached_on_demand,1321098329,0.0,0.0,ACTIVE,segment_2_c16,etri-ser0002-cgnmsb,dynamic,3324.339,14,29.445,,6efae91a-f4b3-4c00-9529-59b0cbbc6fba,16,20.147,spark,hold:spark:hysteresis_or_improvement_gate,ok,57.05,1788493236.9812684,45.985,3029.702,3204.404,0.0
False,0.0,1,3324.883,"{""agx"": 233.47, ""nano"": 565.997, ""spark"": 3314.143}",1788493240.5116565,16,20.233,request_completed,burst,False,286.0,0.0,1373.91,cached_on_demand,1321098329,0.0,0.0,ACTIVE,segment_2_c16,etri-ser0002-cgnmsb,dynamic,3314.143,14,29.445,,b479f3f5-d4ec-4c8c-8ee7-db8f4e79efef,16,19.375,spark,hold:spark:hysteresis_or_improvement_gate,ok,56.05,1788493237.1867728,46.014,3054.69,3230.982,0.0
False,0.0,1,3322.253,"{""agx"": 212.799, ""nano"": 560.094, ""spark"": 3322.222}",1788493240.7179873,16,19.048,request_completed,burst,False,286.0,0.0,1373.91,cached_on_demand,1321098329,0.0,0.0,ACTIVE,segment_2_c16,etri-ser0002-cgnmsb,dynamic,3322.222,14,29.445,,e086f705-bdc7-4e2c-9244-09374293230a,16,7.438,spark,hold:spark:hysteresis_or_improvement_gate,ok,56.05,1788493237.3957348,45.896,3100.844,3274.822,0.0
False,0.0,1,3319.983,"{""agx"": 215.519, ""nano"": 564.27, ""spark"": 3329.845}",1788493240.923886,16,18.269,request_completed,burst,False,286.0,0.0,1373.91,cached_on_demand,1321098329,0.0,0.0,ACTIVE,segment_2_c16,etri-ser0002-cgnmsb,dynamic,3329.845,14,29.435,,69855e07-326c-478d-a7f0-3dbddb12d1f3,16,10.773,spark,hold:spark:hysteresis_or_improvement_gate,ok,56.05,1788493237.603904,45.683,3085.384,3262.381,0.0
False,0.0,1,3317.173,"{""agx"": 215.816, ""nano"": 568.747, ""spark"": 3341.931}",1788493241.1303852,16,18.738,request_completed,burst,False,286.0,0.0,1373.91,cached_on_demand,1321098329,0.0,0.0,ACTIVE,segment_2_c16,etri-ser0002-cgnmsb,dynamic,3341.931,14,29.435,,99550ba2-7e2a-48ff-8843-11fac62e4791,16,16.987,spark,hold:spark:hysteresis_or_improvement_gate,ok,56.05,1788493237.813212,46.18,3075.649,3249.247,0.0
False,0.0,1,3311.459,"{""agx"": 224.894, ""nano"": 571.031, ""spark"": 3343.362}",1788493241.3341823,16,19.535,request_completed,burst,False,286.0,0.0,1373.91,cached_on_demand,1321098329,0.0,0.0,ACTIVE,segment_2_c16,etri-ser0002-cgnmsb,dynamic,3343.362,14,29.439,,7b80610b-0c46-40bd-a1fa-9c22d630cedd,16,17.474,spark,hold:spark:hysteresis_or_improvement_gate,ok,56.05,1788493238.0227227,45.747,3029.201,3204.531,0.0
False,0.0,1,3306.769,"{""agx"": 229.848, ""nano"": 566.482, ""spark"": 3349.461}",1788493241.5423086,16,18.831,request_completed,burst,False,286.0,0.0,1373.91,cached_on_demand,1321098329,0.0,0.0,ACTIVE,segment_2_c16,etri-ser0002-cgnmsb,dynamic,3349.461,14,29.436,,43108f68-bb51-4ed2-88b9-39c089a63b0e,16,17.893,spark,hold:spark:hysteresis_or_improvement_gate,ok,57.05,1788493238.2355378,45.32,3039.828,3218.54,0.0
False,0.0,1,3304.917,"{""agx"": 235.829, ""nano"": 564.606, ""spark"": 3346.647}",1788493241.7499647,16,18.584,request_completed,burst,False,286.0,0.0,1373.914,cached_on_demand,1321098329,0.0,0.0,ACTIVE,segment_2_c16,etri-ser0002-cgnmsb,dynamic,3346.647,14,29.434,,2c756e05-9664-45ec-b97c-e29a96f4f316,16,11.943,spark,hold:spark:hysteresis_or_improvement_gate,ok,56.05,1788493238.4450464,45.811,2993.309,3168.922,0.0
False,0.0,1,3308.64,"{""agx"": 232.985, ""nano"": 564.845, ""spark"": 3333.531}",1788493241.9587293,16,18.715,request_completed,burst,False,286.0,0.0,1373.914,cached_on_demand,1321098329,0.0,0.0,ACTIVE,segment_2_c16,etri-ser0002-cgnmsb,dynamic,3333.531,14,29.43,,eaaac56b-3bde-4520-9161-af62054243b6,16,8.667,spark,hold:spark:hysteresis_or_improvement_gate,ok,56.05,1788493238.6500902,45.926,3050.539,3225.305,0.0
False,0.0,1,3300.989,"{""agx"": 226.842, ""nano"": 566.644, ""spark"": 3344.313}",1788493242.1627023,16,19.433,request_completed,burst,False,286.0,0.0,1373.914,cached_on_demand,1321098329,0.0,0.0,ACTIVE,segment_2_c16,etri-ser0002-cgnmsb,dynamic,3344.313,14,29.43,,e9c3e40f-ec4c-4150-8ba1-1e22d6a12c90,16,9.817,spark,hold:spark:hysteresis_or_improvement_gate,ok,57.05,1788493238.8617125,45.727,3048.289,3223.674,0.0
False,0.0,1,3294.89,"{""agx"": 214.374, ""nano"": 564.106, ""spark"": 3350.301}",1788493242.3663032,16,17.857,request_completed,burst,False,286.0,0.0,1373.914,cached_on_demand,1321098329,0.0,0.0,ACTIVE,segment_2_c16,etri-ser0002-cgnmsb,dynamic,3350.301,14,29.43,,d01f4286-fc57-488c-9737-8705100461ca,16,10.621,spark,hold:spark:hysteresis_or_improvement_gate,ok,57.05,1788493239.0714126,45.758,3038.819,3214.122,0.0
False,0.0,1,3291.751,"{""agx"": 228.473, ""nano"": 566.598, ""spark"": 3342.992}",1788493242.5707235,16,18.349,request_completed,burst,False,286.0,0.0,1373.914,cached_on_demand,1321098329,0.0,0.0,ACTIVE,segment_2_c16,etri-ser0002-cgnmsb,dynamic,3342.992,14,29.429,,f94029bd-5c8b-47a4-b183-724cc07391c3,16,11.328,spark,hold:spark:hysteresis_or_improvement_gate,ok,57.0,1788493239.278972,46.076,3003.218,3179.129,0.0
False,0.0,1,3295.344,"{""agx"": 229.607, ""nano"": 570.603, ""spark"": 3346.963}",1788493242.7820318,16,17.892,request_completed,burst,False,286.0,0.0,1373.914,cached_on_demand,1321098329,0.0,0.0,ACTIVE,segment_2_c16,etri-ser0002-cgnmsb,dynamic,3346.963,14,29.426,,9a25ec23-d783-47e6-840d-be7a0a9c9b3c,16,18.163,spark,hold:spark:hysteresis_or_improvement_gate,ok,57.05,1788493239.4866872,46.052,3016.778,3193.038,0.0
False,0.0,1,3297.709,"{""agx"": 215.435, ""nano"": 563.713, ""spark"": 3335.651}",1788493242.9874794,16,18.627,request_completed,burst,False,286.0,0.0,1373.914,cached_on_demand,1321098329,0.0,0.0,ACTIVE,segment_2_c16,etri-ser0002-cgnmsb,dynamic,3335.651,14,29.423,,13eff5b4-5f49-4b06-bb08-9e571bad6dc1,16,17.475,spark,hold:spark:hysteresis_or_improvement_gate,ok,56.05,1788493239.689772,45.929,3059.875,3235.166,0.0
False,0.0,1,3295.067,"{""agx"": 230.456, ""nano"": 567.065, ""spark"": 3328.454}",1788493243.193511,16,19.608,request_completed,burst,False,286.0,0.0,1373.914,cached_on_demand,1321098329,0.0,0.0,ACTIVE,segment_2_c16,etri-ser0002-cgnmsb,dynamic,3328.454,14,29.426,,9ec168eb-3a66-4e1b-b3ce-69042ff35c1f,16,17.59,spark,hold:spark:hysteresis_or_improvement_gate,ok,57.05,1788493239.8984425,45.772,3027.054,3203.693,0.0
False,0.0,1,3299.375,"{""agx"": 227.579, ""nano"": 573.474, ""spark"": 3318.142}",1788493243.4021158,16,18.957,request_completed,burst,False,286.0,0.0,1373.914,cached_on_demand,1321098329,0.0,0.0,ACTIVE,segment_2_c16,etri-ser0002-cgnmsb,dynamic,3318.142,14,29.426,,5a5ea293-caf9-460b-85ca-4a523e215078,16,13.726,spark,hold:spark:hysteresis_or_improvement_gate,ok,57.0,1788493240.1027405,46.156,2997.815,3172.885,0.0
False,0.0,1,3298.227,"{""agx"": 228.373, ""nano"": 567.276, ""spark"": 3319.804}",1788493243.6076562,16,19.036,request_completed,burst,False,286.0,0.0,1373.914,cached_on_demand,1321098329,0.0,0.0,ACTIVE,segment_2_c16,etri-ser0002-cgnmsb,dynamic,3319.804,14,29.425,,436d7644-0eb5-4971-a20b-bfe429a209e4,16,18.956,spark,hold:spark:hysteresis_or_improvement_gate,ok,57.05,1788493240.309428,45.815,3031.099,3206.881,0.0
False,0.0,1,3301.245,"{""agx"": 226.369, ""nano"": 565.371, ""spark"": 3315.601}",1788493243.816523,16,18.125,request_completed,burst,False,286.0,0.0,1373.914,cached_on_demand,1321098329,0.0,0.0,ACTIVE,segment_2_c16,etri-ser0002-cgnmsb,dynamic,3315.601,14,29.417,,648ed0f4-badc-438c-960a-e4fdb540c6b6,16,18.465,spark,hold:spark:hysteresis_or_improvement_gate,ok,57.05,1788493240.5152774,45.451,3038.857,3216.594,0.0
False,0.0,1,3301.629,"{""agx"": 228.391, ""nano"": 565.202, ""spark"": 3307.353}",1788493244.0230567,16,17.857,request_completed,burst,False,286.0,0.0,1373.914,cached_on_demand,1321098329,0.0,0.0,ACTIVE,segment_2_c16,etri-ser0002-cgnmsb,dynamic,3307.353,14,29.417,,8d809506-74bc-440d-8fb7-4a7468695d16,16,7.977,spark,hold:spark:hysteresis_or_improvement_gate,ok,56.05,1788493240.7214272,45.562,3048.682,3223.94,0.0
False,0.0,1,3300.392,"{""agx"": 232.943, ""nano"": 571.298, ""spark"": 3312.695}",1788493244.2280426,16,19.927,request_completed,burst,False,286.0,0.0,1373.914,cached_on_demand,1321098329,0.0,0.0,ACTIVE,segment_2_c16,etri-ser0002-cgnmsb,dynamic,3312.695,14,29.416,,b58b4b01-5708-40b1-b207-fe6b73800d1c,16,17.255,spark,hold:spark:hysteresis_or_improvement_gate,ok,57.05,1788493240.9276495,45.418,3021.863,3198.278,0.0
False,0.0,1,3298.76,"{""agx"": 230.019, ""nano"": 563.624, ""spark"": 3317.952}",1788493244.430058,16,21.491,request_completed,burst,False,286.0,0.0,1373.918,cached_on_demand,1321098329,0.0,0.0,ACTIVE,segment_2_c16,etri-ser0002-cgnmsb,dynamic,3317.952,14,29.422,,f8d46f01-acfb-4682-99ec-279f53828321,16,21.12,spark,hold:spark:hysteresis_or_improvement_gate,ok,70.05,1788493241.1312976,45.989,3030.18,3204.968,0.0
False,0.0,1,3301.069,"{""agx"": 214.062, ""nano"": 566.262, ""spark"": 3293.007}",1788493244.6362736,16,23.902,request_completed,burst,False,286.0,0.0,1373.918,cached_on_demand,1321098329,0.0,0.0,ACTIVE,segment_2_c16,etri-ser0002-cgnmsb,dynamic,3293.007,14,29.459,,47680145-e7ec-4370-a324-4b01be019588,16,6.767,spark,hold:spark:hysteresis_or_improvement_gate,ok,69.05,1788493241.3352041,45.901,3071.256,3248.025,0.0
False,0.0,1,3302.933,"{""agx"": 214.205, ""nano"": 565.691, ""spark"": 3313.18}",1788493244.8461668,16,22.157,request_completed,burst,False,286.0,0.0,1373.918,cached_on_demand,1321098329,0.0,0.0,ACTIVE,segment_2_c16,etri-ser0002-cgnmsb,dynamic,3313.18,14,29.451,,72a6ebea-87cc-4610-8ece-cf319eb81f9d,16,17.276,spark,hold:spark:hysteresis_or_improvement_gate,ok,57.05,1788493241.5432334,45.728,3063.363,3239.595,0.0
False,0.0,1,3301.655,"{""agx"": 231.266, ""nano"": 572.654, ""spark"": 3310.376}",1788493245.0533803,16,21.368,request_completed,burst,False,286.0,0.0,1373.922,cached_on_demand,1321098329,0.0,0.0,ACTIVE,segment_2_c16,etri-ser0002-cgnmsb,dynamic,3310.376,14,29.457,,40afe74d-7ecc-4526-a547-58e0c27ee0b1,16,9.352,spark,hold:spark:hysteresis_or_improvement_gate,ok,56.05,1788493241.7517252,45.969,3033.55,3209.334,0.0
False,0.0,1,3301.986,"{""agx"": 215.504, ""nano"": 565.833, ""spark"": 3315.329}",1788493245.262228,16,19.905,request_completed,burst,False,286.0,0.0,1373.922,cached_on_demand,1321098329,0.0,0.0,ACTIVE,segment_2_c16,etri-ser0002-cgnmsb,dynamic,3315.329,14,29.46,,aa97c50e-137c-47ed-9280-e8c02a5d396d,16,7.681,spark,hold:spark:hysteresis_or_improvement_gate,ok,57.05,1788493241.960242,46.035,3065.368,3241.578,0.0
False,0.0,0,350.551,"{""agx"": 228.773, ""nano"": 569.298, ""spark"": 222.933}",1788493245.6198971,2,2.97,request_completed,burst,False,286.0,0.0,1373.926,cached_on_demand,1321098329,0.0,0.0,ACTIVE,segment_3_c2,etri-ser0002-cgnmsb,dynamic,222.933,0,29.463,,6363760d-53ed-4fa0-98d6-3b10e17f9548,2,16.048,spark,hold:spark:hysteresis_or_improvement_gate,ok,42.05,1788493245.2693458,45.844,29.277,204.928,0.0
False,0.0,1,560.141,"{""agx"": 232.69, ""nano"": 563.649, ""spark"": 424.105}",1788493245.8306327,2,15.315,request_completed,burst,False,286.0,0.0,1373.926,cached_on_demand,1321098329,0.0,0.0,ACTIVE,segment_3_c2,etri-ser0002-cgnmsb,dynamic,424.105,0,29.463,,f8dd6d5b-02d6-46ea-b3bd-a99d33fe046d,2,10.335,spark,hold:spark:hysteresis_or_improvement_gate,ok,56.05,1788493245.2704906,45.899,155.127,331.521,0.0
False,0.0,1,414.862,"{""agx"": 233.038, ""nano"": 567.134, ""spark"": 421.599}",1788493246.0384183,2,18.075,request_completed,burst,False,286.0,0.0,1373.926,cached_on_demand,1321098329,0.0,0.0,ACTIVE,segment_3_c2,etri-ser0002-cgnmsb,dynamic,421.599,0,29.458,,fe4bd345-4d5b-4e14-b969-73308a123be3,2,8.811,spark,hold:spark:hysteresis_or_improvement_gate,ok,57.05,1788493245.6235552,45.877,146.154,320.552,0.0
False,0.0,1,412.757,"{""agx"": 226.936, ""nano"": 576.359, ""spark"": 436.084}",1788493246.2469225,2,18.269,request_completed,burst,False,286.0,0.0,1373.93,cached_on_demand,1321098329,0.0,0.0,ACTIVE,segment_3_c2,etri-ser0002-cgnmsb,dynamic,436.084,0,29.458,,72ab5f39-8ee1-411d-8151-9f9775da0c05,2,21.458,spark,hold:spark:hysteresis_or_improvement_gate,ok,57.0,1788493245.834164,45.321,133.197,311.878,0.0
False,0.0,1,413.229,"{""agx"": 223.449, ""nano"": 562.61, ""spark"": 423.16}",1788493246.4551852,2,18.907,request_completed,burst,False,286.0,0.0,1373.93,cached_on_demand,1321098329,0.0,0.0,ACTIVE,segment_3_c2,etri-ser0002-cgnmsb,dynamic,423.16,0,29.458,,e1e48ccc-17cb-46a7-af93-d5fe526b3974,2,8.286,spark,hold:spark:hysteresis_or_improvement_gate,ok,57.05,1788493246.0419552,45.909,167.443,342.905,0.0
False,0.0,1,415.489,"{""agx"": 227.249, ""nano"": 562.009, ""spark"": 431.684}",1788493246.6659656,2,19.512,request_completed,burst,False,286.0,0.0,1373.934,cached_on_demand,1321098329,0.0,0.0,ACTIVE,segment_3_c2,etri-ser0002-cgnmsb,dynamic,431.684,0,29.458,,c6924e29-3777-458d-8ec5-734ce972656d,2,16.9,spark,hold:spark:hysteresis_or_improvement_gate,ok,57.05,1788493246.2504747,45.718,154.771,331.803,0.0
False,0.0,1,414.721,"{""agx"": 233.193, ""nano"": 566.54, ""spark"": 427.796}",1788493246.873405,2,18.147,request_completed,burst,False,286.0,0.0,1373.934,cached_on_demand,1321098329,0.0,0.0,ACTIVE,segment_3_c2,etri-ser0002-cgnmsb,dynamic,427.796,0,29.457,,5983f345-04e6-4d7b-b61f-af7b08b123ca,2,12.258,spark,hold:spark:hysteresis_or_improvement_gate,ok,57.0,1788493246.4586837,45.844,152.424,327.643,0.0
False,0.0,1,408.49,"{""agx"": 228.295, ""nano"": 580.625, ""spark"": 436.573}",1788493247.077046,2,18.532,request_completed,burst,False,286.0,0.0,1373.934,cached_on_demand,1321098329,0.0,0.0,ACTIVE,segment_3_c2,etri-ser0002-cgnmsb,dynamic,436.573,0,29.454,,2700930d-d3a0-458f-86ca-9f8af0427063,2,19.989,spark,hold:spark:hysteresis_or_improvement_gate,ok,57.0,1788493246.668556,45.62,123.572,299.221,0.0
False,0.0,1,406.563,"{""agx"": 229.219, ""nano"": 567.779, ""spark"": 425.437}",1788493247.2835977,2,18.876,request_completed,burst,False,286.0,0.0,1373.934,cached_on_demand,1321098329,0.0,0.0,ACTIVE,segment_3_c2,etri-ser0002-cgnmsb,dynamic,425.437,0,29.456,,7d92757d-72b4-4d75-945c-c9ef1cded584,2,9.075,spark,hold:spark:hysteresis_or_improvement_gate,ok,57.05,1788493246.8770342,45.795,146.816,323.819,0.0
False,0.0,1,412.754,"{""agx"": 214.15, ""nano"": 565.827, ""spark"": 420.934}",1788493247.493477,2,20.737,request_completed,burst,False,286.0,0.0,1373.934,cached_on_demand,1321098329,0.0,0.0,ACTIVE,segment_3_c2,etri-ser0002-cgnmsb,dynamic,420.934,0,29.453,,28e9e151-ecc6-4b25-960e-09568dceae23,2,6.918,spark,hold:spark:hysteresis_or_improvement_gate,ok,56.05,1788493247.0807211,45.958,176.842,353.462,0.0
False,0.0,1,415.768,"{""agx"": 227.105, ""nano"": 562.041, ""spark"": 431.653}",1788493247.7026176,2,20.455,request_completed,burst,False,286.0,0.0,1373.934,cached_on_demand,1321098329,0.0,0.0,ACTIVE,segment_3_c2,etri-ser0002-cgnmsb,dynamic,431.653,0,29.453,,fa6408c2-33f1-4f88-981f-f454d8d622c4,2,18.049,spark,hold:spark:hysteresis_or_improvement_gate,ok,59.0,1788493247.286848,45.762,141.874,317.424,0.0
False,0.0,1,416.449,"{""agx"": 214.782, ""nano"": 565.145, ""spark"": 430.687}",1788493247.910827,2,18.491,request_completed,burst,False,286.0,0.0,1373.934,cached_on_demand,1321098329,0.0,0.0,ACTIVE,segment_3_c2,etri-ser0002-cgnmsb,dynamic,430.687,0,29.451,,c214790c-d3de-4bf1-8699-dc70876b0263,2,15.859,spark,hold:spark:hysteresis_or_improvement_gate,ok,57.05,1788493247.494378,45.904,177.747,354.06,0.0
False,0.0,1,413.468,"{""agx"": 215.143, ""nano"": 568.312, ""spark"": 431.676}",1788493248.116905,2,19.178,request_completed,burst,False,286.0,0.0,1373.934,cached_on_demand,1321098329,0.0,0.0,ACTIVE,segment_3_c2,etri-ser0002-cgnmsb,dynamic,431.676,0,29.45,,8df0405d-f49a-48b2-9199-d9662469748f,2,16.24,spark,hold:spark:hysteresis_or_improvement_gate,ok,56.05,1788493247.7034369,46.04,174.699,348.958,0.0
False,0.0,1,406.505,"{""agx"": 231.621, ""nano"": 567.271, ""spark"": 423.895}",1788493248.3208842,2,18.613,request_completed,burst,False,286.0,0.0,1373.934,cached_on_demand,1321098329,0.0,0.0,ACTIVE,segment_3_c2,etri-ser0002-cgnmsb,dynamic,423.895,0,29.45,,f4852960-9c70-4ade-9b49-113ddd7ae985,2,8.383,spark,hold:spark:hysteresis_or_improvement_gate,ok,57.05,1788493247.9143782,46.255,144.93,319.512,0.0
False,0.0,1,412.736,"{""agx"": 230.541, ""nano"": 569.297, ""spark"": 433.981}",1788493248.5305097,2,18.164,request_completed,burst,False,286.0,0.0,1373.934,cached_on_demand,1321098329,0.0,0.0,ACTIVE,segment_3_c2,etri-ser0002-cgnmsb,dynamic,433.981,0,29.451,,39482093-86c5-445f-b4a6-3e00bee0f7e3,2,19.037,spark,hold:spark:hysteresis_or_improvement_gate,ok,57.05,1788493248.117774,46.106,136.817,312.377,0.0
False,0.0,1,415.395,"{""agx"": 227.414, ""nano"": 567.069, ""spark"": 431.433}",1788493248.7399054,2,18.957,request_completed,burst,False,286.0,0.0,1373.934,cached_on_demand,1321098329,0.0,0.0,ACTIVE,segment_3_c2,etri-ser0002-cgnmsb,dynamic,431.433,0,29.452,,f136c0e6-2ae7-4644-937b-5866957226ad,2,18.801,spark,hold:spark:hysteresis_or_improvement_gate,ok,57.05,1788493248.3245099,45.902,105.799,282.559,0.0
False,0.0,1,414.725,"{""agx"": 232.766, ""nano"": 565.7, ""spark"": 432.331}",1788493248.949664,2,18.093,request_completed,burst,False,286.0,0.0,1373.934,cached_on_demand,1321098329,0.0,0.0,ACTIVE,segment_3_c2,etri-ser0002-cgnmsb,dynamic,432.331,0,29.451,,01a14bb3-12ce-4bdd-93f2-4cec4786c929,2,18.291,spark,hold:spark:hysteresis_or_improvement_gate,ok,57.05,1788493248.534938,45.894,144.762,321.27,0.0
False,0.0,1,414.572,"{""agx"": 229.485, ""nano"": 567.525, ""spark"": 434.031}",1788493249.1581035,2,18.31,request_completed,burst,False,286.0,0.0,1373.934,cached_on_demand,1321098329,0.0,0.0,ACTIVE,segment_3_c2,etri-ser0002-cgnmsb,dynamic,434.031,0,29.451,,a6a451d6-03c1-4a3f-b000-cec662ed1ae8,2,18.895,spark,hold:spark:hysteresis_or_improvement_gate,ok,57.05,1788493248.74353,45.781,143.992,319.587,0.0
False,0.0,1,407.974,"{""agx"": 225.029, ""nano"": 565.854, ""spark"": 428.123}",1788493249.360896,2,17.881,request_completed,burst,False,286.0,0.0,1373.934,cached_on_demand,1321098329,0.0,0.0,ACTIVE,segment_3_c2,etri-ser0002-cgnmsb,dynamic,428.123,0,29.451,,774826e8-112e-4de4-97bf-0ac2e6357893,2,12.161,spark,hold:spark:hysteresis_or_improvement_gate,ok,57.05,1788493248.9529216,45.92,161.904,336.803,0.0
False,0.0,1,403.334,"{""agx"": 214.556, ""nano"": 564.302, ""spark"": 429.069}",1788493249.5650136,2,18.644,request_completed,burst,False,286.0,0.0,1373.934,cached_on_demand,1321098329,0.0,0.0,ACTIVE,segment_3_c2,etri-ser0002-cgnmsb,dynamic,429.069,0,29.456,,447f4abd-1dc5-43d2-be83-2939717a7719,2,13.139,spark,hold:spark:hysteresis_or_improvement_gate,ok,57.05,1788493249.161678,45.701,167.928,343.253,0.0
False,0.0,1,408.468,"{""agx"": 213.775, ""nano"": 565.687, ""spark"": 427.739}",1788493249.7726257,2,26.923,request_completed,burst,False,286.0,0.0,1373.934,cached_on_demand,1321098329,0.0,0.0,ACTIVE,segment_3_c2,etri-ser0002-cgnmsb,dynamic,427.739,0,29.459,,78e672d5-2e60-4a77-a9a0-6aa63540154b,2,14.295,spark,hold:spark:hysteresis_or_improvement_gate,ok,57.05,1788493249.364157,45.343,166.462,345.416,0.0
False,0.0,1,417.033,"{""agx"": 214.304, ""nano"": 569.526, ""spark"": 420.206}",1788493249.9851704,2,19.917,request_completed,burst,False,286.0,0.0,1373.938,cached_on_demand,1321098329,0.0,0.0,ACTIVE,segment_3_c2,etri-ser0002-cgnmsb,dynamic,420.206,0,29.457,,5aaef04e-84bb-4ada-80cd-7f3a43912937,2,8.212,spark,hold:spark:hysteresis_or_improvement_gate,ok,59.0,1788493249.5681376,45.292,178.323,356.055,0.0
False,0.0,1,419.845,"{""agx"": 213.514, ""nano"": 570.195, ""spark"": 429.845}",1788493250.1933308,2,21.018,request_completed,burst,False,286.0,0.0,1373.938,cached_on_demand,1321098329,0.0,0.0,ACTIVE,segment_3_c2,etri-ser0002-cgnmsb,dynamic,429.845,0,29.458,,a298db58-e31b-411b-a0ef-23e063bb692c,2,17.321,spark,hold:spark:hysteresis_or_improvement_gate,ok,56.05,1788493249.773485,45.611,176.553,352.671,0.0
False,0.0,1,409.478,"{""agx"": 219.171, ""nano"": 562.635, ""spark"": 435.195}",1788493250.3982346,2,21.839,request_completed,burst,False,286.0,0.0,1373.938,cached_on_demand,1321098329,0.0,0.0,ACTIVE,segment_3_c2,etri-ser0002-cgnmsb,dynamic,435.195,0,29.456,,ddab0b1b-8f0c-48b0-96bb-039708bc5c81,2,20.043,spark,hold:spark:hysteresis_or_improvement_gate,ok,72.0,1788493249.9887545,45.928,157.384,333.35,0.0
False,0.0,1,412.017,"{""agx"": 220.319, ""nano"": 564.67, ""spark"": 435.035}",1788493250.6074808,2,19.8,request_completed,burst,False,286.0,0.0,1373.941,cached_on_demand,1321098329,0.0,0.0,ACTIVE,segment_3_c2,etri-ser0002-cgnmsb,dynamic,435.035,0,29.457,,28fb5213-dd56-4602-b4ec-f963746d7c90,2,19.173,spark,hold:spark:hysteresis_or_improvement_gate,ok,57.05,1788493250.1954627,45.979,158.704,335.349,0.0
False,0.0,1,416.756,"{""agx"": 225.613, ""nano"": 560.526, ""spark"": 430.699}",1788493250.815898,2,17.989,request_completed,burst,False,286.0,0.0,1373.941,cached_on_demand,1321098329,0.0,0.0,ACTIVE,segment_3_c2,etri-ser0002-cgnmsb,dynamic,430.699,0,29.457,,fef88d29-d5f3-443b-b764-794bcee629ce,2,16.507,spark,hold:spark:hysteresis_or_improvement_gate,ok,57.05,1788493250.3991416,45.847,134.861,309.461,0.0
False,0.0,1,413.171,"{""agx"": 228.477, ""nano"": 565.236, ""spark"": 427.324}",1788493251.0217118,2,17.991,request_completed,burst,False,286.0,0.0,1373.941,cached_on_demand,1321098329,0.0,0.0,ACTIVE,segment_3_c2,etri-ser0002-cgnmsb,dynamic,427.324,0,29.457,,a74ea1ae-644f-4830-9ee3-9ee70e43ceeb,2,12.38,spark,hold:spark:hysteresis_or_improvement_gate,ok,57.05,1788493250.6085405,45.886,157.776,334.379,0.0
False,0.0,1,411.181,"{""agx"": 230.533, ""nano"": 564.946, ""spark"": 422.325}",1788493251.2284505,2,19.765,request_completed,burst,False,286.0,0.0,1373.941,cached_on_demand,1321098329,0.0,0.0,ACTIVE,segment_3_c2,etri-ser0002-cgnmsb,dynamic,422.325,0,29.457,,49b6870d-8f10-41ca-a9e8-f715b0dc1139,2,7.141,spark,hold:spark:hysteresis_or_improvement_gate,ok,57.05,1788493250.8172693,46.062,157.387,332.175,0.0
False,0.0,1,410.354,"{""agx"": 225.319, ""nano"": 563.37, ""spark"": 429.051}",1788493251.43528,2,17.828,request_completed,burst,False,286.0,0.0,1373.941,cached_on_demand,1321098329,0.0,0.0,ACTIVE,segment_3_c2,etri-ser0002-cgnmsb,dynamic,429.051,0,29.457,,5f7c1a79-70ea-4417-9a9f-fb4568183792,2,15.297,spark,hold:spark:hysteresis_or_improvement_gate,ok,57.05,1788493251.0249248,45.855,151.861,327.078,0.0
False,0.0,1,409.871,"{""agx"": 226.987, ""nano"": 562.547, ""spark"": 430.519}",1788493251.6413095,2,18.651,request_completed,burst,False,286.0,0.0,1373.941,cached_on_demand,1321098329,0.0,0.0,ACTIVE,segment_3_c2,etri-ser0002-cgnmsb,dynamic,430.519,0,29.457,,bcacc775-d848-47d2-8e11-4a304652ad45,2,16.699,spark,hold:spark:hysteresis_or_improvement_gate,ok,59.0,1788493251.2314382,45.955,148.18,324.82,0.0
False,0.0,1,414.703,"{""agx"": 235.36, ""nano"": 565.044, ""spark"": 423.672}",1788493251.8519986,2,18.182,request_completed,burst,False,286.0,0.0,1373.941,cached_on_demand,1321098329,0.0,0.0,ACTIVE,segment_3_c2,etri-ser0002-cgnmsb,dynamic,423.672,0,29.456,,9f77ea60-4f09-4d15-9e0f-29fffe44abec,2,10.014,spark,hold:spark:hysteresis_or_improvement_gate,ok,59.05,1788493251.4372954,45.826,136.845,313.667,0.0
False,0.0,1,415.717,"{""agx"": 233.677, ""nano"": 563.271, ""spark"": 431.588}",1788493252.0605428,2,19.588,request_completed,burst,False,286.0,0.0,1373.941,cached_on_demand,1321098329,0.0,0.0,ACTIVE,segment_3_c2,etri-ser0002-cgnmsb,dynamic,431.588,0,29.453,,41e3baae-5198-4a84-b6e4-605be9c0963e,2,18.818,spark,hold:spark:hysteresis_or_improvement_gate,ok,57.05,1788493251.644825,45.685,139.496,316.34,0.0
False,0.0,1,411.695,"{""agx"": 227.955, ""nano"": 566.147, ""spark"": 429.14}",1788493252.2673469,2,18.59,request_completed,burst,False,286.0,0.0,1373.941,cached_on_demand,1321098329,0.0,0.0,ACTIVE,segment_3_c2,etri-ser0002-cgnmsb,dynamic,429.14,0,29.453,,6c623e56-e738-4ca7-a8af-3a26d12f70d0,2,14.44,spark,hold:spark:hysteresis_or_improvement_gate,ok,57.05,1788493251.8556511,45.825,150.721,326.419,0.0
False,0.0,1,411.255,"{""agx"": 225.372, ""nano"": 574.195, ""spark"": 428.209}",1788493252.4754047,2,19.639,request_completed,burst,False,286.0,0.0,1373.941,cached_on_demand,1321098329,0.0,0.0,ACTIVE,segment_3_c2,etri-ser0002-cgnmsb,dynamic,428.209,0,29.44,,8e28e1df-3eb7-42bd-ad08-84e1faaedb62,2,12.947,spark,hold:spark:hysteresis_or_improvement_gate,ok,59.0,1788493252.0641487,45.76,148.175,323.796,0.0
False,0.0,1,407.544,"{""agx"": 233.774, ""nano"": 612.116, ""spark"": 421.883}",1788493252.678447,2,21.875,request_completed,burst,False,286.0,0.0,1373.941,cached_on_demand,1321098329,0.0,0.0,ACTIVE,segment_3_c2,etri-ser0002-cgnmsb,dynamic,421.883,0,29.438,,eb7019bc-cd63-4bb1-874d-20376be19436,2,6.989,spark,hold:spark:hysteresis_or_improvement_gate,ok,57.05,1788493252.270902,45.975,101.134,275.822,0.0
False,0.0,1,403.787,"{""agx"": 228.24, ""nano"": 564.742, ""spark"": 425.103}",1788493252.884641,2,18.229,request_completed,burst,False,286.0,0.0,1373.941,cached_on_demand,1321098329,0.0,0.0,ACTIVE,segment_3_c2,etri-ser0002-cgnmsb,dynamic,425.103,0,29.432,,b3a9fa5c-f399-488c-8f54-681db809b802,2,10.493,spark,hold:spark:hysteresis_or_improvement_gate,ok,59.05,1788493252.4808536,45.696,119.401,296.932,0.0
False,0.0,1,410.977,"{""agx"": 226.154, ""nano"": 564.767, ""spark"": 430.008}",1788493253.0930061,2,19.73,request_completed,burst,False,286.0,0.0,1373.941,cached_on_demand,1321098329,0.0,0.0,ACTIVE,segment_3_c2,etri-ser0002-cgnmsb,dynamic,430.008,0,29.448,,d94c30a8-4dca-4601-ba92-354ccd2cdacb,2,17.332,spark,hold:spark:hysteresis_or_improvement_gate,ok,59.0,1788493252.6820269,45.744,156.886,331.769,0.0
False,0.0,1,409.047,"{""agx"": 229.564, ""nano"": 568.899, ""spark"": 431.131}",1788493253.2972057,2,18.727,request_completed,burst,False,286.0,0.0,1373.941,cached_on_demand,1321098329,0.0,0.0,ACTIVE,segment_3_c2,etri-ser0002-cgnmsb,dynamic,431.131,0,29.447,,dbfe0de3-9f11-4076-a57c-84404a5e3805,2,18.661,spark,hold:spark:hysteresis_or_improvement_gate,ok,57.05,1788493252.8881576,45.892,136.396,311.532,0.0
False,0.0,1,408.742,"{""agx"": 214.318, ""nano"": 565.631, ""spark"": 426.579}",1788493253.5026546,2,18.049,request_completed,burst,False,286.0,0.0,1373.941,cached_on_demand,1321098329,0.0,0.0,ACTIVE,segment_3_c2,etri-ser0002-cgnmsb,dynamic,426.579,0,29.45,,f3431846-ea7a-4e98-ba0f-1a0abea82fbc,2,13.045,spark,hold:spark:hysteresis_or_improvement_gate,ok,57.05,1788493253.0939121,45.942,166.724,341.79,0.0
False,0.0,1,407.85,"{""agx"": 214.778, ""nano"": 564.006, ""spark"": 418.135}",1788493253.7060242,2,19.118,request_completed,burst,False,286.0,0.0,1373.941,cached_on_demand,1321098329,0.0,0.0,ACTIVE,segment_3_c2,etri-ser0002-cgnmsb,dynamic,418.135,0,29.45,,0a06099f-8409-4bf3-bb59-b0ce934ce490,2,5.997,spark,hold:spark:hysteresis_or_improvement_gate,ok,57.05,1788493253.2981734,45.968,182.324,356.059,0.0
False,0.0,1,407.978,"{""agx"": 1424.301, ""nano"": 566.528, ""spark"": 418.262}",1788493253.9117575,2,19.403,request_completed,burst,False,286.0,0.0,1373.941,cached_on_demand,1321098329,0.0,0.0,ACTIVE,segment_3_c2,etri-ser0002-cgnmsb,dynamic,418.262,0,29.444,,eab3a3a3-baba-4fd3-a282-067d7ba21a80,2,6.45,spark,hold:spark:hysteresis_or_improvement_gate,ok,59.0,1788493253.5037794,45.585,97.346,275.016,0.0
False,0.0,1,414.117,"{""agx"": 1425.035, ""nano"": 563.112, ""spark"": 428.147}",1788493254.1212153,2,17.949,request_completed,burst,False,286.0,0.0,1373.945,cached_on_demand,1321098329,0.0,0.0,ACTIVE,segment_3_c2,etri-ser0002-cgnmsb,dynamic,428.147,0,29.441,,f76598e0-d97e-4a99-b379-7d0ef6bc212b,2,17.843,spark,hold:spark:hysteresis_or_improvement_gate,ok,57.0,1788493253.7070994,45.783,175.858,352.521,0.0
False,0.0,1,420.01,"{""agx"": 1425.225, ""nano"": 569.558, ""spark"": 421.107}",1788493254.3327157,2,19.2,request_completed,burst,False,286.0,0.0,1373.949,cached_on_demand,1321098329,0.0,0.0,ACTIVE,segment_3_c2,etri-ser0002-cgnmsb,dynamic,421.107,0,29.441,,f10b0a84-298f-49d0-8818-b4e1625735b2,2,10.685,spark,hold:spark:hysteresis_or_improvement_gate,ok,57.05,1788493253.9127064,45.667,179.947,357.066,0.0
False,0.0,1,418.315,"{""agx"": 1438.936, ""nano"": 571.254, ""spark"": 431.96}",1788493254.5429199,2,17.993,request_completed,burst,False,286.0,0.0,1373.949,cached_on_demand,1321098329,0.0,0.0,ACTIVE,segment_3_c2,etri-ser0002-cgnmsb,dynamic,431.96,0,29.441,,21375b60-b35d-4bd5-b952-f6a9561d675e,2,19.826,spark,hold:spark:hysteresis_or_improvement_gate,ok,57.0,1788493254.1246037,45.747,141.897,318.636,0.0
False,0.0,1,415.255,"{""agx"": 1436.493, ""nano"": 564.804, ""spark"": 423.109}",1788493254.7516356,2,0.0,request_completed,burst,False,286.0,0.0,1373.949,cached_on_demand,1321098329,0.0,0.0,ACTIVE,segment_3_c2,etri-ser0002-cgnmsb,dynamic,423.109,0,29.442,,e0438247-0531-4c7f-b0b1-353a58e50f2c,2,8.903,spark,hold:spark:hysteresis_or_improvement_gate,ok,57.05,1788493254.3363786,45.688,162.256,338.091,0.0
False,0.0,1,410.424,"{""agx"": 1437.628, ""nano"": 567.843, ""spark"": 432.242}",1788493254.956772,2,18.375,request_completed,burst,False,286.0,0.0,1373.949,cached_on_demand,1321098329,0.0,0.0,ACTIVE,segment_3_c2,etri-ser0002-cgnmsb,dynamic,432.242,0,29.436,,aba2d4bb-a5f9-4420-82c5-14859a8cef0b,2,16.384,spark,hold:spark:hysteresis_or_improvement_gate,ok,56.05,1788493254.5463479,45.829,146.563,322.924,0.0
False,0.0,1,412.067,"{""agx"": 1436.441, ""nano"": 563.4, ""spark"": 431.047}",1788493255.1653986,2,20.259,request_completed,burst,False,286.0,0.0,1373.949,cached_on_demand,1321098329,0.0,0.0,ACTIVE,segment_3_c2,etri-ser0002-cgnmsb,dynamic,431.047,0,29.437,,7c8df93b-9642-4a3e-9be5-d5e69e6fa908,2,14.757,spark,hold:spark:hysteresis_or_improvement_gate,ok,57.05,1788493254.7533312,45.882,150.775,326.462,0.0
False,0.0,1,415.535,"{""agx"": 1440.023, ""nano"": 568.655, ""spark"": 430.162}",1788493255.375997,2,18.667,request_completed,burst,False,286.0,0.0,1373.949,cached_on_demand,1321098329,0.0,0.0,ACTIVE,segment_3_c2,etri-ser0002-cgnmsb,dynamic,430.162,0,29.433,,97edab72-3b23-49e6-a99a-ac3f40109cb5,2,15.648,spark,hold:spark:hysteresis_or_improvement_gate,ok,56.05,1788493254.9604623,45.933,144.338,320.293,0.0
False,0.0,1,416.125,"{""agx"": 1440.848, ""nano"": 565.303, ""spark"": 429.571}",1788493255.5834558,2,18.219,request_completed,burst,False,286.0,0.0,1373.949,cached_on_demand,1321098329,0.0,0.0,ACTIVE,segment_3_c2,etri-ser0002-cgnmsb,dynamic,429.571,0,29.434,,0c10516b-6129-43c1-b29f-96811f5904ec,2,14.367,spark,hold:spark:hysteresis_or_improvement_gate,ok,57.05,1788493255.16733,45.802,154.546,329.11,0.0
False,0.0,1,408.787,"{""agx"": 1426.488, ""nano"": 567.451, ""spark"": 422.916}",1788493255.7883005,2,18.451,request_completed,burst,False,286.0,0.0,1373.949,cached_on_demand,1321098329,0.0,0.0,ACTIVE,segment_3_c2,etri-ser0002-cgnmsb,dynamic,422.916,0,29.434,,9c5e9e1f-db41-4ba8-8200-66ed58117e47,2,6.7,spark,hold:spark:hysteresis_or_improvement_gate,ok,57.05,1788493255.379512,45.519,176.32,352.938,0.0
False,0.0,1,409.258,"{""agx"": 1436.084, ""nano"": 565.904, ""spark"": 430.397}",1788493255.9941335,2,20.0,request_completed,burst,False,286.0,0.0,1373.949,cached_on_demand,1321098329,0.0,0.0,ACTIVE,segment_3_c2,etri-ser0002-cgnmsb,dynamic,430.397,0,29.426,,96eacc3e-2c4b-4737-ac17-14e77049397b,2,14.239,spark,hold:spark:hysteresis_or_improvement_gate,ok,57.05,1788493255.5848756,45.364,120.327,296.855,0.0
False,0.0,1,410.113,"{""agx"": 1436.215, ""nano"": 561.513, ""spark"": 430.593}",1788493256.2004492,2,20.904,request_completed,burst,False,286.0,0.0,1373.949,cached_on_demand,1321098329,0.0,0.0,ACTIVE,segment_3_c2,etri-ser0002-cgnmsb,dynamic,430.593,0,29.425,,7e93cdd4-b8c6-4cc5-8e08-5ad90eeaec91,2,16.341,spark,hold:spark:hysteresis_or_improvement_gate,ok,59.05,1788493255.790336,45.742,154.665,332.187,0.0
False,0.0,1,412.202,"{""agx"": 1435.765, ""nano"": 567.827, ""spark"": 432.988}",1788493256.410007,2,20.309,request_completed,burst,False,286.0,0.0,1373.949,cached_on_demand,1321098329,0.0,0.0,ACTIVE,segment_3_c2,etri-ser0002-cgnmsb,dynamic,432.988,0,29.425,,4ed6f919-abd8-467a-959b-96f71a68181c,2,19.51,spark,hold:spark:hysteresis_or_improvement_gate,ok,57.0,1788493255.9978034,45.83,146.688,322.741,0.0
False,0.0,1,417.427,"{""agx"": 1437.536, ""nano"": 568.564, ""spark"": 432.357}",1788493256.6214244,2,19.488,request_completed,burst,False,286.0,0.0,1373.949,cached_on_demand,1321098329,0.0,0.0,ACTIVE,segment_3_c2,etri-ser0002-cgnmsb,dynamic,432.357,0,29.425,,4f6cd7c9-3291-4065-9e4b-b046bd0f266e,2,19.315,spark,hold:spark:hysteresis_or_improvement_gate,ok,59.05,1788493256.2039967,45.16,144.417,322.742,0.0
False,0.0,1,414.442,"{""agx"": 1435.464, ""nano"": 564.282, ""spark"": 422.778}",1788493256.8280149,2,18.996,request_completed,burst,False,286.0,0.0,1373.949,cached_on_demand,1321098329,0.0,0.0,ACTIVE,segment_3_c2,etri-ser0002-cgnmsb,dynamic,422.778,0,29.425,,28d811f0-2f09-4924-8b0f-85979a0b8fe4,2,8.348,spark,hold:spark:hysteresis_or_improvement_gate,ok,57.05,1788493256.4135711,45.942,165.589,340.878,0.0
False,0.0,1,410.377,"{""agx"": 1441.101, ""nano"": 571.318, ""spark"": 435.637}",1788493257.0350745,2,18.803,request_completed,burst,False,286.0,0.0,1373.949,cached_on_demand,1321098329,0.0,0.0,ACTIVE,segment_3_c2,etri-ser0002-cgnmsb,dynamic,435.637,0,29.423,,af246a80-c27d-40b1-8c04-1cf70fbafb09,2,19.223,spark,hold:spark:hysteresis_or_improvement_gate,ok,57.05,1788493256.6246963,45.918,97.82,272.864,0.0
False,0.0,1,412.458,"{""agx"": 1422.858, ""nano"": 558.149, ""spark"": 423.283}",1788493257.2414446,2,19.672,request_completed,burst,False,286.0,0.0,1373.949,cached_on_demand,1321098329,0.0,0.0,ACTIVE,segment_3_c2,etri-ser0002-cgnmsb,dynamic,423.283,0,29.424,,c617b5ec-e2b9-4a07-aa5c-ef026d09eb4c,2,7.525,spark,hold:spark:hysteresis_or_improvement_gate,ok,57.05,1788493256.828987,45.981,189.705,365.47,0.0
False,0.0,1,408.993,"{""agx"": 1436.725, ""nano"": 564.182, ""spark"": 430.265}",1788493257.447542,2,19.113,request_completed,burst,False,286.0,0.0,1373.949,cached_on_demand,1321098329,0.0,0.0,ACTIVE,segment_3_c2,etri-ser0002-cgnmsb,dynamic,430.265,0,29.432,,e821dcbc-3fb1-4931-bfd7-c2abe3c748f9,2,15.499,spark,hold:spark:hysteresis_or_improvement_gate,ok,57.05,1788493257.0385482,45.848,151.142,326.549,0.0
False,0.0,1,409.498,"{""agx"": 1438.305, ""nano"": 565.683, ""spark"": 433.119}",1788493257.6543827,2,50.0,request_completed,burst,False,286.0,0.0,1373.949,cached_on_demand,1321098329,0.0,0.0,ACTIVE,segment_3_c2,etri-ser0002-cgnmsb,dynamic,433.119,0,29.433,,6ec5e5d3-cc5d-4226-92da-466ce4a796c7,2,18.867,spark,hold:spark:hysteresis_or_improvement_gate,ok,57.05,1788493257.2448835,45.756,146.81,323.945,0.0
False,0.0,1,411.745,"{""agx"": 1428.954, ""nano"": 566.91, ""spark"": 424.568}",1788493257.862779,2,19.397,request_completed,burst,False,286.0,0.0,1373.949,cached_on_demand,1321098329,0.0,0.0,ACTIVE,segment_3_c2,etri-ser0002-cgnmsb,dynamic,424.568,0,29.433,,8744266a-79a3-4304-b0ea-a683de0248c1,2,11.068,spark,hold:spark:hysteresis_or_improvement_gate,ok,57.05,1788493257.4510336,45.917,170.665,346.367,0.0
False,0.0,1,411.09,"{""agx"": 1423.457, ""nano"": 567.846, ""spark"": 422.92}",1788493258.0689878,2,20.296,request_completed,burst,False,286.0,0.0,1373.949,cached_on_demand,1321098329,0.0,0.0,ACTIVE,segment_3_c2,etri-ser0002-cgnmsb,dynamic,422.92,0,29.432,,50d61dae-59c9-481f-80c5-bc6d3897116a,2,9.644,spark,hold:spark:hysteresis_or_improvement_gate,ok,57.05,1788493257.657897,46.157,175.414,348.668,0.0
False,0.0,1,406.158,"{""agx"": 1423.692, ""nano"": 567.484, ""spark"": 422.707}",1788493258.2723155,2,22.727,request_completed,burst,False,286.0,0.0,1373.949,cached_on_demand,1321098329,0.0,0.0,ACTIVE,segment_3_c2,etri-ser0002-cgnmsb,dynamic,422.707,0,29.432,,9ded7f27-2799-49ce-a3c6-7719743a0e46,2,8.765,spark,hold:spark:hysteresis_or_improvement_gate,ok,56.05,1788493257.866157,45.876,173.415,348.501,0.0
False,0.0,1,405.297,"{""agx"": 1424.309, ""nano"": 567.786, ""spark"": 426.427}",1788493258.4778485,2,18.036,request_completed,burst,False,286.0,0.0,1373.949,cached_on_demand,1321098329,0.0,0.0,ACTIVE,segment_3_c2,etri-ser0002-cgnmsb,dynamic,426.427,0,29.432,,e8f02048-4b80-4c6c-8a5f-5b486a0a8f4f,2,12.823,spark,hold:spark:hysteresis_or_improvement_gate,ok,59.0,1788493258.0725503,45.873,165.095,340.931,0.0
False,0.0,1,412.087,"{""agx"": 1438.622, ""nano"": 568.426, ""spark"": 424.215}",1788493258.6883972,2,18.47,request_completed,burst,False,286.0,0.0,1373.949,cached_on_demand,1321098329,0.0,0.0,ACTIVE,segment_3_c2,etri-ser0002-cgnmsb,dynamic,424.215,0,29.43,,a11066e5-643b-459f-9103-9e615bed3675,2,12.647,spark,hold:spark:hysteresis_or_improvement_gate,ok,57.05,1788493258.276309,45.764,151.248,326.885,0.0
False,0.0,1,412.157,"{""agx"": 1433.819, ""nano"": 565.25, ""spark"": 430.864}",1788493258.893782,2,18.107,request_completed,burst,False,286.0,0.0,1373.949,cached_on_demand,1321098329,0.0,0.0,ACTIVE,segment_3_c2,etri-ser0002-cgnmsb,dynamic,430.864,0,29.429,,fac48e72-5542-447c-ab05-443c224c727f,2,19.606,spark,hold:spark:hysteresis_or_improvement_gate,ok,59.0,1788493258.4816241,45.973,152.314,327.592,0.0
False,0.0,1,407.181,"{""agx"": 1437.875, ""nano"": 569.763, ""spark"": 431.026}",1788493259.0978181,2,18.056,request_completed,burst,False,286.0,0.0,1373.949,cached_on_demand,1321098329,0.0,0.0,ACTIVE,segment_3_c2,etri-ser0002-cgnmsb,dynamic,431.026,0,29.426,,9d05d1f5-c8d0-4a8c-9d22-06bbf8e55a09,2,17.132,spark,hold:spark:hysteresis_or_improvement_gate,ok,59.05,1788493258.6906369,45.927,120.44,294.857,0.0
False,0.0,1,408.551,"{""agx"": 1426.909, ""nano"": 575.176, ""spark"": 431.483}",1788493259.3038146,2,18.44,request_completed,burst,False,286.0,0.0,1373.949,cached_on_demand,1321098329,0.0,0.0,ACTIVE,segment_3_c2,etri-ser0002-cgnmsb,dynamic,431.483,0,29.426,,f41b0cc7-b12b-4876-b18e-db5904c11103,2,18.549,spark,hold:spark:hysteresis_or_improvement_gate,ok,57.05,1788493258.8952625,45.824,140.555,317.312,0.0
False,0.0,1,412.203,"{""agx"": 1423.629, ""nano"": 565.942, ""spark"": 423.467}",1788493259.511463,2,17.829,request_completed,burst,False,286.0,0.0,1373.949,cached_on_demand,1321098329,0.0,0.0,ACTIVE,segment_3_c2,etri-ser0002-cgnmsb,dynamic,423.467,0,29.427,,3b5ff986-df06-4463-a5dd-0f12ddfc7afb,2,11.699,spark,hold:spark:hysteresis_or_improvement_gate,ok,56.05,1788493259.0992596,45.938,173.811,349.232,0.0
False,0.0,1,413.081,"{""agx"": 1429.65, ""nano"": 568.144, ""spark"": 430.957}",1788493259.7178018,2,18.626,request_completed,burst,False,286.0,0.0,1373.949,cached_on_demand,1321098329,0.0,0.0,ACTIVE,segment_3_c2,etri-ser0002-cgnmsb,dynamic,430.957,0,29.428,,2084023e-2224-4329-9357-acfb497b5d1c,2,19.611,spark,hold:spark:hysteresis_or_improvement_gate,ok,57.05,1788493259.3047206,45.83,151.767,327.88,0.0
False,0.0,1,410.728,"{""agx"": 1423.946, ""nano"": 565.653, ""spark"": 428.602}",1788493259.9230728,2,18.112,request_completed,burst,False,286.0,0.0,1373.949,cached_on_demand,1321098329,0.0,0.0,ACTIVE,segment_3_c2,etri-ser0002-cgnmsb,dynamic,428.602,0,29.424,,c4460f6c-e839-4452-8e3a-41d7917e365c,2,15.972,spark,hold:spark:hysteresis_or_improvement_gate,ok,57.05,1788493259.5123453,45.913,174.729,350.426,0.0
False,0.0,1,409.363,"{""agx"": 1426.274, ""nano"": 569.62, ""spark"": 423.412}",1788493260.1281834,2,19.412,request_completed,burst,False,286.0,0.0,1373.949,cached_on_demand,1321098329,0.0,0.0,ACTIVE,segment_3_c2,etri-ser0002-cgnmsb,dynamic,423.412,0,29.425,,9ad9a8da-8f9d-40ce-8169-6760510840f4,2,10.992,spark,hold:spark:hysteresis_or_improvement_gate,ok,57.0,1788493259.7188199,46.032,142.931,318.085,0.0
False,0.0,1,408.606,"{""agx"": 1428.537, ""nano"": 568.2, ""spark"": 419.151}",1788493260.3351698,2,19.545,request_completed,burst,False,286.0,0.0,1373.949,cached_on_demand,1321098329,0.0,0.0,ACTIVE,segment_3_c2,etri-ser0002-cgnmsb,dynamic,419.151,0,29.426,,bd6038e9-5b40-4ab0-b958-7f005f539e12,2,7.345,spark,hold:spark:hysteresis_or_improvement_gate,ok,59.05,1788493259.9265633,45.782,168.472,343.651,0.0
False,0.0,1,411.011,"{""agx"": 1443.473, ""nano"": 565.691, ""spark"": 428.962}",1788493260.540052,2,19.437,request_completed,burst,False,286.0,0.0,1373.949,cached_on_demand,1321098329,0.0,0.0,ACTIVE,segment_3_c2,etri-ser0002-cgnmsb,dynamic,428.962,0,29.433,,235a779a-bb8b-4c18-bae4-b91e6e0df94b,2,17.486,spark,hold:spark:hysteresis_or_improvement_gate,ok,59.0,1788493260.1290414,46.116,142.68,318.399,0.0
False,0.0,1,407.852,"{""agx"": 1440.998, ""nano"": 564.342, ""spark"": 433.095}",1788493260.74652,2,18.8,request_completed,burst,False,286.0,0.0,1373.949,cached_on_demand,1321098329,0.0,0.0,ACTIVE,segment_3_c2,etri-ser0002-cgnmsb,dynamic,433.095,0,29.437,,28eab2a2-583c-4cb6-9fdb-9572d6779f60,2,21.609,spark,hold:spark:hysteresis_or_improvement_gate,ok,57.05,1788493260.3386676,46.024,137.45,313.085,0.0
False,0.0,1,410.145,"{""agx"": 1443.208, ""nano"": 566.596, ""spark"": 430.416}",1788493260.9543607,2,18.421,request_completed,burst,False,286.0,0.0,1373.949,cached_on_demand,1321098329,0.0,0.0,ACTIVE,segment_3_c2,etri-ser0002-cgnmsb,dynamic,430.416,0,29.436,,3b6cbe65-ad69-4d91-9de2-492c4e8de59d,2,19.33,spark,hold:spark:hysteresis_or_improvement_gate,ok,57.0,1788493260.5442145,45.467,139.184,315.282,0.0
False,0.0,1,407.737,"{""agx"": 1430.44, ""nano"": 565.618, ""spark"": 420.856}",1788493261.1575441,2,23.226,request_completed,burst,False,286.0,0.0,1373.949,cached_on_demand,1321098329,0.0,0.0,ACTIVE,segment_3_c2,etri-ser0002-cgnmsb,dynamic,420.856,0,29.436,,ebb1d819-d104-43ae-8d1b-3e15fdd66879,2,9.518,spark,hold:spark:hysteresis_or_improvement_gate,ok,57.05,1788493260.7498066,45.824,120.58,295.601,0.0
False,0.0,1,403.907,"{""agx"": 1434.108, ""nano"": 567.98, ""spark"": 430.036}",1788493261.361847,2,19.617,request_completed,burst,False,286.0,0.0,1373.949,cached_on_demand,1321098329,0.0,0.0,ACTIVE,segment_3_c2,etri-ser0002-cgnmsb,dynamic,430.036,0,29.434,,15439710-ec5f-42fb-8f1e-2738285f22f2,2,17.728,spark,hold:spark:hysteresis_or_improvement_gate,ok,59.05,1788493260.9579387,45.816,147.23,323.235,0.0
False,0.0,1,410.565,"{""agx"": 1442.995, ""nano"": 562.589, ""spark"": 430.563}",1788493261.5688717,2,18.396,request_completed,burst,False,286.0,0.0,1373.949,cached_on_demand,1321098329,0.0,0.0,ACTIVE,segment_3_c2,etri-ser0002-cgnmsb,dynamic,430.563,0,29.435,,7850cb67-8367-49bd-8c9f-bc1a59024dbd,2,19.641,spark,hold:spark:hysteresis_or_improvement_gate,ok,57.05,1788493261.1583076,45.559,142.701,318.833,0.0
False,0.0,1,409.591,"{""agx"": 1423.665, ""nano"": 566.806, ""spark"": 421.048}",1788493261.7742617,2,18.648,request_completed,burst,False,286.0,0.0,1373.949,cached_on_demand,1321098329,0.0,0.0,ACTIVE,segment_3_c2,etri-ser0002-cgnmsb,dynamic,421.048,0,29.435,,f92d063e-bd23-4cbf-b620-db94f7dd3a07,2,10.982,spark,hold:spark:hysteresis_or_improvement_gate,ok,57.05,1788493261.3646686,45.515,171.502,349.193,0.0
False,0.0,1,411.617,"{""agx"": 1439.362, ""nano"": 568.489, ""spark"": 419.297}",1788493261.9840925,2,20.33,request_completed,burst,False,286.0,0.0,1373.949,cached_on_demand,1321098329,0.0,0.0,ACTIVE,segment_3_c2,etri-ser0002-cgnmsb,dynamic,419.297,0,29.433,,06f1c5d4-3f17-437f-9777-4d02369f887c,2,8.583,spark,hold:spark:hysteresis_or_improvement_gate,ok,59.05,1788493261.5724747,45.383,153.451,329.447,0.0
False,0.0,1,414.592,"{""agx"": 1433.215, ""nano"": 565.24, ""spark"": 430.433}",1788493262.1896372,2,20.94,request_completed,burst,False,286.0,0.0,1373.949,cached_on_demand,1321098329,0.0,0.0,ACTIVE,segment_3_c2,etri-ser0002-cgnmsb,dynamic,430.433,0,29.433,,77ba81e5-7d35-4a3a-90fc-1eceaee7e1d0,2,19.535,spark,hold:spark:hysteresis_or_improvement_gate,ok,65.0,1788493261.775046,45.506,157.058,335.241,0.0
False,0.0,1,413.649,"{""agx"": 1436.263, ""nano"": 564.939, ""spark"": 420.523}",1788493262.4001267,2,20.648,request_completed,burst,False,286.0,0.0,1373.949,cached_on_demand,1321098329,0.0,0.0,ACTIVE,segment_3_c2,etri-ser0002-cgnmsb,dynamic,420.523,0,29.439,,f75cb68d-60a8-4e24-98e4-e6791d8b7bca,2,7.737,spark,hold:spark:hysteresis_or_improvement_gate,ok,56.05,1788493261.9864776,45.734,167.918,344.705,0.0
False,0.0,1,412.908,"{""agx"": 1441.146, ""nano"": 559.253, ""spark"": 426.332}",1788493262.6068652,2,20.732,request_completed,burst,False,286.0,0.0,1373.949,cached_on_demand,1321098329,0.0,0.0,ACTIVE,segment_3_c2,etri-ser0002-cgnmsb,dynamic,426.332,0,29.439,,1d1b5ed1-ab5a-4e64-bebc-0a2de2c77d4a,2,14.102,spark,hold:spark:hysteresis_or_improvement_gate,ok,59.05,1788493262.1939561,45.999,150.83,324.674,0.0
False,0.0,1,406.302,"{""agx"": 1438.563, ""nano"": 566.814, ""spark"": 422.737}",1788493262.8098829,2,18.004,request_completed,burst,False,286.0,0.0,1373.949,cached_on_demand,1321098329,0.0,0.0,ACTIVE,segment_3_c2,etri-ser0002-cgnmsb,dynamic,422.737,0,29.439,,b04768a2-2d84-47e4-9ed4-a125b72bad2f,2,8.671,spark,hold:spark:hysteresis_or_improvement_gate,ok,57.05,1788493262.4035804,46.037,149.457,324.706,0.0
False,0.0,1,405.828,"{""agx"": 1441.623, ""nano"": 566.79, ""spark"": 421.704}",1788493263.0164208,2,19.556,request_completed,burst,False,286.0,0.0,1373.949,cached_on_demand,1321098329,0.0,0.0,ACTIVE,segment_3_c2,etri-ser0002-cgnmsb,dynamic,421.704,0,29.443,,adc29efd-b51f-48f3-8560-a7d1ff9810d7,2,8.028,spark,hold:spark:hysteresis_or_improvement_gate,ok,59.05,1788493262.610592,45.874,148.516,324.63,0.0
False,0.0,1,409.994,"{""agx"": 1436.684, ""nano"": 564.673, ""spark"": 428.022}",1788493263.2232766,2,18.085,request_completed,burst,False,286.0,0.0,1373.949,cached_on_demand,1321098329,0.0,0.0,ACTIVE,segment_3_c2,etri-ser0002-cgnmsb,dynamic,428.022,0,29.441,,7cc6399e-45cf-4d81-99c5-e3d0df65b369,2,16.326,spark,hold:spark:hysteresis_or_improvement_gate,ok,56.05,1788493262.8132823,45.877,115.488,291.497,0.0
False,0.0,1,410.143,"{""agx"": 1440.309, ""nano"": 568.19, ""spark"": 422.137}",1788493263.4301355,2,18.97,request_completed,burst,False,286.0,0.0,1373.949,cached_on_demand,1321098329,0.0,0.0,ACTIVE,segment_3_c2,etri-ser0002-cgnmsb,dynamic,422.137,0,29.441,,965a3411-2fb0-40df-ac11-919e226edf7d,2,10.249,spark,hold:spark:hysteresis_or_improvement_gate,ok,57.05,1788493263.0199916,45.887,141.999,318.254,0.0
False,0.0,1,412.671,"{""agx"": 1436.579, ""nano"": 567.596, ""spark"": 429.816}",1788493263.6395793,2,18.924,request_completed,burst,False,286.0,0.0,1373.949,cached_on_demand,1321098329,0.0,0.0,ACTIVE,segment_3_c2,etri-ser0002-cgnmsb,dynamic,429.816,0,29.446,,3d03964b-4127-4d40-8e90-46e4fdc39d74,2,17.39,spark,hold:spark:hysteresis_or_improvement_gate,ok,59.05,1788493263.2269084,45.962,144.754,320.587,0.0
False,0.0,1,417.152,"{""agx"": 1435.79, ""nano"": 563.691, ""spark"": 429.625}",1788493263.850946,2,18.141,request_completed,burst,False,286.0,0.0,1373.949,cached_on_demand,1321098329,0.0,0.0,ACTIVE,segment_3_c2,etri-ser0002-cgnmsb,dynamic,429.625,0,29.446,,80fe17b7-72a2-4746-b9a5-7314c9d541a1,2,16.911,spark,hold:spark:hysteresis_or_improvement_gate,ok,57.05,1788493263.4337926,45.71,160.144,337.475,0.0
False,0.0,1,416.047,"{""agx"": 1437.87, ""nano"": 565.924, ""spark"": 429.431}",1788493264.060008,2,18.008,request_completed,burst,False,286.0,0.0,1373.949,cached_on_demand,1321098329,0.0,0.0,ACTIVE,segment_3_c2,etri-ser0002-cgnmsb,dynamic,429.431,0,29.444,,dec4e635-c6af-4654-8b51-728c13e548d7,2,15.441,spark,hold:spark:hysteresis_or_improvement_gate,ok,57.05,1788493263.6439605,45.884,147.182,322.203,0.0
False,0.0,1,412.572,"{""agx"": 1438.544, ""nano"": 567.362, ""spark"": 435.407}",1788493264.2659347,2,19.355,request_completed,burst,False,286.0,0.0,1373.949,cached_on_demand,1321098329,0.0,0.0,ACTIVE,segment_3_c2,etri-ser0002-cgnmsb,dynamic,435.407,0,29.443,,6f55498b-5ab7-4365-882c-d6e202f9f19c,2,19.523,spark,hold:spark:hysteresis_or_improvement_gate,ok,59.05,1788493263.853362,45.936,110.134,285.492,0.0
False,0.0,1,407.246,"{""agx"": 1428.37, ""nano"": 566.758, ""spark"": 432.066}",1788493264.4717968,2,18.4,request_completed,burst,False,286.0,0.0,1373.949,cached_on_demand,1321098329,0.0,0.0,ACTIVE,segment_3_c2,etri-ser0002-cgnmsb,dynamic,432.066,0,29.442,,3f0ddee0-92bd-4758-bfa9-b3c40a04931d,2,15.878,spark,hold:spark:hysteresis_or_improvement_gate,ok,57.05,1788493264.0645502,45.718,163.298,339.758,0.0
False,0.0,1,409.859,"{""agx"": 1441.024, ""nano"": 566.769, ""spark"": 431.932}",1788493264.6798842,2,18.819,request_completed,burst,False,286.0,0.0,1373.949,cached_on_demand,1321098329,0.0,0.0,ACTIVE,segment_3_c2,etri-ser0002-cgnmsb,dynamic,431.932,0,29.442,,c28ad671-5ca1-4ffd-b625-1cdecc99fec8,2,16.68,spark,hold:spark:hysteresis_or_improvement_gate,ok,57.05,1788493264.2700245,45.749,142.007,316.701,0.0
False,0.0,1,408.226,"{""agx"": 1438.436, ""nano"": 563.152, ""spark"": 433.205}",1788493264.884058,2,17.847,request_completed,burst,False,286.0,0.0,1373.949,cached_on_demand,1321098329,0.0,0.0,ACTIVE,segment_3_c2,etri-ser0002-cgnmsb,dynamic,433.205,0,29.44,,ed2ae838-f737-4eff-9427-44bef7d3c77d,2,18.877,spark,hold:spark:hysteresis_or_improvement_gate,ok,59.0,1788493264.4758303,45.62,143.454,319.602,0.0
False,0.0,1,406.379,"{""agx"": 1435.458, ""nano"": 566.259, ""spark"": 423.461}",1788493265.0900016,2,19.616,request_completed,burst,False,286.0,0.0,1373.949,cached_on_demand,1321098329,0.0,0.0,ACTIVE,segment_3_c2,etri-ser0002-cgnmsb,dynamic,423.461,0,29.434,,3ea083f0-6425-4268-855c-00bf171ef3d1,2,8.871,spark,hold:spark:hysteresis_or_improvement_gate,ok,57.05,1788493264.6836226,45.965,155.708,331.381,0.0
False,0.0,1,412.526,"{""agx"": 1439.505, ""nano"": 564.531, ""spark"": 432.762}",1788493265.297523,2,18.504,request_completed,burst,False,286.0,0.0,1373.949,cached_on_demand,1321098329,0.0,0.0,ACTIVE,segment_3_c2,etri-ser0002-cgnmsb,dynamic,432.762,0,29.434,,567bf96d-8665-4abe-b4d6-075a70d05c97,2,19.582,spark,hold:spark:hysteresis_or_improvement_gate,ok,57.05,1788493264.8849971,45.76,147.522,322.851,0.0
False,0.0,1,408.193,"{""agx"": 1424.152, ""nano"": 563.695, ""spark"": 421.161}",1788493265.5023563,2,18.056,request_completed,burst,False,286.0,0.0,1373.949,cached_on_demand,1321098329,0.0,0.0,ACTIVE,segment_3_c2,etri-ser0002-cgnmsb,dynamic,421.161,0,29.434,,385cdfb6-966e-4529-9e0c-76e37f192fa9,2,8.817,spark,hold:spark:hysteresis_or_improvement_gate,ok,57.05,1788493265.0941617,45.613,166.168,343.33,0.0
False,0.0,1,408.347,"{""agx"": 1438.534, ""nano"": 566.153, ""spark"": 421.004}",1788493265.7100513,2,19.118,request_completed,burst,False,286.0,0.0,1373.949,cached_on_demand,1321098329,0.0,0.0,ACTIVE,segment_3_c2,etri-ser0002-cgnmsb,dynamic,421.004,0,29.434,,cc0167fc-b926-46a0-ab05-93ea8e9dc4e1,2,8.656,spark,hold:spark:hysteresis_or_improvement_gate,ok,57.0,1788493265.301703,45.776,152.634,329.22,0.0
False,0.0,1,415.075,"{""agx"": 1425.08, ""nano"": 560.861, ""spark"": 428.432}",1788493265.9182236,2,19.024,request_completed,burst,False,286.0,0.0,1373.949,cached_on_demand,1321098329,0.0,0.0,ACTIVE,segment_3_c2,etri-ser0002-cgnmsb,dynamic,428.432,0,29.439,,547376a9-1dcb-4919-a1ad-60172caab2b1,2,16.284,spark,hold:spark:hysteresis_or_improvement_gate,ok,57.05,1788493265.5031488,46.09,180.42,356.005,0.0
False,0.0,1,416.529,"{""agx"": 1426.408, ""nano"": 568.912, ""spark"": 431.45}",1788493266.1276307,2,18.284,request_completed,burst,False,286.0,0.0,1373.949,cached_on_demand,1321098329,0.0,0.0,ACTIVE,segment_3_c2,etri-ser0002-cgnmsb,dynamic,431.45,0,29.439,,d164d7a1-121d-44fe-881c-310fd4803bf4,2,18.624,spark,hold:spark:hysteresis_or_improvement_gate,ok,57.05,1788493265.7111018,45.992,163.238,339.901,0.0
False,0.0,1,415.09,"{""agx"": 1437.43, ""nano"": 569.537, ""spark"": 431.117}",1788493266.3370662,2,18.636,request_completed,burst,False,286.0,0.0,1373.949,cached_on_demand,1321098329,0.0,0.0,ACTIVE,segment_3_c2,etri-ser0002-cgnmsb,dynamic,431.117,0,29.439,,f5fd8e50-8fed-494e-9ef5-68542526a494,2,17.727,spark,hold:spark:hysteresis_or_improvement_gate,ok,57.05,1788493265.9219759,45.982,129.25,304.6,0.0
False,0.0,1,419.964,"{""agx"": 1430.671, ""nano"": 568.292, ""spark"": 433.97}",1788493266.54846,2,18.014,request_completed,burst,False,286.0,0.0,1373.949,cached_on_demand,1321098329,0.0,0.0,ACTIVE,segment_3_c2,etri-ser0002-cgnmsb,dynamic,433.97,0,29.439,,80d6e4f4-6ca3-4516-9935-d6c55611dd56,2,19.14,spark,hold:spark:hysteresis_or_improvement_gate,ok,57.05,1788493266.1284966,45.815,157.649,333.995,0.0
False,0.0,1,416.14,"{""agx"": 1428.465, ""nano"": 567.485, ""spark"": 424.231}",1788493266.7569702,2,18.969,request_completed,burst,False,286.0,0.0,1373.949,cached_on_demand,1321098329,0.0,0.0,ACTIVE,segment_3_c2,etri-ser0002-cgnmsb,dynamic,424.231,0,29.438,,0efec24d-62cd-4176-ba1d-5ebc86d3b102,2,8.887,spark,hold:spark:hysteresis_or_improvement_gate,ok,56.05,1788493266.340829,45.951,166.455,342.553,0.0
False,0.0,1,412.854,"{""agx"": 1436.352, ""nano"": 562.414, ""spark"": 435.381}",1788493266.965766,2,18.75,request_completed,burst,False,286.0,0.0,1373.949,cached_on_demand,1321098329,0.0,0.0,ACTIVE,segment_3_c2,etri-ser0002-cgnmsb,dynamic,435.381,0,29.433,,8ecc5d81-9eac-4423-8c31-7cda550f34ca,2,19.103,spark,hold:spark:hysteresis_or_improvement_gate,ok,57.05,1788493266.5529113,45.775,154.74,329.007,0.0
False,0.0,1,410.895,"{""agx"": 1439.18, ""nano"": 565.4, ""spark"": 429.488}",1788493267.1699288,2,18.091,request_completed,burst,False,286.0,0.0,1373.949,cached_on_demand,1321098329,0.0,0.0,ACTIVE,segment_3_c2,etri-ser0002-cgnmsb,dynamic,429.488,0,29.432,,bb84a849-d4d5-4219-ba3b-5fca67c11068,2,12.306,spark,hold:spark:hysteresis_or_improvement_gate,ok,59.0,1788493266.7590327,46.158,147.33,322.34,0.0
False,0.0,1,408.553,"{""agx"": 1436.707, ""nano"": 566.781, ""spark"": 435.116}",1788493267.3776896,2,19.271,request_completed,burst,False,286.0,0.0,1373.949,cached_on_demand,1321098329,0.0,0.0,ACTIVE,segment_3_c2,etri-ser0002-cgnmsb,dynamic,435.116,0,29.431,,31effd9b-956b-4904-9e06-8784724f268c,2,18.282,spark,hold:spark:hysteresis_or_improvement_gate,ok,57.05,1788493266.9691358,46.074,135.352,311.847,0.0
False,0.0,1,415.415,"{""agx"": 1436.009, ""nano"": 562.333, ""spark"": 436.001}",1788493267.5870638,2,17.66,request_completed,burst,False,286.0,0.0,1373.949,cached_on_demand,1321098329,0.0,0.0,ACTIVE,segment_3_c2,etri-ser0002-cgnmsb,dynamic,436.001,0,29.432,,b35647ee-6e0a-409f-a612-bf6cb82d0d02,2,21.421,spark,hold:spark:hysteresis_or_improvement_gate,ok,59.05,1788493267.1716487,45.44,152.797,329.105,0.0
False,0.0,1,410.19,"{""agx"": 1438.198, ""nano"": 563.047, ""spark"": 422.227}",1788493267.7915592,2,20.438,request_completed,burst,False,286.0,0.0,1373.949,cached_on_demand,1321098329,0.0,0.0,ACTIVE,segment_3_c2,etri-ser0002-cgnmsb,dynamic,422.227,0,29.43,,33aea2c1-b585-4051-b40e-38e01d12ff30,2,7.757,spark,hold:spark:hysteresis_or_improvement_gate,ok,57.05,1788493267.3813682,45.71,164.532,340.73,0.0
False,0.0,1,406.244,"{""agx"": 1435.89, ""nano"": 563.779, ""spark"": 424.291}",1788493267.9971294,2,25.0,request_completed,burst,False,286.0,0.0,1373.949,cached_on_demand,1321098329,0.0,0.0,ACTIVE,segment_3_c2,etri-ser0002-cgnmsb,dynamic,424.291,0,29.427,,ca73af6e-189e-483c-bcd7-c1fa06f7faa9,2,9.029,spark,hold:spark:hysteresis_or_improvement_gate,ok,59.05,1788493267.590885,45.526,159.472,334.694,0.0
False,0.0,1,409.302,"{""agx"": 1440.324, ""nano"": 565.252, ""spark"": 432.351}",1788493268.2017066,2,19.688,request_completed,burst,False,286.0,0.0,1373.949,cached_on_demand,1321098329,0.0,0.0,ACTIVE,segment_3_c2,etri-ser0002-cgnmsb,dynamic,432.351,0,29.427,,2e95d40d-b598-4383-b53e-97aef9c1028d,2,18.615,spark,hold:spark:hysteresis_or_improvement_gate,ok,65.05,1788493267.7924056,45.715,146.271,322.675,0.0
False,0.0,1,408.255,"{""agx"": 1425.586, ""nano"": 564.28, ""spark"": 419.239}",1788493268.408292,2,19.084,request_completed,burst,False,286.0,0.0,1373.949,cached_on_demand,1321098329,0.0,0.0,ACTIVE,segment_3_c2,etri-ser0002-cgnmsb,dynamic,419.239,0,29.428,,6c4e3624-d2f9-4081-9f7c-d727b1c927e6,2,6.323,spark,hold:spark:hysteresis_or_improvement_gate,ok,57.05,1788493268.0000362,45.817,171.07,347.021,0.0
False,0.0,1,413.193,"{""agx"": 1437.911, ""nano"": 570.978, ""spark"": 430.951}",1788493268.6183243,2,20.518,request_completed,burst,False,286.0,0.0,1373.949,cached_on_demand,1321098329,0.0,0.0,ACTIVE,segment_3_c2,etri-ser0002-cgnmsb,dynamic,430.951,0,29.428,,02c654c8-3a6e-4350-8571-7e8c147d0973,2,19.385,spark,hold:spark:hysteresis_or_improvement_gate,ok,59.05,1788493268.2051306,45.788,147.174,323.776,0.0
False,0.0,1,414.396,"{""agx"": 1436.825, ""nano"": 567.297, ""spark"": 424.802}",1788493268.8260705,2,18.686,request_completed,burst,False,286.0,0.0,1373.949,cached_on_demand,1321098329,0.0,0.0,ACTIVE,segment_3_c2,etri-ser0002-cgnmsb,dynamic,424.802,0,29.428,,d047ce80-c495-467a-9957-bf1b2b1612c9,2,13.044,spark,hold:spark:hysteresis_or_improvement_gate,ok,57.05,1788493268.4116733,46.001,155.33,330.581,0.0
False,0.0,1,411.898,"{""agx"": 1452.2, ""nano"": 577.387, ""spark"": 434.944}",1788493269.0336792,2,27.273,request_completed,burst,False,286.0,0.0,1373.949,cached_on_demand,1321098329,0.0,0.0,ACTIVE,segment_3_c2,etri-ser0002-cgnmsb,dynamic,434.944,0,29.426,,0e003c23-3528-4e93-8357-160e2ed472ae,2,21.472,spark,hold:spark:hysteresis_or_improvement_gate,ok,57.05,1788493268.62178,45.743,113.184,287.998,0.0
False,0.0,1,409.478,"{""agx"": 1436.506, ""nano"": 564.97, ""spark"": 424.098}",1788493269.239063,2,19.549,request_completed,burst,False,286.0,0.0,1373.949,cached_on_demand,1321098329,0.0,0.0,ACTIVE,segment_3_c2,etri-ser0002-cgnmsb,dynamic,424.098,0,29.422,,436300cc-e9e0-4e2b-be09-ebb8544f8cd8,2,10.2,spark,hold:spark:hysteresis_or_improvement_gate,ok,59.0,1788493268.8295836,45.844,151.509,328.322,0.0
False,0.0,1,411.725,"{""agx"": 1432.989, ""nano"": 566.522, ""spark"": 430.569}",1788493269.446679,2,18.75,request_completed,burst,False,286.0,0.0,1373.949,cached_on_demand,1321098329,0.0,0.0,ACTIVE,segment_3_c2,etri-ser0002-cgnmsb,dynamic,430.569,0,29.421,,36479c3e-4c16-4dca-bca6-2b677fae284b,2,16.213,spark,hold:spark:hysteresis_or_improvement_gate,ok,59.05,1788493269.0349538,45.769,160.696,336.093,0.0
False,0.0,1,414.872,"{""agx"": 1423.38, ""nano"": 567.663, ""spark"": 426.572}",1788493269.6548624,2,18.985,request_completed,burst,False,286.0,0.0,1373.949,cached_on_demand,1321098329,0.0,0.0,ACTIVE,segment_3_c2,etri-ser0002-cgnmsb,dynamic,426.572,0,29.421,,47dcea12-90b8-4565-99e5-5a04d5511259,2,13.618,spark,hold:spark:hysteresis_or_improvement_gate,ok,57.05,1788493269.23999,45.776,176.02,353.384,0.0
False,0.0,1,418.37,"{""agx"": 1426.085, ""nano"": 564.841, ""spark"": 426.525}",1788493269.866181,2,17.593,request_completed,burst,False,286.0,0.0,1373.949,cached_on_demand,1321098329,0.0,0.0,ACTIVE,segment_3_c2,etri-ser0002-cgnmsb,dynamic,426.525,0,29.422,,4835a2f2-ee75-425f-a65d-fa2ddfb4e39b,2,12.823,spark,hold:spark:hysteresis_or_improvement_gate,ok,57.05,1788493269.4478116,45.773,169.767,346.568,0.0
False,0.0,1,418.485,"{""agx"": 1423.604, ""nano"": 569.953, ""spark"": 430.199}",1788493270.0742993,2,19.284,request_completed,burst,False,286.0,0.0,1373.949,cached_on_demand,1321098329,0.0,0.0,ACTIVE,segment_3_c2,etri-ser0002-cgnmsb,dynamic,430.199,0,29.42,,e8f23b20-2dcb-4b5f-9f2c-26b9d8b503ea,2,16.055,spark,hold:spark:hysteresis_or_improvement_gate,ok,57.0,1788493269.6558151,45.693,176.692,351.823,0.0
False,0.0,1,409.523,"{""agx"": 1426.25, ""nano"": 566.227, ""spark"": 423.939}",1788493270.2794178,2,18.75,request_completed,burst,False,286.0,0.0,1373.949,cached_on_demand,1321098329,0.0,0.0,ACTIVE,segment_3_c2,etri-ser0002-cgnmsb,dynamic,423.939,0,29.422,,f06b4f9c-09d8-457d-a354-a717cfa82524,2,8.339,spark,hold:spark:hysteresis_or_improvement_gate,ok,57.05,1788493269.8698933,46.024,170.198,346.595,0.0
False,0.0,1,405.703,"{""agx"": 1426.755, ""nano"": 566.357, ""spark"": 431.239}",1788493270.484409,2,18.817,request_completed,burst,False,286.0,0.0,1373.949,cached_on_demand,1321098329,0.0,0.0,ACTIVE,segment_3_c2,etri-ser0002-cgnmsb,dynamic,431.239,0,29.424,,7e8cd0e9-31bd-4e9a-ab8e-04b1a94def0f,2,15.447,spark,hold:spark:hysteresis_or_improvement_gate,ok,57.05,1788493270.0787067,45.988,164.436,339.651,0.0
False,0.0,1,409.259,"{""agx"": 1426.585, ""nano"": 566.13, ""spark"": 424.722}",1788493270.6909983,2,19.547,request_completed,burst,False,286.0,0.0,1373.949,cached_on_demand,1321098329,0.0,0.0,ACTIVE,segment_3_c2,etri-ser0002-cgnmsb,dynamic,424.722,0,29.425,,b73f7c0e-2752-4230-91d3-cdeecfc0734f,2,10.828,spark,hold:spark:hysteresis_or_improvement_gate,ok,57.05,1788493270.2817383,45.755,169.041,344.185,0.0
False,0.0,1,406.968,"{""agx"": 1426.312, ""nano"": 565.263, ""spark"": 430.095}",1788493270.8954756,2,18.146,request_completed,burst,False,286.0,0.0,1373.949,cached_on_demand,1321098329,0.0,0.0,ACTIVE,segment_3_c2,etri-ser0002-cgnmsb,dynamic,430.095,0,29.424,,6bb40ea4-b058-4d48-bbb1-e9cea5c428f5,2,17.113,spark,hold:spark:hysteresis_or_improvement_gate,ok,57.05,1788493270.488506,45.601,156.252,331.332,0.0
False,0.0,1,403.812,"{""agx"": 1439.911, ""nano"": 566.307, ""spark"": 429.22}",1788493271.0983934,2,19.517,request_completed,burst,False,286.0,0.0,1373.953,cached_on_demand,1321098329,0.0,0.0,ACTIVE,segment_3_c2,etri-ser0002-cgnmsb,dynamic,429.22,0,29.422,,db04d904-12b0-42ab-b51a-312d2a1d1c92,2,16.148,spark,hold:spark:hysteresis_or_improvement_gate,ok,57.05,1788493270.6945808,45.927,136.911,311.569,0.0
False,0.0,1,405.264,"{""agx"": 1438.071, ""nano"": 562.374, ""spark"": 427.581}",1788493271.304069,2,18.834,request_completed,burst,False,286.0,0.0,1373.953,cached_on_demand,1321098329,0.0,0.0,ACTIVE,segment_3_c2,etri-ser0002-cgnmsb,dynamic,427.581,0,29.437,,1429497d-9af4-4331-8d60-e936c3f7f9ff,2,15.527,spark,hold:spark:hysteresis_or_improvement_gate,ok,59.05,1788493270.898804,45.186,151.08,329.036,0.0
False,0.0,1,410.72,"{""agx"": 1425.258, ""nano"": 563.381, ""spark"": 417.712}",1788493271.5126655,2,22.222,request_completed,burst,False,286.0,0.0,1373.953,cached_on_demand,1321098329,0.0,0.0,ACTIVE,segment_3_c2,etri-ser0002-cgnmsb,dynamic,417.712,0,29.438,,0375f1da-6e38-49dd-814a-b1145d2a635f,2,7.31,spark,hold:spark:hysteresis_or_improvement_gate,ok,66.05,1788493271.1019442,45.255,174.365,353.967,0.0
False,0.0,1,415.278,"{""agx"": 1435.343, ""nano"": 563.963, ""spark"": 417.311}",1788493271.7210178,2,23.483,request_completed,burst,False,286.0,0.0,1373.953,cached_on_demand,1321098329,0.0,0.0,ACTIVE,segment_3_c2,etri-ser0002-cgnmsb,dynamic,417.311,0,29.432,,a57cf659-d848-4691-b310-23bb3c7000b9,2,6.555,spark,hold:spark:hysteresis_or_improvement_gate,ok,70.05,1788493271.3057394,45.62,174.01,351.235,0.0
False,0.0,1,416.28,"{""agx"": 1424.276, ""nano"": 565.256, ""spark"": 420.379}",1788493271.9298155,2,23.404,request_completed,burst,False,286.0,0.0,1373.953,cached_on_demand,1321098329,0.0,0.0,ACTIVE,segment_3_c2,etri-ser0002-cgnmsb,dynamic,420.379,0,29.431,,fb989ed3-627a-4f01-9821-07a3245fd5a2,2,8.475,spark,hold:spark:hysteresis_or_improvement_gate,ok,72.05,1788493271.5135365,45.867,179.845,354.503,0.0
False,0.0,1,411.343,"{""agx"": 1426.957, ""nano"": 566.211, ""spark"": 430.944}",1788493272.133441,2,21.333,request_completed,burst,False,286.0,0.0,1373.953,cached_on_demand,1321098329,0.0,0.0,ACTIVE,segment_3_c2,etri-ser0002-cgnmsb,dynamic,430.944,0,29.429,,76f1d901-42fc-4d11-8e1b-ee858bcc450e,2,17.55,spark,hold:spark:hysteresis_or_improvement_gate,ok,59.05,1788493271.7220976,45.87,165.921,341.067,0.0
False,0.0,1,405.043,"{""agx"": 1434.546, ""nano"": 560.889, ""spark"": 422.694}",1788493272.3382158,2,21.296,request_completed,burst,False,286.0,0.0,1373.953,cached_on_demand,1321098329,0.0,0.0,ACTIVE,segment_3_c2,etri-ser0002-cgnmsb,dynamic,422.694,0,29.434,,a1daad46-3f7d-406f-b430-fa1261211f0d,2,8.61,spark,hold:spark:hysteresis_or_improvement_gate,ok,59.0,1788493271.9331713,45.774,159.253,335.517,0.0
False,0.0,1,413.384,"{""agx"": 1435.819, ""nano"": 565.169, ""spark"": 432.117}",1788493272.548023,2,18.75,request_completed,burst,False,286.0,0.0,1373.953,cached_on_demand,1321098329,0.0,0.0,ACTIVE,segment_3_c2,etri-ser0002-cgnmsb,dynamic,432.117,0,29.434,,27052fec-b7db-4cb9-aad1-5be949b95461,2,19.615,spark,hold:spark:hysteresis_or_improvement_gate,ok,59.05,1788493272.1346395,45.955,146.292,322.528,0.0
False,0.0,1,417.097,"{""agx"": 1440.527, ""nano"": 562.356, ""spark"": 430.618}",1788493272.7571685,2,18.44,request_completed,burst,False,286.0,0.0,1373.953,cached_on_demand,1321098329,0.0,0.0,ACTIVE,segment_3_c2,etri-ser0002-cgnmsb,dynamic,430.618,0,29.436,,c132d5db-6ebb-48b9-b291-4da45037e420,2,19.226,spark,hold:spark:hysteresis_or_improvement_gate,ok,57.05,1788493272.3400714,45.495,150.097,325.861,0.0
False,0.0,1,408.978,"{""agx"": 1437.625, ""nano"": 562.933, ""spark"": 427.24}",1788493272.9611454,2,18.327,request_completed,burst,False,286.0,0.0,1373.953,cached_on_demand,1321098329,0.0,0.0,ACTIVE,segment_3_c2,etri-ser0002-cgnmsb,dynamic,427.24,0,29.433,,02442b6f-6aad-408e-b797-70abbef262d9,2,14.026,spark,hold:spark:hysteresis_or_improvement_gate,ok,57.05,1788493272.5521667,46.003,147.831,323.812,0.0
False,0.0,1,408.306,"{""agx"": 1437.985, ""nano"": 564.425, ""spark"": 425.582}",1788493273.1690145,2,20.082,request_completed,burst,False,286.0,0.0,1373.953,cached_on_demand,1321098329,0.0,0.0,ACTIVE,segment_3_c2,etri-ser0002-cgnmsb,dynamic,425.582,0,29.436,,8345a0d2-63cd-4644-9ac0-8aa4ee169006,2,11.248,spark,hold:spark:hysteresis_or_improvement_gate,ok,59.05,1788493272.7607076,45.866,149.492,323.889,0.0
False,0.0,1,409.331,"{""agx"": 1442.108, ""nano"": 568.856, ""spark"": 428.355}",1788493273.373852,2,18.456,request_completed,burst,False,286.0,0.0,1373.953,cached_on_demand,1321098329,0.0,0.0,ACTIVE,segment_3_c2,etri-ser0002-cgnmsb,dynamic,428.355,0,29.437,,65bec1eb-1161-47e9-8455-e28b0b54d8d1,2,15.735,spark,hold:spark:hysteresis_or_improvement_gate,ok,57.05,1788493272.9645195,45.929,129.744,305.958,0.0
False,0.0,1,412.848,"{""agx"": 1436.322, ""nano"": 571.314, ""spark"": 430.834}",1788493273.5853024,2,18.721,request_completed,burst,False,286.0,0.0,1373.953,cached_on_demand,1321098329,0.0,0.0,ACTIVE,segment_3_c2,etri-ser0002-cgnmsb,dynamic,430.834,0,29.438,,980626de-c8d3-422f-a012-53cab533419e,2,17.508,spark,hold:spark:hysteresis_or_improvement_gate,ok,59.0,1788493273.172453,45.575,143.116,320.686,0.0
False,0.0,1,414.249,"{""agx"": 1425.373, ""nano"": 568.927, ""spark"": 428.677}",1788493273.7923853,2,18.847,request_completed,burst,False,286.0,0.0,1373.953,cached_on_demand,1321098329,0.0,0.0,ACTIVE,segment_3_c2,etri-ser0002-cgnmsb,dynamic,428.677,0,29.435,,8d56d441-5b41-4762-8ead-dcc589e4774d,2,16.545,spark,hold:spark:hysteresis_or_improvement_gate,ok,61.05,1788493273.378135,45.248,168.34,346.273,0.0
False,0.0,1,412.762,"{""agx"": 1431.281, ""nano"": 565.154, ""spark"": 433.585}",1788493274.0017362,2,20.537,request_completed,burst,False,286.0,0.0,1373.953,cached_on_demand,1321098329,0.0,0.0,ACTIVE,segment_3_c2,etri-ser0002-cgnmsb,dynamic,433.585,0,29.433,,9aa51b65-3274-48d3-a806-4b73976c05f9,2,19.075,spark,hold:spark:hysteresis_or_improvement_gate,ok,60.05,1788493273.5889728,45.555,158.516,334.095,0.0
False,0.0,1,413.838,"{""agx"": 1437.572, ""nano"": 566.695, ""spark"": 426.797}",1788493274.2074242,2,20.528,request_completed,burst,False,286.0,0.0,1373.953,cached_on_demand,1321098329,0.0,0.0,ACTIVE,segment_3_c2,etri-ser0002-cgnmsb,dynamic,426.797,0,29.432,,7eed394d-be23-4bdc-b000-70b6871bb4f9,2,12.089,spark,hold:spark:hysteresis_or_improvement_gate,ok,59.0,1788493273.793587,45.572,155.25,331.752,0.0
False,0.0,1,411.04,"{""agx"": 1439.411, ""nano"": 569.232, ""spark"": 425.766}",1788493274.4157057,2,20.075,request_completed,burst,False,286.0,0.0,1373.953,cached_on_demand,1321098329,0.0,0.0,ACTIVE,segment_3_c2,etri-ser0002-cgnmsb,dynamic,425.766,0,29.433,,8532b73f-4f1d-42ca-bf72-80edf3e6063f,2,10.242,spark,hold:spark:hysteresis_or_improvement_gate,ok,59.05,1788493274.0046654,45.797,145.167,320.056,0.0
False,0.0,1,410.053,"{""agx"": 1430.678, ""nano"": 560.917, ""spark"": 428.463}",1788493274.6209261,2,20.122,request_completed,burst,False,286.0,0.0,1373.953,cached_on_demand,1321098329,0.0,0.0,ACTIVE,segment_3_c2,etri-ser0002-cgnmsb,dynamic,428.463,0,29.429,,65bcd2cc-1f1c-48c8-9a33-a21c6161e2bb,2,14.497,spark,hold:spark:hysteresis_or_improvement_gate,ok,59.05,1788493274.2108717,45.22,166.081,343.692,0.0
False,0.0,1,408.438,"{""agx"": 1436.596, ""nano"": 569.3, ""spark"": 423.174}",1788493274.827493,2,21.429,request_completed,burst,False,286.0,0.0,1373.953,cached_on_demand,1321098329,0.0,0.0,ACTIVE,segment_3_c2,etri-ser0002-cgnmsb,dynamic,423.174,0,29.439,,1eb201c1-a64b-4582-84b9-732e688da8cd,2,8.406,spark,hold:spark:hysteresis_or_improvement_gate,ok,59.05,1788493274.4190536,45.653,151.064,328.962,0.0
False,0.0,1,410.285,"{""agx"": 1439.756, ""nano"": 566.065, ""spark"": 423.201}",1788493275.0348706,2,20.916,request_completed,burst,False,286.0,0.0,1373.953,cached_on_demand,1321098329,0.0,0.0,ACTIVE,segment_3_c2,etri-ser0002-cgnmsb,dynamic,423.201,0,29.444,,d05545e9-cec3-4524-9017-794c5bb02b3e,2,9.489,spark,hold:spark:hysteresis_or_improvement_gate,ok,60.05,1788493274.6245847,46.05,148.751,323.372,0.0
False,0.0,1,410.495,"{""agx"": 1437.977, ""nano"": 571.341, ""spark"": 425.344}",1788493275.241576,2,19.569,request_completed,burst,False,286.0,0.0,1373.953,cached_on_demand,1321098329,0.0,0.0,ACTIVE,segment_3_c2,etri-ser0002-cgnmsb,dynamic,425.344,0,29.441,,0dc826d3-ccf0-42d7-9264-2000d8740fe0,2,12.142,spark,hold:spark:hysteresis_or_improvement_gate,ok,57.05,1788493274.8310804,45.843,133.741,310.466,0.0
False,0.0,1,413.709,"{""agx"": 1437.009, ""nano"": 567.88, ""spark"": 431.303}",1788493275.4521673,2,18.256,request_completed,burst,False,286.0,0.0,1373.953,cached_on_demand,1321098329,0.0,0.0,ACTIVE,segment_3_c2,etri-ser0002-cgnmsb,dynamic,431.303,0,29.441,,2ab2abe6-f378-4ba8-8823-1474ca20df69,2,17.785,spark,hold:spark:hysteresis_or_improvement_gate,ok,57.05,1788493275.0384572,45.967,145.74,322.55,0.0
False,0.0,1,412.203,"{""agx"": 1440.071, ""nano"": 563.572, ""spark"": 430.997}",1788493275.6571488,2,19.535,request_completed,burst,False,286.0,0.0,1373.953,cached_on_demand,1321098329,0.0,0.0,ACTIVE,segment_3_c2,etri-ser0002-cgnmsb,dynamic,430.997,0,29.441,,dfa58047-a226-4478-8488-45bbba2909b8,2,17.661,spark,hold:spark:hysteresis_or_improvement_gate,ok,57.05,1788493275.2449455,46.238,133.98,308.236,0.0
False,0.0,1,409.027,"{""agx"": 1438.754, ""nano"": 563.94, ""spark"": 424.937}",1788493275.8648746,2,18.142,request_completed,burst,False,286.0,0.0,1373.953,cached_on_demand,1321098329,0.0,0.0,ACTIVE,segment_3_c2,etri-ser0002-cgnmsb,dynamic,424.937,0,29.441,,44df48d3-a1fc-417b-97d1-d50beae3b578,2,9.927,spark,hold:spark:hysteresis_or_improvement_gate,ok,59.05,1788493275.455847,45.815,143.397,319.922,0.0
False,0.0,1,412.801,"{""agx"": 1425.421, ""nano"": 564.687, ""spark"": 425.883}",1788493276.0733392,2,18.202,request_completed,burst,False,286.0,0.0,1373.953,cached_on_demand,1321098329,0.0,0.0,ACTIVE,segment_3_c2,etri-ser0002-cgnmsb,dynamic,425.883,0,29.441,,ad9121bb-654e-4264-84ba-d77031d22950,2,12.151,spark,hold:spark:hysteresis_or_improvement_gate,ok,56.05,1788493275.6605384,46.028,177.034,351.702,0.0
False,0.0,1,410.746,"{""agx"": 1439.896, ""nano"": 568.065, ""spark"": 432.137}",1788493276.279429,2,18.551,request_completed,burst,False,286.0,0.0,1373.953,cached_on_demand,1321098329,0.0,0.0,ACTIVE,segment_3_c2,etri-ser0002-cgnmsb,dynamic,432.137,0,29.44,,f4f2a8e2-1191-4f3a-830c-05378924563b,2,18.197,spark,hold:spark:hysteresis_or_improvement_gate,ok,57.05,1788493275.8686817,46.041,142.632,318.321,0.0
False,0.0,1,409.261,"{""agx"": 1433.331, ""nano"": 565.113, ""spark"": 425.9}",1788493276.4860997,2,17.943,request_completed,burst,False,286.0,0.0,1373.953,cached_on_demand,1321098329,0.0,0.0,ACTIVE,segment_3_c2,etri-ser0002-cgnmsb,dynamic,425.9,0,29.439,,88325834-9e7f-485d-92cf-565f359bf420,2,11.388,spark,hold:spark:hysteresis_or_improvement_gate,ok,59.05,1788493276.0768378,46.039,152.06,326.802,0.0
False,0.0,1,407.73,"{""agx"": 1434.63, ""nano"": 564.25, ""spark"": 430.723}",1788493276.6915722,2,19.075,request_completed,burst,False,286.0,0.0,1373.953,cached_on_demand,1321098329,0.0,0.0,ACTIVE,segment_3_c2,etri-ser0002-cgnmsb,dynamic,430.723,0,29.441,,ddc40673-38c8-4a83-9ec4-6d32ebe8514f,2,17.109,spark,hold:spark:hysteresis_or_improvement_gate,ok,59.05,1788493276.2838414,46.017,128.872,305.381,0.0
False,0.0,1,409.807,"{""agx"": 1441.512, ""nano"": 563.377, ""spark"": 433.742}",1788493276.8995583,2,18.393,request_completed,burst,False,286.0,0.0,1373.953,cached_on_demand,1321098329,0.0,0.0,ACTIVE,segment_3_c2,etri-ser0002-cgnmsb,dynamic,433.742,0,29.44,,7680e773-6130-4de3-af79-a12d02c5d32d,2,20.228,spark,hold:spark:hysteresis_or_improvement_gate,ok,57.05,1788493276.48975,45.744,140.513,315.324,0.0
False,0.0,1,409.073,"{""agx"": 1437.043, ""nano"": 561.785, ""spark"": 422.735}",1788493277.1041818,2,18.04,request_completed,burst,False,286.0,0.0,1373.953,cached_on_demand,1321098329,0.0,0.0,ACTIVE,segment_3_c2,etri-ser0002-cgnmsb,dynamic,422.735,0,29.437,,d2a89518-28a9-4591-8270-d441cf693840,2,10.331,spark,hold:spark:hysteresis_or_improvement_gate,ok,57.05,1788493276.695108,45.676,153.446,329.56,0.0
False,0.0,1,404.839,"{""agx"": 1440.938, ""nano"": 565.831, ""spark"": 422.607}",1788493277.307764,2,19.847,request_completed,burst,False,286.0,0.0,1373.953,cached_on_demand,1321098329,0.0,0.0,ACTIVE,segment_3_c2,etri-ser0002-cgnmsb,dynamic,422.607,0,29.438,,f75f1de7-20c0-4b76-8989-42fba92b7a43,2,9.105,spark,hold:spark:hysteresis_or_improvement_gate,ok,59.0,1788493276.9029243,45.984,146.56,320.97,0.0
False,0.0,1,405.399,"{""agx"": 1424.486, ""nano"": 564.332, ""spark"": 421.916}",1788493277.5133922,2,21.292,request_completed,burst,False,286.0,0.0,1373.953,cached_on_demand,1321098329,0.0,0.0,ACTIVE,segment_3_c2,etri-ser0002-cgnmsb,dynamic,421.916,0,29.437,,f093b444-8903-49b4-a39f-52b06fc23c7c,2,9.512,spark,hold:spark:hysteresis_or_improvement_gate,ok,59.05,1788493277.1079924,45.638,172.559,350.448,0.0
False,0.0,1,410.718,"{""agx"": 1432.13, ""nano"": 562.106, ""spark"": 418.167}",1788493277.721541,2,22.727,request_completed,burst,False,286.0,0.0,1373.953,cached_on_demand,1321098329,0.0,0.0,ACTIVE,segment_3_c2,etri-ser0002-cgnmsb,dynamic,418.167,0,29.439,,1cb64798-9567-4125-913f-cda3d0a7fa85,2,7.101,spark,hold:spark:hysteresis_or_improvement_gate,ok,59.0,1788493277.3108222,45.812,107.308,283.657,0.0
False,0.0,1,418.863,"{""agx"": 1424.406, ""nano"": 562.549, ""spark"": 427.323}",1788493277.9331384,2,18.154,request_completed,burst,False,286.0,0.0,1373.953,cached_on_demand,1321098329,0.0,0.0,ACTIVE,segment_3_c2,etri-ser0002-cgnmsb,dynamic,427.323,0,29.438,,16a126a5-9a15-436c-9f9a-22cafe14b949,2,16.075,spark,hold:spark:hysteresis_or_improvement_gate,ok,59.0,1788493277.5142753,45.838,179.515,355.973,0.0
False,0.0,1,417.838,"{""agx"": 1429.064, ""nano"": 566.656, ""spark"": 427.449}",1788493278.1402261,2,18.992,request_completed,burst,False,286.0,0.0,1373.953,cached_on_demand,1321098329,0.0,0.0,ACTIVE,segment_3_c2,etri-ser0002-cgnmsb,dynamic,427.449,0,29.434,,a6a59486-599d-47ac-8b0d-1ed0e6d63680,2,15.171,spark,hold:spark:hysteresis_or_improvement_gate,ok,57.05,1788493277.7223878,45.847,170.716,346.212,0.0
False,0.0,1,412.685,"{""agx"": 1425.505, ""nano"": 568.071, ""spark"": 428.264}",1788493278.350213,2,19.048,request_completed,burst,False,286.0,0.0,1373.953,cached_on_demand,1321098329,0.0,0.0,ACTIVE,segment_3_c2,etri-ser0002-cgnmsb,dynamic,428.264,0,29.436,,ad19161a-19a2-4f10-885c-d87a580fddbf,2,13.906,spark,hold:spark:hysteresis_or_improvement_gate,ok,57.05,1788493277.9375281,46.004,170.352,345.983,0.0
False,0.0,1,418.174,"{""agx"": 1437.085, ""nano"": 568.573, ""spark"": 430.216}",1788493278.5593364,2,18.233,request_completed,burst,False,286.0,0.0,1373.953,cached_on_demand,1321098329,0.0,0.0,ACTIVE,segment_3_c2,etri-ser0002-cgnmsb,dynamic,430.216,0,29.437,,ed9ffa4f-d557-4125-87f4-20481a9b7732,2,15.598,spark,hold:spark:hysteresis_or_improvement_gate,ok,57.05,1788493278.1411633,45.778,155.211,331.474,0.0
False,0.0,1,414.891,"{""agx"": 1440.09, ""nano"": 565.549, ""spark"": 424.374}",1788493278.7685332,2,18.712,request_completed,burst,False,286.0,0.0,1373.953,cached_on_demand,1321098329,0.0,0.0,ACTIVE,segment_3_c2,etri-ser0002-cgnmsb,dynamic,424.374,0,29.437,,8858b1cc-2f6b-4401-87e6-18dce9dc404f,2,8.816,spark,hold:spark:hysteresis_or_improvement_gate,ok,59.05,1788493278.3536415,45.778,158.889,334.707,0.0
False,0.0,1,415.538,"{""agx"": 1437.33, ""nano"": 568.788, ""spark"": 434.834}",1788493278.9784787,2,18.137,request_completed,burst,False,286.0,0.0,1373.953,cached_on_demand,1321098329,0.0,0.0,ACTIVE,segment_3_c2,etri-ser0002-cgnmsb,dynamic,434.834,0,29.433,,265d29c4-1173-473c-973a-6a3db86806b3,2,19.108,spark,hold:spark:hysteresis_or_improvement_gate,ok,57.05,1788493278.5629392,45.917,149.897,325.991,0.0
False,0.0,1,417.022,"{""agx"": 1438.743, ""nano"": 566.132, ""spark"": 434.337}",1788493279.1889186,2,18.0,request_completed,burst,False,286.0,0.0,1373.953,cached_on_demand,1321098329,0.0,0.0,ACTIVE,segment_3_c2,etri-ser0002-cgnmsb,dynamic,434.337,0,29.433,,17a1e9b2-b482-4f79-aa13-a04b27e6b428,2,17.631,spark,hold:spark:hysteresis_or_improvement_gate,ok,57.05,1788493278.771896,45.856,151.084,327.274,0.0
False,0.0,1,413.626,"{""agx"": 1439.055, ""nano"": 565.205, ""spark"": 426.968}",1788493279.3956296,2,18.163,request_completed,burst,False,286.0,0.0,1373.953,cached_on_demand,1321098329,0.0,0.0,ACTIVE,segment_3_c2,etri-ser0002-cgnmsb,dynamic,426.968,0,29.433,,0c586ee3-c0e0-4152-a6ac-dd374cea1e6b,2,10.032,spark,hold:spark:hysteresis_or_improvement_gate,ok,59.05,1788493278.982003,45.892,154.843,331.197,0.0
False,0.0,1,411.542,"{""agx"": 1441.21, ""nano"": 564.395, ""spark"": 429.76}",1788493279.6039999,2,18.762,request_completed,burst,False,286.0,0.0,1373.953,cached_on_demand,1321098329,0.0,0.0,ACTIVE,segment_3_c2,etri-ser0002-cgnmsb,dynamic,429.76,0,29.433,,6a156b7d-3e36-4e16-843a-81e05ab1c37d,2,11.542,spark,hold:spark:hysteresis_or_improvement_gate,ok,57.05,1788493279.1924572,45.925,149.796,324.36,0.0
False,0.0,1,410.683,"{""agx"": 1437.389, ""nano"": 569.226, ""spark"": 423.747}",1788493279.8098423,2,22.346,request_completed,burst,False,286.0,0.0,1373.953,cached_on_demand,1321098329,0.0,0.0,ACTIVE,segment_3_c2,etri-ser0002-cgnmsb,dynamic,423.747,0,29.432,,5ce811f5-eec7-41e4-a4cd-1f9654155e0c,2,6.969,spark,hold:spark:hysteresis_or_improvement_gate,ok,59.05,1788493279.399158,45.544,129.67,307.766,0.0
False,0.0,1,411.008,"{""agx"": 1438.15, ""nano"": 565.874, ""spark"": 423.845}",1788493280.0195146,2,19.505,request_completed,burst,False,286.0,0.0,1373.953,cached_on_demand,1321098329,0.0,0.0,ACTIVE,segment_3_c2,etri-ser0002-cgnmsb,dynamic,423.845,0,29.431,,71ba285c-a715-421b-bd2b-87510d2266af,2,7.443,spark,hold:spark:hysteresis_or_improvement_gate,ok,59.05,1788493279.608505,45.766,154.786,330.656,0.0
False,0.0,1,419.994,"{""agx"": 1433.509, ""nano"": 566.76, ""spark"": 428.542}",1788493280.232016,2,20.57,request_completed,burst,False,286.0,0.0,1373.953,cached_on_demand,1321098329,0.0,0.0,ACTIVE,segment_3_c2,etri-ser0002-cgnmsb,dynamic,428.542,0,29.431,,a3df067b-bad4-49db-b241-08cacd63b3e1,2,13.146,spark,hold:spark:hysteresis_or_improvement_gate,ok,66.05,1788493279.8120217,45.578,156.759,334.988,0.0
False,0.0,1,420.851,"{""agx"": 1437.057, ""nano"": 569.289, ""spark"": 425.653}",1788493280.4417846,2,20.392,request_completed,burst,False,286.0,0.0,1373.953,cached_on_demand,1321098329,0.0,0.0,ACTIVE,segment_3_c2,etri-ser0002-cgnmsb,dynamic,425.653,0,29.43,,288b48c5-0c4b-4979-99a5-a2f5ed9167d1,2,9.381,spark,hold:spark:hysteresis_or_improvement_gate,ok,59.05,1788493280.0209339,45.871,156.657,332.804,0.0
False,0.0,1,415.648,"{""agx"": 1432.78, ""nano"": 567.471, ""spark"": 431.013}",1788493280.6512136,2,20.121,request_completed,burst,False,286.0,0.0,1373.953,cached_on_demand,1321098329,0.0,0.0,ACTIVE,segment_3_c2,etri-ser0002-cgnmsb,dynamic,431.013,0,29.429,,80a8b852-f155-442a-9241-e78482636017,2,13.297,spark,hold:spark:hysteresis_or_improvement_gate,ok,59.05,1788493280.2355642,45.827,149.327,326.14,0.0
False,0.0,1,413.264,"{""agx"": 1439.12, ""nano"": 567.629, ""spark"": 435.757}",1788493280.8586578,2,19.431,request_completed,burst,False,286.0,0.0,1373.953,cached_on_demand,1321098329,0.0,0.0,ACTIVE,segment_3_c2,etri-ser0002-cgnmsb,dynamic,435.757,0,29.431,,57100032-b5da-4278-a3da-3e75affe4df5,2,17.689,spark,hold:spark:hysteresis_or_improvement_gate,ok,59.05,1788493280.4453928,45.655,119.009,293.938,0.0
False,0.0,1,409.103,"{""agx"": 1439.053, ""nano"": 566.207, ""spark"": 437.623}",1788493281.0637383,2,17.988,request_completed,burst,False,286.0,0.0,1373.953,cached_on_demand,1321098329,0.0,0.0,ACTIVE,segment_3_c2,etri-ser0002-cgnmsb,dynamic,437.623,0,29.431,,d21569fc-4d01-4e38-9f63-724818ab8fe6,2,19.139,spark,hold:spark:hysteresis_or_improvement_gate,ok,57.05,1788493280.6546345,46.005,138.151,315.111,0.0
False,0.0,1,410.223,"{""agx"": 1444.094, ""nano"": 568.087, ""spark"": 436.201}",1788493281.2727225,2,20.079,request_completed,burst,False,286.0,0.0,1373.953,cached_on_demand,1321098329,0.0,0.0,ACTIVE,segment_3_c2,etri-ser0002-cgnmsb,dynamic,436.201,0,29.432,,4a449137-ce68-442b-a36c-89793c48d234,2,18.737,spark,hold:spark:hysteresis_or_improvement_gate,ok,59.05,1788493280.8624988,46.091,136.818,312.448,0.0
False,0.0,1,413.262,"{""agx"": 1425.028, ""nano"": 567.949, ""spark"": 432.313}",1788493281.480454,2,17.536,request_completed,burst,False,286.0,0.0,1373.953,cached_on_demand,1321098329,0.0,0.0,ACTIVE,segment_3_c2,etri-ser0002-cgnmsb,dynamic,432.313,0,29.431,,4df31416-27a1-414f-926b-44d60349e1a4,2,16.817,spark,hold:spark:hysteresis_or_improvement_gate,ok,59.0,1788493281.0671911,45.857,169.874,344.862,0.0
False,0.0,1,410.629,"{""agx"": 1438.886, ""nano"": 566.556, ""spark"": 434.008}",1788493281.686888,2,18.231,request_completed,burst,False,286.0,0.0,1373.953,cached_on_demand,1321098329,0.0,0.0,ACTIVE,segment_3_c2,etri-ser0002-cgnmsb,dynamic,434.008,0,29.431,,bbcf4364-714e-4ddb-8755-22a150e6ac6a,2,18.288,spark,hold:spark:hysteresis_or_improvement_gate,ok,57.0,1788493281.276258,45.697,143.452,319.058,0.0
False,0.0,1,408.044,"{""agx"": 1438.053, ""nano"": 565.283, ""spark"": 432.643}",1788493281.8919156,2,19.608,request_completed,burst,False,286.0,0.0,1373.953,cached_on_demand,1321098329,0.0,0.0,ACTIVE,segment_3_c2,etri-ser0002-cgnmsb,dynamic,432.643,0,29.428,,31aed372-ec6c-4343-a2c8-dc36a54b41f6,2,17.309,spark,hold:spark:hysteresis_or_improvement_gate,ok,57.05,1788493281.4838703,45.83,100.03,275.97,0.0
False,0.0,1,408.215,"{""agx"": 1435.341, ""nano"": 561.993, ""spark"": 422.95}",1788493282.1003528,2,19.767,request_completed,burst,False,286.0,0.0,1373.953,cached_on_demand,1321098329,0.0,0.0,ACTIVE,segment_3_c2,etri-ser0002-cgnmsb,dynamic,422.95,0,29.428,,aa5c8667-0c5a-4128-ab2c-3cc0ab567a23,2,8.218,spark,hold:spark:hysteresis_or_improvement_gate,ok,59.05,1788493281.6921368,45.658,159.375,335.862,0.0
False,0.0,1,410.895,"{""agx"": 1440.942, ""nano"": 566.329, ""spark"": 422.541}",1788493282.3063688,2,18.975,request_completed,burst,False,286.0,0.0,1373.953,cached_on_demand,1321098329,0.0,0.0,ACTIVE,segment_3_c2,etri-ser0002-cgnmsb,dynamic,422.541,0,29.441,,9e7ea615-62fe-4c3c-a072-cdf658d676ea,2,9.343,spark,hold:spark:hysteresis_or_improvement_gate,ok,57.05,1788493281.8954735,45.994,151.068,325.443,0.0
False,0.0,1,408.816,"{""agx"": 1424.37, ""nano"": 564.973, ""spark"": 420.347}",1788493282.5120137,2,18.415,request_completed,burst,False,286.0,0.0,1373.953,cached_on_demand,1321098329,0.0,0.0,ACTIVE,segment_3_c2,etri-ser0002-cgnmsb,dynamic,420.347,0,29.442,,f9b6aa77-2966-47c4-92b1-7b8a8b3c57ee,2,6.305,spark,hold:spark:hysteresis_or_improvement_gate,ok,57.05,1788493282.1031978,45.803,178.143,355.134,0.0
False,0.0,1,407.804,"{""agx"": 1455.285, ""nano"": 563.352, ""spark"": 421.698}",1788493282.7189064,2,21.053,request_completed,burst,False,286.0,0.0,1373.953,cached_on_demand,1321098329,0.0,0.0,ACTIVE,segment_3_c2,etri-ser0002-cgnmsb,dynamic,421.698,0,29.442,,46e5e677-9c0b-4b9c-ae1a-56cda82ec638,2,8.646,spark,hold:spark:hysteresis_or_improvement_gate,ok,56.05,1788493282.3111017,45.879,135.929,310.417,0.0
False,0.0,1,406.97,"{""agx"": 1440.939, ""nano"": 565.415, ""spark"": 421.439}",1788493282.9228857,2,18.284,request_completed,burst,False,286.0,0.0,1373.953,cached_on_demand,1321098329,0.0,0.0,ACTIVE,segment_3_c2,etri-ser0002-cgnmsb,dynamic,421.439,0,29.441,,220fba96-2c48-4a7e-b5e1-2f13aa72459d,2,8.763,spark,hold:spark:hysteresis_or_improvement_gate,ok,57.05,1788493282.515915,45.815,152.073,328.03,0.0
False,0.0,1,406.111,"{""agx"": 1435.217, ""nano"": 559.848, ""spark"": 421.038}",1788493283.1286988,2,23.529,request_completed,burst,False,286.0,0.0,1373.953,cached_on_demand,1321098329,0.0,0.0,ACTIVE,segment_3_c2,etri-ser0002-cgnmsb,dynamic,421.038,0,29.436,,4e93e02c-888f-4486-a9f2-f962e1a3d51d,2,8.116,spark,hold:spark:hysteresis_or_improvement_gate,ok,57.05,1788493282.722586,45.954,160.955,337.391,0.0
False,0.0,1,411.213,"{""agx"": 1438.74, ""nano"": 566.942, ""spark"": 420.799}",1788493283.3377416,2,19.336,request_completed,burst,False,286.0,0.0,1373.953,cached_on_demand,1321098329,0.0,0.0,ACTIVE,segment_3_c2,etri-ser0002-cgnmsb,dynamic,420.799,0,29.433,,aa75f53a-1472-4086-8a43-aad69d197731,2,9.347,spark,hold:spark:hysteresis_or_improvement_gate,ok,59.05,1788493282.9265273,45.859,154.031,330.172,0.0
False,0.0,1,417.04,"{""agx"": 1437.225, ""nano"": 566.172, ""spark"": 423.36}",1788493283.546683,2,18.496,request_completed,burst,False,286.0,0.0,1373.953,cached_on_demand,1321098329,0.0,0.0,ACTIVE,segment_3_c2,etri-ser0002-cgnmsb,dynamic,423.36,0,29.437,,31cb9a9a-f4db-491e-94e6-dc3b0c7e10cd,2,11.874,spark,hold:spark:hysteresis_or_improvement_gate,ok,59.0,1788493283.129643,45.873,157.556,334.024,0.0
False,0.0,1,412.158,"{""agx"": 1442.745, ""nano"": 566.814, ""spark"": 431.006}",1788493283.7537172,2,18.797,request_completed,burst,False,286.0,0.0,1373.953,cached_on_demand,1321098329,0.0,0.0,ACTIVE,segment_3_c2,etri-ser0002-cgnmsb,dynamic,431.006,0,29.439,,dc251364-4a48-41e7-a55e-f41cc52ce8a1,2,18.638,spark,hold:spark:hysteresis_or_improvement_gate,ok,59.0,1788493283.3415573,45.652,141.894,318.269,0.0
False,0.0,1,411.686,"{""agx"": 1425.946, ""nano"": 562.05, ""spark"": 430.005}",1788493283.959126,2,20.667,request_completed,burst,False,286.0,0.0,1373.953,cached_on_demand,1321098329,0.0,0.0,ACTIVE,segment_3_c2,etri-ser0002-cgnmsb,dynamic,430.005,0,29.438,,80dcdfc6-08ae-4af0-8aaa-d52711607c8b,2,15.901,spark,hold:spark:hysteresis_or_improvement_gate,ok,59.0,1788493283.5474415,46.028,155.688,330.814,0.0
False,0.0,1,412.308,"{""agx"": 1434.947, ""nano"": 569.498, ""spark"": 426.586}",1788493284.1679072,2,18.356,request_completed,burst,False,286.0,0.0,1373.953,cached_on_demand,1321098329,0.0,0.0,ACTIVE,segment_3_c2,etri-ser0002-cgnmsb,dynamic,426.586,0,29.438,,5a4eaad7-f481-43c9-81fa-23915c9eb7ad,2,12.758,spark,hold:spark:hysteresis_or_improvement_gate,ok,59.0,1788493283.7555993,45.839,138.339,313.645,0.0
False,0.0,1,413.433,"{""agx"": 1439.035, ""nano"": 566.514, ""spark"": 429.989}",1788493284.3766367,2,18.203,request_completed,burst,False,286.0,0.0,1373.953,cached_on_demand,1321098329,0.0,0.0,ACTIVE,segment_3_c2,etri-ser0002-cgnmsb,dynamic,429.989,0,29.438,,0e93f338-ba56-4053-8ae5-f97e704bd5aa,2,17.535,spark,hold:spark:hysteresis_or_improvement_gate,ok,59.05,1788493283.9632025,45.933,151.274,327.309,0.0
False,0.0,1,415.259,"{""agx"": 1440.235, ""nano"": 567.572, ""spark"": 432.158}",1788493284.585093,2,18.056,request_completed,burst,False,286.0,0.0,1373.953,cached_on_demand,1321098329,0.0,0.0,ACTIVE,segment_3_c2,etri-ser0002-cgnmsb,dynamic,432.158,0,29.438,,92080ce7-cc2b-4f73-850d-1dfe2c68e851,2,18.204,spark,hold:spark:hysteresis_or_improvement_gate,ok,57.0,1788493284.169834,46.073,146.918,322.127,0.0
False,0.0,1,413.204,"{""agx"": 1441.016, ""nano"": 567.187, ""spark"": 432.191}",1788493284.7932978,2,18.349,request_completed,burst,False,286.0,0.0,1373.953,cached_on_demand,1321098329,0.0,0.0,ACTIVE,segment_3_c2,etri-ser0002-cgnmsb,dynamic,432.191,0,29.438,,5e36e882-9f57-4a9c-a097-8843709ed4cd,2,18.117,spark,hold:spark:hysteresis_or_improvement_gate,ok,59.0,1788493284.3800926,45.601,143.386,319.552,0.0
False,0.0,1,409.308,"{""agx"": 1438.014, ""nano"": 564.29, ""spark"": 433.232}",1788493284.9987726,2,19.231,request_completed,burst,False,286.0,0.0,1373.953,cached_on_demand,1321098329,0.0,0.0,ACTIVE,segment_3_c2,etri-ser0002-cgnmsb,dynamic,433.232,0,29.434,,a6b6d24b-b3b5-44c7-ba4a-ed1d900dc014,2,18.258,spark,hold:spark:hysteresis_or_improvement_gate,ok,59.0,1788493284.5894637,45.918,114.133,290.233,0.0
False,0.0,1,413.134,"{""agx"": 1435.166, ""nano"": 567.232, ""spark"": 433.2}",1788493285.2098742,2,18.78,request_completed,burst,False,286.0,0.0,1373.953,cached_on_demand,1321098329,0.0,0.0,ACTIVE,segment_3_c2,etri-ser0002-cgnmsb,dynamic,433.2,0,29.434,,b727aff6-f864-4232-8e04-c0b22d25ba13,2,18.052,spark,hold:spark:hysteresis_or_improvement_gate,ok,57.05,1788493284.7967384,45.849,153.027,329.472,0.0
False,0.0,1,422.307,"{""agx"": 1425.691, ""nano"": 563.618, ""spark"": 431.119}",1788493285.4219763,2,18.123,request_completed,burst,False,286.0,0.0,1373.953,cached_on_demand,1321098329,0.0,0.0,ACTIVE,segment_3_c2,etri-ser0002-cgnmsb,dynamic,431.119,0,29.433,,cf87cfeb-a3f4-462d-93e6-508abe885f08,2,17.041,spark,hold:spark:hysteresis_or_improvement_gate,ok,59.05,1788493284.999669,45.555,178.437,356.229,0.0
False,0.0,1,419.239,"{""agx"": 1424.784, ""nano"": 570.002, ""spark"": 422.124}",1788493285.6300302,2,18.347,request_completed,burst,False,286.0,0.0,1373.953,cached_on_demand,1321098329,0.0,0.0,ACTIVE,segment_3_c2,etri-ser0002-cgnmsb,dynamic,422.124,0,29.434,,9455db86-950c-4e38-8657-cc23eda842ac,2,6.284,spark,hold:spark:hysteresis_or_improvement_gate,ok,56.05,1788493285.2107913,45.906,187.277,361.635,0.0
False,0.0,1,415.016,"{""agx"": 1425.394, ""nano"": 566.586, ""spark"": 434.977}",1788493285.8383155,2,18.857,request_completed,burst,False,286.0,0.0,1373.953,cached_on_demand,1321098329,0.0,0.0,ACTIVE,segment_3_c2,etri-ser0002-cgnmsb,dynamic,434.977,0,29.426,,23f3c1ba-8568-439e-b681-95674289208e,2,17.561,spark,hold:spark:hysteresis_or_improvement_gate,ok,57.05,1788493285.4233,45.239,167.37,346.521,0.0
False,0.0,1,413.063,"{""agx"": 1424.874, ""nano"": 568.559, ""spark"": 424.001}",1788493286.0473862,2,22.695,request_completed,burst,False,286.0,0.0,1373.953,cached_on_demand,1321098329,0.0,0.0,ACTIVE,segment_3_c2,etri-ser0002-cgnmsb,dynamic,424.001,0,29.418,,f3c88745-35ac-49a0-8b70-2c87f646061f,2,7.107,spark,hold:spark:hysteresis_or_improvement_gate,ok,59.05,1788493285.6343217,45.465,151.591,329.825,0.0
False,0.0,1,416.488,"{""agx"": 1443.74, ""nano"": 570.615, ""spark"": 436.75}",1788493286.2588453,2,20.339,request_completed,burst,False,286.0,0.0,1373.953,cached_on_demand,1321098329,0.0,0.0,ACTIVE,segment_3_c2,etri-ser0002-cgnmsb,dynamic,436.75,0,29.423,,3748c373-fbb9-40be-9f94-8c10a3045251,2,20.336,spark,hold:spark:hysteresis_or_improvement_gate,ok,59.0,1788493285.842356,45.341,135.863,314.426,0.0
False,0.0,1,421.049,"{""agx"": 1428.474, ""nano"": 562.628, ""spark"": 432.892}",1788493286.469395,2,20.161,request_completed,burst,False,286.0,0.0,1373.953,cached_on_demand,1321098329,0.0,0.0,ACTIVE,segment_3_c2,etri-ser0002-cgnmsb,dynamic,432.892,0,29.424,,aa302466-e1b3-4d7d-8c95-8e74ca8a8b32,2,15.948,spark,hold:spark:hysteresis_or_improvement_gate,ok,57.05,1788493286.0483465,45.881,180.997,357.251,0.0
False,0.0,1,417.844,"{""agx"": 1441.198, ""nano"": 566.04, ""spark"": 427.875}",1788493286.6803157,2,20.253,request_completed,burst,False,286.0,0.0,1373.953,cached_on_demand,1321098329,0.0,0.0,ACTIVE,segment_3_c2,etri-ser0002-cgnmsb,dynamic,427.875,0,29.424,,5f3a14f8-38d9-499e-8a03-5086aec4a7f2,2,9.935,spark,hold:spark:hysteresis_or_improvement_gate,ok,59.0,1788493286.262471,45.88,158.952,335.181,0.0
False,0.0,1,415.648,"{""agx"": 1437.75, ""nano"": 568.731, ""spark"": 437.667}",1788493286.8886845,2,17.954,request_completed,burst,False,286.0,0.0,1373.953,cached_on_demand,1321098329,0.0,0.0,ACTIVE,segment_3_c2,etri-ser0002-cgnmsb,dynamic,437.667,0,29.423,,1ae67e3a-a448-4830-a76c-46cfd7981be0,2,18.831,spark,hold:spark:hysteresis_or_improvement_gate,ok,57.05,1788493286.4730356,46.229,148.558,324.703,0.0
False,0.0,1,411.223,"{""agx"": 1442.199, ""nano"": 563.974, ""spark"": 432.295}",1788493287.09512,2,19.718,request_completed,burst,False,286.0,0.0,1373.953,cached_on_demand,1321098329,0.0,0.0,ACTIVE,segment_3_c2,etri-ser0002-cgnmsb,dynamic,432.295,0,29.421,,edd70a16-b470-492d-bb31-4a72b76cba04,2,13.437,spark,hold:spark:hysteresis_or_improvement_gate,ok,59.05,1788493286.6838963,45.943,118.332,292.8,0.0
False,0.0,1,406.497,"{""agx"": 1441.191, ""nano"": 566.548, ""spark"": 425.767}",1788493287.2976215,2,18.945,request_completed,burst,False,286.0,0.0,1373.953,cached_on_demand,1321098329,0.0,0.0,ACTIVE,segment_3_c2,etri-ser0002-cgnmsb,dynamic,425.767,0,29.43,,b51d8670-7508-406c-824a-eff5827214c5,2,7.177,spark,hold:spark:hysteresis_or_improvement_gate,ok,57.05,1788493286.891123,45.825,151.147,325.628,0.0
False,0.0,1,408.494,"{""agx"": 1423.264, ""nano"": 562.959, ""spark"": 426.397}",1788493287.5049012,2,18.045,request_completed,burst,False,286.0,0.0,1373.953,cached_on_demand,1321098329,0.0,0.0,ACTIVE,segment_3_c2,etri-ser0002-cgnmsb,dynamic,426.397,0,29.43,,6a2ee0e4-514c-424a-9232-0de0ddf60776,2,8.955,spark,hold:spark:hysteresis_or_improvement_gate,ok,59.05,1788493287.096407,45.868,179.213,355.485,0.0
False,0.0,1,413.108,"{""agx"": 1440.987, ""nano"": 564.518, ""spark"": 432.304}",1788493287.7115278,2,18.782,request_completed,burst,False,286.0,0.0,1373.953,cached_on_demand,1321098329,0.0,0.0,ACTIVE,segment_3_c2,etri-ser0002-cgnmsb,dynamic,432.304,0,29.432,,3901cb23-c68f-4d22-857f-8cb97209ec62,2,18.006,spark,hold:spark:hysteresis_or_improvement_gate,ok,57.05,1788493287.29842,46.034,144.901,318.557,0.0
False,0.0,1,411.258,"{""agx"": 1441.554, ""nano"": 565.039, ""spark"": 428.161}",1788493287.9173217,2,18.257,request_completed,burst,False,286.0,0.0,1373.953,cached_on_demand,1321098329,0.0,0.0,ACTIVE,segment_3_c2,etri-ser0002-cgnmsb,dynamic,428.161,0,29.429,,c34886b9-a1aa-49a1-b658-c36d4862b0d2,2,14.255,spark,hold:spark:hysteresis_or_improvement_gate,ok,57.05,1788493287.5060635,45.782,146.307,323.461,0.0
False,0.0,1,411.502,"{""agx"": 1425.336, ""nano"": 566.119, ""spark"": 430.471}",1788493288.1239088,2,20.408,request_completed,burst,False,286.0,0.0,1373.953,cached_on_demand,1321098329,0.0,0.0,ACTIVE,segment_3_c2,etri-ser0002-cgnmsb,dynamic,430.471,0,29.432,,66aaa844-e416-4e65-a743-31416a3bfde1,2,16.565,spark,hold:spark:hysteresis_or_improvement_gate,ok,59.05,1788493287.7124069,45.821,155.56,331.016,0.0
False,0.0,1,410.191,"{""agx"": 1439.623, ""nano"": 567.753, ""spark"": 422.51}",1788493288.330864,2,18.091,request_completed,burst,False,286.0,0.0,1373.953,cached_on_demand,1321098329,0.0,0.0,ACTIVE,segment_3_c2,etri-ser0002-cgnmsb,dynamic,422.51,0,29.43,,391174ef-6cc2-4631-afe4-c836ade3a756,2,9.434,spark,hold:spark:hysteresis_or_improvement_gate,ok,59.05,1788493287.9206736,46.106,155.695,329.593,0.0
False,0.0,1,411.224,"{""agx"": 1436.268, ""nano"": 563.818, ""spark"": 419.748}",1788493288.5359986,2,18.085,request_completed,burst,False,286.0,0.0,1373.953,cached_on_demand,1321098329,0.0,0.0,ACTIVE,segment_3_c2,etri-ser0002-cgnmsb,dynamic,419.748,0,29.431,,4eff4a6f-6648-4cb7-b3b7-e660188e895f,2,6.464,spark,hold:spark:hysteresis_or_improvement_gate,ok,59.05,1788493288.1247754,45.774,160.212,337.071,0.0
False,0.0,1,408.508,"{""agx"": 1440.408, ""nano"": 566.538, ""spark"": 419.325}",1788493288.7439559,2,18.577,request_completed,burst,False,286.0,0.0,1373.953,cached_on_demand,1321098329,0.0,0.0,ACTIVE,segment_3_c2,etri-ser0002-cgnmsb,dynamic,419.325,0,29.428,,a68363de-d099-4ed0-99c8-0a013092cf75,2,6.397,spark,hold:spark:hysteresis_or_improvement_gate,ok,59.05,1788493288.3354478,46.088,157.868,333.362,0.0
False,0.0,1,414.878,"{""agx"": 1426.502, ""nano"": 569.485, ""spark"": 419.882}",1788493288.9547167,2,18.062,request_completed,burst,False,286.0,0.0,1373.953,cached_on_demand,1321098329,0.0,0.0,ACTIVE,segment_3_c2,etri-ser0002-cgnmsb,dynamic,419.882,0,29.426,,a7d1488d-6fe3-4690-ae82-af6fc5839bd1,2,7.698,spark,hold:spark:hysteresis_or_improvement_gate,ok,57.05,1788493288.5398374,45.732,175.442,353.098,0.0
False,0.0,1,413.308,"{""agx"": 1431.884, ""nano"": 572.471, ""spark"": 429.613}",1788493289.1609564,2,19.565,request_completed,burst,False,286.0,0.0,1373.953,cached_on_demand,1321098329,0.0,0.0,ACTIVE,segment_3_c2,etri-ser0002-cgnmsb,dynamic,429.613,0,29.426,,355d6b21-0090-4a3c-a7c1-479011d0b846,2,17.001,spark,hold:spark:hysteresis_or_improvement_gate,ok,59.0,1788493288.7476473,46.02,128.833,304.134,0.0
False,0.0,1,415.798,"{""agx"": 1423.58, ""nano"": 568.473, ""spark"": 421.684}",1788493289.3714888,2,18.598,request_completed,burst,False,286.0,0.0,1373.953,cached_on_demand,1321098329,0.0,0.0,ACTIVE,segment_3_c2,etri-ser0002-cgnmsb,dynamic,421.684,0,29.426,,d631e23e-aa93-4881-8ca1-32a8f45a167a,2,6.798,spark,hold:spark:hysteresis_or_improvement_gate,ok,57.05,1788493288.955691,45.978,187.952,363.324,0.0
False,0.0,1,415.153,"{""agx"": 1447.38, ""nano"": 577.309, ""spark"": 438.795}",1788493289.57963,2,0.0,request_completed,burst,False,286.0,0.0,1373.953,cached_on_demand,1321098329,0.0,0.0,ACTIVE,segment_3_c2,etri-ser0002-cgnmsb,dynamic,438.795,0,29.425,,0f594200-1e2d-4c19-990f-54ef97a8c51a,2,24.575,spark,hold:spark:hysteresis_or_improvement_gate,ok,57.05,1788493289.164476,45.849,108.648,284.09,0.0
False,0.0,1,413.462,"{""agx"": 1425.186, ""nano"": 564.944, ""spark"": 423.908}",1788493289.788345,2,24.242,request_completed,burst,False,286.0,0.0,1373.953,cached_on_demand,1321098329,0.0,0.0,ACTIVE,segment_3_c2,etri-ser0002-cgnmsb,dynamic,423.908,0,29.423,,c39f65bf-e2bb-4f23-9128-8d8024b93d6d,2,8.23,spark,hold:spark:hysteresis_or_improvement_gate,ok,57.05,1788493289.374882,45.927,179.745,356.57,0.0
False,0.0,1,415.299,"{""agx"": 1425.778, ""nano"": 569.75, ""spark"": 431.539}",1788493289.9957588,2,18.042,request_completed,burst,False,286.0,0.0,1373.953,cached_on_demand,1321098329,0.0,0.0,ACTIVE,segment_3_c2,etri-ser0002-cgnmsb,dynamic,431.539,0,29.421,,958f0a6c-45eb-4522-8ace-9d55e25627f9,2,16.041,spark,hold:spark:hysteresis_or_improvement_gate,ok,59.05,1788493289.5804605,45.911,171.004,346.743,0.0
False,0.0,1,413.183,"{""agx"": 1435.312, ""nano"": 567.064, ""spark"": 425.583}",1788493290.2024765,2,19.886,request_completed,burst,False,286.0,0.0,1373.953,cached_on_demand,1321098329,0.0,0.0,ACTIVE,segment_3_c2,etri-ser0002-cgnmsb,dynamic,425.583,0,29.419,,8818c081-df00-4270-8371-295421e57846,2,10.009,spark,hold:spark:hysteresis_or_improvement_gate,ok,59.0,1788493289.789293,45.755,136.725,313.078,0.0
False,0.0,1,411.094,"{""agx"": 1442.816, ""nano"": 565.317, ""spark"": 426.623}",1788493290.4106207,2,17.672,request_completed,burst,False,286.0,0.0,1373.953,cached_on_demand,1321098329,0.0,0.0,ACTIVE,segment_3_c2,etri-ser0002-cgnmsb,dynamic,426.623,0,29.42,,090dc5f3-4dce-4d6e-a6b7-e833353a74bc,2,11.085,spark,hold:spark:hysteresis_or_improvement_gate,ok,57.05,1788493289.9995258,45.965,145.215,320.687,0.0
False,0.0,1,415.884,"{""agx"": 1438.999, ""nano"": 569.512, ""spark"": 436.006}",1788493290.6198285,2,19.92,request_completed,burst,False,286.0,0.0,1373.953,cached_on_demand,1321098329,0.0,0.0,ACTIVE,segment_3_c2,etri-ser0002-cgnmsb,dynamic,436.006,0,29.419,,a05020b8-3127-40f5-b285-7da64ee0fe69,2,20.986,spark,hold:spark:hysteresis_or_improvement_gate,ok,57.05,1788493290.203944,45.808,145.551,321.429,0.0
False,0.0,1,410.708,"{""agx"": 1442.916, ""nano"": 569.535, ""spark"": 432.567}",1788493290.824929,2,18.065,request_completed,burst,False,286.0,0.0,1373.953,cached_on_demand,1321098329,0.0,0.0,ACTIVE,segment_3_c2,etri-ser0002-cgnmsb,dynamic,432.567,0,29.419,,9d3f6e07-fc4f-4d55-9176-0afa99555a73,2,17.579,spark,hold:spark:hysteresis_or_improvement_gate,ok,57.05,1788493290.4142199,46.027,138.451,312.171,0.0
False,0.0,1,405.511,"{""agx"": 1437.816, ""nano"": 564.854, ""spark"": 431.932}",1788493291.0286374,2,18.28,request_completed,burst,False,286.0,0.0,1373.953,cached_on_demand,1321098329,0.0,0.0,ACTIVE,segment_3_c2,etri-ser0002-cgnmsb,dynamic,431.932,0,29.419,,75c6d495-e864-47b7-8c74-d032cf009f49,2,16.598,spark,hold:spark:hysteresis_or_improvement_gate,ok,59.05,1788493290.6231263,46.035,146.272,320.562,0.0
False,0.0,1,407.261,"{""agx"": 1439.864, ""nano"": 565.384, ""spark"": 420.725}",1788493291.2358332,2,22.289,request_completed,burst,False,286.0,0.0,1373.953,cached_on_demand,1321098329,0.0,0.0,ACTIVE,segment_3_c2,etri-ser0002-cgnmsb,dynamic,420.725,0,29.423,,b6d30d3b-91b4-4ed7-9336-16c71b0c558d,2,6.431,spark,hold:spark:hysteresis_or_improvement_gate,ok,57.05,1788493290.8285716,46.103,152.392,326.428,0.0
False,0.0,1,410.194,"{""agx"": 1439.16, ""nano"": 569.037, ""spark"": 424.734}",1788493291.4421566,2,18.126,request_completed,burst,False,286.0,0.0,1373.953,cached_on_demand,1321098329,0.0,0.0,ACTIVE,segment_3_c2,etri-ser0002-cgnmsb,dynamic,424.734,0,29.423,,7f145052-940f-402d-80ef-42773199ebaa,2,12.45,spark,hold:spark:hysteresis_or_improvement_gate,ok,59.0,1788493291.0319617,46.015,147.226,321.337,0.0
False,0.0,1,407.645,"{""agx"": 1440.293, ""nano"": 567.062, ""spark"": 425.792}",1788493291.6472785,2,18.125,request_completed,burst,False,286.0,0.0,1373.953,cached_on_demand,1321098329,0.0,0.0,ACTIVE,segment_3_c2,etri-ser0002-cgnmsb,dynamic,425.792,0,29.422,,3e9359a7-734e-4fa5-9b5c-da811376d4c1,2,13.01,spark,hold:spark:hysteresis_or_improvement_gate,ok,57.05,1788493291.239633,45.957,151.724,328.287,0.0
False,0.0,1,411.047,"{""agx"": 1436.406, ""nano"": 561.605, ""spark"": 429.644}",1788493291.8556528,2,18.848,request_completed,burst,False,286.0,0.0,1373.953,cached_on_demand,1321098329,0.0,0.0,ACTIVE,segment_3_c2,etri-ser0002-cgnmsb,dynamic,429.644,0,29.422,,8c0219ea-cea9-4b4f-adac-7d0be5dd7d30,2,16.862,spark,hold:spark:hysteresis_or_improvement_gate,ok,59.05,1788493291.4446054,45.986,158.559,334.036,0.0
False,0.0,1,416.445,"{""agx"": 1434.668, ""nano"": 563.823, ""spark"": 427.81}",1788493292.0654416,2,19.342,request_completed,burst,False,286.0,0.0,1373.953,cached_on_demand,1321098329,0.0,0.0,ACTIVE,segment_3_c2,etri-ser0002-cgnmsb,dynamic,427.81,0,29.42,,a85ae04d-ae5f-48e7-bf82-17a078e5fb15,2,15.916,spark,hold:spark:hysteresis_or_improvement_gate,ok,57.05,1788493291.6489966,46.017,164.594,340.983,0.0
False,0.0,1,413.655,"{""agx"": 1427.257, ""nano"": 568.596, ""spark"": 419.461}",1788493292.2729378,2,21.875,request_completed,burst,False,286.0,0.0,1373.953,cached_on_demand,1321098329,0.0,0.0,ACTIVE,segment_3_c2,etri-ser0002-cgnmsb,dynamic,419.461,0,29.425,,10e94c4e-a113-43ef-9ad7-34416e98d684,2,6.555,spark,hold:spark:hysteresis_or_improvement_gate,ok,59.0,1788493291.8592823,45.888,140.298,315.416,0.0
False,0.0,1,412.817,"{""agx"": 1426.58, ""nano"": 564.892, ""spark"": 428.785}",1788493292.4803417,2,18.428,request_completed,burst,False,286.0,0.0,1373.953,cached_on_demand,1321098329,0.0,0.0,ACTIVE,segment_3_c2,etri-ser0002-cgnmsb,dynamic,428.785,0,29.417,,9726103e-85e2-4d03-9d68-b512cd800c94,2,14.465,spark,hold:spark:hysteresis_or_improvement_gate,ok,57.05,1788493292.067526,45.598,165.927,341.958,0.0
False,0.0,1,407.198,"{""agx"": 1425.407, ""nano"": 562.848, ""spark"": 422.293}",1788493292.6845315,2,19.697,request_completed,burst,False,286.0,0.0,1373.953,cached_on_demand,1321098329,0.0,0.0,ACTIVE,segment_3_c2,etri-ser0002-cgnmsb,dynamic,422.293,0,29.417,,aefb38a1-04d2-4d9a-a4a6-a63ab94c92e1,2,7.993,spark,hold:spark:hysteresis_or_improvement_gate,ok,57.05,1788493292.2773325,45.483,173.872,350.645,0.0
False,0.0,1,406.62,"{""agx"": 1432.35, ""nano"": 563.647, ""spark"": 423.089}",1788493292.8902707,2,21.739,request_completed,burst,False,286.0,0.0,1373.953,cached_on_demand,1321098329,0.0,0.0,ACTIVE,segment_3_c2,etri-ser0002-cgnmsb,dynamic,423.089,0,29.417,,a36353c0-4b03-4cbd-816e-05c7ba1a6595,2,8.661,spark,hold:spark:hysteresis_or_improvement_gate,ok,59.0,1788493292.48365,45.552,159.531,337.103,0.0
False,0.0,1,410.57,"{""agx"": 1435.596, ""nano"": 569.732, ""spark"": 419.091}",1788493293.0984075,2,20.238,request_completed,burst,False,286.0,0.0,1373.953,cached_on_demand,1321098329,0.0,0.0,ACTIVE,segment_3_c2,etri-ser0002-cgnmsb,dynamic,419.091,0,29.427,,d366f925-fe77-419f-bf26-68c4a8254f84,2,6.293,spark,hold:spark:hysteresis_or_improvement_gate,ok,59.05,1788493292.687837,45.373,161.108,337.87,0.0
False,0.0,1,410.566,"{""agx"": 1437.58, ""nano"": 568.919, ""spark"": 418.402}",1788493293.3043666,2,20.559,request_completed,burst,False,286.0,0.0,1373.953,cached_on_demand,1321098329,0.0,0.0,ACTIVE,segment_3_c2,etri-ser0002-cgnmsb,dynamic,418.402,0,29.43,,66eee716-016d-4c28-a4bf-4a5169790fdd,2,6.174,spark,hold:spark:hysteresis_or_improvement_gate,ok,59.05,1788493292.8937998,45.65,155.729,332.95,0.0
False,0.0,1,411.917,"{""agx"": 1422.846, ""nano"": 565.401, ""spark"": 421.381}",1788493293.5132725,2,20.69,request_completed,burst,False,286.0,0.0,1373.953,cached_on_demand,1321098329,0.0,0.0,ACTIVE,segment_3_c2,etri-ser0002-cgnmsb,dynamic,421.381,0,29.43,,aeef876d-04d6-474a-bdfd-854c6bcb9293,2,8.395,spark,hold:spark:hysteresis_or_improvement_gate,ok,72.05,1788493293.1013563,45.786,181.258,357.19,0.0
False,0.0,1,414.361,"{""agx"": 1439.276, ""nano"": 564.58, ""spark"": 434.171}",1788493293.7212124,2,19.825,request_completed,burst,False,286.0,0.0,1373.953,cached_on_demand,1321098329,0.0,0.0,ACTIVE,segment_3_c2,etri-ser0002-cgnmsb,dynamic,434.171,0,29.432,,4c23ddfd-32d8-4d6e-812d-21dc1fe78f50,2,21.533,spark,hold:spark:hysteresis_or_improvement_gate,ok,59.05,1788493293.3068511,45.467,144.962,321.877,0.0
False,0.0,1,411.373,"{""agx"": 1447.686, ""nano"": 571.084, ""spark"": 437.294}",1788493293.9290888,2,100.0,request_completed,burst,False,286.0,0.0,1373.953,cached_on_demand,1321098329,0.0,0.0,ACTIVE,segment_3_c2,etri-ser0002-cgnmsb,dynamic,437.294,0,29.433,,d14599fb-68de-42c9-b39c-d282e0bbd9cf,2,23.928,spark,hold:spark:hysteresis_or_improvement_gate,ok,59.05,1788493293.5177152,45.817,115.742,291.753,0.0
False,0.0,1,409.135,"{""agx"": 1424.035, ""nano"": 563.678, ""spark"": 431.514}",1788493294.1349304,2,22.46,request_completed,burst,False,286.0,0.0,1373.953,cached_on_demand,1321098329,0.0,0.0,ACTIVE,segment_3_c2,etri-ser0002-cgnmsb,dynamic,431.514,0,29.432,,5e09c6ee-89e1-4acd-840c-b6957ca8892a,2,17.416,spark,hold:spark:hysteresis_or_improvement_gate,ok,59.0,1788493293.7257936,45.9,171.074,346.962,0.0
False,0.0,1,410.294,"{""agx"": 1440.44, ""nano"": 567.242, ""spark"": 421.21}",1788493294.34273,2,21.649,request_completed,burst,False,286.0,0.0,1373.953,cached_on_demand,1321098329,0.0,0.0,ACTIVE,segment_3_c2,etri-ser0002-cgnmsb,dynamic,421.21,0,29.431,,6ebad17c-dc26-46e2-8df6-3ac076f742ee,2,6.96,spark,hold:spark:hysteresis_or_improvement_gate,ok,57.05,1788493293.9324348,45.936,147.69,322.865,0.0
False,0.0,1,417.615,"{""agx"": 1430.307, ""nano"": 565.74, ""spark"": 432.729}",1788493294.5540538,2,18.022,request_completed,burst,False,286.0,0.0,1373.953,cached_on_demand,1321098329,0.0,0.0,ACTIVE,segment_3_c2,etri-ser0002-cgnmsb,dynamic,432.729,0,29.431,,89496308-5c0b-4307-831c-97a835f8f1e1,2,19.079,spark,hold:spark:hysteresis_or_improvement_gate,ok,59.05,1788493294.1364393,45.746,161.827,338.853,0.0
False,0.0,1,416.658,"{""agx"": 1438.976, ""nano"": 565.66, ""spark"": 422.148}",1788493294.762804,2,25.0,request_completed,burst,False,286.0,0.0,1373.953,cached_on_demand,1321098329,0.0,0.0,ACTIVE,segment_3_c2,etri-ser0002-cgnmsb,dynamic,422.148,0,29.431,,f55a93a6-16ff-4e05-bdd1-2e6912d3045e,2,8.42,spark,hold:spark:hysteresis_or_improvement_gate,ok,57.05,1788493294.346146,45.679,163.312,338.207,0.0
False,0.0,1,410.092,"{""agx"": 1437.604, ""nano"": 564.389, ""spark"": 436.833}",1788493294.967991,2,18.497,request_completed,burst,False,286.0,0.0,1373.953,cached_on_demand,1321098329,0.0,0.0,ACTIVE,segment_3_c2,etri-ser0002-cgnmsb,dynamic,436.833,0,29.43,,94ea4894-f169-4189-a42e-d33b0860e310,2,21.147,spark,hold:spark:hysteresis_or_improvement_gate,ok,59.0,1788493294.557898,45.909,144.19,320.801,0.0
False,0.0,1,411.734,"{""agx"": 1428.806, ""nano"": 564.247, ""spark"": 426.551}",1788493295.1782482,2,20.229,request_completed,burst,False,286.0,0.0,1373.953,cached_on_demand,1321098329,0.0,0.0,ACTIVE,segment_3_c2,etri-ser0002-cgnmsb,dynamic,426.551,0,29.43,,f70ba542-11df-4cd2-b395-45d260a2c1ae,2,10.533,spark,hold:spark:hysteresis_or_improvement_gate,ok,57.05,1788493294.766513,45.773,169.717,346.874,0.0
False,0.0,1,417.291,"{""agx"": 1436.208, ""nano"": 564.903, ""spark"": 429.885}",1788493295.3877482,2,18.785,request_completed,burst,False,286.0,0.0,1373.953,cached_on_demand,1321098329,0.0,0.0,ACTIVE,segment_3_c2,etri-ser0002-cgnmsb,dynamic,429.885,0,29.429,,0c5f4d59-9882-4af6-b6c4-f90150da921d,2,15.617,spark,hold:spark:hysteresis_or_improvement_gate,ok,57.05,1788493294.9704566,46.03,146.608,321.737,0.0
False,0.0,1,415.469,"{""agx"": 1438.636, ""nano"": 568.117, ""spark"": 435.671}",1788493295.5956154,2,18.126,request_completed,burst,False,286.0,0.0,1373.953,cached_on_demand,1321098329,0.0,0.0,ACTIVE,segment_3_c2,etri-ser0002-cgnmsb,dynamic,435.671,0,29.429,,2bc7733b-f341-4d82-a3b9-c95b5f5ce900,2,19.699,spark,hold:spark:hysteresis_or_improvement_gate,ok,57.0,1788493295.1801457,45.984,148.838,323.24,0.0
False,0.0,1,412.022,"{""agx"": 1429.721, ""nano"": 565.332, ""spark"": 423.111}",1788493295.8006082,2,17.606,request_completed,burst,False,286.0,0.0,1373.953,cached_on_demand,1321098329,0.0,0.0,ACTIVE,segment_3_c2,etri-ser0002-cgnmsb,dynamic,423.111,0,29.429,,d55a8b32-645a-4c3b-8f85-9ba587dec087,2,6.753,spark,hold:spark:hysteresis_or_improvement_gate,ok,57.05,1788493295.3885856,45.816,178.268,352.79,0.0
False,0.0,1,409.308,"{""agx"": 1424.552, ""nano"": 564.65, ""spark"": 434.555}",1788493296.0058928,2,18.54,request_completed,burst,False,286.0,0.0,1373.953,cached_on_demand,1321098329,0.0,0.0,ACTIVE,segment_3_c2,etri-ser0002-cgnmsb,dynamic,434.555,0,29.421,,d0f31d1f-a652-4eef-aea4-89aa55e97139,2,18.377,spark,hold:spark:hysteresis_or_improvement_gate,ok,59.0,1788493295.5965855,45.962,166.534,342.822,0.0
False,0.0,1,414.479,"{""agx"": 1441.868, ""nano"": 563.841, ""spark"": 431.764}",1788493296.2165277,2,19.07,request_completed,burst,False,286.0,0.0,1373.953,cached_on_demand,1321098329,0.0,0.0,ACTIVE,segment_3_c2,etri-ser0002-cgnmsb,dynamic,431.764,0,29.423,,56876683-b23f-49b0-8f5d-72400c0ebc20,2,17.358,spark,hold:spark:hysteresis_or_improvement_gate,ok,57.05,1788493295.8020487,46.17,142.913,318.789,0.0
False,0.0,1,413.086,"{""agx"": 1438.305, ""nano"": 562.165, ""spark"": 427.737}",1788493296.422856,2,18.235,request_completed,burst,False,286.0,0.0,1373.953,cached_on_demand,1321098329,0.0,0.0,ACTIVE,segment_3_c2,etri-ser0002-cgnmsb,dynamic,427.737,0,29.422,,71dfc2e8-a321-454d-bfd1-77b71a4dc772,2,14.559,spark,hold:spark:hysteresis_or_improvement_gate,ok,57.05,1788493296.0097697,45.944,128.42,304.217,0.0
False,0.0,1,412.902,"{""agx"": 1435.967, ""nano"": 564.184, ""spark"": 433.647}",1788493296.6336963,2,18.287,request_completed,burst,False,286.0,0.0,1373.953,cached_on_demand,1321098329,0.0,0.0,ACTIVE,segment_3_c2,etri-ser0002-cgnmsb,dynamic,433.647,0,29.421,,f74c4c8e-73d1-4203-b355-7713b88855bf,2,19.117,spark,hold:spark:hysteresis_or_improvement_gate,ok,59.0,1788493296.2207947,45.809,151.346,328.323,0.0
False,0.0,1,413.99,"{""agx"": 1437.38, ""nano"": 567.663, ""spark"": 435.887}",1788493296.8404233,2,18.147,request_completed,burst,False,286.0,0.0,1373.953,cached_on_demand,1321098329,0.0,0.0,ACTIVE,segment_3_c2,etri-ser0002-cgnmsb,dynamic,435.887,0,29.42,,d4779262-14b1-4d4d-834a-69791e89cacf,2,21.429,spark,hold:spark:hysteresis_or_improvement_gate,ok,57.05,1788493296.426432,45.937,144.693,318.833,0.0
False,0.0,1,409.392,"{""agx"": 1439.438, ""nano"": 565.213, ""spark"": 434.032}",1788493297.046698,2,18.675,request_completed,burst,False,286.0,0.0,1373.953,cached_on_demand,1321098329,0.0,0.0,ACTIVE,segment_3_c2,etri-ser0002-cgnmsb,dynamic,434.032,0,29.418,,92948b56-c794-4d41-afef-0e71f3a44d74,2,18.256,spark,hold:spark:hysteresis_or_improvement_gate,ok,57.05,1788493296.6373048,45.543,142.395,319.967,0.0
False,0.0,1,412.888,"{""agx"": 1438.61, ""nano"": 562.549, ""spark"": 429.111}",1788493297.2569003,2,19.608,request_completed,burst,False,286.0,0.0,1373.953,cached_on_demand,1321098329,0.0,0.0,ACTIVE,segment_3_c2,etri-ser0002-cgnmsb,dynamic,429.111,0,29.414,,ddccf9cc-aae8-4f74-b4ff-1f202c823171,2,13.581,spark,hold:spark:hysteresis_or_improvement_gate,ok,59.05,1788493296.8440115,45.855,149.856,326.037,0.0
False,0.0,1,418.969,"{""agx"": 1423.292, ""nano"": 568.342, ""spark"": 421.2}",1788493297.4696,2,18.182,request_completed,burst,False,286.0,0.0,1373.953,cached_on_demand,1321098329,0.0,0.0,ACTIVE,segment_3_c2,etri-ser0002-cgnmsb,dynamic,421.2,0,29.423,,c87457b9-017b-4111-8156-1f21760e913b,2,6.576,spark,hold:spark:hysteresis_or_improvement_gate,ok,59.0,1788493297.05063,45.83,136.389,313.997,0.0
False,0.0,0,432.191,"{""agx"": 1454.255, ""nano"": 636.521, ""spark"": 225.34}",1788493297.6925974,2,18.788,request_completed,burst,False,286.0,0.0,1373.953,cached_on_demand,1321098329,0.0,0.0,ACTIVE,segment_3_c2,etri-ser0002-cgnmsb,dynamic,225.34,0,29.424,,602c8e4e-8ddc-44ad-a618-f9dcd5b05a95,2,16.458,spark,hold:spark:hysteresis_or_improvement_gate,ok,54.05,1788493297.260406,45.694,27.782,204.529,0.0
False,0.0,1,424.088,"{""agx"": 1435.57, ""nano"": 565.744, ""spark"": 435.935}",1788493297.8971608,2,18.687,request_completed,burst,False,286.0,0.0,1373.953,cached_on_demand,1321098329,0.0,0.0,ACTIVE,segment_3_c2,etri-ser0002-cgnmsb,dynamic,435.935,0,29.424,,0d9ab57e-a34a-4f8d-b3d6-c8ebe8fbfcb1,2,18.171,spark,hold:spark:hysteresis_or_improvement_gate,ok,57.05,1788493297.473072,45.845,153.354,327.723,0.0
False,0.0,1,406.346,"{""agx"": 1424.826, ""nano"": 565.613, ""spark"": 431.306}",1788493298.1006455,2,20.22,request_completed,burst,False,286.0,0.0,1373.953,cached_on_demand,1321098329,0.0,0.0,ACTIVE,segment_3_c2,etri-ser0002-cgnmsb,dynamic,431.306,0,29.423,,352ff1c2-edc0-4be8-8516-92172469b0d6,2,15.72,spark,hold:spark:hysteresis_or_improvement_gate,ok,59.05,1788493297.6942997,45.916,167.845,342.972,0.0
False,0.0,1,404.792,"{""agx"": 1442.047, ""nano"": 565.498, ""spark"": 431.055}",1788493298.305379,2,17.94,request_completed,burst,False,286.0,0.0,1373.953,cached_on_demand,1321098329,0.0,0.0,ACTIVE,segment_3_c2,etri-ser0002-cgnmsb,dynamic,431.055,0,29.423,,7e872c46-e202-4f97-a641-66927291d6cd,2,17.073,spark,hold:spark:hysteresis_or_improvement_gate,ok,57.05,1788493297.9005861,45.939,125.125,300.663,0.0
False,0.0,1,410.537,"{""agx"": 1423.188, ""nano"": 566.477, ""spark"": 417.738}",1788493298.5130057,2,19.01,request_completed,burst,False,286.0,0.0,1373.953,cached_on_demand,1321098329,0.0,0.0,ACTIVE,segment_3_c2,etri-ser0002-cgnmsb,dynamic,417.738,0,29.424,,8be84bc9-80ac-422d-9f39-1eaea7555e6d,2,5.604,spark,hold:spark:hysteresis_or_improvement_gate,ok,59.05,1788493298.1024675,45.705,182.883,359.66,0.0
False,0.0,1,417.0,"{""agx"": 1442.243, ""nano"": 567.821, ""spark"": 423.754}",1788493298.7258527,2,18.596,request_completed,burst,False,286.0,0.0,1373.953,cached_on_demand,1321098329,0.0,0.0,ACTIVE,segment_3_c2,etri-ser0002-cgnmsb,dynamic,423.754,0,29.424,,83a3b607-bfdb-4e82-ad16-a5cc28968dea,2,12.47,spark,hold:spark:hysteresis_or_improvement_gate,ok,59.0,1788493298.3088512,45.376,148.126,327.171,0.0
False,0.0,1,418.761,"{""agx"": 1432.003, ""nano"": 565.161, ""spark"": 422.685}",1788493298.935354,2,20.339,request_completed,burst,False,286.0,0.0,1373.953,cached_on_demand,1321098329,0.0,0.0,ACTIVE,segment_3_c2,etri-ser0002-cgnmsb,dynamic,422.685,0,29.423,,217d7add-fd0d-4c16-9b22-b530e89fd8f5,2,10.731,spark,hold:spark:hysteresis_or_improvement_gate,ok,61.05,1788493298.5165913,45.379,164.59,340.961,0.0
False,0.0,1,411.959,"{""agx"": 1434.72, ""nano"": 570.61, ""spark"": 433.709}",1788493299.1413655,2,21.442,request_completed,burst,False,286.0,0.0,1373.953,cached_on_demand,1321098329,0.0,0.0,ACTIVE,segment_3_c2,etri-ser0002-cgnmsb,dynamic,433.709,0,29.423,,30491022-462d-4ae1-8bb6-1b2755621b7e,2,18.509,spark,hold:spark:hysteresis_or_improvement_gate,ok,60.05,1788493298.7294047,45.461,147.331,324.628,0.0
False,0.0,1,413.378,"{""agx"": 1437.314, ""nano"": 568.112, ""spark"": 432.962}",1788493299.3500693,2,20.676,request_completed,burst,False,286.0,0.0,1373.953,cached_on_demand,1321098329,0.0,0.0,ACTIVE,segment_3_c2,etri-ser0002-cgnmsb,dynamic,432.962,0,29.423,,1bcf37cc-9fe7-43c5-bb21-e17108b2a45a,2,16.616,spark,hold:spark:hysteresis_or_improvement_gate,ok,69.05,1788493298.9366922,45.937,149.739,326.176,0.0
False,0.0,1,415.418,"{""agx"": 1439.572, ""nano"": 563.867, ""spark"": 422.235}",1788493299.557651,2,20.765,request_completed,burst,False,286.0,0.0,1373.953,cached_on_demand,1321098329,0.0,0.0,ACTIVE,segment_3_c2,etri-ser0002-cgnmsb,dynamic,422.235,0,29.423,,7d054977-bbfb-4d42-9fd6-7c5ed37f7096,2,7.139,spark,hold:spark:hysteresis_or_improvement_gate,ok,59.05,1788493299.1422334,45.892,165.244,341.724,0.0
False,0.0,1,415.639,"{""agx"": 1443.369, ""nano"": 567.491, ""spark"": 426.125}",1788493299.7676892,2,23.077,request_completed,burst,False,286.0,0.0,1373.953,cached_on_demand,1321098329,0.0,0.0,ACTIVE,segment_3_c2,etri-ser0002-cgnmsb,dynamic,426.125,0,29.423,,9c2bda5d-bc27-49ed-8bb8-98bd5016e7fe,2,11.477,spark,hold:spark:hysteresis_or_improvement_gate,ok,59.05,1788493299.3520505,45.685,151.013,328.355,0.0
False,0.0,1,416.419,"{""agx"": 1437.716, ""nano"": 560.723, ""spark"": 429.3}",1788493299.9772875,2,17.987,request_completed,burst,False,286.0,0.0,1373.953,cached_on_demand,1321098329,0.0,0.0,ACTIVE,segment_3_c2,etri-ser0002-cgnmsb,dynamic,429.3,0,29.421,,6f475961-4cdc-454b-9231-704924891e3d,2,14.344,spark,hold:spark:hysteresis_or_improvement_gate,ok,57.05,1788493299.5608678,45.93,163.745,339.484,0.0
False,0.0,1,416.436,"{""agx"": 1441.341, ""nano"": 563.183, ""spark"": 435.002}",1788493300.184968,2,18.618,request_completed,burst,False,286.0,0.0,1373.953,cached_on_demand,1321098329,0.0,0.0,ACTIVE,segment_3_c2,etri-ser0002-cgnmsb,dynamic,435.002,0,29.421,,d07d86f3-844a-400f-8be2-0aede9850124,2,18.318,spark,hold:spark:hysteresis_or_improvement_gate,ok,59.05,1788493299.7685318,45.853,155.927,330.202,0.0
False,0.0,1,407.475,"{""agx"": 1435.702, ""nano"": 568.217, ""spark"": 435.154}",1788493300.3883379,2,17.787,request_completed,burst,False,286.0,0.0,1373.953,cached_on_demand,1321098329,0.0,0.0,ACTIVE,segment_3_c2,etri-ser0002-cgnmsb,dynamic,435.154,0,29.421,,16c5aa04-7ba4-4dab-8c94-049f68f19fde,2,18.278,spark,hold:spark:hysteresis_or_improvement_gate,ok,59.0,1788493299.9808617,46.359,144.522,319.595,0.0
False,0.0,1,410.499,"{""agx"": 1435.985, ""nano"": 566.39, ""spark"": 432.388}",1788493300.5976985,2,19.328,request_completed,burst,False,286.0,0.0,1373.953,cached_on_demand,1321098329,0.0,0.0,ACTIVE,segment_3_c2,etri-ser0002-cgnmsb,dynamic,432.388,0,29.421,,a7edbbcc-1466-44db-821a-730ff802b3b0,2,15.912,spark,hold:spark:hysteresis_or_improvement_gate,ok,57.0,1788493300.1871996,45.909,149.094,326.119,0.0
False,0.0,1,416.145,"{""agx"": 1440.102, ""nano"": 567.295, ""spark"": 433.813}",1788493300.8079522,2,19.066,request_completed,burst,False,286.0,0.0,1373.953,cached_on_demand,1321098329,0.0,0.0,ACTIVE,segment_3_c2,etri-ser0002-cgnmsb,dynamic,433.813,0,29.42,,cdb85daf-d682-4be6-8a15-ca21a93f898a,2,20.361,spark,hold:spark:hysteresis_or_improvement_gate,ok,59.05,1788493300.3918056,45.839,144.732,321.2,0.0
False,0.0,1,417.434,"{""agx"": 1428.547, ""nano"": 564.807, ""spark"": 433.124}",1788493301.0189328,2,18.182,request_completed,burst,False,286.0,0.0,1373.953,cached_on_demand,1321098329,0.0,0.0,ACTIVE,segment_3_c2,etri-ser0002-cgnmsb,dynamic,433.124,0,29.419,,8dffebcf-7476-4f67-83ca-4bb580a9251b,2,18.268,spark,hold:spark:hysteresis_or_improvement_gate,ok,59.05,1788493300.6014962,45.763,167.711,344.865,0.0
False,0.0,1,419.202,"{""agx"": 1425.085, ""nano"": 565.955, ""spark"": 423.291}",1788493301.228045,2,20.996,request_completed,burst,False,286.0,0.0,1373.953,cached_on_demand,1321098329,0.0,0.0,ACTIVE,segment_3_c2,etri-ser0002-cgnmsb,dynamic,423.291,0,29.442,,70668b53-cace-4a57-a2e4-5b6a84c70b07,2,6.947,spark,hold:spark:hysteresis_or_improvement_gate,ok,57.05,1788493300.8088434,45.636,187.773,364.194,0.0
False,0.0,1,416.123,"{""agx"": 1425.265, ""nano"": 566.966, ""spark"": 423.806}",1788493301.4360147,2,18.182,request_completed,burst,False,286.0,0.0,1373.953,cached_on_demand,1321098329,0.0,0.0,ACTIVE,segment_3_c2,etri-ser0002-cgnmsb,dynamic,423.806,0,29.444,,85fdc4d1-176e-45f7-bafa-29271a3f972d,2,6.598,spark,hold:spark:hysteresis_or_improvement_gate,ok,57.05,1788493301.0198913,45.221,183.667,361.044,0.0
False,0.0,1,412.88,"{""agx"": 1423.389, ""nano"": 562.655, ""spark"": 425.71}",1788493301.6421502,2,22.989,request_completed,burst,False,286.0,0.0,1373.953,cached_on_demand,1321098329,0.0,0.0,ACTIVE,segment_3_c2,etri-ser0002-cgnmsb,dynamic,425.71,0,29.442,,34a09877-f614-43ba-a2a5-c1cf6ca68fc4,2,8.294,spark,hold:spark:hysteresis_or_improvement_gate,ok,70.05,1788493301.2292702,45.807,185.131,361.68,0.0
False,0.0,1,415.971,"{""agx"": 1425.718, ""nano"": 566.71, ""spark"": 432.788}",1788493301.8528962,2,23.417,request_completed,burst,False,286.0,0.0,1373.953,cached_on_demand,1321098329,0.0,0.0,ACTIVE,segment_3_c2,etri-ser0002-cgnmsb,dynamic,432.788,0,29.442,,80b943de-75bb-4976-a6c5-fca6a7251c6d,2,15.678,spark,hold:spark:hysteresis_or_improvement_gate,ok,72.05,1788493301.436926,45.748,175.441,351.514,0.0
False,0.0,1,418.931,"{""agx"": 1425.143, ""nano"": 562.585, ""spark"": 433.014}",1788493302.0619473,2,20.576,request_completed,burst,False,286.0,0.0,1373.953,cached_on_demand,1321098329,0.0,0.0,ACTIVE,segment_3_c2,etri-ser0002-cgnmsb,dynamic,433.014,0,29.441,,9db8d520-ea4d-408b-bc1a-cca7ab80df47,2,17.646,spark,hold:spark:hysteresis_or_improvement_gate,ok,59.0,1788493301.643017,46.141,179.6,355.346,0.0
False,0.0,1,413.225,"{""agx"": 1429.352, ""nano"": 568.773, ""spark"": 432.167}",1788493302.2708094,2,19.091,request_completed,burst,False,286.0,0.0,1373.953,cached_on_demand,1321098329,0.0,0.0,ACTIVE,segment_3_c2,etri-ser0002-cgnmsb,dynamic,432.167,0,29.446,,ce49d7cf-af01-4b3b-a704-29523ebc6c40,2,15.307,spark,hold:spark:hysteresis_or_improvement_gate,ok,59.05,1788493301.857583,45.886,154.951,331.024,0.0
False,0.0,1,412.393,"{""agx"": 1423.672, ""nano"": 570.813, ""spark"": 433.454}",1788493302.4789305,2,18.896,request_completed,burst,False,286.0,0.0,1373.953,cached_on_demand,1321098329,0.0,0.0,ACTIVE,segment_3_c2,etri-ser0002-cgnmsb,dynamic,433.454,0,29.477,,1508c89d-9509-450b-83b8-969e906de74d,2,16.572,spark,hold:spark:hysteresis_or_improvement_gate,ok,57.05,1788493302.0665364,46.051,166.616,343.2,0.0
False,0.0,1,411.652,"{""agx"": 1437.776, ""nano"": 563.312, ""spark"": 425.296}",1788493302.686155,2,18.939,request_completed,burst,False,286.0,0.0,1373.953,cached_on_demand,1321098329,0.0,0.0,ACTIVE,segment_3_c2,etri-ser0002-cgnmsb,dynamic,425.296,0,29.478,,f47da4b7-8234-49c1-a36b-86cec7297f0a,2,8.584,spark,hold:spark:hysteresis_or_improvement_gate,ok,57.05,1788493302.2745028,45.839,160.286,334.133,0.0
False,0.0,1,407.675,"{""agx"": 1439.245, ""nano"": 567.109, ""spark"": 434.501}",1788493302.890329,2,17.958,request_completed,burst,False,286.0,0.0,1373.953,cached_on_demand,1321098329,0.0,0.0,ACTIVE,segment_3_c2,etri-ser0002-cgnmsb,dynamic,434.501,0,29.477,,14da2b5a-6e05-4517-9c1d-386b448e3312,2,18.361,spark,hold:spark:hysteresis_or_improvement_gate,ok,57.05,1788493302.4826534,45.819,140.483,317.229,0.0
False,0.0,1,409.533,"{""agx"": 1436.287, ""nano"": 565.017, ""spark"": 434.132}",1788493303.0994341,2,18.958,request_completed,burst,False,286.0,0.0,1373.953,cached_on_demand,1321098329,0.0,0.0,ACTIVE,segment_3_c2,etri-ser0002-cgnmsb,dynamic,434.132,0,29.481,,9d9a306b-8063-4dd1-b1ce-b5de4c362f77,2,18.382,spark,hold:spark:hysteresis_or_improvement_gate,ok,59.05,1788493302.6899006,45.772,149.033,324.161,0.0
False,0.0,1,408.743,"{""agx"": 1435.191, ""nano"": 566.164, ""spark"": 432.262}",1788493303.302557,2,18.838,request_completed,burst,False,286.0,0.0,1373.953,cached_on_demand,1321098329,0.0,0.0,ACTIVE,segment_3_c2,etri-ser0002-cgnmsb,dynamic,432.262,0,29.483,,4641a261-c0ce-4482-8b3e-90cd59f2716c,2,18.564,spark,hold:spark:hysteresis_or_improvement_gate,ok,57.05,1788493302.8938138,45.804,146.811,321.53,0.0
False,0.0,1,405.624,"{""agx"": 1430.681, ""nano"": 566.699, ""spark"": 421.166}",1788493303.5087683,2,19.866,request_completed,burst,False,286.0,0.0,1373.953,cached_on_demand,1321098329,0.0,0.0,ACTIVE,segment_3_c2,etri-ser0002-cgnmsb,dynamic,421.166,0,29.483,,a0066f14-e166-404f-861c-56f9847ddf2c,2,6.492,spark,hold:spark:hysteresis_or_improvement_gate,ok,59.05,1788493303.1031432,45.802,167.529,343.584,0.0
False,0.0,1,411.474,"{""agx"": 1443.526, ""nano"": 560.662, ""spark"": 420.695}",1788493303.717292,2,20.0,request_completed,burst,False,286.0,0.0,1373.953,cached_on_demand,1321098329,0.0,0.0,ACTIVE,segment_3_c2,etri-ser0002-cgnmsb,dynamic,420.695,0,29.487,,cc7bb574-3822-4897-a865-7d6d749d2ced,2,8.117,spark,hold:spark:hysteresis_or_improvement_gate,ok,57.05,1788493303.3058171,45.665,155.517,331.348,0.0
False,0.0,1,410.276,"{""agx"": 1438.711, ""nano"": 564.637, ""spark"": 423.444}",1788493303.922618,2,17.778,request_completed,burst,False,286.0,0.0,1373.953,cached_on_demand,1321098329,0.0,0.0,ACTIVE,segment_3_c2,etri-ser0002-cgnmsb,dynamic,423.444,0,29.488,,778a401d-8865-4855-866e-9d87ee0a5332,2,11.308,spark,hold:spark:hysteresis_or_improvement_gate,ok,57.05,1788493303.5123405,45.658,142.546,318.617,0.0
False,0.0,1,407.679,"{""agx"": 1423.613, ""nano"": 564.388, ""spark"": 431.63}",1788493304.1282275,2,20.0,request_completed,burst,False,286.0,0.0,1373.953,cached_on_demand,1321098329,0.0,0.0,ACTIVE,segment_3_c2,etri-ser0002-cgnmsb,dynamic,431.63,0,29.482,,d3b9a72a-7c4f-4d2e-adbf-6d1a14ab6454,2,18.356,spark,hold:spark:hysteresis_or_improvement_gate,ok,59.0,1788493303.7205474,45.849,167.518,343.236,0.0
False,0.0,1,409.486,"{""agx"": 1442.268, ""nano"": 568.29, ""spark"": 422.532}",1788493304.335641,2,19.022,request_completed,burst,False,286.0,0.0,1373.953,cached_on_demand,1321098329,0.0,0.0,ACTIVE,segment_3_c2,etri-ser0002-cgnmsb,dynamic,422.532,0,29.481,,23910e7f-c7f0-4e94-b35c-f34c8c56a9ef,2,9.952,spark,hold:spark:hysteresis_or_improvement_gate,ok,57.05,1788493303.9261546,45.767,142.276,317.489,0.0
False,0.0,1,410.263,"{""agx"": 1440.708, ""nano"": 567.365, ""spark"": 425.261}",1788493304.5395124,2,18.256,request_completed,burst,False,286.0,0.0,1373.953,cached_on_demand,1321098329,0.0,0.0,ACTIVE,segment_3_c2,etri-ser0002-cgnmsb,dynamic,425.261,0,29.482,,5209e82b-2b2a-4bb0-864b-be0297d26602,2,13.257,spark,hold:spark:hysteresis_or_improvement_gate,ok,57.05,1788493304.1292505,45.7,136.034,311.16,0.0
False,0.0,1,405.559,"{""agx"": 1443.295, ""nano"": 566.622, ""spark"": 419.306}",1788493304.7444613,2,25.0,request_completed,burst,False,286.0,0.0,1373.953,cached_on_demand,1321098329,0.0,0.0,ACTIVE,segment_3_c2,etri-ser0002-cgnmsb,dynamic,419.306,0,29.483,,bcdfff52-6b9e-447c-ac05-d5214251366f,2,6.662,spark,hold:spark:hysteresis_or_improvement_gate,ok,59.05,1788493304.338902,45.379,146.283,322.938,0.0
False,0.0,1,406.071,"{""agx"": 1425.642, ""nano"": 566.127, ""spark"": 419.932}",1788493304.950289,2,19.904,request_completed,burst,False,286.0,0.0,1373.953,cached_on_demand,1321098329,0.0,0.0,ACTIVE,segment_3_c2,etri-ser0002-cgnmsb,dynamic,419.932,0,29.483,,939355c6-2ccd-4c5d-bb16-2e4ca165941d,2,8.866,spark,hold:spark:hysteresis_or_improvement_gate,ok,59.05,1788493304.544217,44.979,161.564,339.531,0.0
False,0.0,1,409.163,"{""agx"": 1439.756, ""nano"": 567.811, ""spark"": 419.264}",1788493305.157639,2,23.106,request_completed,burst,False,286.0,0.0,1373.953,cached_on_demand,1321098329,0.0,0.0,ACTIVE,segment_3_c2,etri-ser0002-cgnmsb,dynamic,419.264,0,29.491,,b5b65a78-cde1-40c7-8c9c-c3ccd74c8bb6,2,8.534,spark,hold:spark:hysteresis_or_improvement_gate,ok,59.05,1788493304.7484746,45.358,146.783,326.02,0.0
False,0.0,1,411.294,"{""agx"": 1437.538, ""nano"": 566.923, ""spark"": 430.776}",1788493305.3647368,2,22.495,request_completed,burst,False,286.0,0.0,1373.953,cached_on_demand,1321098329,0.0,0.0,ACTIVE,segment_3_c2,etri-ser0002-cgnmsb,dynamic,430.776,0,29.499,,0b473ba6-e1a3-47e7-a011-de6189577dbe,2,19.668,spark,hold:spark:hysteresis_or_improvement_gate,ok,59.05,1788493304.9534419,45.747,153.31,327.853,0.0
False,0.0,1,408.699,"{""agx"": 1441.196, ""nano"": 564.091, ""spark"": 426.01}",1788493305.569613,2,20.518,request_completed,burst,False,286.0,0.0,1373.953,cached_on_demand,1321098329,0.0,0.0,ACTIVE,segment_3_c2,etri-ser0002-cgnmsb,dynamic,426.01,0,29.499,,9d441918-b142-43eb-bc5c-7ccf400819df,2,14.096,spark,hold:spark:hysteresis_or_improvement_gate,ok,69.0,1788493305.160913,45.765,143.297,319.315,0.0
False,0.0,0,649.959,"{""agx"": 1448.824, ""nano"": 570.257, ""spark"": 1419.248}",1788493306.4692569,1,11.321,request_completed,repeated,False,,,1657.801,cached_on_demand,1321098329,0.0,0.0,ACTIVE,segment_1_c1,etri-dev0001-jetorn,dynamic,570.257,0,42.082,,2c3344c9-d39b-49df-9cc2-3ae288630c57,1,27.158,nano,hold:nano:hysteresis_or_improvement_gate,ok,39.343,1788493305.8192973,21.041,145.23,520.37,0.0
False,0.0,0,460.716,"{""agx"": 1438.747, ""nano"": 551.594, ""spark"": 1401.271}",1788493306.9334548,1,82.642,request_completed,repeated,False,,,1657.801,cached_on_demand,1321098329,0.0,0.0,ACTIVE,segment_1_c1,etri-dev0001-jetorn,dynamic,551.594,0,42.082,,2398012a-2675-4914-b10e-a90710f4ee93,1,14.183,nano,hold:nano:hysteresis_or_improvement_gate,ok,40.531,1788493306.472738,25.269,67.399,387.096,0.0
False,0.0,0,712.601,"{""agx"": 1452.504, ""nano"": 520.808, ""spark"": 1418.802}",1788493307.6496239,1,96.026,request_completed,repeated,False,,,1657.801,cached_on_demand,1321098329,0.0,0.0,ACTIVE,segment_1_c1,etri-dev0001-jetorn,dynamic,520.808,0,42.082,,e931d53e-eb8c-4aa5-91d4-702785e40b0f,1,20.978,nano,hold:nano:hysteresis_or_improvement_gate,ok,40.562,1788493306.9370213,16.936,75.787,549.694,0.0
False,0.0,0,426.998,"{""agx"": 1423.358, ""nano"": 526.039, ""spark"": 1400.079}",1788493308.0775366,1,97.414,request_completed,repeated,False,,,1657.801,cached_on_demand,1321098329,0.0,0.0,ACTIVE,segment_1_c1,etri-dev0001-jetorn,dynamic,526.039,0,42.087,,5c0be412-84ee-429d-8d28-72efac5eaf41,1,13.747,nano,hold:nano:hysteresis_or_improvement_gate,ok,40.531,1788493307.650539,25.474,68.167,383.857,0.0
False,0.0,0,418.77,"{""agx"": 1427.055, ""nano"": 496.78, ""spark"": 1410.834}",1788493308.4995468,1,91.154,request_completed,repeated,False,,,1657.801,cached_on_demand,1321098329,0.0,0.0,ACTIVE,segment_1_c1,etri-dev0001-jetorn,dynamic,496.78,0,42.088,,af675b45-e172-4db8-9b61-94133ab36379,1,16.6,nano,hold:nano:hysteresis_or_improvement_gate,ok,40.656,1788493308.0807765,26.733,59.434,353.481,0.0
False,0.0,0,457.341,"{""agx"": 1436.253, ""nano"": 466.223, ""spark"": 1408.343}",1788493308.9603376,1,89.712,request_completed,repeated,False,,,1657.801,cached_on_demand,1321098329,0.0,0.0,ACTIVE,segment_1_c1,etri-dev0001-jetorn,dynamic,466.223,0,42.083,,1da52e9a-a0cf-4d23-912b-94287b30544d,1,17.721,nano,hold:nano:hysteresis_or_improvement_gate,ok,40.875,1788493308.5029948,23.868,49.974,385.177,0.0
False,0.0,0,435.736,"{""agx"": 1425.413, ""nano"": 452.04, ""spark"": 1406.327}",1788493309.397142,1,86.232,request_completed,repeated,False,,,1657.801,cached_on_demand,1321098329,0.0,0.0,ACTIVE,segment_1_c1,etri-dev0001-jetorn,dynamic,452.04,0,42.08,,ede9387b-fcdd-428c-a420-fae2d12f7c7a,1,19.372,nano,hold:nano:hysteresis_or_improvement_gate,ok,41.093,1788493308.9614062,24.757,50.663,378.644,0.0
False,0.0,0,444.523,"{""agx"": 1437.269, ""nano"": 432.362, ""spark"": 1412.344}",1788493309.8427763,1,97.692,request_completed,repeated,False,,,1657.801,cached_on_demand,1321098329,0.0,0.0,ACTIVE,segment_1_c1,etri-dev0001-jetorn,dynamic,432.362,0,42.08,,b4bbf602-7bb5-480c-bbbf-66c1ff92d27e,1,13.203,nano,hold:nano:hysteresis_or_improvement_gate,ok,41.0,1788493309.3982542,26.784,73.187,366.356,0.0
False,0.0,0,423.239,"{""agx"": 1433.287, ""nano"": 421.941, ""spark"": 1406.31}",1788493310.2695262,1,83.643,request_completed,repeated,False,,,1657.801,cached_on_demand,1321098329,0.0,0.0,ACTIVE,segment_1_c1,etri-dev0001-jetorn,dynamic,421.941,0,42.08,,2d8ef362-01bb-4173-a88b-8db143a2b273,1,15.986,nano,hold:nano:hysteresis_or_improvement_gate,ok,41.0,1788493309.846286,26.494,59.036,358.967,0.0
False,0.0,0,430.374,"{""agx"": 1423.536, ""nano"": 412.59, ""spark"": 1409.705}",1788493310.703346,1,86.047,request_completed,repeated,False,,,1657.801,cached_on_demand,1321098329,0.0,0.0,ACTIVE,segment_1_c1,etri-dev0001-jetorn,dynamic,412.59,0,42.08,,c0d1a83f-6491-400f-b359-58f0120939c4,1,18.385,nano,hold:nano:hysteresis_or_improvement_gate,ok,41.375,1788493310.2729704,25.827,57.839,367.978,0.0
False,0.0,0,420.628,"{""agx"": 1430.618, ""nano"": 409.597, ""spark"": 1408.135}",1788493311.1248043,1,94.583,request_completed,repeated,False,,,1657.801,cached_on_demand,1321098329,0.0,0.0,ACTIVE,segment_1_c1,etri-dev0001-jetorn,dynamic,409.597,0,42.076,,46e09c2e-396d-44fc-bd17-9a4b15eac98d,1,21.951,nano,hold:nano:hysteresis_or_improvement_gate,ok,41.312,1788493310.7041764,27.03,50.246,349.642,0.0
False,0.0,0,451.384,"{""agx"": 1438.791, ""nano"": 393.746, ""spark"": 1407.282}",1788493311.5770724,1,85.944,request_completed,repeated,False,,,1657.801,cached_on_demand,1321098329,0.0,0.0,ACTIVE,segment_1_c1,etri-dev0001-jetorn,dynamic,393.746,0,42.076,,cb7c35c8-6e47-4ee6-8c1c-2756f5f32f4b,1,15.604,nano,hold:nano:hysteresis_or_improvement_gate,ok,41.187,1788493311.125688,24.982,57.37,377.334,0.0
False,0.0,0,461.809,"{""agx"": 1440.175, ""nano"": 391.568, ""spark"": 1408.019}",1788493312.0402896,1,93.75,request_completed,repeated,False,,,1657.801,cached_on_demand,1321098329,0.0,0.0,ACTIVE,segment_1_c1,etri-dev0001-jetorn,dynamic,391.568,0,42.079,,06dd8c03-bf4e-43b0-8a6a-d2a0225c836d,1,13.631,nano,hold:nano:hysteresis_or_improvement_gate,ok,41.062,1788493311.578481,26.924,80.394,375.32,0.0
False,0.0,0,501.844,"{""agx"": 1442.086, ""nano"": 401.974, ""spark"": 1407.779}",1788493312.5451696,1,98.253,request_completed,repeated,False,,,1657.801,cached_on_demand,1321098329,0.0,0.0,ACTIVE,segment_1_c1,etri-dev0001-jetorn,dynamic,401.974,0,42.084,,9e089611-220d-47ff-9cab-1407d2782126,1,24.694,nano,hold:nano:hysteresis_or_improvement_gate,ok,41.25,1788493312.043325,22.66,61.246,416.939,0.0
False,0.0,0,458.919,"{""agx"": 1449.842, ""nano"": 409.366, ""spark"": 1407.896}",1788493313.0074608,1,95.775,request_completed,repeated,False,,,1657.801,cached_on_demand,1321098329,0.0,0.0,ACTIVE,segment_1_c1,etri-dev0001-jetorn,dynamic,409.366,0,42.082,,132919e4-dbb1-4a45-b525-66900934eb84,1,22.174,nano,hold:nano:hysteresis_or_improvement_gate,ok,41.218,1788493312.5485404,26.515,60.407,361.905,0.0
False,0.0,0,441.124,"{""agx"": 1439.86, ""nano"": 398.381, ""spark"": 1409.681}",1788493313.452977,1,82.051,request_completed,repeated,False,,,1657.801,cached_on_demand,1321098329,0.0,0.0,ACTIVE,segment_1_c1,etri-dev0001-jetorn,dynamic,398.381,0,42.082,,02606bae-a103-44b5-a241-1e310a26394f,1,17.515,nano,hold:nano:hysteresis_or_improvement_gate,ok,41.312,1788493313.011851,26.162,51.785,359.762,0.0
False,0.0,0,415.555,"{""agx"": 1424.235, ""nano"": 389.692, ""spark"": 1400.744}",1788493313.8694932,1,83.65,request_completed,repeated,False,,,1657.801,cached_on_demand,1321098329,0.0,0.0,ACTIVE,segment_1_c1,etri-dev0001-jetorn,dynamic,389.692,0,42.081,,b7d60205-d065-4466-92f8-9a11218d9b49,1,14.105,nano,hold:nano:hysteresis_or_improvement_gate,ok,41.531,1788493313.453939,24.875,50.677,370.56,0.0
False,0.0,0,436.525,"{""agx"": 1439.335, ""nano"": 390.869, ""spark"": 1408.046}",1788493314.3095155,1,96.947,request_completed,repeated,False,,,1657.801,cached_on_demand,1321098329,0.0,0.0,ACTIVE,segment_1_c1,etri-dev0001-jetorn,dynamic,390.869,0,42.079,,728bfae5-5ace-4e8d-9e95-d72a67433e9b,1,16.542,nano,hold:nano:hysteresis_or_improvement_gate,ok,41.562,1788493313.8729894,26.872,57.738,353.707,0.0
False,0.0,0,448.959,"{""agx"": 1439.519, ""nano"": 387.336, ""spark"": 1406.131}",1788493314.7618153,1,82.061,request_completed,repeated,False,,,1657.801,cached_on_demand,1321098329,0.0,0.0,ACTIVE,segment_1_c1,etri-dev0001-jetorn,dynamic,387.336,0,42.078,,1b10ebce-41f3-4bd4-b1c0-ea02ed62e640,1,18.167,nano,hold:nano:hysteresis_or_improvement_gate,ok,41.656,1788493314.3128555,25.817,61.943,370.184,0.0
False,0.0,0,560.345,"{""agx"": 1442.172, ""nano"": 386.051, ""spark"": 1401.17}",1788493315.3255312,1,97.541,request_completed,repeated,False,,,1657.801,cached_on_demand,1321098329,0.0,0.0,ACTIVE,segment_1_c1,etri-dev0001-jetorn,dynamic,386.051,0,42.08,,fbb26d03-cbff-4e79-94e5-a0893f507523,1,16.632,nano,hold:nano:hysteresis_or_improvement_gate,ok,41.843,1788493314.765185,26.169,180.429,484.174,0.0
False,0.0,0,431.923,"{""agx"": 1434.64, ""nano"": 414.01, ""spark"": 1402.937}",1788493315.761094,1,92.787,request_completed,repeated,False,,,1657.801,cached_on_demand,1321098329,0.0,0.0,ACTIVE,segment_1_c1,etri-dev0001-jetorn,dynamic,414.01,0,42.08,,b11eb99a-02e8-4dd3-8556-5ac316250a73,1,15.905,nano,hold:nano:hysteresis_or_improvement_gate,ok,41.75,1788493315.3291702,25.779,57.787,365.467,0.0
False,0.0,0,442.874,"{""agx"": 1427.899, ""nano"": 407.013, ""spark"": 1408.562}",1788493316.2048688,1,86.538,request_completed,repeated,False,,,1657.801,cached_on_demand,1321098329,0.0,0.0,ACTIVE,segment_1_c1,etri-dev0001-jetorn,dynamic,407.013,0,42.083,,c6383995-d70d-4dff-9761-0e241437daf6,1,17.07,nano,hold:nano:hysteresis_or_improvement_gate,ok,41.843,1788493315.7619958,24.623,56.552,379.793,0.0
False,0.0,0,451.849,"{""agx"": 1437.658, ""nano"": 402.284, ""spark"": 1410.074}",1788493316.6602752,1,98.361,request_completed,repeated,False,,,1657.801,cached_on_demand,1321098329,0.0,0.0,ACTIVE,segment_1_c1,etri-dev0001-jetorn,dynamic,402.284,0,42.083,,80eeac03-7292-48b2-9d47-cb93a2fcb448,1,14.882,nano,hold:nano:hysteresis_or_improvement_gate,ok,41.531,1788493316.2084243,25.517,58.853,369.968,0.0
False,0.0,0,456.976,"{""agx"": 1426.153, ""nano"": 410.922, ""spark"": 1410.753}",1788493317.1181056,1,82.734,request_completed,repeated,False,,,1657.801,cached_on_demand,1321098329,0.0,0.0,ACTIVE,segment_1_c1,etri-dev0001-jetorn,dynamic,410.922,0,42.082,,73265185-3f4d-411f-a34b-de31f929bc93,1,27.881,nano,hold:nano:hysteresis_or_improvement_gate,ok,41.906,1788493316.6611297,25.581,65.823,378.679,0.0
False,0.0,0,598.453,"{""agx"": 1422.369, ""nano"": 400.536, ""spark"": 1396.689}",1788493317.7174478,1,88.889,request_completed,repeated,False,,,1657.801,cached_on_demand,1321098329,0.0,0.0,ACTIVE,segment_1_c1,etri-dev0001-jetorn,dynamic,400.536,0,42.079,,3b614276-2078-47fb-9e79-9dde3fcc5b52,1,18.588,nano,hold:nano:hysteresis_or_improvement_gate,ok,41.968,1788493317.1189947,25.438,241.247,557.104,0.0
False,0.0,0,438.333,"{""agx"": 1425.269, ""nano"": 440.835, ""spark"": 1404.73}",1788493318.1588151,1,92.409,request_completed,repeated,False,,,1657.801,cached_on_demand,1321098329,0.0,0.0,ACTIVE,segment_1_c1,etri-dev0001-jetorn,dynamic,440.835,0,42.085,,d30c44cc-c600-4ba2-8c47-1a06b0097081,1,15.101,nano,hold:nano:hysteresis_or_improvement_gate,ok,41.75,1788493317.7204816,26.007,56.011,361.287,0.0
False,0.0,0,490.948,"{""agx"": 1424.316, ""nano"": 434.662, ""spark"": 1417.743}",1788493318.6534426,1,20.0,request_completed,repeated,False,,,1657.801,cached_on_demand,1321098329,0.0,0.0,ACTIVE,segment_1_c1,etri-dev0001-jetorn,dynamic,434.662,0,42.078,,6a60e747-cfc2-4ddd-a711-b78c6619055e,1,25.043,nano,hold:nano:hysteresis_or_improvement_gate,ok,41.75,1788493318.1624944,26.089,106.942,414.666,0.0
False,0.0,0,903.587,"{""agx"": 1431.185, ""nano"": 426.729, ""spark"": 1408.363}",1788493319.5612345,1,86.689,request_completed,repeated,False,,,1657.801,cached_on_demand,1321098329,0.0,0.0,ACTIVE,segment_1_c1,etri-dev0001-jetorn,dynamic,426.729,0,42.077,,db3ae720-9613-497d-9b84-1b181f58a1d6,1,15.851,nano,hold:nano:hysteresis_or_improvement_gate,ok,41.968,1788493318.6576462,13.73,254.851,838.702,0.0
False,0.0,0,487.158,"{""agx"": 1425.823, ""nano"": 537.567, ""spark"": 1409.181}",1788493320.049463,1,97.861,request_completed,repeated,False,,,1657.801,cached_on_demand,1321098329,0.0,0.0,ACTIVE,segment_1_c1,etri-dev0001-jetorn,dynamic,537.567,0,42.087,,475630b0-57e8-44a8-be71-253efb9b45da,1,19.736,nano,hold:nano:hysteresis_or_improvement_gate,ok,41.437,1788493319.5623057,24.354,95.175,424.485,0.0
False,0.0,0,616.131,"{""agx"": 1438.406, ""nano"": 510.446, ""spark"": 1408.775}",1788493320.6695468,1,91.034,request_completed,repeated,False,,,1657.801,cached_on_demand,1321098329,0.0,0.0,ACTIVE,segment_1_c1,etri-dev0001-jetorn,dynamic,510.446,0,42.09,,0bef5ebc-dba8-413b-a815-4a1d012fde4d,1,15.955,nano,hold:nano:hysteresis_or_improvement_gate,ok,42.062,1788493320.053414,21.178,160.121,539.729,0.0
False,0.0,0,521.872,"{""agx"": 1437.513, ""nano"": 520.17, ""spark"": 1409.18}",1788493321.1952271,1,98.125,request_completed,repeated,False,,,1657.801,cached_on_demand,1321098329,0.0,0.0,ACTIVE,segment_1_c1,etri-dev0001-jetorn,dynamic,520.17,0,42.089,,bc440022-5d5e-45dd-b7ee-bd3b50cf5510,1,14.373,nano,hold:nano:hysteresis_or_improvement_gate,ok,41.656,1788493320.673354,25.242,129.027,442.12,0.0
False,0.0,0,485.036,"{""agx"": 1439.505, ""nano"": 506.784, ""spark"": 1410.396}",1788493321.683802,1,83.81,request_completed,repeated,False,,,1657.801,cached_on_demand,1321098329,0.0,0.0,ACTIVE,segment_1_c1,etri-dev0001-jetorn,dynamic,506.784,0,42.089,,9d5fbfac-50eb-46a1-bf55-462bf174fd96,1,16.909,nano,hold:nano:hysteresis_or_improvement_gate,ok,41.968,1788493321.1987648,23.063,59.881,401.921,0.0
False,0.0,0,445.329,"{""agx"": 1439.998, ""nano"": 487.719, ""spark"": 1403.232}",1788493322.1329467,1,33.333,request_completed,repeated,False,,,1657.801,cached_on_demand,1321098329,0.0,0.0,ACTIVE,segment_1_c1,etri-dev0001-jetorn,dynamic,487.719,0,42.094,,e5a76584-4b3f-48e7-a8e4-1f6a99cd1843,1,19.836,nano,hold:nano:hysteresis_or_improvement_gate,ok,41.812,1788493321.687616,26.254,70.151,373.853,0.0
False,0.0,0,427.484,"{""agx"": 1427.765, ""nano"": 459.791, ""spark"": 1399.549}",1788493322.561541,1,86.364,request_completed,repeated,False,,,1657.801,cached_on_demand,1321098329,0.0,0.0,ACTIVE,segment_1_c1,etri-dev0001-jetorn,dynamic,459.791,0,42.092,,0d7ea4b1-dc40-46c9-a848-d248e7d86acb,1,15.418,nano,hold:nano:hysteresis_or_improvement_gate,ok,42.312,1788493322.1340568,24.712,54.633,377.191,0.0
False,0.0,0,456.536,"{""agx"": 1436.411, ""nano"": 441.649, ""spark"": 1409.48}",1788493323.0214827,1,97.283,request_completed,repeated,False,,,1657.801,cached_on_demand,1321098329,0.0,0.0,ACTIVE,segment_1_c1,etri-dev0001-jetorn,dynamic,441.649,0,42.094,,35c6af9d-655c-47c8-9f5a-605879a12b07,1,14.074,nano,hold:nano:hysteresis_or_improvement_gate,ok,42.031,1788493322.564945,24.44,53.603,381.513,0.0
False,0.0,0,448.733,"{""agx"": 1439.681, ""nano"": 435.675, ""spark"": 1411.692}",1788493323.4734895,1,97.605,request_completed,repeated,False,,,1657.801,cached_on_demand,1321098329,0.0,0.0,ACTIVE,segment_1_c1,etri-dev0001-jetorn,dynamic,435.675,0,42.091,,d8b41172-31c9-42fe-a9d2-203b4c9b2d63,1,19.619,nano,hold:nano:hysteresis_or_improvement_gate,ok,41.968,1788493323.0247555,25.781,51.02,362.892,0.0
False,0.0,0,461.203,"{""agx"": 1440.765, ""nano"": 418.64, ""spark"": 1401.137}",1788493323.938044,1,83.212,request_completed,repeated,False,,,1657.801,cached_on_demand,1321098329,0.0,0.0,ACTIVE,segment_1_c1,etri-dev0001-jetorn,dynamic,418.64,0,42.09,,bc4e61c3-e9be-413e-a322-b1ec7bf1709e,1,15.878,nano,hold:nano:hysteresis_or_improvement_gate,ok,42.062,1788493323.4768407,25.732,65.308,380.584,0.0
False,0.0,0,403.853,"{""agx"": 1428.859, ""nano"": 413.07, ""spark"": 1397.919}",1788493324.3459504,1,66.667,request_completed,repeated,False,,,1657.801,cached_on_demand,1321098329,0.0,0.0,ACTIVE,segment_1_c1,etri-dev0001-jetorn,dynamic,413.07,0,42.09,,8e2d8705-966f-4e22-908a-5dd74f1028f4,1,15.855,nano,hold:nano:hysteresis_or_improvement_gate,ok,42.093,1788493323.942097,26.384,51.279,355.783,0.0
False,0.0,0,430.595,"{""agx"": 1439.092, ""nano"": 400.887, ""spark"": 1407.418}",1788493324.781217,1,89.627,request_completed,repeated,False,,,1657.801,cached_on_demand,1321098329,0.0,0.0,ACTIVE,segment_1_c1,etri-dev0001-jetorn,dynamic,400.887,0,42.09,,abfce9af-d078-45c4-96aa-58f0bdfc6b61,1,14.033,nano,hold:nano:hysteresis_or_improvement_gate,ok,42.125,1788493324.3506212,27.315,60.441,352.027,0.0
False,0.0,0,467.377,"{""agx"": 1437.988, ""nano"": 395.105, ""spark"": 1410.261}",1788493325.2521343,1,82.89,request_completed,repeated,False,,,1657.801,cached_on_demand,1321098329,0.0,0.0,ACTIVE,segment_1_c1,etri-dev0001-jetorn,dynamic,395.105,0,42.09,,4afe448f-4529-4cfb-8bea-1359274aba73,1,16.961,nano,hold:nano:hysteresis_or_improvement_gate,ok,42.187,1788493324.7847564,24.217,55.718,386.265,0.0
False,0.0,0,437.424,"{""agx"": 1436.129, ""nano"": 397.323, ""spark"": 1406.724}",1788493325.6931021,1,97.386,request_completed,repeated,False,,,1657.801,cached_on_demand,1321098329,0.0,0.0,ACTIVE,segment_1_c1,etri-dev0001-jetorn,dynamic,397.323,0,42.093,,0cc05162-9cdd-4408-ac95-35a88bba9261,1,17.151,nano,hold:nano:hysteresis_or_improvement_gate,ok,42.468,1788493325.2556765,26.243,54.395,362.347,0.0
False,0.0,0,466.494,"{""agx"": 1424.364, ""nano"": 395.646, ""spark"": 1406.672}",1788493326.1605606,1,84.151,request_completed,repeated,False,,,1657.801,cached_on_demand,1321098329,0.0,0.0,ACTIVE,segment_1_c1,etri-dev0001-jetorn,dynamic,395.646,0,42.095,,c287fd7d-aa6a-4beb-a767-9762472a11a4,1,19.934,nano,hold:nano:hysteresis_or_improvement_gate,ok,42.093,1788493325.6940665,23.015,57.717,406.883,0.0
False,0.0,0,469.162,"{""agx"": 1449.288, ""nano"": 403.381, ""spark"": 1414.881}",1788493326.6319747,1,90.975,request_completed,repeated,False,,,1657.801,cached_on_demand,1321098329,0.0,0.0,ACTIVE,segment_1_c1,etri-dev0001-jetorn,dynamic,403.381,0,42.097,,ca318271-8cb6-4f0f-8260-9de1c1b45e40,1,19.879,nano,hold:nano:hysteresis_or_improvement_gate,ok,42.25,1788493326.162812,26.873,58.884,357.241,0.0
False,0.0,0,449.601,"{""agx"": 1437.375, ""nano"": 396.037, ""spark"": 1411.499}",1788493327.085101,1,78.322,request_completed,repeated,False,,,1657.801,cached_on_demand,1321098329,0.0,0.0,ACTIVE,segment_1_c1,etri-dev0001-jetorn,dynamic,396.037,0,42.095,,089081ca-ef21-4058-be80-c84ba7e4bf13,1,19.103,nano,hold:nano:hysteresis_or_improvement_gate,ok,42.468,1788493326.6354983,26.596,61.8,361.735,0.0
False,0.0,0,518.36,"{""agx"": 1427.28, ""nano"": 387.249, ""spark"": 1408.433}",1788493327.6056268,1,86.22,request_completed,repeated,False,,,1657.801,cached_on_demand,1321098329,0.0,0.0,ACTIVE,segment_1_c1,etri-dev0001-jetorn,dynamic,387.249,0,42.091,,dea7232f-7433-4b78-b703-0934d77f6969,1,14.118,nano,hold:nano:hysteresis_or_improvement_gate,ok,42.187,1788493327.087267,20.587,57.094,445.011,0.0
False,0.0,0,429.259,"{""agx"": 1440.192, ""nano"": 405.515, ""spark"": 1403.95}",1788493328.0384707,1,98.844,request_completed,repeated,False,,,1657.801,cached_on_demand,1321098329,0.0,0.0,ACTIVE,segment_1_c1,etri-dev0001-jetorn,dynamic,405.515,0,42.1,,b16b45a9-537b-434c-adf4-451d4b82057b,1,14.417,nano,hold:nano:hysteresis_or_improvement_gate,ok,42.468,1788493327.6092098,27.128,57.412,350.262,0.0
False,0.0,0,470.926,"{""agx"": 1439.601, ""nano"": 398.472, ""spark"": 1408.123}",1788493328.5128899,1,83.077,request_completed,repeated,False,,,1657.801,cached_on_demand,1321098329,0.0,0.0,ACTIVE,segment_1_c1,etri-dev0001-jetorn,dynamic,398.472,0,42.106,,0c2369e0-1833-47c0-9898-6d487ccae646,1,17.586,nano,hold:nano:hysteresis_or_improvement_gate,ok,42.5,1788493328.0419633,24.207,54.481,386.243,0.0
False,0.0,0,477.537,"{""agx"": 1444.586, ""nano"": 399.345, ""spark"": 1405.279}",1788493328.9939415,1,50.0,request_completed,repeated,False,,,1657.801,cached_on_demand,1321098329,0.0,0.0,ACTIVE,segment_1_c1,etri-dev0001-jetorn,dynamic,399.345,0,42.1,,82c29f2d-4135-4a05-bb18-4a15409599eb,1,17.123,nano,hold:nano:hysteresis_or_improvement_gate,ok,42.281,1788493328.5164032,23.702,52.392,389.074,0.0
False,0.0,0,400.654,"{""agx"": 1424.38, ""nano"": 397.729, ""spark"": 1401.451}",1788493329.395496,1,85.563,request_completed,repeated,False,,,1657.801,cached_on_demand,1321098329,0.0,0.0,ACTIVE,segment_1_c1,etri-dev0001-jetorn,dynamic,397.729,0,42.099,,198c96a2-23be-4445-88f3-4589c58dc833,1,13.797,nano,hold:nano:hysteresis_or_improvement_gate,ok,42.5,1788493328.994842,26.719,57.779,355.519,0.0
False,0.0,0,493.456,"{""agx"": 1436.39, ""nano"": 394.926, ""spark"": 1401.392}",1788493329.8900998,1,90.164,request_completed,repeated,False,,,1657.801,cached_on_demand,1321098329,0.0,0.0,ACTIVE,segment_1_c1,etri-dev0001-jetorn,dynamic,394.926,0,42.102,,c94ac96f-385d-4954-ab18-e8b92d116748,1,18.101,nano,hold:nano:hysteresis_or_improvement_gate,ok,42.687,1788493329.3966434,23.269,66.171,422.717,0.0
False,0.0,0,413.482,"{""agx"": 1425.149, ""nano"": 401.629, ""spark"": 1409.383}",1788493330.3051312,1,95.833,request_completed,repeated,False,,,1657.801,cached_on_demand,1321098329,0.0,0.0,ACTIVE,segment_1_c1,etri-dev0001-jetorn,dynamic,401.629,0,42.1,,b545a0ec-ccba-4ade-a7b8-1f17ef367868,1,13.333,nano,hold:nano:hysteresis_or_improvement_gate,ok,42.718,1788493329.8916485,26.324,54.79,358.826,0.0
False,0.0,0,419.607,"{""agx"": 1434.958, ""nano"": 398.739, ""spark"": 1400.576}",1788493330.725646,1,88.048,request_completed,repeated,False,,,1657.801,cached_on_demand,1321098329,0.0,0.0,ACTIVE,segment_1_c1,etri-dev0001-jetorn,dynamic,398.739,0,42.1,,9bbe9b54-6464-4745-a9b6-931146ed9974,1,17.814,nano,hold:nano:hysteresis_or_improvement_gate,ok,42.718,1788493330.306039,26.637,47.407,351.482,0.0
False,0.0,0,432.39,"{""agx"": 1438.871, ""nano"": 388.668, ""spark"": 1411.376}",1788493331.1614964,1,85.714,request_completed,repeated,False,,,1657.801,cached_on_demand,1321098329,0.0,0.0,ACTIVE,segment_1_c1,etri-dev0001-jetorn,dynamic,388.668,0,42.098,,1f33940c-4046-44c0-9089-b25cfc39d28d,1,15.106,nano,hold:nano:hysteresis_or_improvement_gate,ok,42.562,1788493330.7291057,26.661,51.479,351.407,0.0
False,0.0,0,437.582,"{""agx"": 1427.105, ""nano"": 381.665, ""spark"": 1404.73}",1788493331.6017227,1,83.077,request_completed,repeated,False,,,1657.801,cached_on_demand,1321098329,0.0,0.0,ACTIVE,segment_1_c1,etri-dev0001-jetorn,dynamic,381.665,0,42.101,,503f33d1-51c2-42f7-a19b-cd3be7fd4156,1,13.645,nano,hold:nano:hysteresis_or_improvement_gate,ok,42.718,1788493331.1641397,26.623,53.003,353.561,0.0
False,0.0,0,450.958,"{""agx"": 1423.611, ""nano"": 377.684, ""spark"": 1400.709}",1788493332.053601,1,88.525,request_completed,repeated,False,,,1657.801,cached_on_demand,1321098329,0.0,0.0,ACTIVE,segment_1_c1,etri-dev0001-jetorn,dynamic,377.684,0,42.101,,e508be8d-c475-4dfd-befa-559607edd1eb,1,13.281,nano,hold:nano:hysteresis_or_improvement_gate,ok,42.781,1788493331.602643,23.867,72.252,407.997,0.0
False,0.0,0,488.096,"{""agx"": 1439.028, ""nano"": 392.615, ""spark"": 1403.257}",1788493332.5451431,1,97.101,request_completed,repeated,False,,,1657.801,cached_on_demand,1321098329,0.0,0.0,ACTIVE,segment_1_c1,etri-dev0001-jetorn,dynamic,392.615,0,42.099,,25e1f21b-5923-4c2d-88ec-3c68afbac8fc,1,17.316,nano,hold:nano:hysteresis_or_improvement_gate,ok,43.0,1788493332.0570462,24.982,98.453,418.425,0.0
False,0.0,0,415.62,"{""agx"": 1424.002, ""nano"": 400.316, ""spark"": 1408.192}",1788493332.9616158,1,99.429,request_completed,repeated,False,,,1657.801,cached_on_demand,1321098329,0.0,0.0,ACTIVE,segment_1_c1,etri-dev0001-jetorn,dynamic,400.316,0,42.097,,7efe344a-39b0-4b1b-8a22-25502afff922,1,14.238,nano,hold:nano:hysteresis_or_improvement_gate,ok,42.906,1788493332.5459955,26.159,61.165,365.029,0.0
False,0.0,0,452.591,"{""agx"": 1442.719, ""nano"": 398.161, ""spark"": 1411.752}",1788493333.4177678,1,88.845,request_completed,repeated,False,,,1657.801,cached_on_demand,1321098329,0.0,0.0,ACTIVE,segment_1_c1,etri-dev0001-jetorn,dynamic,398.161,0,42.097,,e77f6c9e-375b-4e5e-ad94-bccc31baff5d,1,17.349,nano,hold:nano:hysteresis_or_improvement_gate,ok,43.156,1788493332.9651759,26.974,58.729,354.711,0.0
False,0.0,0,556.38,"{""agx"": 1436.412, ""nano"": 393.598, ""spark"": 1401.291}",1788493333.9776828,1,81.784,request_completed,repeated,False,,,1657.801,cached_on_demand,1321098329,0.0,0.0,ACTIVE,segment_1_c1,etri-dev0001-jetorn,dynamic,393.598,0,42.103,,3551935d-d51f-42ad-bdcd-b48a40b2af17,1,19.314,nano,hold:nano:hysteresis_or_improvement_gate,ok,43.156,1788493333.4213018,25.021,162.703,478.558,0.0
False,0.0,0,449.951,"{""agx"": 1438.766, ""nano"": 417.517, ""spark"": 1409.574}",1788493334.4310746,1,85.285,request_completed,repeated,False,,,1657.801,cached_on_demand,1321098329,0.0,0.0,ACTIVE,segment_1_c1,etri-dev0001-jetorn,dynamic,417.517,0,42.109,,176ac73f-0dea-47ee-9c3f-efdecd2562c0,1,17.167,nano,hold:nano:hysteresis_or_improvement_gate,ok,42.875,1788493333.9811225,26.208,57.676,363.12,0.0
False,0.0,0,463.029,"{""agx"": 1436.195, ""nano"": 405.858, ""spark"": 1409.029}",1788493334.8975554,1,98.661,request_completed,repeated,False,,,1657.801,cached_on_demand,1321098329,0.0,0.0,ACTIVE,segment_1_c1,etri-dev0001-jetorn,dynamic,405.858,0,42.105,,8e288e6f-85e4-4d16-b70f-34be865ab1e5,1,14.819,nano,hold:nano:hysteresis_or_improvement_gate,ok,42.906,1788493334.4345255,24.469,54.508,382.421,0.0
False,0.0,0,456.23,"{""agx"": 1436.918, ""nano"": 407.353, ""spark"": 1407.416}",1788493335.3573096,1,83.688,request_completed,repeated,False,,,1657.801,cached_on_demand,1321098329,0.0,0.0,ACTIVE,segment_1_c1,etri-dev0001-jetorn,dynamic,407.353,0,42.105,,675beb06-3290-4440-a16a-848a21e369c4,1,18.471,nano,hold:nano:hysteresis_or_improvement_gate,ok,43.031,1788493334.9010787,24.851,52.655,376.466,0.0
False,0.0,0,440.832,"{""agx"": 1435.445, ""nano"": 401.883, ""spark"": 1407.184}",1788493335.8014767,1,94.444,request_completed,repeated,False,,,1657.801,cached_on_demand,1321098329,0.0,0.0,ACTIVE,segment_1_c1,etri-dev0001-jetorn,dynamic,401.883,0,42.105,,ca30df66-7945-40a1-be7a-b1d82dfc5ea7,1,16.109,nano,hold:nano:hysteresis_or_improvement_gate,ok,42.781,1788493335.3606446,25.972,56.838,368.419,0.0
False,0.0,0,429.446,"{""agx"": 1440.778, ""nano"": 397.385, ""spark"": 1409.253}",1788493336.2345228,1,85.171,request_completed,repeated,False,,,1657.801,cached_on_demand,1321098329,0.0,0.0,ACTIVE,segment_1_c1,etri-dev0001-jetorn,dynamic,397.385,0,42.105,,8c744d03-d2c4-4586-8a98-97ceb6abb2c6,1,15.953,nano,hold:nano:hysteresis_or_improvement_gate,ok,43.281,1788493335.805076,26.644,48.607,349.182,0.0
False,0.0,0,441.966,"{""agx"": 1431.891, ""nano"": 389.384, ""spark"": 1400.545}",1788493336.6800616,1,83.398,request_completed,repeated,False,,,1657.801,cached_on_demand,1321098329,0.0,0.0,ACTIVE,segment_1_c1,etri-dev0001-jetorn,dynamic,389.384,0,42.105,,ed84d742-b3a3-40e5-b1b4-b9bc6f09a50c,1,16.017,nano,hold:nano:hysteresis_or_improvement_gate,ok,43.062,1788493336.2380943,25.669,75.753,385.968,0.0
False,0.0,0,457.352,"{""agx"": 1434.639, ""nano"": 399.673, ""spark"": 1407.564}",1788493337.1411917,1,50.0,request_completed,repeated,False,,,1657.801,cached_on_demand,1321098329,0.0,0.0,ACTIVE,segment_1_c1,etri-dev0001-jetorn,dynamic,399.673,0,42.104,,3f911977-f70c-4b7b-9856-b6727574d2e7,1,23.159,nano,hold:nano:hysteresis_or_improvement_gate,ok,43.031,1788493336.6838381,27.181,81.628,373.557,0.0
False,0.0,0,495.176,"{""agx"": 1441.509, ""nano"": 388.81, ""spark"": 1409.357}",1788493337.637392,1,84.387,request_completed,repeated,False,,,1657.801,cached_on_demand,1321098329,0.0,0.0,ACTIVE,segment_1_c1,etri-dev0001-jetorn,dynamic,388.81,0,42.104,,de56d4d9-8281-455f-af71-1d7f91a061e4,1,13.038,nano,hold:nano:hysteresis_or_improvement_gate,ok,43.218,1788493337.1422162,24.339,78.23,410.404,0.0
False,0.0,0,399.378,"{""agx"": 1423.552, ""nano"": 403.551, ""spark"": 1398.154}",1788493338.0376208,1,92.857,request_completed,repeated,False,,,1657.801,cached_on_demand,1321098329,0.0,0.0,ACTIVE,segment_1_c1,etri-dev0001-jetorn,dynamic,403.551,0,42.104,,8b4de204-ff8a-40d6-87eb-d52a11728652,1,19.123,nano,hold:nano:hysteresis_or_improvement_gate,ok,43.281,1788493337.638243,26.711,53.337,353.258,0.0
False,0.0,0,426.272,"{""agx"": 1429.826, ""nano"": 392.743, ""spark"": 1410.374}",1788493338.4676096,1,91.561,request_completed,repeated,False,,,1657.801,cached_on_demand,1321098329,0.0,0.0,ACTIVE,segment_1_c1,etri-dev0001-jetorn,dynamic,392.743,0,42.106,,322ac621-5feb-45b5-b9b7-c5ca441624e5,1,16.111,nano,hold:nano:hysteresis_or_improvement_gate,ok,43.312,1788493338.0413363,26.749,57.384,355.379,0.0
False,0.0,0,466.21,"{""agx"": 1436.749, ""nano"": 387.429, ""spark"": 1409.459}",1788493338.9371002,1,83.784,request_completed,repeated,False,,,1657.801,cached_on_demand,1321098329,0.0,0.0,ACTIVE,segment_1_c1,etri-dev0001-jetorn,dynamic,387.429,0,42.106,,1347c741-4db7-4dd4-8433-3afb7b3cddbf,1,16.113,nano,hold:nano:hysteresis_or_improvement_gate,ok,43.187,1788493338.47089,24.084,55.073,386.235,0.0
False,0.0,0,453.786,"{""agx"": 1439.389, ""nano"": 394.65, ""spark"": 1410.621}",1788493339.3944507,1,97.368,request_completed,repeated,False,,,1657.801,cached_on_demand,1321098329,0.0,0.0,ACTIVE,segment_1_c1,etri-dev0001-jetorn,dynamic,394.65,0,42.106,,318f35f6-15aa-4511-8447-53b1978f5904,1,19.607,nano,hold:nano:hysteresis_or_improvement_gate,ok,43.343,1788493338.940663,26.068,64.269,369.023,0.0
False,0.0,0,471.756,"{""agx"": 1439.875, ""nano"": 391.187, ""spark"": 1407.501}",1788493339.8696117,1,85.036,request_completed,repeated,False,,,1657.801,cached_on_demand,1321098329,0.0,0.0,ACTIVE,segment_1_c1,etri-dev0001-jetorn,dynamic,391.187,0,42.109,,8727bc98-918d-48b0-994a-7eeb720a4169,1,17.652,nano,hold:nano:hysteresis_or_improvement_gate,ok,43.468,1788493339.3978555,26.346,77.642,389.215,0.0
False,0.0,0,439.228,"{""agx"": 1440.682, ""nano"": 394.61, ""spark"": 1401.122}",1788493340.313736,1,47.368,request_completed,repeated,False,,,1657.801,cached_on_demand,1321098329,0.0,0.0,ACTIVE,segment_1_c1,etri-dev0001-jetorn,dynamic,394.61,0,42.105,,d6648e70-65e5-43da-b113-a161e8f15e55,1,17.158,nano,hold:nano:hysteresis_or_improvement_gate,ok,43.093,1788493339.8745067,26.155,61.922,365.636,0.0
False,0.0,0,420.006,"{""agx"": 1435.553, ""nano"": 390.412, ""spark"": 1404.967}",1788493340.7375557,1,84.848,request_completed,repeated,False,,,1657.801,cached_on_demand,1321098329,0.0,0.0,ACTIVE,segment_1_c1,etri-dev0001-jetorn,dynamic,390.412,0,42.105,,79c12835-7d57-4af6-8d83-7fa9f5a32887,1,15.917,nano,hold:nano:hysteresis_or_improvement_gate,ok,43.343,1788493340.3175488,27.052,55.099,351.004,0.0
False,0.0,0,455.601,"{""agx"": 1442.243, ""nano"": 384.117, ""spark"": 1410.995}",1788493341.196731,1,85.375,request_completed,repeated,False,,,1657.801,cached_on_demand,1321098329,0.0,0.0,ACTIVE,segment_1_c1,etri-dev0001-jetorn,dynamic,384.117,0,42.103,,4834fe56-d380-4f57-bacf-7a54603485c6,1,15.498,nano,hold:nano:hysteresis_or_improvement_gate,ok,43.343,1788493340.7411284,25.366,53.05,368.125,0.0
False,0.0,0,495.627,"{""agx"": 1436.325, ""nano"": 385.427, ""spark"": 1408.701}",1788493341.6972878,16,97.015,request_completed,repeated,False,,,1657.801,cached_on_demand,1321098329,0.0,0.0,ACTIVE,segment_2_c16,etri-dev0001-jetorn,dynamic,385.427,0,42.102,,b71c44fe-54ce-4c2c-8bce-5d222993ad8d,16,16.934,nano,hold:nano:hysteresis_or_improvement_gate,ok,43.187,1788493341.201662,22.716,66.06,415.637,0.0
False,0.0,1,993.52,"{""agx"": 1435.611, ""nano"": 760.144, ""spark"": 1408.217}",1788493342.1964417,16,9.302,request_completed,repeated,False,,,1657.801,cached_on_demand,1321098329,0.0,0.0,ACTIVE,segment_2_c16,etri-dev0001-jetorn,dynamic,760.144,0,42.102,,35dd0505-32b3-4d60-a5b5-61055e1c1667,16,23.158,nano,hold:nano:hysteresis_or_improvement_gate,ok,43.0,1788493341.2029219,21.941,407.989,765.877,0.0
False,0.0,1,1437.87,"{""agx"": 1431.591, ""nano"": 1193.248, ""spark"": 1406.629}",1788493342.641514,16,100.0,request_completed,repeated,False,,,1657.801,cached_on_demand,1321098329,0.0,0.0,ACTIVE,segment_2_c16,etri-dev0001-jetorn,dynamic,1193.248,1,42.099,,d2a66cae-7fe5-491d-9a7a-6a9ffc5477a0,16,87.769,nano,hold:nano:hysteresis_or_improvement_gate,ok,43.937,1788493341.2036421,21.525,690.15,1064.065,0.0
False,0.0,1,1841.882,"{""agx"": 1438.309, ""nano"": 1539.9, ""spark"": 1408.958}",1788493343.0475788,16,100.0,request_completed,repeated,False,,,1657.801,cached_on_demand,1321098329,0.0,0.0,ACTIVE,segment_2_c16,etri-dev0001-jetorn,dynamic,1539.9,2,42.101,,fb1fd037-c4ab-49f0-8adc-729a97886dbd,16,65.928,nano,hold:nano:hysteresis_or_improvement_gate,ok,43.875,1788493341.205697,23.048,984.874,1328.799,0.0
False,0.0,1,2277.576,"{""agx"": 1423.86, ""nano"": 1547.829, ""spark"": 1406.109}",1788493343.4855278,16,92.857,request_completed,repeated,False,,,1657.801,cached_on_demand,1321098329,0.0,0.0,ACTIVE,segment_2_c16,etri-dev0001-jetorn,dynamic,1547.829,2,42.101,,1396c1fb-c0e2-4423-b102-1e8be7421a95,16,26.725,nano,hold:nano:hysteresis_or_improvement_gate,ok,43.343,1788493341.2079504,21.101,1322.705,1702.277,0.0
False,0.0,1,2659.339,"{""agx"": 1427.25, ""nano"": 1972.309, ""spark"": 1403.369}",1788493343.8674784,16,95.238,request_completed,repeated,False,,,1657.801,cached_on_demand,1321098329,0.0,0.0,ACTIVE,segment_2_c16,etri-dev0001-jetorn,dynamic,1972.309,3,42.101,,f209aabf-0ed4-4d6f-bbfb-e1f21093aaba,16,70.929,nano,hold:nano:hysteresis_or_improvement_gate,ok,43.75,1788493341.2081382,25.295,1633.308,1950.209,0.0
False,0.0,1,3019.583,"{""agx"": 1435.526, ""nano"": 2365.794, ""spark"": 1407.639}",1788493344.2305906,16,100.0,request_completed,repeated,False,,,1657.801,cached_on_demand,1321098329,0.0,0.0,ACTIVE,segment_2_c16,etri-dev0001-jetorn,dynamic,2365.794,4,42.154,,fd8fd2b1-e6e1-4ce9-86d0-548c7e3e7a7a,16,84.138,nano,hold:nano:hysteresis_or_improvement_gate,ok,44.093,1788493341.211006,26.028,1844.181,2152.686,0.0
False,0.0,1,3436.583,"{""agx"": 1439.59, ""nano"": 2735.496, ""spark"": 1407.747}",1788493344.6477492,16,100.0,request_completed,repeated,False,,,1657.801,cached_on_demand,1321098329,0.0,0.0,ACTIVE,segment_2_c16,etri-dev0001-jetorn,dynamic,2735.496,5,42.13,,bf7c1e52-c8c1-401a-bc61-16a4aa0f97c7,16,73.564,nano,hold:nano:hysteresis_or_improvement_gate,ok,43.937,1788493341.2111657,22.542,2015.966,2369.408,0.0
True,1137.019,0,3748.258,"{""agx"": 1424.233, ""nano"": 4717.243, ""spark"": 1404.637}",1788493344.9688036,16,5.325,request_completed,repeated,False,871.0,0.0,0.0,cached_on_demand,1321098329,1134.387,0.0,CACHED,segment_2_c16,etri-ser0001-cg0msb,dynamic,1424.233,0,18.066,1788493344.7310884,dcfe9adc-d425-4953-9df5-52376e8cf480,16,6.429,agx,offload:nano->agx:predicted_improvement=0.698,ok,65.0,1788493341.220544,46.763,54.349,225.724,0.34
False,0.0,1,3833.938,"{""agx"": 1442.748, ""nano"": 2991.932, ""spark"": 1401.28}",1788493345.0452638,16,100.0,request_completed,repeated,False,,,1657.801,cached_on_demand,1321098329,0.0,0.0,ACTIVE,segment_2_c16,etri-dev0001-jetorn,dynamic,2991.932,5,42.143,,3ee1d962-5684-4f21-a045-b3a285f04077,16,123.535,nano,hold:nano:hysteresis_or_improvement_gate,ok,43.75,1788493341.2113247,23.264,2235.782,2579.466,0.0
False,0.0,1,3468.089,"{""agx"": 425.082, ""nano"": 3315.65, ""spark"": 1412.397}",1788493345.1707194,16,35.43,request_completed,repeated,False,871.0,0.0,1373.031,cached_on_demand,1321098329,0.0,0.0,ACTIVE,segment_2_c16,etri-ser0001-cg0msb,dynamic,425.082,0,19.141,,0c5dcf78-cc5d-4f89-97f7-2350bb67ee75,16,10.368,agx,hold:agx:hysteresis_or_improvement_gate,ok,61.0,1788493341.7026296,45.758,93.178,268.272,0.0
False,0.0,1,3166.377,"{""agx"": 433.418, ""nano"": 3300.152, ""spark"": 1406.835}",1788493345.3675852,16,36.544,request_completed,repeated,False,871.0,0.0,1373.211,cached_on_demand,1321098329,0.0,0.0,ACTIVE,segment_2_c16,etri-ser0001-cg0msb,dynamic,433.418,0,19.143,,1c1c49dd-b2f8-435d-b326-0571ff36c45a,16,9.52,agx,hold:agx:hysteresis_or_improvement_gate,ok,63.0,1788493342.201206,47.167,158.107,327.93,0.0
False,0.0,1,4257.973,"{""agx"": 1437.846, ""nano"": 3360.913, ""spark"": 1400.942}",1788493345.4704752,16,100.0,request_completed,repeated,False,,,1657.801,cached_on_demand,1321098329,0.0,0.0,ACTIVE,segment_2_c16,etri-dev0001-jetorn,dynamic,3360.913,6,42.142,,e62ff54a-f239-4902-863d-2f58aea2d0eb,16,82.745,nano,hold:nano:hysteresis_or_improvement_gate,ok,44.156,1788493341.212502,23.233,2491.738,2835.396,0.0
False,0.0,1,2920.148,"{""agx"": 646.007, ""nano"": 2879.526, ""spark"": 1406.817}",1788493345.5650141,16,42.54,request_completed,repeated,False,871.0,0.0,1373.211,cached_on_demand,1321098329,0.0,0.0,ACTIVE,segment_2_c16,etri-ser0001-cg0msb,dynamic,646.007,1,19.146,,dcb48c4d-c059-4c64-bae3-1fc43edc6d6f,16,10.16,agx,hold:agx:hysteresis_or_improvement_gate,ok,64.0,1788493342.6448655,47.019,224.828,395.262,0.0
False,0.0,1,2721.045,"{""agx"": 637.991, ""nano"": 2885.078, ""spark"": 1406.332}",1788493345.7720218,16,35.987,request_completed,repeated,False,871.0,0.0,1373.391,cached_on_demand,1321098329,0.0,0.0,ACTIVE,segment_2_c16,etri-ser0001-cg0msb,dynamic,637.991,1,19.146,,1c0fc563-1dd2-4caa-9889-b31079794248,16,9.62,agx,hold:agx:hysteresis_or_improvement_gate,ok,65.0,1788493343.0509756,44.495,284.815,464.769,0.0
False,0.0,1,4682.847,"{""agx"": 1438.877, ""nano"": 3449.015, ""spark"": 1409.841}",1788493345.897299,16,100.0,request_completed,repeated,False,,,1657.801,cached_on_demand,1321098329,0.0,0.0,ACTIVE,segment_2_c16,etri-dev0001-jetorn,dynamic,3449.015,6,42.145,,dc29e651-ef35-427c-858d-397e57c29542,16,100.639,nano,hold:nano:hysteresis_or_improvement_gate,ok,44.125,1788493341.2144508,21.789,2715.936,3083.895,0.0
False,0.0,1,2483.907,"{""agx"": 628.712, ""nano"": 2887.543, ""spark"": 1407.088}",1788493345.970532,16,35.465,request_completed,repeated,False,871.0,0.0,1373.469,cached_on_demand,1321098329,0.0,0.0,ACTIVE,segment_2_c16,etri-ser0001-cg0msb,dynamic,628.712,1,19.146,,62d819d7-5a4e-4b2c-ba67-3102843f2878,16,9.956,agx,hold:agx:hysteresis_or_improvement_gate,ok,64.0,1788493343.4866247,46.75,349.305,520.539,0.0
False,0.0,1,2306.169,"{""agx"": 834.734, ""nano"": 2457.021, ""spark"": 1406.437}",1788493346.174544,16,35.659,request_completed,repeated,False,871.0,0.0,1373.469,cached_on_demand,1321098329,0.0,0.0,ACTIVE,segment_2_c16,etri-ser0001-cg0msb,dynamic,834.734,2,19.146,,057e47c2-5bac-450a-8b2f-110ebd67fd96,16,9.726,agx,hold:agx:hysteresis_or_improvement_gate,ok,67.0,1788493343.868375,45.262,443.917,621.041,0.0
False,0.0,1,5105.639,"{""agx"": 1439.159, ""nano"": 3856.58, ""spark"": 1411.381}",1788493346.321502,16,100.0,request_completed,repeated,False,,,1657.801,cached_on_demand,1321098329,0.0,0.0,ACTIVE,segment_2_c16,etri-dev0001-jetorn,dynamic,3856.58,7,42.142,,e6443348-7ab7-44b7-8acd-0d9609864743,16,89.657,nano,hold:nano:hysteresis_or_improvement_gate,ok,43.968,1788493341.2158618,22.726,2975.02,3321.715,0.0
False,0.0,1,2143.414,"{""agx"": 829.844, ""nano"": 2497.04, ""spark"": 1406.541}",1788493346.3749123,16,80.0,request_completed,repeated,False,871.0,0.0,1373.52,cached_on_demand,1321098329,0.0,0.0,ACTIVE,segment_2_c16,etri-ser0001-cg0msb,dynamic,829.844,2,19.151,,3752acbf-4884-4543-9f8e-15eedeeb5adb,16,13.708,agx,hold:agx:hysteresis_or_improvement_gate,ok,69.0,1788493344.2314978,46.488,499.341,671.332,0.0
False,0.0,1,1924.313,"{""agx"": 829.287, ""nano"": 2499.635, ""spark"": 1408.249}",1788493346.5730095,16,43.631,request_completed,repeated,False,871.0,0.0,1373.566,cached_on_demand,1321098329,0.0,0.0,ACTIVE,segment_2_c16,etri-ser0001-cg0msb,dynamic,829.287,2,19.148,,195b0ae9-bbc1-4eb1-af2f-ff9f4251e0dd,16,10.263,agx,hold:agx:hysteresis_or_improvement_gate,ok,67.0,1788493344.648696,46.857,564.088,735.182,0.0
False,0.0,1,5529.811,"{""agx"": 1433.028, ""nano"": 4256.632, ""spark"": 1404.228}",1788493346.7461088,16,100.0,request_completed,repeated,False,,,1657.801,cached_on_demand,1321098329,0.0,0.0,ACTIVE,segment_2_c16,etri-dev0001-jetorn,dynamic,4256.632,8,42.148,,14b3b9cd-09b0-4ac7-94c2-8ffc2ccde60a,16,71.162,nano,hold:nano:hysteresis_or_improvement_gate,ok,44.062,1788493341.2162974,22.06,3240.671,3606.924,0.0
False,0.0,1,1806.005,"{""agx"": 1033.795, ""nano"": 2494.522, ""spark"": 1409.316}",1788493346.7759285,16,35.932,request_completed,repeated,False,871.0,0.0,1373.566,cached_on_demand,1321098329,0.0,0.0,ACTIVE,segment_2_c16,etri-ser0001-cg0msb,dynamic,1033.795,3,19.148,,f22e800f-1c3e-4924-af78-d230416b80ff,16,10.015,agx,hold:agx:hysteresis_or_improvement_gate,ok,67.0,1788493344.9699242,45.566,634.792,810.646,0.0
False,0.0,1,1931.027,"{""agx"": 1026.992, ""nano"": 2127.542, ""spark"": 1406.661}",1788493346.9779415,16,36.937,request_completed,repeated,False,871.0,0.0,1373.613,cached_on_demand,1321098329,0.0,0.0,ACTIVE,segment_2_c16,etri-ser0001-cg0msb,dynamic,1026.992,3,19.15,,0501fcb6-6f62-4bae-acd8-c3083e10ed5d,16,11.052,agx,hold:agx:hysteresis_or_improvement_gate,ok,70.0,1788493345.046914,46.128,703.915,877.546,0.0
False,0.0,1,5946.322,"{""agx"": 1439.495, ""nano"": 4239.142, ""spark"": 1400.873}",1788493347.1638534,16,100.0,request_completed,repeated,False,,,1657.801,cached_on_demand,1321098329,0.0,0.0,ACTIVE,segment_2_c16,etri-dev0001-jetorn,dynamic,4239.142,8,42.148,,f382b6bc-95f7-4c8b-9108-84721d09dd55,16,85.932,nano,hold:nano:hysteresis_or_improvement_gate,ok,43.875,1788493341.2175298,22.632,3512.991,3861.732,0.0
False,0.0,1,2010.259,"{""agx"": 1024.955, ""nano"": 2128.424, ""spark"": 1398.927}",1788493347.182042,16,40.994,request_completed,repeated,False,871.0,0.0,1373.66,cached_on_demand,1321098329,0.0,0.0,ACTIVE,segment_2_c16,etri-ser0001-cg0msb,dynamic,1024.955,3,19.151,,75a1ce52-31a8-48e9-9e02-c67eac8c5e19,16,8.185,agx,hold:agx:hysteresis_or_improvement_gate,ok,68.0,1788493345.1717832,45.304,780.745,957.484,0.0
False,0.0,1,2015.141,"{""agx"": 1229.546, ""nano"": 2131.933, ""spark"": 1410.311}",1788493347.383863,16,35.583,request_completed,repeated,False,871.0,0.0,1373.66,cached_on_demand,1321098329,0.0,0.0,ACTIVE,segment_2_c16,etri-ser0001-cg0msb,dynamic,1229.546,4,19.151,,749c6642-b92d-45fe-8798-f3c141b29908,16,9.422,agx,hold:agx:hysteresis_or_improvement_gate,ok,68.0,1788493345.3687222,46.263,836.92,1010.403,0.0
False,0.0,1,2111.248,"{""agx"": 1226.125, ""nano"": 1728.209, ""spark"": 1409.339}",1788493347.5834777,16,36.228,request_completed,repeated,False,871.0,0.0,1373.707,cached_on_demand,1321098329,0.0,0.0,ACTIVE,segment_2_c16,etri-ser0001-cg0msb,dynamic,1226.125,4,19.151,,5e462c30-751a-43b0-8f1a-8590a241f3c8,16,10.507,agx,hold:agx:hysteresis_or_improvement_gate,ok,68.0,1788493345.4722295,46.745,897.221,1068.512,0.0
False,0.0,1,6386.464,"{""agx"": 1424.355, ""nano"": 4693.105, ""spark"": 1407.544}",1788493347.6062443,16,100.0,request_completed,repeated,False,,,1657.801,cached_on_demand,1321098329,0.0,0.0,ACTIVE,segment_2_c16,etri-dev0001-jetorn,dynamic,4693.105,9,42.143,,dcb0f861-73dd-4cde-93f5-84339091b35c,16,124.574,nano,hold:nano:hysteresis_or_improvement_gate,ok,43.843,1788493341.2197795,20.632,3743.383,4135.177,0.0
False,0.0,1,2230.421,"{""agx"": 1218.875, ""nano"": 1723.051, ""spark"": 1408.553}",1788493347.796522,16,35.987,request_completed,repeated,False,871.0,0.0,1373.75,cached_on_demand,1321098329,0.0,0.0,ACTIVE,segment_2_c16,etri-ser0001-cg0msb,dynamic,1218.875,4,19.15,,4a9633c5-e90f-4488-903d-c687e4bcfc2c,16,10.349,agx,hold:agx:hysteresis_or_improvement_gate,ok,69.0,1788493345.5661016,43.251,962.125,1147.611,0.0
False,0.0,1,2232.977,"{""agx"": 1220.579, ""nano"": 1778.06, ""spark"": 1407.082}",1788493348.0061204,16,44.24,request_completed,repeated,False,871.0,0.0,1373.793,cached_on_demand,1321098329,0.0,0.0,ACTIVE,segment_2_c16,etri-ser0001-cg0msb,dynamic,1220.579,4,19.163,,746aa6d2-d9d7-4f27-b33d-e66a2eba0722,16,9.833,agx,hold:agx:hysteresis_or_improvement_gate,ok,69.0,1788493345.7731433,44.138,926.785,1108.459,0.0
False,0.0,1,2319.099,"{""agx"": 1220.624, ""nano"": 1323.069, ""spark"": 1408.753}",1788493348.2183027,16,37.153,request_completed,repeated,False,871.0,0.0,1373.836,cached_on_demand,1321098329,0.0,0.0,ACTIVE,segment_2_c16,etri-ser0001-cg0msb,dynamic,1220.624,4,19.164,,bdb82e91-011c-4d41-b5cb-3949b621047f,16,9.752,agx,hold:agx:hysteresis_or_improvement_gate,ok,69.0,1788493345.899204,43.586,982.755,1166.94,0.0
False,0.0,1,2459.221,"{""agx"": 1421.703, ""nano"": 1337.262, ""spark"": 1405.042}",1788493348.430816,16,41.779,request_completed,repeated,False,871.0,0.0,1373.836,cached_on_demand,1321098329,0.0,0.0,ACTIVE,segment_2_c16,etri-ser0001-cg0msb,dynamic,1421.703,5,19.165,,5021367d-378a-4974-972d-93ac3a45bd95,16,9.019,agx,hold:agx:hysteresis_or_improvement_gate,ok,69.0,1788493345.9715946,43.734,1043.914,1227.1,0.0
False,0.0,1,2466.043,"{""agx"": 1426.89, ""nano"": 921.863, ""spark"": 1413.338}",1788493348.641698,16,36.628,request_completed,repeated,False,871.0,0.0,1373.875,cached_on_demand,1321098329,0.0,0.0,ACTIVE,segment_2_c16,etri-ser0001-cg0msb,dynamic,1426.89,5,19.168,,a2a6e0a4-ea6c-4ccc-b6ec-af68587f8b2b,16,10.251,agx,hold:agx:hysteresis_or_improvement_gate,ok,70.0,1788493346.1756544,43.785,1099.447,1281.853,0.0
False,0.0,1,2527.27,"{""agx"": 1425.087, ""nano"": 899.202, ""spark"": 1408.644}",1788493348.850585,16,40.557,request_completed,repeated,False,871.0,0.0,1373.902,cached_on_demand,1321098329,0.0,0.0,ACTIVE,segment_2_c16,etri-ser0001-cg0msb,dynamic,1425.087,5,19.174,,59f99039-9e4b-4774-86ec-af462b603293,16,9.834,agx,hold:agx:hysteresis_or_improvement_gate,ok,69.0,1788493346.3233154,44.231,1173.539,1354.991,0.0
False,0.0,1,2683.255,"{""agx"": 1420.4, ""nano"": 903.255, ""spark"": 1411.416}",1788493349.059212,16,38.304,request_completed,repeated,False,871.0,0.0,1373.93,cached_on_demand,1321098329,0.0,0.0,ACTIVE,segment_2_c16,etri-ser0001-cg0msb,dynamic,1420.4,5,19.176,,cb383e33-354b-4630-bc44-f990b45796b1,16,9.753,agx,hold:agx:hysteresis_or_improvement_gate,ok,70.0,1788493346.3759573,44.692,1236.389,1415.55,0.0
False,0.0,1,2695.39,"{""agx"": 1621.957, ""nano"": 435.109, ""spark"": 1407.985}",1788493349.2695315,16,41.667,request_completed,repeated,False,871.0,0.0,1373.93,cached_on_demand,1321098329,0.0,0.0,ACTIVE,segment_2_c16,etri-ser0001-cg0msb,dynamic,1621.957,6,19.179,,9858cae1-1a2e-492b-bd05-a901792247b3,16,9.789,agx,hold:agx:hysteresis_or_improvement_gate,ok,69.0,1788493346.574141,44.32,1392.819,1573.317,0.0
False,0.0,1,2724.842,"{""agx"": 1821.977, ""nano"": 436.983, ""spark"": 1405.118}",1788493349.4727635,16,57.812,request_completed,repeated,False,871.0,0.0,1373.93,cached_on_demand,1321098329,0.0,0.0,ACTIVE,segment_2_c16,etri-ser0001-cg0msb,dynamic,1821.977,7,19.18,,c5dd979c-6920-4f2b-aaf6-8d44fe465476,16,8.288,agx,hold:agx:hysteresis_or_improvement_gate,ok,69.0,1788493346.7479217,45.818,1549.292,1724.099,0.0
False,0.0,1,2902.831,"{""agx"": 2025.311, ""nano"": 436.229, ""spark"": 1401.467}",1788493349.6798215,16,50.82,request_completed,repeated,False,871.0,0.0,1373.93,cached_on_demand,1321098329,0.0,0.0,ACTIVE,segment_2_c16,etri-ser0001-cg0msb,dynamic,2025.311,8,19.18,,279f80a5-21e9-4fe3-9143-d73f1f6e766e,16,10.101,agx,hold:agx:hysteresis_or_improvement_gate,ok,69.0,1788493346.776991,45.293,1700.409,1877.439,0.0
False,0.0,1,2912.763,"{""agx"": 2052.676, ""nano"": 437.011, ""spark"": 1408.045}",1788493349.8918326,16,45.038,request_completed,repeated,False,871.0,0.0,1373.957,cached_on_demand,1321098329,0.0,0.0,ACTIVE,segment_2_c16,etri-ser0001-cg0msb,dynamic,2052.676,8,19.18,,a137902b-c77e-43bc-ab45-76495e1acbf6,16,8.946,agx,hold:agx:hysteresis_or_improvement_gate,ok,70.0,1788493346.9790697,44.053,1853.996,2035.8,0.0
False,0.0,1,2942.401,"{""agx"": 2257.085, ""nano"": 436.858, ""spark"": 1407.992}",1788493350.1079545,16,40.31,request_completed,repeated,False,871.0,0.0,1373.957,cached_on_demand,1321098329,0.0,0.0,ACTIVE,segment_2_c16,etri-ser0001-cg0msb,dynamic,2257.085,9,19.18,,2ea047a3-7bee-46e6-ad64-e9c1147983ff,16,8.982,agx,hold:agx:hysteresis_or_improvement_gate,ok,70.0,1788493347.1655536,42.945,2012.078,2198.514,0.0
True,1191.686,0,1531.09,"{""agx"": 3355.743, ""nano"": 437.587, ""spark"": 1405.918}",1788493350.1738794,16,0.866,request_completed,repeated,False,286.0,0.0,0.0,cached_on_demand,1321098329,1189.209,0.0,CACHED,segment_2_c16,etri-ser0002-cgnmsb,dynamic,1405.918,0,25.029,1788493349.890162,1f772e55-73a8-4780-8bd6-3986f3fd78aa,16,13.095,spark,offload:agx->spark:predicted_improvement=0.581,ok,40.05,1788493348.6427894,46.221,85.811,261.076,0.339
False,0.0,1,3131.72,"{""agx"": 2461.6, ""nano"": 436.931, ""spark"": 1407.55}",1788493350.314834,16,42.636,request_completed,repeated,False,871.0,0.0,1373.957,cached_on_demand,1321098329,0.0,0.0,ACTIVE,segment_2_c16,etri-ser0001-cg0msb,dynamic,2461.6,10,19.18,,b09d4ba0-e6dc-45a4-92ee-8f35b9347905,16,9.124,agx,hold:agx:hysteresis_or_improvement_gate,ok,70.0,1788493347.1831143,44.804,2172.837,2351.767,0.0
False,0.0,1,1531.261,"{""agx"": 2096.884, ""nano"": 443.609, ""spark"": 420.463}",1788493350.3830454,16,17.021,request_completed,repeated,False,286.0,0.0,1373.043,cached_on_demand,1321098329,0.0,0.0,ACTIVE,segment_2_c16,etri-ser0002-cgnmsb,dynamic,420.463,0,29.424,,08668981-fe01-4999-ac0d-646f55c59683,16,8.975,spark,hold:spark:hysteresis_or_improvement_gate,ok,61.05,1788493348.8517842,44.814,222.896,402.66,0.0
False,0.0,1,3133.442,"{""agx"": 2665.651, ""nano"": 435.975, ""spark"": 1401.944}",1788493350.5185144,16,44.595,request_completed,repeated,False,871.0,0.0,1373.957,cached_on_demand,1321098329,0.0,0.0,ACTIVE,segment_2_c16,etri-ser0001-cg0msb,dynamic,2665.651,11,19.181,,c2b149b7-a595-44f9-bea9-1833d6c5791b,16,8.802,agx,hold:agx:hysteresis_or_improvement_gate,ok,70.0,1788493347.3850718,45.46,2334.057,2510.543,0.0
False,0.0,1,1527.941,"{""agx"": 2096.869, ""nano"": 442.798, ""spark"": 635.451}",1788493350.5883024,16,18.857,request_completed,repeated,False,286.0,0.0,1373.043,cached_on_demand,1321098329,0.0,0.0,ACTIVE,segment_2_c16,etri-ser0002-cgnmsb,dynamic,635.451,1,29.424,,c4314a9e-c445-48f2-9277-4f944aee25b5,16,18.219,spark,hold:spark:hysteresis_or_improvement_gate,ok,54.05,1788493349.0603616,45.898,363.389,540.203,0.0
False,0.0,1,3136.646,"{""agx"": 2683.491, ""nano"": 436.139, ""spark"": 1406.991}",1788493350.7212646,16,44.643,request_completed,repeated,False,871.0,0.0,1373.98,cached_on_demand,1321098329,0.0,0.0,ACTIVE,segment_2_c16,etri-ser0001-cg0msb,dynamic,2683.491,11,19.185,,122bf746-44f9-43fd-95f1-cd68ff93992e,16,10.041,agx,hold:agx:hysteresis_or_improvement_gate,ok,70.0,1788493347.5846186,45.716,2483.652,2659.153,0.0
False,0.0,1,1526.621,"{""agx"": 1904.739, ""nano"": 453.89, ""spark"": 850.268}",1788493350.7972653,16,0.0,request_completed,repeated,False,286.0,0.0,1373.051,cached_on_demand,1321098329,0.0,0.0,ACTIVE,segment_2_c16,etri-ser0002-cgnmsb,dynamic,850.268,2,29.425,,697d6ac4-bf16-4870-874c-91772e3b8263,16,27.292,spark,hold:spark:hysteresis_or_improvement_gate,ok,49.05,1788493349.2706451,45.968,434.139,609.359,0.0
False,0.0,1,3315.49,"{""agx"": 2887.148, ""nano"": 439.608, ""spark"": 1403.6}",1788493350.9235244,16,50.0,request_completed,repeated,False,871.0,0.0,1373.98,cached_on_demand,1321098329,0.0,0.0,ACTIVE,segment_2_c16,etri-ser0001-cg0msb,dynamic,2887.148,12,19.187,,391e6607-aab2-42ec-9021-d972da0f5d29,16,8.048,agx,hold:agx:hysteresis_or_improvement_gate,ok,69.0,1788493347.6080344,45.693,2634.493,2810.121,0.0
False,0.0,1,1528.973,"{""agx"": 1904.433, ""nano"": 442.195, ""spark"": 895.456}",1788493351.0029304,16,20.0,request_completed,repeated,False,286.0,0.0,1373.223,cached_on_demand,1321098329,0.0,0.0,ACTIVE,segment_2_c16,etri-ser0002-cgnmsb,dynamic,895.456,2,29.425,,e2917e2c-f643-4f87-88c9-96ea5bcfd7e4,16,17.148,spark,hold:spark:hysteresis_or_improvement_gate,ok,54.05,1788493349.4739575,45.607,573.068,749.893,0.0
False,0.0,1,3331.308,"{""agx"": 3094.735, ""nano"": 436.658, ""spark"": 1405.893}",1788493351.128945,16,50.0,request_completed,repeated,False,871.0,0.0,1373.98,cached_on_demand,1321098329,0.0,0.0,ACTIVE,segment_2_c16,etri-ser0001-cg0msb,dynamic,3094.735,13,19.189,,f1d5408e-b3a4-4b68-9879-dbbb61f76b6f,16,9.985,agx,hold:agx:hysteresis_or_improvement_gate,ok,70.0,1788493347.7976367,44.929,2783.828,2962.284,0.0
False,0.0,1,1525.243,"{""agx"": 1903.811, ""nano"": 440.321, ""spark"": 1106.831}",1788493351.2062564,16,19.847,request_completed,repeated,False,286.0,0.0,1373.223,cached_on_demand,1321098329,0.0,0.0,ACTIVE,segment_2_c16,etri-ser0002-cgnmsb,dynamic,1106.831,3,29.425,,9f7fabc8-3f4c-4612-86dc-0c0d707f7c7f,16,8.946,spark,hold:spark:hysteresis_or_improvement_gate,ok,54.05,1788493349.6810136,46.018,725.873,899.44,0.0
False,0.0,1,3321.802,"{""agx"": 3300.705, ""nano"": 437.319, ""spark"": 1407.944}",1788493351.3294103,16,42.857,request_completed,repeated,False,871.0,0.0,1373.98,cached_on_demand,1321098329,0.0,0.0,ACTIVE,segment_2_c16,etri-ser0001-cg0msb,dynamic,3300.705,14,19.189,,929a6d2e-aead-4c92-8afd-4c5b911b0c93,16,10.305,agx,hold:agx:hysteresis_or_improvement_gate,ok,70.0,1788493348.0076082,46.138,2927.343,3101.112,0.0
False,0.0,1,1515.745,"{""agx"": 1685.9, ""nano"": 441.228, ""spark"": 1327.31}",1788493351.4087033,16,21.705,request_completed,repeated,False,286.0,0.0,1373.223,cached_on_demand,1321098329,0.0,0.0,ACTIVE,segment_2_c16,etri-ser0002-cgnmsb,dynamic,1327.31,4,29.427,,7fa72a5f-f66a-4c10-ab98-c4da13536a89,16,9.848,spark,hold:spark:hysteresis_or_improvement_gate,ok,54.05,1788493349.8929582,46.081,873.619,1047.598,0.0
False,0.0,1,3316.864,"{""agx"": 3326.302, ""nano"": 438.58, ""spark"": 1409.853}",1788493351.5363538,16,42.484,request_completed,repeated,False,871.0,0.0,1374.008,cached_on_demand,1321098329,0.0,0.0,ACTIVE,segment_2_c16,etri-ser0001-cg0msb,dynamic,3326.302,14,19.19,,b19f1f16-2174-4122-a462-57706debf916,16,9.854,agx,hold:agx:hysteresis_or_improvement_gate,ok,70.0,1788493348.2194896,44.648,3069.212,3248.631,0.0
False,0.0,1,1502.662,"{""agx"": 1685.702, ""nano"": 438.669, ""spark"": 1313.512}",1788493351.6117306,16,20.93,request_completed,repeated,False,286.0,0.0,1373.402,cached_on_demand,1321098329,0.0,0.0,ACTIVE,segment_2_c16,etri-ser0002-cgnmsb,dynamic,1313.512,4,29.427,,703e7403-3d66-45b4-ada7-092ef9888220,16,12.244,spark,hold:spark:hysteresis_or_improvement_gate,ok,54.0,1788493350.109069,45.907,1022.349,1197.382,0.0
False,0.0,1,3310.031,"{""agx"": 3346.171, ""nano"": 438.652, ""spark"": 1408.628}",1788493351.7420127,16,42.51,request_completed,repeated,False,871.0,0.0,1374.031,cached_on_demand,1321098329,0.0,0.0,ACTIVE,segment_2_c16,etri-ser0001-cg0msb,dynamic,3346.171,14,19.202,,3d63c0a0-4bad-4999-94b4-959ad4e264d9,16,9.467,agx,hold:agx:hysteresis_or_improvement_gate,ok,85.0,1788493348.4319818,44.832,3063.886,3242.691,0.0
False,0.0,1,1638.981,"{""agx"": 1686.244, ""nano"": 437.809, ""spark"": 1524.07}",1788493351.814929,16,22.414,request_completed,repeated,False,286.0,0.0,1373.402,cached_on_demand,1321098329,0.0,0.0,ACTIVE,segment_2_c16,etri-ser0002-cgnmsb,dynamic,1524.07,5,29.43,,bdb9bda2-8f48-4027-ad55-6f05c3c9b8c8,16,5.924,spark,hold:spark:hysteresis_or_improvement_gate,ok,54.05,1788493350.1759472,45.946,1180.961,1354.776,0.0
False,0.0,1,1706.789,"{""agx"": 1685.952, ""nano"": 438.256, ""spark"": 1750.503}",1788493352.0225852,16,18.254,request_completed,repeated,False,286.0,0.0,1373.402,cached_on_demand,1321098329,0.0,0.0,ACTIVE,segment_2_c16,etri-ser0002-cgnmsb,dynamic,1750.503,6,29.43,,33715d95-f0ef-4f8b-9ed4-39cbcd6ed7f1,16,15.479,spark,hold:spark:hysteresis_or_improvement_gate,ok,54.05,1788493350.3157964,45.565,1326.922,1504.779,0.0
False,0.0,1,1845.709,"{""agx"": 1465.401, ""nano"": 437.537, ""spark"": 1959.581}",1788493352.2305984,16,18.261,request_completed,repeated,False,286.0,0.0,1373.402,cached_on_demand,1321098329,0.0,0.0,ACTIVE,segment_2_c16,etri-ser0002-cgnmsb,dynamic,1959.581,7,29.43,,2c270e38-d35d-41a8-8e58-b83ff38e9561,16,7.679,spark,hold:spark:hysteresis_or_improvement_gate,ok,54.05,1788493350.3848898,45.828,1490.165,1666.548,0.0
False,0.0,1,1916.959,"{""agx"": 1465.906, ""nano"": 437.214, ""spark"": 1938.842}",1788493352.4365683,16,19.672,request_completed,repeated,False,286.0,0.0,1373.48,cached_on_demand,1321098329,0.0,0.0,ACTIVE,segment_2_c16,etri-ser0002-cgnmsb,dynamic,1938.842,7,29.43,,0164cace-9d78-4df5-ba1a-0bac655811c1,16,13.94,spark,hold:spark:hysteresis_or_improvement_gate,ok,52.05,1788493350.5196097,45.918,1645.166,1819.372,0.0
False,0.0,1,2052.866,"{""agx"": 1466.498, ""nano"": 437.632, ""spark"": 2155.018}",1788493352.6428702,16,19.259,request_completed,repeated,False,286.0,0.0,1373.48,cached_on_demand,1321098329,0.0,0.0,ACTIVE,segment_2_c16,etri-ser0002-cgnmsb,dynamic,2155.018,8,29.43,,49afb9b8-73c9-4b67-985f-1e882c98597d,16,16.238,spark,hold:spark:hysteresis_or_improvement_gate,ok,54.05,1788493350.590005,45.838,1792.622,1970.003,0.0
False,0.0,1,2126.279,"{""agx"": 1250.739, ""nano"": 437.909, ""spark"": 2368.826}",1788493352.8486657,16,18.077,request_completed,repeated,False,286.0,0.0,1373.48,cached_on_demand,1321098329,0.0,0.0,ACTIVE,segment_2_c16,etri-ser0002-cgnmsb,dynamic,2368.826,9,29.432,,f13f1a17-31eb-4aff-9ea4-dae553520158,16,16.168,spark,hold:spark:hysteresis_or_improvement_gate,ok,54.05,1788493350.7223868,45.934,1891.083,2066.68,0.0
False,0.0,1,2260.262,"{""agx"": 1249.529, ""nano"": 438.341, ""spark"": 2344.473}",1788493353.0592282,16,22.754,request_completed,repeated,False,286.0,0.0,1373.531,cached_on_demand,1321098329,0.0,0.0,ACTIVE,segment_2_c16,etri-ser0002-cgnmsb,dynamic,2344.473,9,29.432,,53dd6afb-6576-404c-85a8-9c73dcd15b73,16,6.973,spark,hold:spark:hysteresis_or_improvement_gate,ok,55.0,1788493350.798967,45.816,2033.405,2210.189,0.0
False,0.0,1,2345.453,"{""agx"": 1037.358, ""nano"": 439.48, ""spark"": 2567.03}",1788493353.2700925,16,20.0,request_completed,repeated,False,286.0,0.0,1373.531,cached_on_demand,1321098329,0.0,0.0,ACTIVE,segment_2_c16,etri-ser0002-cgnmsb,dynamic,2567.03,10,29.432,,d0d3a717-a88b-4233-941c-e2887327db84,16,17.03,spark,hold:spark:hysteresis_or_improvement_gate,ok,54.0,1788493350.92464,46.09,2107.634,2283.338,0.0
False,0.0,1,2474.157,"{""agx"": 1037.78, ""nano"": 440.212, ""spark"": 2547.737}",1788493353.4787757,16,18.5,request_completed,repeated,False,286.0,0.0,1373.578,cached_on_demand,1321098329,0.0,0.0,ACTIVE,segment_2_c16,etri-ser0002-cgnmsb,dynamic,2547.737,10,29.432,,98065453-2385-4a47-b491-50eb4fce6863,16,19.301,spark,hold:spark:hysteresis_or_improvement_gate,ok,54.05,1788493351.0046186,45.848,2230.866,2407.465,0.0
False,0.0,1,2555.791,"{""agx"": 832.272, ""nano"": 447.038, ""spark"": 2757.623}",1788493353.685871,16,18.153,request_completed,repeated,False,286.0,0.0,1373.578,cached_on_demand,1321098329,0.0,0.0,ACTIVE,segment_2_c16,etri-ser0002-cgnmsb,dynamic,2757.623,11,29.432,,e2511ce2-00a6-4d5c-ab9e-4119eae0fed8,16,18.484,spark,hold:spark:hysteresis_or_improvement_gate,ok,54.05,1788493351.1300807,46.0,2308.305,2482.378,0.0
False,0.0,1,2682.753,"{""agx"": 829.497, ""nano"": 440.648, ""spark"": 2723.112}",1788493353.8907342,16,24.242,request_completed,repeated,False,286.0,0.0,1373.621,cached_on_demand,1321098329,0.0,0.0,ACTIVE,segment_2_c16,etri-ser0002-cgnmsb,dynamic,2723.112,11,29.432,,a8d7c12d-2540-4791-9f14-bd610bbccd4e,16,6.671,spark,hold:spark:hysteresis_or_improvement_gate,ok,54.05,1788493351.207981,46.008,2456.074,2632.745,0.0
False,0.0,1,2771.027,"{""agx"": 623.087, ""nano"": 442.608, ""spark"": 2943.031}",1788493354.1015913,16,18.692,request_completed,repeated,False,286.0,0.0,1373.621,cached_on_demand,1321098329,0.0,0.0,ACTIVE,segment_2_c16,etri-ser0002-cgnmsb,dynamic,2943.031,12,29.432,,469ed1d4-d018-462e-9a18-4d253f4fa817,16,17.633,spark,hold:spark:hysteresis_or_improvement_gate,ok,54.05,1788493351.330564,45.791,2529.349,2705.509,0.0
False,0.0,1,2899.854,"{""agx"": 621.49, ""nano"": 444.266, ""spark"": 2909.053}",1788493354.3103335,16,19.663,request_completed,repeated,False,286.0,0.0,1373.668,cached_on_demand,1321098329,0.0,0.0,ACTIVE,segment_2_c16,etri-ser0002-cgnmsb,dynamic,2909.053,12,29.433,,034b18f9-c70a-46c9-801d-861914f34507,16,8.351,spark,hold:spark:hysteresis_or_improvement_gate,ok,54.05,1788493351.410479,46.102,2664.716,2840.385,0.0
False,0.0,1,2981.08,"{""agx"": 419.917, ""nano"": 441.874, ""spark"": 3125.726}",1788493354.5185492,16,18.038,request_completed,repeated,False,286.0,0.0,1373.668,cached_on_demand,1321098329,0.0,0.0,ACTIVE,segment_2_c16,etri-ser0002-cgnmsb,dynamic,3125.726,13,29.434,,2db08275-1b1b-4cc9-867a-f31999f212f7,16,17.831,spark,hold:spark:hysteresis_or_improvement_gate,ok,54.05,1788493351.53747,45.871,2737.307,2912.22,0.0
False,0.0,1,3111.736,"{""agx"": 419.941, ""nano"": 440.992, ""spark"": 3100.994}",1788493354.7250822,16,18.293,request_completed,repeated,False,286.0,0.0,1373.715,cached_on_demand,1321098329,0.0,0.0,ACTIVE,segment_2_c16,etri-ser0002-cgnmsb,dynamic,3100.994,13,29.434,,eb7c2f3d-68b5-40b8-9d1c-5df3276231e3,16,7.784,spark,hold:spark:hysteresis_or_improvement_gate,ok,54.05,1788493351.6133468,45.697,2866.817,3044.672,0.0
False,0.0,1,3193.818,"{""agx"": 213.23, ""nano"": 442.453, ""spark"": 3316.78}",1788493354.936982,16,19.018,request_completed,repeated,False,286.0,0.0,1373.715,cached_on_demand,1321098329,0.0,0.0,ACTIVE,segment_2_c16,etri-ser0002-cgnmsb,dynamic,3316.78,14,29.435,,be68df6a-e9da-411d-bfe2-23d6c55bb283,16,17.356,spark,hold:spark:hysteresis_or_improvement_gate,ok,54.05,1788493351.7431638,45.51,2948.86,3127.832,0.0
False,0.0,1,3330.715,"{""agx"": 213.108, ""nano"": 440.845, ""spark"": 3300.611}",1788493355.1467276,16,19.018,request_completed,repeated,False,286.0,0.0,1373.758,cached_on_demand,1321098329,0.0,0.0,ACTIVE,segment_2_c16,etri-ser0002-cgnmsb,dynamic,3300.611,14,29.435,,91eb2c59-4c97-42d7-bca4-e36a423646f1,16,14.819,spark,hold:spark:hysteresis_or_improvement_gate,ok,54.05,1788493351.8160124,45.879,3094.795,3270.946,0.0
False,0.0,1,3330.728,"{""agx"": 226.038, ""nano"": 447.348, ""spark"": 3296.481}",1788493355.356867,16,19.928,request_completed,repeated,False,286.0,0.0,1373.801,cached_on_demand,1321098329,0.0,0.0,ACTIVE,segment_2_c16,etri-ser0002-cgnmsb,dynamic,3296.481,14,29.45,,68a5f5d0-11a6-4d47-92cd-89d482d9dd34,16,8.609,spark,hold:spark:hysteresis_or_improvement_gate,ok,54.05,1788493352.0261378,45.944,3070.455,3246.638,0.0
False,0.0,1,3326.632,"{""agx"": 308.981, ""nano"": 530.82, ""spark"": 3105.007}",1788493355.5620203,16,14.286,request_completed,repeated,False,286.0,0.0,1373.883,cached_on_demand,1321098329,0.0,0.0,ACTIVE,segment_2_c16,etri-ser0002-cgnmsb,dynamic,3105.007,13,29.46,,0db3b31e-5f03-408e-982c-69337eb9e7d4,16,12.277,spark,hold:spark:hysteresis_or_improvement_gate,ok,54.05,1788493352.2353868,46.042,2885.785,3059.477,0.0
False,0.0,1,3325.225,"{""agx"": 227.551, ""nano"": 444.034, ""spark"": 3316.536}",1788493355.766137,16,18.719,request_completed,repeated,False,286.0,0.0,1373.883,cached_on_demand,1321098329,0.0,0.0,ACTIVE,segment_2_c16,etri-ser0002-cgnmsb,dynamic,3316.536,14,29.465,,2f857da5-a535-488b-a47d-92ab40be6f5d,16,17.624,spark,hold:spark:hysteresis_or_improvement_gate,ok,54.05,1788493352.4409106,45.912,3002.121,3177.418,0.0
False,0.0,1,3323.837,"{""agx"": 229.067, ""nano"": 443.319, ""spark"": 3307.072}",1788493355.9702268,16,20.305,request_completed,repeated,False,286.0,0.0,1373.895,cached_on_demand,1321098329,0.0,0.0,ACTIVE,segment_2_c16,etri-ser0002-cgnmsb,dynamic,3307.072,14,29.471,,614b9031-d3a4-4ffe-a886-87ccb5c59ca7,16,12.256,spark,hold:spark:hysteresis_or_improvement_gate,ok,55.05,1788493352.6463883,45.754,3052.976,3228.407,0.0
False,0.0,1,3325.171,"{""agx"": 228.153, ""nano"": 447.213, ""spark"": 3316.228}",1788493356.175534,16,18.182,request_completed,repeated,False,286.0,0.0,1373.914,cached_on_demand,1321098329,0.0,0.0,ACTIVE,segment_2_c16,etri-ser0002-cgnmsb,dynamic,3316.228,14,29.472,,71e1e745-f5ce-48b2-8c88-824d9b480049,16,19.508,spark,hold:spark:hysteresis_or_improvement_gate,ok,54.05,1788493352.850362,46.047,3051.669,3227.751,0.0
False,0.0,1,3319.757,"{""agx"": 213.79, ""nano"": 446.752, ""spark"": 3327.561}",1788493356.3833876,16,18.345,request_completed,repeated,False,286.0,0.0,1373.945,cached_on_demand,1321098329,0.0,0.0,ACTIVE,segment_2_c16,etri-ser0002-cgnmsb,dynamic,3327.561,14,29.472,,9477810a-19de-46f7-85f2-c28b503aadc8,16,16.665,spark,hold:spark:hysteresis_or_improvement_gate,ok,54.05,1788493353.06363,45.964,3073.52,3248.981,0.0
False,0.0,1,3315.718,"{""agx"": 231.085, ""nano"": 450.054, ""spark"": 3334.76}",1788493356.5897148,16,18.198,request_completed,repeated,False,286.0,0.0,1373.969,cached_on_demand,1321098329,0.0,0.0,ACTIVE,segment_2_c16,etri-ser0002-cgnmsb,dynamic,3334.76,14,29.473,,bdc53852-cc4f-49a6-9b57-c06ab5e5e217,16,10.136,spark,hold:spark:hysteresis_or_improvement_gate,ok,54.05,1788493353.2739959,45.992,3044.404,3218.261,0.0
False,0.0,1,3310.446,"{""agx"": 231.699, ""nano"": 444.217, ""spark"": 3347.546}",1788493356.7934499,16,18.75,request_completed,repeated,False,286.0,0.0,1373.996,cached_on_demand,1321098329,0.0,0.0,ACTIVE,segment_2_c16,etri-ser0002-cgnmsb,dynamic,3347.546,14,29.471,,a377da05-3137-4f1e-bf99-3bbf2e92d8fe,16,22.474,spark,hold:spark:hysteresis_or_improvement_gate,ok,54.05,1788493353.4830027,46.005,3033.818,3209.212,0.0
False,0.0,1,3307.631,"{""agx"": 210.59, ""nano"": 443.1, ""spark"": 3326.865}",1788493356.998645,16,20.567,request_completed,repeated,False,286.0,0.0,1374.02,cached_on_demand,1321098329,0.0,0.0,ACTIVE,segment_2_c16,etri-ser0002-cgnmsb,dynamic,3326.865,14,29.471,,5aa1fe80-8649-4a4c-a077-6e1b612550cb,16,6.609,spark,hold:spark:hysteresis_or_improvement_gate,ok,55.05,1788493353.6910129,45.979,3064.391,3237.375,0.0
False,0.0,1,3310.96,"{""agx"": 227.523, ""nano"": 444.348, ""spark"": 3325.342}",1788493357.2033765,16,19.01,request_completed,repeated,False,286.0,0.0,1374.027,cached_on_demand,1321098329,0.0,0.0,ACTIVE,segment_2_c16,etri-ser0002-cgnmsb,dynamic,3325.342,14,29.471,,202cd85f-0e8a-4ab0-966b-9edab16baaf5,16,16.99,spark,hold:spark:hysteresis_or_improvement_gate,ok,54.05,1788493353.8924181,45.98,3047.937,3223.889,0.0
False,0.0,1,3306.733,"{""agx"": 211.701, ""nano"": 448.631, ""spark"": 3342.418}",1788493357.4117086,16,18.415,request_completed,repeated,False,286.0,0.0,1374.047,cached_on_demand,1321098329,0.0,0.0,ACTIVE,segment_2_c16,etri-ser0002-cgnmsb,dynamic,3342.418,14,29.471,,e09a41aa-566a-4d60-a068-6d1c28c6c505,16,16.914,spark,hold:spark:hysteresis_or_improvement_gate,ok,54.05,1788493354.1049745,45.85,3062.783,3237.526,0.0
False,0.0,1,3302.437,"{""agx"": 226.491, ""nano"": 450.134, ""spark"": 3341.118}",1788493357.616965,16,17.935,request_completed,repeated,False,286.0,0.0,1374.066,cached_on_demand,1321098329,0.0,0.0,ACTIVE,segment_2_c16,etri-ser0002-cgnmsb,dynamic,3341.118,14,29.471,,c2e2dfc5-0a93-4e13-b738-6553a4b1307a,16,14.798,spark,hold:spark:hysteresis_or_improvement_gate,ok,54.05,1788493354.3145268,45.955,3027.261,3203.685,0.0
False,0.0,1,3302.889,"{""agx"": 226.362, ""nano"": 442.643, ""spark"": 3333.579}",1788493357.8260076,16,20.283,request_completed,repeated,False,286.0,0.0,1374.098,cached_on_demand,1321098329,0.0,0.0,ACTIVE,segment_2_c16,etri-ser0002-cgnmsb,dynamic,3333.579,14,29.468,,39c44103-19cd-4451-a916-f16dbea1c4e0,16,8.235,spark,hold:spark:hysteresis_or_improvement_gate,ok,55.05,1788493354.5231178,46.295,3053.663,3229.061,0.0
False,0.0,1,3302.626,"{""agx"": 226.371, ""nano"": 440.927, ""spark"": 3327.452}",1788493358.0319824,16,20.809,request_completed,repeated,False,286.0,0.0,1374.109,cached_on_demand,1321098329,0.0,0.0,ACTIVE,segment_2_c16,etri-ser0002-cgnmsb,dynamic,3327.452,14,29.466,,4a8ea686-95df-4009-bda2-eed7f3e771f2,16,8.972,spark,hold:spark:hysteresis_or_improvement_gate,ok,55.05,1788493354.7293553,46.132,3030.295,3204.799,0.0
False,0.0,1,3299.854,"{""agx"": 224.021, ""nano"": 444.749, ""spark"": 3352.571}",1788493358.2403471,16,19.869,request_completed,repeated,False,286.0,0.0,1374.113,cached_on_demand,1321098329,0.0,0.0,ACTIVE,segment_2_c16,etri-ser0002-cgnmsb,dynamic,3352.571,14,29.468,,26c0a267-5f6c-40e4-9588-2e0f608f7141,16,17.211,spark,hold:spark:hysteresis_or_improvement_gate,ok,64.05,1788493354.940493,46.105,3042.456,3217.84,0.0
False,0.0,1,3298.801,"{""agx"": 226.416, ""nano"": 445.586, ""spark"": 3358.588}",1788493358.44663,16,20.152,request_completed,repeated,False,286.0,0.0,1374.117,cached_on_demand,1321098329,0.0,0.0,ACTIVE,segment_2_c16,etri-ser0002-cgnmsb,dynamic,3358.588,14,29.468,,87524b8e-25a6-4455-b058-94f019a4971d,16,18.476,spark,hold:spark:hysteresis_or_improvement_gate,ok,55.0,1788493355.1478293,45.841,3029.047,3204.55,0.0
False,0.0,1,3293.383,"{""agx"": 222.945, ""nano"": 444.144, ""spark"": 3362.473}",1788493358.6538627,16,18.432,request_completed,repeated,False,286.0,0.0,1374.121,cached_on_demand,1321098329,0.0,0.0,ACTIVE,segment_2_c16,etri-ser0002-cgnmsb,dynamic,3362.473,14,29.468,,d6033f78-1756-47c0-8a73-d3a2e550c560,16,19.049,spark,hold:spark:hysteresis_or_improvement_gate,ok,56.05,1788493355.3604782,46.042,3039.598,3215.335,0.0
False,0.0,1,3299.877,"{""agx"": 211.613, ""nano"": 441.873, ""spark"": 3344.4}",1788493358.8628082,16,18.535,request_completed,repeated,False,286.0,0.0,1374.125,cached_on_demand,1321098329,0.0,0.0,ACTIVE,segment_2_c16,etri-ser0002-cgnmsb,dynamic,3344.4,14,29.465,,dd51cb4e-f0b3-4602-acf5-6a899e213db4,16,14.72,spark,hold:spark:hysteresis_or_improvement_gate,ok,56.0,1788493355.5629318,45.964,3064.163,3240.922,0.0
False,0.0,1,3305.651,"{""agx"": 228.093, ""nano"": 445.125, ""spark"": 3325.61}",1788493359.0728102,16,22.449,request_completed,repeated,False,286.0,0.0,1374.145,cached_on_demand,1321098329,0.0,0.0,ACTIVE,segment_2_c16,etri-ser0002-cgnmsb,dynamic,3325.61,14,29.442,,66486866-f689-4d89-b593-7346d364498d,16,12.906,spark,hold:spark:hysteresis_or_improvement_gate,ok,55.05,1788493355.7671597,45.897,3032.821,3209.589,0.0
False,0.0,1,3307.73,"{""agx"": 225.536, ""nano"": 446.835, ""spark"": 3311.01}",1788493359.2814026,16,18.085,request_completed,repeated,False,286.0,0.0,1374.152,cached_on_demand,1321098329,0.0,0.0,ACTIVE,segment_2_c16,etri-ser0002-cgnmsb,dynamic,3311.01,14,29.443,,cc04c69f-3a5a-456d-a99f-9092ad3547c1,16,12.258,spark,hold:spark:hysteresis_or_improvement_gate,ok,54.05,1788493355.9736714,45.83,3035.085,3211.828,0.0
False,0.0,1,3314.594,"{""agx"": 224.98, ""nano"": 450.535, ""spark"": 3308.318}",1788493359.491335,16,18.458,request_completed,repeated,False,286.0,0.0,1374.156,cached_on_demand,1321098329,0.0,0.0,ACTIVE,segment_2_c16,etri-ser0002-cgnmsb,dynamic,3308.318,14,29.443,,2456241b-c19c-4990-8d2f-74b4e08d7198,16,15.822,spark,hold:spark:hysteresis_or_improvement_gate,ok,55.05,1788493356.1767411,46.022,3043.834,3219.542,0.0
False,0.0,1,3312.235,"{""agx"": 225.149, ""nano"": 444.835, ""spark"": 3316.074}",1788493359.6981857,16,18.619,request_completed,repeated,False,286.0,0.0,1374.16,cached_on_demand,1321098329,0.0,0.0,ACTIVE,segment_2_c16,etri-ser0002-cgnmsb,dynamic,3316.074,14,29.443,,28cd77b3-ddb6-4df5-8b1b-b828b73bc374,16,16.538,spark,hold:spark:hysteresis_or_improvement_gate,ok,55.05,1788493356.3859508,46.353,3058.893,3231.727,0.0
False,0.0,1,3309.887,"{""agx"": 221.738, ""nano"": 445.773, ""spark"": 3319.741}",1788493359.9027867,16,18.569,request_completed,repeated,False,286.0,0.0,1374.164,cached_on_demand,1321098329,0.0,0.0,ACTIVE,segment_2_c16,etri-ser0002-cgnmsb,dynamic,3319.741,14,29.439,,15d3e45a-c837-40f8-9e84-7e0819d9df24,16,19.085,spark,hold:spark:hysteresis_or_improvement_gate,ok,54.05,1788493356.5928986,46.047,3042.245,3218.682,0.0
False,0.0,1,3313.21,"{""agx"": 213.811, ""nano"": 439.864, ""spark"": 3296.65}",1788493360.1091304,16,23.438,request_completed,repeated,False,286.0,0.0,1374.168,cached_on_demand,1321098329,0.0,0.0,ACTIVE,segment_2_c16,etri-ser0002-cgnmsb,dynamic,3296.65,14,29.442,,870b4651-b8ae-4d27-b0c6-3b4d293e30c1,16,6.922,spark,hold:spark:hysteresis_or_improvement_gate,ok,56.05,1788493356.7959192,46.074,3046.378,3220.565,0.0
False,0.0,1,3314.399,"{""agx"": 222.349, ""nano"": 444.234, ""spark"": 3304.657}",1788493360.3167222,16,19.181,request_completed,repeated,False,286.0,0.0,1374.172,cached_on_demand,1321098329,0.0,0.0,ACTIVE,segment_2_c16,etri-ser0002-cgnmsb,dynamic,3304.657,14,29.441,,75669795-3194-4fd9-a8b0-ca8d215f6b32,16,19.409,spark,hold:spark:hysteresis_or_improvement_gate,ok,55.05,1788493357.002322,46.146,3053.27,3228.156,0.0
False,0.0,1,3317.36,"{""agx"": 226.784, ""nano"": 447.824, ""spark"": 3299.489}",1788493360.524319,16,18.215,request_completed,repeated,False,286.0,0.0,1374.176,cached_on_demand,1321098329,0.0,0.0,ACTIVE,segment_2_c16,etri-ser0002-cgnmsb,dynamic,3299.489,14,29.441,,d1b21807-4223-424e-bacc-45e8bad501e1,16,18.897,spark,hold:spark:hysteresis_or_improvement_gate,ok,55.05,1788493357.2069573,45.807,3032.597,3207.758,0.0
False,0.0,1,3316.292,"{""agx"": 226.916, ""nano"": 444.102, ""spark"": 3310.674}",1788493360.731306,16,18.677,request_completed,repeated,False,286.0,0.0,1374.18,cached_on_demand,1321098329,0.0,0.0,ACTIVE,segment_2_c16,etri-ser0002-cgnmsb,dynamic,3310.674,14,29.44,,c0aaf3e0-2bf5-40ca-8db5-e280085e4f45,16,18.642,spark,hold:spark:hysteresis_or_improvement_gate,ok,54.05,1788493357.4150133,45.509,3050.754,3229.054,0.0
False,0.0,1,3320.56,"{""agx"": 226.641, ""nano"": 445.625, ""spark"": 3295.248}",1788493360.9412353,16,18.351,request_completed,repeated,False,286.0,0.0,1374.18,cached_on_demand,1321098329,0.0,0.0,ACTIVE,segment_2_c16,etri-ser0002-cgnmsb,dynamic,3295.248,14,29.44,,aecc7458-7bff-4e80-9a4e-1ace3aa35f55,16,10.144,spark,hold:spark:hysteresis_or_improvement_gate,ok,56.0,1788493357.6207085,45.24,3056.995,3234.241,0.0
False,0.0,1,3315.685,"{""agx"": 226.501, ""nano"": 456.267, ""spark"": 3312.02}",1788493361.144548,16,18.561,request_completed,repeated,False,286.0,0.0,1374.18,cached_on_demand,1321098329,0.0,0.0,ACTIVE,segment_2_c16,etri-ser0002-cgnmsb,dynamic,3312.02,14,29.449,,ec00b9af-ae4f-46fd-b744-b9b0f4b4fcac,16,11.54,spark,hold:spark:hysteresis_or_improvement_gate,ok,56.0,1788493357.8288615,45.595,3040.965,3216.773,0.0
False,0.0,1,3316.662,"{""agx"": 225.272, ""nano"": 450.242, ""spark"": 3317.565}",1788493361.3524508,16,18.724,request_completed,repeated,False,286.0,0.0,1374.18,cached_on_demand,1321098329,0.0,0.0,ACTIVE,segment_2_c16,etri-ser0002-cgnmsb,dynamic,3317.565,14,29.45,,7284c4e8-cf24-4fdb-b9ba-dbf7d925ee6d,16,17.341,spark,hold:spark:hysteresis_or_improvement_gate,ok,56.0,1788493358.0357878,45.434,3046.609,3223.726,0.0
False,0.0,1,3314.626,"{""agx"": 225.292, ""nano"": 445.646, ""spark"": 3316.329}",1788493361.5594711,16,17.895,request_completed,repeated,False,286.0,0.0,1374.18,cached_on_demand,1321098329,0.0,0.0,ACTIVE,segment_2_c16,etri-ser0002-cgnmsb,dynamic,3316.329,14,29.45,,9b1d6d27-d18a-4361-853e-272a248f7ea3,16,10.681,spark,hold:spark:hysteresis_or_improvement_gate,ok,54.05,1788493358.2448437,45.604,3046.954,3224.651,0.0
False,0.0,1,3318.88,"{""agx"": 222.307, ""nano"": 445.498, ""spark"": 3321.71}",1788493361.769001,16,18.295,request_completed,repeated,False,286.0,0.0,1374.184,cached_on_demand,1321098329,0.0,0.0,ACTIVE,segment_2_c16,etri-ser0002-cgnmsb,dynamic,3321.71,14,29.449,,368c8d11-f71c-41b1-84a3-1ceac0a1fc1d,16,17.598,spark,hold:spark:hysteresis_or_improvement_gate,ok,56.05,1788493358.4501197,45.916,3061.354,3237.895,0.0
False,0.0,1,3321.925,"{""agx"": 211.806, ""nano"": 442.087, ""spark"": 3316.213}",1788493361.9767277,16,18.44,request_completed,repeated,False,286.0,0.0,1374.188,cached_on_demand,1321098329,0.0,0.0,ACTIVE,segment_2_c16,etri-ser0002-cgnmsb,dynamic,3316.213,14,29.448,,1cf78f87-eadc-4e9b-9b74-eb9c41dc29d1,16,8.037,spark,hold:spark:hysteresis_or_improvement_gate,ok,55.05,1788493358.6548038,45.735,3094.156,3269.491,0.0
False,0.0,1,3315.171,"{""agx"": 224.323, ""nano"": 445.871, ""spark"": 3333.406}",1788493362.1815138,16,19.905,request_completed,repeated,False,286.0,0.0,1374.191,cached_on_demand,1321098329,0.0,0.0,ACTIVE,segment_2_c16,etri-ser0002-cgnmsb,dynamic,3333.406,14,29.444,,1ccf0a21-e489-41d1-b7c7-af831351af62,16,19.982,spark,hold:spark:hysteresis_or_improvement_gate,ok,55.05,1788493358.8663423,46.003,3023.749,3199.89,0.0
False,0.0,1,3315.116,"{""agx"": 213.574, ""nano"": 443.237, ""spark"": 3337.435}",1788493362.391628,16,17.988,request_completed,repeated,False,286.0,0.0,1374.195,cached_on_demand,1321098329,0.0,0.0,ACTIVE,segment_2_c16,etri-ser0002-cgnmsb,dynamic,3337.435,14,29.444,,f2211527-b1d5-4640-952b-1fd930eead7d,16,16.427,spark,hold:spark:hysteresis_or_improvement_gate,ok,55.05,1788493359.0765111,46.332,3075.756,3249.977,0.0
False,0.0,1,3315.726,"{""agx"": 249.641, ""nano"": 448.636, ""spark"": 3339.78}",1788493362.600812,16,18.357,request_completed,repeated,False,286.0,0.0,1374.199,cached_on_demand,1321098329,0.0,0.0,ACTIVE,segment_2_c16,etri-ser0002-cgnmsb,dynamic,3339.78,14,29.445,,6e0e5e6c-57ad-4ced-adf3-f4f0e9d572dd,16,15.428,spark,hold:spark:hysteresis_or_improvement_gate,ok,56.05,1788493359.285085,46.002,3011.344,3186.912,0.0
False,0.0,1,3313.986,"{""agx"": 223.517, ""nano"": 445.167, ""spark"": 3337.903}",1788493362.8089707,16,18.234,request_completed,repeated,False,286.0,0.0,1374.203,cached_on_demand,1321098329,0.0,0.0,ACTIVE,segment_2_c16,etri-ser0002-cgnmsb,dynamic,3337.903,14,29.444,,2c3a0251-018c-45e5-910a-3ccf674b7ea3,16,9.471,spark,hold:spark:hysteresis_or_improvement_gate,ok,54.05,1788493359.4949841,45.932,3058.581,3233.245,0.0
False,0.0,1,3308.054,"{""agx"": 212.275, ""nano"": 445.83, ""spark"": 3329.856}",1788493363.0118737,16,18.182,request_completed,repeated,False,286.0,0.0,1374.203,cached_on_demand,1321098329,0.0,0.0,ACTIVE,segment_2_c16,etri-ser0002-cgnmsb,dynamic,3329.856,14,29.444,,ac69b760-ed49-4836-b234-bfa713b48a6e,16,7.088,spark,hold:spark:hysteresis_or_improvement_gate,ok,54.05,1788493359.7038183,46.201,3075.491,3250.103,0.0
False,0.0,1,3312.873,"{""agx"": 225.271, ""nano"": 444.95, ""spark"": 3328.388}",1788493363.2195039,16,18.049,request_completed,repeated,False,286.0,0.0,1374.203,cached_on_demand,1321098329,0.0,0.0,ACTIVE,segment_2_c16,etri-ser0002-cgnmsb,dynamic,3328.388,14,29.444,,8e387ad8-8b8c-4750-b8ef-76e846aa73ff,16,19.86,spark,hold:spark:hysteresis_or_improvement_gate,ok,55.05,1788493359.90663,45.978,3007.235,3183.914,0.0
False,0.0,1,3317.628,"{""agx"": 214.818, ""nano"": 442.398, ""spark"": 3327.617}",1788493363.4278426,16,19.139,request_completed,repeated,False,286.0,0.0,1374.203,cached_on_demand,1321098329,0.0,0.0,ACTIVE,segment_2_c16,etri-ser0002-cgnmsb,dynamic,3327.617,14,29.444,,74718275-f089-428f-91b4-2ac8375732e7,16,18.577,spark,hold:spark:hysteresis_or_improvement_gate,ok,54.05,1788493360.1102145,45.853,3075.363,3249.996,0.0
False,0.0,1,3313.148,"{""agx"": 227.209, ""nano"": 446.869, ""spark"": 3319.641}",1788493363.6334994,16,18.944,request_completed,repeated,False,286.0,0.0,1374.203,cached_on_demand,1321098329,0.0,0.0,ACTIVE,segment_2_c16,etri-ser0002-cgnmsb,dynamic,3319.641,14,29.445,,672a73f6-9792-4169-819f-2805eaddecb7,16,11.753,spark,hold:spark:hysteresis_or_improvement_gate,ok,56.05,1788493360.3203502,46.066,3048.722,3224.055,0.0
False,0.0,1,3312.577,"{""agx"": 225.365, ""nano"": 446.836, ""spark"": 3316.949}",1788493363.840425,16,21.086,request_completed,repeated,False,286.0,0.0,1374.203,cached_on_demand,1321098329,0.0,0.0,ACTIVE,segment_2_c16,etri-ser0002-cgnmsb,dynamic,3316.949,14,29.442,,8cc57e96-28c2-4145-9ac4-b0f21e86c6ba,16,7.717,spark,hold:spark:hysteresis_or_improvement_gate,ok,56.0,1788493360.527847,45.985,3061.936,3236.099,0.0
False,0.0,1,3310.639,"{""agx"": 210.549, ""nano"": 447.376, ""spark"": 3315.347}",1788493364.0455456,16,20.399,request_completed,repeated,False,286.0,0.0,1374.203,cached_on_demand,1321098329,0.0,0.0,ACTIVE,segment_2_c16,etri-ser0002-cgnmsb,dynamic,3315.347,14,29.442,,0d9cfa71-6963-4410-8ac7-895b8d05995d,16,7.651,spark,hold:spark:hysteresis_or_improvement_gate,ok,57.05,1788493360.7349052,45.731,3075.596,3252.248,0.0
False,0.0,1,3307.485,"{""agx"": 222.883, ""nano"": 443.014, ""spark"": 3327.72}",1788493364.252495,16,21.415,request_completed,repeated,False,286.0,0.0,1374.203,cached_on_demand,1321098329,0.0,0.0,ACTIVE,segment_2_c16,etri-ser0002-cgnmsb,dynamic,3327.72,14,29.443,,2aa3db33-086b-42bf-be2e-aa00c41c8ce3,16,9.112,spark,hold:spark:hysteresis_or_improvement_gate,ok,56.05,1788493360.94501,46.064,3064.184,3240.068,0.0
False,0.0,1,3313.005,"{""agx"": 227.518, ""nano"": 440.479, ""spark"": 3313.473}",1788493364.458328,16,28.415,request_completed,repeated,False,286.0,0.0,1374.207,cached_on_demand,1321098329,0.0,0.0,ACTIVE,segment_2_c16,etri-ser0002-cgnmsb,dynamic,3313.473,14,29.442,,bf49c2a1-b96b-44f0-874c-d0733a9cdcaf,16,8.865,spark,hold:spark:hysteresis_or_improvement_gate,ok,59.0,1788493361.1453235,45.855,3065.211,3239.797,0.0
False,0.0,0,261.387,"{""agx"": 211.691, ""nano"": 446.468, ""spark"": 217.605}",1788493364.7210815,1,17.323,request_completed,repeated,False,286.0,0.0,1374.215,cached_on_demand,1321098329,0.0,0.0,ACTIVE,segment_3_c1,etri-ser0002-cgnmsb,dynamic,217.605,0,29.448,,b10e6001-3367-4cbd-8ac0-b7f47e3745e9,1,11.358,spark,hold:spark:hysteresis_or_improvement_gate,ok,49.05,1788493364.4596946,45.954,27.113,203.378,0.0
False,0.0,0,268.115,"{""agx"": 212.384, ""nano"": 450.025, ""spark"": 215.658}",1788493364.9901087,1,18.224,request_completed,repeated,False,286.0,0.0,1374.215,cached_on_demand,1321098329,0.0,0.0,ACTIVE,segment_3_c1,etri-ser0002-cgnmsb,dynamic,215.658,0,29.447,,07312f40-06c2-4db5-8040-51fd52c3fa9b,1,10.129,spark,hold:spark:hysteresis_or_improvement_gate,ok,50.05,1788493364.7219937,46.093,28.717,203.391,0.0
False,0.0,0,291.0,"{""agx"": 220.432, ""nano"": 449.235, ""spark"": 222.827}",1788493365.2819738,1,16.303,request_completed,repeated,False,286.0,0.0,1374.215,cached_on_demand,1321098329,0.0,0.0,ACTIVE,segment_3_c1,etri-ser0002-cgnmsb,dynamic,222.827,0,29.444,,5c67d0aa-bd9b-4914-b2d5-e7cc767fca48,1,17.833,spark,hold:spark:hysteresis_or_improvement_gate,ok,44.05,1788493364.990974,45.984,28.787,202.856,0.0
False,0.0,0,284.841,"{""agx"": 226.259, ""nano"": 447.62, ""spark"": 211.371}",1788493365.5703542,1,17.688,request_completed,repeated,False,286.0,0.0,1374.215,cached_on_demand,1321098329,0.0,0.0,ACTIVE,segment_3_c1,etri-ser0002-cgnmsb,dynamic,211.371,0,29.452,,921beea3-30a6-49a8-a8b9-3e18595a45cd,1,6.913,spark,hold:spark:hysteresis_or_improvement_gate,ok,45.05,1788493365.2855115,45.276,28.164,205.156,0.0
False,0.0,0,295.027,"{""agx"": 228.156, ""nano"": 445.679, ""spark"": 221.89}",1788493365.8689697,1,16.777,request_completed,repeated,False,286.0,0.0,1374.215,cached_on_demand,1321098329,0.0,0.0,ACTIVE,segment_3_c1,etri-ser0002-cgnmsb,dynamic,221.89,0,29.461,,13f4e1d0-6641-4dc9-8036-5fa74ddfe26d,1,17.258,spark,hold:spark:hysteresis_or_improvement_gate,ok,43.05,1788493365.573942,46.074,28.481,204.526,0.0
False,0.0,0,298.487,"{""agx"": 228.878, ""nano"": 447.632, ""spark"": 222.315}",1788493366.1710973,1,15.47,request_completed,repeated,False,286.0,0.0,1374.215,cached_on_demand,1321098329,0.0,0.0,ACTIVE,segment_3_c1,etri-ser0002-cgnmsb,dynamic,222.315,0,29.461,,f22a924b-b885-4d00-ac4b-9bd051e55281,1,17.71,spark,hold:spark:hysteresis_or_improvement_gate,ok,43.05,1788493365.8726087,45.68,28.3,203.831,0.0
False,0.0,0,276.709,"{""agx"": 218.837, ""nano"": 449.336, ""spark"": 219.69}",1788493366.4502604,1,15.546,request_completed,repeated,False,286.0,0.0,1374.215,cached_on_demand,1321098329,0.0,0.0,ACTIVE,segment_3_c1,etri-ser0002-cgnmsb,dynamic,219.69,0,29.456,,1f406179-0a19-4915-892d-2bf72ae59f12,1,15.279,spark,hold:spark:hysteresis_or_improvement_gate,ok,49.05,1788493366.1735518,46.094,28.515,201.919,0.0
False,0.0,0,309.075,"{""agx"": 232.399, ""nano"": 452.761, ""spark"": 213.673}",1788493366.7622123,1,15.89,request_completed,repeated,False,286.0,0.0,1374.215,cached_on_demand,1321098329,0.0,0.0,ACTIVE,segment_3_c1,etri-ser0002-cgnmsb,dynamic,213.673,0,29.452,,5d3ca30e-0d1e-4eb0-8c12-8f41d26c924c,1,9.886,spark,hold:spark:hysteresis_or_improvement_gate,ok,54.0,1788493366.4531364,45.753,29.021,206.047,0.0
False,0.0,0,295.812,"{""agx"": 228.089, ""nano"": 446.822, ""spark"": 222.449}",1788493367.0601418,1,17.087,request_completed,repeated,False,286.0,0.0,1374.215,cached_on_demand,1321098329,0.0,0.0,ACTIVE,segment_3_c1,etri-ser0002-cgnmsb,dynamic,222.449,0,29.446,,90729e02-22bb-481c-82e9-679a70c7c71a,1,18.098,spark,hold:spark:hysteresis_or_improvement_gate,ok,51.0,1788493366.76433,45.674,28.912,204.176,0.0
False,0.0,0,270.927,"{""agx"": 223.929, ""nano"": 443.001, ""spark"": 209.974}",1788493367.334626,1,20.208,request_completed,repeated,False,286.0,0.0,1374.215,cached_on_demand,1321098329,0.0,0.0,ACTIVE,segment_3_c1,etri-ser0002-cgnmsb,dynamic,209.974,0,29.466,,2c160fd4-4d7e-43af-a803-a2cf0cef2fa5,1,5.667,spark,hold:spark:hysteresis_or_improvement_gate,ok,50.05,1788493367.0636985,45.917,28.101,203.469,0.0
False,0.0,0,291.331,"{""agx"": 223.774, ""nano"": 447.42, ""spark"": 217.534}",1788493367.629526,1,15.412,request_completed,repeated,False,286.0,0.0,1374.219,cached_on_demand,1321098329,0.0,0.0,ACTIVE,segment_3_c1,etri-ser0002-cgnmsb,dynamic,217.534,0,29.466,,53432ca2-3c8a-4d3e-8e19-996d6224f16a,1,13.437,spark,hold:spark:hysteresis_or_improvement_gate,ok,47.05,1788493367.3381937,45.889,27.835,203.686,0.0
False,0.0,0,254.165,"{""agx"": 211.149, ""nano"": 441.26, ""spark"": 211.622}",1788493367.884372,1,16.447,request_completed,repeated,False,286.0,0.0,1374.219,cached_on_demand,1321098329,0.0,0.0,ACTIVE,segment_3_c1,etri-ser0002-cgnmsb,dynamic,211.622,0,29.466,,d98c3987-7fb9-43c2-ad45-aaa542bec9dc,1,7.629,spark,hold:spark:hysteresis_or_improvement_gate,ok,51.0,1788493367.630208,46.191,27.762,202.288,0.0
False,0.0,0,303.526,"{""agx"": 224.616, ""nano"": 450.26, ""spark"": 224.816}",1788493368.19159,1,15.989,request_completed,repeated,False,286.0,0.0,1374.223,cached_on_demand,1321098329,0.0,0.0,ACTIVE,segment_3_c1,etri-ser0002-cgnmsb,dynamic,224.816,0,29.466,,7e4ba594-24bd-47de-a3a2-cb01d26501e5,1,21.25,spark,hold:spark:hysteresis_or_improvement_gate,ok,43.05,1788493367.888063,46.028,28.81,204.168,0.0
False,0.0,0,315.66,"{""agx"": 224.91, ""nano"": 446.954, ""spark"": 220.649}",1788493368.5106115,1,8.654,request_completed,repeated,False,286.0,0.0,1374.223,cached_on_demand,1321098329,0.0,0.0,ACTIVE,segment_3_c1,etri-ser0002-cgnmsb,dynamic,220.649,0,29.466,,9e303e93-6923-4361-ab6f-a562928e9901,1,16.933,spark,hold:spark:hysteresis_or_improvement_gate,ok,43.05,1788493368.194951,46.35,29.378,203.809,0.0
False,0.0,0,299.101,"{""agx"": 225.028, ""nano"": 446.205, ""spark"": 211.588}",1788493368.813122,1,7.102,request_completed,repeated,False,871.0,0.0,1374.16,cached_on_demand,1321098329,0.0,0.0,ACTIVE,segment_3_c1,etri-ser0001-cg0msb,dynamic,225.028,0,19.122,,37e65852-67d0-4dcd-9cd6-a0b9542e279a,1,19.955,agx,recovery:spark->agx:sustained,ok,35.0,1788493368.5140197,44.313,39.045,219.134,0.0
False,0.0,0,263.803,"{""agx"": 216.981, ""nano"": 441.382, ""spark"": 217.752}",1788493369.0780988,1,34.685,request_completed,repeated,False,871.0,0.0,1374.164,cached_on_demand,1321098329,0.0,0.0,ACTIVE,segment_3_c1,etri-ser0001-cg0msb,dynamic,216.981,0,19.12,,4ed313c9-d409-4c8a-840c-80215b019a79,1,8.394,agx,hold:agx:hysteresis_or_improvement_gate,ok,47.0,1788493368.8142955,45.023,26.578,204.6,0.0
False,0.0,0,271.525,"{""agx"": 214.798, ""nano"": 448.854, ""spark"": 218.413}",1788493369.35082,1,41.385,request_completed,repeated,False,871.0,0.0,1374.168,cached_on_demand,1321098329,0.0,0.0,ACTIVE,segment_3_c1,etri-ser0001-cg0msb,dynamic,214.798,0,19.13,,7d6d85e2-81e7-4ffa-b712-225fee6c99a1,1,7.208,agx,hold:agx:hysteresis_or_improvement_gate,ok,52.0,1788493369.0792952,45.044,27.462,205.323,0.0
False,0.0,0,275.069,"{""agx"": 214.9, ""nano"": 448.2, ""spark"": 226.534}",1788493369.6270275,1,36.184,request_completed,repeated,False,871.0,0.0,1374.172,cached_on_demand,1321098329,0.0,0.0,ACTIVE,segment_3_c1,etri-ser0001-cg0msb,dynamic,214.9,0,19.138,,eeeae403-26cf-46ab-8ced-939aeac13832,1,7.878,agx,hold:agx:hysteresis_or_improvement_gate,ok,63.0,1788493369.3519588,46.104,27.538,201.313,0.0
False,0.0,0,277.121,"{""agx"": 216.362, ""nano"": 447.221, ""spark"": 221.959}",1788493369.9053016,1,35.205,request_completed,repeated,False,871.0,0.0,1374.172,cached_on_demand,1321098329,0.0,0.0,ACTIVE,segment_3_c1,etri-ser0001-cg0msb,dynamic,216.362,0,19.148,,9a7fc724-d19b-4b48-8797-ccf37d50f332,1,10.768,agx,hold:agx:hysteresis_or_improvement_gate,ok,63.0,1788493369.6281805,45.1,28.6,206.501,0.0
False,0.0,0,260.264,"{""agx"": 213.619, ""nano"": 442.927, ""spark"": 216.611}",1788493370.166722,1,37.255,request_completed,repeated,False,871.0,0.0,1374.172,cached_on_demand,1321098329,0.0,0.0,ACTIVE,segment_3_c1,etri-ser0001-cg0msb,dynamic,213.619,0,19.161,,883e7877-c418-476e-803f-55c87eeaa784,1,7.8,agx,hold:agx:hysteresis_or_improvement_gate,ok,59.0,1788493369.9064584,45.456,27.381,203.465,0.0
False,0.0,0,263.163,"{""agx"": 213.161, ""nano"": 445.754, ""spark"": 219.088}",1788493370.431,1,38.669,request_completed,repeated,False,871.0,0.0,1374.172,cached_on_demand,1321098329,0.0,0.0,ACTIVE,segment_3_c1,etri-ser0001-cg0msb,dynamic,213.161,0,19.177,,b742eee5-4c1f-48cd-9bb5-3c14d5e2ced1,1,7.931,agx,hold:agx:hysteresis_or_improvement_gate,ok,61.0,1788493370.1678374,46.1,27.071,201.221,0.0
False,0.0,0,260.913,"{""agx"": 212.151, ""nano"": 444.428, ""spark"": 218.429}",1788493370.6930656,1,36.128,request_completed,repeated,False,871.0,0.0,1374.176,cached_on_demand,1321098329,0.0,0.0,ACTIVE,segment_3_c1,etri-ser0001-cg0msb,dynamic,212.151,0,19.178,,72f3d7f3-e645-49d2-9354-6a2d2d81f486,1,7.924,agx,hold:agx:hysteresis_or_improvement_gate,ok,61.0,1788493370.4321525,46.396,27.611,200.42,0.0
False,0.0,0,263.907,"{""agx"": 211.611, ""nano"": 445.929, ""spark"": 217.611}",1788493370.9581351,1,35.331,request_completed,repeated,False,871.0,0.0,1374.18,cached_on_demand,1321098329,0.0,0.0,ACTIVE,segment_3_c1,etri-ser0001-cg0msb,dynamic,211.611,0,19.178,,376ab1eb-d36c-4de9-941e-d7a6402d626d,1,8.337,agx,hold:agx:hysteresis_or_improvement_gate,ok,60.0,1788493370.6942277,46.31,27.106,200.247,0.0
False,0.0,0,256.612,"{""agx"": 209.497, ""nano"": 441.69, ""spark"": 217.826}",1788493371.2159064,1,35.141,request_completed,repeated,False,871.0,0.0,1374.184,cached_on_demand,1321098329,0.0,0.0,ACTIVE,segment_3_c1,etri-ser0001-cg0msb,dynamic,209.497,0,19.125,,a67abd67-15b3-49fe-9e7b-1fffb987becc,1,6.981,agx,hold:agx:hysteresis_or_improvement_gate,ok,61.0,1788493370.9592946,45.821,26.938,201.746,0.0
False,0.0,0,265.56,"{""agx"": 210.122, ""nano"": 443.645, ""spark"": 216.457}",1788493371.4825816,1,37.179,request_completed,repeated,False,871.0,0.0,1374.188,cached_on_demand,1321098329,0.0,0.0,ACTIVE,segment_3_c1,etri-ser0001-cg0msb,dynamic,210.122,0,19.125,,7c6c096c-24cb-4623-bc51-6b4f8745a53a,1,7.799,agx,hold:agx:hysteresis_or_improvement_gate,ok,61.0,1788493371.217021,44.67,26.851,206.541,0.0
False,0.0,0,264.168,"{""agx"": 210.466, ""nano"": 446.118, ""spark"": 211.867}",1788493371.747898,1,38.23,request_completed,repeated,False,871.0,0.0,1374.191,cached_on_demand,1321098329,0.0,0.0,ACTIVE,segment_3_c1,etri-ser0001-cg0msb,dynamic,210.466,0,19.126,,67277cdd-2cc0-4162-b31c-05e04a6afbb8,1,7.09,agx,hold:agx:hysteresis_or_improvement_gate,ok,60.0,1788493371.4837303,44.527,26.92,206.913,0.0
False,0.0,0,258.701,"{""agx"": 211.41, ""nano"": 443.001, ""spark"": 210.424}",1788493372.0077858,1,40.711,request_completed,repeated,False,871.0,0.0,1374.191,cached_on_demand,1321098329,0.0,0.0,ACTIVE,segment_3_c1,etri-ser0001-cg0msb,dynamic,211.41,0,19.124,,4b80014f-f5ad-4eb3-9ebe-00d75f38e4fb,1,7.15,agx,hold:agx:hysteresis_or_improvement_gate,ok,62.0,1788493371.7490842,46.024,28.133,202.334,0.0
False,0.0,0,268.631,"{""agx"": 211.614, ""nano"": 441.337, ""spark"": 218.172}",1788493372.2775972,1,36.042,request_completed,repeated,False,871.0,0.0,1374.191,cached_on_demand,1321098329,0.0,0.0,ACTIVE,segment_3_c1,etri-ser0001-cg0msb,dynamic,211.614,0,19.124,,a91341a9-76fe-4dce-bc7a-e2b3e9a75444,1,7.837,agx,hold:agx:hysteresis_or_improvement_gate,ok,61.0,1788493372.008966,45.317,29.295,206.119,0.0
False,0.0,0,327.058,"{""agx"": 211.295, ""nano"": 505.233, ""spark"": 218.794}",1788493372.6057677,1,35.714,request_completed,repeated,False,871.0,0.0,1374.191,cached_on_demand,1321098329,0.0,0.0,ACTIVE,segment_3_c1,etri-ser0001-cg0msb,dynamic,211.295,0,19.128,,784f1ed9-9557-422f-8b7b-71e3ee98d094,1,6.933,agx,hold:agx:hysteresis_or_improvement_gate,ok,60.0,1788493372.2787104,45.153,29.192,206.707,0.0
False,0.0,0,253.434,"{""agx"": 212.315, ""nano"": 444.891, ""spark"": 211.143}",1788493372.8603446,1,36.18,request_completed,repeated,False,871.0,0.0,1374.191,cached_on_demand,1321098329,0.0,0.0,ACTIVE,segment_3_c1,etri-ser0001-cg0msb,dynamic,212.315,0,19.126,,18e2d8b6-7bad-4974-b95b-646eee1161a8,1,7.368,agx,hold:agx:hysteresis_or_improvement_gate,ok,61.0,1788493372.6069107,46.455,26.661,199.255,0.0
False,0.0,0,264.036,"{""agx"": 209.952, ""nano"": 450.019, ""spark"": 209.471}",1788493373.1255357,1,35.0,request_completed,repeated,False,871.0,0.0,1374.191,cached_on_demand,1321098329,0.0,0.0,ACTIVE,segment_3_c1,etri-ser0001-cg0msb,dynamic,209.952,0,19.125,,f9372b63-a201-4c61-8e48-e4dc65c44705,1,6.429,agx,hold:agx:hysteresis_or_improvement_gate,ok,63.0,1788493372.8614995,45.099,28.513,206.19,0.0
False,0.0,0,259.332,"{""agx"": 212.132, ""nano"": 442.685, ""spark"": 217.594}",1788493373.3859346,1,39.094,request_completed,repeated,False,871.0,0.0,1374.191,cached_on_demand,1321098329,0.0,0.0,ACTIVE,segment_3_c1,etri-ser0001-cg0msb,dynamic,212.132,0,19.127,,f6215070-e9df-4c2b-a373-7d0129a644f3,1,7.943,agx,hold:agx:hysteresis_or_improvement_gate,ok,63.0,1788493373.1266026,46.768,27.958,199.212,0.0
False,0.0,0,255.28,"{""agx"": 208.733, ""nano"": 443.118, ""spark"": 209.455}",1788493373.6423173,1,34.926,request_completed,repeated,False,871.0,0.0,1374.191,cached_on_demand,1321098329,0.0,0.0,ACTIVE,segment_3_c1,etri-ser0001-cg0msb,dynamic,208.733,0,19.128,,6216ce6d-b33e-4177-810d-009c13c1c8f2,1,5.79,agx,hold:agx:hysteresis_or_improvement_gate,ok,63.0,1788493373.3870373,45.704,30.001,205.245,0.0
False,0.0,0,638.606,"{""agx"": 210.809, ""nano"": 443.417, ""spark"": 221.136}",1788493374.2820246,1,5.229,request_completed,repeated,False,,,1657.801,cached_on_demand,1321098329,0.0,0.0,ACTIVE,segment_3_c1,etri-dev0001-jetorn,dynamic,443.417,0,42.053,,b3605479-18e4-4e5b-9174-c628187ad6da,1,21.201,nano,recovery:agx->nano:sustained,ok,41.156,1788493373.6434195,18.716,142.597,569.96,0.0
False,0.0,0,463.612,"{""agx"": 225.809, ""nano"": 475.667, ""spark"": 222.073}",1788493374.7491984,1,97.525,request_completed,repeated,False,,,1657.801,cached_on_demand,1321098329,0.0,0.0,ACTIVE,segment_3_c1,etri-dev0001-jetorn,dynamic,475.667,0,42.056,,b33806c4-80cb-47b3-9b9b-9f577ebbd343,1,16.521,nano,hold:nano:hysteresis_or_improvement_gate,ok,42.0,1788493374.2855842,25.354,66.981,382.302,0.0
False,0.0,0,454.866,"{""agx"": 222.253, ""nano"": 457.93, ""spark"": 219.042}",1788493375.2056234,1,97.345,request_completed,repeated,False,,,1657.801,cached_on_demand,1321098329,0.0,0.0,ACTIVE,segment_3_c1,etri-dev0001-jetorn,dynamic,457.93,0,42.056,,cf490c83-849a-4991-9ace-e39599fc16f2,1,17.998,nano,hold:nano:hysteresis_or_improvement_gate,ok,42.406,1788493374.7507575,25.92,67.322,379.075,0.0
False,0.0,0,444.925,"{""agx"": 231.876, ""nano"": 439.34, ""spark"": 214.875}",1788493375.6539595,1,90.698,request_completed,repeated,False,,,1657.801,cached_on_demand,1321098329,0.0,0.0,ACTIVE,segment_3_c1,etri-dev0001-jetorn,dynamic,439.34,0,42.056,,dbc7735e-1bce-4498-9eb3-9cee8d1af61d,1,14.625,nano,hold:nano:hysteresis_or_improvement_gate,ok,42.625,1788493375.2090335,27.022,69.162,361.104,0.0
False,0.0,0,473.286,"{""agx"": 228.823, ""nano"": 425.751, ""spark"": 221.14}",1788493376.1308804,1,82.09,request_completed,repeated,False,,,1657.801,cached_on_demand,1321098329,0.0,0.0,ACTIVE,segment_3_c1,etri-dev0001-jetorn,dynamic,425.751,0,42.059,,31f9d686-5277-45da-84f0-15339af6f6d2,1,16.942,nano,hold:nano:hysteresis_or_improvement_gate,ok,42.812,1788493375.6575925,25.292,68.242,385.488,0.0
False,0.0,0,439.365,"{""agx"": 213.341, ""nano"": 419.782, ""spark"": 223.34}",1788493376.5715306,1,83.803,request_completed,repeated,False,,,1657.801,cached_on_demand,1321098329,0.0,0.0,ACTIVE,segment_3_c1,etri-dev0001-jetorn,dynamic,419.782,0,42.059,,00f3a182-ad59-4479-8ebe-e4696b1c3522,1,16.806,nano,hold:nano:hysteresis_or_improvement_gate,ok,42.625,1788493376.132166,25.071,54.147,368.138,0.0
False,0.0,0,474.106,"{""agx"": 228.084, ""nano"": 409.805, ""spark"": 221.076}",1788493377.0473278,1,99.419,request_completed,repeated,False,,,1657.801,cached_on_demand,1321098329,0.0,0.0,ACTIVE,segment_3_c1,etri-dev0001-jetorn,dynamic,409.805,0,42.058,,e31ecbbc-ee85-44ba-9718-3c7c46e9e158,1,15.542,nano,hold:nano:hysteresis_or_improvement_gate,ok,42.937,1788493376.5732214,25.822,79.247,388.523,0.0
False,0.0,0,519.131,"{""agx"": 229.658, ""nano"": 408.015, ""spark"": 217.978}",1788493377.5698278,1,98.942,request_completed,repeated,False,,,1657.801,cached_on_demand,1321098329,0.0,0.0,ACTIVE,segment_3_c1,etri-dev0001-jetorn,dynamic,408.015,0,42.058,,c0fbaac8-91cb-44ec-8a27-af40dfd28c0c,1,15.19,nano,hold:nano:hysteresis_or_improvement_gate,ok,42.843,1788493377.0506961,21.588,59.333,434.939,0.0
False,0.0,0,407.506,"{""agx"": 209.463, ""nano"": 420.194, ""spark"": 219.934}",1788493377.9818597,1,70.833,request_completed,repeated,False,,,1657.801,cached_on_demand,1321098329,0.0,0.0,ACTIVE,segment_3_c1,etri-dev0001-jetorn,dynamic,420.194,0,42.058,,5fbe18e4-de05-4a5b-ab4f-e86063e02ae7,1,16.844,nano,hold:nano:hysteresis_or_improvement_gate,ok,42.75,1788493377.5743535,26.473,51.365,351.233,0.0
False,0.0,0,423.349,"{""agx"": 213.756, ""nano"": 405.56, ""spark"": 223.53}",1788493378.409075,1,88.98,request_completed,repeated,False,,,1657.801,cached_on_demand,1321098329,0.0,0.0,ACTIVE,segment_3_c1,etri-dev0001-jetorn,dynamic,405.56,0,42.06,,712d3754-6cae-4260-a01a-9ad20f324cd9,1,15.242,nano,hold:nano:hysteresis_or_improvement_gate,ok,42.656,1788493377.9857242,26.601,54.773,350.169,0.0
False,0.0,0,447.509,"{""agx"": 222.809, ""nano"": 397.941, ""spark"": 212.342}",1788493378.8579326,1,84.766,request_completed,repeated,False,,,1657.801,cached_on_demand,1321098329,0.0,0.0,ACTIVE,segment_3_c1,etri-dev0001-jetorn,dynamic,397.941,0,42.06,,7113e642-c5d7-4e48-9963-7206e54f61d1,1,17.663,nano,hold:nano:hysteresis_or_improvement_gate,ok,42.843,1788493378.410423,25.469,59.143,375.214,0.0
False,0.0,0,408.259,"{""agx"": 217.985, ""nano"": 392.919, ""spark"": 216.147}",1788493379.2696764,1,95.2,request_completed,repeated,False,,,1657.801,cached_on_demand,1321098329,0.0,0.0,ACTIVE,segment_3_c1,etri-dev0001-jetorn,dynamic,392.919,0,42.06,,243449a3-97ef-41e5-93d0-5dc9549eabb7,1,13.91,nano,hold:nano:hysteresis_or_improvement_gate,ok,42.75,1788493378.8614168,27.078,53.563,349.482,0.0
False,0.0,0,468.363,"{""agx"": 209.412, ""nano"": 389.745, ""spark"": 209.995}",1788493379.7408319,1,86.345,request_completed,repeated,False,,,1657.801,cached_on_demand,1321098329,0.0,0.0,ACTIVE,segment_3_c1,etri-dev0001-jetorn,dynamic,389.745,0,42.06,,850f8362-4ede-43e8-9e51-954226f6014b,1,18.121,nano,hold:nano:hysteresis_or_improvement_gate,ok,43.156,1788493379.2724679,21.96,63.163,421.08,0.0
False,0.0,0,439.139,"{""agx"": 219.042, ""nano"": 400.069, ""spark"": 217.731}",1788493380.181172,1,92.832,request_completed,repeated,False,,,1657.801,cached_on_demand,1321098329,0.0,0.0,ACTIVE,segment_3_c1,etri-dev0001-jetorn,dynamic,400.069,0,42.062,,25fdf6e1-6ade-4780-b0a9-c081823d5464,1,16.084,nano,hold:nano:hysteresis_or_improvement_gate,ok,43.218,1788493379.7420323,25.685,56.332,368.116,0.0
False,0.0,0,509.894,"{""agx"": 209.666, ""nano"": 396.958, ""spark"": 213.665}",1788493380.69193,1,91.837,request_completed,repeated,False,,,1657.801,cached_on_demand,1321098329,0.0,0.0,ACTIVE,segment_3_c1,etri-dev0001-jetorn,dynamic,396.958,0,42.063,,6a80e61d-bbd7-4a23-a52d-cd0feaec4418,1,16.943,nano,hold:nano:hysteresis_or_improvement_gate,ok,42.906,1788493380.182036,19.941,59.437,461.878,0.0
False,0.0,0,990.304,"{""agx"": 209.12, ""nano"": 421.391, ""spark"": 220.087}",1788493381.6832025,1,91.883,request_completed,repeated,False,,,1657.801,cached_on_demand,1321098329,0.0,0.0,ACTIVE,segment_3_c1,etri-dev0001-jetorn,dynamic,421.391,0,42.063,,92af9f66-b3a1-429e-8726-423fa52440b2,1,20.913,nano,hold:nano:hysteresis_or_improvement_gate,ok,43.125,1788493380.692899,21.882,561.128,929.753,0.0
False,0.0,0,456.102,"{""agx"": 209.847, ""nano"": 549.786, ""spark"": 215.201}",1788493382.1440785,1,33.333,request_completed,repeated,False,,,1657.801,cached_on_demand,1321098329,0.0,0.0,ACTIVE,segment_3_c1,etri-dev0001-jetorn,dynamic,549.786,0,42.065,,197d0c5f-2add-41e8-92f1-5a86d0b54535,1,16.992,nano,hold:nano:hysteresis_or_improvement_gate,ok,42.781,1788493381.6879754,24.253,73.933,404.225,0.0
False,0.0,0,516.983,"{""agx"": 218.846, ""nano"": 517.088, ""spark"": 221.799}",1788493382.662017,1,97.917,request_completed,repeated,False,,,1657.801,cached_on_demand,1321098329,0.0,0.0,ACTIVE,segment_3_c1,etri-dev0001-jetorn,dynamic,517.088,0,42.07,,47eddec7-09ed-4f06-9ce5-fcbecc7c1688,1,16.44,nano,hold:nano:hysteresis_or_improvement_gate,ok,43.0,1788493382.1450343,22.702,87.63,437.719,0.0
False,0.0,0,440.105,"{""agx"": 225.589, ""nano"": 502.881, ""spark"": 217.338}",1788493383.105849,1,97.959,request_completed,repeated,False,,,1657.801,cached_on_demand,1321098329,0.0,0.0,ACTIVE,segment_3_c1,etri-dev0001-jetorn,dynamic,502.881,0,42.074,,33e0796c-2fb9-4278-b1ea-d335a8ac77f7,1,17.968,nano,hold:nano:hysteresis_or_improvement_gate,ok,42.937,1788493382.6657438,26.732,57.706,357.646,0.0
False,0.0,0,420.233,"{""agx"": 211.514, ""nano"": 475.227, ""spark"": 220.784}",1788493383.5296965,1,83.083,request_completed,repeated,False,,,1657.801,cached_on_demand,1321098329,0.0,0.0,ACTIVE,segment_3_c1,etri-dev0001-jetorn,dynamic,475.227,0,42.069,,5cce4799-95b3-4e09-a651-508e0850ede7,1,22.134,nano,hold:nano:hysteresis_or_improvement_gate,ok,43.375,1788493383.1094635,27.024,52.165,347.943,0.0
False,0.0,0,441.92,"{""agx"": 224.976, ""nano"": 443.158, ""spark"": 220.849}",1788493383.9753597,1,86.8,request_completed,repeated,False,,,1657.801,cached_on_demand,1321098329,0.0,0.0,ACTIVE,segment_3_c1,etri-dev0001-jetorn,dynamic,443.158,0,42.069,,738e33b9-4311-4fbe-b799-c16653bc73bd,1,16.355,nano,hold:nano:hysteresis_or_improvement_gate,ok,43.406,1788493383.5334384,26.518,52.726,354.491,0.0
False,0.0,0,453.285,"{""agx"": 221.678, ""nano"": 423.778, ""spark"": 221.39}",1788493384.4298873,1,82.576,request_completed,repeated,False,,,1657.801,cached_on_demand,1321098329,0.0,0.0,ACTIVE,segment_3_c1,etri-dev0001-jetorn,dynamic,423.778,0,42.069,,18d42808-0ccd-4005-9877-ebc5400a6934,1,15.056,nano,hold:nano:hysteresis_or_improvement_gate,ok,43.125,1788493383.976603,24.626,51.863,375.834,0.0
False,0.0,0,422.095,"{""agx"": 227.544, ""nano"": 420.63, ""spark"": 212.395}",1788493384.8556526,1,96.403,request_completed,repeated,False,,,1657.801,cached_on_demand,1321098329,0.0,0.0,ACTIVE,segment_3_c1,etri-dev0001-jetorn,dynamic,420.63,0,42.06,,db53684f-5f70-4654-be99-af41e6e4aa79,1,20.133,nano,hold:nano:hysteresis_or_improvement_gate,ok,43.625,1788493384.4335577,27.364,53.598,343.327,0.0
False,0.0,0,415.918,"{""agx"": 223.899, ""nano"": 401.268, ""spark"": 212.007}",1788493385.275098,1,84.524,request_completed,repeated,False,,,1657.801,cached_on_demand,1321098329,0.0,0.0,ACTIVE,segment_3_c1,etri-dev0001-jetorn,dynamic,401.268,0,42.065,,b1f63776-45e2-4419-bf80-7b3c4335fa68,1,15.066,nano,hold:nano:hysteresis_or_improvement_gate,ok,43.468,1788493384.859179,27.182,59.075,348.494,0.0
False,0.0,0,444.95,"{""agx"": 222.853, ""nano"": 394.656, ""spark"": 212.944}",1788493385.72132,1,85.317,request_completed,repeated,False,,,1657.801,cached_on_demand,1321098329,0.0,0.0,ACTIVE,segment_3_c1,etri-dev0001-jetorn,dynamic,394.656,0,42.061,,e1ef98b1-0413-4c94-aab0-0f7b559f6f88,1,17.884,nano,hold:nano:hysteresis_or_improvement_gate,ok,43.625,1788493385.2763693,26.49,66.095,370.042,0.0
False,0.0,0,455.632,"{""agx"": 208.968, ""nano"": 394.629, ""spark"": 217.316}",1788493386.1778936,1,96.17,request_completed,repeated,False,,,1657.801,cached_on_demand,1321098329,0.0,0.0,ACTIVE,segment_3_c1,etri-dev0001-jetorn,dynamic,394.629,0,42.062,,f3f8baa1-ca49-4e56-85a5-85fe84f40b62,1,19.542,nano,hold:nano:hysteresis_or_improvement_gate,ok,43.468,1788493385.722262,22.823,48.077,399.973,0.0
False,0.0,0,440.078,"{""agx"": 222.464, ""nano"": 397.505, ""spark"": 211.773}",1788493386.621758,1,90.11,request_completed,repeated,False,,,1657.801,cached_on_demand,1321098329,0.0,0.0,ACTIVE,segment_3_c1,etri-dev0001-jetorn,dynamic,397.505,0,42.062,,524abe81-0b35-47d3-a9ee-786370651dc0,1,16.2,nano,hold:nano:hysteresis_or_improvement_gate,ok,43.312,1788493386.181679,24.928,48.091,371.946,0.0
False,0.0,0,424.473,"{""agx"": 223.144, ""nano"": 392.278, ""spark"": 220.204}",1788493387.0498393,1,97.222,request_completed,repeated,False,,,1657.801,cached_on_demand,1321098329,0.0,0.0,ACTIVE,segment_3_c1,etri-dev0001-jetorn,dynamic,392.278,0,42.064,,59f900a1-b018-4162-b680-b7a08522913c,1,13.316,nano,hold:nano:hysteresis_or_improvement_gate,ok,43.437,1788493386.6253657,27.302,54.483,350.386,0.0
False,0.0,0,513.233,"{""agx"": 222.807, ""nano"": 386.3, ""spark"": 220.028}",1788493387.566792,1,93.013,request_completed,repeated,False,,,1657.801,cached_on_demand,1321098329,0.0,0.0,ACTIVE,segment_3_c1,etri-dev0001-jetorn,dynamic,386.3,0,42.06,,6ff88105-744c-4da8-840f-21c55299a3cd,1,14.484,nano,hold:nano:hysteresis_or_improvement_gate,ok,43.656,1788493387.053558,20.718,57.301,442.326,0.0
False,0.0,0,443.939,"{""agx"": 219.273, ""nano"": 404.61, ""spark"": 216.982}",1788493388.0126154,1,98.857,request_completed,repeated,False,,,1657.801,cached_on_demand,1321098329,0.0,0.0,ACTIVE,segment_3_c1,etri-dev0001-jetorn,dynamic,404.61,0,42.06,,84110958-c8fe-44b1-acc9-7e754c4e99ad,1,15.17,nano,hold:nano:hysteresis_or_improvement_gate,ok,43.437,1788493387.568676,24.492,58.054,381.046,0.0
False,0.0,0,466.527,"{""agx"": 222.815, ""nano"": 405.039, ""spark"": 223.985}",1788493388.4809935,1,95.122,request_completed,repeated,False,,,1657.801,cached_on_demand,1321098329,0.0,0.0,ACTIVE,segment_3_c1,etri-dev0001-jetorn,dynamic,405.039,0,42.065,,fc88ea34-1323-4a8c-a9f0-8f460ffef61e,1,17.7,nano,hold:nano:hysteresis_or_improvement_gate,ok,43.437,1788493388.0144663,24.495,54.259,381.107,0.0
False,0.0,0,463.037,"{""agx"": 227.759, ""nano"": 404.899, ""spark"": 222.202}",1788493388.9477422,1,83.803,request_completed,repeated,False,,,1657.801,cached_on_demand,1321098329,0.0,0.0,ACTIVE,segment_3_c1,etri-dev0001-jetorn,dynamic,404.899,0,42.062,,932f4df2-9c62-4347-908f-e8adec969f20,1,19.121,nano,hold:nano:hysteresis_or_improvement_gate,ok,43.531,1788493388.4847043,25.142,53.647,371.414,0.0
False,0.0,0,411.971,"{""agx"": 208.721, ""nano"": 396.264, ""spark"": 216.577}",1788493389.3655212,1,95.862,request_completed,repeated,False,,,1657.801,cached_on_demand,1321098329,0.0,0.0,ACTIVE,segment_3_c1,etri-dev0001-jetorn,dynamic,396.264,0,42.059,,886d6b35-94ca-41e3-b081-b2dac770e642,1,14.08,nano,hold:nano:hysteresis_or_improvement_gate,ok,43.625,1788493388.953549,26.289,50.196,354.137,0.0
False,0.0,0,484.058,"{""agx"": 213.146, ""nano"": 391.313, ""spark"": 211.276}",1788493389.85298,1,88.664,request_completed,repeated,False,,,1657.801,cached_on_demand,1321098329,0.0,0.0,ACTIVE,segment_3_c1,etri-dev0001-jetorn,dynamic,391.313,0,42.059,,b5d37d74-7c5a-495e-a4c7-a757a9f4ed3d,1,16.143,nano,hold:nano:hysteresis_or_improvement_gate,ok,43.562,1788493389.3689218,24.765,111.439,434.308,0.0
False,0.0,0,440.986,"{""agx"": 218.807, ""nano"": 411.281, ""spark"": 225.52}",1788493390.297693,1,97.633,request_completed,repeated,False,,,1657.801,cached_on_demand,1321098329,0.0,0.0,ACTIVE,segment_3_c1,etri-dev0001-jetorn,dynamic,411.281,0,42.059,,ce830323-72b1-45f1-9af2-5f3ca1da953e,1,21.329,nano,hold:nano:hysteresis_or_improvement_gate,ok,43.687,1788493389.8567052,26.901,58.244,354.178,0.0
False,0.0,0,431.269,"{""agx"": 225.513, ""nano"": 394.036, ""spark"": 224.435}",1788493390.730582,1,85.271,request_completed,repeated,False,,,1657.801,cached_on_demand,1321098329,0.0,0.0,ACTIVE,segment_3_c1,etri-dev0001-jetorn,dynamic,394.036,0,42.058,,b7ee6cd9-58ed-413f-9349-16138acf474c,1,13.031,nano,hold:nano:hysteresis_or_improvement_gate,ok,43.687,1788493390.2993124,27.313,56.528,349.25,0.0
False,0.0,0,449.208,"{""agx"": 224.487, ""nano"": 389.934, ""spark"": 219.362}",1788493391.1817358,1,82.955,request_completed,repeated,False,,,1657.801,cached_on_demand,1321098329,0.0,0.0,ACTIVE,segment_3_c1,etri-dev0001-jetorn,dynamic,389.934,0,42.061,,deaef413-0f57-412f-a1fb-ea7f307bb8b0,1,16.87,nano,hold:nano:hysteresis_or_improvement_gate,ok,43.593,1788493390.7325282,25.198,52.293,371.947,0.0
False,0.0,0,431.142,"{""agx"": 226.857, ""nano"": 387.957, ""spark"": 220.317}",1788493391.6164901,1,95.868,request_completed,repeated,False,,,1657.801,cached_on_demand,1321098329,0.0,0.0,ACTIVE,segment_3_c1,etri-dev0001-jetorn,dynamic,387.957,0,42.064,,e6bea8c1-6b01-4353-bb41-4502514df110,1,15.175,nano,hold:nano:hysteresis_or_improvement_gate,ok,43.531,1788493391.1853466,26.709,50.684,349.671,0.0
False,0.0,0,429.106,"{""agx"": 211.015, ""nano"": 380.44, ""spark"": 218.062}",1788493392.046525,1,83.721,request_completed,repeated,False,,,1657.801,cached_on_demand,1321098329,0.0,0.0,ACTIVE,segment_3_c1,etri-dev0001-jetorn,dynamic,380.44,0,42.064,,5fd73ec7-e5c0-4446-ae20-c6be67811378,1,13.439,nano,hold:nano:hysteresis_or_improvement_gate,ok,43.812,1788493391.6174185,26.317,81.954,378.842,0.0
False,0.0,0,497.843,"{""agx"": 217.387, ""nano"": 384.313, ""spark"": 221.058}",1788493392.546156,1,92.237,request_completed,repeated,False,,,1657.801,cached_on_demand,1321098329,0.0,0.0,ACTIVE,segment_3_c1,etri-dev0001-jetorn,dynamic,384.313,0,42.064,,6c71400c-9d36-4385-aded-282d08f57cbc,1,14.354,nano,hold:nano:hysteresis_or_improvement_gate,ok,43.625,1788493392.0483131,23.692,54.474,394.389,0.0
False,0.0,0,434.505,"{""agx"": 225.534, ""nano"": 390.702, ""spark"": 223.038}",1788493392.9840999,1,97.688,request_completed,repeated,False,,,1657.801,cached_on_demand,1321098329,0.0,0.0,ACTIVE,segment_3_c1,etri-dev0001-jetorn,dynamic,390.702,0,42.067,,80833a4a-f2ce-4a79-a1c5-1928740c6c0f,1,14.638,nano,hold:nano:hysteresis_or_improvement_gate,ok,43.656,1788493392.549595,26.914,49.061,347.276,0.0
False,0.0,0,465.97,"{""agx"": 222.368, ""nano"": 383.424, ""spark"": 220.279}",1788493393.4537425,1,81.818,request_completed,repeated,False,,,1657.801,cached_on_demand,1321098329,0.0,0.0,ACTIVE,segment_3_c1,etri-dev0001-jetorn,dynamic,383.424,0,42.069,,6137db2b-8996-49c3-b01d-52b890e5817b,1,14.56,nano,hold:nano:hysteresis_or_improvement_gate,ok,43.906,1788493392.9877722,23.587,51.739,391.592,0.0
False,0.0,0,407.702,"{""agx"": 210.11, ""nano"": 391.299, ""spark"": 218.64}",1788493393.8646748,1,96.951,request_completed,repeated,False,,,1657.801,cached_on_demand,1321098329,0.0,0.0,ACTIVE,segment_3_c1,etri-dev0001-jetorn,dynamic,391.299,0,42.075,,9fe13f57-bef1-497f-ab11-833e2c3ecaab,1,16.756,nano,hold:nano:hysteresis_or_improvement_gate,ok,44.093,1788493393.4569733,27.061,56.305,350.876,0.0
False,0.0,0,438.066,"{""agx"": 223.748, ""nano"": 386.918, ""spark"": 221.887}",1788493394.306424,1,87.398,request_completed,repeated,False,,,1657.801,cached_on_demand,1321098329,0.0,0.0,ACTIVE,segment_3_c1,etri-dev0001-jetorn,dynamic,386.918,0,42.075,,9485f580-85d9-4fc1-bbae-793c7e003242,1,18.294,nano,hold:nano:hysteresis_or_improvement_gate,ok,43.75,1788493393.8683565,26.527,55.096,355.497,0.0
False,0.0,0,466.564,"{""agx"": 222.241, ""nano"": 380.263, ""spark"": 216.453}",1788493394.7771215,1,83.712,request_completed,repeated,False,,,1657.801,cached_on_demand,1321098329,0.0,0.0,ACTIVE,segment_3_c1,etri-dev0001-jetorn,dynamic,380.263,0,42.075,,d4ed6892-21b4-4847-afa9-ea368029c988,1,14.924,nano,hold:nano:hysteresis_or_improvement_gate,ok,43.906,1788493394.3105564,24.16,57.889,389.136,0.0
False,0.0,0,444.784,"{""agx"": 222.752, ""nano"": 391.551, ""spark"": 215.626}",1788493395.2257998,1,91.837,request_completed,repeated,False,,,1657.801,cached_on_demand,1321098329,0.0,0.0,ACTIVE,segment_3_c1,etri-dev0001-jetorn,dynamic,391.551,0,42.078,,37a8244e-9a91-4cf1-b497-0ebe5182d69e,1,20.265,nano,hold:nano:hysteresis_or_improvement_gate,ok,44.031,1788493394.7810144,25.951,57.252,365.095,0.0
False,0.0,0,536.184,"{""agx"": 225.024, ""nano"": 385.221, ""spark"": 221.023}",1788493395.7654448,1,84.644,request_completed,repeated,False,,,1657.801,cached_on_demand,1321098329,0.0,0.0,ACTIVE,segment_3_c1,etri-dev0001-jetorn,dynamic,385.221,0,42.078,,e90372d2-741d-4864-a424-51bf8303d916,1,15.485,nano,hold:nano:hysteresis_or_improvement_gate,ok,43.875,1788493395.229259,26.048,151.999,455.972,0.0
False,0.0,0,411.682,"{""agx"": 210.223, ""nano"": 411.325, ""spark"": 214.794}",1788493396.178044,1,98.0,request_completed,repeated,False,,,1657.801,cached_on_demand,1321098329,0.0,0.0,ACTIVE,segment_3_c1,etri-dev0001-jetorn,dynamic,411.325,0,42.078,,9a557209-e930-4922-8221-50f2ea23634d,1,20.033,nano,hold:nano:hysteresis_or_improvement_gate,ok,44.218,1788493395.7663622,26.142,51.643,356.105,0.0
False,0.0,0,442.425,"{""agx"": 210.718, ""nano"": 404.047, ""spark"": 222.84}",1788493396.621687,1,88.755,request_completed,repeated,False,,,1657.801,cached_on_demand,1321098329,0.0,0.0,ACTIVE,segment_3_c1,etri-dev0001-jetorn,dynamic,404.047,0,42.078,,bd5168e3-add0-4d9a-91b9-246a7171db2a,1,21.555,nano,hold:nano:hysteresis_or_improvement_gate,ok,44.0,1788493396.1792629,25.57,61.006,372.264,0.0
False,0.0,0,439.936,"{""agx"": 227.175, ""nano"": 398.98, ""spark"": 225.852}",1788493397.0659428,1,78.947,request_completed,repeated,False,,,1657.801,cached_on_demand,1321098329,0.0,0.0,ACTIVE,segment_3_c1,etri-dev0001-jetorn,dynamic,398.98,0,42.081,,a405d884-05e8-4814-b73c-51b41ec93660,1,19.048,nano,hold:nano:hysteresis_or_improvement_gate,ok,44.093,1788493396.6260068,27.41,55.14,343.08,0.0
False,0.0,0,444.512,"{""agx"": 208.654, ""nano"": 387.876, ""spark"": 210.544}",1788493397.5138252,1,88.333,request_completed,repeated,False,,,1657.801,cached_on_demand,1321098329,0.0,0.0,ACTIVE,segment_3_c1,etri-dev0001-jetorn,dynamic,387.876,0,42.078,,528f6623-2f5a-4bef-8cfb-a6a7b6aae15c,1,17.16,nano,hold:nano:hysteresis_or_improvement_gate,ok,44.187,1788493397.0693126,23.167,54.535,398.518,0.0
False,0.0,0,451.648,"{""agx"": 211.777, ""nano"": 392.728, ""spark"": 223.001}",1788493397.9663312,1,99.346,request_completed,repeated,False,,,1657.801,cached_on_demand,1321098329,0.0,0.0,ACTIVE,segment_3_c1,etri-dev0001-jetorn,dynamic,392.728,0,42.083,,c7028362-bdc2-4284-8a3f-628f376ef16d,1,15.064,nano,hold:nano:hysteresis_or_improvement_gate,ok,44.468,1788493397.5146832,24.359,68.173,388.112,0.0
False,0.0,0,443.307,"{""agx"": 224.502, ""nano"": 396.77, ""spark"": 221.119}",1788493398.4138923,1,96.748,request_completed,repeated,False,,,1657.801,cached_on_demand,1321098329,0.0,0.0,ACTIVE,segment_3_c1,etri-dev0001-jetorn,dynamic,396.77,0,42.082,,e5e082d7-51ab-42df-845e-afbceb261c1c,1,16.497,nano,hold:nano:hysteresis_or_improvement_gate,ok,44.0,1788493397.9705844,26.267,55.1,359.023,0.0
False,0.0,0,448.496,"{""agx"": 226.907, ""nano"": 392.224, ""spark"": 219.414}",1788493398.8659408,1,82.707,request_completed,repeated,False,,,1657.801,cached_on_demand,1321098329,0.0,0.0,ACTIVE,segment_3_c1,etri-dev0001-jetorn,dynamic,392.224,0,42.082,,f54e5791-8d2e-435e-9bd5-40b330972825,1,17.267,nano,hold:nano:hysteresis_or_improvement_gate,ok,44.125,1788493398.4174433,25.645,51.122,367.04,0.0
False,0.0,0,440.577,"{""agx"": 229.467, ""nano"": 389.564, ""spark"": 214.531}",1788493399.3103404,1,84.249,request_completed,repeated,False,,,1657.801,cached_on_demand,1321098329,0.0,0.0,ACTIVE,segment_3_c1,etri-dev0001-jetorn,dynamic,389.564,0,42.086,,99fff004-5e33-4af4-a273-d3e250f7ff42,1,16.589,nano,hold:nano:hysteresis_or_improvement_gate,ok,44.5,1788493398.8697631,26.88,55.923,355.766,0.0
False,0.0,0,546.989,"{""agx"": 224.806, ""nano"": 383.734, ""spark"": 1400.11}",1788493399.8612003,1,77.778,request_completed,repeated,False,,,1657.801,cached_on_demand,1321098329,0.0,0.0,ACTIVE,segment_3_c1,etri-dev0001-jetorn,dynamic,383.734,0,42.085,,054c1342-7390-496d-b3e2-4e66cdc92ebe,1,15.064,nano,hold:nano:hysteresis_or_improvement_gate,ok,43.531,1788493399.3142111,21.374,49.064,424.087,0.0
False,0.0,0,501.495,"{""agx"": 225.271, ""nano"": 399.003, ""spark"": 1412.094}",1788493400.3704476,16,86.755,request_completed,repeated,False,,,1657.801,cached_on_demand,1321098329,0.0,0.0,ACTIVE,segment_4_c16,etri-dev0001-jetorn,dynamic,399.003,0,42.088,,ec12c078-ce87-4873-97c2-d31c84345ff6,16,16.482,nano,hold:nano:hysteresis_or_improvement_gate,ok,44.187,1788493399.8689516,22.655,58.924,414.997,0.0
False,0.0,1,931.268,"{""agx"": 230.609, ""nano"": 839.127, ""spark"": 1408.34}",1788493400.8017387,16,10.417,request_completed,repeated,False,,,1657.801,cached_on_demand,1321098329,0.0,0.0,ACTIVE,segment_4_c16,etri-dev0001-jetorn,dynamic,839.127,0,42.088,,b5746fc1-3916-4d30-9f29-91fbfde3cbef,16,74.085,nano,hold:nano:hysteresis_or_improvement_gate,ok,44.187,1788493399.8704708,23.493,290.422,622.425,0.0
False,0.0,1,1346.965,"{""agx"": 225.621, ""nano"": 1247.259, ""spark"": 1414.072}",1788493401.2184134,16,100.0,request_completed,repeated,False,,,1657.801,cached_on_demand,1321098329,0.0,0.0,ACTIVE,segment_4_c16,etri-dev0001-jetorn,dynamic,1247.259,1,42.088,,20351fbe-b6fd-44bc-97af-73a82ef47786,16,99.696,nano,hold:nano:hysteresis_or_improvement_gate,ok,44.687,1788493399.8714478,23.242,466.75,814.441,0.0
False,0.0,1,2047.572,"{""agx"": 226.544, ""nano"": 801.599, ""spark"": 1408.141}",1788493401.9193177,16,99.174,request_completed,repeated,False,,,1657.801,cached_on_demand,1321098329,0.0,0.0,ACTIVE,segment_4_c16,etri-dev0001-jetorn,dynamic,801.599,0,42.091,,f08f41b9-70ca-4558-b025-bb6a5d4fc216,16,20.325,nano,hold:nano:hysteresis_or_improvement_gate,ok,44.343,1788493399.8717458,12.756,827.849,1441.297,0.0
False,0.0,1,2641.584,"{""agx"": 226.981, ""nano"": 1649.229, ""spark"": 1411.793}",1788493402.5142345,16,98.387,request_completed,repeated,False,,,1657.801,cached_on_demand,1321098329,0.0,0.0,ACTIVE,segment_4_c16,etri-dev0001-jetorn,dynamic,1649.229,2,42.087,,b389287a-749d-4ac4-b56c-c3792777b4a1,16,86.681,nano,hold:nano:hysteresis_or_improvement_gate,ok,44.843,1788493399.87268,15.798,1357.732,1854.703,0.0
False,0.0,0,2085.147,"{""agx"": 223.233, ""nano"": 6667.92, ""spark"": 1406.122}",1788493402.8902771,16,5.442,request_completed,repeated,False,871.0,0.0,1374.191,cached_on_demand,1321098329,0.0,0.0,ACTIVE,segment_4_c16,etri-ser0001-cg0msb,dynamic,223.233,0,19.198,,16777090-e298-489e-934c-df4dcd3a53de,16,19.715,agx,offload:nano->agx:predicted_improvement=0.967,ok,35.0,1788493400.8051279,44.642,53.537,232.15,0.0
False,0.0,1,3187.803,"{""agx"": 224.24, ""nano"": 2042.431, ""spark"": 1409.319}",1788493403.0613763,16,100.0,request_completed,repeated,False,,,1657.801,cached_on_demand,1321098329,0.0,0.0,ACTIVE,segment_4_c16,etri-dev0001-jetorn,dynamic,2042.431,3,42.085,,6554c0f8-eb50-4709-b8f0-12902ae2c851,16,89.246,nano,hold:nano:hysteresis_or_improvement_gate,ok,44.5,1788493399.8735714,17.393,1780.101,2239.946,0.0
False,0.0,1,1869.116,"{""agx"": 416.873, ""nano"": 6672.455, ""spark"": 1407.262}",1788493403.0909371,16,32.44,request_completed,repeated,False,871.0,0.0,1374.191,cached_on_demand,1321098329,0.0,0.0,ACTIVE,segment_4_c16,etri-ser0001-cg0msb,dynamic,416.873,0,19.198,,a9e7cfe7-5994-47e9-88c8-278a6d80a370,16,9.837,agx,hold:agx:hysteresis_or_improvement_gate,ok,46.0,1788493401.2218206,46.44,110.637,283.27,0.0
False,0.0,1,1374.094,"{""agx"": 429.736, ""nano"": 6667.731, ""spark"": 1399.836}",1788493403.2968538,16,38.123,request_completed,repeated,False,871.0,0.0,1374.191,cached_on_demand,1321098329,0.0,0.0,ACTIVE,segment_4_c16,etri-ser0001-cg0msb,dynamic,429.736,0,19.199,,4e8aec2f-f49d-4113-8b3a-f79068d6c487,16,8.392,agx,hold:agx:hysteresis_or_improvement_gate,ok,54.0,1788493401.9227583,45.378,179.634,356.136,0.0
False,0.0,1,981.795,"{""agx"": 642.033, ""nano"": 6658.481, ""spark"": 1407.062}",1788493403.500399,16,36.81,request_completed,repeated,False,871.0,0.0,1374.191,cached_on_demand,1321098329,0.0,0.0,ACTIVE,segment_4_c16,etri-ser0001-cg0msb,dynamic,642.033,1,19.199,,3ca3183d-6cd5-4a93-ac46-30805eb9dfd2,16,10.017,agx,hold:agx:hysteresis_or_improvement_gate,ok,56.0,1788493402.518602,45.326,238.102,414.788,0.0
False,0.0,1,3703.901,"{""agx"": 224.113, ""nano"": 2089.345, ""spark"": 1409.505}",1788493403.578666,16,100.0,request_completed,repeated,False,,,1657.801,cached_on_demand,1321098329,0.0,0.0,ACTIVE,segment_4_c16,etri-dev0001-jetorn,dynamic,2089.345,3,42.085,,63fe2a0a-aa69-4f62-b315-27e8749c2357,16,88.96,nano,hold:nano:hysteresis_or_improvement_gate,ok,44.5,1788493399.8747647,18.249,2123.785,2563.838,0.0
False,0.0,1,817.387,"{""agx"": 634.491, ""nano"": 6273.249, ""spark"": 1404.091}",1788493403.7088177,16,44.079,request_completed,repeated,False,871.0,0.0,1374.191,cached_on_demand,1321098329,0.0,0.0,ACTIVE,segment_4_c16,etri-ser0001-cg0msb,dynamic,634.491,1,19.201,,67003dc5-a87d-426f-9438-3018814f806f,16,10.014,agx,hold:agx:hysteresis_or_improvement_gate,ok,58.0,1788493402.891431,44.091,308.567,490.21,0.0
False,0.0,1,848.033,"{""agx"": 632.144, ""nano"": 6280.737, ""spark"": 1400.883}",1788493403.911084,16,35.864,request_completed,repeated,False,871.0,0.0,1374.191,cached_on_demand,1321098329,0.0,0.0,ACTIVE,segment_4_c16,etri-ser0001-cg0msb,dynamic,632.144,1,19.201,,f04b6da2-7af9-4863-a047-3484aef9ddf5,16,9.476,agx,hold:agx:hysteresis_or_improvement_gate,ok,61.0,1788493403.06305,45.92,363.351,537.875,0.0
False,0.0,1,4177.339,"{""agx"": 225.059, ""nano"": 2480.974, ""spark"": 1408.495}",1788493404.0551183,16,100.0,request_completed,repeated,False,,,1657.801,cached_on_demand,1321098329,0.0,0.0,ACTIVE,segment_4_c16,etri-dev0001-jetorn,dynamic,2480.974,4,42.085,,4f9cdd21-7e09-4338-8cbd-a3d0a620aa88,16,80.512,nano,hold:nano:hysteresis_or_improvement_gate,ok,45.031,1788493399.877779,19.405,2496.973,2903.838,0.0
False,0.0,1,1021.153,"{""agx"": 839.518, ""nano"": 6270.217, ""spark"": 1408.285}",1788493404.113257,16,40.067,request_completed,repeated,False,871.0,0.0,1374.191,cached_on_demand,1321098329,0.0,0.0,ACTIVE,segment_4_c16,etri-ser0001-cg0msb,dynamic,839.518,2,19.202,,708d7280-6b2c-4315-92b7-834883db24e5,16,9.294,agx,hold:agx:hysteresis_or_improvement_gate,ok,61.0,1788493403.092104,45.73,439.152,614.322,0.0
False,0.0,1,1016.855,"{""agx"": 836.093, ""nano"": 6264.69, ""spark"": 1408.437}",1788493404.3148603,16,41.135,request_completed,repeated,False,871.0,0.0,1374.191,cached_on_demand,1321098329,0.0,0.0,ACTIVE,segment_4_c16,etri-ser0001-cg0msb,dynamic,836.093,2,19.201,,87d0f1dc-fb0e-42d7-b083-db05fb167c26,16,9.889,agx,hold:agx:hysteresis_or_improvement_gate,ok,64.0,1788493403.298005,46.15,521.621,695.263,0.0
False,0.0,1,4622.286,"{""agx"": 226.216, ""nano"": 2882.093, ""spark"": 1411.557}",1788493404.5001671,16,100.0,request_completed,repeated,False,,,1657.801,cached_on_demand,1321098329,0.0,0.0,ACTIVE,segment_4_c16,etri-dev0001-jetorn,dynamic,2882.093,5,42.085,,f3ae4d9b-236a-47a6-9a45-045dcb587f82,16,81.554,nano,hold:nano:hysteresis_or_improvement_gate,ok,44.843,1788493399.87788,21.316,2775.119,3156.917,0.0
False,0.0,1,1013.426,"{""agx"": 836.544, ""nano"": 5771.251, ""spark"": 1407.986}",1788493404.5149484,16,51.765,request_completed,repeated,False,871.0,0.0,1374.191,cached_on_demand,1321098329,0.0,0.0,ACTIVE,segment_4_c16,etri-ser0001-cg0msb,dynamic,836.544,2,19.197,,c63684f9-8402-4a89-80c9-0207e888a7a7,16,8.504,agx,hold:agx:hysteresis_or_improvement_gate,ok,73.0,1788493403.5015225,46.334,565.804,738.925,0.0
False,0.0,1,1131.282,"{""agx"": 1045.654, ""nano"": 5729.474, ""spark"": 1409.16}",1788493404.7120092,16,44.118,request_completed,repeated,False,871.0,0.0,1374.191,cached_on_demand,1321098329,0.0,0.0,ACTIVE,segment_4_c16,etri-ser0001-cg0msb,dynamic,1045.654,3,19.197,,b8d57caa-8ea4-4b86-9c81-ad427e87fed9,16,10.604,agx,hold:agx:hysteresis_or_improvement_gate,ok,65.0,1788493403.580726,47.165,640.628,810.774,0.0
False,0.0,1,1200.334,"{""agx"": 1038.562, ""nano"": 5753.542, ""spark"": 1408.711}",1788493404.910219,16,39.266,request_completed,repeated,False,871.0,0.0,1374.191,cached_on_demand,1321098329,0.0,0.0,ACTIVE,segment_4_c16,etri-ser0001-cg0msb,dynamic,1038.562,3,19.197,,61a8362f-ee8d-46ba-9f93-7292fffff67e,16,9.697,agx,hold:agx:hysteresis_or_improvement_gate,ok,68.0,1788493403.709885,46.917,685.577,856.638,0.0
False,0.0,1,5154.979,"{""agx"": 217.358, ""nano"": 2915.348, ""spark"": 1405.12}",1788493405.03473,16,100.0,request_completed,repeated,False,,,1657.801,cached_on_demand,1321098329,0.0,0.0,ACTIVE,segment_4_c16,etri-dev0001-jetorn,dynamic,2915.348,5,42.139,,0752cd3f-9876-48f2-a742-c5a06f475a87,16,88.496,nano,hold:nano:hysteresis_or_improvement_gate,ok,44.531,1788493399.8797507,17.463,3118.285,3574.942,0.0
False,0.0,1,1197.437,"{""agx"": 1034.421, ""nano"": 5151.489, ""spark"": 1410.659}",1788493405.1096606,16,42.063,request_completed,repeated,False,871.0,0.0,1374.191,cached_on_demand,1321098329,0.0,0.0,ACTIVE,segment_4_c16,etri-ser0001-cg0msb,dynamic,1034.421,3,19.197,,95f337e1-8d07-463e-ac62-97e1e6712c0b,16,10.331,agx,hold:agx:hysteresis_or_improvement_gate,ok,67.0,1788493403.912224,46.551,719.163,891.692,0.0
False,0.0,1,1251.704,"{""agx"": 1028.845, ""nano"": 5138.974, ""spark"": 1407.806}",1788493405.3084261,16,36.567,request_completed,repeated,False,871.0,0.0,1374.191,cached_on_demand,1321098329,0.0,0.0,ACTIVE,segment_4_c16,etri-ser0001-cg0msb,dynamic,1028.845,3,19.198,,e6997c4c-6cde-4487-8498-2a12af45d779,16,8.825,agx,hold:agx:hysteresis_or_improvement_gate,ok,67.0,1788493404.0567222,46.851,788.398,959.362,0.0
False,0.0,1,5613.247,"{""agx"": 224.122, ""nano"": 3249.5, ""spark"": 1409.397}",1788493405.4930851,16,94.915,request_completed,repeated,False,,,1657.801,cached_on_demand,1321098329,0.0,0.0,ACTIVE,segment_4_c16,etri-dev0001-jetorn,dynamic,3249.5,6,42.139,,5dd9448c-53f5-4266-822e-050183e3f0aa,16,18.812,nano,hold:nano:hysteresis_or_improvement_gate,ok,44.125,1788493399.879838,21.545,3587.046,3954.457,0.0
False,0.0,1,1394.069,"{""agx"": 1233.173, ""nano"": 5147.431, ""spark"": 1398.737}",1788493405.5085933,16,37.994,request_completed,repeated,False,871.0,0.0,1374.191,cached_on_demand,1321098329,0.0,0.0,ACTIVE,segment_4_c16,etri-ser0001-cg0msb,dynamic,1233.173,4,19.196,,5e66839b-3385-459f-b3e5-61f0a64a1b02,16,9.149,agx,hold:agx:hysteresis_or_improvement_gate,ok,68.0,1788493404.114524,46.492,858.777,1031.392,0.0
False,0.0,1,1391.875,"{""agx"": 1228.108, ""nano"": 5093.756, ""spark"": 1400.284}",1788493405.7078974,16,36.224,request_completed,repeated,False,871.0,0.0,1374.191,cached_on_demand,1321098329,0.0,0.0,ACTIVE,segment_4_c16,etri-ser0001-cg0msb,dynamic,1228.108,4,19.196,,3a15900b-2248-4114-8a6c-4760f1251bb7,16,9.79,agx,hold:agx:hysteresis_or_improvement_gate,ok,68.0,1788493404.3160226,46.509,973.04,1145.306,0.0
False,0.0,1,1406.058,"{""agx"": 1218.142, ""nano"": 4508.302, ""spark"": 1401.422}",1788493405.9080534,16,35.431,request_completed,repeated,False,871.0,0.0,1374.191,cached_on_demand,1321098329,0.0,0.0,ACTIVE,segment_4_c16,etri-ser0001-cg0msb,dynamic,1218.142,4,19.196,,0a83c409-2280-488f-be76-bbada778a22a,16,9.382,agx,hold:agx:hysteresis_or_improvement_gate,ok,68.0,1788493404.5019948,46.53,991.995,1164.401,0.0
False,0.0,1,6041.713,"{""agx"": 222.348, ""nano"": 3708.635, ""spark"": 1406.352}",1788493405.9216042,16,91.379,request_completed,repeated,False,,,1657.801,cached_on_demand,1321098329,0.0,0.0,ACTIVE,segment_4_c16,etri-dev0001-jetorn,dynamic,3708.635,7,42.141,,467194f4-cb04-48f8-9709-0538e5ea48db,16,74.111,nano,hold:nano:hysteresis_or_improvement_gate,ok,44.468,1788493399.8798912,22.194,3843.865,4208.017,0.0
False,0.0,1,1591.729,"{""agx"": 1213.684, ""nano"": 4555.578, ""spark"": 1414.379}",1788493406.1077292,16,36.253,request_completed,repeated,False,871.0,0.0,1374.195,cached_on_demand,1321098329,0.0,0.0,ACTIVE,segment_4_c16,etri-ser0001-cg0msb,dynamic,1213.684,4,19.196,,28dea6e1-6009-4113-ac8a-08b21c301abe,16,9.958,agx,hold:agx:hysteresis_or_improvement_gate,ok,69.0,1788493404.5160005,46.454,968.473,1141.049,0.0
False,0.0,1,1595.804,"{""agx"": 1413.39, ""nano"": 4488.696, ""spark"": 1402.828}",1788493406.3089232,16,36.525,request_completed,repeated,False,871.0,0.0,1374.195,cached_on_demand,1321098329,0.0,0.0,ACTIVE,segment_4_c16,etri-ser0001-cg0msb,dynamic,1413.39,5,19.196,,86b67af4-e8f0-49f8-b92d-520342c1609e,16,9.043,agx,hold:agx:hysteresis_or_improvement_gate,ok,69.0,1788493404.713119,46.201,1061.788,1235.229,0.0
False,0.0,1,6497.209,"{""agx"": 215.961, ""nano"": 4150.424, ""spark"": 1409.216}",1788493406.3792439,16,100.0,request_completed,repeated,False,,,1657.801,cached_on_demand,1321098329,0.0,0.0,ACTIVE,segment_4_c16,etri-dev0001-jetorn,dynamic,4150.424,8,42.142,,907e7656-adec-485e-aa52-c67cf78235c4,16,112.064,nano,hold:nano:hysteresis_or_improvement_gate,ok,44.406,1788493399.8820338,20.558,4063.457,4456.323,0.0
False,0.0,1,1596.017,"{""agx"": 1411.896, ""nano"": 4073.276, ""spark"": 1408.285}",1788493406.5073786,16,42.5,request_completed,repeated,False,871.0,0.0,1374.195,cached_on_demand,1321098329,0.0,0.0,ACTIVE,segment_4_c16,etri-ser0001-cg0msb,dynamic,1411.896,5,19.2,,738a96ff-2623-4970-b046-3fe551228c4f,16,9.831,agx,hold:agx:hysteresis_or_improvement_gate,ok,69.0,1788493404.9113615,46.613,1121.252,1293.181,0.0
False,0.0,1,1670.578,"{""agx"": 1409.492, ""nano"": 4108.444, ""spark"": 1408.982}",1788493406.7070644,16,35.537,request_completed,repeated,False,871.0,0.0,1374.195,cached_on_demand,1321098329,0.0,0.0,ACTIVE,segment_4_c16,etri-ser0001-cg0msb,dynamic,1409.492,5,19.2,,acab1613-c78b-4420-9a13-ba715ef74d00,16,10.101,agx,hold:agx:hysteresis_or_improvement_gate,ok,69.0,1788493405.0364864,46.474,1164.96,1337.573,0.0
False,0.0,1,6914.417,"{""agx"": 222.144, ""nano"": 4108.567, ""spark"": 1400.713}",1788493406.7977285,16,100.0,request_completed,repeated,False,,,1657.801,cached_on_demand,1321098329,0.0,0.0,ACTIVE,segment_4_c16,etri-dev0001-jetorn,dynamic,4108.567,8,42.142,,3882f59a-6413-4eed-928c-b6684ecc6d3f,16,70.207,nano,hold:nano:hysteresis_or_improvement_gate,ok,44.437,1788493399.8833096,22.259,4421.883,4774.679,0.0
False,0.0,1,1805.017,"{""agx"": 1609.199, ""nano"": 4073.603, ""spark"": 1409.276}",1788493406.9158323,16,36.806,request_completed,repeated,False,871.0,0.0,1374.195,cached_on_demand,1321098329,0.0,0.0,ACTIVE,segment_4_c16,etri-ser0001-cg0msb,dynamic,1609.199,6,19.203,,6db645d1-9340-4ec3-8c4d-98f4d762f9e7,16,9.895,agx,hold:agx:hysteresis_or_improvement_gate,ok,68.0,1788493405.1108153,44.654,1248.558,1427.851,0.0
False,0.0,1,1808.825,"{""agx"": 1608.462, ""nano"": 3501.24, ""spark"": 1403.359}",1788493407.1183689,16,35.88,request_completed,repeated,False,871.0,0.0,1374.195,cached_on_demand,1321098329,0.0,0.0,ACTIVE,segment_4_c16,etri-ser0001-cg0msb,dynamic,1608.462,6,19.202,,39d5d71e-968b-4afc-b000-60924ce0faaf,16,8.87,agx,hold:agx:hysteresis_or_improvement_gate,ok,70.0,1788493405.3095436,45.686,1333.458,1509.17,0.0
False,0.0,1,7331.688,"{""agx"": 210.434, ""nano"": 5340.781, ""spark"": 1410.718}",1788493407.216275,16,98.795,request_completed,repeated,False,,,1657.801,cached_on_demand,1321098329,0.0,0.0,ACTIVE,segment_4_c16,etri-dev0001-jetorn,dynamic,5340.781,9,42.145,,8edb91d9-7f9d-4e6c-a6cc-8d58359042c1,16,80.801,nano,hold:nano:hysteresis_or_improvement_gate,ok,44.406,1788493399.884586,21.896,4685.677,5046.617,0.0
False,0.0,1,1823.788,"{""agx"": 1608.386, ""nano"": 3511.919, ""spark"": 1410.124}",1788493407.3185387,16,43.519,request_completed,repeated,False,871.0,0.0,1374.195,cached_on_demand,1321098329,0.0,0.0,ACTIVE,segment_4_c16,etri-ser0001-cg0msb,dynamic,1608.386,6,19.202,,d3783c34-44d4-40ee-85bd-a3f1ebc47ef1,16,9.954,agx,hold:agx:hysteresis_or_improvement_gate,ok,70.0,1788493405.49475,46.513,1388.759,1560.956,0.0
False,0.0,1,2013.335,"{""agx"": 1808.435, ""nano"": 3512.053, ""spark"": 1409.474}",1788493407.5230327,16,38.323,request_completed,repeated,False,871.0,0.0,1374.195,cached_on_demand,1321098329,0.0,0.0,ACTIVE,segment_4_c16,etri-ser0001-cg0msb,dynamic,1808.435,7,19.202,,98e5b54c-4776-437a-a118-0066935cbfff,16,10.199,agx,hold:agx:hysteresis_or_improvement_gate,ok,70.0,1788493405.509697,45.102,1449.591,1627.173,0.0
False,0.0,1,7794.131,"{""agx"": 225.154, ""nano"": 5817.786, ""spark"": 1410.13}",1788493407.6806984,16,100.0,request_completed,repeated,False,,,1657.801,cached_on_demand,1321098329,0.0,0.0,ACTIVE,segment_4_c16,etri-dev0001-jetorn,dynamic,5817.786,10,42.196,,93272649-97dd-46c1-8fc4-a602b4231727,16,79.626,nano,hold:nano:hysteresis_or_improvement_gate,ok,44.25,1788493399.8865664,21.66,4987.821,5337.935,0.0
False,0.0,1,2015.309,"{""agx"": 1808.157, ""nano"": 3473.046, ""spark"": 1404.978}",1788493407.7243757,16,36.245,request_completed,repeated,False,871.0,0.0,1374.195,cached_on_demand,1321098329,0.0,0.0,ACTIVE,segment_4_c16,etri-ser0001-cg0msb,dynamic,1808.157,7,19.202,,c3d77e90-3132-4837-bf2f-c3d8266452bc,16,9.651,agx,hold:agx:hysteresis_or_improvement_gate,ok,72.0,1788493405.709067,45.945,1565.745,1740.452,0.0
False,0.0,1,2015.023,"{""agx"": 2011.301, ""nano"": 2935.423, ""spark"": 1414.559}",1788493407.9242008,16,37.941,request_completed,repeated,False,871.0,0.0,1374.195,cached_on_demand,1321098329,0.0,0.0,ACTIVE,segment_4_c16,etri-ser0001-cg0msb,dynamic,2011.301,8,19.203,,99fca83d-de14-428e-aee7-ccf0e2a69e7b,16,12.961,agx,hold:agx:hysteresis_or_improvement_gate,ok,70.0,1788493405.9091775,46.321,1606.101,1779.155,0.0
False,0.0,1,7663.789,"{""agx"": 221.927, ""nano"": 6309.445, ""spark"": 1401.883}",1788493408.0388684,16,100.0,request_completed,repeated,False,,,1657.801,cached_on_demand,1321098329,0.0,0.0,ACTIVE,segment_4_c16,etri-dev0001-jetorn,dynamic,6309.445,11,42.169,,8f0bfd7a-3e96-46dc-9807-10b7375a0769,16,93.105,nano,hold:nano:hysteresis_or_improvement_gate,ok,44.406,1788493400.3750787,26.384,5218.487,5518.95,0.0
False,0.0,1,2202.277,"{""agx"": 2007.485, ""nano"": 2929.834, ""spark"": 1407.755}",1788493408.1254542,16,39.84,request_completed,repeated,False,871.0,0.0,1374.195,cached_on_demand,1321098329,0.0,0.0,ACTIVE,segment_4_c16,etri-ser0001-cg0msb,dynamic,2007.485,8,19.203,,42925d9e-ea0a-402c-97e0-0f2eacef9560,16,10.405,agx,hold:agx:hysteresis_or_improvement_gate,ok,70.0,1788493405.9231765,45.898,1663.836,1838.369,0.0
False,0.0,1,2217.605,"{""agx"": 2010.915, ""nano"": 2915.257, ""spark"": 1409.88}",1788493408.326379,16,36.466,request_completed,repeated,False,871.0,0.0,1374.195,cached_on_demand,1321098329,0.0,0.0,ACTIVE,segment_4_c16,etri-ser0001-cg0msb,dynamic,2010.915,8,19.203,,3bfda530-5957-492d-9147-2a6e2216caee,16,10.035,agx,hold:agx:hysteresis_or_improvement_gate,ok,70.0,1788493406.1087744,46.335,1748.827,1921.602,0.0
False,0.0,1,2214.88,"{""agx"": 2211.109, ""nano"": 2420.222, ""spark"": 1407.816}",1788493408.5249612,16,37.309,request_completed,repeated,False,871.0,0.0,1374.195,cached_on_demand,1321098329,0.0,0.0,ACTIVE,segment_4_c16,etri-ser0001-cg0msb,dynamic,2211.109,9,19.203,,7c4b91f0-ac29-4f79-aaab-69a3cec8b263,16,10.141,agx,hold:agx:hysteresis_or_improvement_gate,ok,69.0,1788493406.3100808,46.665,1818.02,1989.772,0.0
False,0.0,1,2344.463,"{""agx"": 2206.696, ""nano"": 2422.063, ""spark"": 1407.88}",1788493408.7253397,16,35.897,request_completed,repeated,False,871.0,0.0,1374.195,cached_on_demand,1321098329,0.0,0.0,ACTIVE,segment_4_c16,etri-ser0001-cg0msb,dynamic,2206.696,9,19.202,,3de892ce-9fe5-4c83-a73c-5aaa0db483b9,16,9.853,agx,hold:agx:hysteresis_or_improvement_gate,ok,70.0,1788493406.3808765,46.582,1885.261,2057.281,0.0
False,0.0,1,2420.355,"{""agx"": 2205.853, ""nano"": 2436.405, ""spark"": 1412.245}",1788493408.9288185,16,45.109,request_completed,repeated,False,871.0,0.0,1374.195,cached_on_demand,1321098329,0.0,0.0,ACTIVE,segment_4_c16,etri-ser0001-cg0msb,dynamic,2205.853,9,19.203,,2bb40453-b448-4de0-9707-40f3f1321cdb,16,10.209,agx,hold:agx:hysteresis_or_improvement_gate,ok,72.0,1788493406.5084639,45.445,1920.541,2096.949,0.0
False,0.0,1,2429.359,"{""agx"": 2230.697, ""nano"": 1904.093, ""spark"": 1399.689}",1788493409.1375723,16,40.678,request_completed,repeated,False,871.0,0.0,1374.195,cached_on_demand,1321098329,0.0,0.0,ACTIVE,segment_4_c16,etri-ser0001-cg0msb,dynamic,2230.697,9,19.209,,7eb87f9b-8458-4ac9-a145-97d684e90fa6,16,10.006,agx,hold:agx:hysteresis_or_improvement_gate,ok,72.0,1788493406.7082129,44.664,1995.792,2175.046,0.0
True,1183.804,0,1821.631,"{""agx"": 2638.581, ""nano"": 1412.154, ""spark"": 1399.737}",1788493409.1413107,16,2.606,request_completed,repeated,False,286.0,0.0,0.0,cached_on_demand,1321098329,1173.536,0.0,CACHED,segment_4_c16,etri-ser0002-cgnmsb,dynamic,1399.737,0,25.535,1788493408.8554816,9f6eda89-5530-4282-a8f2-5d24a1060826,16,6.617,spark,offload:agx->spark:predicted_improvement=0.470,ok,40.05,1788493407.31968,45.597,86.125,263.281,0.332
False,0.0,1,2539.794,"{""agx"": 2432.87, ""nano"": 1908.702, ""spark"": 1402.386}",1788493409.3395429,16,37.294,request_completed,repeated,False,871.0,0.0,1374.195,cached_on_demand,1321098329,0.0,0.0,ACTIVE,segment_4_c16,etri-ser0001-cg0msb,dynamic,2432.87,10,19.213,,90e21c29-644e-4ca1-9ec8-654dd8fe9130,16,10.298,agx,hold:agx:hysteresis_or_improvement_gate,ok,72.0,1788493406.799747,45.876,2071.014,2245.584,0.0
False,0.0,1,1822.699,"{""agx"": 1413.001, ""nano"": 444.877, ""spark"": 423.109}",1788493409.347185,16,19.718,request_completed,repeated,False,286.0,0.0,1373.207,cached_on_demand,1321098329,0.0,0.0,ACTIVE,segment_4_c16,etri-ser0002-cgnmsb,dynamic,423.109,0,29.939,,b8ce4ace-2cd4-4b1c-ba9d-4481c9f27d8b,16,15.633,spark,hold:spark:hysteresis_or_improvement_gate,ok,65.0,1788493407.524486,45.937,236.187,411.023,0.0
False,0.0,1,2629.873,"{""agx"": 2434.352, ""nano"": 1889.339, ""spark"": 1409.228}",1788493409.5468426,16,44.762,request_completed,repeated,False,871.0,0.0,1374.199,cached_on_demand,1321098329,0.0,0.0,ACTIVE,segment_4_c16,etri-ser0001-cg0msb,dynamic,2434.352,10,19.214,,2431a454-56b3-4e25-9cd3-f3a6c9856c90,16,10.208,agx,hold:agx:hysteresis_or_improvement_gate,ok,72.0,1788493406.91697,44.486,2128.079,2308.236,0.0
False,0.0,1,1869.199,"{""agx"": 1216.366, ""nano"": 443.519, ""spark"": 617.148}",1788493409.5517502,16,21.667,request_completed,repeated,False,286.0,0.0,1373.207,cached_on_demand,1321098329,0.0,0.0,ACTIVE,segment_4_c16,etri-ser0002-cgnmsb,dynamic,617.148,1,29.94,,50f4b164-6bae-4e51-93d3-be19173ba974,16,5.934,spark,hold:spark:hysteresis_or_improvement_gate,ok,56.05,1788493407.6825514,46.412,392.372,566.794,0.0
False,0.0,1,2634.867,"{""agx"": 2429.867, ""nano"": 1440.157, ""spark"": 1412.262}",1788493409.7543385,16,37.879,request_completed,repeated,False,871.0,0.0,1374.199,cached_on_demand,1321098329,0.0,0.0,ACTIVE,segment_4_c16,etri-ser0001-cg0msb,dynamic,2429.867,10,19.217,,3d921d67-c480-4cc5-825f-d8322951cb54,16,11.627,agx,hold:agx:hysteresis_or_improvement_gate,ok,70.0,1788493407.1194715,44.824,2162.956,2341.768,0.0
False,0.0,1,2032.864,"{""agx"": 1216.464, ""nano"": 442.649, ""spark"": 821.93}",1788493409.7583966,16,19.828,request_completed,repeated,False,286.0,0.0,1373.207,cached_on_demand,1321098329,0.0,0.0,ACTIVE,segment_4_c16,etri-ser0002-cgnmsb,dynamic,821.93,2,29.941,,816d6ccd-aff1-401b-bbcd-e91a819c46ce,16,6.978,spark,hold:spark:hysteresis_or_improvement_gate,ok,56.05,1788493407.7255332,45.826,551.451,726.675,0.0
False,0.0,1,2739.949,"{""agx"": 2629.428, ""nano"": 1421.858, ""spark"": 1410.797}",1788493409.9578505,16,41.983,request_completed,repeated,False,871.0,0.0,1374.199,cached_on_demand,1321098329,0.0,0.0,ACTIVE,segment_4_c16,etri-ser0001-cg0msb,dynamic,2629.428,11,19.223,,0cd64860-af4f-40dd-ac9e-d41cf66728ed,16,9.668,agx,hold:agx:hysteresis_or_improvement_gate,ok,72.0,1788493407.2179017,45.392,2231.471,2408.019,0.0
False,0.0,1,2036.655,"{""agx"": 1217.491, ""nano"": 443.327, ""spark"": 1036.6}",1788493409.9619732,16,22.059,request_completed,repeated,False,286.0,0.0,1373.207,cached_on_demand,1321098329,0.0,0.0,ACTIVE,segment_4_c16,etri-ser0002-cgnmsb,dynamic,1036.6,3,29.941,,1964451b-cdcb-47e3-bc76-73741e8e2556,16,17.91,spark,hold:spark:hysteresis_or_improvement_gate,ok,55.05,1788493407.9253182,46.01,694.994,869.137,0.0
False,0.0,1,2126.542,"{""agx"": 1217.257, ""nano"": 442.828, ""spark"": 1239.378}",1788493410.1673381,16,20.69,request_completed,repeated,False,286.0,0.0,1373.254,cached_on_demand,1321098329,0.0,0.0,ACTIVE,segment_4_c16,etri-ser0002-cgnmsb,dynamic,1239.378,4,29.941,,7e428816-049c-4033-9638-46f3889b429c,16,16.95,spark,hold:spark:hysteresis_or_improvement_gate,ok,67.05,1788493408.0407965,45.976,834.296,1010.064,0.0
False,0.0,1,2250.07,"{""agx"": 1024.807, ""nano"": 442.08, ""spark"": 1328.23}",1788493410.3766584,16,22.143,request_completed,repeated,False,286.0,0.0,1373.387,cached_on_demand,1321098329,0.0,0.0,ACTIVE,segment_4_c16,etri-ser0002-cgnmsb,dynamic,1328.23,4,29.942,,213a4b9b-f81e-4f36-b5c3-274fc98ad461,16,16.492,spark,hold:spark:hysteresis_or_improvement_gate,ok,55.05,1788493408.1265886,46.048,990.522,1166.213,0.0
False,0.0,1,2256.994,"{""agx"": 1024.397, ""nano"": 442.294, ""spark"": 1546.039}",1788493410.5844498,16,18.11,request_completed,repeated,False,286.0,0.0,1373.387,cached_on_demand,1321098329,0.0,0.0,ACTIVE,segment_4_c16,etri-ser0002-cgnmsb,dynamic,1546.039,5,29.942,,d7fd0bef-f352-4849-8658-b2ec01e002fe,16,15.678,spark,hold:spark:hysteresis_or_improvement_gate,ok,55.05,1788493408.3274567,45.95,1141.308,1317.837,0.0
False,0.0,1,2266.03,"{""agx"": 1024.739, ""nano"": 443.051, ""spark"": 1762.034}",1788493410.7921479,16,20.29,request_completed,repeated,False,286.0,0.0,1373.387,cached_on_demand,1321098329,0.0,0.0,ACTIVE,segment_4_c16,etri-ser0002-cgnmsb,dynamic,1762.034,6,29.942,,dc9539df-305e-4a88-9989-8039a57db3b4,16,13.05,spark,hold:spark:hysteresis_or_improvement_gate,ok,55.05,1788493408.5261188,45.611,1297.412,1473.369,0.0
False,0.0,1,2271.823,"{""agx"": 819.21, ""nano"": 442.884, ""spark"": 1735.483}",1788493410.9982753,16,17.949,request_completed,repeated,False,286.0,0.0,1373.566,cached_on_demand,1321098329,0.0,0.0,ACTIVE,segment_4_c16,etri-ser0002-cgnmsb,dynamic,1735.483,6,29.942,,bbf8ff0e-c935-47e5-90d7-6e683e4967a9,16,13.899,spark,hold:spark:hysteresis_or_improvement_gate,ok,56.0,1788493408.726452,45.774,1447.503,1624.813,0.0
False,0.0,1,2276.092,"{""agx"": 818.802, ""nano"": 442.577, ""spark"": 1942.111}",1788493411.2061145,16,23.077,request_completed,repeated,False,286.0,0.0,1373.566,cached_on_demand,1321098329,0.0,0.0,ACTIVE,segment_4_c16,etri-ser0002-cgnmsb,dynamic,1942.111,7,29.944,,5f74d65c-7408-41ce-aba7-d56f2c5bab33,16,5.329,spark,hold:spark:hysteresis_or_improvement_gate,ok,56.05,1788493408.9300227,46.071,1616.878,1792.575,0.0
False,0.0,1,2273.705,"{""agx"": 820.373, ""nano"": 441.761, ""spark"": 2159.82}",1788493411.4124007,16,18.627,request_completed,repeated,False,286.0,0.0,1373.566,cached_on_demand,1321098329,0.0,0.0,ACTIVE,segment_4_c16,etri-ser0002-cgnmsb,dynamic,2159.82,8,29.944,,8052e02b-f2d1-4c54-8c41-79b082f67747,16,7.84,spark,hold:spark:hysteresis_or_improvement_gate,ok,56.05,1788493409.1386952,46.057,1779.444,1953.061,0.0
False,0.0,1,2474.787,"{""agx"": 821.9, ""nano"": 442.81, ""spark"": 2382.954}",1788493411.617329,16,19.118,request_completed,repeated,False,286.0,0.0,1373.566,cached_on_demand,1321098329,0.0,0.0,ACTIVE,segment_4_c16,etri-ser0002-cgnmsb,dynamic,2382.954,9,29.943,,09030434-4c53-4a9f-baae-36ad519fb7e6,16,15.776,spark,hold:spark:hysteresis_or_improvement_gate,ok,55.05,1788493409.142542,46.035,1923.495,2099.805,0.0
False,0.0,1,2481.41,"{""agx"": 820.546, ""nano"": 442.278, ""spark"": 2346.511}",1788493411.822074,16,18.644,request_completed,repeated,False,286.0,0.0,1373.609,cached_on_demand,1321098329,0.0,0.0,ACTIVE,segment_4_c16,etri-ser0002-cgnmsb,dynamic,2346.511,9,29.943,,6b32d497-4b91-4eba-9f53-7ceab0a6dd49,16,9.099,spark,hold:spark:hysteresis_or_improvement_gate,ok,52.05,1788493409.3406641,45.78,2079.059,2253.779,0.0
False,0.0,1,2679.66,"{""agx"": 621.719, ""nano"": 444.216, ""spark"": 2561.426}",1788493412.028072,16,19.697,request_completed,repeated,False,286.0,0.0,1373.645,cached_on_demand,1321098329,0.0,0.0,ACTIVE,segment_4_c16,etri-ser0002-cgnmsb,dynamic,2561.426,10,29.919,,077c9000-3c5b-4880-9abd-80be626b61ed,16,11.522,spark,hold:spark:hysteresis_or_improvement_gate,ok,56.05,1788493409.3484118,45.782,2226.164,2403.084,0.0
False,0.0,1,2689.659,"{""agx"": 621.255, ""nano"": 442.766, ""spark"": 2778.757}",1788493412.2378118,16,18.919,request_completed,repeated,False,286.0,0.0,1373.645,cached_on_demand,1321098329,0.0,0.0,ACTIVE,segment_4_c16,etri-ser0002-cgnmsb,dynamic,2778.757,11,29.92,,f8e73a66-d098-44f7-a358-b4449c0888df,16,16.361,spark,hold:spark:hysteresis_or_improvement_gate,ok,55.05,1788493409.5481534,46.003,2377.204,2552.983,0.0
False,0.0,1,2894.916,"{""agx"": 621.418, ""nano"": 443.196, ""spark"": 2981.541}",1788493412.4480946,16,20.339,request_completed,repeated,False,286.0,0.0,1373.645,cached_on_demand,1321098329,0.0,0.0,ACTIVE,segment_4_c16,etri-ser0002-cgnmsb,dynamic,2981.541,12,29.923,,cc7c8761-3b34-4ea2-a7d8-0489bc283366,16,6.653,spark,hold:spark:hysteresis_or_improvement_gate,ok,56.05,1788493409.5531797,45.876,2541.174,2717.63,0.0
False,0.0,1,2895.544,"{""agx"": 419.114, ""nano"": 446.206, ""spark"": 2973.516}",1788493412.6509936,16,19.024,request_completed,repeated,False,286.0,0.0,1373.695,cached_on_demand,1321098329,0.0,0.0,ACTIVE,segment_4_c16,etri-ser0002-cgnmsb,dynamic,2973.516,12,29.923,,c13318e8-4361-4450-a456-e1981c2d3dd7,16,16.744,spark,hold:spark:hysteresis_or_improvement_gate,ok,56.0,1788493409.7554495,45.964,2658.846,2832.435,0.0
False,0.0,1,3094.075,"{""agx"": 419.385, ""nano"": 445.238, ""spark"": 3183.215}",1788493412.853739,16,18.248,request_completed,repeated,False,286.0,0.0,1373.695,cached_on_demand,1321098329,0.0,0.0,ACTIVE,segment_4_c16,etri-ser0002-cgnmsb,dynamic,3183.215,13,29.924,,b8ca21e6-30a5-4d3c-a4f8-07e2391b8ddb,16,15.245,spark,hold:spark:hysteresis_or_improvement_gate,ok,56.05,1788493409.7596636,45.901,2802.967,2977.575,0.0
False,0.0,1,3100.238,"{""agx"": 212.112, ""nano"": 443.993, ""spark"": 3153.719}",1788493413.0593326,16,18.018,request_completed,repeated,False,286.0,0.0,1373.742,cached_on_demand,1321098329,0.0,0.0,ACTIVE,segment_4_c16,etri-ser0002-cgnmsb,dynamic,3153.719,13,29.924,,c1d1f8ac-58e9-49ea-95af-49c8b5ae17f3,16,15.674,spark,hold:spark:hysteresis_or_improvement_gate,ok,56.05,1788493409.959095,46.03,2865.12,3041.456,0.0
False,0.0,1,3306.779,"{""agx"": 211.604, ""nano"": 444.988, ""spark"": 3353.894}",1788493413.269734,16,20.0,request_completed,repeated,False,286.0,0.0,1373.742,cached_on_demand,1321098329,0.0,0.0,ACTIVE,segment_4_c16,etri-ser0002-cgnmsb,dynamic,3353.894,14,29.925,,307d8184-8180-4db0-a12f-1b6633aeb8fb,16,6.646,spark,hold:spark:hysteresis_or_improvement_gate,ok,56.05,1788493409.9629557,46.062,3029.272,3204.924,0.0
False,0.0,1,3314.59,"{""agx"": 211.649, ""nano"": 446.367, ""spark"": 3346.299}",1788493413.4830966,16,18.799,request_completed,repeated,False,286.0,0.0,1373.789,cached_on_demand,1321098329,0.0,0.0,ACTIVE,segment_4_c16,etri-ser0002-cgnmsb,dynamic,3346.299,14,29.927,,cc555636-1776-4530-b2fa-443b90418fc3,16,17.819,spark,hold:spark:hysteresis_or_improvement_gate,ok,56.05,1788493410.1685073,45.939,3079.902,3254.245,0.0
False,0.0,1,3306.014,"{""agx"": 231.397, ""nano"": 448.955, ""spark"": 3347.533}",1788493413.6863759,16,25.0,request_completed,repeated,False,286.0,0.0,1373.836,cached_on_demand,1321098329,0.0,0.0,ACTIVE,segment_4_c16,etri-ser0002-cgnmsb,dynamic,3347.533,14,29.927,,72ee0a7f-64a2-48a7-a3a6-a3220b086111,16,14.941,spark,hold:spark:hysteresis_or_improvement_gate,ok,56.05,1788493410.38036,45.998,3016.416,3190.651,0.0
False,0.0,1,3305.39,"{""agx"": 216.073, ""nano"": 446.143, ""spark"": 3344.946}",1788493413.8938055,16,18.133,request_completed,repeated,False,286.0,0.0,1373.883,cached_on_demand,1321098329,0.0,0.0,ACTIVE,segment_4_c16,etri-ser0002-cgnmsb,dynamic,3344.946,14,29.9,,5a5426a5-b42b-4130-a544-208346a2ced8,16,15.666,spark,hold:spark:hysteresis_or_improvement_gate,ok,56.05,1788493410.5884652,44.992,3060.264,3239.05,0.0
False,0.0,1,3307.129,"{""agx"": 218.122, ""nano"": 444.852, ""spark"": 3338.779}",1788493414.1005569,16,20.654,request_completed,repeated,False,286.0,0.0,1373.906,cached_on_demand,1321098329,0.0,0.0,ACTIVE,segment_4_c16,etri-ser0002-cgnmsb,dynamic,3338.779,14,29.903,,07e364d7-2d77-4c1b-8eb8-77ee29f5feae,16,9.483,spark,hold:spark:hysteresis_or_improvement_gate,ok,56.05,1788493410.793429,44.976,3064.563,3242.833,0.0
False,0.0,1,3308.095,"{""agx"": 219.056, ""nano"": 447.792, ""spark"": 3338.533}",1788493414.3076515,16,18.618,request_completed,repeated,False,286.0,0.0,1373.953,cached_on_demand,1321098329,0.0,0.0,ACTIVE,segment_4_c16,etri-ser0002-cgnmsb,dynamic,3338.533,14,29.903,,c0ad2eee-cb85-4506-82ec-c4ef1b062696,16,19.909,spark,hold:spark:hysteresis_or_improvement_gate,ok,56.05,1788493410.9995575,45.784,3052.017,3229.194,0.0
False,0.0,1,3308.742,"{""agx"": 226.112, ""nano"": 448.1, ""spark"": 3334.164}",1788493414.515741,16,18.004,request_completed,repeated,False,286.0,0.0,1373.977,cached_on_demand,1321098329,0.0,0.0,ACTIVE,segment_4_c16,etri-ser0002-cgnmsb,dynamic,3334.164,14,29.904,,f35b5834-c604-4c19-ac8a-167f100e2789,16,16.26,spark,hold:spark:hysteresis_or_improvement_gate,ok,56.05,1788493411.2069986,45.681,3045.797,3221.03,0.0
False,0.0,1,3309.081,"{""agx"": 228.372, ""nano"": 448.974, ""spark"": 3330.505}",1788493414.7225728,16,18.367,request_completed,repeated,False,286.0,0.0,1374.016,cached_on_demand,1321098329,0.0,0.0,ACTIVE,segment_4_c16,etri-ser0002-cgnmsb,dynamic,3330.505,14,29.908,,8f2a42fa-34f9-4164-88f2-ee50040a35ac,16,16.969,spark,hold:spark:hysteresis_or_improvement_gate,ok,56.05,1788493411.4134927,45.65,3026.826,3204.777,0.0
False,0.0,1,3314.296,"{""agx"": 211.596, ""nano"": 447.258, ""spark"": 3318.329}",1788493414.9324737,16,18.395,request_completed,repeated,False,286.0,0.0,1374.027,cached_on_demand,1321098329,0.0,0.0,ACTIVE,segment_4_c16,etri-ser0002-cgnmsb,dynamic,3318.329,14,29.877,,4e459e97-62b2-4214-9bc1-d9ff12419d52,16,16.649,spark,hold:spark:hysteresis_or_improvement_gate,ok,56.0,1788493411.6181784,45.625,3075.565,3251.237,0.0
False,0.0,1,3313.61,"{""agx"": 210.817, ""nano"": 452.649, ""spark"": 3312.005}",1788493415.1366086,16,19.067,request_completed,repeated,False,286.0,0.0,1374.031,cached_on_demand,1321098329,0.0,0.0,ACTIVE,segment_4_c16,etri-ser0002-cgnmsb,dynamic,3312.005,14,29.877,,39ba54e7-2331-4723-821e-35121ec40db0,16,13.701,spark,hold:spark:hysteresis_or_improvement_gate,ok,56.05,1788493411.822998,45.891,3076.714,3252.388,0.0
False,0.0,1,3315.358,"{""agx"": 211.902, ""nano"": 454.895, ""spark"": 3310.667}",1788493415.344704,16,19.216,request_completed,repeated,False,286.0,0.0,1374.051,cached_on_demand,1321098329,0.0,0.0,ACTIVE,segment_4_c16,etri-ser0002-cgnmsb,dynamic,3310.667,14,29.895,,4e45f065-abe8-4404-a6fc-dea36338ef7e,16,14.891,spark,hold:spark:hysteresis_or_improvement_gate,ok,57.0,1788493412.0293465,45.871,3069.771,3246.069,0.0
False,0.0,1,3310.161,"{""agx"": 233.696, ""nano"": 454.568, ""spark"": 3316.681}",1788493415.5523334,16,20.0,request_completed,repeated,False,286.0,0.0,1374.074,cached_on_demand,1321098329,0.0,0.0,ACTIVE,segment_4_c16,etri-ser0002-cgnmsb,dynamic,3316.681,14,29.896,,db4b408e-269c-4359-8c27-f3cf4267de6f,16,14.409,spark,hold:spark:hysteresis_or_improvement_gate,ok,57.05,1788493412.242171,45.926,2991.498,3165.939,0.0
False,0.0,1,3305.923,"{""agx"": 227.62, ""nano"": 452.183, ""spark"": 3330.407}",1788493415.758626,16,17.703,request_completed,repeated,False,286.0,0.0,1374.102,cached_on_demand,1321098329,0.0,0.0,ACTIVE,segment_4_c16,etri-ser0002-cgnmsb,dynamic,3330.407,14,29.889,,870d10b7-b7b1-4cd7-a24e-572f70302fd2,16,13.447,spark,hold:spark:hysteresis_or_improvement_gate,ok,56.05,1788493412.4527023,45.798,2996.272,3173.14,0.0
False,0.0,1,3313.659,"{""agx"": 226.349, ""nano"": 447.123, ""spark"": 3311.956}",1788493415.9659865,16,20.488,request_completed,repeated,False,286.0,0.0,1374.145,cached_on_demand,1321098329,0.0,0.0,ACTIVE,segment_4_c16,etri-ser0002-cgnmsb,dynamic,3311.956,14,29.876,,577c91f8-730e-4864-aac4-f85327ef8713,16,7.94,spark,hold:spark:hysteresis_or_improvement_gate,ok,57.05,1788493412.6523278,45.932,3064.703,3239.43,0.0
False,0.0,1,3314.869,"{""agx"": 226.539, ""nano"": 453.403, ""spark"": 3307.379}",1788493416.1723447,16,18.644,request_completed,repeated,False,286.0,0.0,1374.168,cached_on_demand,1321098329,0.0,0.0,ACTIVE,segment_4_c16,etri-ser0002-cgnmsb,dynamic,3307.379,14,29.882,,3558e011-08e6-461b-a05d-843edae94066,16,20.915,spark,hold:spark:hysteresis_or_improvement_gate,ok,57.0,1788493412.8574743,46.046,3038.584,3214.686,0.0
False,0.0,1,3316.6,"{""agx"": 226.909, ""nano"": 452.434, ""spark"": 3301.666}",1788493416.3801165,16,18.008,request_completed,repeated,False,286.0,0.0,1374.211,cached_on_demand,1321098329,0.0,0.0,ACTIVE,segment_4_c16,etri-ser0002-cgnmsb,dynamic,3301.666,14,29.882,,03e2c06d-49f0-4ca3-83d4-e3d07ea9c5bf,16,16.066,spark,hold:spark:hysteresis_or_improvement_gate,ok,57.05,1788493413.0635157,46.013,3057.618,3232.531,0.0
False,0.0,1,3316.561,"{""agx"": 225.62, ""nano"": 451.754, ""spark"": 3319.257}",1788493416.5905552,16,18.288,request_completed,repeated,False,286.0,0.0,1374.219,cached_on_demand,1321098329,0.0,0.0,ACTIVE,segment_4_c16,etri-ser0002-cgnmsb,dynamic,3319.257,14,29.861,,749b6683-6876-4d1d-af3c-9650f098318c,16,18.297,spark,hold:spark:hysteresis_or_improvement_gate,ok,56.05,1788493413.2739928,45.823,3045.097,3222.777,0.0
False,0.0,1,3308.835,"{""agx"": 223.07, ""nano"": 450.738, ""spark"": 3346.8}",1788493416.7954588,16,18.405,request_completed,repeated,False,286.0,0.0,1374.242,cached_on_demand,1321098329,0.0,0.0,ACTIVE,segment_4_c16,etri-ser0002-cgnmsb,dynamic,3346.8,14,29.866,,279de13b-3f3e-49df-80ab-ee9a86e5e846,16,19.504,spark,hold:spark:hysteresis_or_improvement_gate,ok,56.05,1788493413.4866233,46.223,3048.601,3224.078,0.0
False,0.0,1,3313.507,"{""agx"": 217.316, ""nano"": 446.934, ""spark"": 3316.162}",1788493417.0012946,16,22.034,request_completed,repeated,False,286.0,0.0,1374.254,cached_on_demand,1321098329,0.0,0.0,ACTIVE,segment_4_c16,etri-ser0002-cgnmsb,dynamic,3316.162,14,29.847,,c320d491-34ac-4b86-aa32-e72453a5d38f,16,4.85,spark,hold:spark:hysteresis_or_improvement_gate,ok,56.05,1788493413.6877885,45.981,3084.692,3258.176,0.0
False,0.0,1,3308.373,"{""agx"": 222.989, ""nano"": 449.136, ""spark"": 3318.74}",1788493417.2054775,16,23.346,request_completed,repeated,False,286.0,0.0,1374.258,cached_on_demand,1321098329,0.0,0.0,ACTIVE,segment_4_c16,etri-ser0002-cgnmsb,dynamic,3318.74,14,29.823,,b47dc2c0-cdac-49e5-a1eb-67d48f05768b,16,8.692,spark,hold:spark:hysteresis_or_improvement_gate,ok,56.05,1788493413.8971033,46.039,3054.646,3231.126,0.0
False,0.0,1,3309.128,"{""agx"": 211.162, ""nano"": 454.058, ""spark"": 3316.969}",1788493417.413171,16,22.588,request_completed,repeated,False,286.0,0.0,1374.266,cached_on_demand,1321098329,0.0,0.0,ACTIVE,segment_4_c16,etri-ser0002-cgnmsb,dynamic,3316.969,14,29.822,,2cd7c135-cf7d-4bfe-9173-a5704ff5b9d9,16,7.353,spark,hold:spark:hysteresis_or_improvement_gate,ok,56.05,1788493414.1040423,45.96,3075.995,3251.112,0.0
False,0.0,1,3307.239,"{""agx"": 228.698, ""nano"": 448.93, ""spark"": 3320.078}",1788493417.6186001,16,18.478,request_completed,repeated,False,286.0,0.0,1374.27,cached_on_demand,1321098329,0.0,0.0,ACTIVE,segment_4_c16,etri-ser0002-cgnmsb,dynamic,3320.078,14,29.822,,7b32af80-7655-4f6a-8fc0-6005317a4c77,16,12.174,spark,hold:spark:hysteresis_or_improvement_gate,ok,56.05,1788493414.3113606,45.942,3043.7,3218.446,0.0
False,0.0,1,3306.885,"{""agx"": 221.198, ""nano"": 454.505, ""spark"": 3318.887}",1788493417.8241308,16,22.289,request_completed,repeated,False,286.0,0.0,1374.273,cached_on_demand,1321098329,0.0,0.0,ACTIVE,segment_4_c16,etri-ser0002-cgnmsb,dynamic,3318.887,14,29.802,,8412d047-ae29-4e98-8e50-2f4c29c0453f,16,6.663,spark,hold:spark:hysteresis_or_improvement_gate,ok,57.05,1788493414.5172358,45.986,3052.084,3228.164,0.0
False,0.0,1,3305.446,"{""agx"": 239.436, ""nano"": 465.593, ""spark"": 3327.75}",1788493418.0325282,16,21.122,request_completed,repeated,False,286.0,0.0,1374.273,cached_on_demand,1321098329,0.0,0.0,ACTIVE,segment_4_c16,etri-ser0002-cgnmsb,dynamic,3327.75,14,29.801,,bee699e9-7115-4faa-9767-a9a5883f2742,16,20.182,spark,hold:spark:hysteresis_or_improvement_gate,ok,65.05,1788493414.727082,46.167,2999.232,3175.153,0.0
False,0.0,1,3307.712,"{""agx"": 225.055, ""nano"": 453.166, ""spark"": 3329.86}",1788493418.2427685,16,20.366,request_completed,repeated,False,286.0,0.0,1374.273,cached_on_demand,1321098329,0.0,0.0,ACTIVE,segment_4_c16,etri-ser0002-cgnmsb,dynamic,3329.86,14,29.8,,c1a4e118-5e39-4b6f-9b1c-62505e4f5574,16,10.676,spark,hold:spark:hysteresis_or_improvement_gate,ok,57.0,1788493414.9350564,45.948,3049.112,3225.197,0.0
False,0.0,1,3313.356,"{""agx"": 226.026, ""nano"": 448.247, ""spark"": 3327.738}",1788493418.4508448,16,20.236,request_completed,repeated,False,286.0,0.0,1374.277,cached_on_demand,1321098329,0.0,0.0,ACTIVE,segment_4_c16,etri-ser0002-cgnmsb,dynamic,3327.738,14,29.801,,7a53640f-1ca9-4ea1-b7ed-5fbb1125263f,16,20.154,spark,hold:spark:hysteresis_or_improvement_gate,ok,56.0,1788493415.1374884,46.005,3043.467,3218.971,0.0
False,0.0,1,3311.558,"{""agx"": 225.31, ""nano"": 449.528, ""spark"": 3327.968}",1788493418.660079,16,19.473,request_completed,repeated,False,286.0,0.0,1374.281,cached_on_demand,1321098329,0.0,0.0,ACTIVE,segment_4_c16,etri-ser0002-cgnmsb,dynamic,3327.968,14,29.8,,bd149312-9080-44d1-9216-662e51c5b6f8,16,19.952,spark,hold:spark:hysteresis_or_improvement_gate,ok,57.0,1788493415.3485203,45.945,3047.48,3224.264,0.0
False,0.0,1,3314.638,"{""agx"": 210.616, ""nano"": 453.053, ""spark"": 3322.85}",1788493418.8678427,16,20.863,request_completed,repeated,False,286.0,0.0,1374.285,cached_on_demand,1321098329,0.0,0.0,ACTIVE,segment_4_c16,etri-ser0002-cgnmsb,dynamic,3322.85,14,29.779,,74dea2b0-896f-4be0-9489-b6e6e80d2d15,16,8.946,spark,hold:spark:hysteresis_or_improvement_gate,ok,56.05,1788493415.5532053,46.004,3074.221,3249.302,0.0
False,0.0,1,3313.659,"{""agx"": 214.271, ""nano"": 452.851, ""spark"": 3318.377}",1788493419.0751603,16,18.775,request_completed,repeated,False,286.0,0.0,1374.289,cached_on_demand,1321098329,0.0,0.0,ACTIVE,segment_4_c16,etri-ser0002-cgnmsb,dynamic,3318.377,14,29.78,,d6be6e1a-d2cf-48c1-b46a-d0e874d228f2,16,12.153,spark,hold:spark:hysteresis_or_improvement_gate,ok,54.05,1788493415.7615001,46.007,3064.835,3241.082,0.0
False,0.0,1,3315.964,"{""agx"": 225.203, ""nano"": 449.019, ""spark"": 3321.247}",1788493419.2855484,16,18.4,request_completed,repeated,False,286.0,0.0,1374.293,cached_on_demand,1321098329,0.0,0.0,ACTIVE,segment_4_c16,etri-ser0002-cgnmsb,dynamic,3321.247,14,29.781,,6ba66bac-71af-4a26-94af-4125867fa773,16,10.559,spark,hold:spark:hysteresis_or_improvement_gate,ok,56.05,1788493415.9695835,45.962,3058.198,3234.282,0.0
False,0.0,1,3322.602,"{""agx"": 227.83, ""nano"": 452.206, ""spark"": 3324.802}",1788493419.495804,16,18.216,request_completed,repeated,False,286.0,0.0,1374.312,cached_on_demand,1321098329,0.0,0.0,ACTIVE,segment_4_c16,etri-ser0002-cgnmsb,dynamic,3324.802,14,29.781,,f1eddfc8-5b72-4d56-a0e1-f9e664d4504d,16,18.626,spark,hold:spark:hysteresis_or_improvement_gate,ok,57.0,1788493416.173203,45.895,3050.678,3226.905,0.0
False,0.0,1,3322.093,"{""agx"": 230.01, ""nano"": 449.248, ""spark"": 3329.847}",1788493419.7057457,16,18.254,request_completed,repeated,False,286.0,0.0,1374.32,cached_on_demand,1321098329,0.0,0.0,ACTIVE,segment_4_c16,etri-ser0002-cgnmsb,dynamic,3329.847,14,29.78,,65c7b941-d89d-48b4-b393-2c1a1ded0807,16,20.871,spark,hold:spark:hysteresis_or_improvement_gate,ok,57.05,1788493416.3836517,45.94,3046.346,3222.244,0.0
False,0.0,1,3319.182,"{""agx"": 225.151, ""nano"": 453.567, ""spark"": 3337.25}",1788493419.9132721,16,18.721,request_completed,repeated,False,286.0,0.0,1374.34,cached_on_demand,1321098329,0.0,0.0,ACTIVE,segment_4_c16,etri-ser0002-cgnmsb,dynamic,3337.25,14,29.761,,5987279e-639e-42f4-bcf6-f4bf4865fa39,16,17.794,spark,hold:spark:hysteresis_or_improvement_gate,ok,56.05,1788493416.5940886,46.447,3036.466,3211.657,0.0
False,0.0,1,3324.001,"{""agx"": 211.718, ""nano"": 449.198, ""spark"": 3320.488}",1788493420.123144,16,18.529,request_completed,repeated,False,286.0,0.0,1374.348,cached_on_demand,1321098329,0.0,0.0,ACTIVE,segment_4_c16,etri-ser0002-cgnmsb,dynamic,3320.488,14,29.762,,1f166773-b5e7-4f49-8b26-339f89a91bb9,16,7.432,spark,hold:spark:hysteresis_or_improvement_gate,ok,56.05,1788493416.7991414,45.897,3095.412,3271.403,0.0
False,0.0,1,3326.834,"{""agx"": 223.149, ""nano"": 447.748, ""spark"": 3326.775}",1788493420.3315723,16,19.76,request_completed,repeated,False,286.0,0.0,1374.348,cached_on_demand,1321098329,0.0,0.0,ACTIVE,segment_4_c16,etri-ser0002-cgnmsb,dynamic,3326.775,14,29.759,,255377f9-3602-4544-8046-0bc6665d3180,16,19.719,spark,hold:spark:hysteresis_or_improvement_gate,ok,57.05,1788493417.0047367,46.077,3062.359,3237.172,0.0
False,0.0,1,3330.125,"{""agx"": 223.892, ""nano"": 451.712, ""spark"": 3314.478}",1788493420.5397904,16,17.726,request_completed,repeated,False,286.0,0.0,1374.348,cached_on_demand,1321098329,0.0,0.0,ACTIVE,segment_4_c16,etri-ser0002-cgnmsb,dynamic,3314.478,14,29.759,,fcda1b53-9c53-4bb0-b89b-3bb511511497,16,18.398,spark,hold:spark:hysteresis_or_improvement_gate,ok,57.05,1788493417.209664,45.78,3054.561,3228.84,0.0
False,0.0,1,3327.538,"{""agx"": 226.236, ""nano"": 452.705, ""spark"": 3311.837}",1788493420.7440946,16,18.548,request_completed,repeated,False,286.0,0.0,1374.352,cached_on_demand,1321098329,0.0,0.0,ACTIVE,segment_4_c16,etri-ser0002-cgnmsb,dynamic,3311.837,14,29.76,,0b3c327b-cce8-40bc-8f4c-1cef8e20a698,16,9.965,spark,hold:spark:hysteresis_or_improvement_gate,ok,56.05,1788493417.4165561,45.416,3068.388,3244.751,0.0
False,0.0,1,3327.269,"{""agx"": 229.598, ""nano"": 452.862, ""spark"": 3313.348}",1788493420.9499078,16,18.75,request_completed,repeated,False,286.0,0.0,1374.355,cached_on_demand,1321098329,0.0,0.0,ACTIVE,segment_4_c16,etri-ser0002-cgnmsb,dynamic,3313.348,14,29.745,,08dd1be0-d43f-48a6-8bc3-7946b227f40b,16,16.324,spark,hold:spark:hysteresis_or_improvement_gate,ok,57.05,1788493417.6226373,45.68,3010.32,3188.534,0.0
False,0.0,1,3334.411,"{""agx"": 214.127, ""nano"": 447.278, ""spark"": 3304.51}",1788493421.1597703,16,18.387,request_completed,repeated,False,286.0,0.0,1374.359,cached_on_demand,1321098329,0.0,0.0,ACTIVE,segment_4_c16,etri-ser0002-cgnmsb,dynamic,3304.51,14,29.743,,54f5bbbd-691f-49cd-9e9d-6d34c4b8ee40,16,11.742,spark,hold:spark:hysteresis_or_improvement_gate,ok,56.05,1788493417.8253589,45.374,3090.39,3267.058,0.0
False,0.0,1,3329.44,"{""agx"": 224.412, ""nano"": 449.92, ""spark"": 3316.135}",1788493421.365576,16,26.316,request_completed,repeated,False,286.0,0.0,1374.363,cached_on_demand,1321098329,0.0,0.0,ACTIVE,segment_4_c16,etri-ser0002-cgnmsb,dynamic,3316.135,14,29.744,,ae064706-02f8-461b-8c56-275d47de3e7c,16,14.711,spark,hold:spark:hysteresis_or_improvement_gate,ok,57.0,1788493418.036135,45.52,3076.367,3252.507,0.0
False,0.0,1,3326.382,"{""agx"": 223.599, ""nano"": 451.474, ""spark"": 3331.975}",1788493421.5727594,16,18.893,request_completed,repeated,False,286.0,0.0,1374.363,cached_on_demand,1321098329,0.0,0.0,ACTIVE,segment_4_c16,etri-ser0002-cgnmsb,dynamic,3331.975,14,29.745,,19e410fc-8b6c-4ab1-871b-b2657ce2804c,16,19.143,spark,hold:spark:hysteresis_or_improvement_gate,ok,57.0,1788493418.2463763,45.179,3060.116,3238.14,0.0
False,0.0,1,3325.815,"{""agx"": 223.805, ""nano"": 451.505, ""spark"": 3333.343}",1788493421.7781227,16,18.93,request_completed,repeated,False,286.0,0.0,1374.367,cached_on_demand,1321098329,0.0,0.0,ACTIVE,segment_4_c16,etri-ser0002-cgnmsb,dynamic,3333.343,14,29.74,,7d55ffad-0731-46e0-b3ba-3bc76e2ca733,16,16.991,spark,hold:spark:hysteresis_or_improvement_gate,ok,57.05,1788493418.452308,45.546,3064.406,3240.721,0.0
False,0.0,1,3316.866,"{""agx"": 226.56, ""nano"": 452.274, ""spark"": 3341.84}",1788493421.980467,16,18.582,request_completed,repeated,False,286.0,0.0,1374.367,cached_on_demand,1321098329,0.0,0.0,ACTIVE,segment_4_c16,etri-ser0002-cgnmsb,dynamic,3341.84,14,29.728,,6c9ba635-5fcf-4fb5-9d52-05656851fb25,16,17.552,spark,hold:spark:hysteresis_or_improvement_gate,ok,56.05,1788493418.6636002,45.907,3051.109,3225.475,0.0
False,0.0,1,3315.684,"{""agx"": 214.506, ""nano"": 453.156, ""spark"": 3333.198}",1788493422.185378,16,18.876,request_completed,repeated,False,286.0,0.0,1374.367,cached_on_demand,1321098329,0.0,0.0,ACTIVE,segment_4_c16,etri-ser0002-cgnmsb,dynamic,3333.198,14,29.725,,03d052f4-eb4f-4b39-853e-f698304774fb,16,9.182,spark,hold:spark:hysteresis_or_improvement_gate,ok,57.05,1788493418.869694,45.967,3063.963,3240.736,0.0
False,0.0,1,3315.513,"{""agx"": 211.247, ""nano"": 448.931, ""spark"": 3340.6}",1788493422.394028,16,18.238,request_completed,repeated,False,286.0,0.0,1374.367,cached_on_demand,1321098329,0.0,0.0,ACTIVE,segment_4_c16,etri-ser0002-cgnmsb,dynamic,3340.6,14,29.725,,327b6361-2b76-466e-9e0d-5830ebdbbb85,16,18.28,spark,hold:spark:hysteresis_or_improvement_gate,ok,56.05,1788493419.0785136,46.124,3071.435,3245.801,0.0
False,0.0,1,3313.041,"{""agx"": 223.976, ""nano"": 454.123, ""spark"": 3348.884}",1788493422.6020753,16,18.561,request_completed,repeated,False,286.0,0.0,1374.367,cached_on_demand,1321098329,0.0,0.0,ACTIVE,segment_4_c16,etri-ser0002-cgnmsb,dynamic,3348.884,14,29.726,,f6c416a9-97d5-4430-a64e-358645ea2e54,16,19.828,spark,hold:spark:hysteresis_or_improvement_gate,ok,56.05,1788493419.289034,46.008,3042.733,3219.186,0.0
False,0.0,1,3311.816,"{""agx"": 226.541, ""nano"": 451.838, ""spark"": 3354.743}",1788493422.8119936,16,18.16,request_completed,repeated,False,286.0,0.0,1374.367,cached_on_demand,1321098329,0.0,0.0,ACTIVE,segment_4_c16,etri-ser0002-cgnmsb,dynamic,3354.743,14,29.71,,994d61a6-c5b9-40a1-a0d7-d3d61fb34456,16,20.007,spark,hold:spark:hysteresis_or_improvement_gate,ok,56.05,1788493419.5001764,45.874,3039.359,3215.588,0.0
False,0.0,1,3308.383,"{""agx"": 210.39, ""nano"": 452.78, ""spark"": 3353.698}",1788493423.0188298,16,19.255,request_completed,repeated,False,286.0,0.0,1374.367,cached_on_demand,1321098329,0.0,0.0,ACTIVE,segment_4_c16,etri-ser0002-cgnmsb,dynamic,3353.698,14,29.707,,b61db99f-405a-4078-b7b0-cd34b6221adf,16,15.714,spark,hold:spark:hysteresis_or_improvement_gate,ok,57.05,1788493419.7104445,45.96,3049.786,3226.3,0.0
False,0.0,0,285.412,"{""agx"": 224.982, ""nano"": 452.605, ""spark"": 222.571}",1788493423.3090804,1,15.697,request_completed,repeated,False,286.0,0.0,1374.383,cached_on_demand,1321098329,0.0,0.0,ACTIVE,segment_5_c1,etri-ser0002-cgnmsb,dynamic,222.571,0,29.635,,f27bfd30-2405-4e3a-88a9-c36d92758654,1,15.514,spark,hold:spark:hysteresis_or_improvement_gate,ok,44.0,1788493423.0236666,46.06,28.3,202.546,0.0
False,0.0,0,298.463,"{""agx"": 226.861, ""nano"": 452.318, ""spark"": 223.272}",1788493423.6110647,1,15.515,request_completed,repeated,False,286.0,0.0,1374.383,cached_on_demand,1321098329,0.0,0.0,ACTIVE,segment_5_c1,etri-ser0002-cgnmsb,dynamic,223.272,0,29.637,,4d53b4e0-518d-407b-b0a4-cb8a0970b275,1,17.344,spark,hold:spark:hysteresis_or_improvement_gate,ok,43.05,1788493423.3126009,45.974,27.718,203.772,0.0
False,0.0,0,284.937,"{""agx"": 224.899, ""nano"": 451.171, ""spark"": 214.114}",1788493423.899549,1,15.983,request_completed,repeated,False,286.0,0.0,1374.383,cached_on_demand,1321098329,0.0,0.0,ACTIVE,segment_5_c1,etri-ser0002-cgnmsb,dynamic,214.114,0,29.623,,dd67e70d-8fa7-4576-97be-7c3b3a5e63ff,1,8.725,spark,hold:spark:hysteresis_or_improvement_gate,ok,44.05,1788493423.6146114,45.979,28.521,204.111,0.0
False,0.0,0,305.031,"{""agx"": 224.389, ""nano"": 451.678, ""spark"": 216.464}",1788493424.2077732,1,11.224,request_completed,repeated,False,286.0,0.0,1374.383,cached_on_demand,1321098329,0.0,0.0,ACTIVE,segment_5_c1,etri-ser0002-cgnmsb,dynamic,216.464,0,29.619,,1e01bf15-4697-4fd1-adea-6da157a1858f,1,11.395,spark,hold:spark:hysteresis_or_improvement_gate,ok,43.05,1788493423.9027417,46.122,28.651,204.187,0.0
False,0.0,0,297.298,"{""agx"": 233.303, ""nano"": 454.672, ""spark"": 218.237}",1788493424.5086231,1,15.16,request_completed,repeated,False,286.0,0.0,1374.383,cached_on_demand,1321098329,0.0,0.0,ACTIVE,segment_5_c1,etri-ser0002-cgnmsb,dynamic,218.237,0,29.622,,44f62912-3a4d-4813-b877-4c2154f31acd,1,13.39,spark,hold:spark:hysteresis_or_improvement_gate,ok,43.05,1788493424.211324,45.978,28.451,204.414,0.0
False,0.0,0,295.519,"{""agx"": 223.509, ""nano"": 451.192, ""spark"": 226.511}",1788493424.8053703,1,,request_completed,repeated,False,286.0,0.0,1374.387,cached_on_demand,1321098329,0.0,0.0,ACTIVE,segment_5_c1,etri-ser0002-cgnmsb,dynamic,226.511,0,29.601,,3025e190-c673-417a-9b0b-972b0cffff51,1,21.773,spark,hold:spark:hysteresis_or_improvement_gate,ok,43.05,1788493424.5098515,45.925,27.848,203.227,0.0
False,0.0,0,272.447,"{""agx"": 219.391, ""nano"": 450.79, ""spark"": 212.055}",1788493425.080036,1,18.114,request_completed,repeated,False,286.0,0.0,1374.387,cached_on_demand,1321098329,0.0,0.0,ACTIVE,segment_5_c1,etri-ser0002-cgnmsb,dynamic,212.055,0,29.6,,4f2ff906-f73b-4e93-af44-725f16273436,1,7.695,spark,hold:spark:hysteresis_or_improvement_gate,ok,50.05,1788493424.8075876,46.365,28.183,202.012,0.0
False,0.0,0,263.467,"{""agx"": 211.245, ""nano"": 449.595, ""spark"": 217.92}",1788493425.3449645,1,17.0,request_completed,repeated,False,286.0,0.0,1374.387,cached_on_demand,1321098329,0.0,0.0,ACTIVE,segment_5_c1,etri-ser0002-cgnmsb,dynamic,217.92,0,29.6,,625bc4f1-4b5d-416a-8c56-2071aa93a4c8,1,14.148,spark,hold:spark:hysteresis_or_improvement_gate,ok,50.0,1788493425.0814981,46.38,27.66,202.192,0.0
False,0.0,0,297.798,"{""agx"": 223.317, ""nano"": 451.472, ""spark"": 221.039}",1788493425.646337,1,15.7,request_completed,repeated,False,286.0,0.0,1374.387,cached_on_demand,1321098329,0.0,0.0,ACTIVE,segment_5_c1,etri-ser0002-cgnmsb,dynamic,221.039,0,29.597,,85cb394a-5437-4473-93ff-76891ed2c512,1,17.663,spark,hold:spark:hysteresis_or_improvement_gate,ok,42.05,1788493425.3485386,46.095,28.676,203.761,0.0
False,0.0,0,285.491,"{""agx"": 227.752, ""nano"": 446.009, ""spark"": 218.258}",1788493425.935155,1,10.0,request_completed,repeated,False,286.0,0.0,1374.387,cached_on_demand,1321098329,0.0,0.0,ACTIVE,segment_5_c1,etri-ser0002-cgnmsb,dynamic,218.258,0,29.571,,69ef75bd-2733-4cf8-8dc0-2e0cf2cc0c35,1,14.786,spark,hold:spark:hysteresis_or_improvement_gate,ok,43.05,1788493425.6496627,45.759,27.098,202.567,0.0
False,0.0,0,288.646,"{""agx"": 223.752, ""nano"": 455.741, ""spark"": 211.556}",1788493426.2274573,1,18.169,request_completed,repeated,False,286.0,0.0,1374.391,cached_on_demand,1321098329,0.0,0.0,ACTIVE,segment_5_c1,etri-ser0002-cgnmsb,dynamic,211.556,0,29.576,,ead2a92f-be35-4413-a3f4-c69b4fa08411,1,8.311,spark,hold:spark:hysteresis_or_improvement_gate,ok,46.05,1788493425.93881,45.908,28.254,204.695,0.0
False,0.0,0,293.817,"{""agx"": 223.622, ""nano"": 456.226, ""spark"": 218.348}",1788493426.525355,1,17.227,request_completed,repeated,False,286.0,0.0,1374.391,cached_on_demand,1321098329,0.0,0.0,ACTIVE,segment_5_c1,etri-ser0002-cgnmsb,dynamic,218.348,0,29.585,,0ceb4995-19c6-4e5c-9592-f2763642c9bc,1,14.741,spark,hold:spark:hysteresis_or_improvement_gate,ok,43.05,1788493426.231538,45.961,28.614,202.889,0.0
False,0.0,0,283.047,"{""agx"": 227.904, ""nano"": 450.865, ""spark"": 211.649}",1788493426.8127773,1,16.91,request_completed,repeated,False,286.0,0.0,1374.391,cached_on_demand,1321098329,0.0,0.0,ACTIVE,segment_5_c1,etri-ser0002-cgnmsb,dynamic,211.649,0,29.573,,d6acfeec-0283-4fdd-8dca-0638248d78f2,1,8.222,spark,hold:spark:hysteresis_or_improvement_gate,ok,53.05,1788493426.5297294,45.572,27.705,204.259,0.0
False,0.0,0,273.929,"{""agx"": 215.855, ""nano"": 450.749, ""spark"": 217.118}",1788493427.0901108,1,19.816,request_completed,repeated,False,286.0,0.0,1374.391,cached_on_demand,1321098329,0.0,0.0,ACTIVE,segment_5_c1,etri-ser0002-cgnmsb,dynamic,217.118,0,29.566,,f7a9fa4e-3761-4e0b-96f6-1ace1ca20405,1,13.484,spark,hold:spark:hysteresis_or_improvement_gate,ok,62.05,1788493426.8161812,45.252,28.068,205.634,0.0
False,0.0,0,261.997,"{""agx"": 210.184, ""nano"": 451.705, ""spark"": 210.039}",1788493427.355906,1,10.833,request_completed,repeated,False,871.0,0.0,1374.211,cached_on_demand,1321098329,0.0,0.0,ACTIVE,segment_5_c1,etri-ser0001-cg0msb,dynamic,210.184,0,19.287,,3fc7fc60-e2ca-4f60-8d7d-e958c5a22221,1,5.73,agx,recovery:spark->agx:sustained,ok,45.0,1788493427.0939076,45.422,31.646,207.924,0.0
False,0.0,0,259.75,"{""agx"": 213.151, ""nano"": 451.356, ""spark"": 216.653}",1788493427.616815,1,38.636,request_completed,repeated,False,871.0,0.0,1374.211,cached_on_demand,1321098329,0.0,0.0,ACTIVE,segment_5_c1,etri-ser0001-cg0msb,dynamic,213.151,0,19.281,,474fa286-f473-4cd6-a1ec-bd06b6066e3c,1,7.83,agx,hold:agx:hysteresis_or_improvement_gate,ok,49.0,1788493427.3570657,47.02,26.912,197.345,0.0
False,0.0,0,264.524,"{""agx"": 211.319, ""nano"": 449.484, ""spark"": 217.444}",1788493427.8824987,1,38.588,request_completed,repeated,False,871.0,0.0,1374.211,cached_on_demand,1321098329,0.0,0.0,ACTIVE,segment_5_c1,etri-ser0001-cg0msb,dynamic,211.319,0,19.279,,d398f830-d7c5-4bae-b5cf-062722a1b8e8,1,7.993,agx,hold:agx:hysteresis_or_improvement_gate,ok,55.0,1788493427.6179748,45.192,29.548,206.707,0.0
False,0.0,0,265.173,"{""agx"": 212.142, ""nano"": 447.85, ""spark"": 221.564}",1788493428.148823,1,38.679,request_completed,repeated,False,871.0,0.0,1374.211,cached_on_demand,1321098329,0.0,0.0,ACTIVE,segment_5_c1,etri-ser0001-cg0msb,dynamic,212.142,0,19.283,,c2004204-8dc7-42d6-8adb-2dde32070d97,1,7.972,agx,hold:agx:hysteresis_or_improvement_gate,ok,71.0,1788493427.8836503,45.332,27.736,204.479,0.0
False,0.0,0,261.395,"{""agx"": 212.276, ""nano"": 452.427, ""spark"": 219.132}",1788493428.4113097,1,45.0,request_completed,repeated,False,871.0,0.0,1374.211,cached_on_demand,1321098329,0.0,0.0,ACTIVE,segment_5_c1,etri-ser0001-cg0msb,dynamic,212.276,0,19.287,,c8422f05-ac98-458f-98df-30f963db5923,1,8.03,agx,hold:agx:hysteresis_or_improvement_gate,ok,59.0,1788493428.149915,46.908,27.215,198.108,0.0
False,0.0,0,273.86,"{""agx"": 211.29, ""nano"": 453.9, ""spark"": 218.807}",1788493428.686382,1,38.571,request_completed,repeated,False,871.0,0.0,1374.211,cached_on_demand,1321098329,0.0,0.0,ACTIVE,segment_5_c1,etri-ser0001-cg0msb,dynamic,211.29,0,19.287,,3895dea5-b736-4899-b127-1d64f2b755b5,1,8.58,agx,hold:agx:hysteresis_or_improvement_gate,ok,60.0,1788493428.412522,45.669,27.565,202.929,0.0
False,0.0,0,266.895,"{""agx"": 210.685, ""nano"": 449.449, ""spark"": 218.244}",1788493428.954491,1,38.654,request_completed,repeated,False,871.0,0.0,1374.211,cached_on_demand,1321098329,0.0,0.0,ACTIVE,segment_5_c1,etri-ser0001-cg0msb,dynamic,210.685,0,19.284,,3e29b19a-bcc0-4e64-8cf0-65a635ad581a,1,7.921,agx,hold:agx:hysteresis_or_improvement_gate,ok,74.0,1788493428.687596,44.398,28.079,208.584,0.0
False,0.0,0,260.177,"{""agx"": 210.732, ""nano"": 449.452, ""spark"": 211.756}",1788493429.215743,1,55.0,request_completed,repeated,False,871.0,0.0,1374.215,cached_on_demand,1321098329,0.0,0.0,ACTIVE,segment_5_c1,etri-ser0001-cg0msb,dynamic,210.732,0,19.291,,ac90a8c2-361b-47d2-ad52-1d9df093a950,1,6.514,agx,hold:agx:hysteresis_or_improvement_gate,ok,71.0,1788493428.9555662,44.687,27.39,206.618,0.0
False,0.0,0,262.066,"{""agx"": 213.071, ""nano"": 449.916, ""spark"": 219.439}",1788493429.4789324,1,42.972,request_completed,repeated,False,871.0,0.0,1374.215,cached_on_demand,1321098329,0.0,0.0,ACTIVE,segment_5_c1,etri-ser0001-cg0msb,dynamic,213.071,0,19.299,,d6225357-a9ed-4008-8808-4863b6ed31c8,1,8.254,agx,hold:agx:hysteresis_or_improvement_gate,ok,63.0,1788493429.2168667,47.222,26.912,196.568,0.0
False,0.0,0,273.058,"{""agx"": 210.933, ""nano"": 454.505, ""spark"": 218.037}",1788493429.7531137,1,34.951,request_completed,repeated,False,871.0,0.0,1374.215,cached_on_demand,1321098329,0.0,0.0,ACTIVE,segment_5_c1,etri-ser0001-cg0msb,dynamic,210.933,0,19.312,,d4f1e16f-801a-47f6-828a-07aac2d692a7,1,8.18,agx,hold:agx:hysteresis_or_improvement_gate,ok,63.0,1788493429.4800556,44.988,27.584,205.672,0.0
False,0.0,0,266.461,"{""agx"": 211.718, ""nano"": 453.255, ""spark"": 218.848}",1788493430.0205486,1,40.187,request_completed,repeated,False,871.0,0.0,1374.215,cached_on_demand,1321098329,0.0,0.0,ACTIVE,segment_5_c1,etri-ser0001-cg0msb,dynamic,211.718,0,19.309,,dccfab87-4539-44f4-9097-ef20deea1ca1,1,8.236,agx,hold:agx:hysteresis_or_improvement_gate,ok,64.0,1788493429.7540877,45.794,27.31,202.236,0.0
False,0.0,0,262.265,"{""agx"": 210.837, ""nano"": 447.49, ""spark"": 217.603}",1788493430.2840085,1,35.95,request_completed,repeated,False,871.0,0.0,1374.215,cached_on_demand,1321098329,0.0,0.0,ACTIVE,segment_5_c1,etri-ser0001-cg0msb,dynamic,210.837,0,19.318,,7f93df66-c4c4-4f57-ad94-c49ab67a392e,1,7.667,agx,hold:agx:hysteresis_or_improvement_gate,ok,63.0,1788493430.0217433,46.016,27.868,201.922,0.0
False,0.0,0,260.615,"{""agx"": 211.011, ""nano"": 450.298, ""spark"": 220.373}",1788493430.5457332,1,39.206,request_completed,repeated,False,871.0,0.0,1374.215,cached_on_demand,1321098329,0.0,0.0,ACTIVE,segment_5_c1,etri-ser0001-cg0msb,dynamic,211.011,0,19.319,,0a0c9154-b4cb-4515-a57f-9c417c87c496,1,8.154,agx,hold:agx:hysteresis_or_improvement_gate,ok,63.0,1788493430.2851188,46.916,26.672,197.52,0.0
False,0.0,0,267.658,"{""agx"": 208.783, ""nano"": 454.516, ""spark"": 218.857}",1788493430.8145545,1,35.22,request_completed,repeated,False,871.0,0.0,1374.215,cached_on_demand,1321098329,0.0,0.0,ACTIVE,segment_5_c1,etri-ser0001-cg0msb,dynamic,208.783,0,19.325,,a92f7e6d-3b6e-4ad3-aea6-a3ea8ac3e5ac,1,7.261,agx,hold:agx:hysteresis_or_improvement_gate,ok,63.0,1788493430.5468967,45.761,26.518,201.663,0.0
False,0.0,0,250.167,"{""agx"": 208.276, ""nano"": 449.519, ""spark"": 210.96}",1788493431.0658584,1,36.146,request_completed,repeated,False,871.0,0.0,1374.215,cached_on_demand,1321098329,0.0,0.0,ACTIVE,segment_5_c1,etri-ser0001-cg0msb,dynamic,208.276,0,19.324,,c97459bd-cd5e-40a0-bad9-4423d904be82,1,6.72,agx,hold:agx:hysteresis_or_improvement_gate,ok,63.0,1788493430.815691,46.453,27.505,199.843,0.0
False,0.0,0,257.27,"{""agx"": 209.17, ""nano"": 447.976, ""spark"": 217.777}",1788493431.3242562,1,39.409,request_completed,repeated,False,871.0,0.0,1374.215,cached_on_demand,1321098329,0.0,0.0,ACTIVE,segment_5_c1,etri-ser0001-cg0msb,dynamic,209.17,0,19.303,,3de070d2-46a3-46b4-904b-59b8245bea87,1,8.043,agx,hold:agx:hysteresis_or_improvement_gate,ok,64.0,1788493431.066986,46.702,27.27,198.776,0.0
False,0.0,0,264.982,"{""agx"": 209.048, ""nano"": 450.402, ""spark"": 221.082}",1788493431.5903437,1,37.043,request_completed,repeated,False,871.0,0.0,1374.215,cached_on_demand,1321098329,0.0,0.0,ACTIVE,segment_5_c1,etri-ser0001-cg0msb,dynamic,209.048,0,19.284,,db0a2c25-08c7-4a91-b774-2ac8133a3d27,1,8.51,agx,hold:agx:hysteresis_or_improvement_gate,ok,69.0,1788493431.325361,47.226,27.033,196.645,0.0
False,0.0,0,268.573,"{""agx"": 207.549, ""nano"": 451.473, ""spark"": 218.231}",1788493431.860066,1,35.238,request_completed,repeated,False,871.0,0.0,1374.215,cached_on_demand,1321098329,0.0,0.0,ACTIVE,segment_5_c1,etri-ser0001-cg0msb,dynamic,207.549,0,19.283,,b6d2847c-81b0-42aa-b7bf-ed36e9ea40c7,1,7.986,agx,hold:agx:hysteresis_or_improvement_gate,ok,64.0,1788493431.5914931,44.896,28.826,207.352,0.0
False,0.0,0,272.655,"{""agx"": 209.736, ""nano"": 449.115, ""spark"": 221.894}",1788493432.1338785,1,41.186,request_completed,repeated,False,871.0,0.0,1374.215,cached_on_demand,1321098329,0.0,0.0,ACTIVE,segment_5_c1,etri-ser0001-cg0msb,dynamic,209.736,0,19.284,,a7fdc1f0-0867-4518-a818-3a2631a1daf6,1,8.226,agx,hold:agx:hysteresis_or_improvement_gate,ok,64.0,1788493431.8612237,44.669,26.978,206.353,0.0
False,0.0,0,631.54,"{""agx"": 210.458, ""nano"": 446.98, ""spark"": 216.852}",1788493432.766548,1,10.0,request_completed,repeated,False,,,1657.801,cached_on_demand,1321098329,0.0,0.0,ACTIVE,segment_5_c1,etri-dev0001-jetorn,dynamic,446.98,0,42.153,,c7a1b465-65dc-43d9-9727-37a669462875,1,19.051,nano,recovery:agx->nano:sustained,ok,41.468,1788493432.135009,19.834,161.271,565.183,0.0
False,0.0,0,494.784,"{""agx"": 228.062, ""nano"": 477.617, ""spark"": 223.078}",1788493433.265667,1,98.606,request_completed,repeated,False,,,1657.801,cached_on_demand,1321098329,0.0,0.0,ACTIVE,segment_5_c1,etri-dev0001-jetorn,dynamic,477.617,0,42.156,,e150debd-cc74-40d6-aed3-f33acef479bc,1,15.38,nano,hold:nano:hysteresis_or_improvement_gate,ok,42.625,1788493432.7708828,23.776,68.309,407.89,0.0
False,0.0,0,433.106,"{""agx"": 222.115, ""nano"": 464.29, ""spark"": 212.272}",1788493433.7021139,1,95.385,request_completed,repeated,False,,,1657.801,cached_on_demand,1321098329,0.0,0.0,ACTIVE,segment_5_c1,etri-dev0001-jetorn,dynamic,464.29,0,42.157,,913d44b2-49b3-491c-ad93-ceb351c03540,1,15.643,nano,hold:nano:hysteresis_or_improvement_gate,ok,42.75,1788493433.2690065,26.787,75.128,370.613,0.0
False,0.0,0,431.215,"{""agx"": 218.167, ""nano"": 445.237, ""spark"": 222.771}",1788493434.1377754,1,86.742,request_completed,repeated,False,,,1657.801,cached_on_demand,1321098329,0.0,0.0,ACTIVE,segment_5_c1,etri-dev0001-jetorn,dynamic,445.237,0,42.156,,98e228b2-e48a-4e95-a63c-fcd6cb560e65,1,16.102,nano,hold:nano:hysteresis_or_improvement_gate,ok,42.906,1788493433.7065592,26.701,57.936,357.79,0.0
False,0.0,0,470.829,"{""agx"": 227.794, ""nano"": 427.934, ""spark"": 220.145}",1788493434.6095073,1,84.884,request_completed,repeated,False,,,1657.801,cached_on_demand,1321098329,0.0,0.0,ACTIVE,segment_5_c1,etri-dev0001-jetorn,dynamic,427.934,0,42.156,,1884ad92-4050-4c27-b926-b2ecd2e78de8,1,16.638,nano,hold:nano:hysteresis_or_improvement_gate,ok,43.125,1788493434.138678,23.979,52.627,388.401,0.0
False,0.0,0,419.615,"{""agx"": 209.155, ""nano"": 426.033, ""spark"": 221.058}",1788493435.0299509,1,88.235,request_completed,repeated,False,,,1657.801,cached_on_demand,1321098329,0.0,0.0,ACTIVE,segment_5_c1,etri-dev0001-jetorn,dynamic,426.033,0,42.155,,80b3983e-fe1e-42c0-9146-237624de3b3e,1,20.464,nano,hold:nano:hysteresis_or_improvement_gate,ok,43.281,1788493434.610336,27.221,62.641,358.314,0.0
False,0.0,0,423.02,"{""agx"": 216.778, ""nano"": 409.415, ""spark"": 222.028}",1788493435.4539669,1,89.069,request_completed,repeated,False,,,1657.801,cached_on_demand,1321098329,0.0,0.0,ACTIVE,segment_5_c1,etri-dev0001-jetorn,dynamic,409.415,0,42.161,,5c5d9504-859a-4293-88a1-2bd27ac1a373,1,15.663,nano,hold:nano:hysteresis_or_improvement_gate,ok,43.375,1788493435.0309474,26.812,55.815,351.669,0.0
False,0.0,0,468.801,"{""agx"": 233.096, ""nano"": 405.324, ""spark"": 229.792}",1788493435.9261568,1,84.496,request_completed,repeated,False,,,1657.801,cached_on_demand,1321098329,0.0,0.0,ACTIVE,segment_5_c1,etri-dev0001-jetorn,dynamic,405.324,0,42.161,,209ee8e6-a00d-40d2-82db-206ff2a9898b,1,22.096,nano,hold:nano:hysteresis_or_improvement_gate,ok,43.093,1788493435.457355,26.764,53.52,353.47,0.0
False,0.0,0,440.215,"{""agx"": 223.748, ""nano"": 391.272, ""spark"": 218.823}",1788493436.3700063,1,78.7,request_completed,repeated,False,,,1657.801,cached_on_demand,1321098329,0.0,0.0,ACTIVE,segment_5_c1,etri-dev0001-jetorn,dynamic,391.272,0,42.163,,a3e849df-8034-4da3-8549-2bc6bfa716de,1,15.486,nano,hold:nano:hysteresis_or_improvement_gate,ok,43.375,1788493435.92979,26.721,65.664,361.592,0.0
False,0.0,0,495.847,"{""agx"": 223.834, ""nano"": 387.376, ""spark"": 220.235}",1788493436.8695128,1,83.083,request_completed,repeated,False,,,1657.801,cached_on_demand,1321098329,0.0,0.0,ACTIVE,segment_5_c1,etri-dev0001-jetorn,dynamic,387.376,0,42.163,,d188d452-a6ad-45f9-ad2b-d01d46537ebe,1,15.142,nano,hold:nano:hysteresis_or_improvement_gate,ok,43.593,1788493436.3736646,22.279,58.679,422.31,0.0
False,0.0,0,477.605,"{""agx"": 223.079, ""nano"": 398.584, ""spark"": 217.785}",1788493437.34933,1,95.833,request_completed,repeated,False,,,1657.801,cached_on_demand,1321098329,0.0,0.0,ACTIVE,segment_5_c1,etri-dev0001-jetorn,dynamic,398.584,0,42.163,,57d57d1f-c673-48f7-8f6f-93ee21327ad4,1,13.834,nano,hold:nano:hysteresis_or_improvement_gate,ok,43.781,1788493436.8717246,23.622,71.515,402.449,0.0
False,0.0,0,437.123,"{""agx"": 221.202, ""nano"": 406.033, ""spark"": 211.526}",1788493437.7899895,1,93.22,request_completed,repeated,False,,,1657.801,cached_on_demand,1321098329,0.0,0.0,ACTIVE,segment_5_c1,etri-dev0001-jetorn,dynamic,406.033,0,42.163,,4f0acee5-0f41-40cd-b662-7daf9b0448cf,1,16.861,nano,hold:nano:hysteresis_or_improvement_gate,ok,43.343,1788493437.352865,26.113,64.55,372.821,0.0
False,0.0,0,468.77,"{""agx"": 238.475, ""nano"": 407.792, ""spark"": 229.36}",1788493438.259576,1,0.0,request_completed,repeated,False,,,1657.801,cached_on_demand,1321098329,0.0,0.0,ACTIVE,segment_5_c1,etri-dev0001-jetorn,dynamic,407.792,0,42.159,,0c2595c7-ab7c-4da2-9a75-ff0651d3473a,1,22.711,nano,hold:nano:hysteresis_or_improvement_gate,ok,43.593,1788493437.790807,26.461,54.466,351.718,0.0
False,0.0,0,426.548,"{""agx"": 215.055, ""nano"": 393.68, ""spark"": 219.669}",1788493438.689883,1,78.292,request_completed,repeated,False,,,1657.801,cached_on_demand,1321098329,0.0,0.0,ACTIVE,segment_5_c1,etri-dev0001-jetorn,dynamic,393.68,0,42.162,,498371cb-e815-46f1-b516-8a37e9605186,1,16.943,nano,hold:nano:hysteresis_or_improvement_gate,ok,43.812,1788493438.263333,26.524,62.735,362.1,0.0
False,0.0,0,477.618,"{""agx"": 218.453, ""nano"": 387.527, ""spark"": 217.539}",1788493439.1704993,1,87.451,request_completed,repeated,False,,,1657.801,cached_on_demand,1321098329,0.0,0.0,ACTIVE,segment_5_c1,etri-dev0001-jetorn,dynamic,387.527,0,42.159,,8fa53f3b-55c0-4e2e-9efc-d815777fb373,1,14.453,nano,hold:nano:hysteresis_or_improvement_gate,ok,43.531,1788493438.6928809,25.469,92.832,404.606,0.0
False,0.0,0,443.556,"{""agx"": 210.535, ""nano"": 396.681, ""spark"": 214.769}",1788493439.6175861,1,96.575,request_completed,repeated,False,,,1657.801,cached_on_demand,1321098329,0.0,0.0,ACTIVE,segment_5_c1,etri-dev0001-jetorn,dynamic,396.681,0,42.159,,d2e86484-bbf0-4b1b-8a4f-e6955e7e0528,1,15.727,nano,hold:nano:hysteresis_or_improvement_gate,ok,43.5,1788493439.1740286,24.304,56.449,388.101,0.0
False,0.0,0,482.22,"{""agx"": 224.839, ""nano"": 396.95, ""spark"": 222.826}",1788493440.1020195,1,89.098,request_completed,repeated,False,,,1657.801,cached_on_demand,1321098329,0.0,0.0,ACTIVE,segment_5_c1,etri-dev0001-jetorn,dynamic,396.95,0,42.154,,b6820f15-e412-46a5-bb8e-6dd5bc64ba74,1,14.212,nano,hold:nano:hysteresis_or_improvement_gate,ok,43.75,1788493439.619799,22.957,59.022,402.988,0.0
False,0.0,0,422.253,"{""agx"": 208.99, ""nano"": 411.718, ""spark"": 213.374}",1788493440.5256634,1,55.556,request_completed,repeated,False,,,1657.801,cached_on_demand,1321098329,0.0,0.0,ACTIVE,segment_5_c1,etri-dev0001-jetorn,dynamic,411.718,0,42.155,,ac1f73f4-10b1-496e-84c0-e4b2f4c6c4c4,1,23.921,nano,hold:nano:hysteresis_or_improvement_gate,ok,43.593,1788493440.1034093,26.322,56.526,360.477,0.0
False,0.0,0,419.103,"{""agx"": 210.422, ""nano"": 394.222, ""spark"": 221.783}",1788493440.9456322,1,89.431,request_completed,repeated,False,,,1657.801,cached_on_demand,1321098329,0.0,0.0,ACTIVE,segment_5_c1,etri-dev0001-jetorn,dynamic,394.222,0,42.157,,e8532fc7-6d8e-4044-a392-02338e64e35b,1,13.258,nano,hold:nano:hysteresis_or_improvement_gate,ok,43.75,1788493440.5265303,25.905,52.468,359.527,0.0
False,0.0,0,444.748,"{""agx"": 222.157, ""nano"": 389.4, ""spark"": 212.06}",1788493441.3938472,1,87.795,request_completed,repeated,False,,,1657.801,cached_on_demand,1321098329,0.0,0.0,ACTIVE,segment_5_c1,etri-dev0001-jetorn,dynamic,389.4,0,42.157,,745dc9f6-9395-481a-8f92-aaf2f6a1c24e,1,13.798,nano,hold:nano:hysteresis_or_improvement_gate,ok,43.906,1788493440.9490972,24.796,57.193,377.181,0.0
False,0.0,0,455.51,"{""agx"": 208.89, ""nano"": 395.635, ""spark"": 210.937}",1788493441.8501835,1,96.899,request_completed,repeated,False,,,1657.801,cached_on_demand,1321098329,0.0,0.0,ACTIVE,segment_5_c1,etri-dev0001-jetorn,dynamic,395.635,0,42.153,,cb58b6b4-9479-40a1-bbad-5f4e5cf5d37f,1,19.641,nano,hold:nano:hysteresis_or_improvement_gate,ok,44.062,1788493441.3946736,22.986,57.116,405.15,0.0
False,0.0,0,585.318,"{""agx"": 220.096, ""nano"": 404.817, ""spark"": 221.086}",1788493442.4375756,1,96.04,request_completed,repeated,False,,,1657.801,cached_on_demand,1321098329,0.0,0.0,ACTIVE,segment_5_c1,etri-dev0001-jetorn,dynamic,404.817,0,42.157,,adba19dc-09c6-46a7-ac3e-5b125fbb1c73,1,21.537,nano,hold:nano:hysteresis_or_improvement_gate,ok,43.781,1788493441.8522575,18.483,77.707,507.019,0.0
False,0.0,0,658.775,"{""agx"": 223.749, ""nano"": 433.057, ""spark"": 212.912}",1788493443.0996938,1,93.182,request_completed,repeated,False,,,1657.801,cached_on_demand,1321098329,0.0,0.0,ACTIVE,segment_5_c1,etri-dev0001-jetorn,dynamic,433.057,0,42.156,,f4c0ca99-2c73-4da8-b26d-c960030307bc,1,18.845,nano,hold:nano:hysteresis_or_improvement_gate,ok,43.718,1788493442.4409175,16.231,89.816,583.454,0.0
False,0.0,0,457.539,"{""agx"": 209.718, ""nano"": 472.675, ""spark"": 224.617}",1788493443.5585291,1,91.667,request_completed,repeated,False,,,1657.801,cached_on_demand,1321098329,0.0,0.0,ACTIVE,segment_5_c1,etri-dev0001-jetorn,dynamic,472.675,0,42.158,,a77cf31d-5714-430e-b0ec-b93947ede02c,1,16.156,nano,hold:nano:hysteresis_or_improvement_gate,ok,43.625,1788493443.1009908,24.512,66.616,394.238,0.0
False,0.0,0,454.14,"{""agx"": 208.68, ""nano"": 453.382, ""spark"": 219.765}",1788493444.0181444,1,75.0,request_completed,repeated,False,,,1657.801,cached_on_demand,1321098329,0.0,0.0,ACTIVE,segment_5_c1,etri-dev0001-jetorn,dynamic,453.382,0,42.161,,4b55fc6e-4a0e-46da-84fb-1828702fa1a7,1,12.437,nano,hold:nano:hysteresis_or_improvement_gate,ok,43.593,1788493443.5640032,23.748,67.336,403.129,0.0
False,0.0,0,436.866,"{""agx"": 225.586, ""nano"": 445.777, ""spark"": 223.226}",1788493444.4590933,1,89.781,request_completed,repeated,False,,,1657.801,cached_on_demand,1321098329,0.0,0.0,ACTIVE,segment_5_c1,etri-dev0001-jetorn,dynamic,445.777,0,42.138,,ae24495f-81bd-4c2e-9831-09a73c03ed1b,1,14.289,nano,hold:nano:hysteresis_or_improvement_gate,ok,44.125,1788493444.0222259,26.452,53.661,354.971,0.0
False,0.0,0,427.998,"{""agx"": 209.647, ""nano"": 426.864, ""spark"": 218.353}",1788493444.887992,1,83.206,request_completed,repeated,False,,,1657.801,cached_on_demand,1321098329,0.0,0.0,ACTIVE,segment_5_c1,etri-dev0001-jetorn,dynamic,426.864,0,42.136,,d423e8b6-8008-496a-a7ac-8d78348ea745,1,14.508,nano,hold:nano:hysteresis_or_improvement_gate,ok,44.0,1788493444.459994,24.836,55.274,377.106,0.0
False,0.0,0,438.406,"{""agx"": 226.987, ""nano"": 418.166, ""spark"": 213.232}",1788493445.3301303,1,98.63,request_completed,repeated,False,,,1657.801,cached_on_demand,1321098329,0.0,0.0,ACTIVE,segment_5_c1,etri-dev0001-jetorn,dynamic,418.166,0,42.131,,e7cf5791-2ca2-4028-80f2-5e60ee7804cd,1,14.625,nano,hold:nano:hysteresis_or_improvement_gate,ok,44.25,1788493444.8917243,26.838,69.071,365.207,0.0
False,0.0,0,443.744,"{""agx"": 225.485, ""nano"": 409.748, ""spark"": 217.115}",1788493445.7776477,1,83.835,request_completed,repeated,False,,,1657.801,cached_on_demand,1321098329,0.0,0.0,ACTIVE,segment_5_c1,etri-dev0001-jetorn,dynamic,409.748,0,42.131,,c0903bc1-713f-427c-b8eb-752abb6756dc,1,15.793,nano,hold:nano:hysteresis_or_improvement_gate,ok,43.906,1788493445.3339026,25.324,50.549,365.968,0.0
False,0.0,0,461.55,"{""agx"": 224.251, ""nano"": 413.384, ""spark"": 224.323}",1788493446.2423239,1,30.0,request_completed,repeated,False,,,1657.801,cached_on_demand,1321098329,0.0,0.0,ACTIVE,segment_5_c1,etri-dev0001-jetorn,dynamic,413.384,0,42.13,,7a3d3519-654f-42b4-993c-7f5f95d207b2,1,26.429,nano,hold:nano:hysteresis_or_improvement_gate,ok,43.937,1788493445.7807734,25.954,51.115,362.933,0.0
False,0.0,0,433.994,"{""agx"": 222.06, ""nano"": 395.937, ""spark"": 223.532}",1788493446.6799273,1,81.852,request_completed,repeated,False,,,1657.801,cached_on_demand,1321098329,0.0,0.0,ACTIVE,segment_5_c1,etri-dev0001-jetorn,dynamic,395.937,0,42.133,,cb3926bf-b3e6-4e4c-818a-2eee0b718039,1,14.991,nano,hold:nano:hysteresis_or_improvement_gate,ok,44.187,1788493446.2459319,26.773,53.64,351.788,0.0
False,0.0,0,440.672,"{""agx"": 210.157, ""nano"": 398.485, ""spark"": 218.053}",1788493447.1217685,1,0.0,request_completed,repeated,False,,,1657.801,cached_on_demand,1321098329,0.0,0.0,ACTIVE,segment_5_c1,etri-dev0001-jetorn,dynamic,398.485,0,42.13,,59fc952e-c2d5-4a90-b7ab-309ad216d435,1,24.832,nano,hold:nano:hysteresis_or_improvement_gate,ok,44.156,1788493446.6810968,24.987,54.15,377.91,0.0
False,0.0,0,473.512,"{""agx"": 209.545, ""nano"": 390.243, ""spark"": 219.761}",1788493447.5968707,1,97.744,request_completed,repeated,False,,,1657.801,cached_on_demand,1321098329,0.0,0.0,ACTIVE,segment_5_c1,etri-dev0001-jetorn,dynamic,390.243,0,42.13,,7456614c-c48e-4175-a2b0-b62c82d49702,1,15.528,nano,hold:nano:hysteresis_or_improvement_gate,ok,44.125,1788493447.1233594,23.219,87.06,417.587,0.0
False,0.0,0,433.403,"{""agx"": 225.521, ""nano"": 399.425, ""spark"": 214.685}",1788493448.0339668,1,96.591,request_completed,repeated,False,,,1657.801,cached_on_demand,1321098329,0.0,0.0,ACTIVE,segment_5_c1,etri-dev0001-jetorn,dynamic,399.425,0,42.129,,adb0fb5e-b6db-43a2-9f64-ca870ba60742,1,13.995,nano,hold:nano:hysteresis_or_improvement_gate,ok,44.125,1788493447.600563,27.126,55.199,351.105,0.0
False,0.0,0,470.06,"{""agx"": 236.389, ""nano"": 405.214, ""spark"": 216.173}",1788493448.5065684,1,82.264,request_completed,repeated,False,,,1657.801,cached_on_demand,1321098329,0.0,0.0,ACTIVE,segment_5_c1,etri-dev0001-jetorn,dynamic,405.214,0,42.131,,b22e58d1-fe1e-418b-8904-5faaa439a412,1,28.368,nano,hold:nano:hysteresis_or_improvement_gate,ok,44.343,1788493448.0365074,25.549,58.584,370.811,0.0
False,0.0,0,413.774,"{""agx"": 216.484, ""nano"": 391.671, ""spark"": 218.804}",1788493448.923945,1,82.909,request_completed,repeated,False,,,1657.801,cached_on_demand,1321098329,0.0,0.0,ACTIVE,segment_5_c1,etri-dev0001-jetorn,dynamic,391.671,0,42.131,,3afdcde1-6823-42ac-b806-a7724f423f76,1,16.337,nano,hold:nano:hysteresis_or_improvement_gate,ok,44.343,1788493448.5101693,26.882,52.254,350.082,0.0
False,0.0,0,472.879,"{""agx"": 229.573, ""nano"": 387.122, ""spark"": 219.655}",1788493449.397704,1,86.8,request_completed,repeated,False,,,1657.801,cached_on_demand,1321098329,0.0,0.0,ACTIVE,segment_5_c1,etri-dev0001-jetorn,dynamic,387.122,0,42.124,,9f1f6a76-3ab2-46d8-82fd-2db489dbdfd4,1,18.104,nano,hold:nano:hysteresis_or_improvement_gate,ok,44.218,1788493448.9248245,23.997,54.097,385.982,0.0
False,0.0,0,459.67,"{""agx"": 224.696, ""nano"": 389.614, ""spark"": 219.466}",1788493449.8584669,1,97.761,request_completed,repeated,False,,,1657.801,cached_on_demand,1321098329,0.0,0.0,ACTIVE,segment_5_c1,etri-dev0001-jetorn,dynamic,389.614,0,42.143,,95b71eca-f603-4bf7-9674-f04f7886a286,1,16.358,nano,hold:nano:hysteresis_or_improvement_gate,ok,44.531,1788493449.3987968,24.621,53.813,377.651,0.0
False,0.0,0,447.902,"{""agx"": 211.962, ""nano"": 390.373, ""spark"": 217.995}",1788493450.3099844,1,98.37,request_completed,repeated,False,,,1657.801,cached_on_demand,1321098329,0.0,0.0,ACTIVE,segment_5_c1,etri-dev0001-jetorn,dynamic,390.373,0,42.146,,1baa9244-35a5-49df-b8a6-f62061483c08,1,16.021,nano,hold:nano:hysteresis_or_improvement_gate,ok,44.406,1788493449.8620813,23.765,55.764,391.732,0.0
False,0.0,0,466.779,"{""agx"": 223.894, ""nano"": 393.361, ""spark"": 226.064}",1788493450.778455,1,89.888,request_completed,repeated,False,,,1657.801,cached_on_demand,1321098329,0.0,0.0,ACTIVE,segment_5_c1,etri-dev0001-jetorn,dynamic,393.361,0,42.146,,627cde22-641b-42bd-8ae4-5767265a1306,1,14.667,nano,hold:nano:hysteresis_or_improvement_gate,ok,44.593,1788493450.3116753,26.991,76.79,372.751,0.0
False,0.0,0,412.535,"{""agx"": 210.081, ""nano"": 390.938, ""spark"": 211.34}",1788493451.1952927,1,97.797,request_completed,repeated,False,,,1657.801,cached_on_demand,1321098329,0.0,0.0,ACTIVE,segment_5_c1,etri-dev0001-jetorn,dynamic,390.938,0,42.148,,0689b713-a71f-4b84-980c-ca02d5349ae3,1,13.733,nano,hold:nano:hysteresis_or_improvement_gate,ok,44.093,1788493450.7827568,26.892,70.278,367.611,0.0
False,0.0,0,471.881,"{""agx"": 228.403, ""nano"": 395.618, ""spark"": 220.325}",1788493451.6689074,1,89.37,request_completed,repeated,False,,,1657.801,cached_on_demand,1321098329,0.0,0.0,ACTIVE,segment_5_c1,etri-dev0001-jetorn,dynamic,395.618,0,42.142,,7fc2a36c-f8d1-48f7-9380-129b10f04e26,1,20.814,nano,hold:nano:hysteresis_or_improvement_gate,ok,44.218,1788493451.1970265,24.834,56.856,379.383,0.0
False,0.0,0,433.611,"{""agx"": 212.544, ""nano"": 394.42, ""spark"": 220.15}",1788493452.1059551,1,96.774,request_completed,repeated,False,,,1657.801,cached_on_demand,1321098329,0.0,0.0,ACTIVE,segment_5_c1,etri-dev0001-jetorn,dynamic,394.42,0,42.144,,32afd567-e1b3-4f73-a45c-440de3a6b14f,1,18.475,nano,hold:nano:hysteresis_or_improvement_gate,ok,44.562,1788493451.6723423,26.735,68.487,364.345,0.0
False,0.0,0,449.288,"{""agx"": 211.291, ""nano"": 389.089, ""spark"": 218.343}",1788493452.5576236,1,87.109,request_completed,repeated,False,,,1657.801,cached_on_demand,1321098329,0.0,0.0,ACTIVE,segment_5_c1,etri-dev0001-jetorn,dynamic,389.089,0,42.147,,d50de4e9-bc37-40bd-b4cb-a4ede4739057,1,16.047,nano,hold:nano:hysteresis_or_improvement_gate,ok,44.437,1788493452.1083345,23.309,51.074,394.954,0.0
False,0.0,0,448.042,"{""agx"": 210.498, ""nano"": 397.406, ""spark"": 210.659}",1788493453.0065496,1,97.849,request_completed,repeated,False,,,1657.801,cached_on_demand,1321098329,0.0,0.0,ACTIVE,segment_5_c1,etri-dev0001-jetorn,dynamic,397.406,0,42.154,,f63da46f-59ea-4ed0-8d3e-5c4d25028bb1,1,18.889,nano,hold:nano:hysteresis_or_improvement_gate,ok,44.406,1788493452.5585086,23.377,54.994,398.476,0.0
False,0.0,0,431.197,"{""agx"": 223.54, ""nano"": 398.639, ""spark"": 222.115}",1788493453.4421115,1,97.949,request_completed,repeated,False,,,1657.801,cached_on_demand,1321098329,0.0,0.0,ACTIVE,segment_5_c1,etri-dev0001-jetorn,dynamic,398.639,0,42.158,,f15fab99-b44b-4a28-bedd-c468c71f32d2,1,15.135,nano,hold:nano:hysteresis_or_improvement_gate,ok,44.437,1788493453.010914,27.088,54.494,350.459,0.0
False,0.0,0,456.666,"{""agx"": 225.676, ""nano"": 392.371, ""spark"": 220.589}",1788493453.9022222,1,82.576,request_completed,repeated,False,,,1657.801,cached_on_demand,1321098329,0.0,0.0,ACTIVE,segment_5_c1,etri-dev0001-jetorn,dynamic,392.371,0,42.159,,5d7f672d-f795-431e-b6b8-58e726c04f46,1,17.131,nano,hold:nano:hysteresis_or_improvement_gate,ok,44.593,1788493453.4455545,25.345,57.466,377.706,0.0
False,0.0,0,400.74,"{""agx"": 217.893, ""nano"": 391.565, ""spark"": 211.024}",1788493454.306447,1,75.0,request_completed,repeated,False,,,1657.801,cached_on_demand,1321098329,0.0,0.0,ACTIVE,segment_5_c1,etri-dev0001-jetorn,dynamic,391.565,0,42.156,,3d57d738-9fd2-4172-b914-045b98a8eea8,1,15.712,nano,hold:nano:hysteresis_or_improvement_gate,ok,44.281,1788493453.9057071,27.087,52.967,345.131,0.0
False,0.0,0,455.988,"{""agx"": 223.193, ""nano"": 382.384, ""spark"": 212.256}",1788493454.7661445,1,88.797,request_completed,repeated,False,,,1657.801,cached_on_demand,1321098329,0.0,0.0,ACTIVE,segment_5_c1,etri-dev0001-jetorn,dynamic,382.384,0,42.158,,0367855b-f5bc-4262-a34c-b7710059c0c1,1,14.214,nano,hold:nano:hysteresis_or_improvement_gate,ok,44.781,1788493454.310155,24.84,57.491,385.408,0.0
False,0.0,0,460.371,"{""agx"": 224.753, ""nano"": 387.155, ""spark"": 215.763}",1788493455.2301745,1,84.727,request_completed,repeated,False,,,1657.801,cached_on_demand,1321098329,0.0,0.0,ACTIVE,segment_5_c1,etri-dev0001-jetorn,dynamic,387.155,0,42.158,,225cea7c-2ebc-42ff-b7f4-65b39c7a2689,1,14.679,nano,hold:nano:hysteresis_or_improvement_gate,ok,44.531,1788493454.769803,24.002,49.448,385.346,0.0
False,0.0,0,452.307,"{""agx"": 229.501, ""nano"": 393.531, ""spark"": 221.072}",1788493455.686305,1,96.815,request_completed,repeated,False,,,1657.801,cached_on_demand,1321098329,0.0,0.0,ACTIVE,segment_5_c1,etri-dev0001-jetorn,dynamic,393.531,0,42.142,,d766f3db-4a03-41aa-81ee-516fc88aca34,1,17.84,nano,hold:nano:hysteresis_or_improvement_gate,ok,44.718,1788493455.2339969,26.338,59.728,363.667,0.0
False,0.0,0,451.366,"{""agx"": 226.01, ""nano"": 388.016, ""spark"": 216.855}",1788493456.1419992,1,81.55,request_completed,repeated,False,,,1657.801,cached_on_demand,1321098329,0.0,0.0,ACTIVE,segment_5_c1,etri-dev0001-jetorn,dynamic,388.016,0,42.141,,89ed48a1-5c8d-4333-815d-2b05c207324f,1,15.335,nano,hold:nano:hysteresis_or_improvement_gate,ok,44.625,1788493455.6906307,24.612,56.942,380.888,0.0
False,0.0,0,451.29,"{""agx"": 225.841, ""nano"": 394.477, ""spark"": 217.265}",1788493456.5942075,1,0.0,request_completed,repeated,False,,,1657.801,cached_on_demand,1321098329,0.0,0.0,ACTIVE,segment_5_c1,etri-dev0001-jetorn,dynamic,394.477,0,42.144,,2537b7dc-0af7-4b36-8037-e88d0aa7b348,1,19.747,nano,hold:nano:hysteresis_or_improvement_gate,ok,44.531,1788493456.1429183,26.476,56.972,360.955,0.0
False,0.0,0,451.505,"{""agx"": 220.093, ""nano"": 385.388, ""spark"": 221.33}",1788493457.049436,1,83.15,request_completed,repeated,False,,,1657.801,cached_on_demand,1321098329,0.0,0.0,ACTIVE,segment_5_c1,etri-dev0001-jetorn,dynamic,385.388,0,42.141,,fc8fa0db-97f3-4de3-9408-ad2ed1b3a977,1,14.105,nano,hold:nano:hysteresis_or_improvement_gate,ok,44.593,1788493456.5979302,25.984,69.617,374.098,0.0
False,0.0,0,473.945,"{""agx"": 225.393, ""nano"": 388.566, ""spark"": 211.355}",1788493457.5269437,1,97.778,request_completed,repeated,False,,,1657.801,cached_on_demand,1321098329,0.0,0.0,ACTIVE,segment_5_c1,etri-dev0001-jetorn,dynamic,388.566,0,42.141,,0910d8df-7fb7-4ad5-9d16-afa21847749b,1,16.582,nano,hold:nano:hysteresis_or_improvement_gate,ok,44.625,1788493457.0529969,22.695,51.294,404.408,0.0
False,0.0,0,890.317,"{""agx"": 209.303, ""nano"": 397.658, ""spark"": 210.304}",1788493458.4182177,1,98.065,request_completed,repeated,False,,,1657.801,cached_on_demand,1321098329,0.0,0.0,ACTIVE,segment_5_c1,etri-dev0001-jetorn,dynamic,397.658,0,42.14,,d94ab14e-e670-4384-a7bb-bbeb007521c0,1,17.57,nano,hold:nano:hysteresis_or_improvement_gate,ok,44.75,1788493457.5279007,24.94,517.479,837.263,0.0
