actual_input_tokens,actual_output_tokens,block,cache_prompt,case,completed_at,concurrency,decode_tokens_per_second,fallback,first_at,generator_delay_ms,ignore_eos,input_tokens_requested,latency_ms,model,node,output_tokens_requested,partial_response,phase,physical_node,planned_at,pure_network_ms,request_id,requester,retry,run_id,selected_node,sent_at,server_timings,status,stop_type,tokens_cached,ttft_ms,zero_prefix_reuse_verified
512,128,0,False,,1789043683.0210974,,37.449572087035165,False,1789043679.6288018,0.010728836059570312,True,512,4277.380623999761,llama3.2:1b-instruct-q8_0,nano,128,True,warmup,etri-dev0001-jetorn,1789043678.743676,,warmup,etri-dev0001-jetorn,False,workload,etri-dev0001-jetorn,1789043678.7436867,"{""cache_n"": 0, ""prompt_n"": 512, ""prompt_ms"": 879.629, ""prompt_per_token_ms"": 1.718025390625, ""prompt_per_second"": 582.0635745297164, ""predicted_n"": 128, ""predicted_ms"": 3391.227, ""predicted_per_token_ms"": 26.702574803149606, ""predicted_per_second"": 37.449572087035165}",ok,limit,639,885.0849549999111,True
128,64,0,False,i128-o64-c1,1789043684.7184527,1,39.40238465733685,False,1789043683.1192322,19.17433738708496,True,128,1673.6528970000109,llama3.2:1b-instruct-q8_0,nano,64,True,measure,etri-dev0001-jetorn,1789043683.0256257,,i128-o64-c1-0,etri-dev0001-jetorn,False,workload,etri-dev0001-jetorn,1789043683.0448,"{""cache_n"": 0, ""prompt_n"": 128, ""prompt_ms"": 71.947, ""prompt_per_token_ms"": 0.5620859375, ""prompt_per_second"": 1779.0873837686074, ""predicted_n"": 64, ""predicted_ms"": 1598.888, ""predicted_per_token_ms"": 25.3791746031746, ""predicted_per_second"": 39.40238465733685}",ok,limit,191,74.43252900020525,True
512,128,0,False,i512-o128-c8,1789043688.2545044,8,40.25004468705749,False,1789043685.0970707,1.5943050384521484,True,512,3443.198172999928,llama3.2:1b-instruct-q8_0,nano,128,True,measure,etri-dev0001-jetorn,1789043684.809712,,i512-o128-c8-1,etri-dev0001-jetorn,False,workload,etri-dev0001-jetorn,1789043684.8113062,"{""cache_n"": 0, ""prompt_n"": 512, ""prompt_ms"": 281.681, ""prompt_per_token_ms"": 0.550158203125, ""prompt_per_second"": 1817.6589830339997, ""predicted_n"": 128, ""predicted_ms"": 3155.276, ""predicted_per_token_ms"": 24.844692913385824, ""predicted_per_second"": 40.25004468705749}",ok,limit,639,285.76387700013584,True
512,128,0,False,i512-o128-c8,1789043691.6824489,8,40.401084148777784,False,1789043688.5368223,0.6570816040039062,True,512,6872.079715000382,llama3.2:1b-instruct-q8_0,nano,128,True,measure,etri-dev0001-jetorn,1789043684.809712,,i512-o128-c8-0,etri-dev0001-jetorn,False,workload,etri-dev0001-jetorn,1789043684.810369,"{""cache_n"": 0, ""prompt_n"": 512, ""prompt_ms"": 283.774, ""prompt_per_token_ms"": 0.55424609375, ""prompt_per_second"": 1804.2526799495372, ""predicted_n"": 128, ""predicted_ms"": 3143.48, ""predicted_per_token_ms"": 24.751811023622047, ""predicted_per_second"": 40.401084148777784}",ok,limit,639,3726.4533940001456,True
512,128,0,False,i512-o128-c8,1789043695.120643,8,40.27755357311057,False,1789043691.9652908,2.978086471557617,True,512,10307.95216100023,llama3.2:1b-instruct-q8_0,nano,128,True,measure,etri-dev0001-jetorn,1789043684.809712,,i512-o128-c8-2,etri-dev0001-jetorn,False,workload,etri-dev0001-jetorn,1789043684.81269,"{""cache_n"": 0, ""prompt_n"": 512, ""prompt_ms"": 283.76, ""prompt_per_token_ms"": 0.55421875, ""prompt_per_second"": 1804.341697208909, ""predicted_n"": 128, ""predicted_ms"": 3153.121, ""predicted_per_token_ms"": 24.82772440944882, ""predicted_per_second"": 40.27755357311057}",ok,limit,639,7152.600324000105,True
512,128,0,False,i512-o128-c8,1789043698.541022,8,40.48297786409896,False,1789043695.403372,4.865169525146484,True,512,13726.435473000038,llama3.2:1b-instruct-q8_0,nano,128,True,measure,etri-dev0001-jetorn,1789043684.809712,,i512-o128-c8-4,etri-dev0001-jetorn,False,workload,etri-dev0001-jetorn,1789043684.814577,"{""cache_n"": 0, ""prompt_n"": 512, ""prompt_ms"": 284.37, ""prompt_per_token_ms"": 0.55541015625, ""prompt_per_second"": 1800.4712170763441, ""predicted_n"": 128, ""predicted_ms"": 3137.121, ""predicted_per_token_ms"": 24.701740157480316, ""predicted_per_second"": 40.48297786409896}",ok,limit,639,10588.786088000234,True
512,128,0,False,i512-o128-c8,1789043701.9717455,8,40.39728021334853,False,1789043698.8272126,3.9212703704833984,True,512,17158.11223599985,llama3.2:1b-instruct-q8_0,nano,128,True,measure,etri-dev0001-jetorn,1789043684.809712,,i512-o128-c8-3,etri-dev0001-jetorn,False,workload,etri-dev0001-jetorn,1789043684.8136332,"{""cache_n"": 0, ""prompt_n"": 512, ""prompt_ms"": 285.473, ""prompt_per_token_ms"": 0.557564453125, ""prompt_per_second"": 1793.5146230992073, ""predicted_n"": 128, ""predicted_ms"": 3143.776, ""predicted_per_token_ms"": 24.754141732283465, ""predicted_per_second"": 40.39728021334853}",ok,limit,639,14013.579980000031,True
512,128,0,False,i512-o128-c8,1789043705.4124942,8,40.232779895014616,False,1789043702.2544012,10.140180587768555,True,512,20592.642225000418,llama3.2:1b-instruct-q8_0,nano,128,True,measure,etri-dev0001-jetorn,1789043684.809712,,i512-o128-c8-6,etri-dev0001-jetorn,False,workload,etri-dev0001-jetorn,1789043684.819852,"{""cache_n"": 0, ""prompt_n"": 512, ""prompt_ms"": 283.436, ""prompt_per_token_ms"": 0.5535859375, ""prompt_per_second"": 1806.4042676300824, ""predicted_n"": 128, ""predicted_ms"": 3156.63, ""predicted_per_token_ms"": 24.85535433070866, ""predicted_per_second"": 40.232779895014616}",ok,limit,639,17434.54879700039,True
512,128,0,False,i512-o128-c8,1789043708.845793,8,40.35856198948008,False,1789043705.6973875,17.80104637145996,True,512,24018.279206999978,llama3.2:1b-instruct-q8_0,nano,128,True,measure,etri-dev0001-jetorn,1789043684.809712,,i512-o128-c8-7,etri-dev0001-jetorn,False,workload,etri-dev0001-jetorn,1789043684.827513,"{""cache_n"": 0, ""prompt_n"": 512, ""prompt_ms"": 285.565, ""prompt_per_token_ms"": 0.557744140625, ""prompt_per_second"": 1792.936809482955, ""predicted_n"": 128, ""predicted_ms"": 3146.792, ""predicted_per_token_ms"": 24.777889763779527, ""predicted_per_second"": 40.35856198948008}",ok,limit,639,20869.873522000034,True
512,128,0,False,i512-o128-c8,1789043712.2856379,8,40.25075905959014,False,1789043709.129122,7.241964340209961,True,512,27468.683617999886,llama3.2:1b-instruct-q8_0,nano,128,True,measure,etri-dev0001-jetorn,1789043684.809712,,i512-o128-c8-5,etri-dev0001-jetorn,False,workload,etri-dev0001-jetorn,1789043684.816954,"{""cache_n"": 0, ""prompt_n"": 512, ""prompt_ms"": 284.352, ""prompt_per_token_ms"": 0.555375, ""prompt_per_second"": 1800.585190186811, ""predicted_n"": 128, ""predicted_ms"": 3155.22, ""predicted_per_token_ms"": 24.844251968503936, ""predicted_per_second"": 40.25075905959014}",ok,limit,639,24312.167966999823,True
2048,128,0,False,i2048-o128-c1,1789043717.35393,1,38.0292238115643,False,1789043714.0132155,0.6077289581298828,True,2048,5024.053875999925,llama3.2:1b-instruct-q8_0,nano,128,True,measure,etri-dev0001-jetorn,1789043712.3292687,,i2048-o128-c1-0,etri-dev0001-jetorn,False,workload,etri-dev0001-jetorn,1789043712.3298764,"{""cache_n"": 0, ""prompt_n"": 2048, ""prompt_ms"": 1679.417, ""prompt_per_token_ms"": 0.82002783203125, ""prompt_per_second"": 1219.4708044517831, ""predicted_n"": 128, ""predicted_ms"": 3339.537, ""predicted_per_token_ms"": 26.295566929133855, ""predicted_per_second"": 38.0292238115643}",ok,limit,2175,1683.3390510000754,True
512,128,0,False,i512-o128-c2,1789043720.8135583,2,40.381570868543996,False,1789043717.6674662,1.058340072631836,True,512,3432.574548000048,llama3.2:1b-instruct-q8_0,nano,128,True,measure,etri-dev0001-jetorn,1789043717.3799255,,i512-o128-c2-1,etri-dev0001-jetorn,False,workload,etri-dev0001-jetorn,1789043717.3809838,"{""cache_n"": 0, ""prompt_n"": 512, ""prompt_ms"": 284.011, ""prompt_per_token_ms"": 0.554708984375, ""prompt_per_second"": 1802.7470766977333, ""predicted_n"": 128, ""predicted_ms"": 3144.999, ""predicted_per_token_ms"": 24.763771653543305, ""predicted_per_second"": 40.381570868543996}",ok,limit,639,286.4821859998301,True
512,128,0,False,i512-o128-c2,1789043724.2468665,2,40.32507727650143,False,1789043721.097152,0.4277229309082031,True,512,6866.512694999983,llama3.2:1b-instruct-q8_0,nano,128,True,measure,etri-dev0001-jetorn,1789043717.3799255,,i512-o128-c2-0,etri-dev0001-jetorn,False,workload,etri-dev0001-jetorn,1789043717.3803532,"{""cache_n"": 0, ""prompt_n"": 512, ""prompt_ms"": 283.887, ""prompt_per_token_ms"": 0.554466796875, ""prompt_per_second"": 1803.534504926256, ""predicted_n"": 128, ""predicted_ms"": 3149.405, ""predicted_per_token_ms"": 24.798464566929134, ""predicted_per_second"": 40.32507727650143}",ok,limit,639,3716.7987069997253,True
512,256,0,False,i512-o256-c1,1789043730.845459,1,40.486562747980194,False,1789043724.5454447,0.43320655822753906,True,512,6584.576605000166,llama3.2:1b-instruct-q8_0,nano,256,True,measure,etri-dev0001-jetorn,1789043724.2604487,,i512-o256-c1-0,etri-dev0001-jetorn,False,workload,etri-dev0001-jetorn,1789043724.260882,"{""cache_n"": 0, ""prompt_n"": 512, ""prompt_ms"": 281.917, ""prompt_per_token_ms"": 0.550619140625, ""prompt_per_second"": 1816.1373737660376, ""predicted_n"": 256, ""predicted_ms"": 6298.386, ""predicted_per_token_ms"": 24.69955294117647, ""predicted_per_second"": 40.486562747980194}",ok,limit,767,284.5623080002042,True
512,128,0,False,i512-o128-c4,1789043734.3275952,4,40.41543245785657,False,1789043731.1829386,1.5668869018554688,True,512,3432.6058060000832,llama3.2:1b-instruct-q8_0,nano,128,True,measure,etri-dev0001-jetorn,1789043730.8934224,,i512-o128-c4-1,etri-dev0001-jetorn,False,workload,etri-dev0001-jetorn,1789043730.8949893,"{""cache_n"": 0, ""prompt_n"": 512, ""prompt_ms"": 285.02, ""prompt_per_token_ms"": 0.5566796875, ""prompt_per_second"": 1796.365167356677, ""predicted_n"": 128, ""predicted_ms"": 3142.364, ""predicted_per_token_ms"": 24.743023622047243, ""predicted_per_second"": 40.41543245785657}",ok,limit,639,287.94992199982516,True
512,128,0,False,i512-o128-c4,1789043737.7677457,4,40.23053681474249,False,1789043734.6105597,0.4611015319824219,True,512,6873.861746999864,llama3.2:1b-instruct-q8_0,nano,128,True,measure,etri-dev0001-jetorn,1789043730.8934224,,i512-o128-c4-0,etri-dev0001-jetorn,False,workload,etri-dev0001-jetorn,1789043730.8938835,"{""cache_n"": 0, ""prompt_n"": 512, ""prompt_ms"": 284.16, ""prompt_per_token_ms"": 0.555, ""prompt_per_second"": 1801.8018018018017, ""predicted_n"": 128, ""predicted_ms"": 3156.806, ""predicted_per_token_ms"": 24.856740157480314, ""predicted_per_second"": 40.23053681474249}",ok,limit,639,3716.6753669998798,True
512,128,0,False,i512-o128-c4,1789043741.1943831,4,40.4457181837898,False,1789043738.0523145,3.0889511108398438,True,512,10297.87201199997,llama3.2:1b-instruct-q8_0,nano,128,True,measure,etri-dev0001-jetorn,1789043730.8934224,,i512-o128-c4-3,etri-dev0001-jetorn,False,workload,etri-dev0001-jetorn,1789043730.8965113,"{""cache_n"": 0, ""prompt_n"": 512, ""prompt_ms"": 284.617, ""prompt_per_token_ms"": 0.555892578125, ""prompt_per_second"": 1798.908708896517, ""predicted_n"": 128, ""predicted_ms"": 3140.011, ""predicted_per_token_ms"": 24.724496062992127, ""predicted_per_second"": 40.4457181837898}",ok,limit,639,7155.803587000264,True
512,128,0,False,i512-o128-c4,1789043744.6276467,4,40.32763824520792,False,1789043741.4779305,2.479076385498047,True,512,13731.74501199992,llama3.2:1b-instruct-q8_0,nano,128,True,measure,etri-dev0001-jetorn,1789043730.8934224,,i512-o128-c4-2,etri-dev0001-jetorn,False,workload,etri-dev0001-jetorn,1789043730.8959014,"{""cache_n"": 0, ""prompt_n"": 512, ""prompt_ms"": 284.698, ""prompt_per_token_ms"": 0.55605078125, ""prompt_per_second"": 1798.3968977653515, ""predicted_n"": 128, ""predicted_ms"": 3149.205, ""predicted_per_token_ms"": 24.79688976377953, ""predicted_per_second"": 40.32763824520792}",ok,limit,639,10582.029732999672,True
512,128,0,False,i512-o128-c1,1789043748.0765824,1,40.356766526890326,False,1789043744.928554,0.4932880401611328,True,512,3434.45431300006,llama3.2:1b-instruct-q8_0,nano,128,True,measure,etri-dev0001-jetorn,1789043744.6416337,,i512-o128-c1-0,etri-dev0001-jetorn,False,workload,etri-dev0001-jetorn,1789043744.642127,"{""cache_n"": 0, ""prompt_n"": 512, ""prompt_ms"": 283.422, ""prompt_per_token_ms"": 0.55355859375, ""prompt_per_second"": 1806.493497329071, ""predicted_n"": 128, ""predicted_ms"": 3146.932, ""predicted_per_token_ms"": 24.77899212598425, ""predicted_per_second"": 40.356766526890326}",ok,limit,639,286.426241999834,True
512,128,1,False,,1789046697.687322,,38.98247752982466,False,1789046694.4290247,0.009298324584960938,True,512,3869.4285370002035,llama3.2:1b-instruct-q8_0,nano,128,True,warmup,etri-dev0001-jetorn,1789046693.8178847,,warmup,etri-dev0001-jetorn,False,workload,etri-dev0001-jetorn,1789046693.817894,"{""cache_n"": 0, ""prompt_n"": 512, ""prompt_ms"": 606.469, ""prompt_per_token_ms"": 1.184509765625, ""prompt_per_second"": 844.2311148632493, ""predicted_n"": 128, ""predicted_ms"": 3257.874, ""predicted_per_token_ms"": 25.65255118110236, ""predicted_per_second"": 38.98247752982466}",ok,limit,639,611.1318789999132,True
2048,128,1,False,i2048-o128-c1,1789046702.8004787,1,38.31808354066333,False,1789046699.4388068,22.804737091064453,True,2048,5041.9166419997055,llama3.2:1b-instruct-q8_0,nano,128,True,measure,etri-dev0001-jetorn,1789046697.7357578,,i2048-o128-c1-0,etri-dev0001-jetorn,False,workload,etri-dev0001-jetorn,1789046697.7585626,"{""cache_n"": 0, ""prompt_n"": 2048, ""prompt_ms"": 1676.736, ""prompt_per_token_ms"": 0.81871875, ""prompt_per_second"": 1221.4206649108744, ""predicted_n"": 128, ""predicted_ms"": 3314.362, ""predicted_per_token_ms"": 26.097338582677168, ""predicted_per_second"": 38.31808354066333}",ok,limit,2175,1680.2445769999395,True
512,128,1,False,i512-o128-c8,1789046706.399727,8,40.616539886561526,False,1789046703.2373312,0.5803108215332031,True,512,3448.807478999697,llama3.2:1b-instruct-q8_0,nano,128,True,measure,etri-dev0001-jetorn,1789046702.9503396,,i512-o128-c8-0,etri-dev0001-jetorn,False,workload,etri-dev0001-jetorn,1789046702.9509199,"{""cache_n"": 0, ""prompt_n"": 512, ""prompt_ms"": 281.094, ""prompt_per_token_ms"": 0.54901171875, ""prompt_per_second"": 1821.4547446761583, ""predicted_n"": 128, ""predicted_ms"": 3126.805, ""predicted_per_token_ms"": 24.620511811023622, ""predicted_per_second"": 40.616539886561526}",ok,limit,639,286.41030400012824,True
512,128,1,False,i512-o128-c8,1789046709.7725286,8,40.64014305330355,False,1789046706.646538,1.9757747650146484,True,512,6820.21277900003,llama3.2:1b-instruct-q8_0,nano,128,True,measure,etri-dev0001-jetorn,1789046702.9503396,,i512-o128-c8-1,etri-dev0001-jetorn,False,workload,etri-dev0001-jetorn,1789046702.9523153,"{""cache_n"": 0, ""prompt_n"": 512, ""prompt_ms"": 281.341, ""prompt_per_token_ms"": 0.549494140625, ""prompt_per_second"": 1819.8556200482687, ""predicted_n"": 128, ""predicted_ms"": 3124.989, ""predicted_per_token_ms"": 24.6062125984252, ""predicted_per_second"": 40.64014305330355}",ok,limit,639,3694.222553000145,True
512,128,1,False,i512-o128-c8,1789046713.1832936,8,40.60965646468958,False,1789046710.054694,3.3309459686279297,True,512,10229.623601999265,llama3.2:1b-instruct-q8_0,nano,128,True,measure,etri-dev0001-jetorn,1789046702.9503396,,i512-o128-c8-2,etri-dev0001-jetorn,False,workload,etri-dev0001-jetorn,1789046702.9536705,"{""cache_n"": 0, ""prompt_n"": 512, ""prompt_ms"": 282.816, ""prompt_per_token_ms"": 0.552375, ""prompt_per_second"": 1810.3643358225845, ""predicted_n"": 128, ""predicted_ms"": 3127.335, ""predicted_per_token_ms"": 24.62468503937008, ""predicted_per_second"": 40.60965646468958}",ok,limit,639,7101.024173999576,True
512,128,1,False,i512-o128-c8,1789046716.5915508,8,40.65213710205319,False,1789046713.466052,5.991935729980469,True,512,13635.218432000329,llama3.2:1b-instruct-q8_0,nano,128,True,measure,etri-dev0001-jetorn,1789046702.9503396,,i512-o128-c8-4,etri-dev0001-jetorn,False,workload,etri-dev0001-jetorn,1789046702.9563315,"{""cache_n"": 0, ""prompt_n"": 512, ""prompt_ms"": 283.36, ""prompt_per_token_ms"": 0.5534375, ""prompt_per_second"": 1806.8887634105024, ""predicted_n"": 128, ""predicted_ms"": 3124.067, ""predicted_per_token_ms"": 24.59895275590551, ""predicted_per_second"": 40.65213710205319}",ok,limit,639,10509.720562999973,True
512,128,1,False,i512-o128-c8,1789046719.999094,8,40.6598289853996,False,1789046716.874531,5.145549774169922,True,512,17043.608767000478,llama3.2:1b-instruct-q8_0,nano,128,True,measure,etri-dev0001-jetorn,1789046702.9503396,,i512-o128-c8-3,etri-dev0001-jetorn,False,workload,etri-dev0001-jetorn,1789046702.955485,"{""cache_n"": 0, ""prompt_n"": 512, ""prompt_ms"": 283.725, ""prompt_per_token_ms"": 0.554150390625, ""prompt_per_second"": 1804.5642787910829, ""predicted_n"": 128, ""predicted_ms"": 3123.476, ""predicted_per_token_ms"": 24.594299212598425, ""predicted_per_second"": 40.6598289853996}",ok,limit,639,13919.046055000763,True
512,128,1,False,i512-o128-c8,1789046723.39253,8,40.84645431870848,False,1789046720.2821174,52.063703536987305,True,512,20390.125328999602,llama3.2:1b-instruct-q8_0,nano,128,True,measure,etri-dev0001-jetorn,1789046702.9503396,,i512-o128-c8-5,etri-dev0001-jetorn,False,workload,etri-dev0001-jetorn,1789046703.0024033,"{""cache_n"": 0, ""prompt_n"": 512, ""prompt_ms"": 283.373, ""prompt_per_token_ms"": 0.553462890625, ""prompt_per_second"": 1806.8058707075127, ""predicted_n"": 128, ""predicted_ms"": 3109.205, ""predicted_per_token_ms"": 24.481929133858266, ""predicted_per_second"": 40.84645431870848}",ok,limit,639,17279.713177999838,True
512,128,1,False,i512-o128-c8,1789046726.8039262,8,40.59664927403921,False,1789046723.674508,52.89626121520996,True,512,23800.69031400035,llama3.2:1b-instruct-q8_0,nano,128,True,measure,etri-dev0001-jetorn,1789046702.9503396,,i512-o128-c8-6,etri-dev0001-jetorn,False,workload,etri-dev0001-jetorn,1789046703.0032358,"{""cache_n"": 0, ""prompt_n"": 512, ""prompt_ms"": 282.82, ""prompt_per_token_ms"": 0.5523828125, ""prompt_per_second"": 1810.338731348561, ""predicted_n"": 128, ""predicted_ms"": 3128.337, ""predicted_per_token_ms"": 24.632574803149605, ""predicted_per_second"": 40.59664927403921}",ok,limit,639,20671.272497000245,True
512,128,1,False,i512-o128-c8,1789046730.218242,8,40.534597076529955,False,1789046727.0843413,53.64823341369629,True,512,27214.253914000437,llama3.2:1b-instruct-q8_0,nano,128,True,measure,etri-dev0001-jetorn,1789046702.9503396,,i512-o128-c8-7,etri-dev0001-jetorn,False,workload,etri-dev0001-jetorn,1789046703.0039878,"{""cache_n"": 0, ""prompt_n"": 512, ""prompt_ms"": 281.041, ""prompt_per_token_ms"": 0.548908203125, ""prompt_per_second"": 1821.7982429609915, ""predicted_n"": 128, ""predicted_ms"": 3133.126, ""predicted_per_token_ms"": 24.670283464566932, ""predicted_per_second"": 40.534597076529955}",ok,limit,639,24080.353300000752,True
512,128,1,False,i512-o128-c2,1789046749.953954,2,39.18222077422834,False,1789046746.7122312,2.6984214782714844,True,512,3628.3150310000565,llama3.2:1b-instruct-q8_0,nano,128,True,measure,etri-dev0001-jetorn,1789046746.3229403,,i512-o128-c2-0,etri-dev0001-jetorn,False,workload,etri-dev0001-jetorn,1789046746.3256388,"{""cache_n"": 0, ""prompt_n"": 512, ""prompt_ms"": 380.987, ""prompt_per_token_ms"": 0.744115234375, ""prompt_per_second"": 1343.8778750981003, ""predicted_n"": 128, ""predicted_ms"": 3241.266, ""predicted_per_token_ms"": 25.521779527559055, ""predicted_per_second"": 39.18222077422834}",ok,limit,639,386.5923399998792,True
512,128,1,False,i512-o128-c2,1789046753.3589926,2,40.66984190319489,False,1789046750.236189,3.7908554077148438,True,512,7032.261196000036,llama3.2:1b-instruct-q8_0,nano,128,True,measure,etri-dev0001-jetorn,1789046746.3229403,,i512-o128-c2-1,etri-dev0001-jetorn,False,workload,etri-dev0001-jetorn,1789046746.3267312,"{""cache_n"": 0, ""prompt_n"": 512, ""prompt_ms"": 282.357, ""prompt_per_token_ms"": 0.551478515625, ""prompt_per_second"": 1813.3072670413694, ""predicted_n"": 128, ""predicted_ms"": 3122.707, ""predicted_per_token_ms"": 24.58824409448819, ""predicted_per_second"": 40.66984190319489}",ok,limit,639,3909.4577970008686,True
512,128,1,False,i512-o128-c1,1789046765.0001562,1,39.772214817561405,False,1789046761.8055162,2.2072792053222656,True,512,3583.7672510006087,llama3.2:1b-instruct-q8_0,nano,128,True,measure,etri-dev0001-jetorn,1789046761.41418,,i512-o128-c1-0,etri-dev0001-jetorn,False,workload,etri-dev0001-jetorn,1789046761.4163873,"{""cache_n"": 0, ""prompt_n"": 512, ""prompt_ms"": 382.757, ""prompt_per_token_ms"": 0.747572265625, ""prompt_per_second"": 1337.663321637488, ""predicted_n"": 128, ""predicted_ms"": 3193.184, ""predicted_per_token_ms"": 25.143181102362206, ""predicted_per_second"": 39.772214817561405}",ok,limit,639,389.12748900020233,True
512,128,1,False,i512-o128-c4,1789046772.6957223,4,39.43304594819243,False,1789046769.4740922,0.7810592651367188,True,512,3577.5448280001,llama3.2:1b-instruct-q8_0,nano,128,True,measure,etri-dev0001-jetorn,1789046769.1173947,,i512-o128-c4-0,etri-dev0001-jetorn,False,workload,etri-dev0001-jetorn,1789046769.1181757,"{""cache_n"": 0, ""prompt_n"": 512, ""prompt_ms"": 348.698, ""prompt_per_token_ms"": 0.68105078125, ""prompt_per_second"": 1468.3192906182428, ""predicted_n"": 128, ""predicted_ms"": 3220.649, ""predicted_per_token_ms"": 25.35944094488189, ""predicted_per_second"": 39.43304594819243}",ok,limit,639,355.9147350006242,True
512,128,1,False,i512-o128-c4,1789046776.107449,4,40.60542366963683,False,1789046772.9787393,2.3691654205322266,True,512,6987.684769000225,llama3.2:1b-instruct-q8_0,nano,128,True,measure,etri-dev0001-jetorn,1789046769.1173947,,i512-o128-c4-1,etri-dev0001-jetorn,False,workload,etri-dev0001-jetorn,1789046769.1197639,"{""cache_n"": 0, ""prompt_n"": 512, ""prompt_ms"": 283.418, ""prompt_per_token_ms"": 0.55355078125, ""prompt_per_second"": 1806.51899314793, ""predicted_n"": 128, ""predicted_ms"": 3127.661, ""predicted_per_token_ms"": 24.627251968503938, ""predicted_per_second"": 40.60542366963683}",ok,limit,639,3858.975121000185,True
512,128,1,False,i512-o128-c4,1789046779.519711,4,40.59962124069885,False,1789046776.3905008,4.561901092529297,True,512,10397.754540999813,llama3.2:1b-instruct-q8_0,nano,128,True,measure,etri-dev0001-jetorn,1789046769.1173947,,i512-o128-c4-3,etri-dev0001-jetorn,False,workload,etri-dev0001-jetorn,1789046769.1219566,"{""cache_n"": 0, ""prompt_n"": 512, ""prompt_ms"": 283.616, ""prompt_per_token_ms"": 0.5539375, ""prompt_per_second"": 1805.2578133814736, ""predicted_n"": 128, ""predicted_ms"": 3128.108, ""predicted_per_token_ms"": 24.63077165354331, ""predicted_per_second"": 40.59962124069885}",ok,limit,639,7268.544665999798,True
512,128,1,False,i512-o128-c4,1789046782.9226708,4,40.72276168302364,False,1789046779.8030407,3.239870071411133,True,512,13802.036283999769,llama3.2:1b-instruct-q8_0,nano,128,True,measure,etri-dev0001-jetorn,1789046769.1173947,,i512-o128-c4-2,etri-dev0001-jetorn,False,workload,etri-dev0001-jetorn,1789046769.1206346,"{""cache_n"": 0, ""prompt_n"": 512, ""prompt_ms"": 283.83, ""prompt_per_token_ms"": 0.55435546875, ""prompt_per_second"": 1803.896698728112, ""predicted_n"": 128, ""predicted_ms"": 3118.649, ""predicted_per_token_ms"": 24.556291338582675, ""predicted_per_second"": 40.72276168302364}",ok,limit,639,10682.406316999732,True
128,64,1,False,i128-o64-c1,1789046798.9184036,1,36.16619918505498,False,1789046797.175947,0.5693435668945312,True,128,1890.1573819994155,llama3.2:1b-instruct-q8_0,nano,64,True,measure,etri-dev0001-jetorn,1789046797.0276768,,i128-o64-c1-0,etri-dev0001-jetorn,False,workload,etri-dev0001-jetorn,1789046797.0282462,"{""cache_n"": 0, ""prompt_n"": 128, ""prompt_ms"": 144.65, ""prompt_per_token_ms"": 1.130078125, ""prompt_per_second"": 884.8945731075008, ""predicted_n"": 64, ""predicted_ms"": 1741.958, ""predicted_per_token_ms"": 27.650126984126985, ""predicted_per_second"": 36.16619918505498}",ok,limit,191,147.70065899938345,True
512,256,1,False,i512-o256-c1,1789046809.661418,1,40.39819630766823,False,1789046803.3479314,1.5037059783935547,True,512,6707.589846000701,llama3.2:1b-instruct-q8_0,nano,256,True,measure,etri-dev0001-jetorn,1789046802.9523222,,i512-o256-c1-0,etri-dev0001-jetorn,False,workload,etri-dev0001-jetorn,1789046802.953826,"{""cache_n"": 0, ""prompt_n"": 512, ""prompt_ms"": 388.807, ""prompt_per_token_ms"": 0.759388671875, ""prompt_per_second"": 1316.8487192874613, ""predicted_n"": 256, ""predicted_ms"": 6312.163, ""predicted_per_token_ms"": 24.75358039215686, ""predicted_per_second"": 40.39819630766823}",ok,limit,767,394.1035980005836,True
512,128,2,False,,1789047403.5654,,38.808713075572186,False,1789047400.292602,0.009298324584960938,True,512,4018.8838240001132,llama3.2:1b-instruct-q8_0,nano,128,True,warmup,etri-dev0001-jetorn,1789047399.546504,,warmup,etri-dev0001-jetorn,False,workload,etri-dev0001-jetorn,1789047399.5465133,"{""cache_n"": 0, ""prompt_n"": 512, ""prompt_ms"": 741.763, ""prompt_per_token_ms"": 1.448755859375, ""prompt_per_second"": 690.2474240424502, ""predicted_n"": 128, ""predicted_ms"": 3272.461, ""predicted_per_token_ms"": 25.767409448818896, ""predicted_per_second"": 38.808713075572186}",ok,limit,639,746.0874389998935,True
128,64,2,False,i128-o64-c1,1789047405.2577722,1,39.613821828347646,False,1789047403.6666481,18.213987350463867,True,128,1664.811166000618,llama3.2:1b-instruct-q8_0,nano,64,True,measure,etri-dev0001-jetorn,1789047403.5747468,,i128-o64-c1-0,etri-dev0001-jetorn,False,workload,etri-dev0001-jetorn,1789047403.5929608,"{""cache_n"": 0, ""prompt_n"": 128, ""prompt_ms"": 71.483, ""prompt_per_token_ms"": 0.5584609375, ""prompt_per_second"": 1790.63553572178, ""predicted_n"": 64, ""predicted_ms"": 1590.354, ""predicted_per_token_ms"": 25.243714285714287, ""predicted_per_second"": 39.613821828347646}",ok,limit,191,73.68714099993667,True
512,128,2,False,i512-o128-c4,1789047408.730235,4,40.55927082734525,False,1789047405.598561,0.5347728729248047,True,512,3420.885548000115,llama3.2:1b-instruct-q8_0,nano,128,True,measure,etri-dev0001-jetorn,1789047405.308814,,i512-o128-c4-0,etri-dev0001-jetorn,False,workload,etri-dev0001-jetorn,1789047405.3093488,"{""cache_n"": 0, ""prompt_n"": 512, ""prompt_ms"": 283.282, ""prompt_per_token_ms"": 0.55328515625, ""prompt_per_second"": 1807.3862793965025, ""predicted_n"": 128, ""predicted_ms"": 3131.22, ""predicted_per_token_ms"": 24.65527559055118, ""predicted_per_second"": 40.55927082734525}",ok,limit,639,289.2118150002716,True
512,128,2,False,i512-o128-c4,1789047412.1340857,4,40.70746366538337,False,1789047409.0137577,4.067659378051758,True,512,6821.203845000127,llama3.2:1b-instruct-q8_0,nano,128,True,measure,etri-dev0001-jetorn,1789047405.308814,,i512-o128-c4-3,etri-dev0001-jetorn,False,workload,etri-dev0001-jetorn,1789047405.3128817,"{""cache_n"": 0, ""prompt_n"": 512, ""prompt_ms"": 283.426, ""prompt_per_token_ms"": 0.55356640625, ""prompt_per_second"": 1806.468002229859, ""predicted_n"": 128, ""predicted_ms"": 3119.821, ""predicted_per_token_ms"": 24.56551968503937, ""predicted_per_second"": 40.70746366538337}",ok,limit,639,3700.8765150003455,True
512,128,2,False,i512-o128-c4,1789047415.531537,4,40.778176033927444,False,1789047412.4159808,1.584768295288086,True,512,10221.138257999883,llama3.2:1b-instruct-q8_0,nano,128,True,measure,etri-dev0001-jetorn,1789047405.308814,,i512-o128-c4-1,etri-dev0001-jetorn,False,workload,etri-dev0001-jetorn,1789047405.3103988,"{""cache_n"": 0, ""prompt_n"": 512, ""prompt_ms"": 282.196, ""prompt_per_token_ms"": 0.5511640625, ""prompt_per_second"": 1814.341804986605, ""predicted_n"": 128, ""predicted_ms"": 3114.411, ""predicted_per_token_ms"": 24.52292125984252, ""predicted_per_second"": 40.778176033927444}",ok,limit,639,7105.58212199976,True
512,128,2,False,i512-o128-c4,1789047418.9377053,4,40.66887815700172,False,1789047415.8141735,3.3745765686035156,True,512,13625.516720000633,llama3.2:1b-instruct-q8_0,nano,128,True,measure,etri-dev0001-jetorn,1789047405.308814,,i512-o128-c4-2,etri-dev0001-jetorn,False,workload,etri-dev0001-jetorn,1789047405.3121886,"{""cache_n"": 0, ""prompt_n"": 512, ""prompt_ms"": 283.3, ""prompt_per_token_ms"": 0.5533203125, ""prompt_per_second"": 1807.2714436992587, ""predicted_n"": 128, ""predicted_ms"": 3122.781, ""predicted_per_token_ms"": 24.588826771653544, ""predicted_per_second"": 40.66887815700172}",ok,limit,639,10501.985402000173,True
512,256,2,False,i512-o256-c1,1789047427.588665,1,40.65406167555954,False,1789047421.3160095,0.8311271667480469,True,512,6625.46309299978,llama3.2:1b-instruct-q8_0,nano,256,True,measure,etri-dev0001-jetorn,1789047420.9623706,,i512-o256-c1-0,etri-dev0001-jetorn,False,workload,etri-dev0001-jetorn,1789047420.9632018,"{""cache_n"": 0, ""prompt_n"": 512, ""prompt_ms"": 349.401, ""prompt_per_token_ms"": 0.682423828125, ""prompt_per_second"": 1465.3650104035191, ""predicted_n"": 256, ""predicted_ms"": 6272.436, ""predicted_per_token_ms"": 24.597788235294118, ""predicted_per_second"": 40.65406167555954}",ok,limit,767,352.80744900046557,True
512,128,2,False,i512-o128-c2,1789047435.2642183,2,39.58532039173882,False,1789047432.0550168,1.5146732330322266,True,512,3629.479717999857,llama3.2:1b-instruct-q8_0,nano,128,True,measure,etri-dev0001-jetorn,1789047431.6332238,,i512-o128-c2-1,etri-dev0001-jetorn,False,workload,etri-dev0001-jetorn,1789047431.6347384,"{""cache_n"": 0, ""prompt_n"": 512, ""prompt_ms"": 417.442, ""prompt_per_token_ms"": 0.81531640625, ""prompt_per_second"": 1226.5176958715222, ""predicted_n"": 128, ""predicted_ms"": 3208.26, ""predicted_per_token_ms"": 25.26188976377953, ""predicted_per_second"": 39.58532039173882}",ok,limit,639,420.2785750003386,True
512,128,2,False,i512-o128-c2,1789047438.6907663,2,40.543461153777514,False,1789047435.5576787,0.6875991821289062,True,512,7056.854193000618,llama3.2:1b-instruct-q8_0,nano,128,True,measure,etri-dev0001-jetorn,1789047431.6332238,,i512-o128-c2-0,etri-dev0001-jetorn,False,workload,etri-dev0001-jetorn,1789047431.6339114,"{""cache_n"": 0, ""prompt_n"": 512, ""prompt_ms"": 293.956, ""prompt_per_token_ms"": 0.5741328125, ""prompt_per_second"": 1741.7572697954795, ""predicted_n"": 128, ""predicted_ms"": 3132.441, ""predicted_per_token_ms"": 24.664889763779527, ""predicted_per_second"": 40.543461153777514}",ok,limit,639,3923.7666140006695,True
512,128,2,False,i512-o128-c8,1789047448.4616144,8,39.65880933012523,False,1789047445.2579565,3.543376922607422,True,512,3629.7410639999725,llama3.2:1b-instruct-q8_0,nano,128,True,measure,etri-dev0001-jetorn,1789047444.8283298,,i512-o128-c8-2,etri-dev0001-jetorn,False,workload,etri-dev0001-jetorn,1789047444.8318732,"{""cache_n"": 0, ""prompt_n"": 512, ""prompt_ms"": 421.301, ""prompt_per_token_ms"": 0.822853515625, ""prompt_per_second"": 1215.283134860824, ""predicted_n"": 128, ""predicted_ms"": 3202.315, ""predicted_per_token_ms"": 25.21507874015748, ""predicted_per_second"": 39.65880933012523}",ok,limit,639,426.08305999965523,True
512,128,2,False,i512-o128-c8,1789047451.8656957,8,40.6997015782511,False,1789047448.743996,2.4755001068115234,True,512,7034.890526000709,llama3.2:1b-instruct-q8_0,nano,128,True,measure,etri-dev0001-jetorn,1789047444.8283298,,i512-o128-c8-1,etri-dev0001-jetorn,False,workload,etri-dev0001-jetorn,1789047444.8308053,"{""cache_n"": 0, ""prompt_n"": 512, ""prompt_ms"": 283.028, ""prompt_per_token_ms"": 0.5527890625, ""prompt_per_second"": 1809.0082959989822, ""predicted_n"": 128, ""predicted_ms"": 3120.416, ""predicted_per_token_ms"": 24.57020472440945, ""predicted_per_second"": 40.6997015782511}",ok,limit,639,3913.190967999981,True
512,128,2,False,i512-o128-c8,1789047455.277378,8,40.601360497241984,False,1789047452.1483088,1.3616085052490234,True,512,10447.68517600005,llama3.2:1b-instruct-q8_0,nano,128,True,measure,etri-dev0001-jetorn,1789047444.8283298,,i512-o128-c8-0,etri-dev0001-jetorn,False,workload,etri-dev0001-jetorn,1789047444.8296914,"{""cache_n"": 0, ""prompt_n"": 512, ""prompt_ms"": 283.207, ""prompt_per_token_ms"": 0.553138671875, ""prompt_per_second"": 1807.864918593114, ""predicted_n"": 128, ""predicted_ms"": 3127.974, ""predicted_per_token_ms"": 24.629716535433072, ""predicted_per_second"": 40.601360497241984}",ok,limit,639,7318.616114000179,True
512,128,2,False,i512-o128-c8,1789047458.6794722,8,40.71804835508703,False,1789047455.560168,4.468202590942383,True,512,13846.674227000221,llama3.2:1b-instruct-q8_0,nano,128,True,measure,etri-dev0001-jetorn,1789047444.8283298,,i512-o128-c8-3,etri-dev0001-jetorn,False,workload,etri-dev0001-jetorn,1789047444.832798,"{""cache_n"": 0, ""prompt_n"": 512, ""prompt_ms"": 283.143, ""prompt_per_token_ms"": 0.553013671875, ""prompt_per_second"": 1808.273557884179, ""predicted_n"": 128, ""predicted_ms"": 3119.01, ""predicted_per_token_ms"": 24.559133858267717, ""predicted_per_second"": 40.71804835508703}",ok,limit,639,10727.37017899999,True
512,128,2,False,i512-o128-c8,1789047462.1001203,8,40.49775891142024,False,1789047458.9630039,7.045269012451172,True,512,17264.745333000064,llama3.2:1b-instruct-q8_0,nano,128,True,measure,etri-dev0001-jetorn,1789047444.8283298,,i512-o128-c8-5,etri-dev0001-jetorn,False,workload,etri-dev0001-jetorn,1789047444.835375,"{""cache_n"": 0, ""prompt_n"": 512, ""prompt_ms"": 283.256, ""prompt_per_token_ms"": 0.553234375, ""prompt_per_second"": 1807.5521789476659, ""predicted_n"": 128, ""predicted_ms"": 3135.976, ""predicted_per_token_ms"": 24.692724409448818, ""predicted_per_second"": 40.49775891142024}",ok,limit,639,14127.629147000334,True
512,128,2,False,i512-o128-c8,1789047465.5073237,8,40.67717568440149,False,1789047462.3837237,5.951166152954102,True,512,20673.042911000266,llama3.2:1b-instruct-q8_0,nano,128,True,measure,etri-dev0001-jetorn,1789047444.8283298,,i512-o128-c8-4,etri-dev0001-jetorn,False,workload,etri-dev0001-jetorn,1789047444.834281,"{""cache_n"": 0, ""prompt_n"": 512, ""prompt_ms"": 284.323, ""prompt_per_token_ms"": 0.555318359375, ""prompt_per_second"": 1800.7688438852997, ""predicted_n"": 128, ""predicted_ms"": 3122.144, ""predicted_per_token_ms"": 24.583811023622044, ""predicted_per_second"": 40.67717568440149}",ok,limit,639,17549.442779000856,True
512,128,2,False,i512-o128-c8,1789047468.9192986,8,40.617631058223616,False,1789047465.7910948,8.9111328125,True,512,24082.057020999855,llama3.2:1b-instruct-q8_0,nano,128,True,measure,etri-dev0001-jetorn,1789047444.8283298,,i512-o128-c8-6,etri-dev0001-jetorn,False,workload,etri-dev0001-jetorn,1789047444.837241,"{""cache_n"": 0, ""prompt_n"": 512, ""prompt_ms"": 284.109, ""prompt_per_token_ms"": 0.554900390625, ""prompt_per_second"": 1802.1252406646745, ""predicted_n"": 128, ""predicted_ms"": 3126.721, ""predicted_per_token_ms"": 24.619850393700787, ""predicted_per_second"": 40.617631058223616}",ok,limit,639,20953.85321499998,True
512,128,2,False,i512-o128-c8,1789047472.3296313,8,40.61198098208084,False,1789047469.2020805,11.501789093017578,True,512,27489.79849099942,llama3.2:1b-instruct-q8_0,nano,128,True,measure,etri-dev0001-jetorn,1789047444.8283298,,i512-o128-c8-7,etri-dev0001-jetorn,False,workload,etri-dev0001-jetorn,1789047444.8398316,"{""cache_n"": 0, ""prompt_n"": 512, ""prompt_ms"": 283.45, ""prompt_per_token_ms"": 0.55361328125, ""prompt_per_second"": 1806.3150467454577, ""predicted_n"": 128, ""predicted_ms"": 3127.156, ""predicted_per_token_ms"": 24.62327559055118, ""predicted_per_second"": 40.61198098208084}",ok,limit,639,24362.248393999835,True
2048,128,2,False,i2048-o128-c1,1789047497.6477773,1,38.088668621085226,False,1789047494.3123274,0.5700588226318359,True,2048,5157.47027100042,llama3.2:1b-instruct-q8_0,nano,128,True,measure,etri-dev0001-jetorn,1789047492.4897373,,i2048-o128-c1-0,etri-dev0001-jetorn,False,workload,etri-dev0001-jetorn,1789047492.4903073,"{""cache_n"": 0, ""prompt_n"": 2048, ""prompt_ms"": 1817.48, ""prompt_per_token_ms"": 0.88744140625, ""prompt_per_second"": 1126.8349582939015, ""predicted_n"": 128, ""predicted_ms"": 3334.325, ""predicted_per_token_ms"": 26.254527559055116, ""predicted_per_second"": 38.088668621085226}",ok,limit,2175,1822.020268000415,True
512,128,2,False,i512-o128-c1,1789047507.3776648,1,38.90945677496364,False,1789047504.1131651,2.288341522216797,True,512,3682.099506000668,llama3.2:1b-instruct-q8_0,nano,128,True,measure,etri-dev0001-jetorn,1789047503.6932752,,i512-o128-c1-0,etri-dev0001-jetorn,False,workload,etri-dev0001-jetorn,1789047503.6955636,"{""cache_n"": 0, ""prompt_n"": 512, ""prompt_ms"": 412.619, ""prompt_per_token_ms"": 0.805896484375, ""prompt_per_second"": 1240.854153589631, ""predicted_n"": 128, ""predicted_ms"": 3263.988, ""predicted_per_token_ms"": 25.700692913385826, ""predicted_per_second"": 38.90945677496364}",ok,limit,639,417.5998360005906,True
512,128,0,False,,1789045133.1653414,,16.001022049534377,False,1789045125.2051973,0.003814697265625,True,512,9330.072454000401,llama3.2:3b-instruct-q8_0,nano,128,True,warmup,etri-dev0001-jetorn,1789045123.8352656,,warmup,etri-dev0001-jetorn,False,workload,etri-dev0001-jetorn,1789045123.8352695,"{""cache_n"": 0, ""prompt_n"": 512, ""prompt_ms"": 1366.711, ""prompt_per_token_ms"": 2.669357421875, ""prompt_per_second"": 374.6219939694639, ""predicted_n"": 128, ""predicted_ms"": 7936.993, ""predicted_per_token_ms"": 62.49600787401575, ""predicted_per_second"": 16.001022049534377}",ok,limit,639,1369.9287520003054,True
128,64,0,False,i128-o64-c1,1789045137.2059107,1,16.425344462938167,False,1789045133.3696659,21.860122680664062,True,128,4008.61647200054,llama3.2:3b-instruct-q8_0,nano,64,True,measure,etri-dev0001-jetorn,1789045133.1754344,,i128-o64-c1-0,etri-dev0001-jetorn,False,workload,etri-dev0001-jetorn,1789045133.1972945,"{""cache_n"": 0, ""prompt_n"": 128, ""prompt_ms"": 169.941, ""prompt_per_token_ms"": 1.3276640625, ""prompt_per_second"": 753.2025820726017, ""predicted_n"": 64, ""predicted_ms"": 3835.536, ""predicted_per_token_ms"": 60.88152380952381, ""predicted_per_second"": 16.425344462938167}",ok,limit,191,172.372116000588,True
512,128,0,False,i512-o128-c8,1789045145.7336996,8,16.40225669221759,False,1789045137.989914,0.7615089416503906,True,512,8428.27244199998,llama3.2:3b-instruct-q8_0,nano,128,True,measure,etri-dev0001-jetorn,1789045137.3046658,,i512-o128-c8-0,etri-dev0001-jetorn,False,workload,etri-dev0001-jetorn,1789045137.3054273,"{""cache_n"": 0, ""prompt_n"": 512, ""prompt_ms"": 681.032, ""prompt_per_token_ms"": 1.330140625, ""prompt_per_second"": 751.8002090944331, ""predicted_n"": 128, ""predicted_ms"": 7742.837, ""predicted_per_token_ms"": 60.96722047244095, ""predicted_per_second"": 16.40225669221759}",ok,limit,639,684.4865930006563,True
512,128,0,False,i512-o128-c8,1789045154.156099,8,16.413088753325106,False,1789045146.4166594,1.501321792602539,True,512,16849.931295000715,llama3.2:3b-instruct-q8_0,nano,128,True,measure,etri-dev0001-jetorn,1789045137.3046658,,i512-o128-c8-1,etri-dev0001-jetorn,False,workload,etri-dev0001-jetorn,1789045137.3061671,"{""cache_n"": 0, ""prompt_n"": 512, ""prompt_ms"": 682.611, ""prompt_per_token_ms"": 1.333224609375, ""prompt_per_second"": 750.061162213911, ""predicted_n"": 128, ""predicted_ms"": 7737.727, ""predicted_per_token_ms"": 60.926984251968506, ""predicted_per_second"": 16.413088753325106}",ok,limit,639,9110.491419000027,True
512,128,0,False,i512-o128-c8,1789045162.5693126,8,16.42689649490126,False,1789045154.8370583,4.0683746337890625,True,512,25260.577896999166,llama3.2:3b-instruct-q8_0,nano,128,True,measure,etri-dev0001-jetorn,1789045137.3046658,,i512-o128-c8-3,etri-dev0001-jetorn,False,workload,etri-dev0001-jetorn,1789045137.3087342,"{""cache_n"": 0, ""prompt_n"": 512, ""prompt_ms"": 681.685, ""prompt_per_token_ms"": 1.331416015625, ""prompt_per_second"": 751.0800443019871, ""predicted_n"": 128, ""predicted_ms"": 7731.223, ""predicted_per_token_ms"": 60.8757716535433, ""predicted_per_second"": 16.42689649490126}",ok,limit,639,17528.32396299982,True
512,128,0,False,i512-o128-c8,1789045170.9957206,8,16.396382415796506,False,1789045163.2493734,3.0274391174316406,True,512,33688.02677699932,llama3.2:3b-instruct-q8_0,nano,128,True,measure,etri-dev0001-jetorn,1789045137.3046658,,i512-o128-c8-2,etri-dev0001-jetorn,False,workload,etri-dev0001-jetorn,1789045137.3076932,"{""cache_n"": 0, ""prompt_n"": 512, ""prompt_ms"": 680.372, ""prompt_per_token_ms"": 1.3288515625, ""prompt_per_second"": 752.5294985684303, ""predicted_n"": 128, ""predicted_ms"": 7745.611, ""predicted_per_token_ms"": 60.98906299212598, ""predicted_per_second"": 16.396382415796506}",ok,limit,639,25941.679685000054,True
512,128,0,False,i512-o128-c8,1789045179.4291532,8,16.38682401286482,False,1789045171.6780512,4.762887954711914,True,512,42119.72440699992,llama3.2:3b-instruct-q8_0,nano,128,True,measure,etri-dev0001-jetorn,1789045137.3046658,,i512-o128-c8-4,etri-dev0001-jetorn,False,workload,etri-dev0001-jetorn,1789045137.3094287,"{""cache_n"": 0, ""prompt_n"": 512, ""prompt_ms"": 682.517, ""prompt_per_token_ms"": 1.333041015625, ""prompt_per_second"": 750.1644647679104, ""predicted_n"": 128, ""predicted_ms"": 7750.129, ""predicted_per_token_ms"": 61.02463779527559, ""predicted_per_second"": 16.38682401286482}",ok,limit,639,34368.622979000065,True
512,128,0,False,i512-o128-c8,1789045187.859579,8,16.393125213788295,False,1789045180.11089,6.6623687744140625,True,512,50548.25102900031,llama3.2:3b-instruct-q8_0,nano,128,True,measure,etri-dev0001-jetorn,1789045137.3046658,,i512-o128-c8-5,etri-dev0001-jetorn,False,workload,etri-dev0001-jetorn,1789045137.3113282,"{""cache_n"": 0, ""prompt_n"": 512, ""prompt_ms"": 682.078, ""prompt_per_token_ms"": 1.33218359375, ""prompt_per_second"": 750.6472866739581, ""predicted_n"": 128, ""predicted_ms"": 7747.15, ""predicted_per_token_ms"": 61.0011811023622, ""predicted_per_second"": 16.393125213788295}",ok,limit,639,42799.561707000066,True
512,128,0,False,i512-o128-c8,1789045196.2925014,8,16.387007967182626,False,1789045188.5412,8.04758071899414,True,512,58979.78801799945,llama3.2:3b-instruct-q8_0,nano,128,True,measure,etri-dev0001-jetorn,1789045137.3046658,,i512-o128-c8-6,etri-dev0001-jetorn,False,workload,etri-dev0001-jetorn,1789045137.3127134,"{""cache_n"": 0, ""prompt_n"": 512, ""prompt_ms"": 682.438, ""prompt_per_token_ms"": 1.33288671875, ""prompt_per_second"": 750.2513048804434, ""predicted_n"": 128, ""predicted_ms"": 7750.042, ""predicted_per_token_ms"": 61.02395275590551, ""predicted_per_second"": 16.387007967182626}",ok,limit,639,51228.48731300019,True
512,128,0,False,i512-o128-c8,1789045204.7218463,8,16.392132860431058,False,1789045196.9733503,14.118194580078125,True,512,67403.06182099994,llama3.2:3b-instruct-q8_0,nano,128,True,measure,etri-dev0001-jetorn,1789045137.3046658,,i512-o128-c8-7,etri-dev0001-jetorn,False,workload,etri-dev0001-jetorn,1789045137.318784,"{""cache_n"": 0, ""prompt_n"": 512, ""prompt_ms"": 681.299, ""prompt_per_token_ms"": 1.330662109375, ""prompt_per_second"": 751.5055797821515, ""predicted_n"": 128, ""predicted_ms"": 7747.619, ""predicted_per_token_ms"": 61.00487401574803, ""predicted_per_second"": 16.392132860431058}",ok,limit,639,59654.5661149994,True
2048,128,0,False,i2048-o128-c1,1789045244.8363278,1,15.474987059499012,False,1789045236.6281595,2.747774124145508,True,2048,11864.915901999666,llama3.2:3b-instruct-q8_0,nano,128,True,measure,etri-dev0001-jetorn,1789045232.968663,,i2048-o128-c1-0,etri-dev0001-jetorn,False,workload,etri-dev0001-jetorn,1789045232.9714108,"{""cache_n"": 0, ""prompt_n"": 2048, ""prompt_ms"": 3648.015, ""prompt_per_token_ms"": 1.78125732421875, ""prompt_per_second"": 561.4012003788362, ""predicted_n"": 128, ""predicted_ms"": 8206.792, ""predicted_per_token_ms"": 64.62040944881889, ""predicted_per_second"": 15.474987059499012}",ok,limit,2175,3656.7479080003977,True
512,128,0,False,i512-o128-c2,1789045261.6060688,2,16.29553479250652,False,1789045253.8112314,2.155780792236328,True,512,8601.858972000628,llama3.2:3b-instruct-q8_0,nano,128,True,measure,etri-dev0001-jetorn,1789045253.0020545,,i512-o128-c2-1,etri-dev0001-jetorn,False,workload,etri-dev0001-jetorn,1789045253.0042102,"{""cache_n"": 0, ""prompt_n"": 512, ""prompt_ms"": 803.066, ""prompt_per_token_ms"": 1.56848828125, ""prompt_per_second"": 637.5565644666814, ""predicted_n"": 128, ""predicted_ms"": 7793.546, ""predicted_per_token_ms"": 61.36650393700788, ""predicted_per_second"": 16.29553479250652}",ok,limit,639,807.021600000553,True
512,128,0,False,i512-o128-c2,1789045270.0313354,2,16.400653236727027,False,1789045262.2869537,0.6926059722900391,True,512,17028.586794000148,llama3.2:3b-instruct-q8_0,nano,128,True,measure,etri-dev0001-jetorn,1789045253.0020545,,i512-o128-c2-0,etri-dev0001-jetorn,False,workload,etri-dev0001-jetorn,1789045253.002747,"{""cache_n"": 0, ""prompt_n"": 512, ""prompt_ms"": 681.688, ""prompt_per_token_ms"": 1.331421875, ""prompt_per_second"": 751.0767389186842, ""predicted_n"": 128, ""predicted_ms"": 7743.594, ""predicted_per_token_ms"": 60.973181102362204, ""predicted_per_second"": 16.400653236727027}",ok,limit,639,9284.204915000373,True
512,256,0,False,i512-o256-c1,1789045300.4714348,1,16.406366262025628,False,1789045284.9278576,1.4522075653076172,True,512,16358.096868000757,llama3.2:3b-instruct-q8_0,nano,256,True,measure,etri-dev0001-jetorn,1789045284.111884,,i512-o256-c1-0,etri-dev0001-jetorn,False,workload,etri-dev0001-jetorn,1789045284.1133363,"{""cache_n"": 0, ""prompt_n"": 512, ""prompt_ms"": 809.12, ""prompt_per_token_ms"": 1.5803125, ""prompt_per_second"": 632.7862368993474, ""predicted_n"": 256, ""predicted_ms"": 15542.747, ""predicted_per_token_ms"": 60.95194901960784, ""predicted_per_second"": 16.406366262025628}",ok,limit,767,814.5197970006848,True
512,128,0,False,i512-o128-c4,1789045325.2508311,4,16.31021986818517,False,1789045317.463197,2.9020309448242188,True,512,8630.09151299957,llama3.2:3b-instruct-q8_0,nano,128,True,measure,etri-dev0001-jetorn,1789045316.6178377,,i512-o128-c4-1,etri-dev0001-jetorn,False,workload,etri-dev0001-jetorn,1789045316.6207397,"{""cache_n"": 0, ""prompt_n"": 512, ""prompt_ms"": 836.639, ""prompt_per_token_ms"": 1.634060546875, ""prompt_per_second"": 611.972427773508, ""predicted_n"": 128, ""predicted_ms"": 7786.529, ""predicted_per_token_ms"": 61.31125196850394, ""predicted_per_second"": 16.31021986818517}",ok,limit,639,842.457751999973,True
512,128,0,False,i512-o128-c4,1789045333.6738331,4,16.40121451639211,False,1789045325.929105,2.335071563720703,True,512,17053.659057000004,llama3.2:3b-instruct-q8_0,nano,128,True,measure,etri-dev0001-jetorn,1789045316.6178377,,i512-o128-c4-0,etri-dev0001-jetorn,False,workload,etri-dev0001-jetorn,1789045316.6201727,"{""cache_n"": 0, ""prompt_n"": 512, ""prompt_ms"": 678.856, ""prompt_per_token_ms"": 1.325890625, ""prompt_per_second"": 754.2100239225992, ""predicted_n"": 128, ""predicted_ms"": 7743.329, ""predicted_per_token_ms"": 60.971094488188974, ""predicted_per_second"": 16.40121451639211}",ok,limit,639,9308.930600000167,True
512,128,0,False,i512-o128-c4,1789045342.101034,4,16.397790249279982,False,1789045334.3547971,4.522800445556641,True,512,25478.672651000124,llama3.2:3b-instruct-q8_0,nano,128,True,measure,etri-dev0001-jetorn,1789045316.6178377,,i512-o128-c4-2,etri-dev0001-jetorn,False,workload,etri-dev0001-jetorn,1789045316.6223605,"{""cache_n"": 0, ""prompt_n"": 512, ""prompt_ms"": 681.736, ""prompt_per_token_ms"": 1.331515625, ""prompt_per_second"": 751.0238567421993, ""predicted_n"": 128, ""predicted_ms"": 7744.946, ""predicted_per_token_ms"": 60.98382677165354, ""predicted_per_second"": 16.397790249279982}",ok,limit,639,17732.436452,True
512,128,0,False,i512-o128-c4,1789045350.5220604,4,16.40991396553453,False,1789045342.7820282,5.833864212036133,True,512,33898.38839300046,llama3.2:3b-instruct-q8_0,nano,128,True,measure,etri-dev0001-jetorn,1789045316.6178377,,i512-o128-c4-3,etri-dev0001-jetorn,False,workload,etri-dev0001-jetorn,1789045316.6236715,"{""cache_n"": 0, ""prompt_n"": 512, ""prompt_ms"": 681.545, ""prompt_per_token_ms"": 1.331142578125, ""prompt_per_second"": 751.2343278873736, ""predicted_n"": 128, ""predicted_ms"": 7739.224, ""predicted_per_token_ms"": 60.938771653543306, ""predicted_per_second"": 16.40991396553453}",ok,limit,639,26158.356345000357,True
512,128,0,False,i512-o128-c1,1789045385.3405874,1,16.310163312252556,False,1789045377.5530915,1.567840576171875,True,512,8613.952957000038,llama3.2:3b-instruct-q8_0,nano,128,True,measure,etri-dev0001-jetorn,1789045376.7250648,,i512-o128-c1-0,etri-dev0001-jetorn,False,workload,etri-dev0001-jetorn,1789045376.7266326,"{""cache_n"": 0, ""prompt_n"": 512, ""prompt_ms"": 820.416, ""prompt_per_token_ms"": 1.602375, ""prompt_per_second"": 624.0736406896013, ""predicted_n"": 128, ""predicted_ms"": 7786.556, ""predicted_per_token_ms"": 61.31146456692913, ""predicted_per_second"": 16.310163312252556}",ok,limit,639,826.4573070000552,True
512,128,1,False,,1789045791.537731,,16.12911624254076,False,1789045783.6628296,0.0045299530029296875,True,512,9292.182293999758,llama3.2:3b-instruct-q8_0,nano,128,True,warmup,etri-dev0001-jetorn,1789045782.245544,,warmup,etri-dev0001-jetorn,False,workload,etri-dev0001-jetorn,1789045782.2455485,"{""cache_n"": 0, ""prompt_n"": 512, ""prompt_ms"": 1414.758, ""prompt_per_token_ms"": 2.76319921875, ""prompt_per_second"": 361.8993495707393, ""predicted_n"": 128, ""predicted_ms"": 7873.959, ""predicted_per_token_ms"": 61.99967716535433, ""predicted_per_second"": 16.12911624254076}",ok,limit,639,1417.2808419998546,True
2048,128,1,False,i2048-o128-c1,1789045803.3433104,1,15.467685568990385,False,1789045795.1313663,22.33743667602539,True,2048,11735.179155999504,llama3.2:3b-instruct-q8_0,nano,128,True,measure,etri-dev0001-jetorn,1789045791.585794,,i2048-o128-c1-0,etri-dev0001-jetorn,False,workload,etri-dev0001-jetorn,1789045791.6081314,"{""cache_n"": 0, ""prompt_n"": 2048, ""prompt_ms"": 3519.781, ""prompt_per_token_ms"": 1.71864306640625, ""prompt_per_second"": 581.8543824175424, ""predicted_n"": 128, ""predicted_ms"": 8210.666, ""predicted_per_token_ms"": 64.65091338582677, ""predicted_per_second"": 15.467685568990385}",ok,limit,2175,3523.235024999849,True
512,128,1,False,i512-o128-c8,1789045813.984432,8,16.374025020283806,False,1789045806.2269785,2.695798873901367,True,512,8537.745060000816,llama3.2:3b-instruct-q8_0,nano,128,True,measure,etri-dev0001-jetorn,1789045805.4439898,,i512-o128-c8-1,etri-dev0001-jetorn,False,workload,etri-dev0001-jetorn,1789045805.4466856,"{""cache_n"": 0, ""prompt_n"": 512, ""prompt_ms"": 775.503, ""prompt_per_token_ms"": 1.514654296875, ""prompt_per_second"": 660.2166593810726, ""predicted_n"": 128, ""predicted_ms"": 7756.187, ""predicted_per_token_ms"": 61.07233858267716, ""predicted_per_second"": 16.374025020283806}",ok,limit,639,780.2917450007953,True
512,128,1,False,i512-o128-c8,1789045822.4309967,8,16.360596829419393,False,1789045814.666884,0.7593631744384766,True,512,16986.246591000054,llama3.2:3b-instruct-q8_0,nano,128,True,measure,etri-dev0001-jetorn,1789045805.4439898,,i512-o128-c8-0,etri-dev0001-jetorn,False,workload,etri-dev0001-jetorn,1789045805.444749,"{""cache_n"": 0, ""prompt_n"": 512, ""prompt_ms"": 683.125, ""prompt_per_token_ms"": 1.334228515625, ""prompt_per_second"": 749.4967978042087, ""predicted_n"": 128, ""predicted_ms"": 7762.553, ""predicted_per_token_ms"": 61.12246456692913, ""predicted_per_second"": 16.360596829419393}",ok,limit,639,9222.133818000657,True
512,128,1,False,i512-o128-c8,1789045830.8689497,8,16.379931874960498,False,1789045823.1142263,5.057096481323242,True,512,25419.90356899987,llama3.2:3b-instruct-q8_0,nano,128,True,measure,etri-dev0001-jetorn,1789045805.4439898,,i512-o128-c8-3,etri-dev0001-jetorn,False,workload,etri-dev0001-jetorn,1789045805.4490469,"{""cache_n"": 0, ""prompt_n"": 512, ""prompt_ms"": 683.975, ""prompt_per_token_ms"": 1.335888671875, ""prompt_per_second"": 748.5653715413575, ""predicted_n"": 128, ""predicted_ms"": 7753.39, ""predicted_per_token_ms"": 61.050314960629926, ""predicted_per_second"": 16.379931874960498}",ok,limit,639,17665.180432999477,True
512,128,1,False,i512-o128-c8,1789045839.3070705,8,16.37851232038124,False,1789045831.5513854,6.29878044128418,True,512,33856.7815209999,llama3.2:3b-instruct-q8_0,nano,128,True,measure,etri-dev0001-jetorn,1789045805.4439898,,i512-o128-c8-4,etri-dev0001-jetorn,False,workload,etri-dev0001-jetorn,1789045805.4502885,"{""cache_n"": 0, ""prompt_n"": 512, ""prompt_ms"": 683.04, ""prompt_per_token_ms"": 1.3340625, ""prompt_per_second"": 749.5900679316, ""predicted_n"": 128, ""predicted_ms"": 7754.062, ""predicted_per_token_ms"": 61.0556062992126, ""predicted_per_second"": 16.37851232038124}",ok,limit,639,26101.096938999945,True
512,128,1,False,i512-o128-c8,1789045847.7485132,8,16.37441135925149,False,1789045839.9910939,7.329463958740234,True,512,42297.1943120001,llama3.2:3b-instruct-q8_0,nano,128,True,measure,etri-dev0001-jetorn,1789045805.4439898,,i512-o128-c8-5,etri-dev0001-jetorn,False,workload,etri-dev0001-jetorn,1789045805.4513192,"{""cache_n"": 0, ""prompt_n"": 512, ""prompt_ms"": 684.955, ""prompt_per_token_ms"": 1.337802734375, ""prompt_per_second"": 747.4943609434196, ""predicted_n"": 128, ""predicted_ms"": 7756.004, ""predicted_per_token_ms"": 61.07089763779528, ""predicted_per_second"": 16.37441135925149}",ok,limit,639,34539.77485799987,True
512,128,1,False,i512-o128-c8,1789045856.1874254,8,16.38375448827794,False,1789045848.4342911,4.413843154907227,True,512,50739.02196400013,llama3.2:3b-instruct-q8_0,nano,128,True,measure,etri-dev0001-jetorn,1789045805.4439898,,i512-o128-c8-2,etri-dev0001-jetorn,False,workload,etri-dev0001-jetorn,1789045805.4484036,"{""cache_n"": 0, ""prompt_n"": 512, ""prompt_ms"": 686.284, ""prompt_per_token_ms"": 1.3403984375, ""prompt_per_second"": 746.0468260953191, ""predicted_n"": 128, ""predicted_ms"": 7751.581, ""predicted_per_token_ms"": 61.036070866141735, ""predicted_per_second"": 16.38375448827794}",ok,limit,639,42985.88786599976,True
512,128,1,False,i512-o128-c8,1789045864.6335182,8,16.3624285657597,False,1789045856.870281,8.870124816894531,True,512,59180.65845399997,llama3.2:3b-instruct-q8_0,nano,128,True,measure,etri-dev0001-jetorn,1789045805.4439898,,i512-o128-c8-6,etri-dev0001-jetorn,False,workload,etri-dev0001-jetorn,1789045805.4528599,"{""cache_n"": 0, ""prompt_n"": 512, ""prompt_ms"": 683.649, ""prompt_per_token_ms"": 1.335251953125, ""prompt_per_second"": 748.9223271006028, ""predicted_n"": 128, ""predicted_ms"": 7761.684, ""predicted_per_token_ms"": 61.115622047244095, ""predicted_per_second"": 16.3624285657597}",ok,limit,639,51417.42148200046,True
512,128,1,False,i512-o128-c8,1789045873.0724478,8,16.37759987950213,False,1789045865.3168669,10.420083999633789,True,512,67618.03802899976,llama3.2:3b-instruct-q8_0,nano,128,True,measure,etri-dev0001-jetorn,1789045805.4439898,,i512-o128-c8-7,etri-dev0001-jetorn,False,workload,etri-dev0001-jetorn,1789045805.4544098,"{""cache_n"": 0, ""prompt_n"": 512, ""prompt_ms"": 684.218, ""prompt_per_token_ms"": 1.33636328125, ""prompt_per_second"": 748.2995185744894, ""predicted_n"": 128, ""predicted_ms"": 7754.494, ""predicted_per_token_ms"": 61.05900787401575, ""predicted_per_second"": 16.37759987950213}",ok,limit,639,59862.45733499982,True
512,128,1,False,i512-o128-c2,1789045915.862473,2,16.393461667891444,False,1789045908.1147223,1.7817020416259766,True,512,8599.259501999768,llama3.2:3b-instruct-q8_0,nano,128,True,measure,etri-dev0001-jetorn,1789045907.2614322,,i512-o128-c2-1,etri-dev0001-jetorn,False,workload,etri-dev0001-jetorn,1789045907.2632139,"{""cache_n"": 0, ""prompt_n"": 512, ""prompt_ms"": 846.674, ""prompt_per_token_ms"": 1.65366015625, ""prompt_per_second"": 604.7191717237095, ""predicted_n"": 128, ""predicted_ms"": 7746.991, ""predicted_per_token_ms"": 60.99992913385827, ""predicted_per_second"": 16.393461667891444}",ok,limit,639,851.5088340000148,True
512,128,1,False,i512-o128-c2,1789045924.2961886,2,16.38860664066341,False,1789045916.546345,1.3689994812011719,True,512,17033.385265000106,llama3.2:3b-instruct-q8_0,nano,128,True,measure,etri-dev0001-jetorn,1789045907.2614322,,i512-o128-c2-0,etri-dev0001-jetorn,False,workload,etri-dev0001-jetorn,1789045907.2628012,"{""cache_n"": 0, ""prompt_n"": 512, ""prompt_ms"": 683.734, ""prompt_per_token_ms"": 1.33541796875, ""prompt_per_second"": 748.8292230604299, ""predicted_n"": 128, ""predicted_ms"": 7749.286, ""predicted_per_token_ms"": 61.018, ""predicted_per_second"": 16.38860664066341}",ok,limit,639,9283.541779999723,True
512,128,1,False,i512-o128-c1,1789045951.0087423,1,16.361747676857288,False,1789045943.2459846,1.4362335205078125,True,512,8583.783273000336,llama3.2:3b-instruct-q8_0,nano,128,True,measure,etri-dev0001-jetorn,1789045942.4235203,,i512-o128-c1-0,etri-dev0001-jetorn,False,workload,etri-dev0001-jetorn,1789045942.4249566,"{""cache_n"": 0, ""prompt_n"": 512, ""prompt_ms"": 814.981, ""prompt_per_token_ms"": 1.591759765625, ""prompt_per_second"": 628.2355048768009, ""predicted_n"": 128, ""predicted_ms"": 7762.007, ""predicted_per_token_ms"": 61.118165354330706, ""predicted_per_second"": 16.361747676857288}",ok,limit,639,821.0251310001695,True
512,128,1,False,i512-o128-c4,1789045969.6629477,4,16.39184935296724,False,1789045961.9145503,1.7325878143310547,True,512,8554.295132000334,llama3.2:3b-instruct-q8_0,nano,128,True,measure,etri-dev0001-jetorn,1789045961.1069176,,i512-o128-c4-0,etri-dev0001-jetorn,False,workload,etri-dev0001-jetorn,1789045961.1086502,"{""cache_n"": 0, ""prompt_n"": 512, ""prompt_ms"": 799.434, ""prompt_per_token_ms"": 1.56139453125, ""prompt_per_second"": 640.4531205828124, ""predicted_n"": 128, ""predicted_ms"": 7747.753, ""predicted_per_token_ms"": 61.00592913385827, ""predicted_per_second"": 16.39184935296724}",ok,limit,639,805.8978910003134,True
512,128,1,False,i512-o128-c4,1789045978.0960164,4,16.39081907633217,False,1789045970.3464155,2.2225379943847656,True,512,16986.87547300051,llama3.2:3b-instruct-q8_0,nano,128,True,measure,etri-dev0001-jetorn,1789045961.1069176,,i512-o128-c4-1,etri-dev0001-jetorn,False,workload,etri-dev0001-jetorn,1789045961.1091402,"{""cache_n"": 0, ""prompt_n"": 512, ""prompt_ms"": 683.822, ""prompt_per_token_ms"": 1.33558984375, ""prompt_per_second"": 748.7328573810144, ""predicted_n"": 128, ""predicted_ms"": 7748.24, ""predicted_per_token_ms"": 61.00976377952756, ""predicted_per_second"": 16.39081907633217}",ok,limit,639,9237.274322000303,True
512,128,1,False,i512-o128-c4,1789045986.5283525,4,16.39252640197082,False,1789045978.7793288,4.928827285766602,True,512,25416.50589799974,llama3.2:3b-instruct-q8_0,nano,128,True,measure,etri-dev0001-jetorn,1789045961.1069176,,i512-o128-c4-3,etri-dev0001-jetorn,False,workload,etri-dev0001-jetorn,1789045961.1118464,"{""cache_n"": 0, ""prompt_n"": 512, ""prompt_ms"": 683.609, ""prompt_per_token_ms"": 1.335173828125, ""prompt_per_second"": 748.9661487780295, ""predicted_n"": 128, ""predicted_ms"": 7747.433, ""predicted_per_token_ms"": 61.0034094488189, ""predicted_per_second"": 16.39252640197082}",ok,limit,639,17667.482699000175,True
512,128,1,False,i512-o128-c4,1789045994.98222,4,16.359566262812955,False,1789045987.2182825,3.9429664611816406,True,512,33871.35903699982,llama3.2:3b-instruct-q8_0,nano,128,True,measure,etri-dev0001-jetorn,1789045961.1069176,,i512-o128-c4-2,etri-dev0001-jetorn,False,workload,etri-dev0001-jetorn,1789045961.1108606,"{""cache_n"": 0, ""prompt_n"": 512, ""prompt_ms"": 691.007, ""prompt_per_token_ms"": 1.349623046875, ""prompt_per_second"": 740.9476315001151, ""predicted_n"": 128, ""predicted_ms"": 7763.042, ""predicted_per_token_ms"": 61.12631496062993, ""predicted_per_second"": 16.359566262812955}",ok,limit,639,26107.42195399962,True
128,64,1,False,i128-o64-c1,1789046023.4109015,1,15.981921656112677,False,1789046019.4685972,2.579212188720703,True,128,4272.636926999439,llama3.2:3b-instruct-q8_0,nano,64,True,measure,etri-dev0001-jetorn,1789046019.1356843,,i128-o64-c1-0,etri-dev0001-jetorn,False,workload,etri-dev0001-jetorn,1789046019.1382635,"{""cache_n"": 0, ""prompt_n"": 128, ""prompt_ms"": 264.016, ""prompt_per_token_ms"": 2.062625, ""prompt_per_second"": 484.81910187261377, ""predicted_n"": 64, ""predicted_ms"": 3941.954, ""predicted_per_token_ms"": 62.57069841269841, ""predicted_per_second"": 15.981921656112677}",ok,limit,191,330.3328279998823,True
512,256,1,False,i512-o256-c1,1789046043.8503122,1,16.393118027621185,False,1789046028.2941382,0.7498264312744141,True,512,16348.333752000144,llama3.2:3b-instruct-q8_0,nano,256,True,measure,etri-dev0001-jetorn,1789046027.501228,,i512-o256-c1-0,etri-dev0001-jetorn,False,workload,etri-dev0001-jetorn,1789046027.501978,"{""cache_n"": 0, ""prompt_n"": 512, ""prompt_ms"": 788.16, ""prompt_per_token_ms"": 1.539375, ""prompt_per_second"": 649.6142915144134, ""predicted_n"": 256, ""predicted_ms"": 15555.308, ""predicted_per_token_ms"": 61.00120784313726, ""predicted_per_second"": 16.393118027621185}",ok,limit,767,792.1592450002208,True
512,128,2,False,,1789046892.4962254,,16.115992508474537,False,1789046884.6149518,0.009298324584960938,True,512,9732.538245999422,llama3.2:3b-instruct-q8_0,nano,128,True,warmup,etri-dev0001-jetorn,1789046882.7636766,,warmup,etri-dev0001-jetorn,False,workload,etri-dev0001-jetorn,1789046882.763686,"{""cache_n"": 0, ""prompt_n"": 512, ""prompt_ms"": 1846.776, ""prompt_per_token_ms"": 3.606984375, ""prompt_per_second"": 277.2399034858586, ""predicted_n"": 128, ""predicted_ms"": 7880.371, ""predicted_per_token_ms"": 62.05016535433071, ""predicted_per_second"": 16.115992508474537}",ok,limit,639,1851.2652899999011,True
128,64,2,False,i128-o64-c1,1789046896.5424023,1,16.407745497636505,False,1789046892.7022536,23.121356964111328,True,128,4012.515025000539,llama3.2:3b-instruct-q8_0,nano,64,True,measure,etri-dev0001-jetorn,1789046892.5067658,,i128-o64-c1-0,etri-dev0001-jetorn,False,workload,etri-dev0001-jetorn,1789046892.5298872,"{""cache_n"": 0, ""prompt_n"": 128, ""prompt_ms"": 170.284, ""prompt_per_token_ms"": 1.33034375, ""prompt_per_second"": 751.6854196518757, ""predicted_n"": 64, ""predicted_ms"": 3839.65, ""predicted_per_token_ms"": 60.946825396825396, ""predicted_per_second"": 16.407745497636505}",ok,limit,191,172.36651300027006,True
512,128,2,False,i512-o128-c4,1789046905.0227234,4,16.409129471132463,False,1789046897.2813425,0.7150173187255859,True,512,8428.338800999882,llama3.2:3b-instruct-q8_0,nano,128,True,measure,etri-dev0001-jetorn,1789046896.5936694,,i512-o128-c4-0,etri-dev0001-jetorn,False,workload,etri-dev0001-jetorn,1789046896.5943844,"{""cache_n"": 0, ""prompt_n"": 512, ""prompt_ms"": 681.744, ""prompt_per_token_ms"": 1.33153125, ""prompt_per_second"": 751.0150437700955, ""predicted_n"": 128, ""predicted_ms"": 7739.594, ""predicted_per_token_ms"": 60.94168503937008, ""predicted_per_second"": 16.409129471132463}",ok,limit,639,686.95789100002,True
512,128,2,False,i512-o128-c4,1789046913.4428387,4,16.412494845248915,False,1789046905.7034712,1.672506332397461,True,512,16847.497101000044,llama3.2:3b-instruct-q8_0,nano,128,True,measure,etri-dev0001-jetorn,1789046896.5936694,,i512-o128-c4-1,etri-dev0001-jetorn,False,workload,etri-dev0001-jetorn,1789046896.595342,"{""cache_n"": 0, ""prompt_n"": 512, ""prompt_ms"": 681.6, ""prompt_per_token_ms"": 1.33125, ""prompt_per_second"": 751.1737089201878, ""predicted_n"": 128, ""predicted_ms"": 7738.007, ""predicted_per_token_ms"": 60.92918897637795, ""predicted_per_second"": 16.412494845248915}",ok,limit,639,9108.129467999788,True
512,128,2,False,i512-o128-c4,1789046921.8791692,4,16.408124579784054,False,1789046914.1241968,3.0486583709716797,True,512,25282.451230999868,llama3.2:3b-instruct-q8_0,nano,128,True,measure,etri-dev0001-jetorn,1789046896.5936694,,i512-o128-c4-2,etri-dev0001-jetorn,False,workload,etri-dev0001-jetorn,1789046896.596718,"{""cache_n"": 0, ""prompt_n"": 512, ""prompt_ms"": 682.039, ""prompt_per_token_ms"": 1.332107421875, ""prompt_per_second"": 750.690209797387, ""predicted_n"": 128, ""predicted_ms"": 7740.068, ""predicted_per_token_ms"": 60.94541732283465, ""predicted_per_second"": 16.408124579784054}",ok,limit,639,17527.47921700029,True
512,128,2,False,i512-o128-c4,1789046930.2981482,4,16.38786858994004,False,1789046922.5477197,3.652334213256836,True,512,33700.826753,llama3.2:3b-instruct-q8_0,nano,128,True,measure,etri-dev0001-jetorn,1789046896.5936694,,i512-o128-c4-3,etri-dev0001-jetorn,False,workload,etri-dev0001-jetorn,1789046896.5973217,"{""cache_n"": 0, ""prompt_n"": 512, ""prompt_ms"": 682.753, ""prompt_per_token_ms"": 1.333501953125, ""prompt_per_second"": 749.9051633606882, ""predicted_n"": 128, ""predicted_ms"": 7749.635, ""predicted_per_token_ms"": 61.02074803149606, ""predicted_per_second"": 16.38786858994004}",ok,limit,639,25950.398660000246,True
512,256,2,False,i512-o256-c1,1789046962.7437842,1,16.40152265304341,False,1789046947.195537,1.458883285522461,True,512,16363.743109000097,llama3.2:3b-instruct-q8_0,nano,256,True,measure,etri-dev0001-jetorn,1789046946.3785822,,i512-o256-c1-0,etri-dev0001-jetorn,False,workload,etri-dev0001-jetorn,1789046946.3800411,"{""cache_n"": 0, ""prompt_n"": 512, ""prompt_ms"": 810.212, ""prompt_per_token_ms"": 1.5824453125, ""prompt_per_second"": 631.9333705252452, ""predicted_n"": 256, ""predicted_ms"": 15547.337, ""predicted_per_token_ms"": 60.96994901960784, ""predicted_per_second"": 16.40152265304341}",ok,limit,767,815.4956480002511,True
512,128,2,False,i512-o128-c2,1789046985.4857814,2,16.408828414819315,False,1789046977.7447946,3.402233123779297,True,512,8577.543981999952,llama3.2:3b-instruct-q8_0,nano,128,True,measure,etri-dev0001-jetorn,1789046976.904834,,i512-o128-c2-1,etri-dev0001-jetorn,False,workload,etri-dev0001-jetorn,1789046976.9082363,"{""cache_n"": 0, ""prompt_n"": 512, ""prompt_ms"": 832.202, ""prompt_per_token_ms"": 1.62539453125, ""prompt_per_second"": 615.2352433663942, ""predicted_n"": 128, ""predicted_ms"": 7739.736, ""predicted_per_token_ms"": 60.9428031496063, ""predicted_per_second"": 16.408828414819315}",ok,limit,639,836.5570140003911,True
512,128,2,False,i512-o128-c2,1789046993.918594,2,16.384654932071413,False,1789046986.1666203,1.3179779052734375,True,512,17012.440495999726,llama3.2:3b-instruct-q8_0,nano,128,True,measure,etri-dev0001-jetorn,1789046976.904834,,i512-o128-c2-0,etri-dev0001-jetorn,False,workload,etri-dev0001-jetorn,1789046976.906152,"{""cache_n"": 0, ""prompt_n"": 512, ""prompt_ms"": 681.479, ""prompt_per_token_ms"": 1.331013671875, ""prompt_per_second"": 751.3070835638368, ""predicted_n"": 128, ""predicted_ms"": 7751.155, ""predicted_per_token_ms"": 61.03271653543307, ""predicted_per_second"": 16.384654932071413}",ok,limit,639,9260.467520999555,True
512,128,2,False,i512-o128-c8,1789047016.6958497,8,16.306312147753165,False,1789047008.9065986,1.4216899871826172,True,512,8606.942286999583,llama3.2:3b-instruct-q8_0,nano,128,True,measure,etri-dev0001-jetorn,1789047008.0874832,,i512-o128-c8-0,etri-dev0001-jetorn,False,workload,etri-dev0001-jetorn,1789047008.0889049,"{""cache_n"": 0, ""prompt_n"": 512, ""prompt_ms"": 808.122, ""prompt_per_token_ms"": 1.57836328125, ""prompt_per_second"": 633.5677038862945, ""predicted_n"": 128, ""predicted_ms"": 7788.395, ""predicted_per_token_ms"": 61.32594488188977, ""predicted_per_second"": 16.306312147753165}",ok,limit,639,817.69091499973,True
512,128,2,False,i512-o128-c8,1789047025.1228335,8,16.401159445744128,False,1789047017.378391,1.810312271118164,True,512,17033.53996700025,llama3.2:3b-instruct-q8_0,nano,128,True,measure,etri-dev0001-jetorn,1789047008.0874832,,i512-o128-c8-1,etri-dev0001-jetorn,False,workload,etri-dev0001-jetorn,1789047008.0892935,"{""cache_n"": 0, ""prompt_n"": 512, ""prompt_ms"": 682.95, ""prompt_per_token_ms"": 1.33388671875, ""prompt_per_second"": 749.6888498425945, ""predicted_n"": 128, ""predicted_ms"": 7743.355, ""predicted_per_token_ms"": 60.971299212598424, ""predicted_per_second"": 16.401159445744128}",ok,limit,639,9289.096928000617,True
512,128,2,False,i512-o128-c8,1789047033.549692,8,16.397053488221363,False,1789047025.8030906,3.9861202239990234,True,512,25458.222143000057,llama3.2:3b-instruct-q8_0,nano,128,True,measure,etri-dev0001-jetorn,1789047008.0874832,,i512-o128-c8-3,etri-dev0001-jetorn,False,workload,etri-dev0001-jetorn,1789047008.0914693,"{""cache_n"": 0, ""prompt_n"": 512, ""prompt_ms"": 680.502, ""prompt_per_token_ms"": 1.32910546875, ""prompt_per_second"": 752.3857387634423, ""predicted_n"": 128, ""predicted_ms"": 7745.294, ""predicted_per_token_ms"": 60.98656692913386, ""predicted_per_second"": 16.397053488221363}",ok,limit,639,17711.621499999637,True
512,128,2,False,i512-o128-c8,1789047041.9761925,8,16.400534631601378,False,1789047034.230892,3.087759017944336,True,512,33885.62114300021,llama3.2:3b-instruct-q8_0,nano,128,True,measure,etri-dev0001-jetorn,1789047008.0874832,,i512-o128-c8-2,etri-dev0001-jetorn,False,workload,etri-dev0001-jetorn,1789047008.090571,"{""cache_n"": 0, ""prompt_n"": 512, ""prompt_ms"": 681.933, ""prompt_per_token_ms"": 1.331900390625, ""prompt_per_second"": 750.8068974518025, ""predicted_n"": 128, ""predicted_ms"": 7743.65, ""predicted_per_token_ms"": 60.97362204724409, ""predicted_per_second"": 16.400534631601378}",ok,limit,639,26140.320647999943,True
512,128,2,False,i512-o128-c8,1789047050.4019294,8,16.399939513923872,False,1789047042.6571739,5.565643310546875,True,512,42308.88071800018,llama3.2:3b-instruct-q8_0,nano,128,True,measure,etri-dev0001-jetorn,1789047008.0874832,,i512-o128-c8-4,etri-dev0001-jetorn,False,workload,etri-dev0001-jetorn,1789047008.0930488,"{""cache_n"": 0, ""prompt_n"": 512, ""prompt_ms"": 681.883, ""prompt_per_token_ms"": 1.331802734375, ""prompt_per_second"": 750.8619513904878, ""predicted_n"": 128, ""predicted_ms"": 7743.931, ""predicted_per_token_ms"": 60.97583464566929, ""predicted_per_second"": 16.399939513923872}",ok,limit,639,34564.12549700053,True
512,128,2,False,i512-o128-c8,1789047058.834552,8,16.388143500778437,False,1789047051.0835443,8.936882019042969,True,512,50738.13088299994,llama3.2:3b-instruct-q8_0,nano,128,True,measure,etri-dev0001-jetorn,1789047008.0874832,,i512-o128-c8-6,etri-dev0001-jetorn,False,workload,etri-dev0001-jetorn,1789047008.09642,"{""cache_n"": 0, ""prompt_n"": 512, ""prompt_ms"": 681.639, ""prompt_per_token_ms"": 1.331326171875, ""prompt_per_second"": 751.130730489306, ""predicted_n"": 128, ""predicted_ms"": 7749.505, ""predicted_per_token_ms"": 61.01972440944882, ""predicted_per_second"": 16.388143500778437}",ok,limit,639,42987.123496000095,True
512,128,2,False,i512-o128-c8,1789047067.2997162,8,16.392989789619854,False,1789047059.5167282,6.529331207275391,True,512,59205.702698000096,llama3.2:3b-instruct-q8_0,nano,128,True,measure,etri-dev0001-jetorn,1789047008.0874832,,i512-o128-c8-5,etri-dev0001-jetorn,False,workload,etri-dev0001-jetorn,1789047008.0940125,"{""cache_n"": 0, ""prompt_n"": 512, ""prompt_ms"": 682.574, ""prompt_per_token_ms"": 1.33315234375, ""prompt_per_second"": 750.1018204619572, ""predicted_n"": 128, ""predicted_ms"": 7747.214, ""predicted_per_token_ms"": 61.00168503937008, ""predicted_per_second"": 16.392989789619854}",ok,limit,639,51422.71428100048,True
512,128,2,False,i512-o128-c8,1789047075.6935997,8,16.390903693761132,False,1789047067.9479005,15.130281448364258,True,512,67590.9860110005,llama3.2:3b-instruct-q8_0,nano,128,True,measure,etri-dev0001-jetorn,1789047008.0874832,,i512-o128-c8-7,etri-dev0001-jetorn,False,workload,etri-dev0001-jetorn,1789047008.1026134,"{""cache_n"": 0, ""prompt_n"": 512, ""prompt_ms"": 680.565, ""prompt_per_token_ms"": 1.329228515625, ""prompt_per_second"": 752.3160903073182, ""predicted_n"": 128, ""predicted_ms"": 7748.2, ""predicted_per_token_ms"": 61.00944881889764, ""predicted_per_second"": 16.390903693761132}",ok,limit,639,59845.28685300029,True
2048,128,2,False,i2048-o128-c1,1789047125.9030979,1,15.456543077203001,False,1789047117.6853585,1.9690990447998047,True,2048,11893.909546999566,llama3.2:3b-instruct-q8_0,nano,128,True,measure,etri-dev0001-jetorn,1789047114.0072167,,i2048-o128-c1-0,etri-dev0001-jetorn,False,workload,etri-dev0001-jetorn,1789047114.0091858,"{""cache_n"": 0, ""prompt_n"": 2048, ""prompt_ms"": 3667.493, ""prompt_per_token_ms"": 1.79076806640625, ""prompt_per_second"": 558.419607072188, ""predicted_n"": 128, ""predicted_ms"": 8216.585, ""predicted_per_token_ms"": 64.69751968503937, ""predicted_per_second"": 15.456543077203001}",ok,limit,2175,3676.1701659997925,True
512,128,2,False,i512-o128-c1,1789047144.5165453,1,16.40304476675064,False,1789047136.7731209,1.8372535705566406,True,512,8556.146375000026,llama3.2:3b-instruct-q8_0,nano,128,True,measure,etri-dev0001-jetorn,1789047135.9585588,,i512-o128-c1-0,etri-dev0001-jetorn,False,workload,etri-dev0001-jetorn,1789047135.960396,"{""cache_n"": 0, ""prompt_n"": 512, ""prompt_ms"": 807.232, ""prompt_per_token_ms"": 1.576625, ""prompt_per_second"": 634.2662332514074, ""predicted_n"": 128, ""predicted_ms"": 7742.465, ""predicted_per_token_ms"": 60.964291338582676, ""predicted_per_second"": 16.40304476675064}",ok,limit,639,812.7218329991592,True
512,128,0,False,,1789043606.2802217,,70.41398432817574,False,1789043604.4752855,0.011682510375976562,True,512,3197.18009799999,qwen2.5:0.5b-instruct-q8_0,nano,128,True,warmup,etri-dev0001-jetorn,1789043603.083001,,warmup,etri-dev0001-jetorn,False,workload,etri-dev0001-jetorn,1789043603.0830126,"{""cache_n"": 0, ""prompt_n"": 512, ""prompt_ms"": 1386.515, ""prompt_per_token_ms"": 2.708037109375, ""prompt_per_second"": 369.2711582637043, ""predicted_n"": 128, ""predicted_ms"": 1803.619, ""predicted_per_token_ms"": 14.201724409448818, ""predicted_per_second"": 70.41398432817574}",ok,limit,639,1392.244251000193,True
128,64,0,False,i128-o64-c1,1789043607.1526852,1,80.98581591281298,False,1789043606.3725145,29.95014190673828,True,128,827.5955550002436,qwen2.5:0.5b-instruct-q8_0,nano,64,True,measure,etri-dev0001-jetorn,1789043606.2951405,,i128-o64-c1-0,etri-dev0001-jetorn,False,workload,etri-dev0001-jetorn,1789043606.3250906,"{""cache_n"": 0, ""prompt_n"": 128, ""prompt_ms"": 45.088, ""prompt_per_token_ms"": 0.35225, ""prompt_per_second"": 2838.8928317955997, ""predicted_n"": 64, ""predicted_ms"": 777.914, ""predicted_per_token_ms"": 12.34784126984127, ""predicted_per_second"": 80.98581591281298}",ok,limit,191,47.42473099986455,True
512,128,0,False,i512-o128-c8,1789043609.2282574,8,82.97079885199773,False,1789043607.6947236,0.637054443359375,True,512,1754.9813659998108,qwen2.5:0.5b-instruct-q8_0,nano,128,True,measure,etri-dev0001-jetorn,1789043607.4726384,,i512-o128-c8-0,etri-dev0001-jetorn,False,workload,etri-dev0001-jetorn,1789043607.4732754,"{""cache_n"": 0, ""prompt_n"": 512, ""prompt_ms"": 217.146, ""prompt_per_token_ms"": 0.42411328125, ""prompt_per_second"": 2357.8606099122253, ""predicted_n"": 128, ""predicted_ms"": 1530.659, ""predicted_per_token_ms"": 12.052433070866142, ""predicted_per_second"": 82.97079885199773}",ok,limit,639,221.44752199983486,True
512,128,0,False,i512-o128-c8,1789043610.9409664,8,83.13825302309017,False,1789043609.4107165,1.5385150909423828,True,512,3466.7896609998934,qwen2.5:0.5b-instruct-q8_0,nano,128,True,measure,etri-dev0001-jetorn,1789043607.4726384,,i512-o128-c8-1,etri-dev0001-jetorn,False,workload,etri-dev0001-jetorn,1789043607.474177,"{""cache_n"": 0, ""prompt_n"": 512, ""prompt_ms"": 182.779, ""prompt_per_token_ms"": 0.356990234375, ""prompt_per_second"": 2801.1970740621186, ""predicted_n"": 128, ""predicted_ms"": 1527.576, ""predicted_per_token_ms"": 12.028157480314961, ""predicted_per_second"": 83.13825302309017}",ok,limit,639,1936.5397219999068,True
512,128,0,False,i512-o128-c8,1789043612.6384683,8,83.91185159098853,False,1789043611.1216621,3.5314559936523438,True,512,5162.298542999906,qwen2.5:0.5b-instruct-q8_0,nano,128,True,measure,etri-dev0001-jetorn,1789043607.4726384,,i512-o128-c8-2,etri-dev0001-jetorn,False,workload,etri-dev0001-jetorn,1789043607.4761698,"{""cache_n"": 0, ""prompt_n"": 512, ""prompt_ms"": 182.457, ""prompt_per_token_ms"": 0.356361328125, ""prompt_per_second"": 2806.1406249143633, ""predicted_n"": 128, ""predicted_ms"": 1513.493, ""predicted_per_token_ms"": 11.917267716535433, ""predicted_per_second"": 83.91185159098853}",ok,limit,639,3645.4917070000192,True
512,128,0,False,i512-o128-c8,1789043614.3292034,8,84.24068957969202,False,1789043612.8209271,4.456996917724609,True,512,6852.107571000033,qwen2.5:0.5b-instruct-q8_0,nano,128,True,measure,etri-dev0001-jetorn,1789043607.4726384,,i512-o128-c8-3,etri-dev0001-jetorn,False,workload,etri-dev0001-jetorn,1789043607.4770954,"{""cache_n"": 0, ""prompt_n"": 512, ""prompt_ms"": 185.219, ""prompt_per_token_ms"": 0.361755859375, ""prompt_per_second"": 2764.295239689233, ""predicted_n"": 128, ""predicted_ms"": 1507.585, ""predicted_per_token_ms"": 11.870748031496063, ""predicted_per_second"": 84.24068957969202}",ok,limit,639,5343.831810000211,True
512,128,0,False,i512-o128-c8,1789043616.044104,8,83.08179828262728,False,1789043614.5139349,6.185293197631836,True,512,8565.280299000278,qwen2.5:0.5b-instruct-q8_0,nano,128,True,measure,etri-dev0001-jetorn,1789043607.4726384,,i512-o128-c8-4,etri-dev0001-jetorn,False,workload,etri-dev0001-jetorn,1789043607.4788237,"{""cache_n"": 0, ""prompt_n"": 512, ""prompt_ms"": 184.484, ""prompt_per_token_ms"": 0.3603203125, ""prompt_per_second"": 2775.30842783114, ""predicted_n"": 128, ""predicted_ms"": 1528.614, ""predicted_per_token_ms"": 12.036330708661417, ""predicted_per_second"": 83.08179828262728}",ok,limit,639,7035.11094500027,True
512,128,0,False,i512-o128-c8,1789043617.750349,8,83.65527439918058,False,1789043616.2298627,7.865190505981445,True,512,10269.844925999678,qwen2.5:0.5b-instruct-q8_0,nano,128,True,measure,etri-dev0001-jetorn,1789043607.4726384,,i512-o128-c8-5,etri-dev0001-jetorn,False,workload,etri-dev0001-jetorn,1789043607.4805036,"{""cache_n"": 0, ""prompt_n"": 512, ""prompt_ms"": 185.623, ""prompt_per_token_ms"": 0.362544921875, ""prompt_per_second"": 2758.2788770788106, ""predicted_n"": 128, ""predicted_ms"": 1518.135, ""predicted_per_token_ms"": 11.953818897637795, ""predicted_per_second"": 83.65527439918058}",ok,limit,639,8749.359116999585,True
512,128,0,False,i512-o128-c8,1789043619.4458666,8,84.4949166660568,False,1789043617.9398067,8.897066116333008,True,512,11964.330929000425,qwen2.5:0.5b-instruct-q8_0,nano,128,True,measure,etri-dev0001-jetorn,1789043607.4726384,,i512-o128-c8-6,etri-dev0001-jetorn,False,workload,etri-dev0001-jetorn,1789043607.4815354,"{""cache_n"": 0, ""prompt_n"": 512, ""prompt_ms"": 191.194, ""prompt_per_token_ms"": 0.37342578125, ""prompt_per_second"": 2677.908302561796, ""predicted_n"": 128, ""predicted_ms"": 1503.049, ""predicted_per_token_ms"": 11.835031496062992, ""predicted_per_second"": 84.4949166660568}",ok,limit,639,10458.271217000402,True
512,128,0,False,i512-o128-c8,1789043621.1412048,8,84.12858026727716,False,1789043619.629896,9.831428527832031,True,512,13658.734975000243,qwen2.5:0.5b-instruct-q8_0,nano,128,True,measure,etri-dev0001-jetorn,1789043607.4726384,,i512-o128-c8-7,etri-dev0001-jetorn,False,workload,etri-dev0001-jetorn,1789043607.4824698,"{""cache_n"": 0, ""prompt_n"": 512, ""prompt_ms"": 186.302, ""prompt_per_token_ms"": 0.36387109375, ""prompt_per_second"": 2748.2259986473578, ""predicted_n"": 128, ""predicted_ms"": 1509.594, ""predicted_per_token_ms"": 11.886566929133858, ""predicted_per_second"": 84.12858026727716}",ok,limit,639,12147.426174999964,True
2048,128,0,False,i2048-o128-c1,1789043624.0034819,1,77.92113767315212,False,1789043622.372416,0.6451606750488281,True,2048,2730.8634099999836,qwen2.5:0.5b-instruct-q8_0,nano,128,True,measure,etri-dev0001-jetorn,1789043621.2719731,,i2048-o128-c1-0,etri-dev0001-jetorn,False,workload,etri-dev0001-jetorn,1789043621.2726183,"{""cache_n"": 0, ""prompt_n"": 2048, ""prompt_ms"": 1095.534, ""prompt_per_token_ms"": 0.5349287109375, ""prompt_per_second"": 1869.407978209713, ""predicted_n"": 128, ""predicted_ms"": 1629.853, ""predicted_per_token_ms"": 12.833488188976379, ""predicted_per_second"": 77.92113767315212}",ok,limit,2175,1099.7975499999484,True
512,128,0,False,i512-o128-c2,1789043625.7848055,2,84.42661366182155,False,1789043624.2775111,0.7889270782470703,True,512,1693.158639000103,qwen2.5:0.5b-instruct-q8_0,nano,128,True,measure,etri-dev0001-jetorn,1789043624.0908587,,i512-o128-c2-1,etri-dev0001-jetorn,False,workload,etri-dev0001-jetorn,1789043624.0916476,"{""cache_n"": 0, ""prompt_n"": 512, ""prompt_ms"": 183.043, ""prompt_per_token_ms"": 0.357505859375, ""prompt_per_second"": 2797.1569521915612, ""predicted_n"": 128, ""predicted_ms"": 1504.265, ""predicted_per_token_ms"": 11.844606299212598, ""predicted_per_second"": 84.42661366182155}",ok,limit,639,185.86358599986852,True
512,128,0,False,i512-o128-c2,1789043627.4946375,2,83.00751250668309,False,1789043625.9629624,0.5445480346679688,True,512,3403.234168000381,qwen2.5:0.5b-instruct-q8_0,nano,128,True,measure,etri-dev0001-jetorn,1789043624.0908587,,i512-o128-c2-0,etri-dev0001-jetorn,False,workload,etri-dev0001-jetorn,1789043624.0914032,"{""cache_n"": 0, ""prompt_n"": 512, ""prompt_ms"": 180.77, ""prompt_per_token_ms"": 0.35306640625, ""prompt_per_second"": 2832.3283730707526, ""predicted_n"": 128, ""predicted_ms"": 1529.982, ""predicted_per_token_ms"": 12.047102362204724, ""predicted_per_second"": 83.00751250668309}",ok,limit,639,1871.5591400000449,True
512,256,0,False,i512-o256-c1,1789043630.7600245,1,83.70439546551954,False,1789043627.7126307,0.4944801330566406,True,512,3232.1479369998087,qwen2.5:0.5b-instruct-q8_0,nano,256,True,measure,etri-dev0001-jetorn,1789043627.5273817,,i512-o256-c1-0,etri-dev0001-jetorn,False,workload,etri-dev0001-jetorn,1789043627.5278761,"{""cache_n"": 0, ""prompt_n"": 512, ""prompt_ms"": 182.584, ""prompt_per_token_ms"": 0.356609375, ""prompt_per_second"": 2804.1887569557025, ""predicted_n"": 256, ""predicted_ms"": 3046.435, ""predicted_per_token_ms"": 11.946803921568627, ""predicted_per_second"": 83.70439546551954}",ok,limit,767,184.75434799984214,True
512,128,0,False,i512-o128-c4,1789043632.6566372,4,81.96599637413411,False,1789043631.1068182,0.8997917175292969,True,512,1734.0504660000988,qwen2.5:0.5b-instruct-q8_0,nano,128,True,measure,etri-dev0001-jetorn,1789043630.921687,,i512-o128-c4-1,etri-dev0001-jetorn,False,workload,etri-dev0001-jetorn,1789043630.9225867,"{""cache_n"": 0, ""prompt_n"": 512, ""prompt_ms"": 180.919, ""prompt_per_token_ms"": 0.353357421875, ""prompt_per_second"": 2829.995743951713, ""predicted_n"": 128, ""predicted_ms"": 1549.423, ""predicted_per_token_ms"": 12.200181102362205, ""predicted_per_second"": 81.96599637413411}",ok,limit,639,184.23270599987518,True
512,128,0,False,i512-o128-c4,1789043634.3540611,4,83.9823227129861,False,1789043632.8411028,1.9671916961669922,True,512,3430.407037999885,qwen2.5:0.5b-instruct-q8_0,nano,128,True,measure,etri-dev0001-jetorn,1789043630.921687,,i512-o128-c4-3,etri-dev0001-jetorn,False,workload,etri-dev0001-jetorn,1789043630.923654,"{""cache_n"": 0, ""prompt_n"": 512, ""prompt_ms"": 184.257, ""prompt_per_token_ms"": 0.359876953125, ""prompt_per_second"": 2778.7275381667996, ""predicted_n"": 128, ""predicted_ms"": 1512.223, ""predicted_per_token_ms"": 11.907267716535433, ""predicted_per_second"": 83.9823227129861}",ok,limit,639,1917.4491720000333,True
512,128,0,False,i512-o128-c4,1789043636.0551107,4,83.99437568369437,False,1789043634.5397334,1.463174819946289,True,512,5131.960152999909,qwen2.5:0.5b-instruct-q8_0,nano,128,True,measure,etri-dev0001-jetorn,1789043630.921687,,i512-o128-c4-2,etri-dev0001-jetorn,False,workload,etri-dev0001-jetorn,1789043630.92315,"{""cache_n"": 0, ""prompt_n"": 512, ""prompt_ms"": 184.466, ""prompt_per_token_ms"": 0.36028515625, ""prompt_per_second"": 2775.5792395346566, ""predicted_n"": 128, ""predicted_ms"": 1512.006, ""predicted_per_token_ms"": 11.905559055118111, ""predicted_per_second"": 83.99437568369437}",ok,limit,639,3616.5833320001184,True
512,128,0,False,i512-o128-c4,1789043637.74798,4,84.197685558108,False,1789043636.2382948,0.31256675720214844,True,512,6825.980962999893,qwen2.5:0.5b-instruct-q8_0,nano,128,True,measure,etri-dev0001-jetorn,1789043630.921687,,i512-o128-c4-0,etri-dev0001-jetorn,False,workload,etri-dev0001-jetorn,1789043630.9219995,"{""cache_n"": 0, ""prompt_n"": 512, ""prompt_ms"": 184.231, ""prompt_per_token_ms"": 0.359826171875, ""prompt_per_second"": 2779.119692125647, ""predicted_n"": 128, ""predicted_ms"": 1508.355, ""predicted_per_token_ms"": 11.876811023622047, ""predicted_per_second"": 84.197685558108}",ok,limit,639,5316.295963999892,True
512,128,0,False,i512-o128-c1,1789043639.5087874,1,83.48743448372883,False,1789043637.9837232,0.621795654296875,True,512,1712.8834009999991,qwen2.5:0.5b-instruct-q8_0,nano,128,True,measure,etri-dev0001-jetorn,1789043637.7952824,,i512-o128-c1-0,etri-dev0001-jetorn,False,workload,etri-dev0001-jetorn,1789043637.7959042,"{""cache_n"": 0, ""prompt_n"": 512, ""prompt_ms"": 184.781, ""prompt_per_token_ms"": 0.360900390625, ""prompt_per_second"": 2770.8476520854415, ""predicted_n"": 128, ""predicted_ms"": 1521.187, ""predicted_per_token_ms"": 11.977850393700786, ""predicted_per_second"": 83.48743448372883}",ok,limit,639,187.81881999984762,True
512,128,1,False,,1789046607.730015,,77.29287487500768,False,1789046606.0859795,0.0040531158447265625,True,512,2157.430688999739,qwen2.5:0.5b-instruct-q8_0,nano,128,True,warmup,etri-dev0001-jetorn,1789046605.5725799,,warmup,etri-dev0001-jetorn,False,workload,etri-dev0001-jetorn,1789046605.572584,"{""cache_n"": 0, ""prompt_n"": 512, ""prompt_ms"": 510.03, ""prompt_per_token_ms"": 0.99615234375, ""prompt_per_second"": 1003.8625178911045, ""predicted_n"": 128, ""predicted_ms"": 1643.101, ""predicted_per_token_ms"": 12.9378031496063, ""predicted_per_second"": 77.29287487500768}",ok,limit,639,513.3961669998826,True
2048,128,1,False,i2048-o128-c1,1789046610.5590453,1,80.24424579254777,False,1789046608.9755888,22.562265396118164,True,2048,2671.963619000053,qwen2.5:0.5b-instruct-q8_0,nano,128,True,measure,etri-dev0001-jetorn,1789046607.8645194,,i2048-o128-c1-0,etri-dev0001-jetorn,False,workload,etri-dev0001-jetorn,1789046607.8870816,"{""cache_n"": 0, ""prompt_n"": 2048, ""prompt_ms"": 1084.79, ""prompt_per_token_ms"": 0.5296826171875, ""prompt_per_second"": 1887.9230081398243, ""predicted_n"": 128, ""predicted_ms"": 1582.668, ""predicted_per_token_ms"": 12.46195275590551, ""predicted_per_second"": 80.24424579254777}",ok,limit,2175,1088.5074810003061,True
512,128,1,False,i512-o128-c8,1789046614.817955,8,75.9583006872133,False,1789046613.1464875,0.5102157592773438,True,512,1961.0879380006736,qwen2.5:0.5b-instruct-q8_0,nano,128,True,measure,etri-dev0001-jetorn,1789046612.8563566,,i512-o128-c8-0,etri-dev0001-jetorn,False,workload,etri-dev0001-jetorn,1789046612.8568668,"{""cache_n"": 0, ""prompt_n"": 512, ""prompt_ms"": 282.349, ""prompt_per_token_ms"": 0.551462890625, ""prompt_per_second"": 1813.3586447977505, ""predicted_n"": 128, ""predicted_ms"": 1671.97, ""predicted_per_token_ms"": 13.16511811023622, ""predicted_per_second"": 75.9583006872133}",ok,limit,639,289.62030399998184,True
512,128,1,False,i512-o128-c8,1789046616.4967604,8,84.85765295758988,False,1789046614.9993012,2.2406578063964844,True,512,3638.1621400005315,qwen2.5:0.5b-instruct-q8_0,nano,128,True,measure,etri-dev0001-jetorn,1789046612.8563566,,i512-o128-c8-1,etri-dev0001-jetorn,False,workload,etri-dev0001-jetorn,1789046612.8585973,"{""cache_n"": 0, ""prompt_n"": 512, ""prompt_ms"": 181.712, ""prompt_per_token_ms"": 0.35490625, ""prompt_per_second"": 2817.6455049749056, ""predicted_n"": 128, ""predicted_ms"": 1496.624, ""predicted_per_token_ms"": 11.78444094488189, ""predicted_per_second"": 84.85765295758988}",ok,limit,639,2140.7031290000305,True
512,128,1,False,i512-o128-c8,1789046618.1854696,8,84.6236778383248,False,1789046616.6831083,3.5021305084228516,True,512,5325.611059999574,qwen2.5:0.5b-instruct-q8_0,nano,128,True,measure,etri-dev0001-jetorn,1789046612.8563566,,i512-o128-c8-2,etri-dev0001-jetorn,False,workload,etri-dev0001-jetorn,1789046612.8598588,"{""cache_n"": 0, ""prompt_n"": 512, ""prompt_ms"": 186.326, ""prompt_per_token_ms"": 0.36391796875, ""prompt_per_second"": 2747.872009274068, ""predicted_n"": 128, ""predicted_ms"": 1500.762, ""predicted_per_token_ms"": 11.817023622047243, ""predicted_per_second"": 84.6236778383248}",ok,limit,639,3823.2497529998,True
512,128,1,False,i512-o128-c8,1789046619.8413172,8,86.23440820788603,False,1789046618.3675098,6.61468505859375,True,512,6978.344999000001,qwen2.5:0.5b-instruct-q8_0,nano,128,True,measure,etri-dev0001-jetorn,1789046612.8563566,,i512-o128-c8-3,etri-dev0001-jetorn,False,workload,etri-dev0001-jetorn,1789046612.8629713,"{""cache_n"": 0, ""prompt_n"": 512, ""prompt_ms"": 183.064, ""prompt_per_token_ms"": 0.357546875, ""prompt_per_second"": 2796.8360791854216, ""predicted_n"": 128, ""predicted_ms"": 1472.73, ""predicted_per_token_ms"": 11.596299212598426, ""predicted_per_second"": 86.23440820788603}",ok,limit,639,5504.537642999821,True
512,128,1,False,i512-o128-c8,1789046621.4928515,8,86.3922657834248,False,1789046620.0213919,8.814096450805664,True,512,8627.680970000256,qwen2.5:0.5b-instruct-q8_0,nano,128,True,measure,etri-dev0001-jetorn,1789046612.8563566,,i512-o128-c8-5,etri-dev0001-jetorn,False,workload,etri-dev0001-jetorn,1789046612.8651707,"{""cache_n"": 0, ""prompt_n"": 512, ""prompt_ms"": 180.616, ""prompt_per_token_ms"": 0.352765625, ""prompt_per_second"": 2834.7433228506884, ""predicted_n"": 128, ""predicted_ms"": 1470.039, ""predicted_per_token_ms"": 11.575110236220473, ""predicted_per_second"": 86.3922657834248}",ok,limit,639,7156.221498999912,True
512,128,1,False,i512-o128-c8,1789046623.1525548,8,86.1339294434256,False,1789046621.6765835,7.761478424072266,True,512,10288.436942000772,qwen2.5:0.5b-instruct-q8_0,nano,128,True,measure,etri-dev0001-jetorn,1789046612.8563566,,i512-o128-c8-4,etri-dev0001-jetorn,False,workload,etri-dev0001-jetorn,1789046612.864118,"{""cache_n"": 0, ""prompt_n"": 512, ""prompt_ms"": 184.541, ""prompt_per_token_ms"": 0.360431640625, ""prompt_per_second"": 2774.45120596507, ""predicted_n"": 128, ""predicted_ms"": 1474.448, ""predicted_per_token_ms"": 11.609826771653545, ""predicted_per_second"": 86.1339294434256}",ok,limit,639,8812.46580900006,True
512,128,1,False,i512-o128-c8,1789046624.8078496,8,86.34081507089124,False,1789046623.3357685,9.84501838684082,True,512,11941.64796699988,qwen2.5:0.5b-instruct-q8_0,nano,128,True,measure,etri-dev0001-jetorn,1789046612.8563566,,i512-o128-c8-6,etri-dev0001-jetorn,False,workload,etri-dev0001-jetorn,1789046612.8662016,"{""cache_n"": 0, ""prompt_n"": 512, ""prompt_ms"": 183.847, ""prompt_per_token_ms"": 0.359076171875, ""prompt_per_second"": 2784.924420849946, ""predicted_n"": 128, ""predicted_ms"": 1470.915, ""predicted_per_token_ms"": 11.582007874015748, ""predicted_per_second"": 86.34081507089124}",ok,limit,639,10469.567421000647,True
512,128,1,False,i512-o128-c8,1789046626.4657567,8,86.1675912155194,False,1789046624.9909415,21.63839340209961,True,512,13587.760011000682,qwen2.5:0.5b-instruct-q8_0,nano,128,True,measure,etri-dev0001-jetorn,1789046612.8563566,,i512-o128-c8-7,etri-dev0001-jetorn,False,workload,etri-dev0001-jetorn,1789046612.877995,"{""cache_n"": 0, ""prompt_n"": 512, ""prompt_ms"": 184.133, ""prompt_per_token_ms"": 0.359634765625, ""prompt_per_second"": 2780.5988062976216, ""predicted_n"": 128, ""predicted_ms"": 1473.872, ""predicted_per_token_ms"": 11.605291338582678, ""predicted_per_second"": 86.1675912155194}",ok,limit,639,12112.945112000489,True
512,128,1,False,i512-o128-c2,1789046630.4498358,2,80.68435581165602,False,1789046628.8706572,1.6407966613769531,True,512,1877.998531999765,qwen2.5:0.5b-instruct-q8_0,nano,128,True,measure,etri-dev0001-jetorn,1789046628.5701966,,i512-o128-c2-1,etri-dev0001-jetorn,False,workload,etri-dev0001-jetorn,1789046628.5718374,"{""cache_n"": 0, ""prompt_n"": 512, ""prompt_ms"": 295.791, ""prompt_per_token_ms"": 0.577716796875, ""prompt_per_second"": 1730.9519221342096, ""predicted_n"": 128, ""predicted_ms"": 1574.035, ""predicted_per_token_ms"": 12.393976377952757, ""predicted_per_second"": 80.68435581165602}",ok,limit,639,298.8199530000202,True
512,128,1,False,i512-o128-c2,1789046632.1211858,2,85.12543601650496,False,1789046630.6280994,0.8718967437744141,True,512,3550.116287000492,qwen2.5:0.5b-instruct-q8_0,nano,128,True,measure,etri-dev0001-jetorn,1789046628.5701966,,i512-o128-c2-0,etri-dev0001-jetorn,False,workload,etri-dev0001-jetorn,1789046628.5710685,"{""cache_n"": 0, ""prompt_n"": 512, ""prompt_ms"": 182.939, ""prompt_per_token_ms"": 0.357302734375, ""prompt_per_second"": 2798.7471233580595, ""predicted_n"": 128, ""predicted_ms"": 1491.916, ""predicted_per_token_ms"": 11.747370078740158, ""predicted_per_second"": 85.12543601650496}",ok,limit,639,2057.0297940003,True
512,128,1,False,i512-o128-c1,1789046638.064745,1,78.63762482174955,False,1789046636.4494789,0.8051395416259766,True,512,1877.6607620002324,qwen2.5:0.5b-instruct-q8_0,nano,128,True,measure,etri-dev0001-jetorn,1789046636.1862767,,i512-o128-c1-0,etri-dev0001-jetorn,False,workload,etri-dev0001-jetorn,1789046636.1870818,"{""cache_n"": 0, ""prompt_n"": 512, ""prompt_ms"": 258.222, ""prompt_per_token_ms"": 0.50433984375, ""prompt_per_second"": 1982.7900024010348, ""predicted_n"": 128, ""predicted_ms"": 1615.003, ""predicted_per_token_ms"": 12.71655905511811, ""predicted_per_second"": 78.63762482174955}",ok,limit,639,262.39520699982677,True
512,128,1,False,i512-o128-c4,1789046642.1681597,4,79.99304627377275,False,1789046640.5789847,1.9271373748779297,True,512,1883.1327329999112,qwen2.5:0.5b-instruct-q8_0,nano,128,True,measure,etri-dev0001-jetorn,1789046640.2830994,,i512-o128-c4-1,etri-dev0001-jetorn,False,workload,etri-dev0001-jetorn,1789046640.2850266,"{""cache_n"": 0, ""prompt_n"": 512, ""prompt_ms"": 289.601, ""prompt_per_token_ms"": 0.565626953125, ""prompt_per_second"": 1767.9496963062973, ""predicted_n"": 128, ""predicted_ms"": 1587.638, ""predicted_per_token_ms"": 12.501086614173227, ""predicted_per_second"": 79.99304627377275}",ok,limit,639,293.95831400051975,True
512,128,1,False,i512-o128-c4,1789046643.8262641,4,86.02354471192272,False,1789046642.3488178,3.1778812408447266,True,512,3539.9868080003216,qwen2.5:0.5b-instruct-q8_0,nano,128,True,measure,etri-dev0001-jetorn,1789046640.2830994,,i512-o128-c4-3,etri-dev0001-jetorn,False,workload,etri-dev0001-jetorn,1789046640.2862773,"{""cache_n"": 0, ""prompt_n"": 512, ""prompt_ms"": 181.695, ""prompt_per_token_ms"": 0.354873046875, ""prompt_per_second"": 2817.909133437904, ""predicted_n"": 128, ""predicted_ms"": 1476.34, ""predicted_per_token_ms"": 11.624724409448818, ""predicted_per_second"": 86.02354471192272}",ok,limit,639,2062.540328999603,True
512,128,1,False,i512-o128-c4,1789046645.5007572,4,85.51393877201986,False,1789046644.010011,2.6121139526367188,True,512,5215.046115000405,qwen2.5:0.5b-instruct-q8_0,nano,128,True,measure,etri-dev0001-jetorn,1789046640.2830994,,i512-o128-c4-2,etri-dev0001-jetorn,False,workload,etri-dev0001-jetorn,1789046640.2857115,"{""cache_n"": 0, ""prompt_n"": 512, ""prompt_ms"": 184.339, ""prompt_per_token_ms"": 0.360037109375, ""prompt_per_second"": 2777.4914695208286, ""predicted_n"": 128, ""predicted_ms"": 1485.138, ""predicted_per_token_ms"": 11.693999999999999, ""predicted_per_second"": 85.51393877201986}",ok,limit,639,3724.2996740005765,True
512,128,1,False,i512-o128-c4,1789046647.176094,4,84.97637723623367,False,1789046645.680827,1.012563705444336,True,512,6891.981314000077,qwen2.5:0.5b-instruct-q8_0,nano,128,True,measure,etri-dev0001-jetorn,1789046640.2830994,,i512-o128-c4-0,etri-dev0001-jetorn,False,workload,etri-dev0001-jetorn,1789046640.284112,"{""cache_n"": 0, ""prompt_n"": 512, ""prompt_ms"": 185.016, ""prompt_per_token_ms"": 0.361359375, ""prompt_per_second"": 2767.3282310719073, ""predicted_n"": 128, ""predicted_ms"": 1494.533, ""predicted_per_token_ms"": 11.767976377952754, ""predicted_per_second"": 84.97637723623367}",ok,limit,639,5396.71476500007,True
128,64,1,False,i128-o64-c1,1789046652.2896702,1,64.05609280202702,False,1789046651.3055775,1.287698745727539,True,128,1077.479143000346,qwen2.5:0.5b-instruct-q8_0,nano,64,True,measure,etri-dev0001-jetorn,1789046651.2109027,,i128-o64-c1-0,etri-dev0001-jetorn,False,workload,etri-dev0001-jetorn,1789046651.2121904,"{""cache_n"": 0, ""prompt_n"": 128, ""prompt_ms"": 90.454, ""prompt_per_token_ms"": 0.706671875, ""prompt_per_second"": 1415.0839100537291, ""predicted_n"": 64, ""predicted_ms"": 983.513, ""predicted_per_token_ms"": 15.61131746031746, ""predicted_per_second"": 64.05609280202702}",ok,limit,191,93.38649300025281,True
512,256,1,False,i512-o256-c1,1789046657.7002535,1,84.0712924560027,False,1789046654.6550741,0.6628036499023438,True,512,3345.1934219992836,qwen2.5:0.5b-instruct-q8_0,nano,256,True,measure,etri-dev0001-jetorn,1789046654.354396,,i512-o256-c1-0,etri-dev0001-jetorn,False,workload,etri-dev0001-jetorn,1789046654.355059,"{""cache_n"": 0, ""prompt_n"": 512, ""prompt_ms"": 296.31, ""prompt_per_token_ms"": 0.57873046875, ""prompt_per_second"": 1727.920083696129, ""predicted_n"": 256, ""predicted_ms"": 3033.14, ""predicted_per_token_ms"": 11.894666666666666, ""predicted_per_second"": 84.0712924560027}",ok,limit,767,300.0143509998452,True
512,128,2,False,,1789047871.608496,,79.0906197902168,False,1789047870.0018442,0.00667572021484375,True,512,2144.070362999628,qwen2.5:0.5b-instruct-q8_0,nano,128,True,warmup,etri-dev0001-jetorn,1789047869.4644175,,warmup,etri-dev0001-jetorn,False,workload,etri-dev0001-jetorn,1789047869.4644241,"{""cache_n"": 0, ""prompt_n"": 512, ""prompt_ms"": 532.822, ""prompt_per_token_ms"": 1.04066796875, ""prompt_per_second"": 960.921283280345, ""predicted_n"": 128, ""predicted_ms"": 1605.753, ""predicted_per_token_ms"": 12.643724409448819, ""predicted_per_second"": 79.0906197902168}",ok,limit,639,537.4192099998254,True
128,64,2,False,i128-o64-c1,1789047872.4533455,1,83.26724821570183,False,1789047871.695817,21.291494369506836,True,128,804.182204999961,qwen2.5:0.5b-instruct-q8_0,nano,64,True,measure,etri-dev0001-jetorn,1789047871.627872,,i128-o64-c1-0,etri-dev0001-jetorn,False,workload,etri-dev0001-jetorn,1789047871.6491635,"{""cache_n"": 0, ""prompt_n"": 128, ""prompt_ms"": 44.458, ""prompt_per_token_ms"": 0.347328125, ""prompt_per_second"": 2879.1218678303117, ""predicted_n"": 64, ""predicted_ms"": 756.6, ""predicted_per_token_ms"": 12.00952380952381, ""predicted_per_second"": 83.26724821570183}",ok,limit,191,46.653444999719795,True
512,128,2,False,i512-o128-c4,1789047874.3004289,4,86.46525934812003,False,1789047872.8064122,1.0814666748046875,True,512,1676.0822129999724,qwen2.5:0.5b-instruct-q8_0,nano,128,True,measure,etri-dev0001-jetorn,1789047872.6232653,,i512-o128-c4-1,etri-dev0001-jetorn,False,workload,etri-dev0001-jetorn,1789047872.6243467,"{""cache_n"": 0, ""prompt_n"": 512, ""prompt_ms"": 178.943, ""prompt_per_token_ms"": 0.349498046875, ""prompt_per_second"": 2861.2463186601317, ""predicted_n"": 128, ""predicted_ms"": 1468.798, ""predicted_per_token_ms"": 11.565338582677166, ""predicted_per_second"": 86.46525934812003}",ok,limit,639,182.06566499975452,True
512,128,2,False,i512-o128-c4,1789047875.9339576,4,86.04540080557467,False,1789047874.4546294,0.4000663757324219,True,512,3310.291994000181,qwen2.5:0.5b-instruct-q8_0,nano,128,True,measure,etri-dev0001-jetorn,1789047872.6232653,,i512-o128-c4-0,etri-dev0001-jetorn,False,workload,etri-dev0001-jetorn,1789047872.6236653,"{""cache_n"": 0, ""prompt_n"": 512, ""prompt_ms"": 178.875, ""prompt_per_token_ms"": 0.349365234375, ""prompt_per_second"": 2862.334032145353, ""predicted_n"": 128, ""predicted_ms"": 1475.965, ""predicted_per_token_ms"": 11.621771653543307, ""predicted_per_second"": 86.04540080557467}",ok,limit,639,1830.964419999873,True
512,128,2,False,i512-o128-c4,1789047877.5945063,4,85.85954190216069,False,1789047876.1143749,3.7789344787597656,True,512,4967.462146999424,qwen2.5:0.5b-instruct-q8_0,nano,128,True,measure,etri-dev0001-jetorn,1789047872.6232653,,i512-o128-c4-3,etri-dev0001-jetorn,False,workload,etri-dev0001-jetorn,1789047872.6270442,"{""cache_n"": 0, ""prompt_n"": 512, ""prompt_ms"": 183.126, ""prompt_per_token_ms"": 0.35766796875, ""prompt_per_second"": 2795.889169205902, ""predicted_n"": 128, ""predicted_ms"": 1479.16, ""predicted_per_token_ms"": 11.646929133858269, ""predicted_per_second"": 85.85954190216069}",ok,limit,639,3487.3313250000137,True
512,128,2,False,i512-o128-c4,1789047879.257698,4,85.8862514370731,False,1789047877.7781386,2.2132396697998047,True,512,6632.2198460002255,qwen2.5:0.5b-instruct-q8_0,nano,128,True,measure,etri-dev0001-jetorn,1789047872.6232653,,i512-o128-c4-2,etri-dev0001-jetorn,False,workload,etri-dev0001-jetorn,1789047872.6254785,"{""cache_n"": 0, ""prompt_n"": 512, ""prompt_ms"": 184.267, ""prompt_per_token_ms"": 0.359896484375, ""prompt_per_second"": 2778.576739188243, ""predicted_n"": 128, ""predicted_ms"": 1478.7, ""predicted_per_token_ms"": 11.643307086614174, ""predicted_per_second"": 85.8862514370731}",ok,limit,639,5152.660144000038,True
512,256,2,False,i512-o256-c1,1789047884.6336286,1,85.36576384281183,False,1789047881.6458054,0.8435249328613281,True,512,3274.3808610002816,qwen2.5:0.5b-instruct-q8_0,nano,256,True,measure,etri-dev0001-jetorn,1789047881.3584042,,i512-o256-c1-0,etri-dev0001-jetorn,False,workload,etri-dev0001-jetorn,1789047881.3592477,"{""cache_n"": 0, ""prompt_n"": 512, ""prompt_ms"": 283.922, ""prompt_per_token_ms"": 0.55453515625, ""prompt_per_second"": 1803.3121772881282, ""predicted_n"": 256, ""predicted_ms"": 2987.146, ""predicted_per_token_ms"": 11.714298039215686, ""predicted_per_second"": 85.36576384281183}",ok,limit,767,286.5575949999766,True
512,128,2,False,i512-o128-c2,1789047888.5781221,2,81.91180871593242,False,1789047887.0264578,1.4493465423583984,True,512,1846.8576469995241,qwen2.5:0.5b-instruct-q8_0,nano,128,True,measure,etri-dev0001-jetorn,1789047886.7298152,,i512-o128-c2-1,etri-dev0001-jetorn,False,workload,etri-dev0001-jetorn,1789047886.7312646,"{""cache_n"": 0, ""prompt_n"": 512, ""prompt_ms"": 292.63, ""prompt_per_token_ms"": 0.57154296875, ""prompt_per_second"": 1749.6497283258723, ""predicted_n"": 128, ""predicted_ms"": 1550.448, ""predicted_per_token_ms"": 12.208251968503937, ""predicted_per_second"": 81.91180871593242}",ok,limit,639,295.1933279991863,True
512,128,2,False,i512-o128-c2,1789047890.2457852,2,85.72288693083715,False,1789047888.7631907,0.6604194641113281,True,512,3515.3091439997297,qwen2.5:0.5b-instruct-q8_0,nano,128,True,measure,etri-dev0001-jetorn,1789047886.7298152,,i512-o128-c2-0,etri-dev0001-jetorn,False,workload,etri-dev0001-jetorn,1789047886.7304757,"{""cache_n"": 0, ""prompt_n"": 512, ""prompt_ms"": 185.978, ""prompt_per_token_ms"": 0.36323828125, ""prompt_per_second"": 2753.013797330867, ""predicted_n"": 128, ""predicted_ms"": 1481.518, ""predicted_per_token_ms"": 11.665496062992126, ""predicted_per_second"": 85.72288693083715}",ok,limit,639,2032.714634000513,True
512,128,2,False,i512-o128-c8,1789047894.5193357,8,79.21414577523517,False,1789047892.9126694,1.5375614166259766,True,512,1907.2510340001827,qwen2.5:0.5b-instruct-q8_0,nano,128,True,measure,etri-dev0001-jetorn,1789047892.6105466,,i512-o128-c8-1,etri-dev0001-jetorn,False,workload,etri-dev0001-jetorn,1789047892.6120842,"{""cache_n"": 0, ""prompt_n"": 512, ""prompt_ms"": 293.384, ""prompt_per_token_ms"": 0.573015625, ""prompt_per_second"": 1745.1531099173778, ""predicted_n"": 128, ""predicted_ms"": 1603.249, ""predicted_per_token_ms"": 12.624007874015748, ""predicted_per_second"": 79.21414577523517}",ok,limit,639,300.58536299929983,True
512,128,2,False,i512-o128-c8,1789047896.1753864,8,86.19858797210694,False,1789047894.7008305,4.029273986816406,True,512,3560.809638000137,qwen2.5:0.5b-instruct-q8_0,nano,128,True,measure,etri-dev0001-jetorn,1789047892.6105466,,i512-o128-c8-4,etri-dev0001-jetorn,False,workload,etri-dev0001-jetorn,1789047892.6145759,"{""cache_n"": 0, ""prompt_n"": 512, ""prompt_ms"": 184.242, ""prompt_per_token_ms"": 0.35984765625, ""prompt_per_second"": 2778.9537673277537, ""predicted_n"": 128, ""predicted_ms"": 1473.342, ""predicted_per_token_ms"": 11.601118110236222, ""predicted_per_second"": 86.19858797210694}",ok,limit,639,2086.253673999636,True
512,128,2,False,i512-o128-c8,1789047897.8411336,8,85.75981848630543,False,1789047896.3594778,5.313873291015625,True,512,5225.272029000735,qwen2.5:0.5b-instruct-q8_0,nano,128,True,measure,etri-dev0001-jetorn,1789047892.6105466,,i512-o128-c8-5,etri-dev0001-jetorn,False,workload,etri-dev0001-jetorn,1789047892.6158605,"{""cache_n"": 0, ""prompt_n"": 512, ""prompt_ms"": 184.638, ""prompt_per_token_ms"": 0.36062109375, ""prompt_per_second"": 2772.993641612236, ""predicted_n"": 128, ""predicted_ms"": 1480.88, ""predicted_per_token_ms"": 11.660472440944883, ""predicted_per_second"": 85.75981848630543}",ok,limit,639,3743.616564000149,True
512,128,2,False,i512-o128-c8,1789047899.4962208,8,86.091772473681,False,1789047898.0201826,2.630472183227539,True,512,6883.043693000218,qwen2.5:0.5b-instruct-q8_0,nano,128,True,measure,etri-dev0001-jetorn,1789047892.6105466,,i512-o128-c8-2,etri-dev0001-jetorn,False,workload,etri-dev0001-jetorn,1789047892.613177,"{""cache_n"": 0, ""prompt_n"": 512, ""prompt_ms"": 179.316, ""prompt_per_token_ms"": 0.3502265625, ""prompt_per_second"": 2855.2945637868343, ""predicted_n"": 128, ""predicted_ms"": 1475.17, ""predicted_per_token_ms"": 11.615511811023623, ""predicted_per_second"": 86.091772473681}",ok,limit,639,5407.00532899973,True
512,128,2,False,i512-o128-c8,1789047901.1616294,8,85.79127590541884,False,1789047899.6806295,0.6742477416992188,True,512,8550.408068999786,qwen2.5:0.5b-instruct-q8_0,nano,128,True,measure,etri-dev0001-jetorn,1789047892.6105466,,i512-o128-c8-0,etri-dev0001-jetorn,False,workload,etri-dev0001-jetorn,1789047892.6112208,"{""cache_n"": 0, ""prompt_n"": 512, ""prompt_ms"": 184.606, ""prompt_per_token_ms"": 0.36055859375, ""prompt_per_second"": 2773.4743182778457, ""predicted_n"": 128, ""predicted_ms"": 1480.337, ""predicted_per_token_ms"": 11.6561968503937, ""predicted_per_second"": 85.79127590541884}",ok,limit,639,7069.40849700004,True
512,128,2,False,i512-o128-c8,1789047902.8362353,8,84.99912658377801,False,1789047901.3409307,3.237485885620117,True,512,10222.451214999637,qwen2.5:0.5b-instruct-q8_0,nano,128,True,measure,etri-dev0001-jetorn,1789047892.6105466,,i512-o128-c8-3,etri-dev0001-jetorn,False,workload,etri-dev0001-jetorn,1789047892.613784,"{""cache_n"": 0, ""prompt_n"": 512, ""prompt_ms"": 179.426, ""prompt_per_token_ms"": 0.35044140625, ""prompt_per_second"": 2853.5440794533683, ""predicted_n"": 128, ""predicted_ms"": 1494.133, ""predicted_per_token_ms"": 11.764826771653544, ""predicted_per_second"": 84.99912658377801}",ok,limit,639,8727.147163999689,True
512,128,2,False,i512-o128-c8,1789047904.4913673,8,86.37064431820578,False,1789047903.019366,6.5937042236328125,True,512,11874.227232000521,qwen2.5:0.5b-instruct-q8_0,nano,128,True,measure,etri-dev0001-jetorn,1789047892.6105466,,i512-o128-c8-6,etri-dev0001-jetorn,False,workload,etri-dev0001-jetorn,1789047892.6171403,"{""cache_n"": 0, ""prompt_n"": 512, ""prompt_ms"": 184.174, ""prompt_per_token_ms"": 0.35971484375, ""prompt_per_second"": 2779.979801709253, ""predicted_n"": 128, ""predicted_ms"": 1470.407, ""predicted_per_token_ms"": 11.578007874015748, ""predicted_per_second"": 86.37064431820578}",ok,limit,639,10402.226193000388,True
512,128,2,False,i512-o128-c8,1789047906.1456213,8,86.41407447124112,False,1789047904.6750062,8.843660354614258,True,512,13526.230419999592,qwen2.5:0.5b-instruct-q8_0,nano,128,True,measure,etri-dev0001-jetorn,1789047892.6105466,,i512-o128-c8-7,etri-dev0001-jetorn,False,workload,etri-dev0001-jetorn,1789047892.6193902,"{""cache_n"": 0, ""prompt_n"": 512, ""prompt_ms"": 184.616, ""prompt_per_token_ms"": 0.360578125, ""prompt_per_second"": 2773.324088919703, ""predicted_n"": 128, ""predicted_ms"": 1469.668, ""predicted_per_token_ms"": 11.572188976377952, ""predicted_per_second"": 86.41407447124112}",ok,limit,639,12055.615784999645,True
2048,128,2,False,i2048-o128-c1,1789047913.2005215,1,79.57647769446267,False,1789047911.5911884,1.16729736328125,True,2048,2897.0847959999446,qwen2.5:0.5b-instruct-q8_0,nano,128,True,measure,etri-dev0001-jetorn,1789047910.3022687,,i2048-o128-c1-0,etri-dev0001-jetorn,False,workload,etri-dev0001-jetorn,1789047910.303436,"{""cache_n"": 0, ""prompt_n"": 2048, ""prompt_ms"": 1282.801, ""prompt_per_token_ms"": 0.62636767578125, ""prompt_per_second"": 1596.5063949903376, ""predicted_n"": 128, ""predicted_ms"": 1595.949, ""predicted_per_token_ms"": 12.56652755905512, ""predicted_per_second"": 79.57647769446267}",ok,limit,2175,1287.751861000288,True
512,128,2,False,i512-o128-c1,1789047919.194627,1,78.74289143897364,False,1789047917.5812404,1.4870166778564453,True,512,1885.7097440004509,qwen2.5:0.5b-instruct-q8_0,nano,128,True,measure,etri-dev0001-jetorn,1789047917.3074288,,i512-o128-c1-0,etri-dev0001-jetorn,False,workload,etri-dev0001-jetorn,1789047917.3089159,"{""cache_n"": 0, ""prompt_n"": 512, ""prompt_ms"": 265.86, ""prompt_per_token_ms"": 0.5192578125, ""prompt_per_second"": 1925.8256225080868, ""predicted_n"": 128, ""predicted_ms"": 1612.844, ""predicted_per_token_ms"": 12.69955905511811, ""predicted_per_second"": 78.74289143897364}",ok,limit,639,272.3234400000365,True
512,128,0,False,,1789043795.9599419,,26.650511280615824,False,1789043791.1935604,0.009298324584960938,True,512,5608.6338609998165,qwen2.5:1.5b-instruct-q8_0,nano,128,True,warmup,etri-dev0001-jetorn,1789043790.3512778,,warmup,etri-dev0001-jetorn,False,workload,etri-dev0001-jetorn,1789043790.3512871,"{""cache_n"": 0, ""prompt_n"": 512, ""prompt_ms"": 837.543, ""prompt_per_token_ms"": 1.635826171875, ""prompt_per_second"": 611.3118968220139, ""predicted_n"": 128, ""predicted_ms"": 4765.387, ""predicted_per_token_ms"": 37.52273228346456, ""predicted_per_second"": 26.650511280615824}",ok,limit,639,842.2530999996525,True
128,64,0,False,i128-o64-c1,1789043798.3993235,1,27.378365094409727,False,1789043796.0973623,22.44281768798828,True,128,2402.8685959997347,qwen2.5:1.5b-instruct-q8_0,nano,64,True,measure,etri-dev0001-jetorn,1789043795.974012,,i128-o64-c1-0,etri-dev0001-jetorn,False,workload,etri-dev0001-jetorn,1789043795.9964547,"{""cache_n"": 0, ""prompt_n"": 128, ""prompt_ms"": 98.582, ""prompt_per_token_ms"": 0.770171875, ""prompt_per_second"": 1298.411474711408, ""predicted_n"": 64, ""predicted_ms"": 2301.087, ""predicted_per_token_ms"": 36.525190476190474, ""predicted_per_second"": 27.378365094409727}",ok,limit,191,100.90764000005947,True
512,128,0,False,i512-o128-c8,1789043803.8019829,8,27.408837558826487,False,1789043799.1652594,0.5729198455810547,True,512,5051.402266000423,qwen2.5:1.5b-instruct-q8_0,nano,128,True,measure,etri-dev0001-jetorn,1789043798.7500079,,i512-o128-c8-0,etri-dev0001-jetorn,False,workload,etri-dev0001-jetorn,1789043798.7505808,"{""cache_n"": 0, ""prompt_n"": 512, ""prompt_ms"": 409.224, ""prompt_per_token_ms"": 0.799265625, ""prompt_per_second"": 1251.148515238598, ""predicted_n"": 128, ""predicted_ms"": 4633.542, ""predicted_per_token_ms"": 36.484582677165356, ""predicted_per_second"": 27.408837558826487}",ok,limit,639,414.67713100018955,True
512,128,0,False,i512-o128-c8,1789043808.8246005,8,27.401427679109865,False,1789043804.187729,3.1402111053466797,True,512,10071.45256900003,qwen2.5:1.5b-instruct-q8_0,nano,128,True,measure,etri-dev0001-jetorn,1789043798.7500079,,i512-o128-c8-2,etri-dev0001-jetorn,False,workload,etri-dev0001-jetorn,1789043798.753148,"{""cache_n"": 0, ""prompt_n"": 512, ""prompt_ms"": 387.948, ""prompt_per_token_ms"": 0.7577109375, ""prompt_per_second"": 1319.7645045212246, ""predicted_n"": 128, ""predicted_ms"": 4634.795, ""predicted_per_token_ms"": 36.49444881889764, ""predicted_per_second"": 27.401427679109865}",ok,limit,639,5434.581368999716,True
512,128,0,False,i512-o128-c8,1789043813.8440254,8,27.41573062814188,False,1789043809.2111206,3.8034915924072266,True,512,15090.213966999727,qwen2.5:1.5b-instruct-q8_0,nano,128,True,measure,etri-dev0001-jetorn,1789043798.7500079,,i512-o128-c8-3,etri-dev0001-jetorn,False,workload,etri-dev0001-jetorn,1789043798.7538114,"{""cache_n"": 0, ""prompt_n"": 512, ""prompt_ms"": 387.615, ""prompt_per_token_ms"": 0.757060546875, ""prompt_per_second"": 1320.898314048734, ""predicted_n"": 128, ""predicted_ms"": 4632.377, ""predicted_per_token_ms"": 36.4754094488189, ""predicted_per_second"": 27.41573062814188}",ok,limit,639,10457.309736999832,True
512,128,0,False,i512-o128-c8,1789043818.8627312,8,27.42191071123584,False,1789043814.2300794,1.621246337890625,True,512,20111.10156299992,qwen2.5:1.5b-instruct-q8_0,nano,128,True,measure,etri-dev0001-jetorn,1789043798.7500079,,i512-o128-c8-1,etri-dev0001-jetorn,False,workload,etri-dev0001-jetorn,1789043798.751629,"{""cache_n"": 0, ""prompt_n"": 512, ""prompt_ms"": 386.209, ""prompt_per_token_ms"": 0.754314453125, ""prompt_per_second"": 1325.7070653454477, ""predicted_n"": 128, ""predicted_ms"": 4631.333, ""predicted_per_token_ms"": 36.46718897637795, ""predicted_per_second"": 27.42191071123584}",ok,limit,639,15478.44989799978,True
512,128,0,False,i512-o128-c8,1789043823.883925,8,27.41596144322802,False,1789043819.2490897,5.251407623291016,True,512,25128.66479100012,qwen2.5:1.5b-instruct-q8_0,nano,128,True,measure,etri-dev0001-jetorn,1789043798.7500079,,i512-o128-c8-4,etri-dev0001-jetorn,False,workload,etri-dev0001-jetorn,1789043798.7552593,"{""cache_n"": 0, ""prompt_n"": 512, ""prompt_ms"": 387.114, ""prompt_per_token_ms"": 0.75608203125, ""prompt_per_second"": 1322.6078106190942, ""predicted_n"": 128, ""predicted_ms"": 4632.338, ""predicted_per_token_ms"": 36.47510236220472, ""predicted_per_second"": 27.41596144322802}",ok,limit,639,20493.830574000185,True
512,128,0,False,i512-o128-c8,1789043828.9003081,8,27.441060599152873,False,1789043824.2689452,6.757020950317383,True,512,30143.542734999755,qwen2.5:1.5b-instruct-q8_0,nano,128,True,measure,etri-dev0001-jetorn,1789043798.7500079,,i512-o128-c8-5,etri-dev0001-jetorn,False,workload,etri-dev0001-jetorn,1789043798.756765,"{""cache_n"": 0, ""prompt_n"": 512, ""prompt_ms"": 386.623, ""prompt_per_token_ms"": 0.755123046875, ""prompt_per_second"": 1324.287484190025, ""predicted_n"": 128, ""predicted_ms"": 4628.101, ""predicted_per_token_ms"": 36.44174015748031, ""predicted_per_second"": 27.441060599152873}",ok,limit,639,25512.179702999674,True
512,128,0,False,i512-o128-c8,1789043833.9279962,8,27.375256131087387,False,1789043829.2870395,8.79049301147461,True,512,35169.19753499997,qwen2.5:1.5b-instruct-q8_0,nano,128,True,measure,etri-dev0001-jetorn,1789043798.7500079,,i512-o128-c8-6,etri-dev0001-jetorn,False,workload,etri-dev0001-jetorn,1789043798.7587984,"{""cache_n"": 0, ""prompt_n"": 512, ""prompt_ms"": 389.533, ""prompt_per_token_ms"": 0.760806640625, ""prompt_per_second"": 1314.3944158774736, ""predicted_n"": 128, ""predicted_ms"": 4639.226, ""predicted_per_token_ms"": 36.52933858267716, ""predicted_per_second"": 27.375256131087387}",ok,limit,639,30528.24102800014,True
512,128,0,False,i512-o128-c8,1789043838.93795,8,27.47171927104334,False,1789043834.3147407,18.255949020385742,True,512,40169.685705999655,qwen2.5:1.5b-instruct-q8_0,nano,128,True,measure,etri-dev0001-jetorn,1789043798.7500079,,i512-o128-c8-7,etri-dev0001-jetorn,False,workload,etri-dev0001-jetorn,1789043798.7682638,"{""cache_n"": 0, ""prompt_n"": 512, ""prompt_ms"": 387.358, ""prompt_per_token_ms"": 0.75655859375, ""prompt_per_second"": 1321.774689047341, ""predicted_n"": 128, ""predicted_ms"": 4622.936, ""predicted_per_token_ms"": 36.40107086614173, ""predicted_per_second"": 27.47171927104334}",ok,limit,639,35546.47671299972,True
2048,128,0,False,i2048-o128-c1,1789043845.822947,1,26.223821347635983,False,1789043840.9798617,0.4858970642089844,True,2048,6758.595178000178,qwen2.5:1.5b-instruct-q8_0,nano,128,True,measure,etri-dev0001-jetorn,1789043839.063866,,i2048-o128-c1-0,etri-dev0001-jetorn,False,workload,etri-dev0001-jetorn,1789043839.0643518,"{""cache_n"": 0, ""prompt_n"": 2048, ""prompt_ms"": 1909.68, ""prompt_per_token_ms"": 0.9324609375, ""prompt_per_second"": 1072.430983201374, ""predicted_n"": 128, ""predicted_ms"": 4842.925, ""predicted_per_token_ms"": 38.133267716535435, ""predicted_per_second"": 26.223821347635983}",ok,limit,2175,1915.5100540001513,True
512,128,0,False,i512-o128-c2,1789043850.9248264,2,27.43844605925581,False,1789043846.2943392,1.485586166381836,True,512,5019.986603999769,qwen2.5:1.5b-instruct-q8_0,nano,128,True,measure,etri-dev0001-jetorn,1789043845.9033546,,i512-o128-c2-1,etri-dev0001-jetorn,False,workload,etri-dev0001-jetorn,1789043845.9048402,"{""cache_n"": 0, ""prompt_n"": 512, ""prompt_ms"": 387.07, ""prompt_per_token_ms"": 0.75599609375, ""prompt_per_second"": 1322.758157439223, ""predicted_n"": 128, ""predicted_ms"": 4628.542, ""predicted_per_token_ms"": 36.4452125984252, ""predicted_per_second"": 27.43844605925581}",ok,limit,639,389.49924100006683,True
512,128,0,False,i512-o128-c2,1789043855.9655488,2,27.29213066870448,False,1789043851.3110986,0.6341934204101562,True,512,10061.55992999993,qwen2.5:1.5b-instruct-q8_0,nano,128,True,measure,etri-dev0001-jetorn,1789043845.9033546,,i512-o128-c2-0,etri-dev0001-jetorn,False,workload,etri-dev0001-jetorn,1789043845.9039888,"{""cache_n"": 0, ""prompt_n"": 512, ""prompt_ms"": 387.238, ""prompt_per_token_ms"": 0.75632421875, ""prompt_per_second"": 1322.1842897649508, ""predicted_n"": 128, ""predicted_ms"": 4653.356, ""predicted_per_token_ms"": 36.64059842519685, ""predicted_per_second"": 27.29213066870448}",ok,limit,639,5407.109544999912,True
512,256,0,False,i512-o256-c1,1789043865.712173,1,27.40499226534395,False,1789043856.4064283,0.4849433898925781,True,512,9696.698109000408,qwen2.5:1.5b-instruct-q8_0,nano,256,True,measure,etri-dev0001-jetorn,1789043856.0149891,,i512-o256-c1-0,etri-dev0001-jetorn,False,workload,etri-dev0001-jetorn,1789043856.015474,"{""cache_n"": 0, ""prompt_n"": 512, ""prompt_ms"": 388.043, ""prompt_per_token_ms"": 0.757896484375, ""prompt_per_second"": 1319.4414021126524, ""predicted_n"": 256, ""predicted_ms"": 9304.874, ""predicted_per_token_ms"": 36.489701960784316, ""predicted_per_second"": 27.40499226534395}",ok,limit,767,390.953250000166,True
512,128,0,False,i512-o128-c4,1789043870.9178774,4,27.40109660483153,False,1789043866.2815714,1.4464855194091797,True,512,5025.854969000193,qwen2.5:1.5b-instruct-q8_0,nano,128,True,measure,etri-dev0001-jetorn,1789043865.8905756,,i512-o128-c4-1,etri-dev0001-jetorn,False,workload,etri-dev0001-jetorn,1789043865.8920221,"{""cache_n"": 0, ""prompt_n"": 512, ""prompt_ms"": 386.399, ""prompt_per_token_ms"": 0.754685546875, ""prompt_per_second"": 1325.0551890662243, ""predicted_n"": 128, ""predicted_ms"": 4634.851, ""predicted_per_token_ms"": 36.494889763779526, ""predicted_per_second"": 27.40109660483153}",ok,limit,639,389.5490290001362,True
512,128,0,False,i512-o128-c4,1789043875.927315,4,27.480635888931495,False,1789043871.3039284,0.45871734619140625,True,512,10036.280067000007,qwen2.5:1.5b-instruct-q8_0,nano,128,True,measure,etri-dev0001-jetorn,1789043865.8905756,,i512-o128-c4-0,etri-dev0001-jetorn,False,workload,etri-dev0001-jetorn,1789043865.8910344,"{""cache_n"": 0, ""prompt_n"": 512, ""prompt_ms"": 386.552, ""prompt_per_token_ms"": 0.754984375, ""prompt_per_second"": 1324.5307229040336, ""predicted_n"": 128, ""predicted_ms"": 4621.436, ""predicted_per_token_ms"": 36.389259842519685, ""predicted_per_second"": 27.480635888931495}",ok,limit,639,5412.893453999914,True
512,128,0,False,i512-o128-c4,1789043880.9461432,4,27.423396951295615,False,1789043876.3137462,2.4378299713134766,True,512,15053.130292999867,qwen2.5:1.5b-instruct-q8_0,nano,128,True,measure,etri-dev0001-jetorn,1789043865.8905756,,i512-o128-c4-2,etri-dev0001-jetorn,False,workload,etri-dev0001-jetorn,1789043865.8930135,"{""cache_n"": 0, ""prompt_n"": 512, ""prompt_ms"": 387.07, ""prompt_per_token_ms"": 0.75599609375, ""prompt_per_second"": 1322.758157439223, ""predicted_n"": 128, ""predicted_ms"": 4631.082, ""predicted_per_token_ms"": 36.4652125984252, ""predicted_per_second"": 27.423396951295615}",ok,limit,639,10420.733160000054,True
512,128,0,False,i512-o128-c4,1789043885.9679089,4,27.407589485240152,False,1789043881.3333611,3.246307373046875,True,512,20074.0864039999,qwen2.5:1.5b-instruct-q8_0,nano,128,True,measure,etri-dev0001-jetorn,1789043865.8905756,,i512-o128-c4-3,etri-dev0001-jetorn,False,workload,etri-dev0001-jetorn,1789043865.893822,"{""cache_n"": 0, ""prompt_n"": 512, ""prompt_ms"": 388.078, ""prompt_per_token_ms"": 0.75796484375, ""prompt_per_second"": 1319.3224042589377, ""predicted_n"": 128, ""predicted_ms"": 4633.753, ""predicted_per_token_ms"": 36.486244094488185, ""predicted_per_second"": 27.407589485240152}",ok,limit,639,15439.539196999704,True
512,128,0,False,i512-o128-c1,1789043891.0463157,1,27.38993344461842,False,1789043886.4088964,0.6012916564941406,True,512,5028.295271000388,qwen2.5:1.5b-instruct-q8_0,nano,128,True,measure,etri-dev0001-jetorn,1789043886.0174196,,i512-o128-c1-0,etri-dev0001-jetorn,False,workload,etri-dev0001-jetorn,1789043886.0180209,"{""cache_n"": 0, ""prompt_n"": 512, ""prompt_ms"": 387.966, ""prompt_per_token_ms"": 0.75774609375, ""prompt_per_second"": 1319.7032729672187, ""predicted_n"": 128, ""predicted_ms"": 4636.74, ""predicted_per_token_ms"": 36.50976377952756, ""predicted_per_second"": 27.38993344461842}",ok,limit,639,390.8756410000933,True
512,128,1,False,,1789046093.9992793,,26.969850255746383,False,1789046089.2896786,0.004291534423828125,True,512,5443.74058700032,qwen2.5:1.5b-instruct-q8_0,nano,128,True,warmup,etri-dev0001-jetorn,1789046088.555534,,warmup,etri-dev0001-jetorn,False,workload,etri-dev0001-jetorn,1789046088.5555382,"{""cache_n"": 0, ""prompt_n"": 512, ""prompt_ms"": 730.622, ""prompt_per_token_ms"": 1.42699609375, ""prompt_per_second"": 700.7727662183729, ""predicted_n"": 128, ""predicted_ms"": 4708.962, ""predicted_per_token_ms"": 37.07844094488189, ""predicted_per_second"": 26.969850255746383}",ok,limit,639,734.1408760003105,True
2048,128,1,False,i2048-o128-c1,1789046102.9946296,1,26.302676286956814,False,1789046098.1651447,23.40078353881836,True,2048,6830.1929970002675,qwen2.5:1.5b-instruct-q8_0,nano,128,True,measure,etri-dev0001-jetorn,1789046096.141035,,i2048-o128-c1-0,etri-dev0001-jetorn,False,workload,etri-dev0001-jetorn,1789046096.1644359,"{""cache_n"": 0, ""prompt_n"": 2048, ""prompt_ms"": 1996.887, ""prompt_per_token_ms"": 0.97504248046875, ""prompt_per_second"": 1025.5963407043064, ""predicted_n"": 128, ""predicted_ms"": 4828.406, ""predicted_per_token_ms"": 38.018944881889766, ""predicted_per_second"": 26.302676286956814}",ok,limit,2175,2000.7087049998518,True
512,128,1,False,i512-o128-c8,1789046110.3889453,8,27.3816068906784,False,1789046105.749633,0.5667209625244141,True,512,5114.311676000398,qwen2.5:1.5b-instruct-q8_0,nano,128,True,measure,etri-dev0001-jetorn,1789046105.274067,,i512-o128-c8-0,etri-dev0001-jetorn,False,workload,etri-dev0001-jetorn,1789046105.2746336,"{""cache_n"": 0, ""prompt_n"": 512, ""prompt_ms"": 469.662, ""prompt_per_token_ms"": 0.91730859375, ""prompt_per_second"": 1090.1456792331508, ""predicted_n"": 128, ""predicted_ms"": 4638.15, ""predicted_per_token_ms"": 36.52086614173228, ""predicted_per_second"": 27.3816068906784}",ok,limit,639,474.99878800044826,True
512,128,1,False,i512-o128-c8,1789046115.3992555,8,27.460825078868787,False,1789046110.773296,3.4208297729492188,True,512,10121.767560999615,qwen2.5:1.5b-instruct-q8_0,nano,128,True,measure,etri-dev0001-jetorn,1789046105.274067,,i512-o128-c8-2,etri-dev0001-jetorn,False,workload,etri-dev0001-jetorn,1789046105.2774878,"{""cache_n"": 0, ""prompt_n"": 512, ""prompt_ms"": 384.91, ""prompt_per_token_ms"": 0.75177734375, ""prompt_per_second"": 1330.1810812917304, ""predicted_n"": 128, ""predicted_ms"": 4624.77, ""predicted_per_token_ms"": 36.41551181102363, ""predicted_per_second"": 27.460825078868787}",ok,limit,639,5495.808087000114,True
512,128,1,False,i512-o128-c8,1789046120.4174829,8,27.40473886196967,False,1789046115.7822032,1.3234615325927734,True,512,15142.09206599935,qwen2.5:1.5b-instruct-q8_0,nano,128,True,measure,etri-dev0001-jetorn,1789046105.274067,,i512-o128-c8-1,etri-dev0001-jetorn,False,workload,etri-dev0001-jetorn,1789046105.2753904,"{""cache_n"": 0, ""prompt_n"": 512, ""prompt_ms"": 383.57, ""prompt_per_token_ms"": 0.74916015625, ""prompt_per_second"": 1334.828062674349, ""predicted_n"": 128, ""predicted_ms"": 4634.235, ""predicted_per_token_ms"": 36.49003937007874, ""predicted_per_second"": 27.40473886196967}",ok,limit,639,10506.812951999564,True
512,128,1,False,i512-o128-c8,1789046125.4224937,8,27.468795880459265,False,1789046120.7978039,4.584074020385742,True,512,20143.843009999728,qwen2.5:1.5b-instruct-q8_0,nano,128,True,measure,etri-dev0001-jetorn,1789046105.274067,,i512-o128-c8-3,etri-dev0001-jetorn,False,workload,etri-dev0001-jetorn,1789046105.278651,"{""cache_n"": 0, ""prompt_n"": 512, ""prompt_ms"": 380.594, ""prompt_per_token_ms"": 0.74334765625, ""prompt_per_second"": 1345.2655585742286, ""predicted_n"": 128, ""predicted_ms"": 4623.428, ""predicted_per_token_ms"": 36.40494488188976, ""predicted_per_second"": 27.468795880459265}",ok,limit,639,15519.153041000209,True
512,128,1,False,i512-o128-c8,1789046130.4308658,8,27.468397824589406,False,1789046125.8058455,5.425453186035156,True,512,25151.372176000223,qwen2.5:1.5b-instruct-q8_0,nano,128,True,measure,etri-dev0001-jetorn,1789046105.274067,,i512-o128-c8-4,etri-dev0001-jetorn,False,workload,etri-dev0001-jetorn,1789046105.2794924,"{""cache_n"": 0, ""prompt_n"": 512, ""prompt_ms"": 384.076, ""prompt_per_token_ms"": 0.7501484375, ""prompt_per_second"": 1333.0694966621188, ""predicted_n"": 128, ""predicted_ms"": 4623.495, ""predicted_per_token_ms"": 36.405472440944884, ""predicted_per_second"": 27.468397824589406}",ok,limit,639,20526.35240699965,True
512,128,1,False,i512-o128-c8,1789046135.432432,8,27.510370001479494,False,1789046130.8150206,6.780862808227539,True,512,30151.583488999677,qwen2.5:1.5b-instruct-q8_0,nano,128,True,measure,etri-dev0001-jetorn,1789046105.274067,,i512-o128-c8-5,etri-dev0001-jetorn,False,workload,etri-dev0001-jetorn,1789046105.2808478,"{""cache_n"": 0, ""prompt_n"": 512, ""prompt_ms"": 385.013, ""prompt_per_token_ms"": 0.751978515625, ""prompt_per_second"": 1329.8252266806576, ""predicted_n"": 128, ""predicted_ms"": 4616.441, ""predicted_per_token_ms"": 36.34992913385827, ""predicted_per_second"": 27.510370001479494}",ok,limit,639,25534.172554999714,True
512,128,1,False,i512-o128-c8,1789046140.4545696,8,27.374117319431594,False,1789046135.8136406,8.590936660766602,True,512,35171.91050499969,qwen2.5:1.5b-instruct-q8_0,nano,128,True,measure,etri-dev0001-jetorn,1789046105.274067,,i512-o128-c8-6,etri-dev0001-jetorn,False,workload,etri-dev0001-jetorn,1789046105.2826579,"{""cache_n"": 0, ""prompt_n"": 512, ""prompt_ms"": 381.74, ""prompt_per_token_ms"": 0.7455859375, ""prompt_per_second"": 1341.2270131503117, ""predicted_n"": 128, ""predicted_ms"": 4639.419, ""predicted_per_token_ms"": 36.53085826771653, ""predicted_per_second"": 27.374117319431594}",ok,limit,639,30530.98215099999,True
512,128,1,False,i512-o128-c8,1789046145.4681132,8,27.44311226501835,False,1789046140.839227,9.402275085449219,True,512,40184.64386799951,qwen2.5:1.5b-instruct-q8_0,nano,128,True,measure,etri-dev0001-jetorn,1789046105.274067,,i512-o128-c8-7,etri-dev0001-jetorn,False,workload,etri-dev0001-jetorn,1789046105.2834692,"{""cache_n"": 0, ""prompt_n"": 512, ""prompt_ms"": 385.663, ""prompt_per_token_ms"": 0.753248046875, ""prompt_per_second"": 1327.58392689991, ""predicted_n"": 128, ""predicted_ms"": 4627.755, ""predicted_per_token_ms"": 36.439015748031494, ""predicted_per_second"": 27.44311226501835}",ok,limit,639,35555.75786399913,True
512,128,1,False,i512-o128-c2,1789046170.835415,2,27.123850920480987,False,1789046166.1522782,2.9213428497314453,True,512,5157.569658000284,qwen2.5:1.5b-instruct-q8_0,nano,128,True,measure,etri-dev0001-jetorn,1789046165.6749237,,i512-o128-c2-1,etri-dev0001-jetorn,False,workload,etri-dev0001-jetorn,1789046165.677845,"{""cache_n"": 0, ""prompt_n"": 512, ""prompt_ms"": 469.763, ""prompt_per_token_ms"": 0.917505859375, ""prompt_per_second"": 1089.9112956959148, ""predicted_n"": 128, ""predicted_ms"": 4682.226, ""predicted_per_token_ms"": 36.86792125984252, ""predicted_per_second"": 27.123850920480987}",ok,limit,639,474.4333609996829,True
512,128,1,False,i512-o128-c2,1789046175.841053,2,27.48500714501977,False,1789046171.2194998,1.7123222351074219,True,512,10164.413665000211,qwen2.5:1.5b-instruct-q8_0,nano,128,True,measure,etri-dev0001-jetorn,1789046165.6749237,,i512-o128-c2-0,etri-dev0001-jetorn,False,workload,etri-dev0001-jetorn,1789046165.676636,"{""cache_n"": 0, ""prompt_n"": 512, ""prompt_ms"": 384.646, ""prompt_per_token_ms"": 0.75126171875, ""prompt_per_second"": 1331.0940449140248, ""predicted_n"": 128, ""predicted_ms"": 4620.701, ""predicted_per_token_ms"": 36.383472440944885, ""predicted_per_second"": 27.48500714501977}",ok,limit,639,5542.860581999776,True
512,128,1,False,i512-o128-c1,1789046191.2061658,1,27.095922981012375,False,1789046186.518827,1.3904571533203125,True,512,5223.60045700043,qwen2.5:1.5b-instruct-q8_0,nano,128,True,measure,etri-dev0001-jetorn,1789046185.9811728,,i512-o128-c1-0,etri-dev0001-jetorn,False,workload,etri-dev0001-jetorn,1789046185.9825633,"{""cache_n"": 0, ""prompt_n"": 512, ""prompt_ms"": 530.715, ""prompt_per_token_ms"": 1.036552734375, ""prompt_per_second"": 964.7362520373458, ""predicted_n"": 128, ""predicted_ms"": 4687.052, ""predicted_per_token_ms"": 36.905921259842515, ""predicted_per_second"": 27.095922981012375}",ok,limit,639,536.2618240005759,True
512,128,1,False,i512-o128-c4,1789046200.5944915,4,27.14615468306437,False,1789046195.914855,0.8122920989990234,True,512,5186.486298999625,qwen2.5:1.5b-instruct-q8_0,nano,128,True,measure,etri-dev0001-jetorn,1789046195.4071908,,i512-o128-c4-0,etri-dev0001-jetorn,False,workload,etri-dev0001-jetorn,1789046195.408003,"{""cache_n"": 0, ""prompt_n"": 512, ""prompt_ms"": 501.2, ""prompt_per_token_ms"": 0.97890625, ""prompt_per_second"": 1021.5482841181165, ""predicted_n"": 128, ""predicted_ms"": 4678.379, ""predicted_per_token_ms"": 36.83762992125984, ""predicted_per_second"": 27.14615468306437}",ok,limit,639,506.8501790001392,True
512,128,1,False,i512-o128-c4,1789046205.5973802,4,27.505299643167465,False,1789046200.9792197,2.2797584533691406,True,512,10187.909309000133,qwen2.5:1.5b-instruct-q8_0,nano,128,True,measure,etri-dev0001-jetorn,1789046195.4071908,,i512-o128-c4-1,etri-dev0001-jetorn,False,workload,etri-dev0001-jetorn,1789046195.4094706,"{""cache_n"": 0, ""prompt_n"": 512, ""prompt_ms"": 385.194, ""prompt_per_token_ms"": 0.75233203125, ""prompt_per_second"": 1329.2003509919675, ""predicted_n"": 128, ""predicted_ms"": 4617.292, ""predicted_per_token_ms"": 36.356629921259845, ""predicted_per_second"": 27.505299643167465}",ok,limit,639,5569.7490630000175,True
512,128,1,False,i512-o128-c4,1789046210.6003594,4,27.513266485483502,False,1789046205.9828737,3.947734832763672,True,512,15189.220274000036,qwen2.5:1.5b-instruct-q8_0,nano,128,True,measure,etri-dev0001-jetorn,1789046195.4071908,,i512-o128-c4-3,etri-dev0001-jetorn,False,workload,etri-dev0001-jetorn,1789046195.4111385,"{""cache_n"": 0, ""prompt_n"": 512, ""prompt_ms"": 386.072, ""prompt_per_token_ms"": 0.754046875, ""prompt_per_second"": 1326.1775005698419, ""predicted_n"": 128, ""predicted_ms"": 4615.955, ""predicted_per_token_ms"": 36.346102362204725, ""predicted_per_second"": 27.513266485483502}",ok,limit,639,10571.734754999852,True
512,128,1,False,i512-o128-c4,1789046215.605448,4,27.45144660477482,False,1789046210.9783833,3.0243396759033203,True,512,20195.23264200052,qwen2.5:1.5b-instruct-q8_0,nano,128,True,measure,etri-dev0001-jetorn,1789046195.4071908,,i512-o128-c4-2,etri-dev0001-jetorn,False,workload,etri-dev0001-jetorn,1789046195.4102151,"{""cache_n"": 0, ""prompt_n"": 512, ""prompt_ms"": 378.975, ""prompt_per_token_ms"": 0.740185546875, ""prompt_per_second"": 1351.0125997757107, ""predicted_n"": 128, ""predicted_ms"": 4626.35, ""predicted_per_token_ms"": 36.427952755905515, ""predicted_per_second"": 27.45144660477482}",ok,limit,639,15568.168026999956,True
128,64,1,False,i128-o64-c1,1789046232.3050838,1,25.929649978536013,False,1789046229.8748078,1.6350746154785156,True,128,2620.3928089998954,qwen2.5:1.5b-instruct-q8_0,nano,64,True,measure,etri-dev0001-jetorn,1789046229.683054,,i128-o64-c1-0,etri-dev0001-jetorn,False,workload,etri-dev0001-jetorn,1789046229.684689,"{""cache_n"": 0, ""prompt_n"": 128, ""prompt_ms"": 185.184, ""prompt_per_token_ms"": 1.44675, ""prompt_per_second"": 691.2044237083118, ""predicted_n"": 64, ""predicted_ms"": 2429.651, ""predicted_per_token_ms"": 38.565888888888885, ""predicted_per_second"": 25.929649978536013}",ok,limit,191,190.11672099986754,True
512,256,1,False,i512-o256-c1,1789046246.2302356,1,27.327051112194905,False,1789046236.8983405,1.39617919921875,True,512,9854.919250000421,qwen2.5:1.5b-instruct-q8_0,nano,256,True,measure,etri-dev0001-jetorn,1789046236.3739176,,i512-o256-c1-0,etri-dev0001-jetorn,False,workload,etri-dev0001-jetorn,1789046236.3753138,"{""cache_n"": 0, ""prompt_n"": 512, ""prompt_ms"": 517.22, ""prompt_per_token_ms"": 1.0101953125, ""prompt_per_second"": 989.9075828467576, ""predicted_n"": 256, ""predicted_ms"": 9331.413, ""predicted_per_token_ms"": 36.59377647058824, ""predicted_per_second"": 27.327051112194905}",ok,limit,767,523.0246760002046,True
512,128,2,False,,1789047192.6041186,,26.686127227267257,False,1789047187.8448265,0.011920928955078125,True,512,5451.354140000149,qwen2.5:1.5b-instruct-q8_0,nano,128,True,warmup,etri-dev0001-jetorn,1789047187.1527476,,warmup,etri-dev0001-jetorn,False,workload,etri-dev0001-jetorn,1789047187.1527596,"{""cache_n"": 0, ""prompt_n"": 512, ""prompt_ms"": 686.364, ""prompt_per_token_ms"": 1.3405546875, ""prompt_per_second"": 745.9598696901352, ""predicted_n"": 128, ""predicted_ms"": 4759.027, ""predicted_per_token_ms"": 37.47265354330709, ""predicted_per_second"": 26.686127227267257}",ok,limit,639,692.0630770000571,True
128,64,2,False,i128-o64-c1,1789047197.164635,1,26.638489064900238,False,1789047194.7989469,23.425579071044922,True,128,2509.4057369997245,qwen2.5:1.5b-instruct-q8_0,nano,64,True,measure,etri-dev0001-jetorn,1789047194.6318033,,i128-o64-c1-0,etri-dev0001-jetorn,False,workload,etri-dev0001-jetorn,1789047194.6552289,"{""cache_n"": 0, ""prompt_n"": 128, ""prompt_ms"": 141.242, ""prompt_per_token_ms"": 1.103453125, ""prompt_per_second"": 906.2460174735561, ""predicted_n"": 64, ""predicted_ms"": 2364.999, ""predicted_per_token_ms"": 37.53966666666666, ""predicted_per_second"": 26.638489064900238}",ok,limit,191,143.71852499971283,True
512,128,2,False,i512-o128-c4,1789047204.6261196,4,27.34895784319658,False,1789047199.9812496,2.0890235900878906,True,512,5124.2811639995125,qwen2.5:1.5b-instruct-q8_0,nano,128,True,measure,etri-dev0001-jetorn,1789047199.4997494,,i512-o128-c4-1,etri-dev0001-jetorn,False,workload,etri-dev0001-jetorn,1789047199.5018384,"{""cache_n"": 0, ""prompt_n"": 512, ""prompt_ms"": 472.334, ""prompt_per_token_ms"": 0.92252734375, ""prompt_per_second"": 1083.9787099806492, ""predicted_n"": 128, ""predicted_ms"": 4643.687, ""predicted_per_token_ms"": 36.56446456692913, ""predicted_per_second"": 27.34895784319658}",ok,limit,639,479.410824000297,True
512,128,2,False,i512-o128-c4,1789047209.6212418,4,27.548699376011115,False,1789047205.0097415,1.1343955993652344,True,512,10120.357900000272,qwen2.5:1.5b-instruct-q8_0,nano,128,True,measure,etri-dev0001-jetorn,1789047199.4997494,,i512-o128-c4-0,etri-dev0001-jetorn,False,workload,etri-dev0001-jetorn,1789047199.5008838,"{""cache_n"": 0, ""prompt_n"": 512, ""prompt_ms"": 384.323, ""prompt_per_token_ms"": 0.750630859375, ""prompt_per_second"": 1332.2127481311293, ""predicted_n"": 128, ""predicted_ms"": 4610.018, ""predicted_per_token_ms"": 36.29935433070866, ""predicted_per_second"": 27.548699376011115}",ok,limit,639,5508.857247000378,True
512,128,2,False,i512-o128-c4,1789047214.6272461,4,27.484769217751005,False,1789047210.0051453,4.637241363525391,True,512,15122.859367999808,qwen2.5:1.5b-instruct-q8_0,nano,128,True,measure,etri-dev0001-jetorn,1789047199.4997494,,i512-o128-c4-2,etri-dev0001-jetorn,False,workload,etri-dev0001-jetorn,1789047199.5043867,"{""cache_n"": 0, ""prompt_n"": 512, ""prompt_ms"": 384.593, ""prompt_per_token_ms"": 0.751158203125, ""prompt_per_second"": 1331.2774803493562, ""predicted_n"": 128, ""predicted_ms"": 4620.741, ""predicted_per_token_ms"": 36.3837874015748, ""predicted_per_second"": 27.484769217751005}",ok,limit,639,10500.758887999837,True
512,128,2,False,i512-o128-c4,1789047219.6332028,4,27.484174417600602,False,1789047215.0115657,6.559610366821289,True,512,20126.893442000437,qwen2.5:1.5b-instruct-q8_0,nano,128,True,measure,etri-dev0001-jetorn,1789047199.4997494,,i512-o128-c4-3,etri-dev0001-jetorn,False,workload,etri-dev0001-jetorn,1789047199.506309,"{""cache_n"": 0, ""prompt_n"": 512, ""prompt_ms"": 385.071, ""prompt_per_token_ms"": 0.752091796875, ""prompt_per_second"": 1329.6249263122904, ""predicted_n"": 128, ""predicted_ms"": 4620.841, ""predicted_per_token_ms"": 36.38457480314961, ""predicted_per_second"": 27.484174417600602}",ok,limit,639,15505.257073000394,True
512,256,2,False,i512-o256-c1,1789047233.5582175,1,27.15283371764354,False,1789047224.1661003,0.9293556213378906,True,512,9860.491485999773,qwen2.5:1.5b-instruct-q8_0,nano,256,True,measure,etri-dev0001-jetorn,1789047223.6967962,,i512-o256-c1-0,etri-dev0001-jetorn,False,workload,etri-dev0001-jetorn,1789047223.6977255,"{""cache_n"": 0, ""prompt_n"": 512, ""prompt_ms"": 465.029, ""prompt_per_token_ms"": 0.908259765625, ""prompt_per_second"": 1101.0066038892198, ""predicted_n"": 256, ""predicted_ms"": 9391.285, ""predicted_per_token_ms"": 36.82856862745098, ""predicted_per_second"": 27.15283371764354}",ok,limit,767,468.3741299995745,True
512,128,2,False,i512-o128-c2,1789047246.9938698,2,27.08392690495973,False,1789047242.3035245,46.02837562561035,True,512,5192.251180999847,qwen2.5:1.5b-instruct-q8_0,nano,128,True,measure,etri-dev0001-jetorn,1789047241.7555804,,i512-o128-c2-0,etri-dev0001-jetorn,False,workload,etri-dev0001-jetorn,1789047241.8016088,"{""cache_n"": 0, ""prompt_n"": 512, ""prompt_ms"": 492.182, ""prompt_per_token_ms"": 0.96129296875, ""prompt_per_second"": 1040.265592809164, ""predicted_n"": 128, ""predicted_ms"": 4689.128, ""predicted_per_token_ms"": 36.92226771653543, ""predicted_per_second"": 27.08392690495973}",ok,limit,639,501.9054069998674,True
512,128,2,False,i512-o128-c2,1789047251.997888,2,27.491480346946812,False,1789047247.3773797,49.89051818847656,True,512,10192.410334999295,qwen2.5:1.5b-instruct-q8_0,nano,128,True,measure,etri-dev0001-jetorn,1789047241.7555804,,i512-o128-c2-1,etri-dev0001-jetorn,False,workload,etri-dev0001-jetorn,1789047241.805471,"{""cache_n"": 0, ""prompt_n"": 512, ""prompt_ms"": 384.169, ""prompt_per_token_ms"": 0.750330078125, ""prompt_per_second"": 1332.7467859197386, ""predicted_n"": 128, ""predicted_ms"": 4619.613, ""predicted_per_token_ms"": 36.37490551181103, ""predicted_per_second"": 27.491480346946812}",ok,limit,639,5571.902104999936,True
512,128,2,False,i512-o128-c8,1789047265.6380444,8,26.77388589011997,False,1789047260.8936353,1.3828277587890625,True,512,5216.257983000105,qwen2.5:1.5b-instruct-q8_0,nano,128,True,measure,etri-dev0001-jetorn,1789047260.4204,,i512-o128-c8-0,etri-dev0001-jetorn,False,workload,etri-dev0001-jetorn,1789047260.4217827,"{""cache_n"": 0, ""prompt_n"": 512, ""prompt_ms"": 463.975, ""prompt_per_token_ms"": 0.906201171875, ""prompt_per_second"": 1103.5077320976345, ""predicted_n"": 128, ""predicted_ms"": 4743.428, ""predicted_per_token_ms"": 37.34982677165354, ""predicted_per_second"": 26.77388589011997}",ok,limit,639,471.84896700036916,True
512,128,2,False,i512-o128-c8,1789047270.642717,8,27.48816601986507,False,1789047266.021083,2.6950836181640625,True,512,10219.621909000125,qwen2.5:1.5b-instruct-q8_0,nano,128,True,measure,etri-dev0001-jetorn,1789047260.4204,,i512-o128-c8-1,etri-dev0001-jetorn,False,workload,etri-dev0001-jetorn,1789047260.423095,"{""cache_n"": 0, ""prompt_n"": 512, ""prompt_ms"": 383.762, ""prompt_per_token_ms"": 0.74953515625, ""prompt_per_second"": 1334.1602347288162, ""predicted_n"": 128, ""predicted_ms"": 4620.17, ""predicted_per_token_ms"": 36.379291338582675, ""predicted_per_second"": 27.48816601986507}",ok,limit,639,5597.987942000145,True
512,128,2,False,i512-o128-c8,1789047275.6510258,8,27.473805241006925,False,1789047271.0271466,7.681846618652344,True,512,15222.944006999569,qwen2.5:1.5b-instruct-q8_0,nano,128,True,measure,etri-dev0001-jetorn,1789047260.4204,,i512-o128-c8-5,etri-dev0001-jetorn,False,workload,etri-dev0001-jetorn,1789047260.4280818,"{""cache_n"": 0, ""prompt_n"": 512, ""prompt_ms"": 385.173, ""prompt_per_token_ms"": 0.752291015625, ""prompt_per_second"": 1329.2728202651795, ""predicted_n"": 128, ""predicted_ms"": 4622.585, ""predicted_per_token_ms"": 36.398307086614174, ""predicted_per_second"": 27.473805241006925}",ok,limit,639,10599.06485600004,True
512,128,2,False,i512-o128-c8,1789047280.6634378,8,27.44883601806004,False,1789047276.0347478,6.308555603027344,True,512,20236.729228000513,qwen2.5:1.5b-instruct-q8_0,nano,128,True,measure,etri-dev0001-jetorn,1789047260.4204,,i512-o128-c8-4,etri-dev0001-jetorn,False,workload,etri-dev0001-jetorn,1789047260.4267085,"{""cache_n"": 0, ""prompt_n"": 512, ""prompt_ms"": 384.146, ""prompt_per_token_ms"": 0.75028515625, ""prompt_per_second"": 1332.826581560136, ""predicted_n"": 128, ""predicted_ms"": 4626.79, ""predicted_per_token_ms"": 36.43141732283465, ""predicted_per_second"": 27.44883601806004}",ok,limit,639,15608.039479000581,True
512,128,2,False,i512-o128-c8,1789047285.6656647,8,27.48001153727728,False,1789047281.0427902,3.7789344787597656,True,512,25241.48432599941,qwen2.5:1.5b-instruct-q8_0,nano,128,True,measure,etri-dev0001-jetorn,1789047260.4204,,i512-o128-c8-2,etri-dev0001-jetorn,False,workload,etri-dev0001-jetorn,1789047260.4241788,"{""cache_n"": 0, ""prompt_n"": 512, ""prompt_ms"": 380.762, ""prompt_per_token_ms"": 0.74367578125, ""prompt_per_second"": 1344.671999831916, ""predicted_n"": 128, ""predicted_ms"": 4621.541, ""predicted_per_token_ms"": 36.39008661417323, ""predicted_per_second"": 27.48001153727728}",ok,limit,639,20618.609440999535,True
512,128,2,False,i512-o128-c8,1789047290.6762042,8,27.45792775235457,False,1789047286.0496511,8.852958679199219,True,512,30246.951314999933,qwen2.5:1.5b-instruct-q8_0,nano,128,True,measure,etri-dev0001-jetorn,1789047260.4204,,i512-o128-c8-6,etri-dev0001-jetorn,False,workload,etri-dev0001-jetorn,1789047260.4292529,"{""cache_n"": 0, ""prompt_n"": 512, ""prompt_ms"": 384.678, ""prompt_per_token_ms"": 0.75132421875, ""prompt_per_second"": 1330.9833159161687, ""predicted_n"": 128, ""predicted_ms"": 4625.258, ""predicted_per_token_ms"": 36.41935433070866, ""predicted_per_second"": 27.45792775235457}",ok,limit,639,25620.398213000044,True
512,128,2,False,i512-o128-c8,1789047295.6897142,8,27.44554382696773,False,1789047291.0608113,5.146503448486328,True,512,35264.16770299966,qwen2.5:1.5b-instruct-q8_0,nano,128,True,measure,etri-dev0001-jetorn,1789047260.4204,,i512-o128-c8-3,etri-dev0001-jetorn,False,workload,etri-dev0001-jetorn,1789047260.4255464,"{""cache_n"": 0, ""prompt_n"": 512, ""prompt_ms"": 385.3, ""prompt_per_token_ms"": 0.7525390625, ""prompt_per_second"": 1328.834674279782, ""predicted_n"": 128, ""predicted_ms"": 4627.345, ""predicted_per_token_ms"": 36.43578740157481, ""predicted_per_second"": 27.44554382696773}",ok,limit,639,30635.26515399917,True
512,128,2,False,i512-o128-c8,1789047300.7065296,8,27.418956473378135,False,1789047296.0739846,9.909629821777344,True,512,40276.219576000585,qwen2.5:1.5b-instruct-q8_0,nano,128,True,measure,etri-dev0001-jetorn,1789047260.4204,,i512-o128-c8-7,etri-dev0001-jetorn,False,workload,etri-dev0001-jetorn,1789047260.4303095,"{""cache_n"": 0, ""prompt_n"": 512, ""prompt_ms"": 385.166, ""prompt_per_token_ms"": 0.75227734375, ""prompt_per_second"": 1329.2969784456573, ""predicted_n"": 128, ""predicted_ms"": 4631.832, ""predicted_per_token_ms"": 36.471118110236226, ""predicted_per_second"": 27.418956473378135}",ok,limit,639,35643.67503300036,True
2048,128,2,False,i2048-o128-c1,1789047331.8943164,1,26.320736201354045,False,1789047327.0683608,1.5952587127685547,True,2048,6897.62210400022,qwen2.5:1.5b-instruct-q8_0,nano,128,True,measure,etri-dev0001-jetorn,1789047324.9950974,,i2048-o128-c1-0,etri-dev0001-jetorn,False,workload,etri-dev0001-jetorn,1789047324.9966927,"{""cache_n"": 0, ""prompt_n"": 2048, ""prompt_ms"": 2064.324, ""prompt_per_token_ms"": 1.007970703125, ""prompt_per_second"": 992.0923265921434, ""predicted_n"": 128, ""predicted_ms"": 4825.093, ""predicted_per_token_ms"": 37.992858267716535, ""predicted_per_second"": 26.320736201354045}",ok,limit,2175,2071.6666230000556,True
512,128,2,False,i512-o128-c1,1789047343.2021968,1,26.867332496990645,False,1789047338.4748092,1.8203258514404297,True,512,5218.9548209998975,qwen2.5:1.5b-instruct-q8_0,nano,128,True,measure,etri-dev0001-jetorn,1789047337.98142,,i512-o128-c1-0,etri-dev0001-jetorn,False,workload,etri-dev0001-jetorn,1789047337.9832404,"{""cache_n"": 0, ""prompt_n"": 512, ""prompt_ms"": 482.999, ""prompt_per_token_ms"": 0.943357421875, ""prompt_per_second"": 1060.0436025747465, ""predicted_n"": 128, ""predicted_ms"": 4726.93, ""predicted_per_token_ms"": 37.21992125984252, ""predicted_per_second"": 26.867332496990645}",ok,limit,639,491.56739200043376,True
512,128,0,False,,1789044751.717782,,17.641363580168886,False,1789044744.5180717,0.0059604644775390625,True,512,8557.584571000007,qwen2.5:3b-instruct-q8_0,nano,128,True,warmup,etri-dev0001-jetorn,1789044743.1601896,,warmup,etri-dev0001-jetorn,False,workload,etri-dev0001-jetorn,1789044743.1601956,"{""cache_n"": 0, ""prompt_n"": 512, ""prompt_ms"": 1354.704, ""prompt_per_token_ms"": 2.64590625, ""prompt_per_second"": 377.94234017172755, ""predicted_n"": 128, ""predicted_ms"": 7198.99, ""predicted_per_token_ms"": 56.68496062992126, ""predicted_per_second"": 17.641363580168886}",ok,limit,639,1357.8749789994617,True
128,64,0,False,i128-o64-c1,1789044755.4331644,1,18.01727084104906,False,1789044751.9357078,26.08776092529297,True,128,3669.915471999957,qwen2.5:3b-instruct-q8_0,nano,64,True,measure,etri-dev0001-jetorn,1789044751.7371614,,i128-o64-c1-0,etri-dev0001-jetorn,False,workload,etri-dev0001-jetorn,1789044751.7632492,"{""cache_n"": 0, ""prompt_n"": 128, ""prompt_ms"": 170.207, ""prompt_per_token_ms"": 1.3297421875, ""prompt_per_second"": 752.025474862961, ""predicted_n"": 64, ""predicted_ms"": 3496.645, ""predicted_per_token_ms"": 55.50230158730159, ""predicted_per_second"": 18.01727084104906}",ok,limit,191,172.4588519991812,True
512,128,0,False,i512-o128-c8,1789044763.5192032,8,18.069271326044067,False,1789044756.4894173,0.8013248443603516,True,512,7719.3108130004475,qwen2.5:3b-instruct-q8_0,nano,128,True,measure,etri-dev0001-jetorn,1789044755.7990901,,i512-o128-c8-0,etri-dev0001-jetorn,False,workload,etri-dev0001-jetorn,1789044755.7998915,"{""cache_n"": 0, ""prompt_n"": 512, ""prompt_ms"": 683.66, ""prompt_per_token_ms"": 1.3352734375, ""prompt_per_second"": 748.9102770382939, ""predicted_n"": 128, ""predicted_ms"": 7028.507, ""predicted_per_token_ms"": 55.3425748031496, ""predicted_per_second"": 18.069271326044067}",ok,limit,639,689.5252450003682,True
512,128,0,False,i512-o128-c8,1789044771.2363331,8,18.05279946324905,False,1789044764.1998842,2.9332637786865234,True,512,15434.309707000466,qwen2.5:3b-instruct-q8_0,nano,128,True,measure,etri-dev0001-jetorn,1789044755.7990901,,i512-o128-c8-2,etri-dev0001-jetorn,False,workload,etri-dev0001-jetorn,1789044755.8020234,"{""cache_n"": 0, ""prompt_n"": 512, ""prompt_ms"": 681.4, ""prompt_per_token_ms"": 1.330859375, ""prompt_per_second"": 751.3941884355738, ""predicted_n"": 128, ""predicted_ms"": 7034.92, ""predicted_per_token_ms"": 55.393070866141734, ""predicted_per_second"": 18.05279946324905}",ok,limit,639,8397.86139700027,True
512,128,0,False,i512-o128-c8,1789044778.9583213,8,18.04346343570276,False,1789044771.918337,1.7101764678955078,True,512,23157.521467999686,qwen2.5:3b-instruct-q8_0,nano,128,True,measure,etri-dev0001-jetorn,1789044755.7990901,,i512-o128-c8-1,etri-dev0001-jetorn,False,workload,etri-dev0001-jetorn,1789044755.8008003,"{""cache_n"": 0, ""prompt_n"": 512, ""prompt_ms"": 682.793, ""prompt_per_token_ms"": 1.333580078125, ""prompt_per_second"": 749.8612317349475, ""predicted_n"": 128, ""predicted_ms"": 7038.56, ""predicted_per_token_ms"": 55.42173228346457, ""predicted_per_second"": 18.04346343570276}",ok,limit,639,16117.537314000401,True
512,128,0,False,i512-o128-c8,1789044786.6715822,8,18.05999530440122,False,1789044779.6378188,5.188465118408203,True,512,30867.30347000048,qwen2.5:3b-instruct-q8_0,nano,128,True,measure,etri-dev0001-jetorn,1789044755.7990901,,i512-o128-c8-5,etri-dev0001-jetorn,False,workload,etri-dev0001-jetorn,1789044755.8042786,"{""cache_n"": 0, ""prompt_n"": 512, ""prompt_ms"": 680.344, ""prompt_per_token_ms"": 1.328796875, ""prompt_per_second"": 752.5604694095928, ""predicted_n"": 128, ""predicted_ms"": 7032.117, ""predicted_per_token_ms"": 55.371, ""predicted_per_second"": 18.05999530440122}",ok,limit,639,23833.540603000074,True
512,128,0,False,i512-o128-c8,1789044794.3997602,8,18.02646028877254,False,1789044787.3530736,6.276369094848633,True,512,38594.39379000014,qwen2.5:3b-instruct-q8_0,nano,128,True,measure,etri-dev0001-jetorn,1789044755.7990901,,i512-o128-c8-6,etri-dev0001-jetorn,False,workload,etri-dev0001-jetorn,1789044755.8053665,"{""cache_n"": 0, ""prompt_n"": 512, ""prompt_ms"": 682.325, ""prompt_per_token_ms"": 1.332666015625, ""prompt_per_second"": 750.3755541713992, ""predicted_n"": 128, ""predicted_ms"": 7045.199, ""predicted_per_token_ms"": 55.47400787401575, ""predicted_per_second"": 18.02646028877254}",ok,limit,639,31547.70742999972,True
512,128,0,False,i512-o128-c8,1789044802.1188972,8,18.051724302126736,False,1789044795.0823402,4.319667816162109,True,512,46315.48726500023,qwen2.5:3b-instruct-q8_0,nano,128,True,measure,etri-dev0001-jetorn,1789044755.7990901,,i512-o128-c8-4,etri-dev0001-jetorn,False,workload,etri-dev0001-jetorn,1789044755.8034098,"{""cache_n"": 0, ""prompt_n"": 512, ""prompt_ms"": 683.344, ""prompt_per_token_ms"": 1.33465625, ""prompt_per_second"": 749.2565969701935, ""predicted_n"": 128, ""predicted_ms"": 7035.339, ""predicted_per_token_ms"": 55.396370078740155, ""predicted_per_second"": 18.051724302126736}",ok,limit,639,39278.93079400019,True
512,128,0,False,i512-o128-c8,1789044809.8361151,8,18.050531254139543,False,1789044802.7986627,3.5681724548339844,True,512,54033.456944000136,qwen2.5:3b-instruct-q8_0,nano,128,True,measure,etri-dev0001-jetorn,1789044755.7990901,,i512-o128-c8-3,etri-dev0001-jetorn,False,workload,etri-dev0001-jetorn,1789044755.8026583,"{""cache_n"": 0, ""prompt_n"": 512, ""prompt_ms"": 680.465, ""prompt_per_token_ms"": 1.329033203125, ""prompt_per_second"": 752.4266494235559, ""predicted_n"": 128, ""predicted_ms"": 7035.804, ""predicted_per_token_ms"": 55.400031496062994, ""predicted_per_second"": 18.050531254139543}",ok,limit,639,46996.004788999926,True
512,128,0,False,i512-o128-c8,1789044817.5531921,8,18.05323059007624,False,1789044810.517541,8.181333541870117,True,512,61745.92018000021,qwen2.5:3b-instruct-q8_0,nano,128,True,measure,etri-dev0001-jetorn,1789044755.7990901,,i512-o128-c8-7,etri-dev0001-jetorn,False,workload,etri-dev0001-jetorn,1789044755.8072715,"{""cache_n"": 0, ""prompt_n"": 512, ""prompt_ms"": 682.469, ""prompt_per_token_ms"": 1.332947265625, ""prompt_per_second"": 750.2172259838908, ""predicted_n"": 128, ""predicted_ms"": 7034.752, ""predicted_per_token_ms"": 55.391748031496064, ""predicted_per_second"": 18.05323059007624}",ok,limit,639,54710.26936599992,True
2048,128,0,False,i2048-o128-c1,1789044848.632013,1,17.218641633563713,False,1789044841.2551978,1.6238689422607422,True,2048,10844.537375000073,qwen2.5:3b-instruct-q8_0,nano,128,True,measure,etri-dev0001-jetorn,1789044837.785849,,i2048-o128-c1-0,etri-dev0001-jetorn,False,workload,etri-dev0001-jetorn,1789044837.787473,"{""cache_n"": 0, ""prompt_n"": 2048, ""prompt_ms"": 3459.901, ""prompt_per_token_ms"": 1.68940478515625, ""prompt_per_second"": 591.9244510175291, ""predicted_n"": 128, ""predicted_ms"": 7375.727, ""predicted_per_token_ms"": 58.0765905511811, ""predicted_per_second"": 17.218641633563713}",ok,limit,2175,3467.7219280001736,True
512,128,0,False,i512-o128-c2,1789044866.6517208,2,18.027785786183934,False,1789044859.6057096,1.3871192932128906,True,512,7875.5077440000605,qwen2.5:3b-instruct-q8_0,nano,128,True,measure,etri-dev0001-jetorn,1789044858.7748227,,i512-o128-c2-0,etri-dev0001-jetorn,False,workload,etri-dev0001-jetorn,1789044858.7762098,"{""cache_n"": 0, ""prompt_n"": 512, ""prompt_ms"": 822.746, ""prompt_per_token_ms"": 1.60692578125, ""prompt_per_second"": 622.3062767853019, ""predicted_n"": 128, ""predicted_ms"": 7044.681, ""predicted_per_token_ms"": 55.469929133858265, ""predicted_per_second"": 18.027785786183934}",ok,limit,639,829.4969139997193,True
512,128,0,False,i512-o128-c2,1789044874.36199,2,18.071197101550734,False,1789044867.3336647,1.912832260131836,True,512,15585.251841000172,qwen2.5:3b-instruct-q8_0,nano,128,True,measure,etri-dev0001-jetorn,1789044858.7748227,,i512-o128-c2-1,etri-dev0001-jetorn,False,workload,etri-dev0001-jetorn,1789044858.7767355,"{""cache_n"": 0, ""prompt_n"": 512, ""prompt_ms"": 682.687, ""prompt_per_token_ms"": 1.333373046875, ""prompt_per_second"": 749.9776617981594, ""predicted_n"": 128, ""predicted_ms"": 7027.758, ""predicted_per_token_ms"": 55.33667716535433, ""predicted_per_second"": 18.071197101550734}",ok,limit,639,8556.927292999717,True
512,256,0,False,i512-o256-c1,1789044903.4041982,1,18.08007730048422,False,1789044889.2997277,2.1665096282958984,True,512,14929.71235999994,qwen2.5:3b-instruct-q8_0,nano,256,True,measure,etri-dev0001-jetorn,1789044888.4723177,,i512-o256-c1-0,etri-dev0001-jetorn,False,workload,etri-dev0001-jetorn,1789044888.4744842,"{""cache_n"": 0, ""prompt_n"": 512, ""prompt_ms"": 818.872, ""prompt_per_token_ms"": 1.599359375, ""prompt_per_second"": 625.2503443761663, ""predicted_n"": 256, ""predicted_ms"": 14103.922, ""predicted_per_token_ms"": 55.30949803921569, ""predicted_per_second"": 18.08007730048422}",ok,limit,767,825.2419010004814,True
512,128,0,False,i512-o128-c4,1789044927.498677,4,17.954478751793324,False,1789044920.4239018,0.5786418914794922,True,512,7881.5744610001275,qwen2.5:3b-instruct-q8_0,nano,128,True,measure,etri-dev0001-jetorn,1789044919.6165235,,i512-o128-c4-0,etri-dev0001-jetorn,False,workload,etri-dev0001-jetorn,1789044919.6171021,"{""cache_n"": 0, ""prompt_n"": 512, ""prompt_ms"": 801.792, ""prompt_per_token_ms"": 1.566, ""prompt_per_second"": 638.5696040868454, ""predicted_n"": 128, ""predicted_ms"": 7073.444, ""predicted_per_token_ms"": 55.6964094488189, ""predicted_per_second"": 17.954478751793324}",ok,limit,639,806.7989910005053,True
512,128,0,False,i512-o128-c4,1789044935.2014685,4,18.086607792622086,False,1789044928.1779997,0.8368492126464844,True,512,15584.107951000078,qwen2.5:3b-instruct-q8_0,nano,128,True,measure,etri-dev0001-jetorn,1789044919.6165235,,i512-o128-c4-1,etri-dev0001-jetorn,False,workload,etri-dev0001-jetorn,1789044919.6173604,"{""cache_n"": 0, ""prompt_n"": 512, ""prompt_ms"": 680.058, ""prompt_per_token_ms"": 1.32823828125, ""prompt_per_second"": 752.8769604945461, ""predicted_n"": 128, ""predicted_ms"": 7021.77, ""predicted_per_token_ms"": 55.289527559055124, ""predicted_per_second"": 18.086607792622086}",ok,limit,639,8560.639428000286,True
512,128,0,False,i512-o128-c4,1789044942.9094274,4,18.072799227565714,False,1789044935.8814416,3.0753612518310547,True,512,23289.802220999263,qwen2.5:3b-instruct-q8_0,nano,128,True,measure,etri-dev0001-jetorn,1789044919.6165235,,i512-o128-c4-3,etri-dev0001-jetorn,False,workload,etri-dev0001-jetorn,1789044919.6195989,"{""cache_n"": 0, ""prompt_n"": 512, ""prompt_ms"": 680.72, ""prompt_per_token_ms"": 1.32953125, ""prompt_per_second"": 752.1447878716652, ""predicted_n"": 128, ""predicted_ms"": 7027.135, ""predicted_per_token_ms"": 55.331771653543306, ""predicted_per_second"": 18.072799227565714}",ok,limit,639,16261.816797999927,True
512,128,0,False,i512-o128-c4,1789044950.6162505,4,18.081215695520303,False,1789044943.5915112,2.4406909942626953,True,512,30997.28652199974,qwen2.5:3b-instruct-q8_0,nano,128,True,measure,etri-dev0001-jetorn,1789044919.6165235,,i512-o128-c4-2,etri-dev0001-jetorn,False,workload,etri-dev0001-jetorn,1789044919.6189642,"{""cache_n"": 0, ""prompt_n"": 512, ""prompt_ms"": 682.57, ""prompt_per_token_ms"": 1.33314453125, ""prompt_per_second"": 750.1062162122565, ""predicted_n"": 128, ""predicted_ms"": 7023.864, ""predicted_per_token_ms"": 55.30601574803149, ""predicted_per_second"": 18.081215695520303}",ok,limit,639,23972.547438999754,True
512,128,0,False,i512-o128-c1,1789044982.6266527,1,18.03476705471237,False,1789044975.5838478,1.4841556549072266,True,512,7851.70267400008,qwen2.5:3b-instruct-q8_0,nano,128,True,measure,etri-dev0001-jetorn,1789044974.7734642,,i512-o128-c1-0,etri-dev0001-jetorn,False,workload,etri-dev0001-jetorn,1789044974.7749484,"{""cache_n"": 0, ""prompt_n"": 512, ""prompt_ms"": 802.879, ""prompt_per_token_ms"": 1.568123046875, ""prompt_per_second"": 637.7050589192145, ""predicted_n"": 128, ""predicted_ms"": 7041.954, ""predicted_per_token_ms"": 55.44845669291338, ""predicted_per_second"": 18.03476705471237}",ok,limit,639,808.8977540000997,True
512,128,1,False,,1789045455.507004,,17.687322674144923,False,1789045448.3259118,0.0059604644775390625,True,512,8554.107521999867,qwen2.5:3b-instruct-q8_0,nano,128,True,warmup,etri-dev0001-jetorn,1789045446.9528904,,warmup,etri-dev0001-jetorn,False,workload,etri-dev0001-jetorn,1789045446.9528964,"{""cache_n"": 0, ""prompt_n"": 512, ""prompt_ms"": 1369.81, ""prompt_per_token_ms"": 2.67541015625, ""prompt_per_second"": 373.7744650717983, ""predicted_n"": 128, ""predicted_ms"": 7180.284, ""predicted_per_token_ms"": 56.53766929133858, ""predicted_per_second"": 17.687322674144923}",ok,limit,639,1373.0155220000597,True
2048,128,1,False,i2048-o128-c1,1789045468.50173,1,17.205321944764957,False,1789045461.119017,23.333311080932617,True,2048,10827.07110299998,qwen2.5:3b-instruct-q8_0,nano,128,True,measure,etri-dev0001-jetorn,1789045457.6513252,,i2048-o128-c1-0,etri-dev0001-jetorn,False,workload,etri-dev0001-jetorn,1789045457.6746585,"{""cache_n"": 0, ""prompt_n"": 2048, ""prompt_ms"": 3440.546, ""prompt_per_token_ms"": 1.6799541015625, ""prompt_per_second"": 595.254357883894, ""predicted_n"": 128, ""predicted_ms"": 7381.437, ""predicted_per_token_ms"": 58.12155118110236, ""predicted_per_second"": 17.205321944764957}",ok,limit,2175,3444.358843000373,True
512,128,1,False,i512-o128-c8,1789045478.6474948,8,18.074213860644964,False,1789045471.6197066,3.210783004760742,True,512,7791.026951999811,qwen2.5:3b-instruct-q8_0,nano,128,True,measure,etri-dev0001-jetorn,1789045470.8532572,,i512-o128-c8-2,etri-dev0001-jetorn,False,workload,etri-dev0001-jetorn,1789045470.856468,"{""cache_n"": 0, ""prompt_n"": 512, ""prompt_ms"": 759.245, ""prompt_per_token_ms"": 1.482900390625, ""prompt_per_second"": 674.3541281141133, ""predicted_n"": 128, ""predicted_ms"": 7026.585, ""predicted_per_token_ms"": 55.32744094488189, ""predicted_per_second"": 18.074213860644964}",ok,limit,639,763.2385329998215,True
512,128,1,False,i512-o128-c8,1789045486.3511224,8,18.087081750476315,False,1789045479.3285182,1.5892982482910156,True,512,15496.27632299962,qwen2.5:3b-instruct-q8_0,nano,128,True,measure,etri-dev0001-jetorn,1789045470.8532572,,i512-o128-c8-1,etri-dev0001-jetorn,False,workload,etri-dev0001-jetorn,1789045470.8548465,"{""cache_n"": 0, ""prompt_n"": 512, ""prompt_ms"": 681.048, ""prompt_per_token_ms"": 1.330171875, ""prompt_per_second"": 751.7825468983096, ""predicted_n"": 128, ""predicted_ms"": 7021.586, ""predicted_per_token_ms"": 55.28807874015748, ""predicted_per_second"": 18.087081750476315}",ok,limit,639,8473.672465999698,True
512,128,1,False,i512-o128-c8,1789045494.062179,8,18.054719162397507,False,1789045487.0264208,5.095005035400391,True,512,23203.827149000062,qwen2.5:3b-instruct-q8_0,nano,128,True,measure,etri-dev0001-jetorn,1789045470.8532572,,i512-o128-c8-4,etri-dev0001-jetorn,False,workload,etri-dev0001-jetorn,1789045470.8583522,"{""cache_n"": 0, ""prompt_n"": 512, ""prompt_ms"": 676.184, ""prompt_per_token_ms"": 1.320671875, ""prompt_per_second"": 757.1903505554701, ""predicted_n"": 128, ""predicted_ms"": 7034.172, ""predicted_per_token_ms"": 55.3871811023622, ""predicted_per_second"": 18.054719162397507}",ok,limit,639,16168.068637000033,True
512,128,1,False,i512-o128-c8,1789045501.7793171,8,18.051937271365816,False,1789045494.7427156,4.414558410644531,True,512,30921.645570999317,qwen2.5:3b-instruct-q8_0,nano,128,True,measure,etri-dev0001-jetorn,1789045470.8532572,,i512-o128-c8-3,etri-dev0001-jetorn,False,workload,etri-dev0001-jetorn,1789045470.8576717,"{""cache_n"": 0, ""prompt_n"": 512, ""prompt_ms"": 681.364, ""prompt_per_token_ms"": 1.3307890625, ""prompt_per_second"": 751.4338884942556, ""predicted_n"": 128, ""predicted_ms"": 7035.256, ""predicted_per_token_ms"": 55.395716535433074, ""predicted_per_second"": 18.051937271365816}",ok,limit,639,23885.0441149998,True
512,128,1,False,i512-o128-c8,1789045509.5035574,8,18.027921417568113,False,1789045502.4576302,0.8099079132080078,True,512,38649.49024299949,qwen2.5:3b-instruct-q8_0,nano,128,True,measure,etri-dev0001-jetorn,1789045470.8532572,,i512-o128-c8-0,etri-dev0001-jetorn,False,workload,etri-dev0001-jetorn,1789045470.854067,"{""cache_n"": 0, ""prompt_n"": 512, ""prompt_ms"": 678.778, ""prompt_per_token_ms"": 1.32573828125, ""prompt_per_second"": 754.2966919964996, ""predicted_n"": 128, ""predicted_ms"": 7044.628, ""predicted_per_token_ms"": 55.46951181102362, ""predicted_per_second"": 18.027921417568113}",ok,limit,639,31603.562856999815,True
512,128,1,False,i512-o128-c8,1789045517.2300956,8,18.029828150183643,False,1789045510.1998367,7.026910781860352,True,512,46369.81128299976,qwen2.5:3b-instruct-q8_0,nano,128,True,measure,etri-dev0001-jetorn,1789045470.8532572,,i512-o128-c8-6,etri-dev0001-jetorn,False,workload,etri-dev0001-jetorn,1789045470.860284,"{""cache_n"": 0, ""prompt_n"": 512, ""prompt_ms"": 682.385, ""prompt_per_token_ms"": 1.332783203125, ""prompt_per_second"": 750.3095759725082, ""predicted_n"": 128, ""predicted_ms"": 7043.883, ""predicted_per_token_ms"": 55.46364566929134, ""predicted_per_second"": 18.029828150183643}",ok,limit,639,39339.55198999956,True
512,128,1,False,i512-o128-c8,1789045524.9527688,8,18.04367108291436,False,1789045517.9127152,5.759716033935547,True,512,54093.75222000017,qwen2.5:3b-instruct-q8_0,nano,128,True,measure,etri-dev0001-jetorn,1789045470.8532572,,i512-o128-c8-5,etri-dev0001-jetorn,False,workload,etri-dev0001-jetorn,1789045470.859017,"{""cache_n"": 0, ""prompt_n"": 512, ""prompt_ms"": 682.325, ""prompt_per_token_ms"": 1.332666015625, ""prompt_per_second"": 750.3755541713992, ""predicted_n"": 128, ""predicted_ms"": 7038.479, ""predicted_per_token_ms"": 55.42109448818898, ""predicted_per_second"": 18.04367108291436}",ok,limit,639,47053.698725000686,True
512,128,1,False,i512-o128-c8,1789045532.6718588,8,18.046527357896032,False,1789045525.633443,8.751630783081055,True,512,61809.848851000424,qwen2.5:3b-instruct-q8_0,nano,128,True,measure,etri-dev0001-jetorn,1789045470.8532572,,i512-o128-c8-7,etri-dev0001-jetorn,False,workload,etri-dev0001-jetorn,1789045470.8620088,"{""cache_n"": 0, ""prompt_n"": 512, ""prompt_ms"": 681.793, ""prompt_per_token_ms"": 1.331626953125, ""prompt_per_second"": 750.9610688288087, ""predicted_n"": 128, ""predicted_ms"": 7037.365, ""predicted_per_token_ms"": 55.412322834645664, ""predicted_per_second"": 18.046527357896032}",ok,limit,639,54771.43367499957,True
512,128,1,False,i512-o128-c2,1789045574.8324015,2,18.03413705944165,False,1789045567.788919,1.7054080963134766,True,512,7871.1723260003055,qwen2.5:3b-instruct-q8_0,nano,128,True,measure,etri-dev0001-jetorn,1789045566.9595206,,i512-o128-c2-0,etri-dev0001-jetorn,False,workload,etri-dev0001-jetorn,1789045566.961226,"{""cache_n"": 0, ""prompt_n"": 512, ""prompt_ms"": 821.988, ""prompt_per_token_ms"": 1.6054453125, ""prompt_per_second"": 622.8801393694312, ""predicted_n"": 128, ""predicted_ms"": 7042.2, ""predicted_per_token_ms"": 55.4503937007874, ""predicted_per_second"": 18.03413705944165}",ok,limit,639,827.6903270007097,True
512,128,1,False,i512-o128-c2,1789045582.541514,2,18.073776586774407,False,1789045575.5142846,2.1066665649414062,True,512,15579.886630999681,qwen2.5:3b-instruct-q8_0,nano,128,True,measure,etri-dev0001-jetorn,1789045566.9595206,,i512-o128-c2-1,etri-dev0001-jetorn,False,workload,etri-dev0001-jetorn,1789045566.9616272,"{""cache_n"": 0, ""prompt_n"": 512, ""prompt_ms"": 682.376, ""prompt_per_token_ms"": 1.332765625, ""prompt_per_second"": 750.3194719626716, ""predicted_n"": 128, ""predicted_ms"": 7026.755, ""predicted_per_token_ms"": 55.32877952755906, ""predicted_per_second"": 18.073776586774407}",ok,limit,639,8552.657641999758,True
512,128,1,False,i512-o128-c1,1789045606.5367832,1,18.03525110536918,False,1789045599.4941645,1.6202926635742188,True,512,7849.698534000709,qwen2.5:3b-instruct-q8_0,nano,128,True,measure,etri-dev0001-jetorn,1789045598.6854637,,i512-o128-c1-0,etri-dev0001-jetorn,False,workload,etri-dev0001-jetorn,1789045598.687084,"{""cache_n"": 0, ""prompt_n"": 512, ""prompt_ms"": 801.258, ""prompt_per_token_ms"": 1.56495703125, ""prompt_per_second"": 638.9951800793252, ""predicted_n"": 128, ""predicted_ms"": 7041.765, ""predicted_per_token_ms"": 55.44696850393701, ""predicted_per_second"": 18.03525110536918}",ok,limit,639,807.0796649999465,True
512,128,1,False,i512-o128-c4,1789045624.6264496,4,18.0462196367026,False,1789045617.587789,2.6056766510009766,True,512,7850.821547000123,qwen2.5:3b-instruct-q8_0,nano,128,True,measure,etri-dev0001-jetorn,1789045616.7730224,,i512-o128-c4-1,etri-dev0001-jetorn,False,workload,etri-dev0001-jetorn,1789045616.775628,"{""cache_n"": 0, ""prompt_n"": 512, ""prompt_ms"": 806.85, ""prompt_per_token_ms"": 1.57587890625, ""prompt_per_second"": 634.5665241370763, ""predicted_n"": 128, ""predicted_ms"": 7037.485, ""predicted_per_token_ms"": 55.41326771653543, ""predicted_per_second"": 18.0462196367026}",ok,limit,639,812.1607040002345,True
512,128,1,False,i512-o128-c4,1789045632.3357005,4,18.067662114232295,False,1789045625.3052409,1.3608932495117188,True,512,15561.315093999838,qwen2.5:3b-instruct-q8_0,nano,128,True,measure,etri-dev0001-jetorn,1789045616.7730224,,i512-o128-c4-0,etri-dev0001-jetorn,False,workload,etri-dev0001-jetorn,1789045616.7743833,"{""cache_n"": 0, ""prompt_n"": 512, ""prompt_ms"": 679.421, ""prompt_per_token_ms"": 1.326994140625, ""prompt_per_second"": 753.5828300862057, ""predicted_n"": 128, ""predicted_ms"": 7029.133, ""predicted_per_token_ms"": 55.34750393700787, ""predicted_per_second"": 18.067662114232295}",ok,limit,639,8530.85630700025,True
512,128,1,False,i512-o128-c4,1789045640.051515,4,18.04604526601789,False,1789045633.0124972,4.4422149658203125,True,512,23274.049855000158,qwen2.5:3b-instruct-q8_0,nano,128,True,measure,etri-dev0001-jetorn,1789045616.7730224,,i512-o128-c4-3,etri-dev0001-jetorn,False,workload,etri-dev0001-jetorn,1789045616.7774646,"{""cache_n"": 0, ""prompt_n"": 512, ""prompt_ms"": 677.655, ""prompt_per_token_ms"": 1.323544921875, ""prompt_per_second"": 755.5467014926475, ""predicted_n"": 128, ""predicted_ms"": 7037.553, ""predicted_per_token_ms"": 55.413803149606295, ""predicted_per_second"": 18.04604526601789}",ok,limit,639,16235.032094999951,True
512,128,1,False,i512-o128-c4,1789045647.754543,4,18.079285210546804,False,1789045640.7292213,3.676891326904297,True,512,30977.84371800026,qwen2.5:3b-instruct-q8_0,nano,128,True,measure,etri-dev0001-jetorn,1789045616.7730224,,i512-o128-c4-2,etri-dev0001-jetorn,False,workload,etri-dev0001-jetorn,1789045616.7766993,"{""cache_n"": 0, ""prompt_n"": 512, ""prompt_ms"": 678.301, ""prompt_per_token_ms"": 1.324806640625, ""prompt_per_second"": 754.8271342663508, ""predicted_n"": 128, ""predicted_ms"": 7024.614, ""predicted_per_token_ms"": 55.311921259842514, ""predicted_per_second"": 18.079285210546804}",ok,limit,639,23952.5221519998,True
128,64,1,False,i128-o64-c1,1789045675.7808993,1,17.389484992460417,False,1789045672.1573365,1.3799667358398438,True,128,3885.6265180002083,qwen2.5:3b-instruct-q8_0,nano,64,True,measure,etri-dev0001-jetorn,1789045671.8938925,,i128-o64-c1-0,etri-dev0001-jetorn,False,workload,etri-dev0001-jetorn,1789045671.8952725,"{""cache_n"": 0, ""prompt_n"": 128, ""prompt_ms"": 257.614, ""prompt_per_token_ms"": 2.012609375, ""prompt_per_second"": 496.86740627450376, ""predicted_n"": 64, ""predicted_ms"": 3622.879, ""predicted_per_token_ms"": 57.50601587301587, ""predicted_per_second"": 17.389484992460417}",ok,limit,191,262.06383899989305,True
512,256,1,False,i512-o256-c1,1789045696.771704,1,18.07653733506755,False,1789045682.664783,2.592802047729492,True,512,14907.627996999508,qwen2.5:3b-instruct-q8_0,nano,256,True,measure,etri-dev0001-jetorn,1789045681.8614829,,i512-o256-c1-0,etri-dev0001-jetorn,False,workload,etri-dev0001-jetorn,1789045681.8640757,"{""cache_n"": 0, ""prompt_n"": 512, ""prompt_ms"": 795.27, ""prompt_per_token_ms"": 1.55326171875, ""prompt_per_second"": 643.8065059665271, ""predicted_n"": 256, ""predicted_ms"": 14106.684, ""predicted_per_token_ms"": 55.3203294117647, ""predicted_per_second"": 18.07653733506755}",ok,limit,767,800.7068409997373,True
512,128,2,False,,1789047582.8662302,,17.741496340152818,False,1789047575.7078989,0.010251998901367188,True,512,8294.170523000503,qwen2.5:3b-instruct-q8_0,nano,128,True,warmup,etri-dev0001-jetorn,1789047574.5720456,,warmup,etri-dev0001-jetorn,False,workload,etri-dev0001-jetorn,1789047574.5720558,"{""cache_n"": 0, ""prompt_n"": 512, ""prompt_ms"": 1130.764, ""prompt_per_token_ms"": 2.2085234375, ""prompt_per_second"": 452.7912101906322, ""predicted_n"": 128, ""predicted_ms"": 7158.359, ""predicted_per_token_ms"": 56.365031496063, ""predicted_per_second"": 17.741496340152818}",ok,limit,639,1135.840186000678,True
128,64,2,False,i128-o64-c1,1789047588.6901925,1,17.808729160606752,False,1789047585.1518235,23.249387741088867,True,128,3774.4173519995456,qwen2.5:3b-instruct-q8_0,nano,64,True,measure,etri-dev0001-jetorn,1789047584.892526,,i128-o64-c1-0,etri-dev0001-jetorn,False,workload,etri-dev0001-jetorn,1789047584.9157753,"{""cache_n"": 0, ""prompt_n"": 128, ""prompt_ms"": 233.454, ""prompt_per_token_ms"": 1.823859375, ""prompt_per_second"": 548.2878854078319, ""predicted_n"": 64, ""predicted_ms"": 3537.591, ""predicted_per_token_ms"": 56.1522380952381, ""predicted_per_second"": 17.808729160606752}",ok,limit,191,236.04880699986097,True
512,128,2,False,i512-o128-c4,1789047598.7184649,4,18.034705589821495,False,1789047591.675666,0.6225109100341797,True,512,7806.463766999514,qwen2.5:3b-instruct-q8_0,nano,128,True,measure,etri-dev0001-jetorn,1789047590.911378,,i512-o128-c4-0,etri-dev0001-jetorn,False,workload,etri-dev0001-jetorn,1789047590.9120004,"{""cache_n"": 0, ""prompt_n"": 512, ""prompt_ms"": 757.072, ""prompt_per_token_ms"": 1.47865625, ""prompt_per_second"": 676.2897056026376, ""predicted_n"": 128, ""predicted_ms"": 7041.978, ""predicted_per_token_ms"": 55.44864566929134, ""predicted_per_second"": 18.034705589821495}",ok,limit,639,763.6654129992166,True
512,128,2,False,i512-o128-c4,1789047606.4285884,4,18.059707668791784,False,1789047599.395209,2.1283626556396484,True,512,15515.081359999385,qwen2.5:3b-instruct-q8_0,nano,128,True,measure,etri-dev0001-jetorn,1789047590.911378,,i512-o128-c4-1,etri-dev0001-jetorn,False,workload,etri-dev0001-jetorn,1789047590.9135063,"{""cache_n"": 0, ""prompt_n"": 512, ""prompt_ms"": 677.422, ""prompt_per_token_ms"": 1.32308984375, ""prompt_per_second"": 755.8065725648119, ""predicted_n"": 128, ""predicted_ms"": 7032.229, ""predicted_per_token_ms"": 55.371881889763785, ""predicted_per_second"": 18.059707668791784}",ok,limit,639,8481.70165800002,True
512,128,2,False,i512-o128-c4,1789047614.149001,4,18.043758244896424,False,1789047607.1093898,4.285335540771484,True,512,23233.337444000426,qwen2.5:3b-instruct-q8_0,nano,128,True,measure,etri-dev0001-jetorn,1789047590.911378,,i512-o128-c4-2,etri-dev0001-jetorn,False,workload,etri-dev0001-jetorn,1789047590.9156632,"{""cache_n"": 0, ""prompt_n"": 512, ""prompt_ms"": 681.515, ""prompt_per_token_ms"": 1.331083984375, ""prompt_per_second"": 751.2673969024893, ""predicted_n"": 128, ""predicted_ms"": 7038.445, ""predicted_per_token_ms"": 55.420826771653545, ""predicted_per_second"": 18.043758244896424}",ok,limit,639,16193.72630199996,True
512,128,2,False,i512-o128-c4,1789047621.8569076,4,18.063355155857597,False,1789047614.8322966,5.288600921630859,True,512,30940.240965000157,qwen2.5:3b-instruct-q8_0,nano,128,True,measure,etri-dev0001-jetorn,1789047590.911378,,i512-o128-c4-3,etri-dev0001-jetorn,False,workload,etri-dev0001-jetorn,1789047590.9166665,"{""cache_n"": 0, ""prompt_n"": 512, ""prompt_ms"": 676.124, ""prompt_per_token_ms"": 1.3205546875, ""prompt_per_second"": 757.2575444740905, ""predicted_n"": 128, ""predicted_ms"": 7030.809, ""predicted_per_token_ms"": 55.360700787401576, ""predicted_per_second"": 18.063355155857597}",ok,limit,639,23915.630211999996,True
512,256,2,False,i512-o256-c1,1789047652.9491343,1,17.996967193434365,False,1789047638.7787926,1.4271736145019531,True,512,14970.082798000476,qwen2.5:3b-instruct-q8_0,nano,256,True,measure,etri-dev0001-jetorn,1789047637.9776225,,i512-o256-c1-0,etri-dev0001-jetorn,False,workload,etri-dev0001-jetorn,1789047637.9790497,"{""cache_n"": 0, ""prompt_n"": 512, ""prompt_ms"": 794.451, ""prompt_per_token_ms"": 1.551662109375, ""prompt_per_second"": 644.4702064696249, ""predicted_n"": 256, ""predicted_ms"": 14169.054, ""predicted_per_token_ms"": 55.56491764705883, ""predicted_per_second"": 17.996967193434365}",ok,limit,767,799.7416090001934,True
512,128,2,False,i512-o128-c2,1789047675.088544,2,18.02111933287235,False,1789047668.0401216,1.3840198516845703,True,512,7881.098104000557,qwen2.5:3b-instruct-q8_0,nano,128,True,measure,etri-dev0001-jetorn,1789047667.2060585,,i512-o128-c2-0,etri-dev0001-jetorn,False,workload,etri-dev0001-jetorn,1789047667.2074425,"{""cache_n"": 0, ""prompt_n"": 512, ""prompt_ms"": 825.843, ""prompt_per_token_ms"": 1.612974609375, ""prompt_per_second"": 619.9725613706238, ""predicted_n"": 128, ""predicted_ms"": 7047.287, ""predicted_per_token_ms"": 55.49044881889764, ""predicted_per_second"": 18.02111933287235}",ok,limit,639,832.6763450004364,True
512,128,2,False,i512-o128-c2,1789047682.7981503,2,18.05961264832701,False,1789047675.7649987,3.087759017944336,True,512,15589.0040459999,qwen2.5:3b-instruct-q8_0,nano,128,True,measure,etri-dev0001-jetorn,1789047667.2060585,,i512-o128-c2-1,etri-dev0001-jetorn,False,workload,etri-dev0001-jetorn,1789047667.2091463,"{""cache_n"": 0, ""prompt_n"": 512, ""prompt_ms"": 677.233, ""prompt_per_token_ms"": 1.322720703125, ""prompt_per_second"": 756.0175006238621, ""predicted_n"": 128, ""predicted_ms"": 7032.266, ""predicted_per_token_ms"": 55.372173228346455, ""predicted_per_second"": 18.05961264832701}",ok,limit,639,8555.85242899997,True
512,128,2,False,i512-o128-c8,1789047707.3904114,8,18.005077148211274,False,1789047700.3348458,5.738735198974609,True,512,7877.651725999385,qwen2.5:3b-instruct-q8_0,nano,128,True,measure,etri-dev0001-jetorn,1789047699.5070217,,i512-o128-c8-3,etri-dev0001-jetorn,False,workload,etri-dev0001-jetorn,1789047699.5127604,"{""cache_n"": 0, ""prompt_n"": 512, ""prompt_ms"": 814.256, ""prompt_per_token_ms"": 1.59034375, ""prompt_per_second"": 628.7948753217662, ""predicted_n"": 128, ""predicted_ms"": 7053.566, ""predicted_per_token_ms"": 55.53988976377953, ""predicted_per_second"": 18.005077148211274}",ok,limit,639,822.0857939995767,True
512,128,2,False,i512-o128-c8,1789047715.1041582,8,18.055224819536605,False,1789047708.0685961,4.507303237915039,True,512,15592.627985000036,qwen2.5:3b-instruct-q8_0,nano,128,True,measure,etri-dev0001-jetorn,1789047699.5070217,,i512-o128-c8-2,etri-dev0001-jetorn,False,workload,etri-dev0001-jetorn,1789047699.511529,"{""cache_n"": 0, ""prompt_n"": 512, ""prompt_ms"": 679.312, ""prompt_per_token_ms"": 1.32678125, ""prompt_per_second"": 753.7037473208187, ""predicted_n"": 128, ""predicted_ms"": 7033.975, ""predicted_per_token_ms"": 55.38562992125985, ""predicted_per_second"": 18.055224819536605}",ok,limit,639,8557.066546999522,True
512,128,2,False,i512-o128-c8,1789047722.8188987,8,18.051503640505015,False,1789047715.8000724,1.5828609466552734,True,512,23310.292023999864,qwen2.5:3b-instruct-q8_0,nano,128,True,measure,etri-dev0001-jetorn,1789047699.5070217,,i512-o128-c8-0,etri-dev0001-jetorn,False,workload,etri-dev0001-jetorn,1789047699.5086045,"{""cache_n"": 0, ""prompt_n"": 512, ""prompt_ms"": 678.521, ""prompt_per_token_ms"": 1.325236328125, ""prompt_per_second"": 754.5823931757456, ""predicted_n"": 128, ""predicted_ms"": 7035.425, ""predicted_per_token_ms"": 55.39704724409449, ""predicted_per_second"": 18.051503640505015}",ok,limit,639,16291.465715000413,True
512,128,2,False,i512-o128-c8,1789047730.5283663,8,18.076336225547127,False,1789047723.5008035,7.385969161987305,True,512,31013.95731299999,qwen2.5:3b-instruct-q8_0,nano,128,True,measure,etri-dev0001-jetorn,1789047699.5070217,,i512-o128-c8-5,etri-dev0001-jetorn,False,workload,etri-dev0001-jetorn,1789047699.5144076,"{""cache_n"": 0, ""prompt_n"": 512, ""prompt_ms"": 682.604, ""prompt_per_token_ms"": 1.3332109375, ""prompt_per_second"": 750.0688539768298, ""predicted_n"": 128, ""predicted_ms"": 7025.76, ""predicted_per_token_ms"": 55.320944881889766, ""predicted_per_second"": 18.076336225547127}",ok,limit,639,23986.395257000368,True
512,128,2,False,i512-o128-c8,1789047738.2550879,8,18.028899047534683,False,1789047731.2097583,6.572484970092773,True,512,38741.49395399945,qwen2.5:3b-instruct-q8_0,nano,128,True,measure,etri-dev0001-jetorn,1789047699.5070217,,i512-o128-c8-4,etri-dev0001-jetorn,False,workload,etri-dev0001-jetorn,1789047699.5135942,"{""cache_n"": 0, ""prompt_n"": 512, ""prompt_ms"": 682.097, ""prompt_per_token_ms"": 1.332220703125, ""prompt_per_second"": 750.6263771868224, ""predicted_n"": 128, ""predicted_ms"": 7044.246, ""predicted_per_token_ms"": 55.46650393700787, ""predicted_per_second"": 18.028899047534683}",ok,limit,639,31696.164818999932,True
512,128,2,False,i512-o128-c8,1789047745.9740179,8,18.04730952983206,False,1789047738.9355764,2.1445751190185547,True,512,46464.8515810004,qwen2.5:3b-instruct-q8_0,nano,128,True,measure,etri-dev0001-jetorn,1789047699.5070217,,i512-o128-c8-1,etri-dev0001-jetorn,False,workload,etri-dev0001-jetorn,1789047699.5091662,"{""cache_n"": 0, ""prompt_n"": 512, ""prompt_ms"": 681.292, ""prompt_per_token_ms"": 1.3306484375, ""prompt_per_second"": 751.5133011983114, ""predicted_n"": 128, ""predicted_ms"": 7037.06, ""predicted_per_token_ms"": 55.40992125984252, ""predicted_per_second"": 18.04730952983206}",ok,limit,639,39426.41006300073,True
512,128,2,False,i512-o128-c8,1789047753.6930137,8,18.0485637109325,False,1789047746.655104,11.508464813232422,True,512,54174.48288699961,qwen2.5:3b-instruct-q8_0,nano,128,True,measure,etri-dev0001-jetorn,1789047699.5070217,,i512-o128-c8-7,etri-dev0001-jetorn,False,workload,etri-dev0001-jetorn,1789047699.5185301,"{""cache_n"": 0, ""prompt_n"": 512, ""prompt_ms"": 681.509, ""prompt_per_token_ms"": 1.331072265625, ""prompt_per_second"": 751.2740110548797, ""predicted_n"": 128, ""predicted_ms"": 7036.571, ""predicted_per_token_ms"": 55.40607086614173, ""predicted_per_second"": 18.0485637109325}",ok,limit,639,47136.57359300032,True
512,128,2,False,i512-o128-c8,1789047761.4182975,8,18.020584899941767,False,1789047754.3700635,9.511232376098633,True,512,61901.7595360001,qwen2.5:3b-instruct-q8_0,nano,128,True,measure,etri-dev0001-jetorn,1789047699.5070217,,i512-o128-c8-6,etri-dev0001-jetorn,False,workload,etri-dev0001-jetorn,1789047699.516533,"{""cache_n"": 0, ""prompt_n"": 512, ""prompt_ms"": 677.94, ""prompt_per_token_ms"": 1.3241015625, ""prompt_per_second"": 755.2290763194383, ""predicted_n"": 128, ""predicted_ms"": 7047.496, ""predicted_per_token_ms"": 55.492094488188975, ""predicted_per_second"": 18.020584899941767}",ok,limit,639,54853.52616199998,True
2048,128,2,False,i2048-o128-c1,1789047808.602432,1,17.214652895667275,False,1789047801.2238877,1.5630722045898438,True,2048,10872.764722999818,qwen2.5:3b-instruct-q8_0,nano,128,True,measure,etri-dev0001-jetorn,1789047797.7281027,,i2048-o128-c1-0,etri-dev0001-jetorn,False,workload,etri-dev0001-jetorn,1789047797.7296658,"{""cache_n"": 0, ""prompt_n"": 2048, ""prompt_ms"": 3486.851, ""prompt_per_token_ms"": 1.70256396484375, ""prompt_per_second"": 587.3494451010381, ""predicted_n"": 128, ""predicted_ms"": 7377.436, ""predicted_per_token_ms"": 58.090047244094485, ""predicted_per_second"": 17.214652895667275}",ok,limit,2175,3494.220404999396,True
512,128,2,False,i512-o128-c1,1789047828.606091,1,17.90961005702166,False,1789047821.5143888,2.3109912872314453,True,512,7895.063037,qwen2.5:3b-instruct-q8_0,nano,128,True,measure,etri-dev0001-jetorn,1789047820.7087154,,i512-o128-c1-0,etri-dev0001-jetorn,False,workload,etri-dev0001-jetorn,1789047820.7110264,"{""cache_n"": 0, ""prompt_n"": 512, ""prompt_ms"": 797.292, ""prompt_per_token_ms"": 1.5572109375, ""prompt_per_second"": 642.1737581714102, ""predicted_n"": 128, ""predicted_ms"": 7091.165, ""predicted_per_token_ms"": 55.835944881889766, ""predicted_per_second"": 17.90961005702166}",ok,limit,639,803.3610839993344,True
512,128,0,False,,1789043963.3721626,,16.826284511272615,False,1789043955.8420444,0.0095367431640625,True,512,10094.01064199983,gemma2:2b-instruct-q8_0,nano,128,True,warmup,etri-dev0001-jetorn,1789043953.2781155,,warmup,etri-dev0001-jetorn,False,workload,etri-dev0001-jetorn,1789043953.278125,"{""cache_n"": 0, ""prompt_n"": 512, ""prompt_ms"": 2539.325, ""prompt_per_token_ms"": 4.959619140625, ""prompt_per_second"": 201.62838549614565, ""predicted_n"": 128, ""predicted_ms"": 7547.715, ""predicted_per_token_ms"": 59.43082677165354, ""predicted_per_second"": 16.826284511272615}",ok,limit,639,2563.892429999669,True
128,64,0,False,i128-o64-c1,1789043967.4527411,1,17.535031095455142,False,1789043963.8587193,22.594928741455078,True,128,4043.2416069998,gemma2:2b-instruct-q8_0,nano,64,True,measure,etri-dev0001-jetorn,1789043963.3869052,,i128-o64-c1-0,etri-dev0001-jetorn,False,workload,etri-dev0001-jetorn,1789043963.4095001,"{""cache_n"": 0, ""prompt_n"": 128, ""prompt_ms"": 446.945, ""prompt_per_token_ms"": 3.4917578125, ""prompt_per_second"": 286.38870554542507, ""predicted_n"": 64, ""predicted_ms"": 3592.808, ""predicted_per_token_ms"": 57.02869841269841, ""predicted_per_second"": 17.535031095455142}",ok,limit,191,449.2193920000318,True
512,128,0,False,i512-o128-c8,1789043976.2628312,8,17.390780421541564,False,1789043968.957106,1.4851093292236328,True,512,8433.581804999903,gemma2:2b-instruct-q8_0,nano,128,True,measure,etri-dev0001-jetorn,1789043967.8277647,,i512-o128-c8-1,etri-dev0001-jetorn,False,workload,etri-dev0001-jetorn,1789043967.8292499,"{""cache_n"": 0, ""prompt_n"": 512, ""prompt_ms"": 1121.871, ""prompt_per_token_ms"": 2.191154296875, ""prompt_per_second"": 456.38045728965267, ""predicted_n"": 128, ""predicted_ms"": 7302.72, ""predicted_per_token_ms"": 57.50173228346457, ""predicted_per_second"": 17.390780421541564}",ok,limit,639,1127.8563760001816,True
512,128,0,False,i512-o128-c8,1789043984.657689,8,17.444201904412367,False,1789043977.3729625,4.506349563598633,True,512,16825.418417000037,gemma2:2b-instruct-q8_0,nano,128,True,measure,etri-dev0001-jetorn,1789043967.8277647,,i512-o128-c8-4,etri-dev0001-jetorn,False,workload,etri-dev0001-jetorn,1789043967.832271,"{""cache_n"": 0, ""prompt_n"": 512, ""prompt_ms"": 1112.437, ""prompt_per_token_ms"": 2.172728515625, ""prompt_per_second"": 460.2507827409553, ""predicted_n"": 128, ""predicted_ms"": 7280.356, ""predicted_per_token_ms"": 57.32563779527559, ""predicted_per_second"": 17.444201904412367}",ok,limit,639,9540.691807999792,True
512,128,0,False,i512-o128-c8,1789043993.0564792,8,17.43018182836294,False,1789043985.7639596,3.504514694213867,True,512,25225.210213000082,gemma2:2b-instruct-q8_0,nano,128,True,measure,etri-dev0001-jetorn,1789043967.8277647,,i512-o128-c8-3,etri-dev0001-jetorn,False,workload,etri-dev0001-jetorn,1789043967.8312693,"{""cache_n"": 0, ""prompt_n"": 512, ""prompt_ms"": 1110.138, ""prompt_per_token_ms"": 2.16823828125, ""prompt_per_second"": 461.2039223952338, ""predicted_n"": 128, ""predicted_ms"": 7286.212, ""predicted_per_token_ms"": 57.37174803149607, ""predicted_per_second"": 17.43018182836294}",ok,limit,639,17932.69049899982,True
512,128,0,False,i512-o128-c8,1789044001.4510062,8,17.42497792378781,False,1789043994.1617732,2.7740001678466797,True,512,33620.46758500037,gemma2:2b-instruct-q8_0,nano,128,True,measure,etri-dev0001-jetorn,1789043967.8277647,,i512-o128-c8-2,etri-dev0001-jetorn,False,workload,etri-dev0001-jetorn,1789043967.8305387,"{""cache_n"": 0, ""prompt_n"": 512, ""prompt_ms"": 1109.635, ""prompt_per_token_ms"": 2.167255859375, ""prompt_per_second"": 461.41298715343333, ""predicted_n"": 128, ""predicted_ms"": 7288.388, ""predicted_per_token_ms"": 57.38888188976378, ""predicted_per_second"": 17.42497792378781}",ok,limit,639,26331.235098000434,True
512,128,0,False,i512-o128-c8,1789044009.8366826,8,17.46736182182108,False,1789044002.5651844,0.7007122039794922,True,512,42008.21681699972,gemma2:2b-instruct-q8_0,nano,128,True,measure,etri-dev0001-jetorn,1789043967.8277647,,i512-o128-c8-0,etri-dev0001-jetorn,False,workload,etri-dev0001-jetorn,1789043967.8284655,"{""cache_n"": 0, ""prompt_n"": 512, ""prompt_ms"": 1114.456, ""prompt_per_token_ms"": 2.176671875, ""prompt_per_second"": 459.4169711500499, ""predicted_n"": 128, ""predicted_ms"": 7270.703, ""predicted_per_token_ms"": 57.249629921259846, ""predicted_per_second"": 17.46736182182108}",ok,limit,639,34736.718543999814,True
512,128,0,False,i512-o128-c8,1789044018.237895,8,17.39431753669071,False,1789044010.9342885,6.380796432495117,True,512,50403.748941999766,gemma2:2b-instruct-q8_0,nano,128,True,measure,etri-dev0001-jetorn,1789043967.8277647,,i512-o128-c8-5,etri-dev0001-jetorn,False,workload,etri-dev0001-jetorn,1789043967.8341455,"{""cache_n"": 0, ""prompt_n"": 512, ""prompt_ms"": 1098.092, ""prompt_per_token_ms"": 2.1447109375, ""prompt_per_second"": 466.26330034277635, ""predicted_n"": 128, ""predicted_ms"": 7301.235, ""predicted_per_token_ms"": 57.49003937007874, ""predicted_per_second"": 17.39431753669071}",ok,limit,639,43100.142520999725,True
512,128,0,False,i512-o128-c8,1789044026.6186123,8,17.461060117330074,False,1789044019.3433313,8.479833602905273,True,512,58782.36753700003,gemma2:2b-instruct-q8_0,nano,128,True,measure,etri-dev0001-jetorn,1789043967.8277647,,i512-o128-c8-6,etri-dev0001-jetorn,False,workload,etri-dev0001-jetorn,1789043967.8362446,"{""cache_n"": 0, ""prompt_n"": 512, ""prompt_ms"": 1106.831, ""prompt_per_token_ms"": 2.161779296875, ""prompt_per_second"": 462.58191178237695, ""predicted_n"": 128, ""predicted_ms"": 7273.327, ""predicted_per_token_ms"": 57.27029133858268, ""predicted_per_second"": 17.461060117330074}",ok,limit,639,51507.08678799993,True
512,128,0,False,i512-o128-c8,1789044035.0048702,8,17.446435322355175,False,1789044027.7235303,10.009050369262695,True,512,67167.09600299963,gemma2:2b-instruct-q8_0,nano,128,True,measure,etri-dev0001-jetorn,1789043967.8277647,,i512-o128-c8-7,etri-dev0001-jetorn,False,workload,etri-dev0001-jetorn,1789043967.8377738,"{""cache_n"": 0, ""prompt_n"": 512, ""prompt_ms"": 1106.64, ""prompt_per_token_ms"": 2.16140625, ""prompt_per_second"": 462.6617508855635, ""predicted_n"": 128, ""predicted_ms"": 7279.424, ""predicted_per_token_ms"": 57.318299212598426, ""predicted_per_second"": 17.446435322355175}",ok,limit,639,59885.755746999625,True
2048,128,0,False,i2048-o128-c1,1789044045.7938104,1,16.701810607780203,False,1789044038.1886358,0.38933753967285156,True,2048,10648.239967000336,gemma2:2b-instruct-q8_0,nano,128,True,measure,etri-dev0001-jetorn,1789044035.1451812,,i2048-o128-c1-0,etri-dev0001-jetorn,False,workload,etri-dev0001-jetorn,1789044035.1455705,"{""cache_n"": 0, ""prompt_n"": 2048, ""prompt_ms"": 3040.238, ""prompt_per_token_ms"": 1.4844912109375, ""prompt_per_second"": 673.6314722728945, ""predicted_n"": 128, ""predicted_ms"": 7603.966, ""predicted_per_token_ms"": 59.87374803149606, ""predicted_per_second"": 16.701810607780203}",ok,limit,2175,3043.06518400017,True
512,128,0,False,i512-o128-c2,1789044054.326973,2,17.45636801432577,False,1789044047.0505054,0.5261898040771484,True,512,8433.089863999157,gemma2:2b-instruct-q8_0,nano,128,True,measure,etri-dev0001-jetorn,1789044045.893356,,i512-o128-c2-0,etri-dev0001-jetorn,False,workload,etri-dev0001-jetorn,1789044045.8938823,"{""cache_n"": 0, ""prompt_n"": 512, ""prompt_ms"": 1152.875, ""prompt_per_token_ms"": 2.251708984375, ""prompt_per_second"": 444.1071234956088, ""predicted_n"": 128, ""predicted_ms"": 7275.282, ""predicted_per_token_ms"": 57.28568503937008, ""predicted_per_second"": 17.45636801432577}",ok,limit,639,1156.6221769999174,True
512,128,0,False,i512-o128-c2,1789044062.712145,2,17.46296888071445,False,1789044055.437679,1.4507770538330078,True,512,16817.33829099994,gemma2:2b-instruct-q8_0,nano,128,True,measure,etri-dev0001-jetorn,1789044045.893356,,i512-o128-c2-1,etri-dev0001-jetorn,False,workload,etri-dev0001-jetorn,1789044045.8948069,"{""cache_n"": 0, ""prompt_n"": 512, ""prompt_ms"": 1111.52, ""prompt_per_token_ms"": 2.1709375, ""prompt_per_second"": 460.6304879804232, ""predicted_n"": 128, ""predicted_ms"": 7272.532, ""predicted_per_token_ms"": 57.26403149606299, ""predicted_per_second"": 17.46296888071445}",ok,limit,639,9542.872199999692,True
512,256,0,False,i512-o256-c1,1789044078.4804316,1,17.45713366598643,False,1789044063.8719983,0.5114078521728516,True,512,15715.151759999571,gemma2:2b-instruct-q8_0,nano,256,True,measure,etri-dev0001-jetorn,1789044062.764768,,i512-o256-c1-0,etri-dev0001-jetorn,False,workload,etri-dev0001-jetorn,1789044062.7652793,"{""cache_n"": 0, ""prompt_n"": 512, ""prompt_ms"": 1104.478, ""prompt_per_token_ms"": 2.15718359375, ""prompt_per_second"": 463.56740469253344, ""predicted_n"": 256, ""predicted_ms"": 14607.209, ""predicted_per_token_ms"": 57.28317254901961, ""predicted_per_second"": 17.45713366598643}",ok,limit,767,1106.7181620001065,True
512,128,0,False,i512-o128-c4,1789044087.0929275,4,17.411308576371894,False,1789044079.797717,0.5128383636474609,True,512,8428.573518000121,gemma2:2b-instruct-q8_0,nano,128,True,measure,etri-dev0001-jetorn,1789044078.6638408,,i512-o128-c4-0,etri-dev0001-jetorn,False,workload,etri-dev0001-jetorn,1789044078.6643536,"{""cache_n"": 0, ""prompt_n"": 512, ""prompt_ms"": 1128.542, ""prompt_per_token_ms"": 2.20418359375, ""prompt_per_second"": 453.68271628348793, ""predicted_n"": 128, ""predicted_ms"": 7294.11, ""predicted_per_token_ms"": 57.433937007874015, ""predicted_per_second"": 17.411308576371894}",ok,limit,639,1133.3625180004674,True
512,128,0,False,i512-o128-c4,1789044095.471257,4,17.483805109263457,False,1789044088.2064157,2.285003662109375,True,512,16805.131269000412,gemma2:2b-instruct-q8_0,nano,128,True,measure,etri-dev0001-jetorn,1789044078.6638408,,i512-o128-c4-2,etri-dev0001-jetorn,False,workload,etri-dev0001-jetorn,1789044078.6661258,"{""cache_n"": 0, ""prompt_n"": 512, ""prompt_ms"": 1112.848, ""prompt_per_token_ms"": 2.17353125, ""prompt_per_second"": 460.080801690797, ""predicted_n"": 128, ""predicted_ms"": 7263.865, ""predicted_per_token_ms"": 57.195787401574805, ""predicted_per_second"": 17.483805109263457}",ok,limit,639,9540.289595999639,True
512,128,0,False,i512-o128-c4,1789044103.8424573,4,17.47952418257762,False,1789044096.5761387,1.5435218811035156,True,512,25177.073242000006,gemma2:2b-instruct-q8_0,nano,128,True,measure,etri-dev0001-jetorn,1789044078.6638408,,i512-o128-c4-1,etri-dev0001-jetorn,False,workload,etri-dev0001-jetorn,1789044078.6653843,"{""cache_n"": 0, ""prompt_n"": 512, ""prompt_ms"": 1105.079, ""prompt_per_token_ms"": 2.158357421875, ""prompt_per_second"": 463.31529239086075, ""predicted_n"": 128, ""predicted_ms"": 7265.644, ""predicted_per_token_ms"": 57.20979527559055, ""predicted_per_second"": 17.47952418257762}",ok,limit,639,17910.755159000473,True
512,128,0,False,i512-o128-c4,1789044112.2259665,4,17.48218056477079,False,1789044104.9603698,2.9358863830566406,True,512,33559.18981200011,gemma2:2b-instruct-q8_0,nano,128,True,measure,etri-dev0001-jetorn,1789044078.6638408,,i512-o128-c4-3,etri-dev0001-jetorn,False,workload,etri-dev0001-jetorn,1789044078.6667767,"{""cache_n"": 0, ""prompt_n"": 512, ""prompt_ms"": 1118.245, ""prompt_per_token_ms"": 2.184072265625, ""prompt_per_second"": 457.8603078931719, ""predicted_n"": 128, ""predicted_ms"": 7264.54, ""predicted_per_token_ms"": 57.20110236220472, ""predicted_per_second"": 17.48218056477079}",ok,limit,639,26293.593276999673,True
512,128,0,False,i512-o128-c1,1789044120.6851833,1,17.401954033903117,False,1789044113.3856668,0.4787445068359375,True,512,8407.221270000264,gemma2:2b-instruct-q8_0,nano,128,True,measure,etri-dev0001-jetorn,1789044112.2774823,,i512-o128-c1-0,etri-dev0001-jetorn,False,workload,etri-dev0001-jetorn,1789044112.277961,"{""cache_n"": 0, ""prompt_n"": 512, ""prompt_ms"": 1104.999, ""prompt_per_token_ms"": 2.158201171875, ""prompt_per_second"": 463.348835609806, ""predicted_n"": 128, ""predicted_ms"": 7298.031, ""predicted_per_token_ms"": 57.46481102362205, ""predicted_per_second"": 17.401954033903117}",ok,limit,639,1107.704561999526,True
512,128,1,False,,1789046348.9208755,,17.058061881813153,False,1789046341.4748724,0.0040531158447265625,True,512,9505.530077999538,gemma2:2b-instruct-q8_0,nano,128,True,warmup,etri-dev0001-jetorn,1789046339.4153402,,warmup,etri-dev0001-jetorn,False,workload,etri-dev0001-jetorn,1789046339.4153442,"{""cache_n"": 0, ""prompt_n"": 512, ""prompt_ms"": 2056.211, ""prompt_per_token_ms"": 4.016037109375, ""prompt_per_second"": 249.00168319301864, ""predicted_n"": 128, ""predicted_ms"": 7445.16, ""predicted_per_token_ms"": 58.62330708661417, ""predicted_per_second"": 17.058061881813153}",ok,limit,639,2059.5267839998996,True
2048,128,1,False,i2048-o128-c1,1789046359.7109892,1,16.735901024672014,False,1789046352.1215749,22.480010986328125,True,2048,10616.699323999455,gemma2:2b-instruct-q8_0,nano,128,True,measure,etri-dev0001-jetorn,1789046349.0718102,,i2048-o128-c1-0,etri-dev0001-jetorn,False,workload,etri-dev0001-jetorn,1789046349.0942903,"{""cache_n"": 0, ""prompt_n"": 2048, ""prompt_ms"": 3023.544, ""prompt_per_token_ms"": 1.47633984375, ""prompt_per_second"": 677.3508174513088, ""predicted_n"": 128, ""predicted_ms"": 7588.477, ""predicted_per_token_ms"": 59.7517874015748, ""predicted_per_second"": 16.735901024672014}",ok,limit,2175,3027.2847010000987,True
512,128,1,False,i512-o128-c8,1789046368.5237617,8,17.498931462885867,False,1789046361.2653337,0.7269382476806641,True,512,8420.870193000155,gemma2:2b-instruct-q8_0,nano,128,True,measure,etri-dev0001-jetorn,1789046360.102164,,i512-o128-c8-0,etri-dev0001-jetorn,False,workload,etri-dev0001-jetorn,1789046360.102891,"{""cache_n"": 0, ""prompt_n"": 512, ""prompt_ms"": 1156.464, ""prompt_per_token_ms"": 2.25871875, ""prompt_per_second"": 442.72887007291195, ""predicted_n"": 128, ""predicted_ms"": 7257.586, ""predicted_per_token_ms"": 57.14634645669292, ""predicted_per_second"": 17.498931462885867}",ok,limit,639,1162.4422250006319,True
512,128,1,False,i512-o128-c8,1789046376.8843942,8,17.494717834996987,False,1789046369.6238062,2.955913543701172,True,512,16779.27436400023,gemma2:2b-instruct-q8_0,nano,128,True,measure,etri-dev0001-jetorn,1789046360.102164,,i512-o128-c8-2,etri-dev0001-jetorn,False,workload,etri-dev0001-jetorn,1789046360.10512,"{""cache_n"": 0, ""prompt_n"": 512, ""prompt_ms"": 1099.905, ""prompt_per_token_ms"": 2.148251953125, ""prompt_per_second"": 465.4947472736282, ""predicted_n"": 128, ""predicted_ms"": 7259.334, ""predicted_per_token_ms"": 57.16011023622047, ""predicted_per_second"": 17.494717834996987}",ok,limit,639,9518.686723000428,True
512,128,1,False,i512-o128-c8,1789046385.2600906,8,17.479425546249253,False,1789046377.9928164,3.635883331298828,True,512,25154.29094599949,gemma2:2b-instruct-q8_0,nano,128,True,measure,etri-dev0001-jetorn,1789046360.102164,,i512-o128-c8-3,etri-dev0001-jetorn,False,workload,etri-dev0001-jetorn,1789046360.1058,"{""cache_n"": 0, ""prompt_n"": 512, ""prompt_ms"": 1109.389, ""prompt_per_token_ms"": 2.166775390625, ""prompt_per_second"": 461.51530256744934, ""predicted_n"": 128, ""predicted_ms"": 7265.685, ""predicted_per_token_ms"": 57.21011811023622, ""predicted_per_second"": 17.479425546249253}",ok,limit,639,17887.01648299957,True
512,128,1,False,i512-o128-c8,1789046393.630965,8,17.481708901741232,False,1789046386.3647332,4.36091423034668,True,512,33524.44041799936,gemma2:2b-instruct-q8_0,nano,128,True,measure,etri-dev0001-jetorn,1789046360.102164,,i512-o128-c8-4,etri-dev0001-jetorn,False,workload,etri-dev0001-jetorn,1789046360.106525,"{""cache_n"": 0, ""prompt_n"": 512, ""prompt_ms"": 1105.47, ""prompt_per_token_ms"": 2.15912109375, ""prompt_per_second"": 463.1514197581119, ""predicted_n"": 128, ""predicted_ms"": 7264.736, ""predicted_per_token_ms"": 57.202645669291336, ""predicted_per_second"": 17.481708901741232}",ok,limit,639,26258.20859599935,True
512,128,1,False,i512-o128-c8,1789046401.9894326,8,17.50139838929256,False,1789046394.7313685,1.5766620635986328,True,512,41885.69227300013,gemma2:2b-instruct-q8_0,nano,128,True,measure,etri-dev0001-jetorn,1789046360.102164,,i512-o128-c8-1,etri-dev0001-jetorn,False,workload,etri-dev0001-jetorn,1789046360.1037407,"{""cache_n"": 0, ""prompt_n"": 512, ""prompt_ms"": 1101.274, ""prompt_per_token_ms"": 2.15092578125, ""prompt_per_second"": 464.91608809433444, ""predicted_n"": 128, ""predicted_ms"": 7256.563, ""predicted_per_token_ms"": 57.138291338582675, ""predicted_per_second"": 17.50139838929256}",ok,limit,639,34627.62776599993,True
512,128,1,False,i512-o128-c8,1789046410.3502216,8,17.509348889355806,False,1789046403.1017687,6.0329437255859375,True,512,50242.024901999685,gemma2:2b-instruct-q8_0,nano,128,True,measure,etri-dev0001-jetorn,1789046360.102164,,i512-o128-c8-5,etri-dev0001-jetorn,False,workload,etri-dev0001-jetorn,1789046360.108197,"{""cache_n"": 0, ""prompt_n"": 512, ""prompt_ms"": 1107.043, ""prompt_per_token_ms"": 2.162193359375, ""prompt_per_second"": 462.4933268174769, ""predicted_n"": 128, ""predicted_ms"": 7253.268, ""predicted_per_token_ms"": 57.11234645669291, ""predicted_per_second"": 17.509348889355806}",ok,limit,639,42993.57414199949,True
512,128,1,False,i512-o128-c8,1789046418.7186422,8,17.4853095863554,False,1789046411.4540358,8.220434188842773,True,512,58608.257320999655,gemma2:2b-instruct-q8_0,nano,128,True,measure,etri-dev0001-jetorn,1789046360.102164,,i512-o128-c8-7,etri-dev0001-jetorn,False,workload,etri-dev0001-jetorn,1789046360.1103845,"{""cache_n"": 0, ""prompt_n"": 512, ""prompt_ms"": 1104.566, ""prompt_per_token_ms"": 2.15735546875, ""prompt_per_second"": 463.5304726019088, ""predicted_n"": 128, ""predicted_ms"": 7263.24, ""predicted_per_token_ms"": 57.19086614173228, ""predicted_per_second"": 17.4853095863554}",ok,limit,639,51343.65096900001,True
512,128,1,False,i512-o128-c8,1789046427.0623431,8,17.510160029075138,False,1789046419.8081608,7.02667236328125,True,512,66953.1526689998,gemma2:2b-instruct-q8_0,nano,128,True,measure,etri-dev0001-jetorn,1789046360.102164,,i512-o128-c8-6,etri-dev0001-jetorn,False,workload,etri-dev0001-jetorn,1789046360.1091907,"{""cache_n"": 0, ""prompt_n"": 512, ""prompt_ms"": 1090.511, ""prompt_per_token_ms"": 2.129904296875, ""prompt_per_second"": 469.5046634100894, ""predicted_n"": 128, ""predicted_ms"": 7252.932, ""predicted_per_token_ms"": 57.10970078740157, ""predicted_per_second"": 17.510160029075138}",ok,limit,639,59698.9700260001,True
512,128,1,False,i512-o128-c2,1789046460.043488,2,17.237789469312254,False,1789046452.7000003,1.947164535522461,True,512,8674.122763000014,gemma2:2b-instruct-q8_0,nano,128,True,measure,etri-dev0001-jetorn,1789046451.3674166,,i512-o128-c2-0,etri-dev0001-jetorn,False,workload,etri-dev0001-jetorn,1789046451.3693638,"{""cache_n"": 0, ""prompt_n"": 512, ""prompt_ms"": 1299.315, ""prompt_per_token_ms"": 2.537724609375, ""prompt_per_second"": 394.05378988159146, ""predicted_n"": 128, ""predicted_ms"": 7367.534, ""predicted_per_token_ms"": 58.01207874015748, ""predicted_per_second"": 17.237789469312254}",ok,limit,639,1330.634898000426,True
512,128,1,False,i512-o128-c2,1789046468.392099,2,17.5101165732564,False,1789046461.1381602,3.805398941040039,True,512,17020.875324999906,gemma2:2b-instruct-q8_0,nano,128,True,measure,etri-dev0001-jetorn,1789046451.3674166,,i512-o128-c2-1,etri-dev0001-jetorn,False,workload,etri-dev0001-jetorn,1789046451.371222,"{""cache_n"": 0, ""prompt_n"": 512, ""prompt_ms"": 1095.322, ""prompt_per_token_ms"": 2.13930078125, ""prompt_per_second"": 467.44245071312366, ""predicted_n"": 128, ""predicted_ms"": 7252.95, ""predicted_per_token_ms"": 57.10984251968504, ""predicted_per_second"": 17.5101165732564}",ok,limit,639,9766.936283999712,True
512,128,1,False,i512-o128-c1,1789046489.169651,1,17.240869059264877,False,1789046481.8024876,2.6443004608154297,True,512,8660.418978999587,gemma2:2b-instruct-q8_0,nano,128,True,measure,etri-dev0001-jetorn,1789046480.506586,,i512-o128-c1-0,etri-dev0001-jetorn,False,workload,etri-dev0001-jetorn,1789046480.5092304,"{""cache_n"": 0, ""prompt_n"": 512, ""prompt_ms"": 1287.234, ""prompt_per_token_ms"": 2.51412890625, ""prompt_per_second"": 397.7520792645316, ""predicted_n"": 128, ""predicted_ms"": 7366.218, ""predicted_per_token_ms"": 58.00171653543307, ""predicted_per_second"": 17.240869059264877}",ok,limit,639,1293.2553279997592,True
512,128,1,False,i512-o128-c4,1789046504.239959,4,17.261488029973556,False,1789046496.8811452,4.870176315307617,True,512,8628.376629999366,gemma2:2b-instruct-q8_0,nano,128,True,measure,etri-dev0001-jetorn,1789046495.6067123,,i512-o128-c4-3,etri-dev0001-jetorn,False,workload,etri-dev0001-jetorn,1789046495.6115825,"{""cache_n"": 0, ""prompt_n"": 512, ""prompt_ms"": 1265.345, ""prompt_per_token_ms"": 2.471376953125, ""prompt_per_second"": 404.6327286234189, ""predicted_n"": 128, ""predicted_ms"": 7357.419, ""predicted_per_token_ms"": 57.93243307086614, ""predicted_per_second"": 17.261488029973556}",ok,limit,639,1269.5627389994115,True
512,128,1,False,i512-o128-c4,1789046512.5840673,4,17.523956075859136,False,1789046505.335354,2.989053726196289,True,512,16974.36579300029,gemma2:2b-instruct-q8_0,nano,128,True,measure,etri-dev0001-jetorn,1789046495.6067123,,i512-o128-c4-1,etri-dev0001-jetorn,False,workload,etri-dev0001-jetorn,1789046495.6097014,"{""cache_n"": 0, ""prompt_n"": 512, ""prompt_ms"": 1096.265, ""prompt_per_token_ms"": 2.141142578125, ""prompt_per_second"": 467.0403597670271, ""predicted_n"": 128, ""predicted_ms"": 7247.222, ""predicted_per_token_ms"": 57.064740157480315, ""predicted_per_second"": 17.523956075859136}",ok,limit,639,9725.652307000018,True
512,128,1,False,i512-o128-c4,1789046520.9277809,4,17.528515236765383,False,1789046513.6811554,1.4529228210449219,True,512,25319.61390900051,gemma2:2b-instruct-q8_0,nano,128,True,measure,etri-dev0001-jetorn,1789046495.6067123,,i512-o128-c4-0,etri-dev0001-jetorn,False,workload,etri-dev0001-jetorn,1789046495.6081653,"{""cache_n"": 0, ""prompt_n"": 512, ""prompt_ms"": 1097.861, ""prompt_per_token_ms"": 2.144259765625, ""prompt_per_second"": 466.36140640755065, ""predicted_n"": 128, ""predicted_ms"": 7245.337, ""predicted_per_token_ms"": 57.049897637795276, ""predicted_per_second"": 17.528515236765383}",ok,limit,639,18072.98820699998,True
512,128,1,False,i512-o128-c4,1789046529.276126,4,17.509240260278304,False,1789046522.0218549,4.120349884033203,True,512,33665.293318000295,gemma2:2b-instruct-q8_0,nano,128,True,measure,etri-dev0001-jetorn,1789046495.6067123,,i512-o128-c4-2,etri-dev0001-jetorn,False,workload,etri-dev0001-jetorn,1789046495.6108327,"{""cache_n"": 0, ""prompt_n"": 512, ""prompt_ms"": 1094.636, ""prompt_per_token_ms"": 2.1379609375, ""prompt_per_second"": 467.73539331796144, ""predicted_n"": 128, ""predicted_ms"": 7253.313, ""predicted_per_token_ms"": 57.11270078740158, ""predicted_per_second"": 17.509240260278304}",ok,limit,639,26411.022618999596,True
128,64,1,False,i128-o64-c1,1789046553.7286422,1,16.904433335220546,False,1789046550.00074,2.5691986083984375,True,128,4332.854629999929,gemma2:2b-instruct-q8_0,nano,64,True,measure,etri-dev0001-jetorn,1789046549.3932185,,i128-o64-c1-0,etri-dev0001-jetorn,False,workload,etri-dev0001-jetorn,1789046549.3957877,"{""cache_n"": 0, ""prompt_n"": 128, ""prompt_ms"": 600.441, ""prompt_per_token_ms"": 4.6909453125, ""prompt_per_second"": 213.17664849668824, ""predicted_n"": 64, ""predicted_ms"": 3726.833, ""predicted_per_token_ms"": 59.156079365079364, ""predicted_per_second"": 16.904433335220546}",ok,limit,191,604.9522579996847,True
512,256,1,False,i512-o256-c1,1789046573.7657542,1,17.386794749842547,False,1789046559.0981758,0.8311271667480469,True,512,15959.434858999884,gemma2:2b-instruct-q8_0,nano,256,True,measure,etri-dev0001-jetorn,1789046557.8054864,,i512-o256-c1-0,etri-dev0001-jetorn,False,workload,etri-dev0001-jetorn,1789046557.8063176,"{""cache_n"": 0, ""prompt_n"": 512, ""prompt_ms"": 1288.033, ""prompt_per_token_ms"": 2.515689453125, ""prompt_per_second"": 397.5053434189963, ""predicted_n"": 256, ""predicted_ms"": 14666.303, ""predicted_per_token_ms"": 57.514913725490196, ""predicted_per_second"": 17.386794749842547}",ok,limit,767,1291.8557490002058,True
512,128,2,False,,1789048005.603171,,17.07577030211609,False,1789047998.1649482,0.010251998901367188,True,512,9116.182829000536,gemma2:2b-instruct-q8_0,nano,128,True,warmup,etri-dev0001-jetorn,1789047996.4869754,,warmup,etri-dev0001-jetorn,False,workload,etri-dev0001-jetorn,1789047996.4869857,"{""cache_n"": 0, ""prompt_n"": 512, ""prompt_ms"": 1672.765, ""prompt_per_token_ms"": 3.267119140625, ""prompt_per_second"": 306.0800530857592, ""predicted_n"": 128, ""predicted_ms"": 7437.439, ""predicted_per_token_ms"": 58.562511811023626, ""predicted_per_second"": 17.07577030211609}",ok,limit,639,1677.960152000196,True
128,64,2,False,i128-o64-c1,1789048009.7397497,1,17.602775762151293,False,1789048006.1601973,91.29762649536133,True,128,4025.2347829991777,gemma2:2b-instruct-q8_0,nano,64,True,measure,etri-dev0001-jetorn,1789048005.6232169,,i128-o64-c1-0,etri-dev0001-jetorn,False,workload,etri-dev0001-jetorn,1789048005.7145145,"{""cache_n"": 0, ""prompt_n"": 128, ""prompt_ms"": 443.491, ""prompt_per_token_ms"": 3.4647734375, ""prompt_per_second"": 288.6191602535339, ""predicted_n"": 64, ""predicted_ms"": 3578.981, ""predicted_per_token_ms"": 56.809222222222225, ""predicted_per_second"": 17.602775762151293}",ok,limit,191,445.68291999985377,True
512,128,2,False,i512-o128-c4,1789048018.2352154,4,17.503598229848706,False,1789048010.9783719,0.3750324249267578,True,512,8365.170297000077,gemma2:2b-instruct-q8_0,nano,128,True,measure,etri-dev0001-jetorn,1789048009.8696697,,i512-o128-c4-0,etri-dev0001-jetorn,False,workload,etri-dev0001-jetorn,1789048009.8700447,"{""cache_n"": 0, ""prompt_n"": 512, ""prompt_ms"": 1102.961, ""prompt_per_token_ms"": 2.154220703125, ""prompt_per_second"": 464.20499002231264, ""predicted_n"": 128, ""predicted_ms"": 7255.651, ""predicted_per_token_ms"": 57.13111023622047, ""predicted_per_second"": 17.503598229848706}",ok,limit,639,1108.3271190000232,True
512,128,2,False,i512-o128-c4,1789048026.5865297,4,17.506616674018527,False,1789048019.331268,2.4678707122802734,True,512,16714.391464999608,gemma2:2b-instruct-q8_0,nano,128,True,measure,etri-dev0001-jetorn,1789048009.8696697,,i512-o128-c4-2,etri-dev0001-jetorn,False,workload,etri-dev0001-jetorn,1789048009.8721375,"{""cache_n"": 0, ""prompt_n"": 512, ""prompt_ms"": 1096.751, ""prompt_per_token_ms"": 2.142091796875, ""prompt_per_second"": 466.8334015651684, ""predicted_n"": 128, ""predicted_ms"": 7254.4, ""predicted_per_token_ms"": 57.121259842519684, ""predicted_per_second"": 17.506616674018527}",ok,limit,639,9459.13036499951,True
512,128,2,False,i512-o128-c4,1789048034.9360876,4,17.509911368137615,False,1789048027.6815827,3.222227096557617,True,512,25063.19589100076,gemma2:2b-instruct-q8_0,nano,128,True,measure,etri-dev0001-jetorn,1789048009.8696697,,i512-o128-c4-3,etri-dev0001-jetorn,False,workload,etri-dev0001-jetorn,1789048009.872892,"{""cache_n"": 0, ""prompt_n"": 512, ""prompt_ms"": 1095.578, ""prompt_per_token_ms"": 2.13980078125, ""prompt_per_second"": 467.3332250191223, ""predicted_n"": 128, ""predicted_ms"": 7253.035, ""predicted_per_token_ms"": 57.11051181102362, ""predicted_per_second"": 17.509911368137615}",ok,limit,639,17808.69073500071,True
512,128,2,False,i512-o128-c4,1789048043.2816913,4,17.52760079578068,False,1789048036.03499,1.0454654693603516,True,512,33410.976678000225,gemma2:2b-instruct-q8_0,nano,128,True,measure,etri-dev0001-jetorn,1789048009.8696697,,i512-o128-c4-1,etri-dev0001-jetorn,False,workload,etri-dev0001-jetorn,1789048009.8707151,"{""cache_n"": 0, ""prompt_n"": 512, ""prompt_ms"": 1099.581, ""prompt_per_token_ms"": 2.147619140625, ""prompt_per_second"": 465.6319088816559, ""predicted_n"": 128, ""predicted_ms"": 7245.715, ""predicted_per_token_ms"": 57.05287401574803, ""predicted_per_second"": 17.52760079578068}",ok,limit,639,26164.274933999877,True
512,256,2,False,i512-o256-c1,1789048065.3038428,1,17.384918317472607,False,1789048050.634743,0.6475448608398438,True,512,15965.661539000394,gemma2:2b-instruct-q8_0,nano,256,True,measure,etri-dev0001-jetorn,1789048049.3375332,,i512-o256-c1-0,etri-dev0001-jetorn,False,workload,etri-dev0001-jetorn,1789048049.3381808,"{""cache_n"": 0, ""prompt_n"": 512, ""prompt_ms"": 1292.679, ""prompt_per_token_ms"": 2.524763671875, ""prompt_per_second"": 396.0766748744274, ""predicted_n"": 256, ""predicted_ms"": 14667.886, ""predicted_per_token_ms"": 57.52112156862745, ""predicted_per_second"": 17.384918317472607}",ok,limit,767,1296.561729000132,True
512,128,2,False,i512-o128-c2,1789048086.1407561,2,17.210666005343434,False,1789048078.7603893,0.5438327789306641,True,512,8684.241724000458,gemma2:2b-instruct-q8_0,nano,128,True,measure,etri-dev0001-jetorn,1789048077.45597,,i512-o128-c2-0,etri-dev0001-jetorn,False,workload,etri-dev0001-jetorn,1789048077.456514,"{""cache_n"": 0, ""prompt_n"": 512, ""prompt_ms"": 1299.711, ""prompt_per_token_ms"": 2.538498046875, ""prompt_per_second"": 393.9337283442242, ""predicted_n"": 128, ""predicted_ms"": 7379.145, ""predicted_per_token_ms"": 58.10350393700788, ""predicted_per_second"": 17.210666005343434}",ok,limit,639,1303.874934000305,True
512,128,2,False,i512-o128-c2,1789048094.4813726,2,17.521574645977964,False,1789048087.2324214,0.8144378662109375,True,512,17024.588059000052,gemma2:2b-instruct-q8_0,nano,128,True,measure,etri-dev0001-jetorn,1789048077.45597,,i512-o128-c2-1,etri-dev0001-jetorn,False,workload,etri-dev0001-jetorn,1789048077.4567845,"{""cache_n"": 0, ""prompt_n"": 512, ""prompt_ms"": 1092.108, ""prompt_per_token_ms"": 2.1330234375, ""prompt_per_second"": 468.8181022389727, ""predicted_n"": 128, ""predicted_ms"": 7248.207, ""predicted_per_token_ms"": 57.07249606299213, ""predicted_per_second"": 17.521574645977964}",ok,limit,639,9775.636740000664,True
512,128,2,False,i512-o128-c8,1789048115.8707867,8,17.257190983158473,False,1789048108.5100467,2.499103546142578,True,512,8660.048898999776,gemma2:2b-instruct-q8_0,nano,128,True,measure,etri-dev0001-jetorn,1789048107.208238,,i512-o128-c8-0,etri-dev0001-jetorn,False,workload,etri-dev0001-jetorn,1789048107.210737,"{""cache_n"": 0, ""prompt_n"": 512, ""prompt_ms"": 1292.623, ""prompt_per_token_ms"": 2.524654296875, ""prompt_per_second"": 396.0938340103804, ""predicted_n"": 128, ""predicted_ms"": 7359.251, ""predicted_per_token_ms"": 57.946858267716536, ""predicted_per_second"": 17.257190983158473}",ok,limit,639,1299.3085839998457,True
512,128,2,False,i512-o128-c8,1789048124.2099442,8,17.53989808904882,False,1789048116.967717,7.234811782836914,True,512,16994.47211700044,gemma2:2b-instruct-q8_0,nano,128,True,measure,etri-dev0001-jetorn,1789048107.208238,,i512-o128-c8-2,etri-dev0001-jetorn,False,workload,etri-dev0001-jetorn,1789048107.2154727,"{""cache_n"": 0, ""prompt_n"": 512, ""prompt_ms"": 1097.583, ""prompt_per_token_ms"": 2.143716796875, ""prompt_per_second"": 466.47952819968964, ""predicted_n"": 128, ""predicted_ms"": 7240.635, ""predicted_per_token_ms"": 57.01287401574803, ""predicted_per_second"": 17.53989808904882}",ok,limit,639,9752.244934000373,True
512,128,2,False,i512-o128-c8,1789048132.5885797,8,17.443001558745078,False,1789048125.3062592,6.114006042480469,True,512,25374.226636999992,gemma2:2b-instruct-q8_0,nano,128,True,measure,etri-dev0001-jetorn,1789048107.208238,,i512-o128-c8-1,etri-dev0001-jetorn,False,workload,etri-dev0001-jetorn,1789048107.214352,"{""cache_n"": 0, ""prompt_n"": 512, ""prompt_ms"": 1097.07, ""prompt_per_token_ms"": 2.14271484375, ""prompt_per_second"": 466.69765830803874, ""predicted_n"": 128, ""predicted_ms"": 7280.857, ""predicted_per_token_ms"": 57.329582677165355, ""predicted_per_second"": 17.443001558745078}",ok,limit,639,18091.90628899978,True
512,128,2,False,i512-o128-c8,1789048140.9605837,8,17.5114469019148,False,1789048133.7070367,10.146856307983398,True,512,33742.19838600038,gemma2:2b-instruct-q8_0,nano,128,True,measure,etri-dev0001-jetorn,1789048107.208238,,i512-o128-c8-3,etri-dev0001-jetorn,False,workload,etri-dev0001-jetorn,1789048107.2183847,"{""cache_n"": 0, ""prompt_n"": 512, ""prompt_ms"": 1119.348, ""prompt_per_token_ms"": 2.1862265625, ""prompt_per_second"": 457.4091346033584, ""predicted_n"": 128, ""predicted_ms"": 7252.399, ""predicted_per_token_ms"": 57.105503937007875, ""predicted_per_second"": 17.5114469019148}",ok,limit,639,26488.652547999664,True
512,128,2,False,i512-o128-c8,1789048149.2935755,8,17.517265541055917,False,1789048142.0422344,13.152122497558594,True,512,42072.18550599919,gemma2:2b-instruct-q8_0,nano,128,True,measure,etri-dev0001-jetorn,1789048107.208238,,i512-o128-c8-4,etri-dev0001-jetorn,False,workload,etri-dev0001-jetorn,1789048107.22139,"{""cache_n"": 0, ""prompt_n"": 512, ""prompt_ms"": 1082.078, ""prompt_per_token_ms"": 2.11343359375, ""prompt_per_second"": 473.1636721197548, ""predicted_n"": 128, ""predicted_ms"": 7249.99, ""predicted_per_token_ms"": 57.086535433070864, ""predicted_per_second"": 17.517265541055917}",ok,limit,639,34820.84440400013,True
512,128,2,False,i512-o128-c8,1789048157.6612878,8,17.47654874216325,False,1789048150.3927042,14.47296142578125,True,512,50438.576252999155,gemma2:2b-instruct-q8_0,nano,128,True,measure,etri-dev0001-jetorn,1789048107.208238,,i512-o128-c8-5,etri-dev0001-jetorn,False,workload,etri-dev0001-jetorn,1789048107.2227108,"{""cache_n"": 0, ""prompt_n"": 512, ""prompt_ms"": 1100.052, ""prompt_per_token_ms"": 2.1485390625, ""prompt_per_second"": 465.4325431888675, ""predicted_n"": 128, ""predicted_ms"": 7266.881, ""predicted_per_token_ms"": 57.21953543307087, ""predicted_per_second"": 17.47654874216325}",ok,limit,639,43169.99275500075,True
512,128,2,False,i512-o128-c8,1789048166.009044,8,17.51420236323132,False,1789048158.7568622,15.57159423828125,True,512,58785.23395799948,gemma2:2b-instruct-q8_0,nano,128,True,measure,etri-dev0001-jetorn,1789048107.208238,,i512-o128-c8-6,etri-dev0001-jetorn,False,workload,etri-dev0001-jetorn,1789048107.2238095,"{""cache_n"": 0, ""prompt_n"": 512, ""prompt_ms"": 1096.492, ""prompt_per_token_ms"": 2.1415859375, ""prompt_per_second"": 466.94367127165543, ""predicted_n"": 128, ""predicted_ms"": 7251.258, ""predicted_per_token_ms"": 57.09651968503937, ""predicted_per_second"": 17.51420236323132}",ok,limit,639,51533.05336699941,True
512,128,2,False,i512-o128-c8,1789048174.3623092,8,17.496178393790206,False,1789048167.1025972,16.993284225463867,True,512,67137.07619000069,gemma2:2b-instruct-q8_0,nano,128,True,measure,etri-dev0001-jetorn,1789048107.208238,,i512-o128-c8-7,etri-dev0001-jetorn,False,workload,etri-dev0001-jetorn,1789048107.2252312,"{""cache_n"": 0, ""prompt_n"": 512, ""prompt_ms"": 1094.156, ""prompt_per_token_ms"": 2.1370234375, ""prompt_per_second"": 467.9405861686999, ""predicted_n"": 128, ""predicted_ms"": 7258.728, ""predicted_per_token_ms"": 57.15533858267717, ""predicted_per_second"": 17.496178393790206}",ok,limit,639,59877.364032000514,True
2048,128,2,False,i2048-o128-c1,1789048215.48339,1,16.737056752987264,False,1789048207.8948476,1.3074874877929688,True,2048,10804.13967899949,gemma2:2b-instruct-q8_0,nano,128,True,measure,etri-dev0001-jetorn,1789048204.6779401,,i2048-o128-c1-0,etri-dev0001-jetorn,False,workload,etri-dev0001-jetorn,1789048204.6792476,"{""cache_n"": 0, ""prompt_n"": 2048, ""prompt_ms"": 3206.595, ""prompt_per_token_ms"": 1.56572021484375, ""prompt_per_second"": 638.6837127856808, ""predicted_n"": 128, ""predicted_ms"": 7587.953, ""predicted_per_token_ms"": 59.74766141732284, ""predicted_per_second"": 16.737056752987264}",ok,limit,2175,3215.5970969997725,True
512,128,2,False,i512-o128-c1,1789048232.31486,1,17.25201485194715,False,1789048224.9526644,1.4345645904541016,True,512,8730.857446998925,gemma2:2b-instruct-q8_0,nano,128,True,measure,etri-dev0001-jetorn,1789048223.5825665,,i512-o128-c1-0,etri-dev0001-jetorn,False,workload,etri-dev0001-jetorn,1789048223.584001,"{""cache_n"": 0, ""prompt_n"": 512, ""prompt_ms"": 1363.173, ""prompt_per_token_ms"": 2.662447265625, ""prompt_per_second"": 375.59429360763454, ""predicted_n"": 128, ""predicted_ms"": 7361.459, ""predicted_per_token_ms"": 57.96424409448819, ""predicted_per_second"": 17.25201485194715}",ok,limit,639,1368.6614119997103,True
512,128,0,False,,1789044387.725211,,60.763253446400824,False,1789044385.6348677,0.0030994415283203125,True,512,2751.5836139791645,llama3.2:1b-instruct-q8_0,agx,128,True,warmup,etri-dev0005-jetagx,1789044384.97362,,warmup,etri-dev0005-jetagx,False,workload,etri-dev0005-jetagx,1789044384.973623,"{""cache_n"": 0, ""prompt_n"": 512, ""prompt_ms"": 658.663, ""prompt_per_token_ms"": 1.286451171875, ""prompt_per_second"": 777.3322624771696, ""predicted_n"": 128, ""predicted_ms"": 2090.079, ""predicted_per_token_ms"": 16.457314960629922, ""predicted_per_second"": 60.763253446400824}",ok,limit,639,661.2411139649339,True
128,64,0,False,i128-o64-c1,1789044388.7679346,1,64.37919550531026,False,1789044387.7889585,13.112783432006836,True,128,1026.3634559814818,llama3.2:1b-instruct-q8_0,agx,64,True,measure,etri-dev0005-jetagx,1789044387.7284575,,i128-o64-c1-0,etri-dev0005-jetagx,False,workload,etri-dev0005-jetagx,1789044387.7415702,"{""cache_n"": 0, ""prompt_n"": 128, ""prompt_ms"": 45.146, ""prompt_per_token_ms"": 0.352703125, ""prompt_per_second"": 2835.245647454924, ""predicted_n"": 64, ""predicted_ms"": 978.577, ""predicted_per_token_ms"": 15.532968253968255, ""predicted_per_second"": 64.37919550531026}",ok,limit,191,47.3881529760547,True
512,128,0,False,i512-o128-c8,1789044390.9864252,8,65.257414809528,False,1789044389.0389984,0.6184577941894531,True,512,2120.49920798745,llama3.2:1b-instruct-q8_0,agx,128,True,measure,etri-dev0005-jetagx,1789044388.865306,,i512-o128-c8-0,etri-dev0005-jetagx,False,workload,etri-dev0005-jetagx,1789044388.8659244,"{""cache_n"": 0, ""prompt_n"": 512, ""prompt_ms"": 168.637, ""prompt_per_token_ms"": 0.329369140625, ""prompt_per_second"": 3036.1071413746686, ""predicted_n"": 128, ""predicted_ms"": 1946.139, ""predicted_per_token_ms"": 15.323929133858266, ""predicted_per_second"": 65.257414809528}",ok,limit,639,173.07313601486385,True
512,128,0,False,i512-o128-c8,1789044393.1074064,8,65.15597159610068,False,1789044391.1566525,1.836538314819336,True,512,4240.263373998459,llama3.2:1b-instruct-q8_0,agx,128,True,measure,etri-dev0005-jetagx,1789044388.865306,,i512-o128-c8-1,etri-dev0005-jetagx,False,workload,etri-dev0005-jetagx,1789044388.8671424,"{""cache_n"": 0, ""prompt_n"": 512, ""prompt_ms"": 170.634, ""prompt_per_token_ms"": 0.33326953125, ""prompt_per_second"": 3000.5743286800994, ""predicted_n"": 128, ""predicted_ms"": 1949.169, ""predicted_per_token_ms"": 15.347787401574804, ""predicted_per_second"": 65.15597159610068}",ok,limit,639,2289.5097300061025,True
512,128,0,False,i512-o128-c8,1789044395.1934795,8,66.3691378283182,False,1789044393.279212,3.2835006713867188,True,512,6324.889983981848,llama3.2:1b-instruct-q8_0,agx,128,True,measure,etri-dev0005-jetagx,1789044388.865306,,i512-o128-c8-2,etri-dev0005-jetagx,False,workload,etri-dev0005-jetagx,1789044388.8685894,"{""cache_n"": 0, ""prompt_n"": 512, ""prompt_ms"": 172.799, ""prompt_per_token_ms"": 0.337498046875, ""prompt_per_second"": 2962.9801098385983, ""predicted_n"": 128, ""predicted_ms"": 1913.54, ""predicted_per_token_ms"": 15.067244094488188, ""predicted_per_second"": 66.3691378283182}",ok,limit,639,4410.623089002911,True
512,128,0,False,i512-o128-c8,1789044397.3075788,8,65.36014986516254,False,1789044395.3638828,4.009723663330078,True,512,8438.263788004406,llama3.2:1b-instruct-q8_0,agx,128,True,measure,etri-dev0005-jetagx,1789044388.865306,,i512-o128-c8-3,etri-dev0005-jetagx,False,workload,etri-dev0005-jetagx,1789044388.8693156,"{""cache_n"": 0, ""prompt_n"": 512, ""prompt_ms"": 170.528, ""prompt_per_token_ms"": 0.3330625, ""prompt_per_second"": 3002.4394820791895, ""predicted_n"": 128, ""predicted_ms"": 1943.08, ""predicted_per_token_ms"": 15.299842519685038, ""predicted_per_second"": 65.36014986516254}",ok,limit,639,6494.567327026743,True
512,128,0,False,i512-o128-c8,1789044399.3844254,8,66.70311703140666,False,1789044397.4795213,4.724979400634766,True,512,10514.394166006241,llama3.2:1b-instruct-q8_0,agx,128,True,measure,etri-dev0005-jetagx,1789044388.865306,,i512-o128-c8-4,etri-dev0005-jetagx,False,workload,etri-dev0005-jetagx,1789044388.8700309,"{""cache_n"": 0, ""prompt_n"": 512, ""prompt_ms"": 171.737, ""prompt_per_token_ms"": 0.335423828125, ""prompt_per_second"": 2981.3028060348092, ""predicted_n"": 128, ""predicted_ms"": 1903.959, ""predicted_per_token_ms"": 14.9918031496063, ""predicted_per_second"": 66.70311703140666}",ok,limit,639,8609.489971015137,True
512,128,0,False,i512-o128-c8,1789044401.4998465,8,65.27210501510767,False,1789044399.553494,7.303714752197266,True,512,12627.237060980406,llama3.2:1b-instruct-q8_0,agx,128,True,measure,etri-dev0005-jetagx,1789044388.865306,,i512-o128-c8-7,etri-dev0005-jetagx,False,workload,etri-dev0005-jetagx,1789044388.8726096,"{""cache_n"": 0, ""prompt_n"": 512, ""prompt_ms"": 169.917, ""prompt_per_token_ms"": 0.331869140625, ""prompt_per_second"": 3013.235873985534, ""predicted_n"": 128, ""predicted_ms"": 1945.701, ""predicted_per_token_ms"": 15.32048031496063, ""predicted_per_second"": 65.27210501510767}",ok,limit,639,10680.884932982735,True
512,128,0,False,i512-o128-c8,1789044403.6209228,8,65.24675346026139,False,1789044401.6730795,5.974531173706055,True,512,14749.64298598934,llama3.2:1b-instruct-q8_0,agx,128,True,measure,etri-dev0005-jetagx,1789044388.865306,,i512-o128-c8-5,etri-dev0005-jetagx,False,workload,etri-dev0005-jetagx,1789044388.8712804,"{""cache_n"": 0, ""prompt_n"": 512, ""prompt_ms"": 172.729, ""prompt_per_token_ms"": 0.337361328125, ""prompt_per_second"": 2964.180884506944, ""predicted_n"": 128, ""predicted_ms"": 1946.457, ""predicted_per_token_ms"": 15.326433070866143, ""predicted_per_second"": 65.24675346026139}",ok,limit,639,12801.799583015963,True
512,128,0,False,i512-o128-c8,1789044405.7196138,8,65.95322929341242,False,1789044403.792907,6.669521331787109,True,512,16847.638192004524,llama3.2:1b-instruct-q8_0,agx,128,True,measure,etri-dev0005-jetagx,1789044388.865306,,i512-o128-c8-6,etri-dev0005-jetagx,False,workload,etri-dev0005-jetagx,1789044388.8719754,"{""cache_n"": 0, ""prompt_n"": 512, ""prompt_ms"": 173.216, ""prompt_per_token_ms"": 0.3383125, ""prompt_per_second"": 2955.847034915943, ""predicted_n"": 128, ""predicted_ms"": 1925.607, ""predicted_per_token_ms"": 15.162259842519685, ""predicted_per_second"": 65.95322929341242}",ok,limit,639,14920.931249973364,True
2048,128,0,False,i2048-o128-c1,1789044408.8011978,1,62.04477092044639,False,1789044406.7538226,0.5419254302978516,True,2048,3036.6360410116613,llama3.2:1b-instruct-q8_0,agx,128,True,measure,etri-dev0005-jetagx,1789044405.7640185,,i2048-o128-c1-0,etri-dev0005-jetagx,False,workload,etri-dev0005-jetagx,1789044405.7645605,"{""cache_n"": 0, ""prompt_n"": 2048, ""prompt_ms"": 984.698, ""prompt_per_token_ms"": 0.4808095703125, ""prompt_per_second"": 2079.8254896425096, ""predicted_n"": 128, ""predicted_ms"": 2046.909, ""predicted_per_token_ms"": 16.117393700787403, ""predicted_per_second"": 62.04477092044639}",ok,limit,2175,989.2610650276765,True
512,128,0,False,i512-o128-c2,1789044410.937963,2,65.43636004837138,False,1789044408.9962785,1.4595985412597656,True,512,2114.903176028747,llama3.2:1b-instruct-q8_0,agx,128,True,measure,etri-dev0005-jetagx,1789044408.821607,,i512-o128-c2-1,etri-dev0005-jetagx,False,workload,etri-dev0005-jetagx,1789044408.8230667,"{""cache_n"": 0, ""prompt_n"": 512, ""prompt_ms"": 170.388, ""prompt_per_token_ms"": 0.3327890625, ""prompt_per_second"": 3004.906448810949, ""predicted_n"": 128, ""predicted_ms"": 1940.817, ""predicted_per_token_ms"": 15.282023622047245, ""predicted_per_second"": 65.43636004837138}",ok,limit,639,173.2109310105443,True
512,128,0,False,i512-o128-c2,1789044413.0535111,2,65.31860047440847,False,1789044411.1085382,0.48542022705078125,True,512,4231.417146977037,llama3.2:1b-instruct-q8_0,agx,128,True,measure,etri-dev0005-jetagx,1789044408.821607,,i512-o128-c2-0,etri-dev0005-jetagx,False,workload,etri-dev0005-jetagx,1789044408.8220925,"{""cache_n"": 0, ""prompt_n"": 512, ""prompt_ms"": 171.121, ""prompt_per_token_ms"": 0.334220703125, ""prompt_per_second"": 2992.0348759065223, ""predicted_n"": 128, ""predicted_ms"": 1944.316, ""predicted_per_token_ms"": 15.309574803149607, ""predicted_per_second"": 65.31860047440847}",ok,limit,639,2286.444337980356,True
512,256,0,False,i512-o256-c1,1789044417.0378022,1,67.1657299900779,False,1789044413.2404096,0.4112720489501953,True,512,3971.4013840421103,llama3.2:1b-instruct-q8_0,agx,256,True,measure,etri-dev0005-jetagx,1789044413.0659888,,i512-o256-c1-0,etri-dev0005-jetagx,False,workload,etri-dev0005-jetagx,1789044413.0664,"{""cache_n"": 0, ""prompt_n"": 512, ""prompt_ms"": 171.829, ""prompt_per_token_ms"": 0.335603515625, ""prompt_per_second"": 2979.7065687398517, ""predicted_n"": 256, ""predicted_ms"": 3796.579, ""predicted_per_token_ms"": 14.888545098039216, ""predicted_per_second"": 67.1657299900779}",ok,limit,767,174.00885600363836,True
512,128,0,False,i512-o128-c4,1789044419.1865869,4,66.02121828382262,False,1789044417.2624636,0.5540847778320312,True,512,2100.3609980107285,llama3.2:1b-instruct-q8_0,agx,128,True,measure,etri-dev0005-jetagx,1789044417.08567,,i512-o128-c4-0,etri-dev0005-jetagx,False,workload,etri-dev0005-jetagx,1789044417.086224,"{""cache_n"": 0, ""prompt_n"": 512, ""prompt_ms"": 171.585, ""prompt_per_token_ms"": 0.335126953125, ""prompt_per_second"": 2983.9438179328026, ""predicted_n"": 128, ""predicted_ms"": 1923.624, ""predicted_per_token_ms"": 15.146645669291338, ""predicted_per_second"": 66.02121828382262}",ok,limit,639,176.2380519649014,True
512,128,0,False,i512-o128-c4,1789044421.2926393,4,65.64315039569381,False,1789044419.3574822,2.4187564849853516,True,512,4204.549763991963,llama3.2:1b-instruct-q8_0,agx,128,True,measure,etri-dev0005-jetagx,1789044417.08567,,i512-o128-c4-2,etri-dev0005-jetagx,False,workload,etri-dev0005-jetagx,1789044417.0880888,"{""cache_n"": 0, ""prompt_n"": 512, ""prompt_ms"": 170.821, ""prompt_per_token_ms"": 0.333634765625, ""prompt_per_second"": 2997.289560417045, ""predicted_n"": 128, ""predicted_ms"": 1934.703, ""predicted_per_token_ms"": 15.23388188976378, ""predicted_per_second"": 65.64315039569381}",ok,limit,639,2269.3931559915654,True
512,128,0,False,i512-o128-c4,1789044423.4060903,4,65.41825962704381,False,1789044421.4634125,3.091573715209961,True,512,6317.329075012822,llama3.2:1b-instruct-q8_0,agx,128,True,measure,etri-dev0005-jetagx,1789044417.08567,,i512-o128-c4-3,etri-dev0005-jetagx,False,workload,etri-dev0005-jetagx,1789044417.0887616,"{""cache_n"": 0, ""prompt_n"": 512, ""prompt_ms"": 171.024, ""prompt_per_token_ms"": 0.33403125, ""prompt_per_second"": 2993.731873889045, ""predicted_n"": 128, ""predicted_ms"": 1941.354, ""predicted_per_token_ms"": 15.286251968503937, ""predicted_per_second"": 65.41825962704381}",ok,limit,639,4374.651368998457,True
512,128,0,False,i512-o128-c4,1789044425.5226495,4,65.38784517187993,False,1789044423.5795467,1.520395278930664,True,512,8435.459487955086,llama3.2:1b-instruct-q8_0,agx,128,True,measure,etri-dev0005-jetagx,1789044417.08567,,i512-o128-c4-1,etri-dev0005-jetagx,False,workload,etri-dev0005-jetagx,1789044417.0871904,"{""cache_n"": 0, ""prompt_n"": 512, ""prompt_ms"": 174.021, ""prompt_per_token_ms"": 0.339884765625, ""prompt_per_second"": 2942.173645709426, ""predicted_n"": 128, ""predicted_ms"": 1942.257, ""predicted_per_token_ms"": 15.29336220472441, ""predicted_per_second"": 65.38784517187993}",ok,limit,639,6492.356592963915,True
512,128,0,False,i512-o128-c1,1789044427.6171532,1,66.84491978609626,False,1789044425.717014,0.48661231994628906,True,512,2076.950390008278,llama3.2:1b-instruct-q8_0,agx,128,True,measure,etri-dev0005-jetagx,1789044425.5397155,,i512-o128-c1-0,etri-dev0005-jetagx,False,workload,etri-dev0005-jetagx,1789044425.5402021,"{""cache_n"": 0, ""prompt_n"": 512, ""prompt_ms"": 174.36, ""prompt_per_token_ms"": 0.340546875, ""prompt_per_second"": 2936.4533149804997, ""predicted_n"": 128, ""predicted_ms"": 1899.92, ""predicted_per_token_ms"": 14.96, ""predicted_per_second"": 66.84491978609626}",ok,limit,639,176.81155999889597,True
512,128,1,False,,1789045552.6323054,,59.83913168237012,False,1789045550.5090954,0.003337860107421875,True,512,2760.9020529780537,llama3.2:1b-instruct-q8_0,agx,128,True,warmup,etri-dev0005-jetagx,1789045549.8713956,,warmup,etri-dev0005-jetagx,False,workload,etri-dev0005-jetagx,1789045549.871399,"{""cache_n"": 0, ""prompt_n"": 512, ""prompt_ms"": 635.112, ""prompt_per_token_ms"": 1.240453125, ""prompt_per_second"": 806.1570242728842, ""predicted_n"": 128, ""predicted_ms"": 2122.357, ""predicted_per_token_ms"": 16.71147244094488, ""predicted_per_second"": 59.83913168237012}",ok,limit,639,637.6921909977682,True
2048,128,1,False,i2048-o128-c1,1789045555.74101,1,61.80568972473108,False,1789045553.685741,22.259950637817383,True,2048,3043.7982159783132,llama3.2:1b-instruct-q8_0,agx,128,True,measure,etri-dev0005-jetagx,1789045552.6749501,,i2048-o128-c1-0,etri-dev0005-jetagx,False,workload,etri-dev0005-jetagx,1789045552.69721,"{""cache_n"": 0, ""prompt_n"": 2048, ""prompt_ms"": 983.868, ""prompt_per_token_ms"": 0.480404296875, ""prompt_per_second"": 2081.580049356214, ""predicted_n"": 128, ""predicted_ms"": 2054.827, ""predicted_per_token_ms"": 16.179740157480317, ""predicted_per_second"": 61.80568972473108}",ok,limit,2175,988.5304039926268,True
512,128,1,False,i512-o128-c8,1789045557.9521625,8,65.5868760144663,False,1789045556.0155313,0.5655288696289062,True,512,2113.038184004836,llama3.2:1b-instruct-q8_0,agx,128,True,measure,etri-dev0005-jetagx,1789045555.838558,,i512-o128-c8-0,etri-dev0005-jetagx,False,workload,etri-dev0005-jetagx,1789045555.8391235,"{""cache_n"": 0, ""prompt_n"": 512, ""prompt_ms"": 172.117, ""prompt_per_token_ms"": 0.336166015625, ""prompt_per_second"": 2974.7206841857574, ""predicted_n"": 128, ""predicted_ms"": 1936.363, ""predicted_per_token_ms"": 15.246952755905513, ""predicted_per_second"": 65.5868760144663}",ok,limit,639,176.40697996830568,True
512,128,1,False,i512-o128-c8,1789045560.0981052,8,64.41749843014048,False,1789045558.1249738,2.7458667755126953,True,512,4256.801336014178,llama3.2:1b-instruct-q8_0,agx,128,True,measure,etri-dev0005-jetagx,1789045555.838558,,i512-o128-c8-2,etri-dev0005-jetagx,False,workload,etri-dev0005-jetagx,1789045555.8413038,"{""cache_n"": 0, ""prompt_n"": 512, ""prompt_ms"": 172.153, ""prompt_per_token_ms"": 0.336236328125, ""prompt_per_second"": 2974.0986215749945, ""predicted_n"": 128, ""predicted_ms"": 1971.514, ""predicted_per_token_ms"": 15.523732283464566, ""predicted_per_second"": 64.41749843014048}",ok,limit,639,2283.669822034426,True
512,128,1,False,i512-o128-c8,1789045562.214356,8,65.36452301912041,False,1789045560.2712762,4.210948944091797,True,512,6371.5861910022795,llama3.2:1b-instruct-q8_0,agx,128,True,measure,etri-dev0005-jetagx,1789045555.838558,,i512-o128-c8-4,etri-dev0005-jetagx,False,workload,etri-dev0005-jetagx,1789045555.842769,"{""cache_n"": 0, ""prompt_n"": 512, ""prompt_ms"": 173.993, ""prompt_per_token_ms"": 0.339830078125, ""prompt_per_second"": 2942.647117987505, ""predicted_n"": 128, ""predicted_ms"": 1942.95, ""predicted_per_token_ms"": 15.298818897637796, ""predicted_per_second"": 65.36452301912041}",ok,limit,639,4428.50732000079,True
512,128,1,False,i512-o128-c8,1789045564.3360052,8,65.26750942267547,False,1789045562.3898966,6.228446960449219,True,512,8491.218560026027,llama3.2:1b-instruct-q8_0,agx,128,True,measure,etri-dev0005-jetagx,1789045555.838558,,i512-o128-c8-6,etri-dev0005-jetagx,False,workload,etri-dev0005-jetagx,1789045555.8447864,"{""cache_n"": 0, ""prompt_n"": 512, ""prompt_ms"": 175.103, ""prompt_per_token_ms"": 0.341998046875, ""prompt_per_second"": 2923.9933067965712, ""predicted_n"": 128, ""predicted_ms"": 1945.838, ""predicted_per_token_ms"": 15.32155905511811, ""predicted_per_second"": 65.26750942267547}",ok,limit,639,6545.1110120047815,True
512,128,1,False,i512-o128-c8,1789045566.4518335,8,65.40131430893211,False,1789045564.509553,1.6582012176513672,True,512,10611.617336980999,llama3.2:1b-instruct-q8_0,agx,128,True,measure,etri-dev0005-jetagx,1789045555.838558,,i512-o128-c8-1,etri-dev0005-jetagx,False,workload,etri-dev0005-jetagx,1789045555.8402162,"{""cache_n"": 0, ""prompt_n"": 512, ""prompt_ms"": 173.183, ""prompt_per_token_ms"": 0.338248046875, ""prompt_per_second"": 2956.410271215997, ""predicted_n"": 128, ""predicted_ms"": 1941.857, ""predicted_per_token_ms"": 15.290212598425196, ""predicted_per_second"": 65.40131430893211}",ok,limit,639,8669.337037950754,True
512,128,1,False,i512-o128-c8,1789045568.5380986,8,66.43788319487749,False,1789045566.6256711,5.06281852722168,True,512,12694.477261975408,llama3.2:1b-instruct-q8_0,agx,128,True,measure,etri-dev0005-jetagx,1789045555.838558,,i512-o128-c8-5,etri-dev0005-jetagx,False,workload,etri-dev0005-jetagx,1789045555.8436208,"{""cache_n"": 0, ""prompt_n"": 512, ""prompt_ms"": 173.468, ""prompt_per_token_ms"": 0.3388046875, ""prompt_per_second"": 2951.5530241888996, ""predicted_n"": 128, ""predicted_ms"": 1911.56, ""predicted_per_token_ms"": 15.051653543307086, ""predicted_per_second"": 66.43788319487749}",ok,limit,639,10782.050113019068,True
512,128,1,False,i512-o128-c8,1789045570.6588266,8,65.14962097797276,False,1789045568.708152,7.430791854858398,True,512,14812.837799952831,llama3.2:1b-instruct-q8_0,agx,128,True,measure,etri-dev0005-jetagx,1789045555.838558,,i512-o128-c8-7,etri-dev0005-jetagx,False,workload,etri-dev0005-jetagx,1789045555.8459888,"{""cache_n"": 0, ""prompt_n"": 512, ""prompt_ms"": 170.331, ""prompt_per_token_ms"": 0.332677734375, ""prompt_per_second"": 3005.912018364244, ""predicted_n"": 128, ""predicted_ms"": 1949.359, ""predicted_per_token_ms"": 15.349283464566929, ""predicted_per_second"": 65.14962097797276}",ok,limit,639,12862.163344980218,True
512,128,1,False,i512-o128-c8,1789045572.744044,8,66.46489946791446,False,1789045570.832936,3.396749496459961,True,512,16902.089131006505,llama3.2:1b-instruct-q8_0,agx,128,True,measure,etri-dev0005-jetagx,1789045555.838558,,i512-o128-c8-3,etri-dev0005-jetagx,False,workload,etri-dev0005-jetagx,1789045555.8419547,"{""cache_n"": 0, ""prompt_n"": 512, ""prompt_ms"": 174.846, ""prompt_per_token_ms"": 0.34149609375, ""prompt_per_second"": 2928.2911819544056, ""predicted_n"": 128, ""predicted_ms"": 1910.783, ""predicted_per_token_ms"": 15.045535433070865, ""predicted_per_second"": 66.46489946791446}",ok,limit,639,14990.98167696502,True
512,128,1,False,i512-o128-c2,1789045574.844609,2,66.66379714888913,False,1789045572.9390671,1.276254653930664,True,512,2077.7280449983664,llama3.2:1b-instruct-q8_0,agx,128,True,measure,etri-dev0005-jetagx,1789045572.7656043,,i512-o128-c2-1,etri-dev0005-jetagx,False,workload,etri-dev0005-jetagx,1789045572.7668805,"{""cache_n"": 0, ""prompt_n"": 512, ""prompt_ms"": 169.903, ""prompt_per_token_ms"": 0.331841796875, ""prompt_per_second"": 3013.4841644938583, ""predicted_n"": 128, ""predicted_ms"": 1905.082, ""predicted_per_token_ms"": 15.00064566929134, ""predicted_per_second"": 66.66379714888913}",ok,limit,639,172.18792595667765,True
512,128,1,False,i512-o128-c2,1789045576.958609,2,65.38525299974155,False,1789045575.0162842,0.46324729919433594,True,512,4192.540883028414,llama3.2:1b-instruct-q8_0,agx,128,True,measure,etri-dev0005-jetagx,1789045572.7656043,,i512-o128-c2-0,etri-dev0005-jetagx,False,workload,etri-dev0005-jetagx,1789045572.7660675,"{""cache_n"": 0, ""prompt_n"": 512, ""prompt_ms"": 171.618, ""prompt_per_token_ms"": 0.33519140625, ""prompt_per_second"": 2983.3700427694066, ""predicted_n"": 128, ""predicted_ms"": 1942.334, ""predicted_per_token_ms"": 15.293968503937009, ""predicted_per_second"": 65.38525299974155}",ok,limit,639,2250.216390006244,True
512,128,1,False,i512-o128-c1,1789045579.0962584,1,65.01348133882723,False,1789045577.1422026,0.41961669921875,True,512,2128.1398190185428,llama3.2:1b-instruct-q8_0,agx,128,True,measure,etri-dev0005-jetagx,1789045576.9676976,,i512-o128-c1-0,etri-dev0005-jetagx,False,workload,etri-dev0005-jetagx,1789045576.9681172,"{""cache_n"": 0, ""prompt_n"": 512, ""prompt_ms"": 171.347, ""prompt_per_token_ms"": 0.334662109375, ""prompt_per_second"": 2988.0884987773347, ""predicted_n"": 128, ""predicted_ms"": 1953.441, ""predicted_per_token_ms"": 15.381425196850394, ""predicted_per_second"": 65.01348133882723}",ok,limit,639,174.0845519816503,True
512,128,1,False,i512-o128-c4,1789045581.272406,4,65.15694100988128,False,1789045579.3219054,0.5173683166503906,True,512,2127.67596996855,llama3.2:1b-instruct-q8_0,agx,128,True,measure,etri-dev0005-jetagx,1789045579.144212,,i512-o128-c4-0,etri-dev0005-jetagx,False,workload,etri-dev0005-jetagx,1789045579.1447294,"{""cache_n"": 0, ""prompt_n"": 512, ""prompt_ms"": 172.521, ""prompt_per_token_ms"": 0.336955078125, ""prompt_per_second"": 2967.7546501585316, ""predicted_n"": 128, ""predicted_ms"": 1949.14, ""predicted_per_token_ms"": 15.347559055118111, ""predicted_per_second"": 65.15694100988128}",ok,limit,639,177.17537295538932,True
512,128,1,False,i512-o128-c4,1789045583.3864799,4,65.49656452468834,False,1789045581.4461167,3.023862838745117,True,512,4239.244405995123,llama3.2:1b-instruct-q8_0,agx,128,True,measure,etri-dev0005-jetagx,1789045579.144212,,i512-o128-c4-3,etri-dev0005-jetagx,False,workload,etri-dev0005-jetagx,1789045579.1472359,"{""cache_n"": 0, ""prompt_n"": 512, ""prompt_ms"": 173.86, ""prompt_per_token_ms"": 0.3395703125, ""prompt_per_second"": 2944.898193949154, ""predicted_n"": 128, ""predicted_ms"": 1939.033, ""predicted_per_token_ms"": 15.267976377952754, ""predicted_per_second"": 65.49656452468834}",ok,limit,639,2298.8803519983776,True
512,128,1,False,i512-o128-c4,1789045585.5048563,4,65.27730518836357,False,1789045583.5578637,1.554250717163086,True,512,6359.089649980888,llama3.2:1b-instruct-q8_0,agx,128,True,measure,etri-dev0005-jetagx,1789045579.144212,,i512-o128-c4-1,etri-dev0005-jetagx,False,workload,etri-dev0005-jetagx,1789045579.1457663,"{""cache_n"": 0, ""prompt_n"": 512, ""prompt_ms"": 172.476, ""prompt_per_token_ms"": 0.3368671875, ""prompt_per_second"": 2968.528954753125, ""predicted_n"": 128, ""predicted_ms"": 1945.546, ""predicted_per_token_ms"": 15.319259842519685, ""predicted_per_second"": 65.27730518836357}",ok,limit,639,4412.096806976479,True
512,128,1,False,i512-o128-c4,1789045587.5984082,4,66.13243462652619,False,1789045585.6777685,2.477884292602539,True,512,8451.718033989891,llama3.2:1b-instruct-q8_0,agx,128,True,measure,etri-dev0005-jetagx,1789045579.144212,,i512-o128-c4-2,etri-dev0005-jetagx,False,workload,etri-dev0005-jetagx,1789045579.14669,"{""cache_n"": 0, ""prompt_n"": 512, ""prompt_ms"": 173.659, ""prompt_per_token_ms"": 0.339177734375, ""prompt_per_second"": 2948.3067390690953, ""predicted_n"": 128, ""predicted_ms"": 1920.389, ""predicted_per_token_ms"": 15.121173228346455, ""predicted_per_second"": 66.13243462652619}",ok,limit,639,6531.079092004802,True
128,64,1,False,i128-o64-c1,1789045588.624798,1,64.59418447278841,False,1789045587.6493292,0.3056526184082031,True,128,1021.081013022922,llama3.2:1b-instruct-q8_0,agx,64,True,measure,etri-dev0005-jetagx,1789045587.603411,,i128-o64-c1-0,etri-dev0005-jetagx,False,workload,etri-dev0005-jetagx,1789045587.6037166,"{""cache_n"": 0, ""prompt_n"": 128, ""prompt_ms"": 43.704, ""prompt_per_token_ms"": 0.3414375, ""prompt_per_second"": 2928.793703093538, ""predicted_n"": 64, ""predicted_ms"": 975.32, ""predicted_per_token_ms"": 15.481269841269842, ""predicted_per_second"": 64.59418447278841}",ok,limit,191,45.61283299699426,True
512,256,1,False,i512-o256-c1,1789045592.639197,1,66.59568350283892,False,1789045588.8098898,0.4057884216308594,True,512,4005.177663988434,llama3.2:1b-instruct-q8_0,agx,256,True,measure,etri-dev0005-jetagx,1789045588.633612,,i512-o256-c1-0,etri-dev0005-jetagx,False,workload,etri-dev0005-jetagx,1789045588.6340177,"{""cache_n"": 0, ""prompt_n"": 512, ""prompt_ms"": 173.456, ""prompt_per_token_ms"": 0.33878125, ""prompt_per_second"": 2951.7572179688223, ""predicted_n"": 256, ""predicted_ms"": 3829.077, ""predicted_per_token_ms"": 15.015988235294119, ""predicted_per_second"": 66.59568350283892}",ok,limit,767,175.8709290297702,True
512,128,2,False,,1789045849.7488518,,60.442601658982845,False,1789045847.6476765,0.0040531158447265625,True,512,2721.543486986775,llama3.2:1b-instruct-q8_0,agx,128,True,warmup,etri-dev0005-jetagx,1789045847.0272973,,warmup,etri-dev0005-jetagx,False,workload,etri-dev0005-jetagx,1789045847.0273013,"{""cache_n"": 0, ""prompt_n"": 512, ""prompt_ms"": 615.197, ""prompt_per_token_ms"": 1.201556640625, ""prompt_per_second"": 832.2537333569572, ""predicted_n"": 128, ""predicted_ms"": 2101.167, ""predicted_per_token_ms"": 16.544622047244093, ""predicted_per_second"": 60.442601658982845}",ok,limit,639,620.3689189860597,True
128,64,2,False,i128-o64-c1,1789045850.773961,1,65.51764660613391,False,1789045849.812091,13.547182083129883,True,128,1008.2331259618513,llama3.2:1b-instruct-q8_0,agx,64,True,measure,etri-dev0005-jetagx,1789045849.7521803,,i128-o64-c1-0,etri-dev0005-jetagx,False,workload,etri-dev0005-jetagx,1789045849.7657275,"{""cache_n"": 0, ""prompt_n"": 128, ""prompt_ms"": 44.117, ""prompt_per_token_ms"": 0.3446640625, ""prompt_per_second"": 2901.3758868463406, ""predicted_n"": 64, ""predicted_ms"": 961.573, ""predicted_per_token_ms"": 15.263063492063491, ""predicted_per_second"": 65.51764660613391}",ok,limit,191,46.363907982595265,True
512,128,2,False,i512-o128-c4,1789045852.9428926,4,64.94701959661252,False,1789045850.9863374,0.4973411560058594,True,512,2134.4510359922424,llama3.2:1b-instruct-q8_0,agx,128,True,measure,etri-dev0005-jetagx,1789045850.8079433,,i512-o128-c4-0,etri-dev0005-jetagx,False,workload,etri-dev0005-jetagx,1789045850.8084407,"{""cache_n"": 0, ""prompt_n"": 512, ""prompt_ms"": 173.315, ""prompt_per_token_ms"": 0.338505859375, ""prompt_per_second"": 2954.1586129302136, ""predicted_n"": 128, ""predicted_ms"": 1955.44, ""predicted_per_token_ms"": 15.39716535433071, ""predicted_per_second"": 64.94701959661252}",ok,limit,639,177.89570498280227,True
512,128,2,False,i512-o128-c4,1789045855.0679605,4,65.1366227840726,False,1789045853.116634,1.5957355499267578,True,512,4258.420749974903,llama3.2:1b-instruct-q8_0,agx,128,True,measure,etri-dev0005-jetagx,1789045850.8079433,,i512-o128-c4-1,etri-dev0005-jetagx,False,workload,etri-dev0005-jetagx,1789045850.809539,"{""cache_n"": 0, ""prompt_n"": 512, ""prompt_ms"": 174.07, ""prompt_per_token_ms"": 0.33998046875, ""prompt_per_second"": 2941.345435744241, ""predicted_n"": 128, ""predicted_ms"": 1949.748, ""predicted_per_token_ms"": 15.352346456692914, ""predicted_per_second"": 65.1366227840726}",ok,limit,639,2307.094135961961,True
512,128,2,False,i512-o128-c4,1789045857.185845,4,65.31477090972676,False,1789045855.2409196,3.3054351806640625,True,512,6374.596054956783,llama3.2:1b-instruct-q8_0,agx,128,True,measure,etri-dev0005-jetagx,1789045850.8079433,,i512-o128-c4-2,etri-dev0005-jetagx,False,workload,etri-dev0005-jetagx,1789045850.8112488,"{""cache_n"": 0, ""prompt_n"": 512, ""prompt_ms"": 173.849, ""prompt_per_token_ms"": 0.339548828125, ""prompt_per_second"": 2945.084527377207, ""predicted_n"": 128, ""predicted_ms"": 1944.43, ""predicted_per_token_ms"": 15.310472440944883, ""predicted_per_second"": 65.31477090972676}",ok,limit,639,4429.671129968483,True
512,128,2,False,i512-o128-c4,1789045859.304686,4,65.21234577536966,False,1789045857.3564117,4.001855850219727,True,512,8492.741185997147,llama3.2:1b-instruct-q8_0,agx,128,True,measure,etri-dev0005-jetagx,1789045850.8079433,,i512-o128-c4-3,etri-dev0005-jetagx,False,workload,etri-dev0005-jetagx,1789045850.8119452,"{""cache_n"": 0, ""prompt_n"": 512, ""prompt_ms"": 170.549, ""prompt_per_token_ms"": 0.333103515625, ""prompt_per_second"": 3002.0697863956984, ""predicted_n"": 128, ""predicted_ms"": 1947.484, ""predicted_per_token_ms"": 15.33451968503937, ""predicted_per_second"": 65.21234577536966}",ok,limit,639,6544.4666420225985,True
512,256,2,False,i512-o256-c1,1789045863.3229663,1,66.61121826955025,False,1789045859.4947376,0.5347728729248047,True,512,4002.7216669986956,llama3.2:1b-instruct-q8_0,agx,256,True,measure,etri-dev0005-jetagx,1789045859.3197088,,i512-o256-c1-0,etri-dev0005-jetagx,False,workload,etri-dev0005-jetagx,1789045859.3202436,"{""cache_n"": 0, ""prompt_n"": 512, ""prompt_ms"": 171.023, ""prompt_per_token_ms"": 0.334029296875, ""prompt_per_second"": 2993.7493787385324, ""predicted_n"": 256, ""predicted_ms"": 3828.184, ""predicted_per_token_ms"": 15.012486274509804, ""predicted_per_second"": 66.61121826955025}",ok,limit,767,174.49354799464345,True
512,128,2,False,i512-o128-c2,1789045865.4679656,2,65.00233394206909,False,1789045863.5130198,1.0135173797607422,True,512,2129.0018969448283,llama3.2:1b-instruct-q8_0,agx,128,True,measure,etri-dev0005-jetagx,1789045863.3379505,,i512-o128-c2-1,etri-dev0005-jetagx,False,workload,etri-dev0005-jetagx,1789045863.338964,"{""cache_n"": 0, ""prompt_n"": 512, ""prompt_ms"": 171.824, ""prompt_per_token_ms"": 0.33559375, ""prompt_per_second"": 2979.793276841419, ""predicted_n"": 128, ""predicted_ms"": 1953.776, ""predicted_per_token_ms"": 15.384062992125985, ""predicted_per_second"": 65.00233394206909}",ok,limit,639,174.05635595787317,True
512,128,2,False,i512-o128-c2,1789045867.5923643,2,65.11828711216805,False,1789045865.6412942,0.4138946533203125,True,512,4253.999539010692,llama3.2:1b-instruct-q8_0,agx,128,True,measure,etri-dev0005-jetagx,1789045863.3379505,,i512-o128-c2-0,etri-dev0005-jetagx,False,workload,etri-dev0005-jetagx,1789045863.3383644,"{""cache_n"": 0, ""prompt_n"": 512, ""prompt_ms"": 173.839, ""prompt_per_token_ms"": 0.339529296875, ""prompt_per_second"": 2945.2539418657493, ""predicted_n"": 128, ""predicted_ms"": 1950.297, ""predicted_per_token_ms"": 15.356669291338584, ""predicted_per_second"": 65.11828711216805}",ok,limit,639,2302.930827019736,True
512,128,2,False,i512-o128-c8,1789045869.8200004,8,64.97626064178128,False,1789045867.8649495,0.522613525390625,True,512,2131.1470969812945,llama3.2:1b-instruct-q8_0,agx,128,True,measure,etri-dev0005-jetagx,1789045867.6883297,,i512-o128-c8-0,etri-dev0005-jetagx,False,workload,etri-dev0005-jetagx,1789045867.6888523,"{""cache_n"": 0, ""prompt_n"": 512, ""prompt_ms"": 170.706, ""prompt_per_token_ms"": 0.33341015625, ""prompt_per_second"": 2999.308753060818, ""predicted_n"": 128, ""predicted_ms"": 1954.56, ""predicted_per_token_ms"": 15.39023622047244, ""predicted_per_second"": 64.97626064178128}",ok,limit,639,176.09624797478318,True
512,128,2,False,i512-o128-c8,1789045871.9295604,8,65.65913499518156,False,1789045869.9945676,1.5177726745605469,True,512,4239.711557049304,llama3.2:1b-instruct-q8_0,agx,128,True,measure,etri-dev0005-jetagx,1789045867.6883297,,i512-o128-c8-1,etri-dev0005-jetagx,False,workload,etri-dev0005-jetagx,1789045867.6898475,"{""cache_n"": 0, ""prompt_n"": 512, ""prompt_ms"": 174.269, ""prompt_per_token_ms"": 0.340369140625, ""prompt_per_second"": 2937.986675771365, ""predicted_n"": 128, ""predicted_ms"": 1934.232, ""predicted_per_token_ms"": 15.230173228346457, ""predicted_per_second"": 65.65913499518156}",ok,limit,639,2304.719443025533,True
512,128,2,False,i512-o128-c8,1789045874.0060382,8,66.54785865234822,False,1789045872.0967028,2.682924270629883,True,512,6315.025807998609,llama3.2:1b-instruct-q8_0,agx,128,True,measure,etri-dev0005-jetagx,1789045867.6883297,,i512-o128-c8-2,etri-dev0005-jetagx,False,workload,etri-dev0005-jetagx,1789045867.6910126,"{""cache_n"": 0, ""prompt_n"": 512, ""prompt_ms"": 167.654, ""prompt_per_token_ms"": 0.32744921875, ""prompt_per_second"": 3053.908645185919, ""predicted_n"": 128, ""predicted_ms"": 1908.401, ""predicted_per_token_ms"": 15.026779527559055, ""predicted_per_second"": 66.54785865234822}",ok,limit,639,4405.690057959873,True
512,128,2,False,i512-o128-c8,1789045876.1228018,8,65.28270753604043,False,1789045874.177341,3.2885074615478516,True,512,8431.182602012996,llama3.2:1b-instruct-q8_0,agx,128,True,measure,etri-dev0005-jetagx,1789045867.6883297,,i512-o128-c8-3,etri-dev0005-jetagx,False,workload,etri-dev0005-jetagx,1789045867.6916182,"{""cache_n"": 0, ""prompt_n"": 512, ""prompt_ms"": 171.372, ""prompt_per_token_ms"": 0.3347109375, ""prompt_per_second"": 2987.652592022034, ""predicted_n"": 128, ""predicted_ms"": 1945.385, ""predicted_per_token_ms"": 15.317992125984253, ""predicted_per_second"": 65.28270753604043}",ok,limit,639,6485.722726967651,True
512,128,2,False,i512-o128-c8,1789045878.2114491,8,66.28309457501577,False,1789045876.294667,4.320621490478516,True,512,10518.798390985467,llama3.2:1b-instruct-q8_0,agx,128,True,measure,etri-dev0005-jetagx,1789045867.6883297,,i512-o128-c8-4,etri-dev0005-jetagx,False,workload,etri-dev0005-jetagx,1789045867.6926503,"{""cache_n"": 0, ""prompt_n"": 512, ""prompt_ms"": 171.474, ""prompt_per_token_ms"": 0.33491015625, ""prompt_per_second"": 2985.8754096831008, ""predicted_n"": 128, ""predicted_ms"": 1916.024, ""predicted_per_token_ms"": 15.086803149606299, ""predicted_per_second"": 66.28309457501577}",ok,limit,639,8602.01606497867,True
512,128,2,False,i512-o128-c8,1789045880.314546,8,65.74999779970479,False,1789045878.382584,5.529165267944336,True,512,12620.6872779876,llama3.2:1b-instruct-q8_0,agx,128,True,measure,etri-dev0005-jetagx,1789045867.6883297,,i512-o128-c8-5,etri-dev0005-jetagx,False,workload,etri-dev0005-jetagx,1789045867.6938589,"{""cache_n"": 0, ""prompt_n"": 512, ""prompt_ms"": 171.321, ""prompt_per_token_ms"": 0.334611328125, ""prompt_per_second"": 2988.5419767570816, ""predicted_n"": 128, ""predicted_ms"": 1931.559, ""predicted_per_token_ms"": 15.209125984251969, ""predicted_per_second"": 65.74999779970479}",ok,limit,639,10688.725186977535,True
512,128,2,False,i512-o128-c8,1789045882.4204354,8,65.63870595616989,False,1789045880.4848478,6.7844390869140625,True,512,14725.321264995728,llama3.2:1b-instruct-q8_0,agx,128,True,measure,etri-dev0005-jetagx,1789045867.6883297,,i512-o128-c8-6,etri-dev0005-jetagx,False,workload,etri-dev0005-jetagx,1789045867.6951141,"{""cache_n"": 0, ""prompt_n"": 512, ""prompt_ms"": 170.504, ""prompt_per_token_ms"": 0.333015625, ""prompt_per_second"": 3002.862102941867, ""predicted_n"": 128, ""predicted_ms"": 1934.834, ""predicted_per_token_ms"": 15.234913385826772, ""predicted_per_second"": 65.63870595616989}",ok,limit,639,12789.733710989822,True
512,128,2,False,i512-o128-c8,1789045884.5354552,8,65.34249500284265,False,1789045882.5909474,7.643699645996094,True,512,16839.482441020664,llama3.2:1b-instruct-q8_0,agx,128,True,measure,etri-dev0005-jetagx,1789045867.6883297,,i512-o128-c8-7,etri-dev0005-jetagx,False,workload,etri-dev0005-jetagx,1789045867.6959734,"{""cache_n"": 0, ""prompt_n"": 512, ""prompt_ms"": 170.855, ""prompt_per_token_ms"": 0.333701171875, ""prompt_per_second"": 2996.6931023382404, ""predicted_n"": 128, ""predicted_ms"": 1943.605, ""predicted_per_token_ms"": 15.303976377952756, ""predicted_per_second"": 65.34249500284265}",ok,limit,639,14894.974582013674,True
2048,128,2,False,i2048-o128-c1,1789045887.6174064,1,62.07333744874672,False,1789045885.5709763,0.5586147308349609,True,2048,3036.1968579818495,llama3.2:1b-instruct-q8_0,agx,128,True,measure,etri-dev0005-jetagx,1789045884.5806506,,i2048-o128-c1-0,etri-dev0005-jetagx,False,workload,etri-dev0005-jetagx,1789045884.5812092,"{""cache_n"": 0, ""prompt_n"": 2048, ""prompt_ms"": 985.842, ""prompt_per_token_ms"": 0.4813681640625, ""prompt_per_second"": 2077.4119990830172, ""predicted_n"": 128, ""predicted_ms"": 2045.967, ""predicted_per_token_ms"": 16.109976377952755, ""predicted_per_second"": 62.07333744874672}",ok,limit,2175,989.7668189951219,True
512,128,2,False,i512-o128-c1,1789045889.6979325,1,66.86107269377997,False,1789045887.7982817,0.37097930908203125,True,512,2071.2780689937063,llama3.2:1b-instruct-q8_0,agx,128,True,measure,etri-dev0005-jetagx,1789045887.626283,,i512-o128-c1-0,etri-dev0005-jetagx,False,workload,etri-dev0005-jetagx,1789045887.626654,"{""cache_n"": 0, ""prompt_n"": 512, ""prompt_ms"": 168.99, ""prompt_per_token_ms"": 0.33005859375, ""prompt_per_second"": 3029.7650748565, ""predicted_n"": 128, ""predicted_ms"": 1899.461, ""predicted_per_token_ms"": 14.956385826771653, ""predicted_per_second"": 66.86107269377997}",ok,limit,639,171.62744799861684,True
512,128,0,False,,1789044866.7786582,,28.239008744086764,False,1789044862.2802763,0.0045299530029296875,True,512,5405.709758982994,llama3.2:3b-instruct-q8_0,agx,128,True,warmup,etri-dev0005-jetagx,1789044861.3729374,,warmup,etri-dev0005-jetagx,False,workload,etri-dev0005-jetagx,1789044861.372942,"{""cache_n"": 0, ""prompt_n"": 512, ""prompt_ms"": 904.455, ""prompt_per_token_ms"": 1.766513671875, ""prompt_per_second"": 566.0867594297118, ""predicted_n"": 128, ""predicted_ms"": 4497.325, ""predicted_per_token_ms"": 35.41200787401575, ""predicted_per_second"": 28.239008744086764}",ok,limit,639,907.327851979062,True
128,64,0,False,i128-o64-c1,1789044869.1058428,1,28.76821358983012,False,1789044866.914878,22.321224212646484,True,128,2299.6476809494197,llama3.2:3b-instruct-q8_0,agx,64,True,measure,etri-dev0005-jetagx,1789044866.7838736,,i128-o64-c1-0,etri-dev0005-jetagx,False,workload,etri-dev0005-jetagx,1789044866.8061948,"{""cache_n"": 0, ""prompt_n"": 128, ""prompt_ms"": 105.868, ""prompt_per_token_ms"": 0.82709375, ""prompt_per_second"": 1209.0527827105452, ""predicted_n"": 64, ""predicted_ms"": 2189.917, ""predicted_per_token_ms"": 34.7605873015873, ""predicted_per_second"": 28.76821358983012}",ok,limit,191,108.68295299587771,True
512,128,0,False,i512-o128-c8,1789044874.0373719,8,28.808121803461013,False,1789044869.6279793,0.5865097045898438,True,512,4833.481801033486,llama3.2:3b-instruct-q8_0,agx,128,True,measure,etri-dev0005-jetagx,1789044869.203303,,i512-o128-c8-0,etri-dev0005-jetagx,False,workload,etri-dev0005-jetagx,1789044869.2038896,"{""cache_n"": 0, ""prompt_n"": 512, ""prompt_ms"": 420.289, ""prompt_per_token_ms"": 0.820876953125, ""prompt_per_second"": 1218.2093749776939, ""predicted_n"": 128, ""predicted_ms"": 4408.479, ""predicted_per_token_ms"": 34.71243307086614, ""predicted_per_second"": 28.808121803461013}",ok,limit,639,424.08847203478217,True
512,128,0,False,i512-o128-c8,1789044878.8661375,8,28.8000863549046,False,1789044874.4546463,1.6546249389648438,True,512,9661.179232003633,llama3.2:3b-instruct-q8_0,agx,128,True,measure,etri-dev0005-jetagx,1789044869.203303,,i512-o128-c8-1,etri-dev0005-jetagx,False,workload,etri-dev0005-jetagx,1789044869.2049577,"{""cache_n"": 0, ""prompt_n"": 512, ""prompt_ms"": 416.976, ""prompt_per_token_ms"": 0.81440625, ""prompt_per_second"": 1227.8884156402287, ""predicted_n"": 128, ""predicted_ms"": 4409.709, ""predicted_per_token_ms"": 34.72211811023622, ""predicted_per_second"": 28.8000863549046}",ok,limit,639,5249.687937030103,True
512,128,0,False,i512-o128-c8,1789044883.6922977,8,28.827104560220956,False,1789044879.2854962,3.1859874725341797,True,512,14485.808241995983,llama3.2:3b-instruct-q8_0,agx,128,True,measure,etri-dev0005-jetagx,1789044869.203303,,i512-o128-c8-2,etri-dev0005-jetagx,False,workload,etri-dev0005-jetagx,1789044869.206489,"{""cache_n"": 0, ""prompt_n"": 512, ""prompt_ms"": 420.262, ""prompt_per_token_ms"": 0.82082421875, ""prompt_per_second"": 1218.2876396152876, ""predicted_n"": 128, ""predicted_ms"": 4405.576, ""predicted_per_token_ms"": 34.689574803149604, ""predicted_per_second"": 28.827104560220956}",ok,limit,639,10079.007523949258,True
512,128,0,False,i512-o128-c8,1789044888.5152402,8,28.807932298183424,False,1789044884.1051714,4.0683746337890625,True,512,19307.869525975548,llama3.2:3b-instruct-q8_0,agx,128,True,measure,etri-dev0005-jetagx,1789044869.203303,,i512-o128-c8-3,etri-dev0005-jetagx,False,workload,etri-dev0005-jetagx,1789044869.2073715,"{""cache_n"": 0, ""prompt_n"": 512, ""prompt_ms"": 413.382, ""prompt_per_token_ms"": 0.80738671875, ""prompt_per_second"": 1238.5638465148459, ""predicted_n"": 128, ""predicted_ms"": 4408.508, ""predicted_per_token_ms"": 34.712661417322835, ""predicted_per_second"": 28.807932298183424}",ok,limit,639,14897.80046598753,True
512,128,0,False,i512-o128-c8,1789044893.346939,8,28.79166374782674,False,1789044888.9349701,5.052089691162109,True,512,24138.584122993052,llama3.2:3b-instruct-q8_0,agx,128,True,measure,etri-dev0005-jetagx,1789044869.203303,,i512-o128-c8-4,etri-dev0005-jetagx,False,workload,etri-dev0005-jetagx,1789044869.2083552,"{""cache_n"": 0, ""prompt_n"": 512, ""prompt_ms"": 420.429, ""prompt_per_token_ms"": 0.821150390625, ""prompt_per_second"": 1217.803719534095, ""predicted_n"": 128, ""predicted_ms"": 4410.999, ""predicted_per_token_ms"": 34.73227559055118, ""predicted_per_second"": 28.79166374782674}",ok,limit,639,19726.615227991715,True
512,128,0,False,i512-o128-c8,1789044898.172006,8,28.83032423445274,False,1789044893.7655663,5.857944488525391,True,512,28962.845120986458,llama3.2:3b-instruct-q8_0,agx,128,True,measure,etri-dev0005-jetagx,1789044869.203303,,i512-o128-c8-5,etri-dev0005-jetagx,False,workload,etri-dev0005-jetagx,1789044869.209161,"{""cache_n"": 0, ""prompt_n"": 512, ""prompt_ms"": 418.924, ""prompt_per_token_ms"": 0.8182109375, ""prompt_per_second"": 1222.1787245419218, ""predicted_n"": 128, ""predicted_ms"": 4405.084, ""predicted_per_token_ms"": 34.68570078740157, ""predicted_per_second"": 28.83032423445274}",ok,limit,639,24556.405070004985,True
512,128,0,False,i512-o128-c8,1789044903.0035973,8,28.792068442600744,False,1789044898.591288,6.719827651977539,True,512,33793.57411095407,llama3.2:3b-instruct-q8_0,agx,128,True,measure,etri-dev0005-jetagx,1789044869.203303,,i512-o128-c8-6,etri-dev0005-jetagx,False,workload,etri-dev0005-jetagx,1789044869.210023,"{""cache_n"": 0, ""prompt_n"": 512, ""prompt_ms"": 419.962, ""prompt_per_token_ms"": 0.82023828125, ""prompt_per_second"": 1219.1579238121544, ""predicted_n"": 128, ""predicted_ms"": 4410.937, ""predicted_per_token_ms"": 34.7317874015748, ""predicted_per_second"": 28.792068442600744}",ok,limit,639,29381.2648379826,True
512,128,0,False,i512-o128-c8,1789044907.8357053,8,28.7906194267765,False,1789044903.4235733,8.006811141967773,True,512,38624.39545599045,llama3.2:3b-instruct-q8_0,agx,128,True,measure,etri-dev0005-jetagx,1789044869.203303,,i512-o128-c8-7,etri-dev0005-jetagx,False,workload,etri-dev0005-jetagx,1789044869.21131,"{""cache_n"": 0, ""prompt_n"": 512, ""prompt_ms"": 420.473, ""prompt_per_token_ms"": 0.821236328125, ""prompt_per_second"": 1217.67628361393, ""predicted_n"": 128, ""predicted_ms"": 4411.159, ""predicted_per_token_ms"": 34.73353543307086, ""predicted_per_second"": 28.7906194267765}",ok,limit,639,34212.26353402017,True
2048,128,0,False,i2048-o128-c1,1789044914.652592,1,27.224627183382943,False,1789044909.986412,0.5266666412353516,True,2048,6770.531990972813,llama3.2:3b-instruct-q8_0,agx,128,True,measure,etri-dev0005-jetagx,1789044907.8815327,,i2048-o128-c1-0,etri-dev0005-jetagx,False,workload,etri-dev0005-jetagx,1789044907.8820593,"{""cache_n"": 0, ""prompt_n"": 2048, ""prompt_ms"": 2100.583, ""prompt_per_token_ms"": 1.02567529296875, ""prompt_per_second"": 974.96742570991, ""predicted_n"": 128, ""predicted_ms"": 4664.894, ""predicted_per_token_ms"": 36.73144881889764, ""predicted_per_second"": 27.224627183382943}",ok,limit,2175,2104.351786954794,True
512,128,0,False,i512-o128-c2,1789044919.507211,2,28.822786614243995,False,1789044915.0997725,1.4514923095703125,True,512,4826.255144027527,llama3.2:3b-instruct-q8_0,agx,128,True,measure,etri-dev0005-jetagx,1789044914.679504,,i512-o128-c2-1,etri-dev0005-jetagx,False,workload,etri-dev0005-jetagx,1789044914.6809554,"{""cache_n"": 0, ""prompt_n"": 512, ""prompt_ms"": 416.334, ""prompt_per_token_ms"": 0.81315234375, ""prompt_per_second"": 1229.7818578352958, ""predicted_n"": 128, ""predicted_ms"": 4406.236, ""predicted_per_token_ms"": 34.694771653543306, ""predicted_per_second"": 28.822786614243995}",ok,limit,639,418.8162700156681,True
512,128,0,False,i512-o128-c2,1789044924.3397062,2,28.777415303194996,False,1789044919.925671,0.5054473876953125,True,512,9659.695409005508,llama3.2:3b-instruct-q8_0,agx,128,True,measure,etri-dev0005-jetagx,1789044914.679504,,i512-o128-c2-0,etri-dev0005-jetagx,False,workload,etri-dev0005-jetagx,1789044914.6800094,"{""cache_n"": 0, ""prompt_n"": 512, ""prompt_ms"": 418.801, ""prompt_per_token_ms"": 0.817970703125, ""prompt_per_second"": 1222.5376730237035, ""predicted_n"": 128, ""predicted_ms"": 4413.183, ""predicted_per_token_ms"": 34.749472440944885, ""predicted_per_second"": 28.777415303194996}",ok,limit,639,5245.6606210325845,True
512,256,0,False,i512-o256-c1,1789044933.6079817,1,28.869991183897202,False,1789044924.7742324,0.4515647888183594,True,512,9257.09181901766,llama3.2:3b-instruct-q8_0,agx,256,True,measure,etri-dev0005-jetagx,1789044924.3504379,,i512-o256-c1-0,etri-dev0005-jetagx,False,workload,etri-dev0005-jetagx,1789044924.3508894,"{""cache_n"": 0, ""prompt_n"": 512, ""prompt_ms"": 421.077, ""prompt_per_token_ms"": 0.822416015625, ""prompt_per_second"": 1215.9296280727754, ""predicted_n"": 256, ""predicted_ms"": 8832.701, ""predicted_per_token_ms"": 34.6380431372549, ""predicted_per_second"": 28.869991183897202}",ok,limit,767,423.34227601531893,True
512,128,0,False,i512-o128-c4,1789044938.4968743,4,28.771104568013193,False,1789044934.0812175,3.0417442321777344,True,512,4836.562538985163,llama3.2:3b-instruct-q8_0,agx,128,True,measure,etri-dev0005-jetagx,1789044933.6572697,,i512-o128-c4-3,etri-dev0005-jetagx,False,workload,etri-dev0005-jetagx,1789044933.6603115,"{""cache_n"": 0, ""prompt_n"": 512, ""prompt_ms"": 418.834, ""prompt_per_token_ms"": 0.81803515625, ""prompt_per_second"": 1222.4413490786326, ""predicted_n"": 128, ""predicted_ms"": 4414.151, ""predicted_per_token_ms"": 34.757094488188976, ""predicted_per_second"": 28.771104568013193}",ok,limit,639,420.9057950065471,True
512,128,0,False,i512-o128-c4,1789044943.3184333,4,28.8599960686777,False,1789044938.9163847,0.5106925964355469,True,512,9660.652561986353,llama3.2:3b-instruct-q8_0,agx,128,True,measure,etri-dev0005-jetagx,1789044933.6572697,,i512-o128-c4-0,etri-dev0005-jetagx,False,workload,etri-dev0005-jetagx,1789044933.6577804,"{""cache_n"": 0, ""prompt_n"": 512, ""prompt_ms"": 420.222, ""prompt_per_token_ms"": 0.82074609375, ""prompt_per_second"": 1218.4036057131707, ""predicted_n"": 128, ""predicted_ms"": 4400.555, ""predicted_per_token_ms"": 34.650039370078744, ""predicted_per_second"": 28.8599960686777}",ok,limit,639,5258.603730006143,True
512,128,0,False,i512-o128-c4,1789044948.1347246,4,28.893002160377545,False,1789044943.7377508,2.492666244506836,True,512,14474.961656029336,llama3.2:3b-instruct-q8_0,agx,128,True,measure,etri-dev0005-jetagx,1789044933.6572697,,i512-o128-c4-2,etri-dev0005-jetagx,False,workload,etri-dev0005-jetagx,1789044933.6597624,"{""cache_n"": 0, ""prompt_n"": 512, ""prompt_ms"": 419.896, ""prompt_per_token_ms"": 0.820109375, ""prompt_per_second"": 1219.3495532227028, ""predicted_n"": 128, ""predicted_ms"": 4395.528, ""predicted_per_token_ms"": 34.61045669291339, ""predicted_per_second"": 28.893002160377545}",ok,limit,639,10077.988439006731,True
512,128,0,False,i512-o128-c4,1789044952.953731,4,28.862278524623953,False,1789044948.5527928,1.5184879302978516,True,512,19294.942301989067,llama3.2:3b-instruct-q8_0,agx,128,True,measure,etri-dev0005-jetagx,1789044933.6572697,,i512-o128-c4-1,etri-dev0005-jetagx,False,workload,etri-dev0005-jetagx,1789044933.6587882,"{""cache_n"": 0, ""prompt_n"": 512, ""prompt_ms"": 418.656, ""prompt_per_token_ms"": 0.8176875, ""prompt_per_second"": 1222.9610945501795, ""predicted_n"": 128, ""predicted_ms"": 4400.207, ""predicted_per_token_ms"": 34.647299212598426, ""predicted_per_second"": 28.862278524623953}",ok,limit,639,14894.003693014383,True
512,128,0,False,i512-o128-c1,1789044957.795074,1,28.844186204438962,False,1789044953.391761,0.5486011505126953,True,512,4823.480947990902,llama3.2:3b-instruct-q8_0,agx,128,True,measure,etri-dev0005-jetagx,1789044952.9710436,,i512-o128-c1-0,etri-dev0005-jetagx,False,workload,etri-dev0005-jetagx,1789044952.9715922,"{""cache_n"": 0, ""prompt_n"": 512, ""prompt_ms"": 416.962, ""prompt_per_token_ms"": 0.81437890625, ""prompt_per_second"": 1227.9296434687094, ""predicted_n"": 128, ""predicted_ms"": 4402.967, ""predicted_per_token_ms"": 34.66903149606299, ""predicted_per_second"": 28.844186204438962}",ok,limit,639,420.16831203363836,True
512,128,1,False,,1789045131.8654804,,27.945247558586555,False,1789045127.3198895,0.003814697265625,True,512,5411.690865003038,llama3.2:3b-instruct-q8_0,agx,128,True,warmup,etri-dev0005-jetagx,1789045126.4537795,,warmup,etri-dev0005-jetagx,False,workload,etri-dev0005-jetagx,1789045126.4537833,"{""cache_n"": 0, ""prompt_n"": 512, ""prompt_ms"": 863.323, ""prompt_per_token_ms"": 1.686177734375, ""prompt_per_second"": 593.0572914193182, ""predicted_n"": 128, ""predicted_ms"": 4544.601, ""predicted_per_token_ms"": 35.78425984251968, ""predicted_per_second"": 27.945247558586555}",ok,limit,639,866.1009959760122,True
2048,128,1,False,i2048-o128-c1,1789045138.6717591,1,27.296911515664235,False,1789045134.017917,22.083520889282227,True,2048,6740.654219000135,llama3.2:3b-instruct-q8_0,agx,128,True,measure,etri-dev0005-jetagx,1789045131.9090219,,i2048-o128-c1-0,etri-dev0005-jetagx,False,workload,etri-dev0005-jetagx,1789045131.9311054,"{""cache_n"": 0, ""prompt_n"": 2048, ""prompt_ms"": 2082.583, ""prompt_per_token_ms"": 1.01688623046875, ""prompt_per_second"": 983.3941792475978, ""predicted_n"": 128, ""predicted_ms"": 4652.541, ""predicted_per_token_ms"": 36.634181102362206, ""predicted_per_second"": 27.296911515664235}",ok,limit,2175,2086.81146701565,True
512,128,1,False,i512-o128-c8,1789045143.5984006,8,28.813272073745644,False,1789045139.1897957,0.5443096160888672,True,512,4828.518099035136,llama3.2:3b-instruct-q8_0,agx,128,True,measure,etri-dev0005-jetagx,1789045138.769337,,i512-o128-c8-0,etri-dev0005-jetagx,False,workload,etri-dev0005-jetagx,1789045138.7698812,"{""cache_n"": 0, ""prompt_n"": 512, ""prompt_ms"": 414.886, ""prompt_per_token_ms"": 0.81032421875, ""prompt_per_second"": 1234.073938383074, ""predicted_n"": 128, ""predicted_ms"": 4407.691, ""predicted_per_token_ms"": 34.70622834645669, ""predicted_per_second"": 28.813272073745644}",ok,limit,639,419.9141020071693,True
512,128,1,False,i512-o128-c8,1789045148.409004,8,28.88604931189791,False,1789045144.0108986,1.4798641204833984,True,512,9638.187382020988,llama3.2:3b-instruct-q8_0,agx,128,True,measure,etri-dev0005-jetagx,1789045138.769337,,i512-o128-c8-1,etri-dev0005-jetagx,False,workload,etri-dev0005-jetagx,1789045138.7708168,"{""cache_n"": 0, ""prompt_n"": 512, ""prompt_ms"": 412.9, ""prompt_per_token_ms"": 0.8064453125, ""prompt_per_second"": 1240.0096875756842, ""predicted_n"": 128, ""predicted_ms"": 4396.586, ""predicted_per_token_ms"": 34.61878740157481, ""predicted_per_second"": 28.88604931189791}",ok,limit,639,5240.081745025236,True
512,128,1,False,i512-o128-c8,1789045153.2252262,8,28.862540899015876,False,1789045148.822831,2.8076171875,True,512,14453.082140011247,llama3.2:3b-instruct-q8_0,agx,128,True,measure,etri-dev0005-jetagx,1789045138.769337,,i512-o128-c8-2,etri-dev0005-jetagx,False,workload,etri-dev0005-jetagx,1789045138.7721446,"{""cache_n"": 0, ""prompt_n"": 512, ""prompt_ms"": 414.57, ""prompt_per_token_ms"": 0.80970703125, ""prompt_per_second"": 1235.0145934341608, ""predicted_n"": 128, ""predicted_ms"": 4400.167, ""predicted_per_token_ms"": 34.646984251968505, ""predicted_per_second"": 28.862540899015876}",ok,limit,639,10050.686559989117,True
512,128,1,False,i512-o128-c8,1789045158.0419328,8,28.859655043042928,False,1789045153.639855,3.553152084350586,True,512,19269.042399013415,llama3.2:3b-instruct-q8_0,agx,128,True,measure,etri-dev0005-jetagx,1789045138.769337,,i512-o128-c8-3,etri-dev0005-jetagx,False,workload,etri-dev0005-jetagx,1789045138.77289,"{""cache_n"": 0, ""prompt_n"": 512, ""prompt_ms"": 415.586, ""prompt_per_token_ms"": 0.81169140625, ""prompt_per_second"": 1231.9953030179072, ""predicted_n"": 128, ""predicted_ms"": 4400.607, ""predicted_per_token_ms"": 34.65044881889764, ""predicted_per_second"": 28.859655043042928}",ok,limit,639,14866.965049994178,True
512,128,1,False,i512-o128-c8,1789045162.8436985,8,28.94860050612183,False,1789045158.4553115,4.563093185424805,True,512,24069.79824299924,llama3.2:3b-instruct-q8_0,agx,128,True,measure,etri-dev0005-jetagx,1789045138.769337,,i512-o128-c8-4,etri-dev0005-jetagx,False,workload,etri-dev0005-jetagx,1789045138.7739,"{""cache_n"": 0, ""prompt_n"": 512, ""prompt_ms"": 413.822, ""prompt_per_token_ms"": 0.80824609375, ""prompt_per_second"": 1237.2469322558975, ""predicted_n"": 128, ""predicted_ms"": 4387.086, ""predicted_per_token_ms"": 34.5439842519685, ""predicted_per_second"": 28.94860050612183}",ok,limit,639,19681.411103054415,True
512,128,1,False,i512-o128-c8,1789045167.6575518,8,28.87635508548993,False,1789045163.2578015,5.997419357299805,True,512,28882.21773301484,llama3.2:3b-instruct-q8_0,agx,128,True,measure,etri-dev0005-jetagx,1789045138.769337,,i512-o128-c8-5,etri-dev0005-jetagx,False,workload,etri-dev0005-jetagx,1789045138.7753344,"{""cache_n"": 0, ""prompt_n"": 512, ""prompt_ms"": 414.61, ""prompt_per_token_ms"": 0.80978515625, ""prompt_per_second"": 1234.8954439111453, ""predicted_n"": 128, ""predicted_ms"": 4398.062, ""predicted_per_token_ms"": 34.630409448818895, ""predicted_per_second"": 28.87635508548993}",ok,limit,639,24482.467749970965,True
512,128,1,False,i512-o128-c8,1789045172.4647274,8,28.91442718356859,False,1789045168.071179,6.982564926147461,True,512,33688.408241956495,llama3.2:3b-instruct-q8_0,agx,128,True,measure,etri-dev0005-jetagx,1789045138.769337,,i512-o128-c8-6,etri-dev0005-jetagx,False,workload,etri-dev0005-jetagx,1789045138.7763195,"{""cache_n"": 0, ""prompt_n"": 512, ""prompt_ms"": 414.226, ""prompt_per_token_ms"": 0.80903515625, ""prompt_per_second"": 1236.0402292468364, ""predicted_n"": 128, ""predicted_ms"": 4392.271, ""predicted_per_token_ms"": 34.584811023622045, ""predicted_per_second"": 28.91442718356859}",ok,limit,639,29294.85962400213,True
512,128,1,False,i512-o128-c8,1789045177.2719557,8,28.918924088507392,False,1789045172.8793063,7.938623428344727,True,512,38494.67970599653,llama3.2:3b-instruct-q8_0,agx,128,True,measure,etri-dev0005-jetagx,1789045138.769337,,i512-o128-c8-7,etri-dev0005-jetagx,False,workload,etri-dev0005-jetagx,1789045138.7772756,"{""cache_n"": 0, ""prompt_n"": 512, ""prompt_ms"": 415.255, ""prompt_per_token_ms"": 0.811044921875, ""prompt_per_second"": 1232.977327184501, ""predicted_n"": 128, ""predicted_ms"": 4391.588, ""predicted_per_token_ms"": 34.57943307086614, ""predicted_per_second"": 28.918924088507392}",ok,limit,639,34102.0304679987,True
512,128,1,False,i512-o128-c2,1789045182.0990186,2,28.96122912368566,False,1789045177.7123804,1.2638568878173828,True,512,4801.068619010039,llama3.2:3b-instruct-q8_0,agx,128,True,measure,etri-dev0005-jetagx,1789045177.2966864,,i512-o128-c2-1,etri-dev0005-jetagx,False,workload,etri-dev0005-jetagx,1789045177.2979503,"{""cache_n"": 0, ""prompt_n"": 512, ""prompt_ms"": 412.43, ""prompt_per_token_ms"": 0.80552734375, ""prompt_per_second"": 1241.4227868971705, ""predicted_n"": 128, ""predicted_ms"": 4385.173, ""predicted_per_token_ms"": 34.52892125984252, ""predicted_per_second"": 28.96122912368566}",ok,limit,639,414.4303980283439,True
512,128,1,False,i512-o128-c2,1789045186.8987434,2,28.96255005447012,False,1789045182.512986,0.5071163177490234,True,512,9601.549709041137,llama3.2:3b-instruct-q8_0,agx,128,True,measure,etri-dev0005-jetagx,1789045177.2966864,,i512-o128-c2-0,etri-dev0005-jetagx,False,workload,etri-dev0005-jetagx,1789045177.2971935,"{""cache_n"": 0, ""prompt_n"": 512, ""prompt_ms"": 414.475, ""prompt_per_token_ms"": 0.809521484375, ""prompt_per_second"": 1235.2976657216961, ""predicted_n"": 128, ""predicted_ms"": 4384.973, ""predicted_per_token_ms"": 34.52734645669291, ""predicted_per_second"": 28.96255005447012}",ok,limit,639,5215.792203031015,True
512,128,1,False,i512-o128-c1,1789045191.7227962,1,28.934005179414754,False,1789045187.3327355,0.4951953887939453,True,512,4808.382701012306,llama3.2:3b-instruct-q8_0,agx,128,True,measure,etri-dev0005-jetagx,1789045186.913918,,i512-o128-c1-0,etri-dev0005-jetagx,False,workload,etri-dev0005-jetagx,1789045186.9144132,"{""cache_n"": 0, ""prompt_n"": 512, ""prompt_ms"": 415.296, ""prompt_per_token_ms"": 0.811125, ""prompt_per_second"": 1232.8556017876406, ""predicted_n"": 128, ""predicted_ms"": 4389.299, ""predicted_per_token_ms"": 34.5614094488189, ""predicted_per_second"": 28.934005179414754}",ok,limit,639,418.32172602880746,True
512,128,1,False,i512-o128-c4,1789045196.5857747,4,28.908200983470657,False,1789045192.1913602,1.558542251586914,True,512,4812.186899012886,llama3.2:3b-instruct-q8_0,agx,128,True,measure,etri-dev0005-jetagx,1789045191.7720287,,i512-o128-c4-1,etri-dev0005-jetagx,False,workload,etri-dev0005-jetagx,1789045191.7735872,"{""cache_n"": 0, ""prompt_n"": 512, ""prompt_ms"": 414.073, ""prompt_per_token_ms"": 0.808736328125, ""prompt_per_second"": 1236.4969461906476, ""predicted_n"": 128, ""predicted_ms"": 4393.217, ""predicted_per_token_ms"": 34.59225984251968, ""predicted_per_second"": 28.908200983470657}",ok,limit,639,417.7721480373293,True
512,128,1,False,i512-o128-c4,1789045201.4029758,4,28.849801572427772,False,1789045196.9995291,2.460479736328125,True,512,9628.486615954898,llama3.2:3b-instruct-q8_0,agx,128,True,measure,etri-dev0005-jetagx,1789045191.7720287,,i512-o128-c4-2,etri-dev0005-jetagx,False,workload,etri-dev0005-jetagx,1789045191.7744892,"{""cache_n"": 0, ""prompt_n"": 512, ""prompt_ms"": 414.441, ""prompt_per_token_ms"": 0.809455078125, ""prompt_per_second"": 1235.3990073375946, ""predicted_n"": 128, ""predicted_ms"": 4402.11, ""predicted_per_token_ms"": 34.662283464566926, ""predicted_per_second"": 28.849801572427772}",ok,limit,639,5225.040404999163,True
512,128,1,False,i512-o128-c4,1789045206.1980295,4,28.98730675509241,False,1789045201.816171,0.5395412445068359,True,512,14425.46099703759,llama3.2:3b-instruct-q8_0,agx,128,True,measure,etri-dev0005-jetagx,1789045191.7720287,,i512-o128-c4-0,etri-dev0005-jetagx,False,workload,etri-dev0005-jetagx,1789045191.7725682,"{""cache_n"": 0, ""prompt_n"": 512, ""prompt_ms"": 413.607, ""prompt_per_token_ms"": 0.807826171875, ""prompt_per_second"": 1237.890074394292, ""predicted_n"": 128, ""predicted_ms"": 4381.228, ""predicted_per_token_ms"": 34.49785826771654, ""predicted_per_second"": 28.98730675509241}",ok,limit,639,10043.601823039353,True
512,128,1,False,i512-o128-c4,1789045211.005692,4,28.914539095416615,False,1789045206.612647,3.113269805908203,True,512,19230.549933970906,llama3.2:3b-instruct-q8_0,agx,128,True,measure,etri-dev0005-jetagx,1789045191.7720287,,i512-o128-c4-3,etri-dev0005-jetagx,False,workload,etri-dev0005-jetagx,1789045191.775142,"{""cache_n"": 0, ""prompt_n"": 512, ""prompt_ms"": 414.765, ""prompt_per_token_ms"": 0.810087890625, ""prompt_per_second"": 1234.4339565778212, ""predicted_n"": 128, ""predicted_ms"": 4392.254, ""predicted_per_token_ms"": 34.58467716535433, ""predicted_per_second"": 28.914539095416615}",ok,limit,639,14837.505495001096,True
128,64,1,False,i128-o64-c1,1789045213.3020744,1,28.900448048692212,False,1789045211.1211648,0.514984130859375,True,128,2286.439932999201,llama3.2:3b-instruct-q8_0,agx,64,True,measure,etri-dev0005-jetagx,1789045211.0151188,,i128-o64-c1-0,etri-dev0005-jetagx,False,workload,etri-dev0005-jetagx,1789045211.0156338,"{""cache_n"": 0, ""prompt_n"": 128, ""prompt_ms"": 103.13, ""prompt_per_token_ms"": 0.805703125, ""prompt_per_second"": 1241.1519441481626, ""predicted_n"": 64, ""predicted_ms"": 2179.897, ""predicted_per_token_ms"": 34.60153968253968, ""predicted_per_second"": 28.900448048692212}",ok,limit,191,105.53018999053165,True
512,256,1,False,i512-o256-c1,1789045222.5268898,1,29.00481741581181,False,1789045213.7345538,0.5116462707519531,True,512,9208.58346100431,llama3.2:3b-instruct-q8_0,agx,256,True,measure,etri-dev0005-jetagx,1789045213.3177936,,i512-o256-c1-0,etri-dev0005-jetagx,False,workload,etri-dev0005-jetagx,1789045213.3183053,"{""cache_n"": 0, ""prompt_n"": 512, ""prompt_ms"": 413.29, ""prompt_per_token_ms"": 0.80720703125, ""prompt_per_second"": 1238.839555759878, ""predicted_n"": 256, ""predicted_ms"": 8791.643, ""predicted_per_token_ms"": 34.47703137254902, ""predicted_per_second"": 29.00481741581181}",ok,limit,767,416.24743602005765,True
512,128,2,False,,1789045639.6228962,,27.803331057984614,False,1789045635.054064,0.0026226043701171875,True,512,5282.865626970306,llama3.2:3b-instruct-q8_0,agx,128,True,warmup,etri-dev0005-jetagx,1789045634.3400235,,warmup,etri-dev0005-jetagx,False,workload,etri-dev0005-jetagx,1789045634.3400261,"{""cache_n"": 0, ""prompt_n"": 512, ""prompt_ms"": 710.022, ""prompt_per_token_ms"": 1.38676171875, ""prompt_per_second"": 721.1044164828695, ""predicted_n"": 128, ""predicted_ms"": 4567.798, ""predicted_per_token_ms"": 35.96691338582677, ""predicted_per_second"": 27.803331057984614}",ok,limit,639,714.0344599611126,True
128,64,2,False,i128-o64-c1,1789045641.9441154,1,28.834297985535247,False,1789045639.758069,22.291183471679688,True,128,2293.2338470127434,llama3.2:3b-instruct-q8_0,agx,64,True,measure,etri-dev0005-jetagx,1789045639.6285899,,i128-o64-c1-0,etri-dev0005-jetagx,False,workload,etri-dev0005-jetagx,1789045639.650881,"{""cache_n"": 0, ""prompt_n"": 128, ""prompt_ms"": 104.264, ""prompt_per_token_ms"": 0.8145625, ""prompt_per_second"": 1227.6528811478554, ""predicted_n"": 64, ""predicted_ms"": 2184.898, ""predicted_per_token_ms"": 34.68092063492064, ""predicted_per_second"": 28.834297985535247}",ok,limit,191,107.18797298613936,True
512,128,2,False,i512-o128-c4,1789045646.8076591,4,28.890353374518394,False,1789045642.4100645,0.7681846618652344,True,512,4813.246102945413,llama3.2:3b-instruct-q8_0,agx,128,True,measure,etri-dev0005-jetagx,1789045641.993644,,i512-o128-c4-0,etri-dev0005-jetagx,False,workload,etri-dev0005-jetagx,1789045641.9944122,"{""cache_n"": 0, ""prompt_n"": 512, ""prompt_ms"": 410.073, ""prompt_per_token_ms"": 0.800923828125, ""prompt_per_second"": 1248.5581835429302, ""predicted_n"": 128, ""predicted_ms"": 4395.931, ""predicted_per_token_ms"": 34.613629921259836, ""predicted_per_second"": 28.890353374518394}",ok,limit,639,415.6514329952188,True
512,128,2,False,i512-o128-c4,1789045651.6207902,4,28.843092215680922,False,1789045647.2162418,1.9834041595458984,True,512,9625.162116019055,llama3.2:3b-instruct-q8_0,agx,128,True,measure,etri-dev0005-jetagx,1789045641.993644,,i512-o128-c4-1,etri-dev0005-jetagx,False,workload,etri-dev0005-jetagx,1789045641.9956274,"{""cache_n"": 0, ""prompt_n"": 512, ""prompt_ms"": 409.56, ""prompt_per_token_ms"": 0.799921875, ""prompt_per_second"": 1250.122082234593, ""predicted_n"": 128, ""predicted_ms"": 4403.134, ""predicted_per_token_ms"": 34.67034645669291, ""predicted_per_second"": 28.843092215680922}",ok,limit,639,5220.613903016783,True
512,128,2,False,i512-o128-c4,1789045656.425093,4,28.907233727958808,False,1789045652.030337,3.5784244537353516,True,512,14427.871335996315,llama3.2:3b-instruct-q8_0,agx,128,True,measure,etri-dev0005-jetagx,1789045641.993644,,i512-o128-c4-2,etri-dev0005-jetagx,False,workload,etri-dev0005-jetagx,1789045641.9972224,"{""cache_n"": 0, ""prompt_n"": 512, ""prompt_ms"": 410.292, ""prompt_per_token_ms"": 0.8013515625, ""prompt_per_second"": 1247.8917453910874, ""predicted_n"": 128, ""predicted_ms"": 4393.364, ""predicted_per_token_ms"": 34.59341732283464, ""predicted_per_second"": 28.907233727958808}",ok,limit,639,10033.115350990556,True
512,128,2,False,i512-o128-c4,1789045661.2441108,4,28.813435500784315,False,1789045656.8356624,4.179477691650391,True,512,19246.287732035853,llama3.2:3b-instruct-q8_0,agx,128,True,measure,etri-dev0005-jetagx,1789045641.993644,,i512-o128-c4-3,etri-dev0005-jetagx,False,workload,etri-dev0005-jetagx,1789045641.9978235,"{""cache_n"": 0, ""prompt_n"": 512, ""prompt_ms"": 411.345, ""prompt_per_token_ms"": 0.803408203125, ""prompt_per_second"": 1244.6972735781399, ""predicted_n"": 128, ""predicted_ms"": 4407.666, ""predicted_per_token_ms"": 34.70603149606299, ""predicted_per_second"": 28.813435500784315}",ok,limit,639,14837.83943002345,True
512,256,2,False,i512-o256-c1,1789045670.4937398,1,28.911315503403827,False,1789045661.6726127,0.5328655242919922,True,512,9234.321333002299,llama3.2:3b-instruct-q8_0,agx,256,True,measure,etri-dev0005-jetagx,1789045661.2588844,,i512-o256-c1-0,etri-dev0005-jetagx,False,workload,etri-dev0005-jetagx,1789045661.2594173,"{""cache_n"": 0, ""prompt_n"": 512, ""prompt_ms"": 409.975, ""prompt_per_token_ms"": 0.800732421875, ""prompt_per_second"": 1248.8566375998537, ""predicted_n"": 256, ""predicted_ms"": 8820.076, ""predicted_per_token_ms"": 34.58853333333333, ""predicted_per_second"": 28.911315503403827}",ok,limit,767,413.19375101011246,True
512,128,2,False,i512-o128-c2,1789045675.3273787,2,28.91144538104374,False,1789045670.933243,0.5137920379638672,True,512,4807.466258993372,llama3.2:3b-instruct-q8_0,agx,128,True,measure,etri-dev0005-jetagx,1789045670.519398,,i512-o128-c2-0,etri-dev0005-jetagx,False,workload,etri-dev0005-jetagx,1789045670.5199118,"{""cache_n"": 0, ""prompt_n"": 512, ""prompt_ms"": 409.96, ""prompt_per_token_ms"": 0.800703125, ""prompt_per_second"": 1248.902331934823, ""predicted_n"": 128, ""predicted_ms"": 4392.724, ""predicted_per_token_ms"": 34.588377952755906, ""predicted_per_second"": 28.91144538104374}",ok,limit,639,413.3303689886816,True
512,128,2,False,i512-o128-c2,1789045680.1441562,2,28.816240197656718,False,1789045675.7366874,1.3146400451660156,True,512,9623.442490003072,llama3.2:3b-instruct-q8_0,agx,128,True,measure,etri-dev0005-jetagx,1789045670.519398,,i512-o128-c2-1,etri-dev0005-jetagx,False,workload,etri-dev0005-jetagx,1789045670.5207126,"{""cache_n"": 0, ""prompt_n"": 512, ""prompt_ms"": 409.845, ""prompt_per_token_ms"": 0.800478515625, ""prompt_per_second"": 1249.2527662896948, ""predicted_n"": 128, ""predicted_ms"": 4407.237, ""predicted_per_token_ms"": 34.702653543307086, ""predicted_per_second"": 28.816240197656718}",ok,limit,639,5215.97370802192,True
512,128,2,False,i512-o128-c8,1789045685.0398314,8,28.944298861964864,False,1789045680.6508148,1.4476776123046875,True,512,4802.897270012181,llama3.2:3b-instruct-q8_0,agx,128,True,measure,etri-dev0005-jetagx,1789045680.2354858,,i512-o128-c8-1,etri-dev0005-jetagx,False,workload,etri-dev0005-jetagx,1789045680.2369335,"{""cache_n"": 0, ""prompt_n"": 512, ""prompt_ms"": 410.418, ""prompt_per_token_ms"": 0.80159765625, ""prompt_per_second"": 1247.5086375353908, ""predicted_n"": 128, ""predicted_ms"": 4387.738, ""predicted_per_token_ms"": 34.54911811023622, ""predicted_per_second"": 28.944298861964864}",ok,limit,639,413.88042899779975,True
512,128,2,False,i512-o128-c8,1789045689.8427267,8,28.92163080650131,False,1789045685.4499078,2.336740493774414,True,512,9604.904595005792,llama3.2:3b-instruct-q8_0,agx,128,True,measure,etri-dev0005-jetagx,1789045680.2354858,,i512-o128-c8-2,etri-dev0005-jetagx,False,workload,etri-dev0005-jetagx,1789045680.2378225,"{""cache_n"": 0, ""prompt_n"": 512, ""prompt_ms"": 410.823, ""prompt_per_token_ms"": 0.802388671875, ""prompt_per_second"": 1246.2788110694873, ""predicted_n"": 128, ""predicted_ms"": 4391.177, ""predicted_per_token_ms"": 34.5761968503937, ""predicted_per_second"": 28.92163080650131}",ok,limit,639,5212.085344013758,True
512,128,2,False,i512-o128-c8,1789045694.6436906,8,28.93312188612971,False,1789045690.253285,2.99835205078125,True,512,14405.206861963961,llama3.2:3b-instruct-q8_0,agx,128,True,measure,etri-dev0005-jetagx,1789045680.2354858,,i512-o128-c8-3,etri-dev0005-jetagx,False,workload,etri-dev0005-jetagx,1789045680.2384841,"{""cache_n"": 0, ""prompt_n"": 512, ""prompt_ms"": 410.823, ""prompt_per_token_ms"": 0.802388671875, ""prompt_per_second"": 1246.2788110694873, ""predicted_n"": 128, ""predicted_ms"": 4389.433, ""predicted_per_token_ms"": 34.56246456692914, ""predicted_per_second"": 28.93312188612971}",ok,limit,639,10014.800760953221,True
512,128,2,False,i512-o128-c8,1789045699.445073,8,28.93844883078413,False,1789045695.0548391,0.5199909210205078,True,512,19209.06682300847,llama3.2:3b-instruct-q8_0,agx,128,True,measure,etri-dev0005-jetagx,1789045680.2354858,,i512-o128-c8-0,etri-dev0005-jetagx,False,workload,etri-dev0005-jetagx,1789045680.2360058,"{""cache_n"": 0, ""prompt_n"": 512, ""prompt_ms"": 411.358, ""prompt_per_token_ms"": 0.80343359375, ""prompt_per_second"": 1244.657937854618, ""predicted_n"": 128, ""predicted_ms"": 4388.625, ""predicted_per_token_ms"": 34.556102362204726, ""predicted_per_second"": 28.93844883078413}",ok,limit,639,14818.83221300086,True
512,128,2,False,i512-o128-c8,1789045704.2442796,8,28.942135327955413,False,1789045699.855721,4.692792892456055,True,512,24004.100778955035,llama3.2:3b-instruct-q8_0,agx,128,True,measure,etri-dev0005-jetagx,1789045680.2354858,,i512-o128-c8-5,etri-dev0005-jetagx,False,workload,etri-dev0005-jetagx,1789045680.2401786,"{""cache_n"": 0, ""prompt_n"": 512, ""prompt_ms"": 411.376, ""prompt_per_token_ms"": 0.80346875, ""prompt_per_second"": 1244.6034771109641, ""predicted_n"": 128, ""predicted_ms"": 4388.066, ""predicted_per_token_ms"": 34.55170078740157, ""predicted_per_second"": 28.942135327955413}",ok,limit,639,19615.542122977786,True
512,128,2,False,i512-o128-c8,1789045709.0475855,8,28.922697827267726,False,1789045704.6550207,6.002664566040039,True,512,28806.097146007232,llama3.2:3b-instruct-q8_0,agx,128,True,measure,etri-dev0005-jetagx,1789045680.2354858,,i512-o128-c8-6,etri-dev0005-jetagx,False,workload,etri-dev0005-jetagx,1789045680.2414885,"{""cache_n"": 0, ""prompt_n"": 512, ""prompt_ms"": 410.601, ""prompt_per_token_ms"": 0.801955078125, ""prompt_per_second"": 1246.952637718856, ""predicted_n"": 128, ""predicted_ms"": 4391.015, ""predicted_per_token_ms"": 34.57492125984252, ""predicted_per_second"": 28.922697827267726}",ok,limit,639,24413.53188001085,True
512,128,2,False,i512-o128-c8,1789045713.8483055,8,28.92808023692781,False,1789045709.4577625,3.748655319213867,True,512,33609.070763981435,llama3.2:3b-instruct-q8_0,agx,128,True,measure,etri-dev0005-jetagx,1789045680.2354858,,i512-o128-c8-4,etri-dev0005-jetagx,False,workload,etri-dev0005-jetagx,1789045680.2392344,"{""cache_n"": 0, ""prompt_n"": 512, ""prompt_ms"": 410.913, ""prompt_per_token_ms"": 0.802564453125, ""prompt_per_second"": 1246.0058455196113, ""predicted_n"": 128, ""predicted_ms"": 4390.198, ""predicted_per_token_ms"": 34.56848818897638, ""predicted_per_second"": 28.92808023692781}",ok,limit,639,29218.528366007376,True
512,128,2,False,i512-o128-c8,1789045718.6496215,8,28.927454272414167,False,1789045714.2578738,7.493019104003906,True,512,38406.642454036046,llama3.2:3b-instruct-q8_0,agx,128,True,measure,etri-dev0005-jetagx,1789045680.2354858,,i512-o128-c8-7,etri-dev0005-jetagx,False,workload,etri-dev0005-jetagx,1789045680.2429788,"{""cache_n"": 0, ""prompt_n"": 512, ""prompt_ms"": 409.37, ""prompt_per_token_ms"": 0.79955078125, ""prompt_per_second"": 1250.7022986540294, ""predicted_n"": 128, ""predicted_ms"": 4390.293, ""predicted_per_token_ms"": 34.56923622047244, ""predicted_per_second"": 28.927454272414167}",ok,limit,639,34014.894726045895,True
2048,128,2,False,i2048-o128-c1,1789045725.4092999,1,27.353104674300983,False,1789045720.7649772,0.5464553833007812,True,2048,6712.442799005657,llama3.2:3b-instruct-q8_0,agx,128,True,measure,etri-dev0005-jetagx,1789045718.6963103,,i2048-o128-c1-0,etri-dev0005-jetagx,False,workload,etri-dev0005-jetagx,1789045718.6968567,"{""cache_n"": 0, ""prompt_n"": 2048, ""prompt_ms"": 2064.985, ""prompt_per_token_ms"": 1.00829345703125, ""prompt_per_second"": 991.7747586544211, ""predicted_n"": 128, ""predicted_ms"": 4642.983, ""predicted_per_token_ms"": 36.55892125984252, ""predicted_per_second"": 27.353104674300983}",ok,limit,2175,2068.1197569938377,True
512,128,2,False,i512-o128-c1,1789045730.232117,1,28.916454897274864,False,1789045725.8393052,0.5357265472412109,True,512,4806.645078002475,llama3.2:3b-instruct-q8_0,agx,128,True,measure,etri-dev0005-jetagx,1789045725.4249356,,i512-o128-c1-0,etri-dev0005-jetagx,False,workload,etri-dev0005-jetagx,1789045725.4254713,"{""cache_n"": 0, ""prompt_n"": 512, ""prompt_ms"": 410.797, ""prompt_per_token_ms"": 0.802337890625, ""prompt_per_second"": 1246.3576900512905, ""predicted_n"": 128, ""predicted_ms"": 4391.963, ""predicted_per_token_ms"": 34.58238582677165, ""predicted_per_second"": 28.916454897274864}",ok,limit,639,413.8332459842786,True
512,128,0,False,,1789044329.5169559,,110.16397082996842,False,1789044328.3628519,0.0030994415283203125,True,512,1751.686590956524,qwen2.5:0.5b-instruct-q8_0,agx,128,True,warmup,etri-dev0005-jetagx,1789044327.7652383,,warmup,etri-dev0005-jetagx,False,workload,etri-dev0005-jetagx,1789044327.7652414,"{""cache_n"": 0, ""prompt_n"": 512, ""prompt_ms"": 594.811, ""prompt_per_token_ms"": 1.161740234375, ""prompt_per_second"": 860.7776251616059, ""predicted_n"": 128, ""predicted_ms"": 1152.827, ""predicted_per_token_ms"": 9.077377952755905, ""predicted_per_second"": 110.16397082996842}",ok,limit,639,597.5836019497365,True
128,64,0,False,i128-o64-c1,1789044330.1272087,1,117.68090169722012,False,1789044329.5909808,22.545576095581055,True,128,572.9436980327591,qwen2.5:0.5b-instruct-q8_0,agx,64,True,measure,etri-dev0005-jetagx,1789044329.5317185,,i128-o64-c1-0,etri-dev0005-jetagx,False,workload,etri-dev0005-jetagx,1789044329.554264,"{""cache_n"": 0, ""prompt_n"": 128, ""prompt_ms"": 34.289, ""prompt_per_token_ms"": 0.2678828125, ""prompt_per_second"": 3732.975589839307, ""predicted_n"": 64, ""predicted_ms"": 535.346, ""predicted_per_token_ms"": 8.497555555555556, ""predicted_per_second"": 117.68090169722012}",ok,limit,191,36.71590401791036,True
512,128,0,False,i512-o128-c8,1789044331.7140124,8,119.88970147464332,False,1789044330.653469,0.6923675537109375,True,512,1232.8700280049816,qwen2.5:0.5b-instruct-q8_0,agx,128,True,measure,etri-dev0005-jetagx,1789044330.4804485,,i512-o128-c8-0,etri-dev0005-jetagx,False,workload,etri-dev0005-jetagx,1789044330.4811409,"{""cache_n"": 0, ""prompt_n"": 512, ""prompt_ms"": 167.473, ""prompt_per_token_ms"": 0.327095703125, ""prompt_per_second"": 3057.209221785004, ""predicted_n"": 128, ""predicted_ms"": 1059.307, ""predicted_per_token_ms"": 8.341, ""predicted_per_second"": 119.88970147464332}",ok,limit,639,172.32746101217344,True
512,128,0,False,i512-o128-c8,1789044332.8904662,8,122.48129749164089,False,1789044331.8518047,1.80816650390625,True,512,2408.2096109632403,qwen2.5:0.5b-instruct-q8_0,agx,128,True,measure,etri-dev0005-jetagx,1789044330.4804485,,i512-o128-c8-1,etri-dev0005-jetagx,False,workload,etri-dev0005-jetagx,1789044330.4822567,"{""cache_n"": 0, ""prompt_n"": 512, ""prompt_ms"": 138.391, ""prompt_per_token_ms"": 0.270294921875, ""prompt_per_second"": 3699.662550310353, ""predicted_n"": 128, ""predicted_ms"": 1036.893, ""predicted_per_token_ms"": 8.164511811023623, ""predicted_per_second"": 122.48129749164089}",ok,limit,639,1369.5483739720657,True
512,128,0,False,i512-o128-c8,1789044334.0648446,8,122.49819146370871,False,1789044333.0265415,3.195047378540039,True,512,3581.202175002545,qwen2.5:0.5b-instruct-q8_0,agx,128,True,measure,etri-dev0005-jetagx,1789044330.4804485,,i512-o128-c8-2,etri-dev0005-jetagx,False,workload,etri-dev0005-jetagx,1789044330.4836435,"{""cache_n"": 0, ""prompt_n"": 512, ""prompt_ms"": 137.09, ""prompt_per_token_ms"": 0.26775390625, ""prompt_per_second"": 3734.772777007805, ""predicted_n"": 128, ""predicted_ms"": 1036.75, ""predicted_per_token_ms"": 8.163385826771654, ""predicted_per_second"": 122.49819146370871}",ok,limit,639,2542.898474028334,True
512,128,0,False,i512-o128-c8,1789044335.241931,8,122.10012210012209,False,1789044334.2004697,3.943920135498047,True,512,4757.538759033196,qwen2.5:0.5b-instruct-q8_0,agx,128,True,measure,etri-dev0005-jetagx,1789044330.4804485,,i512-o128-c8-3,etri-dev0005-jetagx,False,workload,etri-dev0005-jetagx,1789044330.4843924,"{""cache_n"": 0, ""prompt_n"": 512, ""prompt_ms"": 136.373, ""prompt_per_token_ms"": 0.266353515625, ""prompt_per_second"": 3754.4088639246775, ""predicted_n"": 128, ""predicted_ms"": 1040.13, ""predicted_per_token_ms"": 8.190000000000001, ""predicted_per_second"": 122.10012210012209}",ok,limit,639,3716.077345015947,True
512,128,0,False,i512-o128-c8,1789044336.4285355,8,121.32502209166248,False,1789044335.3802588,5.769014358520508,True,512,5942.319163004868,qwen2.5:0.5b-instruct-q8_0,agx,128,True,measure,etri-dev0005-jetagx,1789044330.4804485,,i512-o128-c8-4,etri-dev0005-jetagx,False,workload,etri-dev0005-jetagx,1789044330.4862175,"{""cache_n"": 0, ""prompt_n"": 512, ""prompt_ms"": 139.231, ""prompt_per_token_ms"": 0.271935546875, ""prompt_per_second"": 3677.3419712564014, ""predicted_n"": 128, ""predicted_ms"": 1046.775, ""predicted_per_token_ms"": 8.24232283464567, ""predicted_per_second"": 121.32502209166248}",ok,limit,639,4894.0415200195275,True
512,128,0,False,i512-o128-c8,1789044337.6162183,8,120.9580256602451,False,1789044336.5650904,7.071971893310547,True,512,7128.697336011101,qwen2.5:0.5b-instruct-q8_0,agx,128,True,measure,etri-dev0005-jetagx,1789044330.4804485,,i512-o128-c8-5,etri-dev0005-jetagx,False,workload,etri-dev0005-jetagx,1789044330.4875205,"{""cache_n"": 0, ""prompt_n"": 512, ""prompt_ms"": 137.545, ""prompt_per_token_ms"": 0.268642578125, ""prompt_per_second"": 3722.4181177069327, ""predicted_n"": 128, ""predicted_ms"": 1049.951, ""predicted_per_token_ms"": 8.267330708661417, ""predicted_per_second"": 120.9580256602451}",ok,limit,639,6077.569566026796,True
512,128,0,False,i512-o128-c8,1789044338.7971067,8,121.71256284489219,False,1789044337.752364,7.81702995300293,True,512,8308.840983023401,qwen2.5:0.5b-instruct-q8_0,agx,128,True,measure,etri-dev0005-jetagx,1789044330.4804485,,i512-o128-c8-6,etri-dev0005-jetagx,False,workload,etri-dev0005-jetagx,1789044330.4882655,"{""cache_n"": 0, ""prompt_n"": 512, ""prompt_ms"": 136.543, ""prompt_per_token_ms"": 0.266685546875, ""prompt_per_second"": 3749.7345158667963, ""predicted_n"": 128, ""predicted_ms"": 1043.442, ""predicted_per_token_ms"": 8.21607874015748, ""predicted_per_second"": 121.71256284489219}",ok,limit,639,7264.098333020229,True
512,128,0,False,i512-o128-c8,1789044339.965643,8,122.98133879228453,False,1789044338.9320714,8.67152214050293,True,512,9476.523444987833,qwen2.5:0.5b-instruct-q8_0,agx,128,True,measure,etri-dev0005-jetagx,1789044330.4804485,,i512-o128-c8-7,etri-dev0005-jetagx,False,workload,etri-dev0005-jetagx,1789044330.48912,"{""cache_n"": 0, ""prompt_n"": 512, ""prompt_ms"": 135.671, ""prompt_per_token_ms"": 0.264982421875, ""prompt_per_second"": 3773.835233764032, ""predicted_n"": 128, ""predicted_ms"": 1032.677, ""predicted_per_token_ms"": 8.13131496062992, ""predicted_per_second"": 122.98133879228453}",ok,limit,639,8442.951317003462,True
2048,128,0,False,i2048-o128-c1,1789044341.9479225,1,114.99144355006655,False,1789044340.8423784,0.6844997406005859,True,2048,1854.577963007614,qwen2.5:0.5b-instruct-q8_0,agx,128,True,measure,etri-dev0005-jetagx,1789044340.0926592,,i2048-o128-c1-0,etri-dev0005-jetagx,False,workload,etri-dev0005-jetagx,1789044340.0933437,"{""cache_n"": 0, ""prompt_n"": 2048, ""prompt_ms"": 745.858, ""prompt_per_token_ms"": 0.3641884765625, ""prompt_per_second"": 2745.8309758694018, ""predicted_n"": 128, ""predicted_ms"": 1104.43, ""predicted_per_token_ms"": 8.696299212598426, ""predicted_per_second"": 114.99144355006655}",ok,limit,2175,749.0337130147964,True
512,128,0,False,i512-o128-c2,1789044343.2238536,2,121.69355263725261,False,1789044342.1792097,1.6560554504394531,True,512,1184.0551270288415,qwen2.5:0.5b-instruct-q8_0,agx,128,True,measure,etri-dev0005-jetagx,1789044342.0381422,,i512-o128-c2-1,etri-dev0005-jetagx,False,workload,etri-dev0005-jetagx,1789044342.0397983,"{""cache_n"": 0, ""prompt_n"": 512, ""prompt_ms"": 137.03, ""prompt_per_token_ms"": 0.26763671875, ""prompt_per_second"": 3736.408085820623, ""predicted_n"": 128, ""predicted_ms"": 1043.605, ""predicted_per_token_ms"": 8.21736220472441, ""predicted_per_second"": 121.69355263725261}",ok,limit,639,139.4110019900836,True
512,128,0,False,i512-o128-c2,1789044344.3969483,2,122.68433321064902,False,1789044343.3608966,0.5249977111816406,True,512,2358.279964013491,qwen2.5:0.5b-instruct-q8_0,agx,128,True,measure,etri-dev0005-jetagx,1789044342.0381422,,i512-o128-c2-0,etri-dev0005-jetagx,False,workload,etri-dev0005-jetagx,1789044342.0386672,"{""cache_n"": 0, ""prompt_n"": 512, ""prompt_ms"": 137.41, ""prompt_per_token_ms"": 0.26837890625, ""prompt_per_second"": 3726.0752492540573, ""predicted_n"": 128, ""predicted_ms"": 1035.177, ""predicted_per_token_ms"": 8.151, ""predicted_per_second"": 122.68433321064902}",ok,limit,639,1322.228170989547,True
512,256,0,False,i512-o256-c1,1789044346.657722,1,123.22465884890772,False,1789044344.5874808,0.5142688751220703,True,512,2211.2109099980444,qwen2.5:0.5b-instruct-q8_0,agx,256,True,measure,etri-dev0005-jetagx,1789044344.4459956,,i512-o256-c1-0,etri-dev0005-jetagx,False,workload,etri-dev0005-jetagx,1789044344.4465098,"{""cache_n"": 0, ""prompt_n"": 512, ""prompt_ms"": 137.862, ""prompt_per_token_ms"": 0.26926171875, ""prompt_per_second"": 3713.858786322555, ""predicted_n"": 256, ""predicted_ms"": 2069.391, ""predicted_per_token_ms"": 8.115258823529413, ""predicted_per_second"": 123.22465884890772}",ok,limit,767,140.96963399788365,True
512,128,0,False,i512-o128-c4,1789044348.0060968,4,122.83598301188029,False,1789044346.9711761,0.52642822265625,True,512,1183.891289983876,qwen2.5:0.5b-instruct-q8_0,agx,128,True,measure,etri-dev0005-jetagx,1789044346.821678,,i512-o128-c4-0,etri-dev0005-jetagx,False,workload,etri-dev0005-jetagx,1789044346.8222044,"{""cache_n"": 0, ""prompt_n"": 512, ""prompt_ms"": 143.938, ""prompt_per_token_ms"": 0.28112890625, ""prompt_per_second"": 3557.087079159083, ""predicted_n"": 128, ""predicted_ms"": 1033.899, ""predicted_per_token_ms"": 8.140937007874015, ""predicted_per_second"": 122.83598301188029}",ok,limit,639,148.9706679712981,True
512,128,0,False,i512-o128-c4,1789044349.179616,4,122.58391448082814,False,1789044348.142187,1.6036033630371094,True,512,2356.3341380213387,qwen2.5:0.5b-instruct-q8_0,agx,128,True,measure,etri-dev0005-jetagx,1789044346.821678,,i512-o128-c4-1,etri-dev0005-jetagx,False,workload,etri-dev0005-jetagx,1789044346.8232815,"{""cache_n"": 0, ""prompt_n"": 512, ""prompt_ms"": 136.748, ""prompt_per_token_ms"": 0.2670859375, ""prompt_per_second"": 3744.113259426098, ""predicted_n"": 128, ""predicted_ms"": 1036.025, ""predicted_per_token_ms"": 8.15767716535433, ""predicted_per_second"": 122.58391448082814}",ok,limit,639,1318.904318031855,True
512,128,0,False,i512-o128-c4,1789044350.3542993,4,122.53305739274741,False,1789044349.3164165,3.396749496459961,True,512,3529.224861005787,qwen2.5:0.5b-instruct-q8_0,agx,128,True,measure,etri-dev0005-jetagx,1789044346.821678,,i512-o128-c4-3,etri-dev0005-jetagx,False,workload,etri-dev0005-jetagx,1789044346.8250747,"{""cache_n"": 0, ""prompt_n"": 512, ""prompt_ms"": 137.557, ""prompt_per_token_ms"": 0.268666015625, ""prompt_per_second"": 3722.0933867414965, ""predicted_n"": 128, ""predicted_ms"": 1036.455, ""predicted_per_token_ms"": 8.161062992125984, ""predicted_per_second"": 122.53305739274741}",ok,limit,639,2491.3419170188718,True
512,128,0,False,i512-o128-c4,1789044351.5216746,4,123.10782306594702,False,1789044350.4893813,2.574920654296875,True,512,4697.421799995936,qwen2.5:0.5b-instruct-q8_0,agx,128,True,measure,etri-dev0005-jetagx,1789044346.821678,,i512-o128-c4-2,etri-dev0005-jetagx,False,workload,etri-dev0005-jetagx,1789044346.8242528,"{""cache_n"": 0, ""prompt_n"": 512, ""prompt_ms"": 135.892, ""prompt_per_token_ms"": 0.2654140625, ""prompt_per_second"": 3767.69787772643, ""predicted_n"": 128, ""predicted_ms"": 1031.616, ""predicted_per_token_ms"": 8.12296062992126, ""predicted_per_second"": 123.10782306594702}",ok,limit,639,3665.1287410059012,True
512,128,0,False,i512-o128-c1,1789044352.7494304,1,122.38816901517035,False,1789044351.710895,0.49185752868652344,True,512,1176.7568250070326,qwen2.5:0.5b-instruct-q8_0,agx,128,True,measure,etri-dev0005-jetagx,1789044351.572181,,i512-o128-c1-0,etri-dev0005-jetagx,False,workload,etri-dev0005-jetagx,1789044351.5726728,"{""cache_n"": 0, ""prompt_n"": 512, ""prompt_ms"": 135.448, ""prompt_per_token_ms"": 0.264546875, ""prompt_per_second"": 3780.048431870533, ""predicted_n"": 128, ""predicted_ms"": 1037.682, ""predicted_per_token_ms"": 8.17072440944882, ""predicted_per_second"": 122.38816901517035}",ok,limit,639,138.2210130104795,True
512,128,1,False,,1789045494.568202,,110.42105199092634,False,1789045493.4176693,0.003337860107421875,True,512,1714.3524260027334,qwen2.5:0.5b-instruct-q8_0,agx,128,True,warmup,etri-dev0005-jetagx,1789045492.8538396,,warmup,etri-dev0005-jetagx,False,workload,etri-dev0005-jetagx,1789045492.853843,"{""cache_n"": 0, ""prompt_n"": 512, ""prompt_ms"": 561.254, ""prompt_per_token_ms"": 1.09619921875, ""prompt_per_second"": 912.2429416984111, ""predicted_n"": 128, ""predicted_ms"": 1150.143, ""predicted_per_token_ms"": 9.05624409448819, ""predicted_per_second"": 110.42105199092634}",ok,limit,639,563.8205329887569,True
2048,128,1,False,i2048-o128-c1,1789045496.6045012,1,114.30453789015424,False,1789045495.4923768,21.729707717895508,True,2048,1899.6679689735174,qwen2.5:0.5b-instruct-q8_0,agx,128,True,measure,etri-dev0005-jetagx,1789045494.6831021,,i2048-o128-c1-0,etri-dev0005-jetagx,False,workload,etri-dev0005-jetagx,1789045494.7048318,"{""cache_n"": 0, ""prompt_n"": 2048, ""prompt_ms"": 782.953, ""prompt_per_token_ms"": 0.38230126953125, ""prompt_per_second"": 2615.7381094395196, ""predicted_n"": 128, ""predicted_ms"": 1111.067, ""predicted_per_token_ms"": 8.748559055118111, ""predicted_per_second"": 114.30453789015424}",ok,limit,2175,787.5432680011727,True
512,128,1,False,i512-o128-c8,1789045498.1508055,8,121.73274582106819,False,1789045497.1064205,0.6833076477050781,True,512,1211.4102079649456,qwen2.5:0.5b-instruct-q8_0,agx,128,True,measure,etri-dev0005-jetagx,1789045496.9387107,,i512-o128-c8-0,etri-dev0005-jetagx,False,workload,etri-dev0005-jetagx,1789045496.939394,"{""cache_n"": 0, ""prompt_n"": 512, ""prompt_ms"": 162.205, ""prompt_per_token_ms"": 0.316806640625, ""prompt_per_second"": 3156.499491384359, ""predicted_n"": 128, ""predicted_ms"": 1043.269, ""predicted_per_token_ms"": 8.214716535433071, ""predicted_per_second"": 121.73274582106819}",ok,limit,639,167.02514997450635,True
512,128,1,False,i512-o128-c8,1789045499.3253427,8,122.26927931405972,False,1789045498.2853289,1.775979995727539,True,512,2384.8559579928406,qwen2.5:0.5b-instruct-q8_0,agx,128,True,measure,etri-dev0005-jetagx,1789045496.9387107,,i512-o128-c8-1,etri-dev0005-jetagx,False,workload,etri-dev0005-jetagx,1789045496.9404867,"{""cache_n"": 0, ""prompt_n"": 512, ""prompt_ms"": 135.066, ""prompt_per_token_ms"": 0.26380078125, ""prompt_per_second"": 3790.739342247494, ""predicted_n"": 128, ""predicted_ms"": 1038.691, ""predicted_per_token_ms"": 8.178669291338583, ""predicted_per_second"": 122.26927931405972}",ok,limit,639,1344.8424250236712,True
512,128,1,False,i512-o128-c8,1789045500.505362,8,121.6436645201828,False,1789045499.4604087,4.410505294799805,True,512,3562.240373052191,qwen2.5:0.5b-instruct-q8_0,agx,128,True,measure,etri-dev0005-jetagx,1789045496.9387107,,i512-o128-c8-3,etri-dev0005-jetagx,False,workload,etri-dev0005-jetagx,1789045496.9431212,"{""cache_n"": 0, ""prompt_n"": 512, ""prompt_ms"": 135.692, ""prompt_per_token_ms"": 0.2650234375, ""prompt_per_second"": 3773.2511865106267, ""predicted_n"": 128, ""predicted_ms"": 1044.033, ""predicted_per_token_ms"": 8.220732283464566, ""predicted_per_second"": 121.6436645201828}",ok,limit,639,2517.2878090525046,True
512,128,1,False,i512-o128-c8,1789045501.6823332,8,122.51461734440402,False,1789045500.6438751,3.2198429107666016,True,512,4740.401745948475,qwen2.5:0.5b-instruct-q8_0,agx,128,True,measure,etri-dev0005-jetagx,1789045496.9387107,,i512-o128-c8-2,etri-dev0005-jetagx,False,workload,etri-dev0005-jetagx,1789045496.9419305,"{""cache_n"": 0, ""prompt_n"": 512, ""prompt_ms"": 138.629, ""prompt_per_token_ms"": 0.270759765625, ""prompt_per_second"": 3693.310923399866, ""predicted_n"": 128, ""predicted_ms"": 1036.611, ""predicted_per_token_ms"": 8.162291338582678, ""predicted_per_second"": 122.51461734440402}",ok,limit,639,3701.943327963818,True
512,128,1,False,i512-o128-c8,1789045502.849365,8,123.26470950778557,False,1789045501.8177438,7.105588912963867,True,512,5903.54844299145,qwen2.5:0.5b-instruct-q8_0,agx,128,True,measure,etri-dev0005-jetagx,1789045496.9387107,,i512-o128-c8-5,etri-dev0005-jetagx,False,workload,etri-dev0005-jetagx,1789045496.9458163,"{""cache_n"": 0, ""prompt_n"": 512, ""prompt_ms"": 136.577, ""prompt_per_token_ms"": 0.266751953125, ""prompt_per_second"": 3748.80104263529, ""predicted_n"": 128, ""predicted_ms"": 1030.303, ""predicted_per_token_ms"": 8.112622047244095, ""predicted_per_second"": 123.26470950778557}",ok,limit,639,4871.926702966448,True
512,128,1,False,i512-o128-c8,1789045504.0327506,8,121.63026697364742,False,1789045502.9865968,6.176948547363281,True,512,7087.862545042299,qwen2.5:0.5b-instruct-q8_0,agx,128,True,measure,etri-dev0005-jetagx,1789045496.9387107,,i512-o128-c8-4,etri-dev0005-jetagx,False,workload,etri-dev0005-jetagx,1789045496.9448876,"{""cache_n"": 0, ""prompt_n"": 512, ""prompt_ms"": 137.87, ""prompt_per_token_ms"": 0.26927734375, ""prompt_per_second"": 3713.6432871545658, ""predicted_n"": 128, ""predicted_ms"": 1044.148, ""predicted_per_token_ms"": 8.22163779527559, ""predicted_per_second"": 121.63026697364742}",ok,limit,639,6041.709422017448,True
512,128,1,False,i512-o128-c8,1789045505.198128,8,123.4645914245578,False,1789045504.1680152,8.097171783447266,True,512,8251.319940958638,qwen2.5:0.5b-instruct-q8_0,agx,128,True,measure,etri-dev0005-jetagx,1789045496.9387107,,i512-o128-c8-6,etri-dev0005-jetagx,False,workload,etri-dev0005-jetagx,1789045496.9468079,"{""cache_n"": 0, ""prompt_n"": 512, ""prompt_ms"": 136.302, ""prompt_per_token_ms"": 0.26621484375, ""prompt_per_second"": 3756.364543440302, ""predicted_n"": 128, ""predicted_ms"": 1028.635, ""predicted_per_token_ms"": 8.099488188976379, ""predicted_per_second"": 123.4645914245578}",ok,limit,639,7221.2073630071245,True
512,128,1,False,i512-o128-c8,1789045506.3673193,8,122.95228773546089,False,1789045505.3331006,9.063243865966797,True,512,9419.545195996761,qwen2.5:0.5b-instruct-q8_0,agx,128,True,measure,etri-dev0005-jetagx,1789045496.9387107,,i512-o128-c8-7,etri-dev0005-jetagx,False,workload,etri-dev0005-jetagx,1789045496.947774,"{""cache_n"": 0, ""prompt_n"": 512, ""prompt_ms"": 135.821, ""prompt_per_token_ms"": 0.265275390625, ""prompt_per_second"": 3769.6674299261526, ""predicted_n"": 128, ""predicted_ms"": 1032.921, ""predicted_per_token_ms"": 8.133236220472442, ""predicted_per_second"": 122.95228773546089}",ok,limit,639,8385.326141957194,True
512,128,1,False,i512-o128-c2,1789045507.648825,2,121.32339946254689,False,1789045506.6007168,1.6124248504638672,True,512,1187.789918971248,qwen2.5:0.5b-instruct-q8_0,agx,128,True,measure,etri-dev0005-jetagx,1789045506.4594219,,i512-o128-c2-1,etri-dev0005-jetagx,False,workload,etri-dev0005-jetagx,1789045506.4610343,"{""cache_n"": 0, ""prompt_n"": 512, ""prompt_ms"": 137.238, ""prompt_per_token_ms"": 0.26804296875, ""prompt_per_second"": 3730.7451289001588, ""predicted_n"": 128, ""predicted_ms"": 1046.789, ""predicted_per_token_ms"": 8.242433070866142, ""predicted_per_second"": 121.32339946254689}",ok,limit,639,139.68141202349216,True
512,128,1,False,i512-o128-c2,1789045508.8149579,2,123.62515684333384,False,1789045507.786978,0.5397796630859375,True,512,2354.995745001361,qwen2.5:0.5b-instruct-q8_0,agx,128,True,measure,etri-dev0005-jetagx,1789045506.4594219,,i512-o128-c2-0,etri-dev0005-jetagx,False,workload,etri-dev0005-jetagx,1789045506.4599617,"{""cache_n"": 0, ""prompt_n"": 512, ""prompt_ms"": 138.827, ""prompt_per_token_ms"": 0.271146484375, ""prompt_per_second"": 3688.0433921355357, ""predicted_n"": 128, ""predicted_ms"": 1027.299, ""predicted_per_token_ms"": 8.088968503937007, ""predicted_per_second"": 123.62515684333384}",ok,limit,639,1327.0158669911325,True
512,128,1,False,i512-o128-c1,1789045510.0321538,1,123.52175101321876,False,1789045509.0034006,0.5230903625488281,True,512,1167.6267149741761,qwen2.5:0.5b-instruct-q8_0,agx,128,True,measure,etri-dev0005-jetagx,1789045508.8640037,,i512-o128-c1-0,etri-dev0005-jetagx,False,workload,etri-dev0005-jetagx,1789045508.8645267,"{""cache_n"": 0, ""prompt_n"": 512, ""prompt_ms"": 136.039, ""prompt_per_token_ms"": 0.265701171875, ""prompt_per_second"": 3763.6266070759125, ""predicted_n"": 128, ""predicted_ms"": 1028.159, ""predicted_per_token_ms"": 8.095740157480316, ""predicted_per_second"": 123.52175101321876}",ok,limit,639,138.87317397166044,True
512,128,1,False,i512-o128-c4,1789045511.37803,4,123.13420173648312,False,1789045510.345365,1.356363296508789,True,512,1177.0241050398909,qwen2.5:0.5b-instruct-q8_0,agx,128,True,measure,etri-dev0005-jetagx,1789045510.19965,,i512-o128-c4-1,etri-dev0005-jetagx,False,workload,etri-dev0005-jetagx,1789045510.2010064,"{""cache_n"": 0, ""prompt_n"": 512, ""prompt_ms"": 140.989, ""prompt_per_token_ms"": 0.275369140625, ""prompt_per_second"": 3631.488981409897, ""predicted_n"": 128, ""predicted_ms"": 1031.395, ""predicted_per_token_ms"": 8.121220472440944, ""predicted_per_second"": 123.13420173648312}",ok,limit,639,144.35878000222147,True
512,128,1,False,i512-o128-c4,1789045512.554048,4,122.11749818746863,False,1789045511.5130124,2.15911865234375,True,512,2352.238543040585,qwen2.5:0.5b-instruct-q8_0,agx,128,True,measure,etri-dev0005-jetagx,1789045510.19965,,i512-o128-c4-2,etri-dev0005-jetagx,False,workload,etri-dev0005-jetagx,1789045510.2018092,"{""cache_n"": 0, ""prompt_n"": 512, ""prompt_ms"": 135.693, ""prompt_per_token_ms"": 0.265025390625, ""prompt_per_second"": 3773.2233792457973, ""predicted_n"": 128, ""predicted_ms"": 1039.982, ""predicted_per_token_ms"": 8.18883464566929, ""predicted_per_second"": 122.11749818746863}",ok,limit,639,1311.2028140458278,True
512,128,1,False,i512-o128-c4,1789045513.7368038,4,121.94442790779848,False,1789045512.694151,0.5829334259033203,True,512,3536.570242024027,qwen2.5:0.5b-instruct-q8_0,agx,128,True,measure,etri-dev0005-jetagx,1789045510.19965,,i512-o128-c4-0,etri-dev0005-jetagx,False,workload,etri-dev0005-jetagx,1789045510.200233,"{""cache_n"": 0, ""prompt_n"": 512, ""prompt_ms"": 140.373, ""prompt_per_token_ms"": 0.274166015625, ""prompt_per_second"": 3647.425074622613, ""predicted_n"": 128, ""predicted_ms"": 1041.458, ""predicted_per_token_ms"": 8.200456692913386, ""predicted_per_second"": 121.94442790779848}",ok,limit,639,2493.9167739939876,True
512,128,1,False,i512-o128-c4,1789045514.9072485,4,122.77542055415216,False,1789045513.8722022,6.6986083984375,True,512,4700.899358023889,qwen2.5:0.5b-instruct-q8_0,agx,128,True,measure,etri-dev0005-jetagx,1789045510.19965,,i512-o128-c4-3,etri-dev0005-jetagx,False,workload,etri-dev0005-jetagx,1789045510.2063487,"{""cache_n"": 0, ""prompt_n"": 512, ""prompt_ms"": 135.819, ""prompt_per_token_ms"": 0.265271484375, ""prompt_per_second"": 3769.722940089384, ""predicted_n"": 128, ""predicted_ms"": 1034.409, ""predicted_per_token_ms"": 8.144952755905512, ""predicted_per_second"": 122.77542055415216}",ok,limit,639,3665.8533940208144,True
128,64,1,False,i128-o64-c1,1789045515.497871,1,117.54718213282831,False,1789045514.9612057,0.5578994750976562,True,128,571.8394729774445,qwen2.5:0.5b-instruct-q8_0,agx,64,True,measure,etri-dev0005-jetagx,1789045514.9254723,,i128-o64-c1-0,etri-dev0005-jetagx,False,workload,etri-dev0005-jetagx,1789045514.9260302,"{""cache_n"": 0, ""prompt_n"": 128, ""prompt_ms"": 32.51, ""prompt_per_token_ms"": 0.253984375, ""prompt_per_second"": 3937.250076899416, ""predicted_n"": 64, ""predicted_ms"": 535.955, ""predicted_per_token_ms"": 8.507222222222223, ""predicted_per_second"": 117.54718213282831}",ok,limit,191,35.17432196531445,True
512,256,1,False,i512-o256-c1,1789045517.7490401,1,123.32638836495325,False,1789045515.6805954,0.49877166748046875,True,512,2209.960267005954,qwen2.5:0.5b-instruct-q8_0,agx,256,True,measure,etri-dev0005-jetagx,1789045515.5385807,,i512-o256-c1-0,etri-dev0005-jetagx,False,workload,etri-dev0005-jetagx,1789045515.5390794,"{""cache_n"": 0, ""prompt_n"": 512, ""prompt_ms"": 138.391, ""prompt_per_token_ms"": 0.270294921875, ""prompt_per_second"": 3699.662550310353, ""predicted_n"": 256, ""predicted_ms"": 2067.684, ""predicted_per_token_ms"": 8.108564705882353, ""predicted_per_second"": 123.32638836495325}",ok,limit,767,141.51518500875682,True
512,128,2,False,,1789046062.5168035,,111.70069140089377,False,1789046061.3794556,0.0035762786865234375,True,512,1738.2924659759738,qwen2.5:0.5b-instruct-q8_0,agx,128,True,warmup,etri-dev0005-jetagx,1789046060.7784991,,warmup,etri-dev0005-jetagx,False,workload,etri-dev0005-jetagx,1789046060.7785027,"{""cache_n"": 0, ""prompt_n"": 512, ""prompt_ms"": 597.164, ""prompt_per_token_ms"": 1.1663359375, ""prompt_per_second"": 857.3859107380887, ""predicted_n"": 128, ""predicted_ms"": 1136.967, ""predicted_per_token_ms"": 8.952496062992127, ""predicted_per_second"": 111.70069140089377}",ok,limit,639,600.9446459938772,True
128,64,2,False,i128-o64-c1,1789046063.1147866,1,118.58042293684181,False,1789046062.582638,20.079612731933594,True,128,566.1887309979647,qwen2.5:0.5b-instruct-q8_0,agx,64,True,measure,etri-dev0005-jetagx,1789046062.528519,,i128-o64-c1-0,etri-dev0005-jetagx,False,workload,etri-dev0005-jetagx,1789046062.5485985,"{""cache_n"": 0, ""prompt_n"": 128, ""prompt_ms"": 32.104, ""prompt_per_token_ms"": 0.2508125, ""prompt_per_second"": 3987.04211313232, ""predicted_n"": 64, ""predicted_ms"": 531.285, ""predicted_per_token_ms"": 8.433095238095238, ""predicted_per_second"": 118.58042293684181}",ok,limit,191,34.039935970213264,True
512,128,2,False,i512-o128-c4,1789046064.4866655,4,120.8617921614942,False,1789046063.434967,0.5800724029541016,True,512,1211.9222800247371,qwen2.5:0.5b-instruct-q8_0,agx,128,True,measure,etri-dev0005-jetagx,1789046063.2741628,,i512-o128-c4-0,etri-dev0005-jetagx,False,workload,etri-dev0005-jetagx,1789046063.2747428,"{""cache_n"": 0, ""prompt_n"": 512, ""prompt_ms"": 155.726, ""prompt_per_token_ms"": 0.30415234375, ""prompt_per_second"": 3287.8260534528595, ""predicted_n"": 128, ""predicted_ms"": 1050.787, ""predicted_per_token_ms"": 8.273913385826772, ""predicted_per_second"": 120.8617921614942}",ok,limit,639,160.22357501788065,True
512,128,2,False,i512-o128-c4,1789046065.6638331,4,121.81261000302133,False,1789046064.6199756,3.1461715698242188,True,512,2386.5241709863767,qwen2.5:0.5b-instruct-q8_0,agx,128,True,measure,etri-dev0005-jetagx,1789046063.2741628,,i512-o128-c4-2,etri-dev0005-jetagx,False,workload,etri-dev0005-jetagx,1789046063.277309,"{""cache_n"": 0, ""prompt_n"": 512, ""prompt_ms"": 133.752, ""prompt_per_token_ms"": 0.261234375, ""prompt_per_second"": 3827.980142353011, ""predicted_n"": 128, ""predicted_ms"": 1042.585, ""predicted_per_token_ms"": 8.209330708661417, ""predicted_per_second"": 121.81261000302133}",ok,limit,639,1342.666607000865,True
512,128,2,False,i512-o128-c4,1789046066.8382273,4,122.50327238072086,False,1789046065.7998822,1.8069744110107422,True,512,3562.257717945613,qwen2.5:0.5b-instruct-q8_0,agx,128,True,measure,etri-dev0005-jetagx,1789046063.2741628,,i512-o128-c4-1,etri-dev0005-jetagx,False,workload,etri-dev0005-jetagx,1789046063.2759697,"{""cache_n"": 0, ""prompt_n"": 512, ""prompt_ms"": 136.847, ""prompt_per_token_ms"": 0.267279296875, ""prompt_per_second"": 3741.404634372693, ""predicted_n"": 128, ""predicted_ms"": 1036.707, ""predicted_per_token_ms"": 8.16304724409449, ""predicted_per_second"": 122.50327238072086}",ok,limit,639,2523.912245989777,True
512,128,2,False,i512-o128-c4,1789046068.015688,4,122.09824390037554,False,1789046066.974844,3.8928985595703125,True,512,4737.63243999565,qwen2.5:0.5b-instruct-q8_0,agx,128,True,measure,etri-dev0005-jetagx,1789046063.2741628,,i512-o128-c4-3,etri-dev0005-jetagx,False,workload,etri-dev0005-jetagx,1789046063.2780557,"{""cache_n"": 0, ""prompt_n"": 512, ""prompt_ms"": 137.616, ""prompt_per_token_ms"": 0.26878125, ""prompt_per_second"": 3720.497616556214, ""predicted_n"": 128, ""predicted_ms"": 1040.146, ""predicted_per_token_ms"": 8.190125984251969, ""predicted_per_second"": 122.09824390037554}",ok,limit,639,3696.7883860343136,True
512,256,2,False,i512-o256-c1,1789046070.2824376,1,122.6636188365139,False,1789046068.2025924,0.6303787231445312,True,512,2220.7848919788375,qwen2.5:0.5b-instruct-q8_0,agx,256,True,measure,etri-dev0005-jetagx,1789046068.061021,,i512-o256-c1-0,etri-dev0005-jetagx,False,workload,etri-dev0005-jetagx,1789046068.0616515,"{""cache_n"": 0, ""prompt_n"": 512, ""prompt_ms"": 138.31, ""prompt_per_token_ms"": 0.27013671875, ""prompt_per_second"": 3701.8292242064927, ""predicted_n"": 256, ""predicted_ms"": 2078.856, ""predicted_per_token_ms"": 8.152376470588235, ""predicted_per_second"": 122.6636188365139}",ok,limit,767,140.9396940143779,True
512,128,2,False,i512-o128-c2,1789046071.560019,2,121.96269670086104,False,1789046070.517739,0.5249977111816406,True,512,1183.431625016965,qwen2.5:0.5b-instruct-q8_0,agx,128,True,measure,etri-dev0005-jetagx,1789046070.3760612,,i512-o128-c2-0,etri-dev0005-jetagx,False,workload,etri-dev0005-jetagx,1789046070.3765862,"{""cache_n"": 0, ""prompt_n"": 512, ""prompt_ms"": 137.695, ""prompt_per_token_ms"": 0.268935546875, ""prompt_per_second"": 3718.363048767203, ""predicted_n"": 128, ""predicted_ms"": 1041.302, ""predicted_per_token_ms"": 8.199228346456692, ""predicted_per_second"": 121.96269670086104}",ok,limit,639,141.15207898430526,True
512,128,2,False,i512-o128-c2,1789046072.7358541,2,122.30766637935601,False,1789046071.6966536,1.2807846069335938,True,512,2358.5109370178543,qwen2.5:0.5b-instruct-q8_0,agx,128,True,measure,etri-dev0005-jetagx,1789046070.3760612,,i512-o128-c2-1,etri-dev0005-jetagx,False,workload,etri-dev0005-jetagx,1789046070.377342,"{""cache_n"": 0, ""prompt_n"": 512, ""prompt_ms"": 136.971, ""prompt_per_token_ms"": 0.267521484375, ""prompt_per_second"": 3738.0175365588334, ""predicted_n"": 128, ""predicted_ms"": 1038.365, ""predicted_per_token_ms"": 8.176102362204725, ""predicted_per_second"": 122.30766637935601}",ok,limit,639,1319.3105949903838,True
512,128,2,False,i512-o128-c8,1789046074.2954576,8,121.74604924483897,False,1789046073.2505167,0.5383491516113281,True,512,1197.219310037326,qwen2.5:0.5b-instruct-q8_0,agx,128,True,measure,etri-dev0005-jetagx,1789046073.0976982,,i512-o128-c8-0,etri-dev0005-jetagx,False,workload,etri-dev0005-jetagx,1789046073.0982366,"{""cache_n"": 0, ""prompt_n"": 512, ""prompt_ms"": 147.517, ""prompt_per_token_ms"": 0.288119140625, ""prompt_per_second"": 3470.7864178365885, ""predicted_n"": 128, ""predicted_ms"": 1043.155, ""predicted_per_token_ms"": 8.213818897637795, ""predicted_per_second"": 121.74604924483897}",ok,limit,639,152.2785610286519,True
512,128,2,False,i512-o128-c8,1789046075.4773238,8,121.58985921426145,False,1789046074.4319718,3.1557083129882812,True,512,2376.4695979771204,qwen2.5:0.5b-instruct-q8_0,agx,128,True,measure,etri-dev0005-jetagx,1789046073.0976982,,i512-o128-c8-3,etri-dev0005-jetagx,False,workload,etri-dev0005-jetagx,1789046073.100854,"{""cache_n"": 0, ""prompt_n"": 512, ""prompt_ms"": 137.445, ""prompt_per_token_ms"": 0.268447265625, ""prompt_per_second"": 3725.1264142020445, ""predicted_n"": 128, ""predicted_ms"": 1044.495, ""predicted_per_token_ms"": 8.224370078740156, ""predicted_per_second"": 121.58985921426145}",ok,limit,639,1331.1172649846412,True
512,128,2,False,i512-o128-c8,1789046076.658379,8,121.98354854945232,False,1789046075.6162364,1.6300678253173828,True,512,3559.0496140066534,qwen2.5:0.5b-instruct-q8_0,agx,128,True,measure,etri-dev0005-jetagx,1789046073.0976982,,i512-o128-c8-1,etri-dev0005-jetagx,False,workload,etri-dev0005-jetagx,1789046073.0993283,"{""cache_n"": 0, ""prompt_n"": 512, ""prompt_ms"": 138.791, ""prompt_per_token_ms"": 0.271076171875, ""prompt_per_second"": 3689.0000072050784, ""predicted_n"": 128, ""predicted_ms"": 1041.124, ""predicted_per_token_ms"": 8.197826771653544, ""predicted_per_second"": 121.98354854945232}",ok,limit,639,2516.907076991629,True
512,128,2,False,i512-o128-c8,1789046077.845431,8,121.16123985155363,False,1789046076.7957277,2.562284469604492,True,512,4745.170910027809,qwen2.5:0.5b-instruct-q8_0,agx,128,True,measure,etri-dev0005-jetagx,1789046073.0976982,,i512-o128-c8-2,etri-dev0005-jetagx,False,workload,etri-dev0005-jetagx,1789046073.1002605,"{""cache_n"": 0, ""prompt_n"": 512, ""prompt_ms"": 137.767, ""prompt_per_token_ms"": 0.269076171875, ""prompt_per_second"": 3716.4197521902925, ""predicted_n"": 128, ""predicted_ms"": 1048.19, ""predicted_per_token_ms"": 8.253464566929134, ""predicted_per_second"": 121.16123985155363}",ok,limit,639,3695.4671790008433,True
512,128,2,False,i512-o128-c8,1789046079.025194,8,121.85351672127689,False,1789046077.9817245,4.0283203125,True,512,5923.467864980921,qwen2.5:0.5b-instruct-q8_0,agx,128,True,measure,etri-dev0005-jetagx,1789046073.0976982,,i512-o128-c8-4,etri-dev0005-jetagx,False,workload,etri-dev0005-jetagx,1789046073.1017265,"{""cache_n"": 0, ""prompt_n"": 512, ""prompt_ms"": 137.053, ""prompt_per_token_ms"": 0.267681640625, ""prompt_per_second"": 3735.781048207628, ""predicted_n"": 128, ""predicted_ms"": 1042.235, ""predicted_per_token_ms"": 8.206574803149605, ""predicted_per_second"": 121.85351672127689}",ok,limit,639,4879.998088988941,True
512,128,2,False,i512-o128-c8,1789046080.2021265,8,122.13699346807512,False,1789046079.1611292,5.960941314697266,True,512,7098.467278003227,qwen2.5:0.5b-instruct-q8_0,agx,128,True,measure,etri-dev0005-jetagx,1789046073.0976982,,i512-o128-c8-5,etri-dev0005-jetagx,False,workload,etri-dev0005-jetagx,1789046073.1036592,"{""cache_n"": 0, ""prompt_n"": 512, ""prompt_ms"": 136.58, ""prompt_per_token_ms"": 0.2667578125, ""prompt_per_second"": 3748.718699663201, ""predicted_n"": 128, ""predicted_ms"": 1039.816, ""predicted_per_token_ms"": 8.187527559055118, ""predicted_per_second"": 122.13699346807512}",ok,limit,639,6057.469787017908,True
512,128,2,False,i512-o128-c8,1789046081.3780117,8,122.13781569499783,False,1789046080.336613,7.587194442749023,True,512,8272.72632799577,qwen2.5:0.5b-instruct-q8_0,agx,128,True,measure,etri-dev0005-jetagx,1789046073.0976982,,i512-o128-c8-7,etri-dev0005-jetagx,False,workload,etri-dev0005-jetagx,1789046073.1052854,"{""cache_n"": 0, ""prompt_n"": 512, ""prompt_ms"": 135.028, ""prompt_per_token_ms"": 0.2637265625, ""prompt_per_second"": 3791.806143910893, ""predicted_n"": 128, ""predicted_ms"": 1039.809, ""predicted_per_token_ms"": 8.187472440944882, ""predicted_per_second"": 122.13781569499783}",ok,limit,639,7231.327171961311,True
512,128,2,False,i512-o128-c8,1789046082.5647297,8,121.50749662984128,False,1789046081.5187244,6.890058517456055,True,512,9460.141253017355,qwen2.5:0.5b-instruct-q8_0,agx,128,True,measure,etri-dev0005-jetagx,1789046073.0976982,,i512-o128-c8-6,etri-dev0005-jetagx,False,workload,etri-dev0005-jetagx,1789046073.1045883,"{""cache_n"": 0, ""prompt_n"": 512, ""prompt_ms"": 141.804, ""prompt_per_token_ms"": 0.2769609375, ""prompt_per_second"": 3610.6174720036106, ""predicted_n"": 128, ""predicted_ms"": 1045.203, ""predicted_per_token_ms"": 8.229944881889763, ""predicted_per_second"": 121.50749662984128}",ok,limit,639,8414.136005041655,True
2048,128,2,False,i2048-o128-c1,1789046084.546022,1,114.92370242543308,False,1789046083.4397414,0.5877017974853516,True,2048,1856.1421090271324,qwen2.5:0.5b-instruct-q8_0,agx,128,True,measure,etri-dev0005-jetagx,1789046082.689291,,i2048-o128-c1-0,etri-dev0005-jetagx,False,workload,etri-dev0005-jetagx,1789046082.6898787,"{""cache_n"": 0, ""prompt_n"": 2048, ""prompt_ms"": 746.041, ""prompt_per_token_ms"": 0.36427783203125, ""prompt_per_second"": 2745.157437727953, ""predicted_n"": 128, ""predicted_ms"": 1105.081, ""predicted_per_token_ms"": 8.701425196850392, ""predicted_per_second"": 114.92370242543308}",ok,limit,2175,749.8615290387534,True
512,128,2,False,i512-o128-c1,1789046085.7779882,1,121.76460887673586,False,1789046084.7342505,0.4813671112060547,True,512,1183.917950023897,qwen2.5:0.5b-instruct-q8_0,agx,128,True,measure,etri-dev0005-jetagx,1789046084.5935879,,i512-o128-c1-0,etri-dev0005-jetagx,False,workload,etri-dev0005-jetagx,1789046084.5940692,"{""cache_n"": 0, ""prompt_n"": 512, ""prompt_ms"": 137.149, ""prompt_per_token_ms"": 0.267869140625, ""prompt_per_second"": 3733.166118600938, ""predicted_n"": 128, ""predicted_ms"": 1042.996, ""predicted_per_token_ms"": 8.212566929133859, ""predicted_per_second"": 121.76460887673586}",ok,limit,639,140.18022402888164,True
512,128,0,False,,1789044462.4456835,,44.86335751715581,False,1789044459.6152196,0.003337860107421875,True,512,3528.1717839534394,qwen2.5:1.5b-instruct-q8_0,agx,128,True,warmup,etri-dev0005-jetagx,1789044458.9175022,,warmup,etri-dev0005-jetagx,False,workload,etri-dev0005-jetagx,1789044458.9175055,"{""cache_n"": 0, ""prompt_n"": 512, ""prompt_ms"": 693.555, ""prompt_per_token_ms"": 1.354599609375, ""prompt_per_second"": 738.2255192450491, ""predicted_n"": 128, ""predicted_ms"": 2830.818, ""predicted_per_token_ms"": 22.289905511811025, ""predicted_per_second"": 44.86335751715581}",ok,limit,639,697.7093089953996,True
128,64,0,False,i128-o64-c1,1789044463.886579,1,47.12577645326918,False,1789044462.5492406,22.075653076171875,True,128,1404.3379650101997,qwen2.5:1.5b-instruct-q8_0,agx,64,True,measure,etri-dev0005-jetagx,1789044462.4601643,,i128-o64-c1-0,etri-dev0005-jetagx,False,workload,etri-dev0005-jetagx,1789044462.48224,"{""cache_n"": 0, ""prompt_n"": 128, ""prompt_ms"": 64.267, ""prompt_per_token_ms"": 0.5020859375, ""prompt_per_second"": 1991.6909144662113, ""predicted_n"": 64, ""predicted_ms"": 1336.848, ""predicted_per_token_ms"": 21.219809523809523, ""predicted_per_second"": 47.12577645326918}",ok,limit,191,67.00029200874269,True
512,128,0,False,i512-o128-c8,1789044467.178321,8,47.498244995947694,False,1789044464.5038776,0.6062984466552734,True,512,2946.6754209715873,qwen2.5:1.5b-instruct-q8_0,agx,128,True,measure,etri-dev0005-jetagx,1789044464.231038,,i512-o128-c8-0,etri-dev0005-jetagx,False,workload,etri-dev0005-jetagx,1789044464.2316444,"{""cache_n"": 0, ""prompt_n"": 512, ""prompt_ms"": 266.113, ""prompt_per_token_ms"": 0.519751953125, ""prompt_per_second"": 1923.994693983383, ""predicted_n"": 128, ""predicted_ms"": 2673.783, ""predicted_per_token_ms"": 21.053409448818897, ""predicted_per_second"": 47.498244995947694}",ok,limit,639,272.23213599063456,True
512,128,0,False,i512-o128-c8,1789044470.1085472,8,47.38123538923125,False,1789044467.427664,1.832723617553711,True,512,5875.675297982525,qwen2.5:1.5b-instruct-q8_0,agx,128,True,measure,etri-dev0005-jetagx,1789044464.231038,,i512-o128-c8-1,etri-dev0005-jetagx,False,workload,etri-dev0005-jetagx,1789044464.2328708,"{""cache_n"": 0, ""prompt_n"": 512, ""prompt_ms"": 249.536, ""prompt_per_token_ms"": 0.487375, ""prompt_per_second"": 2051.80815593742, ""predicted_n"": 128, ""predicted_ms"": 2680.386, ""predicted_per_token_ms"": 21.10540157480315, ""predicted_per_second"": 47.38123538923125}",ok,limit,639,3194.792005990166,True
512,128,0,False,i512-o128-c8,1789044473.0409675,8,47.37793001720155,False,1789044470.3599157,4.597902297973633,True,512,8805.331757990643,qwen2.5:1.5b-instruct-q8_0,agx,128,True,measure,etri-dev0005-jetagx,1789044464.231038,,i512-o128-c8-4,etri-dev0005-jetagx,False,workload,etri-dev0005-jetagx,1789044464.235636,"{""cache_n"": 0, ""prompt_n"": 512, ""prompt_ms"": 250.698, ""prompt_per_token_ms"": 0.48964453125, ""prompt_per_second"": 2042.2979042513302, ""predicted_n"": 128, ""predicted_ms"": 2680.573, ""predicted_per_token_ms"": 21.10687401574803, ""predicted_per_second"": 47.37793001720155}",ok,limit,639,6124.28014096804,True
512,128,0,False,i512-o128-c8,1789044475.98884,8,47.108939236516186,False,1789044473.2917497,3.876924514770508,True,512,11753.92547796946,qwen2.5:1.5b-instruct-q8_0,agx,128,True,measure,etri-dev0005-jetagx,1789044464.231038,,i512-o128-c8-3,etri-dev0005-jetagx,False,workload,etri-dev0005-jetagx,1789044464.234915,"{""cache_n"": 0, ""prompt_n"": 512, ""prompt_ms"": 251.069, ""prompt_per_token_ms"": 0.490369140625, ""prompt_per_second"": 2039.2800385551384, ""predicted_n"": 128, ""predicted_ms"": 2695.879, ""predicted_per_token_ms"": 21.227393700787403, ""predicted_per_second"": 47.108939236516186}",ok,limit,639,9056.834729970433,True
512,128,0,False,i512-o128-c8,1789044478.9239776,8,47.310526927512825,False,1789044476.2385898,3.2396316528320312,True,512,14689.700061047915,qwen2.5:1.5b-instruct-q8_0,agx,128,True,measure,etri-dev0005-jetagx,1789044464.231038,,i512-o128-c8-2,etri-dev0005-jetagx,False,workload,etri-dev0005-jetagx,1789044464.2342777,"{""cache_n"": 0, ""prompt_n"": 512, ""prompt_ms"": 250.242, ""prompt_per_token_ms"": 0.48875390625, ""prompt_per_second"": 2046.019453169332, ""predicted_n"": 128, ""predicted_ms"": 2684.392, ""predicted_per_token_ms"": 21.13694488188976, ""predicted_per_second"": 47.310526927512825}",ok,limit,639,12004.312475037295,True
512,128,0,False,i512-o128-c8,1789044481.8737102,8,47.04473843495862,False,1789044479.1732175,6.143808364868164,True,512,17636.527541966643,qwen2.5:1.5b-instruct-q8_0,agx,128,True,measure,etri-dev0005-jetagx,1789044464.231038,,i512-o128-c8-5,etri-dev0005-jetagx,False,workload,etri-dev0005-jetagx,1789044464.237182,"{""cache_n"": 0, ""prompt_n"": 512, ""prompt_ms"": 249.854, ""prompt_per_token_ms"": 0.48799609375, ""prompt_per_second"": 2049.19673089084, ""predicted_n"": 128, ""predicted_ms"": 2699.558, ""predicted_per_token_ms"": 21.25636220472441, ""predicted_per_second"": 47.04473843495862}",ok,limit,639,14936.035390011966,True
512,128,0,False,i512-o128-c8,1789044484.8111393,8,47.26003438446595,False,1789044482.122633,7.43865966796875,True,512,20572.662457998376,qwen2.5:1.5b-instruct-q8_0,agx,128,True,measure,etri-dev0005-jetagx,1789044464.231038,,i512-o128-c8-6,etri-dev0005-jetagx,False,workload,etri-dev0005-jetagx,1789044464.2384768,"{""cache_n"": 0, ""prompt_n"": 512, ""prompt_ms"": 249.462, ""prompt_per_token_ms"": 0.48723046875, ""prompt_per_second"": 2052.4168009556565, ""predicted_n"": 128, ""predicted_ms"": 2687.26, ""predicted_per_token_ms"": 21.15952755905512, ""predicted_per_second"": 47.26003438446595}",ok,limit,639,17884.155836945865,True
512,128,0,False,i512-o128-c8,1789044487.7557375,8,47.13457068385582,False,1789044485.0611331,8.511543273925781,True,512,23516.187882050872,qwen2.5:1.5b-instruct-q8_0,agx,128,True,measure,etri-dev0005-jetagx,1789044464.231038,,i512-o128-c8-7,etri-dev0005-jetagx,False,workload,etri-dev0005-jetagx,1789044464.2395496,"{""cache_n"": 0, ""prompt_n"": 512, ""prompt_ms"": 250.548, ""prompt_per_token_ms"": 0.4893515625, ""prompt_per_second"": 2043.5206028385778, ""predicted_n"": 128, ""predicted_ms"": 2694.413, ""predicted_per_token_ms"": 21.215850393700787, ""predicted_per_second"": 47.13457068385582}",ok,limit,639,20821.583561017178,True
2048,128,0,False,i2048-o128-c1,1789044491.8783767,1,45.36127397316541,False,1789044489.078036,0.42557716369628906,True,2048,4000.087354972493,qwen2.5:1.5b-instruct-q8_0,agx,128,True,measure,etri-dev0005-jetagx,1789044487.8778634,,i2048-o128-c1-0,etri-dev0005-jetagx,False,workload,etri-dev0005-jetagx,1789044487.878289,"{""cache_n"": 0, ""prompt_n"": 2048, ""prompt_ms"": 1196.799, ""prompt_per_token_ms"": 0.58437451171875, ""prompt_per_second"": 1711.2313763631153, ""predicted_n"": 128, ""predicted_ms"": 2799.745, ""predicted_per_token_ms"": 22.04523622047244, ""predicted_per_second"": 45.36127397316541}",ok,limit,2175,1199.7465269523673,True
512,128,0,False,i512-o128-c2,1789044494.912758,2,47.150565119942506,False,1789044492.218535,0.5500316619873047,True,512,2949.644732987508,qwen2.5:1.5b-instruct-q8_0,agx,128,True,measure,etri-dev0005-jetagx,1789044491.9625618,,i512-o128-c2-0,etri-dev0005-jetagx,False,workload,etri-dev0005-jetagx,1789044491.9631119,"{""cache_n"": 0, ""prompt_n"": 512, ""prompt_ms"": 251.669, ""prompt_per_token_ms"": 0.491541015625, ""prompt_per_second"": 2034.4182239369966, ""predicted_n"": 128, ""predicted_ms"": 2693.499, ""predicted_per_token_ms"": 21.208653543307086, ""predicted_per_second"": 47.150565119942506}",ok,limit,639,255.42133097769693,True
512,128,0,False,i512-o128-c2,1789044497.8453844,2,47.35190969878966,False,1789044495.1626415,1.6460418701171875,True,512,5881.17497501662,qwen2.5:1.5b-instruct-q8_0,agx,128,True,measure,etri-dev0005-jetagx,1789044491.9625618,,i512-o128-c2-1,etri-dev0005-jetagx,False,workload,etri-dev0005-jetagx,1789044491.964208,"{""cache_n"": 0, ""prompt_n"": 512, ""prompt_ms"": 250.09, ""prompt_per_token_ms"": 0.48845703125, ""prompt_per_second"": 2047.262985325283, ""predicted_n"": 128, ""predicted_ms"": 2682.046, ""predicted_per_token_ms"": 21.11847244094488, ""predicted_per_second"": 47.35190969878966}",ok,limit,639,3198.4320449992083,True
512,256,0,False,i512-o256-c1,1789044503.4907243,1,47.754982108736414,False,1789044498.150137,0.5681514739990234,True,512,5596.597538969945,qwen2.5:1.5b-instruct-q8_0,agx,256,True,measure,etri-dev0005-jetagx,1789044497.893558,,i512-o256-c1-0,etri-dev0005-jetagx,False,workload,etri-dev0005-jetagx,1789044497.8941262,"{""cache_n"": 0, ""prompt_n"": 512, ""prompt_ms"": 253.042, ""prompt_per_token_ms"": 0.49422265625, ""prompt_per_second"": 2023.3795180246757, ""predicted_n"": 256, ""predicted_ms"": 5339.757, ""predicted_per_token_ms"": 20.940223529411764, ""predicted_per_second"": 47.754982108736414}",ok,limit,767,256.00965501507744,True
512,128,0,False,i512-o128-c4,1789044506.58798,4,46.983354204547766,False,1789044503.884628,0.5078315734863281,True,512,2956.8249830044806,qwen2.5:1.5b-instruct-q8_0,agx,128,True,measure,etri-dev0005-jetagx,1789044503.630646,,i512-o128-c4-0,etri-dev0005-jetagx,False,workload,etri-dev0005-jetagx,1789044503.6311538,"{""cache_n"": 0, ""prompt_n"": 512, ""prompt_ms"": 248.609, ""prompt_per_token_ms"": 0.485564453125, ""prompt_per_second"": 2059.4588289241337, ""predicted_n"": 128, ""predicted_ms"": 2703.085, ""predicted_per_token_ms"": 21.284133858267715, ""predicted_per_second"": 46.983354204547766}",ok,limit,639,253.4730340121314,True
512,128,0,False,i512-o128-c4,1789044509.5319467,4,47.18874009779587,False,1789044506.8399072,2.529144287109375,True,512,5898.771876993123,qwen2.5:1.5b-instruct-q8_0,agx,128,True,measure,etri-dev0005-jetagx,1789044503.630646,,i512-o128-c4-2,etri-dev0005-jetagx,False,workload,etri-dev0005-jetagx,1789044503.6331751,"{""cache_n"": 0, ""prompt_n"": 512, ""prompt_ms"": 251.867, ""prompt_per_token_ms"": 0.491927734375, ""prompt_per_second"": 2032.8189083921277, ""predicted_n"": 128, ""predicted_ms"": 2691.32, ""predicted_per_token_ms"": 21.191496062992126, ""predicted_per_second"": 47.18874009779587}",ok,limit,639,3206.7320799687877,True
512,128,0,False,i512-o128-c4,1789044512.463607,4,47.41068592063152,False,1789044509.7831078,3.1409263610839844,True,512,8829.820283979643,qwen2.5:1.5b-instruct-q8_0,agx,128,True,measure,etri-dev0005-jetagx,1789044503.630646,,i512-o128-c4-3,etri-dev0005-jetagx,False,workload,etri-dev0005-jetagx,1789044503.633787,"{""cache_n"": 0, ""prompt_n"": 512, ""prompt_ms"": 251.461, ""prompt_per_token_ms"": 0.491134765625, ""prompt_per_second"": 2036.1010256063564, ""predicted_n"": 128, ""predicted_ms"": 2678.721, ""predicted_per_token_ms"": 21.092291338582676, ""predicted_per_second"": 47.41068592063152}",ok,limit,639,6149.3207680177875,True
512,128,0,False,i512-o128-c4,1789044515.3990235,4,47.15523950406055,False,1789044512.7053788,1.5909671783447266,True,512,11766.785401036032,qwen2.5:1.5b-instruct-q8_0,agx,128,True,measure,etri-dev0005-jetagx,1789044503.630646,,i512-o128-c4-1,etri-dev0005-jetagx,False,workload,etri-dev0005-jetagx,1789044503.632237,"{""cache_n"": 0, ""prompt_n"": 512, ""prompt_ms"": 243.025, ""prompt_per_token_ms"": 0.474658203125, ""prompt_per_second"": 2106.7791379487708, ""predicted_n"": 128, ""predicted_ms"": 2693.232, ""predicted_per_token_ms"": 21.206551181102363, ""predicted_per_second"": 47.15523950406055}",ok,limit,639,9073.140498017892,True
512,128,0,False,i512-o128-c1,1789044518.402017,1,47.03550402801686,False,1789044515.701947,0.5710124969482422,True,512,2955.3350119967945,qwen2.5:1.5b-instruct-q8_0,agx,128,True,measure,etri-dev0005-jetagx,1789044515.44611,,i512-o128-c1-0,etri-dev0005-jetagx,False,workload,etri-dev0005-jetagx,1789044515.446681,"{""cache_n"": 0, ""prompt_n"": 512, ""prompt_ms"": 251.868, ""prompt_per_token_ms"": 0.4919296875, ""prompt_per_second"": 2032.810837422777, ""predicted_n"": 128, ""predicted_ms"": 2700.088, ""predicted_per_token_ms"": 21.260535433070867, ""predicted_per_second"": 47.03550402801686}",ok,limit,639,255.26488601462916,True
512,128,1,False,,1789045244.760962,,44.83845798071593,False,1789045241.9283574,0.0057220458984375,True,512,3566.3195900269784,qwen2.5:1.5b-instruct-q8_0,agx,128,True,warmup,etri-dev0005-jetagx,1789045241.1946251,,warmup,etri-dev0005-jetagx,False,workload,etri-dev0005-jetagx,1789045241.1946309,"{""cache_n"": 0, ""prompt_n"": 512, ""prompt_ms"": 729.956, ""prompt_per_token_ms"": 1.4256953125, ""prompt_per_second"": 701.4121399098028, ""predicted_n"": 128, ""predicted_ms"": 2832.39, ""predicted_per_token_ms"": 22.30228346456693, ""predicted_per_second"": 44.83845798071593}",ok,limit,639,733.7159099988639,True
2048,128,1,False,i2048-o128-c1,1789045248.9299715,1,44.96851849622441,False,1789045246.105538,22.243976593017578,True,2048,4032.3932130122557,qwen2.5:1.5b-instruct-q8_0,agx,128,True,measure,etri-dev0005-jetagx,1789045244.8753338,,i2048-o128-c1-0,etri-dev0005-jetagx,False,workload,etri-dev0005-jetagx,1789045244.8975778,"{""cache_n"": 0, ""prompt_n"": 2048, ""prompt_ms"": 1202.944, ""prompt_per_token_ms"": 0.587375, ""prompt_per_second"": 1702.4898914662695, ""predicted_n"": 128, ""predicted_ms"": 2824.198, ""predicted_per_token_ms"": 22.237779527559056, ""predicted_per_second"": 44.96851849622441}",ok,limit,2175,1207.9602709854953,True
512,128,1,False,i512-o128-c8,1789045252.2209086,8,47.2582757799476,False,1789045249.5323296,0.5943775177001953,True,512,2959.8827520385385,qwen2.5:1.5b-instruct-q8_0,agx,128,True,measure,etri-dev0005-jetagx,1789045249.2604306,,i512-o128-c8-0,etri-dev0005-jetagx,False,workload,etri-dev0005-jetagx,1789045249.261025,"{""cache_n"": 0, ""prompt_n"": 512, ""prompt_ms"": 266.184, ""prompt_per_token_ms"": 0.519890625, ""prompt_per_second"": 1923.481501517747, ""predicted_n"": 128, ""predicted_ms"": 2687.36, ""predicted_per_token_ms"": 21.160314960629922, ""predicted_per_second"": 47.2582757799476}",ok,limit,639,271.30386303178966,True
512,128,1,False,i512-o128-c8,1789045255.1671522,8,46.99846348330407,False,1789045252.464018,1.804351806640625,True,512,5904.9164350144565,qwen2.5:1.5b-instruct-q8_0,agx,128,True,measure,etri-dev0005-jetagx,1789045249.2604306,,i512-o128-c8-1,etri-dev0005-jetagx,False,workload,etri-dev0005-jetagx,1789045249.262235,"{""cache_n"": 0, ""prompt_n"": 512, ""prompt_ms"": 243.754, ""prompt_per_token_ms"": 0.47608203125, ""prompt_per_second"": 2100.4783511244946, ""predicted_n"": 128, ""predicted_ms"": 2702.216, ""predicted_per_token_ms"": 21.277291338582675, ""predicted_per_second"": 46.99846348330407}",ok,limit,639,3201.7827040399425,True
512,128,1,False,i512-o128-c8,1789045258.1049595,8,47.292345640762875,False,1789045255.4180043,5.427122116088867,True,512,8839.101113029756,qwen2.5:1.5b-instruct-q8_0,agx,128,True,measure,etri-dev0005-jetagx,1789045249.2604306,,i512-o128-c8-4,etri-dev0005-jetagx,False,workload,etri-dev0005-jetagx,1789045249.2658577,"{""cache_n"": 0, ""prompt_n"": 512, ""prompt_ms"": 251.161, ""prompt_per_token_ms"": 0.490548828125, ""prompt_per_second"": 2038.5330525041707, ""predicted_n"": 128, ""predicted_ms"": 2685.424, ""predicted_per_token_ms"": 21.145070866141733, ""predicted_per_second"": 47.292345640762875}",ok,limit,639,6152.1464780089445,True
512,128,1,False,i512-o128-c8,1789045261.0420241,8,47.2803029513333,False,1789045258.3549616,4.455089569091797,True,512,11777.138850011397,qwen2.5:1.5b-instruct-q8_0,agx,128,True,measure,etri-dev0005-jetagx,1789045249.2604306,,i512-o128-c8-3,etri-dev0005-jetagx,False,workload,etri-dev0005-jetagx,1789045249.2648857,"{""cache_n"": 0, ""prompt_n"": 512, ""prompt_ms"": 250.926, ""prompt_per_token_ms"": 0.49008984375, ""prompt_per_second"": 2040.442202083483, ""predicted_n"": 128, ""predicted_ms"": 2686.108, ""predicted_per_token_ms"": 21.150456692913387, ""predicted_per_second"": 47.2803029513333}",ok,limit,639,9090.076068998314,True
512,128,1,False,i512-o128-c8,1789045263.978173,8,47.289827436813155,False,1789045261.291297,6.484270095825195,True,512,14711.258226947393,qwen2.5:1.5b-instruct-q8_0,agx,128,True,measure,etri-dev0005-jetagx,1789045249.2604306,,i512-o128-c8-5,etri-dev0005-jetagx,False,workload,etri-dev0005-jetagx,1789045249.2669148,"{""cache_n"": 0, ""prompt_n"": 512, ""prompt_ms"": 249.726, ""prompt_per_token_ms"": 0.48774609375, ""prompt_per_second"": 2050.2470707895855, ""predicted_n"": 128, ""predicted_ms"": 2685.567, ""predicted_per_token_ms"": 21.1461968503937, ""predicted_per_second"": 47.289827436813155}",ok,limit,639,12024.382025003433,True
512,128,1,False,i512-o128-c8,1789045266.912538,8,47.35127412211857,False,1789045264.229648,3.4580230712890625,True,512,17648.64911796758,qwen2.5:1.5b-instruct-q8_0,agx,128,True,measure,etri-dev0005-jetagx,1789045249.2604306,,i512-o128-c8-2,etri-dev0005-jetagx,False,workload,etri-dev0005-jetagx,1789045249.2638886,"{""cache_n"": 0, ""prompt_n"": 512, ""prompt_ms"": 251.986, ""prompt_per_token_ms"": 0.49216015625, ""prompt_per_second"": 2031.8589127967427, ""predicted_n"": 128, ""predicted_ms"": 2682.082, ""predicted_per_token_ms"": 21.11875590551181, ""predicted_per_second"": 47.35127412211857}",ok,limit,639,14965.75962001225,True
512,128,1,False,i512-o128-c8,1789045269.839801,8,47.46334577720108,False,1789045267.1631176,9.943008422851562,True,512,20569.427012000233,qwen2.5:1.5b-instruct-q8_0,agx,128,True,measure,etri-dev0005-jetagx,1789045249.2604306,,i512-o128-c8-7,etri-dev0005-jetagx,False,workload,etri-dev0005-jetagx,1789045249.2703736,"{""cache_n"": 0, ""prompt_n"": 512, ""prompt_ms"": 250.857, ""prompt_per_token_ms"": 0.489955078125, ""prompt_per_second"": 2041.0034402069705, ""predicted_n"": 128, ""predicted_ms"": 2675.749, ""predicted_per_token_ms"": 21.068889763779527, ""predicted_per_second"": 47.46334577720108}",ok,limit,639,17892.74367602775,True
512,128,1,False,i512-o128-c8,1789045272.7886758,8,47.0787278660473,False,1789045270.0906293,9.01341438293457,True,512,23519.23104299931,qwen2.5:1.5b-instruct-q8_0,agx,128,True,measure,etri-dev0005-jetagx,1789045249.2604306,,i512-o128-c8-6,etri-dev0005-jetagx,False,workload,etri-dev0005-jetagx,1789045249.269444,"{""cache_n"": 0, ""prompt_n"": 512, ""prompt_ms"": 251.13, ""prompt_per_token_ms"": 0.49048828125, ""prompt_per_second"": 2038.7846931867957, ""predicted_n"": 128, ""predicted_ms"": 2697.609, ""predicted_per_token_ms"": 21.241015748031497, ""predicted_per_second"": 47.0787278660473}",ok,limit,639,20821.18526904378,True
512,128,1,False,i512-o128-c2,1789045275.8366308,2,46.87445213177258,False,1789045273.126665,0.5116462707519531,True,512,2964.667150983587,qwen2.5:1.5b-instruct-q8_0,agx,128,True,measure,etri-dev0005-jetagx,1789045272.871452,,i512-o128-c2-0,etri-dev0005-jetagx,False,workload,etri-dev0005-jetagx,1789045272.8719637,"{""cache_n"": 0, ""prompt_n"": 512, ""prompt_ms"": 251.139, ""prompt_per_token_ms"": 0.490505859375, ""prompt_per_second"": 2038.7116298145647, ""predicted_n"": 128, ""predicted_ms"": 2709.365, ""predicted_per_token_ms"": 21.333582677165353, ""predicted_per_second"": 46.87445213177258}",ok,limit,639,254.70072496682405,True
512,128,1,False,i512-o128-c2,1789045278.78705,2,47.0452438184587,False,1789045276.0873125,1.6129016876220703,True,512,5913.984114013147,qwen2.5:1.5b-instruct-q8_0,agx,128,True,measure,etri-dev0005-jetagx,1789045272.871452,,i512-o128-c2-1,etri-dev0005-jetagx,False,workload,etri-dev0005-jetagx,1789045272.873065,"{""cache_n"": 0, ""prompt_n"": 512, ""prompt_ms"": 250.819, ""prompt_per_token_ms"": 0.489880859375, ""prompt_per_second"": 2041.3126597267353, ""predicted_n"": 128, ""predicted_ms"": 2699.529, ""predicted_per_token_ms"": 21.256133858267717, ""predicted_per_second"": 47.0452438184587}",ok,limit,639,3214.247049007099,True
512,128,1,False,i512-o128-c1,1789045281.7879426,1,46.99416791275218,False,1789045279.0850806,0.5223751068115234,True,512,2957.6934539945796,qwen2.5:1.5b-instruct-q8_0,agx,128,True,measure,etri-dev0005-jetagx,1789045278.829726,,i512-o128-c1-0,etri-dev0005-jetagx,False,workload,etri-dev0005-jetagx,1789045278.8302484,"{""cache_n"": 0, ""prompt_n"": 512, ""prompt_ms"": 251.85, ""prompt_per_token_ms"": 0.49189453125, ""prompt_per_second"": 2032.9561246773874, ""predicted_n"": 128, ""predicted_ms"": 2702.463, ""predicted_per_token_ms"": 21.27923622047244, ""predicted_per_second"": 46.99416791275218}",ok,limit,639,254.83148999046534,True
512,128,1,False,i512-o128-c4,1789045284.9300082,4,47.09609903382538,False,1789045282.2326412,1.636505126953125,True,512,2964.8352970252745,qwen2.5:1.5b-instruct-q8_0,agx,128,True,measure,etri-dev0005-jetagx,1789045281.9635353,,i512-o128-c4-1,etri-dev0005-jetagx,False,workload,etri-dev0005-jetagx,1789045281.9651718,"{""cache_n"": 0, ""prompt_n"": 512, ""prompt_ms"": 263.868, ""prompt_per_token_ms"": 0.5153671875, ""prompt_per_second"": 1940.3641214546667, ""predicted_n"": 128, ""predicted_ms"": 2696.614, ""predicted_per_token_ms"": 21.233181102362206, ""predicted_per_second"": 47.09609903382538}",ok,limit,639,267.4680619966239,True
512,128,1,False,i512-o128-c4,1789045287.885936,4,47.00731796601186,False,1789045285.1827586,0.5197525024414062,True,512,5921.880495036021,qwen2.5:1.5b-instruct-q8_0,agx,128,True,measure,etri-dev0005-jetagx,1789045281.9635353,,i512-o128-c4-0,etri-dev0005-jetagx,False,workload,etri-dev0005-jetagx,1789045281.964055,"{""cache_n"": 0, ""prompt_n"": 512, ""prompt_ms"": 253.13, ""prompt_per_token_ms"": 0.49439453125, ""prompt_per_second"": 2022.6760952870068, ""predicted_n"": 128, ""predicted_ms"": 2701.707, ""predicted_per_token_ms"": 21.273283464566926, ""predicted_per_second"": 47.00731796601186}",ok,limit,639,3218.7022370053455,True
512,128,1,False,i512-o128-c4,1789045290.8181179,4,47.36921806475484,False,1789045288.1363063,2.7730464935302734,True,512,8851.809470972512,qwen2.5:1.5b-instruct-q8_0,agx,128,True,measure,etri-dev0005-jetagx,1789045281.9635353,,i512-o128-c4-3,etri-dev0005-jetagx,False,workload,etri-dev0005-jetagx,1789045281.9663084,"{""cache_n"": 0, ""prompt_n"": 512, ""prompt_ms"": 251.173, ""prompt_per_token_ms"": 0.490572265625, ""prompt_per_second"": 2038.435659883825, ""predicted_n"": 128, ""predicted_ms"": 2681.066, ""predicted_per_token_ms"": 21.11075590551181, ""predicted_per_second"": 47.36921806475484}",ok,limit,639,6169.998152006883,True
512,128,1,False,i512-o128-c4,1789045293.7499487,4,47.38516001259624,False,1789045291.0694354,2.4585723876953125,True,512,11783.95462303888,qwen2.5:1.5b-instruct-q8_0,agx,128,True,measure,etri-dev0005-jetagx,1789045281.9635353,,i512-o128-c4-2,etri-dev0005-jetagx,False,workload,etri-dev0005-jetagx,1789045281.965994,"{""cache_n"": 0, ""prompt_n"": 512, ""prompt_ms"": 251.668, ""prompt_per_token_ms"": 0.4915390625, ""prompt_per_second"": 2034.426307675191, ""predicted_n"": 128, ""predicted_ms"": 2680.164, ""predicted_per_token_ms"": 21.10365354330709, ""predicted_per_second"": 47.38516001259624}",ok,limit,639,9103.44138200162,True
128,64,1,False,i128-o64-c1,1789045295.1664217,1,47.1750388632463,False,1789045293.8306043,0.3921985626220703,True,128,1403.3669459749945,qwen2.5:1.5b-instruct-q8_0,agx,64,True,measure,etri-dev0005-jetagx,1789045293.762662,,i128-o64-c1-0,etri-dev0005-jetagx,False,workload,etri-dev0005-jetagx,1789045293.7630541,"{""cache_n"": 0, ""prompt_n"": 128, ""prompt_ms"": 65.308, ""prompt_per_token_ms"": 0.51021875, ""prompt_per_second"": 1959.9436516200158, ""predicted_n"": 64, ""predicted_ms"": 1335.452, ""predicted_per_token_ms"": 21.197650793650794, ""predicted_per_second"": 47.1750388632463}",ok,limit,191,67.55004799924791,True
512,256,1,False,i512-o256-c1,1789045300.8404481,1,47.37664376052388,False,1789045295.4574776,0.4947185516357422,True,512,5638.472068996634,qwen2.5:1.5b-instruct-q8_0,agx,256,True,measure,etri-dev0005-jetagx,1789045295.2014804,,i512-o256-c1-0,etri-dev0005-jetagx,False,workload,etri-dev0005-jetagx,1789045295.201975,"{""cache_n"": 0, ""prompt_n"": 512, ""prompt_ms"": 252.676, ""prompt_per_token_ms"": 0.4935078125, ""prompt_per_second"": 2026.3103737592808, ""predicted_n"": 256, ""predicted_ms"": 5382.399, ""predicted_per_token_ms"": 21.10744705882353, ""predicted_per_second"": 47.37664376052388}",ok,limit,767,255.50165202002972,True
512,128,2,False,,1789045760.9259696,,45.02118831831328,False,1789045758.1045837,0.00858306884765625,True,512,3509.9689979688264,qwen2.5:1.5b-instruct-q8_0,agx,128,True,warmup,etri-dev0005-jetagx,1789045757.415971,,warmup,etri-dev0005-jetagx,False,workload,etri-dev0005-jetagx,1789045757.4159796,"{""cache_n"": 0, ""prompt_n"": 512, ""prompt_ms"": 683.923, ""prompt_per_token_ms"": 1.335787109375, ""prompt_per_second"": 748.6222864269808, ""predicted_n"": 128, ""predicted_ms"": 2820.894, ""predicted_per_token_ms"": 22.21176377952756, ""predicted_per_second"": 45.02118831831328}",ok,limit,639,688.583294977434,True
128,64,2,False,i128-o64-c1,1789045762.3637757,1,47.02201376625432,False,1789045761.023675,18.89777183532715,True,128,1407.3854360030964,qwen2.5:1.5b-instruct-q8_0,agx,64,True,measure,etri-dev0005-jetagx,1789045760.9374912,,i128-o64-c1-0,etri-dev0005-jetagx,False,workload,etri-dev0005-jetagx,1789045760.956389,"{""cache_n"": 0, ""prompt_n"": 128, ""prompt_ms"": 64.011, ""prompt_per_token_ms"": 0.5000859375, ""prompt_per_second"": 1999.6563090718785, ""predicted_n"": 64, ""predicted_ms"": 1339.798, ""predicted_per_token_ms"": 21.26663492063492, ""predicted_per_second"": 47.02201376625432}",ok,limit,191,67.28445697808638,True
512,128,2,False,i512-o128-c4,1789045765.4860444,4,47.20449059664246,False,1789045762.79454,0.6406307220458984,True,512,2952.1863120025955,qwen2.5:1.5b-instruct-q8_0,agx,128,True,measure,etri-dev0005-jetagx,1789045762.5332165,,i512-o128-c4-0,etri-dev0005-jetagx,False,workload,etri-dev0005-jetagx,1789045762.533857,"{""cache_n"": 0, ""prompt_n"": 512, ""prompt_ms"": 255.577, ""prompt_per_token_ms"": 0.499173828125, ""prompt_per_second"": 2003.310157017259, ""predicted_n"": 128, ""predicted_ms"": 2690.422, ""predicted_per_token_ms"": 21.184425196850395, ""predicted_per_second"": 47.20449059664246}",ok,limit,639,260.68195299012586,True
512,128,2,False,i512-o128-c4,1789045768.436448,4,47.04540066382172,False,1789045765.7366798,1.9526481628417969,True,512,5901.2778219766915,qwen2.5:1.5b-instruct-q8_0,agx,128,True,measure,etri-dev0005-jetagx,1789045762.5332165,,i512-o128-c4-1,etri-dev0005-jetagx,False,workload,etri-dev0005-jetagx,1789045762.5351691,"{""cache_n"": 0, ""prompt_n"": 512, ""prompt_ms"": 251.221, ""prompt_per_token_ms"": 0.490666015625, ""prompt_per_second"": 2038.046182444939, ""predicted_n"": 128, ""predicted_ms"": 2699.52, ""predicted_per_token_ms"": 21.256062992125983, ""predicted_per_second"": 47.04540066382172}",ok,limit,639,3201.5095059759915,True
512,128,2,False,i512-o128-c4,1789045771.3720179,4,47.34709033489305,False,1789045768.689488,3.742694854736328,True,512,8835.05845401669,qwen2.5:1.5b-instruct-q8_0,agx,128,True,measure,etri-dev0005-jetagx,1789045762.5332165,,i512-o128-c4-2,etri-dev0005-jetagx,False,workload,etri-dev0005-jetagx,1789045762.5369592,"{""cache_n"": 0, ""prompt_n"": 512, ""prompt_ms"": 252.619, ""prompt_per_token_ms"": 0.493396484375, ""prompt_per_second"": 2026.7675828025604, ""predicted_n"": 128, ""predicted_ms"": 2682.319, ""predicted_per_token_ms"": 21.120622047244094, ""predicted_per_second"": 47.34709033489305}",ok,limit,639,6152.528969978448,True
512,128,2,False,i512-o128-c4,1789045774.3253098,4,47.07370222065557,False,1789045771.6269898,4.930257797241211,True,512,11787.162356020417,qwen2.5:1.5b-instruct-q8_0,agx,128,True,measure,etri-dev0005-jetagx,1789045762.5332165,,i512-o128-c4-3,etri-dev0005-jetagx,False,workload,etri-dev0005-jetagx,1789045762.5381467,"{""cache_n"": 0, ""prompt_n"": 512, ""prompt_ms"": 254.475, ""prompt_per_token_ms"": 0.497021484375, ""prompt_per_second"": 2011.9854602613225, ""predicted_n"": 128, ""predicted_ms"": 2697.897, ""predicted_per_token_ms"": 21.24328346456693, ""predicted_per_second"": 47.07370222065557}",ok,limit,639,9088.842875964474,True
512,256,2,False,i512-o256-c1,1789045779.9901776,1,47.39991925284343,False,1789045774.6099024,0.44465065002441406,True,512,5631.57011201838,qwen2.5:1.5b-instruct-q8_0,agx,256,True,measure,etri-dev0005-jetagx,1789045774.3581617,,i512-o256-c1-0,etri-dev0005-jetagx,False,workload,etri-dev0005-jetagx,1789045774.3586063,"{""cache_n"": 0, ""prompt_n"": 512, ""prompt_ms"": 248.957, ""prompt_per_token_ms"": 0.486244140625, ""prompt_per_second"": 2056.5800519768472, ""predicted_n"": 256, ""predicted_ms"": 5379.756, ""predicted_per_token_ms"": 21.09708235294118, ""predicted_per_second"": 47.39991925284343}",ok,limit,767,251.2947249924764,True
512,128,2,False,i512-o128-c2,1789045783.0459595,2,46.87779144328968,False,1789045780.3356328,0.51116943359375,True,512,2965.7036040443927,qwen2.5:1.5b-instruct-q8_0,agx,128,True,measure,etri-dev0005-jetagx,1789045780.079744,,i512-o128-c2-0,etri-dev0005-jetagx,False,workload,etri-dev0005-jetagx,1789045780.0802553,"{""cache_n"": 0, ""prompt_n"": 512, ""prompt_ms"": 252.381, ""prompt_per_token_ms"": 0.492931640625, ""prompt_per_second"": 2028.6788625134222, ""predicted_n"": 128, ""predicted_ms"": 2709.172, ""predicted_per_token_ms"": 21.332062992125984, ""predicted_per_second"": 46.87779144328968}",ok,limit,639,255.37713203812018,True
512,128,2,False,i512-o128-c2,1789045785.9813716,2,47.32812251946602,False,1789045783.2975197,1.48773193359375,True,512,5900.139253993984,qwen2.5:1.5b-instruct-q8_0,agx,128,True,measure,etri-dev0005-jetagx,1789045780.079744,,i512-o128-c2-1,etri-dev0005-jetagx,False,workload,etri-dev0005-jetagx,1789045780.0812318,"{""cache_n"": 0, ""prompt_n"": 512, ""prompt_ms"": 252.096, ""prompt_per_token_ms"": 0.492375, ""prompt_per_second"": 2030.972328002031, ""predicted_n"": 128, ""predicted_ms"": 2683.394, ""predicted_per_token_ms"": 21.129086614173225, ""predicted_per_second"": 47.32812251946602}",ok,limit,639,3216.287076997105,True
512,128,2,False,i512-o128-c8,1789045789.3001351,8,46.70367657225905,False,1789045786.580439,0.5314350128173828,True,512,2992.8426669794135,qwen2.5:1.5b-instruct-q8_0,agx,128,True,measure,etri-dev0005-jetagx,1789045786.3067596,,i512-o128-c8-0,etri-dev0005-jetagx,False,workload,etri-dev0005-jetagx,1789045786.307291,"{""cache_n"": 0, ""prompt_n"": 512, ""prompt_ms"": 267.61, ""prompt_per_token_ms"": 0.52267578125, ""prompt_per_second"": 1913.2319420051567, ""predicted_n"": 128, ""predicted_ms"": 2719.272, ""predicted_per_token_ms"": 21.411590551181103, ""predicted_per_second"": 46.70367657225905}",ok,limit,639,273.14673498040065,True
512,128,2,False,i512-o128-c8,1789045792.247641,8,47.16995147809086,False,1789045789.5541265,1.583099365234375,True,512,5939.297337026801,qwen2.5:1.5b-instruct-q8_0,agx,128,True,measure,etri-dev0005-jetagx,1789045786.3067596,,i512-o128-c8-1,etri-dev0005-jetagx,False,workload,etri-dev0005-jetagx,1789045786.3083427,"{""cache_n"": 0, ""prompt_n"": 512, ""prompt_ms"": 253.592, ""prompt_per_token_ms"": 0.495296875, ""prompt_per_second"": 2018.9911353670461, ""predicted_n"": 128, ""predicted_ms"": 2692.392, ""predicted_per_token_ms"": 21.199937007874013, ""predicted_per_second"": 47.16995147809086}",ok,limit,639,3245.7824799930677,True
512,128,2,False,i512-o128-c8,1789045795.203721,8,46.981842072942456,False,1789045792.499509,2.5272369384765625,True,512,8894.434717018157,qwen2.5:1.5b-instruct-q8_0,agx,128,True,measure,etri-dev0005-jetagx,1789045786.3067596,,i512-o128-c8-2,etri-dev0005-jetagx,False,workload,etri-dev0005-jetagx,1789045786.3092868,"{""cache_n"": 0, ""prompt_n"": 512, ""prompt_ms"": 252.533, ""prompt_per_token_ms"": 0.493228515625, ""prompt_per_second"": 2027.45779759477, ""predicted_n"": 128, ""predicted_ms"": 2703.172, ""predicted_per_token_ms"": 21.284818897637795, ""predicted_per_second"": 46.981842072942456}",ok,limit,639,6190.221986034885,True
512,128,2,False,i512-o128-c8,1789045798.1399157,8,47.21136938993245,False,1789045795.4491048,4.925727844238281,True,512,11828.230916988105,qwen2.5:1.5b-instruct-q8_0,agx,128,True,measure,etri-dev0005-jetagx,1789045786.3067596,,i512-o128-c8-5,etri-dev0005-jetagx,False,workload,etri-dev0005-jetagx,1789045786.3116853,"{""cache_n"": 0, ""prompt_n"": 512, ""prompt_ms"": 245.877, ""prompt_per_token_ms"": 0.480228515625, ""prompt_per_second"": 2082.34198400013, ""predicted_n"": 128, ""predicted_ms"": 2690.03, ""predicted_per_token_ms"": 21.181338582677167, ""predicted_per_second"": 47.21136938993245}",ok,limit,639,9137.419913022313,True
512,128,2,False,i512-o128-c8,1789045801.0857549,8,47.16299717504787,False,1789045798.3922746,3.8514137268066406,True,512,14775.143189006485,qwen2.5:1.5b-instruct-q8_0,agx,128,True,measure,etri-dev0005-jetagx,1789045786.3067596,,i512-o128-c8-4,etri-dev0005-jetagx,False,workload,etri-dev0005-jetagx,1789045786.310611,"{""cache_n"": 0, ""prompt_n"": 512, ""prompt_ms"": 252.682, ""prompt_per_token_ms"": 0.49351953125, ""prompt_per_second"": 2026.2622584909095, ""predicted_n"": 128, ""predicted_ms"": 2692.789, ""predicted_per_token_ms"": 21.203062992125986, ""predicted_per_second"": 47.16299717504787}",ok,limit,639,12081.663171004038,True
512,128,2,False,i512-o128-c8,1789045804.0294023,8,47.22641496103077,False,1789045801.3397815,3.141641616821289,True,512,17719.500893959776,qwen2.5:1.5b-instruct-q8_0,agx,128,True,measure,etri-dev0005-jetagx,1789045786.3067596,,i512-o128-c8-3,etri-dev0005-jetagx,False,workload,etri-dev0005-jetagx,1789045786.3099012,"{""cache_n"": 0, ""prompt_n"": 512, ""prompt_ms"": 253.804, ""prompt_per_token_ms"": 0.4957109375, ""prompt_per_second"": 2017.3046918094278, ""predicted_n"": 128, ""predicted_ms"": 2689.173, ""predicted_per_token_ms"": 21.1745905511811, ""predicted_per_second"": 47.22641496103077}",ok,limit,639,15029.88051099237,True
512,128,2,False,i512-o128-c8,1789045806.9859924,8,46.978036103545506,False,1789045804.2825632,5.573511123657227,True,512,20673.659371968824,qwen2.5:1.5b-instruct-q8_0,agx,128,True,measure,etri-dev0005-jetagx,1789045786.3067596,,i512-o128-c8-6,etri-dev0005-jetagx,False,workload,etri-dev0005-jetagx,1789045786.312333,"{""cache_n"": 0, ""prompt_n"": 512, ""prompt_ms"": 252.536, ""prompt_per_token_ms"": 0.493234375, ""prompt_per_second"": 2027.4337124211993, ""predicted_n"": 128, ""predicted_ms"": 2703.391, ""predicted_per_token_ms"": 21.286543307086614, ""predicted_per_second"": 46.978036103545506}",ok,limit,639,17970.23083898239,True
512,128,2,False,i512-o128-c8,1789045809.9343832,8,47.11883183882539,False,1789045807.238618,6.795644760131836,True,512,23620.828063983936,qwen2.5:1.5b-instruct-q8_0,agx,128,True,measure,etri-dev0005-jetagx,1789045786.3067596,,i512-o128-c8-7,etri-dev0005-jetagx,False,workload,etri-dev0005-jetagx,1789045786.3135552,"{""cache_n"": 0, ""prompt_n"": 512, ""prompt_ms"": 252.195, ""prompt_per_token_ms"": 0.492568359375, ""prompt_per_second"": 2030.1750629473227, ""predicted_n"": 128, ""predicted_ms"": 2695.313, ""predicted_per_token_ms"": 21.222937007874016, ""predicted_per_second"": 47.11883183882539}",ok,limit,639,20925.063400994986,True
2048,128,2,False,i2048-o128-c1,1789045814.050025,1,45.18852510347105,False,1789045811.2388973,0.5419254302978516,True,2048,4016.8097109999508,qwen2.5:1.5b-instruct-q8_0,agx,128,True,measure,etri-dev0005-jetagx,1789045810.032672,,i2048-o128-c1-0,etri-dev0005-jetagx,False,workload,etri-dev0005-jetagx,1789045810.0332139,"{""cache_n"": 0, ""prompt_n"": 2048, ""prompt_ms"": 1202.548, ""prompt_per_token_ms"": 0.587181640625, ""prompt_per_second"": 1703.0505227234173, ""predicted_n"": 128, ""predicted_ms"": 2810.448, ""predicted_per_token_ms"": 22.129511811023622, ""predicted_per_second"": 45.18852510347105}",ok,limit,2175,1205.6823269813322,True
512,128,2,False,i512-o128-c1,1789045817.0127656,1,47.34040134223085,False,1789045814.32949,0.42510032653808594,True,512,2935.5614840169437,qwen2.5:1.5b-instruct-q8_0,agx,128,True,measure,etri-dev0005-jetagx,1789045814.0767782,,i512-o128-c1-0,etri-dev0005-jetagx,False,workload,etri-dev0005-jetagx,1789045814.0772033,"{""cache_n"": 0, ""prompt_n"": 512, ""prompt_ms"": 249.971, ""prompt_per_token_ms"": 0.488224609375, ""prompt_per_second"": 2048.237595561085, ""predicted_n"": 128, ""predicted_ms"": 2682.698, ""predicted_per_token_ms"": 21.123606299212597, ""predicted_per_second"": 47.34040134223085}",ok,limit,639,252.28588498430327,True
512,128,0,False,,1789044713.5626135,,28.809311169369945,False,1789044709.1536665,0.0095367431640625,True,512,5279.518349969294,qwen2.5:3b-instruct-q8_0,agx,128,True,warmup,etri-dev0005-jetagx,1789044708.283068,,warmup,etri-dev0005-jetagx,False,workload,etri-dev0005-jetagx,1789044708.2830775,"{""cache_n"": 0, ""prompt_n"": 512, ""prompt_ms"": 865.648, ""prompt_per_token_ms"": 1.69071875, ""prompt_per_second"": 591.464428959577, ""predicted_n"": 128, ""predicted_ms"": 4408.297, ""predicted_per_token_ms"": 34.711, ""predicted_per_second"": 28.809311169369945}",ok,limit,639,870.5720159923658,True
128,64,0,False,i128-o64-c1,1789044715.8351004,1,29.636250308710938,False,1789044713.7087755,22.278308868408203,True,128,2235.8634039992467,qwen2.5:3b-instruct-q8_0,agx,64,True,measure,etri-dev0005-jetagx,1789044713.576958,,i128-o64-c1-0,etri-dev0005-jetagx,False,workload,etri-dev0005-jetagx,1789044713.5992362,"{""cache_n"": 0, ""prompt_n"": 128, ""prompt_ms"": 106.301, ""prompt_per_token_ms"": 0.8304765625, ""prompt_per_second"": 1204.12790096048, ""predicted_n"": 64, ""predicted_ms"": 2125.775, ""predicted_per_token_ms"": 33.74246031746032, ""predicted_per_second"": 29.636250308710938}",ok,limit,191,109.53855002298951,True
512,128,0,False,i512-o128-c8,1789044720.9213803,8,29.66107434746804,False,1789044716.6383538,0.6506443023681641,True,512,4725.460888002999,qwen2.5:3b-instruct-q8_0,agx,128,True,measure,etri-dev0005-jetagx,1789044716.1952682,,i512-o128-c8-0,etri-dev0005-jetagx,False,workload,etri-dev0005-jetagx,1789044716.1959188,"{""cache_n"": 0, ""prompt_n"": 512, ""prompt_ms"": 438.245, ""prompt_per_token_ms"": 0.855947265625, ""prompt_per_second"": 1168.296272632888, ""predicted_n"": 128, ""predicted_ms"": 4281.706, ""predicted_per_token_ms"": 33.71422047244094, ""predicted_per_second"": 29.66107434746804}",ok,limit,639,442.43411195930094,True
512,128,0,False,i512-o128-c8,1789044725.6077034,8,29.774115275058904,False,1789044721.341138,1.5664100646972656,True,512,9410.86915100459,qwen2.5:3b-instruct-q8_0,agx,128,True,measure,etri-dev0005-jetagx,1789044716.1952682,,i512-o128-c8-1,etri-dev0005-jetagx,False,workload,etri-dev0005-jetagx,1789044716.1968346,"{""cache_n"": 0, ""prompt_n"": 512, ""prompt_ms"": 420.182, ""prompt_per_token_ms"": 0.82066796875, ""prompt_per_second"": 1218.5195938902666, ""predicted_n"": 128, ""predicted_ms"": 4265.45, ""predicted_per_token_ms"": 33.58622047244094, ""predicted_per_second"": 29.774115275058904}",ok,limit,639,5144.303205015603,True
512,128,0,False,i512-o128-c8,1789044730.2916417,8,29.795874796326427,False,1789044726.0280077,3.5898685455322266,True,512,14092.783306026831,qwen2.5:3b-instruct-q8_0,agx,128,True,measure,etri-dev0005-jetagx,1789044716.1952682,,i512-o128-c8-3,etri-dev0005-jetagx,False,workload,etri-dev0005-jetagx,1789044716.198858,"{""cache_n"": 0, ""prompt_n"": 512, ""prompt_ms"": 420.869, ""prompt_per_token_ms"": 0.822009765625, ""prompt_per_second"": 1216.530559390214, ""predicted_n"": 128, ""predicted_ms"": 4262.335, ""predicted_per_token_ms"": 33.561692913385826, ""predicted_per_second"": 29.795874796326427}",ok,limit,639,9829.150194011163,True
512,128,0,False,i512-o128-c8,1789044734.9765747,8,29.778003809239763,False,1789044730.7112432,4.231452941894531,True,512,18777.07544004079,qwen2.5:3b-instruct-q8_0,agx,128,True,measure,etri-dev0005-jetagx,1789044716.1952682,,i512-o128-c8-4,etri-dev0005-jetagx,False,workload,etri-dev0005-jetagx,1789044716.1994996,"{""cache_n"": 0, ""prompt_n"": 512, ""prompt_ms"": 420.051, ""prompt_per_token_ms"": 0.820412109375, ""prompt_per_second"": 1218.899609809285, ""predicted_n"": 128, ""predicted_ms"": 4264.893, ""predicted_per_token_ms"": 33.58183464566929, ""predicted_per_second"": 29.778003809239763}",ok,limit,639,14511.744575051125,True
512,128,0,False,i512-o128-c8,1789044739.6582925,8,29.769850923369358,False,1789044735.3911393,2.872467041015625,True,512,23460.15213400824,qwen2.5:3b-instruct-q8_0,agx,128,True,measure,etri-dev0005-jetagx,1789044716.1952682,,i512-o128-c8-2,etri-dev0005-jetagx,False,workload,etri-dev0005-jetagx,1789044716.1981406,"{""cache_n"": 0, ""prompt_n"": 512, ""prompt_ms"": 414.456, ""prompt_per_token_ms"": 0.809484375, ""prompt_per_second"": 1235.3542957515392, ""predicted_n"": 128, ""predicted_ms"": 4266.061, ""predicted_per_token_ms"": 33.59103149606299, ""predicted_per_second"": 29.769850923369358}",ok,limit,639,19192.999291000888,True
512,128,0,False,i512-o128-c8,1789044744.3500707,8,29.736643388572464,False,1789044740.0776727,8.114099502563477,True,512,28146.688285050914,qwen2.5:3b-instruct-q8_0,agx,128,True,measure,etri-dev0005-jetagx,1789044716.1952682,,i512-o128-c8-7,etri-dev0005-jetagx,False,workload,etri-dev0005-jetagx,1789044716.2033823,"{""cache_n"": 0, ""prompt_n"": 512, ""prompt_ms"": 419.739, ""prompt_per_token_ms"": 0.819802734375, ""prompt_per_second"": 1219.8056411246037, ""predicted_n"": 128, ""predicted_ms"": 4270.825, ""predicted_per_token_ms"": 33.628543307086616, ""predicted_per_second"": 29.736643388572464}",ok,limit,639,23874.290193023626,True
512,128,0,False,i512-o128-c8,1789044749.0388634,8,29.75752537356238,False,1789044744.7696085,6.933450698852539,True,512,32836.66173700476,qwen2.5:3b-instruct-q8_0,agx,128,True,measure,etri-dev0005-jetagx,1789044716.1952682,,i512-o128-c8-6,etri-dev0005-jetagx,False,workload,etri-dev0005-jetagx,1789044716.2022016,"{""cache_n"": 0, ""prompt_n"": 512, ""prompt_ms"": 420.14, ""prompt_per_token_ms"": 0.8205859375, ""prompt_per_second"": 1218.6414052458704, ""predicted_n"": 128, ""predicted_ms"": 4267.828, ""predicted_per_token_ms"": 33.604944881889764, ""predicted_per_second"": 29.75752537356238}",ok,limit,639,28567.406910995487,True
512,128,0,False,i512-o128-c8,1789044753.7238643,8,29.782473038067863,False,1789044749.4586887,5.93256950378418,True,512,37522.66340202186,qwen2.5:3b-instruct-q8_0,agx,128,True,measure,etri-dev0005-jetagx,1789044716.1952682,,i512-o128-c8-5,etri-dev0005-jetagx,False,workload,etri-dev0005-jetagx,1789044716.2012007,"{""cache_n"": 0, ""prompt_n"": 512, ""prompt_ms"": 420.599, ""prompt_per_token_ms"": 0.821482421875, ""prompt_per_second"": 1217.3115009783667, ""predicted_n"": 128, ""predicted_ms"": 4264.253, ""predicted_per_token_ms"": 33.57679527559055, ""predicted_per_second"": 29.782473038067863}",ok,limit,639,33257.487963011954,True
2048,128,0,False,i2048-o128-c1,1789044760.3479497,1,28.445443096010987,False,1789044755.8821971,0.5514621734619141,True,2048,6497.499908029567,qwen2.5:3b-instruct-q8_0,agx,128,True,measure,etri-dev0005-jetagx,1789044753.8498974,,i2048-o128-c1-0,etri-dev0005-jetagx,False,workload,etri-dev0005-jetagx,1789044753.8504488,"{""cache_n"": 0, ""prompt_n"": 2048, ""prompt_ms"": 2027.091, ""prompt_per_token_ms"": 0.98979052734375, ""prompt_per_second"": 1010.3147811321742, ""predicted_n"": 128, ""predicted_ms"": 4464.687, ""predicted_per_token_ms"": 35.155015748031495, ""predicted_per_second"": 28.445443096010987}",ok,limit,2175,2031.7469449946657,True
512,128,0,False,i512-o128-c2,1789044765.1427743,2,29.72588288797953,False,1789044760.8689523,0.5424022674560547,True,512,4701.557992957532,qwen2.5:3b-instruct-q8_0,agx,128,True,measure,etri-dev0005-jetagx,1789044760.440673,,i512-o128-c2-0,etri-dev0005-jetagx,False,workload,etri-dev0005-jetagx,1789044760.4412155,"{""cache_n"": 0, ""prompt_n"": 512, ""prompt_ms"": 424.076, ""prompt_per_token_ms"": 0.8282734375, ""prompt_per_second"": 1207.330761467284, ""predicted_n"": 128, ""predicted_ms"": 4272.371, ""predicted_per_token_ms"": 33.64071653543307, ""predicted_per_second"": 29.72588288797953}",ok,limit,639,427.7353629586287,True
512,128,0,False,i512-o128-c2,1789044769.8291235,2,29.7599868774861,False,1789044765.5608635,1.5625953674316406,True,512,9386.887634987943,qwen2.5:3b-instruct-q8_0,agx,128,True,measure,etri-dev0005-jetagx,1789044760.440673,,i512-o128-c2-1,etri-dev0005-jetagx,False,workload,etri-dev0005-jetagx,1789044760.4422357,"{""cache_n"": 0, ""prompt_n"": 512, ""prompt_ms"": 418.842, ""prompt_per_token_ms"": 0.81805078125, ""prompt_per_second"": 1222.4180001050515, ""predicted_n"": 128, ""predicted_ms"": 4267.475, ""predicted_per_token_ms"": 33.60216535433071, ""predicted_per_second"": 29.7599868774861}",ok,limit,639,5118.627057992853,True
512,256,0,False,i512-o256-c1,1789044778.860008,1,29.803287781832456,False,1789044770.3032477,0.5178451538085938,True,512,8981.039703998249,qwen2.5:3b-instruct-q8_0,agx,256,True,measure,etri-dev0005-jetagx,1789044769.8784492,,i512-o256-c1-0,etri-dev0005-jetagx,False,workload,etri-dev0005-jetagx,1789044769.878967,"{""cache_n"": 0, ""prompt_n"": 512, ""prompt_ms"": 421.346, ""prompt_per_token_ms"": 0.82294140625, ""prompt_per_second"": 1215.153341909025, ""predicted_n"": 256, ""predicted_ms"": 8556.103, ""predicted_per_token_ms"": 33.55334509803921, ""predicted_per_second"": 29.803287781832456}",ok,limit,767,424.2792399600148,True
512,128,0,False,i512-o128-c4,1789044783.7391238,4,29.638279962259034,False,1789044779.4527488,0.5381107330322266,True,512,4717.092146980576,qwen2.5:3b-instruct-q8_0,agx,128,True,measure,etri-dev0005-jetagx,1789044779.0214925,,i512-o128-c4-0,etri-dev0005-jetagx,False,workload,etri-dev0005-jetagx,1789044779.0220306,"{""cache_n"": 0, ""prompt_n"": 512, ""prompt_ms"": 425.907, ""prompt_per_token_ms"": 0.831849609375, ""prompt_per_second"": 1202.1403733678949, ""predicted_n"": 128, ""predicted_ms"": 4284.999, ""predicted_per_token_ms"": 33.74014960629921, ""predicted_per_second"": 29.638279962259034}",ok,limit,639,430.7177350274287,True
512,128,0,False,i512-o128-c4,1789044788.4283834,4,29.754081346252693,False,1789044784.159204,1.4138221740722656,True,512,9405.476057960186,qwen2.5:3b-instruct-q8_0,agx,128,True,measure,etri-dev0005-jetagx,1789044779.0214925,,i512-o128-c4-1,etri-dev0005-jetagx,False,workload,etri-dev0005-jetagx,1789044779.0229063,"{""cache_n"": 0, ""prompt_n"": 512, ""prompt_ms"": 420.37, ""prompt_per_token_ms"": 0.82103515625, ""prompt_per_second"": 1217.9746413873493, ""predicted_n"": 128, ""predicted_ms"": 4268.322, ""predicted_per_token_ms"": 33.60883464566929, ""predicted_per_second"": 29.754081346252693}",ok,limit,639,5136.296443990432,True
512,128,0,False,i512-o128-c4,1789044793.1111095,4,29.80070601861629,False,1789044788.8480625,2.34222412109375,True,512,14087.275105994195,qwen2.5:3b-instruct-q8_0,agx,128,True,measure,etri-dev0005-jetagx,1789044779.0214925,,i512-o128-c4-2,etri-dev0005-jetagx,False,workload,etri-dev0005-jetagx,1789044779.0238347,"{""cache_n"": 0, ""prompt_n"": 512, ""prompt_ms"": 420.276, ""prompt_per_token_ms"": 0.8208515625, ""prompt_per_second"": 1218.2470566960758, ""predicted_n"": 128, ""predicted_ms"": 4261.644, ""predicted_per_token_ms"": 33.556251968503936, ""predicted_per_second"": 29.80070601861629}",ok,limit,639,9824.227889999747,True
512,128,0,False,i512-o128-c4,1789044797.8002882,4,29.756646861704695,False,1789044793.5316145,2.937793731689453,True,512,18775.8570429869,qwen2.5:3b-instruct-q8_0,agx,128,True,measure,etri-dev0005-jetagx,1789044779.0214925,,i512-o128-c4-3,etri-dev0005-jetagx,False,workload,etri-dev0005-jetagx,1789044779.0244303,"{""cache_n"": 0, ""prompt_n"": 512, ""prompt_ms"": 421.168, ""prompt_per_token_ms"": 0.82259375, ""prompt_per_second"": 1215.6669072674088, ""predicted_n"": 128, ""predicted_ms"": 4267.954, ""predicted_per_token_ms"": 33.60593700787401, ""predicted_per_second"": 29.756646861704695}",ok,limit,639,14507.183981011622,True
512,128,0,False,i512-o128-c1,1789044802.5414126,1,29.77634215689975,False,1789044798.2757668,0.5395412445068359,True,512,4690.961892018095,qwen2.5:3b-instruct-q8_0,agx,128,True,measure,etri-dev0005-jetagx,1789044797.84991,,i512-o128-c1-0,etri-dev0005-jetagx,False,workload,etri-dev0005-jetagx,1789044797.8504496,"{""cache_n"": 0, ""prompt_n"": 512, ""prompt_ms"": 422.703, ""prompt_per_token_ms"": 0.825591796875, ""prompt_per_second"": 1211.252345027123, ""predicted_n"": 128, ""predicted_ms"": 4265.131, ""predicted_per_token_ms"": 33.583708661417326, ""predicted_per_second"": 29.77634215689975}",ok,limit,639,425.3155440092087,True
512,128,1,False,,1789044987.7773657,,28.802901518117025,False,1789044983.367711,0.008106231689453125,True,512,5290.623578010127,qwen2.5:3b-instruct-q8_0,agx,128,True,warmup,etri-dev0005-jetagx,1789044982.4867094,,warmup,etri-dev0005-jetagx,False,workload,etri-dev0005-jetagx,1789044982.4867175,"{""cache_n"": 0, ""prompt_n"": 512, ""prompt_ms"": 875.969, ""prompt_per_token_ms"": 1.710876953125, ""prompt_per_second"": 584.4955700487118, ""predicted_n"": 128, ""predicted_ms"": 4409.278, ""predicted_per_token_ms"": 34.71872440944882, ""predicted_per_second"": 28.802901518117025}",ok,limit,639,880.9693779912777,True
2048,128,1,False,i2048-o128-c1,1789044994.4212096,1,28.40045718027291,False,1789044989.9485245,21.653413772583008,True,2048,6513.599070953205,qwen2.5:3b-instruct-q8_0,agx,128,True,measure,etri-dev0005-jetagx,1789044987.885957,,i2048-o128-c1-0,etri-dev0005-jetagx,False,workload,etri-dev0005-jetagx,1789044987.9076104,"{""cache_n"": 0, ""prompt_n"": 2048, ""prompt_ms"": 2037.411, ""prompt_per_token_ms"": 0.99482958984375, ""prompt_per_second"": 1005.1972822371137, ""predicted_n"": 128, ""predicted_ms"": 4471.759, ""predicted_per_token_ms"": 35.21070078740158, ""predicted_per_second"": 28.40045718027291}",ok,limit,2175,2040.9146809834056,True
512,128,1,False,i512-o128-c8,1789044999.4995835,8,29.653975465654977,False,1789044995.2154386,1.8301010131835938,True,512,4720.669514033943,qwen2.5:3b-instruct-q8_0,agx,128,True,measure,etri-dev0005-jetagx,1789044994.7770836,,i512-o128-c8-1,etri-dev0005-jetagx,False,workload,etri-dev0005-jetagx,1789044994.7789137,"{""cache_n"": 0, ""prompt_n"": 512, ""prompt_ms"": 432.319, ""prompt_per_token_ms"": 0.844373046875, ""prompt_per_second"": 1184.3106594898675, ""predicted_n"": 128, ""predicted_ms"": 4282.731, ""predicted_per_token_ms"": 33.72229133858268, ""predicted_per_second"": 29.653975465654977}",ok,limit,639,436.52431800728664,True
512,128,1,False,i512-o128-c8,1789045004.1995053,8,29.721722764663166,False,1789044999.9253497,0.6306171417236328,True,512,9421.790382999461,qwen2.5:3b-instruct-q8_0,agx,128,True,measure,etri-dev0005-jetagx,1789044994.7770836,,i512-o128-c8-0,etri-dev0005-jetagx,False,workload,etri-dev0005-jetagx,1789044994.7777143,"{""cache_n"": 0, ""prompt_n"": 512, ""prompt_ms"": 426.564, ""prompt_per_token_ms"": 0.8331328125, ""prompt_per_second"": 1200.2888194971915, ""predicted_n"": 128, ""predicted_ms"": 4272.969, ""predicted_per_token_ms"": 33.6454251968504, ""predicted_per_second"": 29.721722764663166}",ok,limit,639,5147.6339679793455,True
512,128,1,False,i512-o128-c8,1789045008.9002006,8,29.717647251527122,False,1789045004.6252987,3.118753433227539,True,512,14119.99835196184,qwen2.5:3b-instruct-q8_0,agx,128,True,measure,etri-dev0005-jetagx,1789044994.7770836,,i512-o128-c8-2,etri-dev0005-jetagx,False,workload,etri-dev0005-jetagx,1789044994.7802024,"{""cache_n"": 0, ""prompt_n"": 512, ""prompt_ms"": 425.86, ""prompt_per_token_ms"": 0.8317578125, ""prompt_per_second"": 1202.2730474803925, ""predicted_n"": 128, ""predicted_ms"": 4273.555, ""predicted_per_token_ms"": 33.650039370078744, ""predicted_per_second"": 29.717647251527122}",ok,limit,639,9845.096470962744,True
512,128,1,False,i512-o128-c8,1789045013.5975513,8,29.74038285005602,False,1789045009.3254566,5.278587341308594,True,512,18815.18961500842,qwen2.5:3b-instruct-q8_0,agx,128,True,measure,etri-dev0005-jetagx,1789044994.7770836,,i512-o128-c8-4,etri-dev0005-jetagx,False,workload,etri-dev0005-jetagx,1789044994.7823622,"{""cache_n"": 0, ""prompt_n"": 512, ""prompt_ms"": 426.099, ""prompt_per_token_ms"": 0.832224609375, ""prompt_per_second"": 1201.5986895064293, ""predicted_n"": 128, ""predicted_ms"": 4270.288, ""predicted_per_token_ms"": 33.62431496062992, ""predicted_per_second"": 29.74038285005602}",ok,limit,639,14543.094435997773,True
512,128,1,False,i512-o128-c8,1789045018.288467,8,29.79021356299164,False,1789045014.0237656,7.5397491455078125,True,512,23503.843598999083,qwen2.5:3b-instruct-q8_0,agx,128,True,measure,etri-dev0005-jetagx,1789044994.7770836,,i512-o128-c8-6,etri-dev0005-jetagx,False,workload,etri-dev0005-jetagx,1789044994.7846234,"{""cache_n"": 0, ""prompt_n"": 512, ""prompt_ms"": 426.728, ""prompt_per_token_ms"": 0.833453125, ""prompt_per_second"": 1199.8275247933109, ""predicted_n"": 128, ""predicted_ms"": 4263.145, ""predicted_per_token_ms"": 33.56807086614174, ""predicted_per_second"": 29.79021356299164}",ok,limit,639,19239.142251957674,True
512,128,1,False,i512-o128-c8,1789045022.983197,8,29.74277186240104,False,1789045018.7121015,6.506204605102539,True,512,28199.60724504199,qwen2.5:3b-instruct-q8_0,agx,128,True,measure,etri-dev0005-jetagx,1789044994.7770836,,i512-o128-c8-5,etri-dev0005-jetagx,False,workload,etri-dev0005-jetagx,1789044994.7835898,"{""cache_n"": 0, ""prompt_n"": 512, ""prompt_ms"": 424.881, ""prompt_per_token_ms"": 0.829845703125, ""prompt_per_second"": 1205.0432944753943, ""predicted_n"": 128, ""predicted_ms"": 4269.945, ""predicted_per_token_ms"": 33.621614173228345, ""predicted_per_second"": 29.74277186240104}",ok,limit,639,23928.51121001877,True
512,128,1,False,i512-o128-c8,1789045027.6739233,8,29.773019408492157,False,1789045023.40695,3.8781166076660156,True,512,32892.96173397452,qwen2.5:3b-instruct-q8_0,agx,128,True,measure,etri-dev0005-jetagx,1789044994.7770836,,i512-o128-c8-3,etri-dev0005-jetagx,False,workload,etri-dev0005-jetagx,1789044994.7809618,"{""cache_n"": 0, ""prompt_n"": 512, ""prompt_ms"": 424.129, ""prompt_per_token_ms"": 0.828376953125, ""prompt_per_second"": 1207.1798910237214, ""predicted_n"": 128, ""predicted_ms"": 4265.607, ""predicted_per_token_ms"": 33.587456692913385, ""predicted_per_second"": 29.773019408492157}",ok,limit,639,28625.987934006844,True
512,128,1,False,i512-o128-c8,1789045032.3619933,8,29.794581609001245,False,1789045028.0985272,8.237838745117188,True,512,37576.67204202153,qwen2.5:3b-instruct-q8_0,agx,128,True,measure,etri-dev0005-jetagx,1789044994.7770836,,i512-o128-c8-7,etri-dev0005-jetagx,False,workload,etri-dev0005-jetagx,1789044994.7853215,"{""cache_n"": 0, ""prompt_n"": 512, ""prompt_ms"": 425.411, ""prompt_per_token_ms"": 0.830880859375, ""prompt_per_second"": 1203.5419864554513, ""predicted_n"": 128, ""predicted_ms"": 4262.52, ""predicted_per_token_ms"": 33.56314960629921, ""predicted_per_second"": 29.794581609001245}",ok,limit,639,33313.20602702908,True
512,128,1,False,i512-o128-c2,1789045037.1622102,2,29.717911500059554,False,1789045032.8882391,0.576019287109375,True,512,4705.524110991973,qwen2.5:3b-instruct-q8_0,agx,128,True,measure,etri-dev0005-jetagx,1789045032.456109,,i512-o128-c2-0,etri-dev0005-jetagx,False,workload,etri-dev0005-jetagx,1789045032.456685,"{""cache_n"": 0, ""prompt_n"": 512, ""prompt_ms"": 428.171, ""prompt_per_token_ms"": 0.836271484375, ""prompt_per_second"": 1195.783927449547, ""predicted_n"": 128, ""predicted_ms"": 4273.517, ""predicted_per_token_ms"": 33.649740157480316, ""predicted_per_second"": 29.717911500059554}",ok,limit,639,431.5524799749255,True
512,128,1,False,i512-o128-c2,1789045041.8558927,2,29.74497315808938,False,1789045037.5857627,1.7058849334716797,True,512,9398.076689976733,qwen2.5:3b-instruct-q8_0,agx,128,True,measure,etri-dev0005-jetagx,1789045032.456109,,i512-o128-c2-1,etri-dev0005-jetagx,False,workload,etri-dev0005-jetagx,1789045032.457815,"{""cache_n"": 0, ""prompt_n"": 512, ""prompt_ms"": 422.616, ""prompt_per_token_ms"": 0.825421875, ""prompt_per_second"": 1211.5016942094005, ""predicted_n"": 128, ""predicted_ms"": 4269.629, ""predicted_per_token_ms"": 33.619125984251966, ""predicted_per_second"": 29.74497315808938}",ok,limit,639,5127.947175991721,True
512,128,1,False,i512-o128-c1,1789045046.6034138,1,29.773228803512396,False,1789045042.337721,0.5109310150146484,True,512,4697.470079001505,qwen2.5:3b-instruct-q8_0,agx,128,True,measure,etri-dev0005-jetagx,1789045041.9054313,,i512-o128-c1-0,etri-dev0005-jetagx,False,workload,etri-dev0005-jetagx,1789045041.9059422,"{""cache_n"": 0, ""prompt_n"": 512, ""prompt_ms"": 428.309, ""prompt_per_token_ms"": 0.836541015625, ""prompt_per_second"": 1195.398649106136, ""predicted_n"": 128, ""predicted_ms"": 4265.577, ""predicted_per_token_ms"": 33.58722047244095, ""predicted_per_second"": 29.773228803512396}",ok,limit,639,431.7773840157315,True
512,128,1,False,i512-o128-c4,1789045051.4644337,4,29.76830182151535,False,1789045047.197216,0.3924369812011719,True,512,4701.287710049655,qwen2.5:3b-instruct-q8_0,agx,128,True,measure,etri-dev0005-jetagx,1789045046.7627525,,i512-o128-c4-0,etri-dev0005-jetagx,False,workload,etri-dev0005-jetagx,1789045046.763145,"{""cache_n"": 0, ""prompt_n"": 512, ""prompt_ms"": 429.243, ""prompt_per_token_ms"": 0.838365234375, ""prompt_per_second"": 1192.7975529012704, ""predicted_n"": 128, ""predicted_ms"": 4266.283, ""predicted_per_token_ms"": 33.59277952755906, ""predicted_per_second"": 29.76830182151535}",ok,limit,639,434.0703130001202,True
512,128,1,False,i512-o128-c4,1789045056.1608913,4,29.74045945965566,False,1789045051.8894377,1.5072822570800781,True,512,9396.630769013427,qwen2.5:3b-instruct-q8_0,agx,128,True,measure,etri-dev0005-jetagx,1789045046.7627525,,i512-o128-c4-1,etri-dev0005-jetagx,False,workload,etri-dev0005-jetagx,1789045046.7642598,"{""cache_n"": 0, ""prompt_n"": 512, ""prompt_ms"": 425.555, ""prompt_per_token_ms"": 0.831162109375, ""prompt_per_second"": 1203.1347299409008, ""predicted_n"": 128, ""predicted_ms"": 4270.277, ""predicted_per_token_ms"": 33.6242283464567, ""predicted_per_second"": 29.74045945965566}",ok,limit,639,5125.177011999767,True
512,128,1,False,i512-o128-c4,1789045060.8495927,4,29.78531588617413,False,1789045056.5853422,3.0095577239990234,True,512,14083.830416027922,qwen2.5:3b-instruct-q8_0,agx,128,True,measure,etri-dev0005-jetagx,1789045046.7627525,,i512-o128-c4-3,etri-dev0005-jetagx,False,workload,etri-dev0005-jetagx,1789045046.765762,"{""cache_n"": 0, ""prompt_n"": 512, ""prompt_ms"": 424.741, ""prompt_per_token_ms"": 0.829572265625, ""prompt_per_second"": 1205.440491970401, ""predicted_n"": 128, ""predicted_ms"": 4263.846, ""predicted_per_token_ms"": 33.5735905511811, ""predicted_per_second"": 29.78531588617413}",ok,limit,639,9819.580679992214,True
512,128,1,False,i512-o128-c4,1789045065.5361447,4,29.79558818837193,False,1789045061.2733989,2.3055076599121094,True,512,18771.086402004585,qwen2.5:3b-instruct-q8_0,agx,128,True,measure,etri-dev0005-jetagx,1789045046.7627525,,i512-o128-c4-2,etri-dev0005-jetagx,False,workload,etri-dev0005-jetagx,1789045046.765058,"{""cache_n"": 0, ""prompt_n"": 512, ""prompt_ms"": 424.031, ""prompt_per_token_ms"": 0.828185546875, ""prompt_per_second"": 1207.4588886189924, ""predicted_n"": 128, ""predicted_ms"": 4262.376, ""predicted_per_token_ms"": 33.5620157480315, ""predicted_per_second"": 29.79558818837193}",ok,limit,639,14508.340316009708,True
128,64,1,False,i128-o64-c1,1789045067.7882164,1,29.6435155515529,False,1789045065.6622474,0.5152225494384766,True,128,2233.430802996736,qwen2.5:3b-instruct-q8_0,agx,64,True,measure,etri-dev0005-jetagx,1789045065.5542696,,i128-o64-c1-0,etri-dev0005-jetagx,False,workload,etri-dev0005-jetagx,1789045065.5547848,"{""cache_n"": 0, ""prompt_n"": 128, ""prompt_ms"": 105.232, ""prompt_per_token_ms"": 0.822125, ""prompt_per_second"": 1216.3600425726015, ""predicted_n"": 64, ""predicted_ms"": 2125.254, ""predicted_per_token_ms"": 33.73419047619048, ""predicted_per_second"": 29.6435155515529}",ok,limit,191,107.46170702623203,True
512,256,1,False,i512-o256-c1,1789045076.7964966,1,29.88978055509191,False,1789045068.2646344,0.5035400390625,True,512,8957.483394013252,qwen2.5:3b-instruct-q8_0,agx,256,True,measure,etri-dev0005-jetagx,1789045067.8385088,,i512-o256-c1-0,etri-dev0005-jetagx,False,workload,etri-dev0005-jetagx,1789045067.8390124,"{""cache_n"": 0, ""prompt_n"": 512, ""prompt_ms"": 422.705, ""prompt_per_token_ms"": 0.825595703125, ""prompt_per_second"": 1211.2466140689135, ""predicted_n"": 256, ""predicted_ms"": 8531.344, ""predicted_per_token_ms"": 33.456250980392156, ""predicted_per_second"": 29.88978055509191}",ok,limit,767,425.62109197024256,True
512,128,2,False,,1789045952.4765184,,28.821099041550948,False,1789045948.0693226,0.0035762786865234375,True,512,5291.229301015846,qwen2.5:3b-instruct-q8_0,agx,128,True,warmup,etri-dev0005-jetagx,1789045947.185239,,warmup,etri-dev0005-jetagx,False,workload,etri-dev0005-jetagx,1789045947.1852427,"{""cache_n"": 0, ""prompt_n"": 512, ""prompt_ms"": 880.953, ""prompt_per_token_ms"": 1.720611328125, ""prompt_per_second"": 581.1887807862622, ""predicted_n"": 128, ""predicted_ms"": 4406.494, ""predicted_per_token_ms"": 34.696803149606296, ""predicted_per_second"": 28.821099041550948}",ok,limit,639,884.034242015332,True
128,64,2,False,i128-o64-c1,1789045954.748797,1,29.628584529646222,False,1789045952.621881,22.170066833496094,True,128,2236.081225972157,qwen2.5:3b-instruct-q8_0,agx,64,True,measure,etri-dev0005-jetagx,1789045952.4905448,,i128-o64-c1-0,etri-dev0005-jetagx,False,workload,etri-dev0005-jetagx,1789045952.5127149,"{""cache_n"": 0, ""prompt_n"": 128, ""prompt_ms"": 106.307, ""prompt_per_token_ms"": 0.8305234375, ""prompt_per_second"": 1204.0599396088687, ""predicted_n"": 64, ""predicted_ms"": 2126.325, ""predicted_per_token_ms"": 33.75119047619047, ""predicted_per_second"": 29.628584529646222}",ok,limit,191,109.16535998694599,True
512,128,2,False,i512-o128-c4,1789045959.6203108,4,29.75505730542887,False,1789045955.3509095,0.5795955657958984,True,512,4699.942904990166,qwen2.5:3b-instruct-q8_0,agx,128,True,measure,etri-dev0005-jetagx,1789045954.9197867,,i512-o128-c4-0,etri-dev0005-jetagx,False,workload,etri-dev0005-jetagx,1789045954.9203663,"{""cache_n"": 0, ""prompt_n"": 512, ""prompt_ms"": 425.358, ""prompt_per_token_ms"": 0.83077734375, ""prompt_per_second"": 1203.6919488995152, ""predicted_n"": 128, ""predicted_ms"": 4268.182, ""predicted_per_token_ms"": 33.607732283464564, ""predicted_per_second"": 29.75505730542887}",ok,limit,639,430.54165795911103,True
512,128,2,False,i512-o128-c4,1789045964.318181,4,29.722606171723648,False,1789045960.0437825,1.855611801147461,True,512,9396.538365981542,qwen2.5:3b-instruct-q8_0,agx,128,True,measure,etri-dev0005-jetagx,1789045954.9197867,,i512-o128-c4-1,etri-dev0005-jetagx,False,workload,etri-dev0005-jetagx,1789045954.9216423,"{""cache_n"": 0, ""prompt_n"": 512, ""prompt_ms"": 424.259, ""prompt_per_token_ms"": 0.828630859375, ""prompt_per_second"": 1206.8099910667775, ""predicted_n"": 128, ""predicted_ms"": 4272.842, ""predicted_per_token_ms"": 33.64442519685039, ""predicted_per_second"": 29.722606171723648}",ok,limit,639,5122.139731014613,True
512,128,2,False,i512-o128-c4,1789045969.0100224,4,29.768504172512934,False,1789045964.7426517,3.5638809204101562,True,512,14086.672303965315,qwen2.5:3b-instruct-q8_0,agx,128,True,measure,etri-dev0005-jetagx,1789045954.9197867,,i512-o128-c4-2,etri-dev0005-jetagx,False,workload,etri-dev0005-jetagx,1789045954.9233506,"{""cache_n"": 0, ""prompt_n"": 512, ""prompt_ms"": 425.115, ""prompt_per_token_ms"": 0.830302734375, ""prompt_per_second"": 1204.3799912964728, ""predicted_n"": 128, ""predicted_ms"": 4266.254, ""predicted_per_token_ms"": 33.59255118110236, ""predicted_per_second"": 29.768504172512934}",ok,limit,639,9819.301175011788,True
512,128,2,False,i512-o128-c4,1789045973.7050197,4,29.728074725612213,False,1789045969.4320152,4.31370735168457,True,512,18780.919294978958,qwen2.5:3b-instruct-q8_0,agx,128,True,measure,etri-dev0005-jetagx,1789045954.9197867,,i512-o128-c4-3,etri-dev0005-jetagx,False,workload,etri-dev0005-jetagx,1789045954.9241004,"{""cache_n"": 0, ""prompt_n"": 512, ""prompt_ms"": 422.805, ""prompt_per_token_ms"": 0.825791015625, ""prompt_per_second"": 1210.9601352869527, ""predicted_n"": 128, ""predicted_ms"": 4272.056, ""predicted_per_token_ms"": 33.638236220472436, ""predicted_per_second"": 29.728074725612213}",ok,limit,639,14507.914736983366,True
512,256,2,False,i512-o256-c1,1789045982.7504783,1,29.766918027861134,False,1789045974.183283,0.5297660827636719,True,512,8996.423771954142,qwen2.5:3b-instruct-q8_0,agx,256,True,measure,etri-dev0005-jetagx,1789045973.753524,,i512-o256-c1-0,etri-dev0005-jetagx,False,workload,etri-dev0005-jetagx,1789045973.7540538,"{""cache_n"": 0, ""prompt_n"": 512, ""prompt_ms"": 426.21, ""prompt_per_token_ms"": 0.83244140625, ""prompt_per_second"": 1201.2857511555337, ""predicted_n"": 256, ""predicted_ms"": 8566.557, ""predicted_per_token_ms"": 33.59434117647059, ""predicted_per_second"": 29.766918027861134}",ok,limit,767,429.22814295161515,True
512,128,2,False,i512-o128-c2,1789045987.5313456,2,29.746227206367852,False,1789045983.260642,0.5409717559814453,True,512,4693.881448009051,qwen2.5:3b-instruct-q8_0,agx,128,True,measure,etri-dev0005-jetagx,1789045982.836923,,i512-o128-c2-0,etri-dev0005-jetagx,False,workload,etri-dev0005-jetagx,1789045982.8374639,"{""cache_n"": 0, ""prompt_n"": 512, ""prompt_ms"": 419.798, ""prompt_per_token_ms"": 0.81991796875, ""prompt_per_second"": 1219.6342050224155, ""predicted_n"": 128, ""predicted_ms"": 4269.449, ""predicted_per_token_ms"": 33.61770866141732, ""predicted_per_second"": 29.746227206367852}",ok,limit,639,423.17737702978775,True
512,128,2,False,i512-o128-c2,1789045992.2311888,2,29.69201663501077,False,1789045987.953171,1.6016960144042969,True,512,9392.663641017862,qwen2.5:3b-instruct-q8_0,agx,128,True,measure,etri-dev0005-jetagx,1789045982.836923,,i512-o128-c2-1,etri-dev0005-jetagx,False,workload,etri-dev0005-jetagx,1789045982.8385246,"{""cache_n"": 0, ""prompt_n"": 512, ""prompt_ms"": 422.444, ""prompt_per_token_ms"": 0.8250859375, ""prompt_per_second"": 1211.9949626459365, ""predicted_n"": 128, ""predicted_ms"": 4277.244, ""predicted_per_token_ms"": 33.67908661417322, ""predicted_per_second"": 29.69201663501077}",ok,limit,639,5114.645578025375,True
512,128,2,False,i512-o128-c8,1789045997.2641666,8,29.72808168434161,False,1789045992.9905498,0.9520053863525391,True,512,4705.035617982503,qwen2.5:3b-instruct-q8_0,agx,128,True,measure,etri-dev0005-jetagx,1789045992.5581794,,i512-o128-c8-1,etri-dev0005-jetagx,False,workload,etri-dev0005-jetagx,1789045992.5591314,"{""cache_n"": 0, ""prompt_n"": 512, ""prompt_ms"": 427.423, ""prompt_per_token_ms"": 0.834810546875, ""prompt_per_second"": 1197.8765765997618, ""predicted_n"": 128, ""predicted_ms"": 4272.055, ""predicted_per_token_ms"": 33.63822834645669, ""predicted_per_second"": 29.72808168434161}",ok,limit,639,431.4184419927187,True
512,128,2,False,i512-o128-c8,1789046001.9485016,8,29.812549487071564,False,1789045997.6866746,1.6503334045410156,True,512,9388.671961030923,qwen2.5:3b-instruct-q8_0,agx,128,True,measure,etri-dev0005-jetagx,1789045992.5581794,,i512-o128-c8-2,etri-dev0005-jetagx,False,workload,etri-dev0005-jetagx,1789045992.5598297,"{""cache_n"": 0, ""prompt_n"": 512, ""prompt_ms"": 423.242, ""prompt_per_token_ms"": 0.82664453125, ""prompt_per_second"": 1209.7098114081305, ""predicted_n"": 128, ""predicted_ms"": 4259.951, ""predicted_per_token_ms"": 33.54292125984252, ""predicted_per_second"": 29.812549487071564}",ok,limit,639,5126.845279999543,True
512,128,2,False,i512-o128-c8,1789046006.6317644,8,29.822077260313858,False,1789046002.3718977,0.34427642822265625,True,512,14073.240976023953,qwen2.5:3b-instruct-q8_0,agx,128,True,measure,etri-dev0005-jetagx,1789045992.5581794,,i512-o128-c8-0,etri-dev0005-jetagx,False,workload,etri-dev0005-jetagx,1789045992.5585237,"{""cache_n"": 0, ""prompt_n"": 512, ""prompt_ms"": 424.573, ""prompt_per_token_ms"": 0.829244140625, ""prompt_per_second"": 1205.9174747334382, ""predicted_n"": 128, ""predicted_ms"": 4258.59, ""predicted_per_token_ms"": 33.53220472440945, ""predicted_per_second"": 29.822077260313858}",ok,limit,639,9813.373711018357,True
512,128,2,False,i512-o128-c8,1789046011.310591,8,29.837680667743797,False,1789046007.0531929,2.2373199462890625,True,512,18750.174222979695,qwen2.5:3b-instruct-q8_0,agx,128,True,measure,etri-dev0005-jetagx,1789045992.5581794,,i512-o128-c8-3,etri-dev0005-jetagx,False,workload,etri-dev0005-jetagx,1789045992.5604167,"{""cache_n"": 0, ""prompt_n"": 512, ""prompt_ms"": 421.854, ""prompt_per_token_ms"": 0.82393359375, ""prompt_per_second"": 1213.690044422952, ""predicted_n"": 128, ""predicted_ms"": 4256.363, ""predicted_per_token_ms"": 33.514669291338585, ""predicted_per_second"": 29.837680667743797}",ok,limit,639,14492.776617000345,True
512,128,2,False,i512-o128-c8,1789046016.010605,8,29.713788367636774,False,1789046011.7348402,8.065462112426758,True,512,23444.360634020995,qwen2.5:3b-instruct-q8_0,agx,128,True,measure,etri-dev0005-jetagx,1789045992.5581794,,i512-o128-c8-6,etri-dev0005-jetagx,False,workload,etri-dev0005-jetagx,1789045992.5662448,"{""cache_n"": 0, ""prompt_n"": 512, ""prompt_ms"": 424.686, ""prompt_per_token_ms"": 0.82946484375, ""prompt_per_second"": 1205.5966054920577, ""predicted_n"": 128, ""predicted_ms"": 4274.11, ""predicted_per_token_ms"": 33.654409448818896, ""predicted_per_second"": 29.713788367636774}",ok,limit,639,19168.595381022897,True
512,128,2,False,i512-o128-c8,1789046020.7069137,8,29.727810296309023,False,1789046016.4333832,2.888202667236328,True,512,28145.84673102945,qwen2.5:3b-instruct-q8_0,agx,128,True,measure,etri-dev0005-jetagx,1789045992.5581794,,i512-o128-c8-4,etri-dev0005-jetagx,False,workload,etri-dev0005-jetagx,1789045992.5610676,"{""cache_n"": 0, ""prompt_n"": 512, ""prompt_ms"": 423.943, ""prompt_per_token_ms"": 0.828013671875, ""prompt_per_second"": 1207.709526988298, ""predicted_n"": 128, ""predicted_ms"": 4272.094, ""predicted_per_token_ms"": 33.638535433070864, ""predicted_per_second"": 29.727810296309023}",ok,limit,639,23872.3164779949,True
512,128,2,False,i512-o128-c8,1789046025.3871198,8,29.841452597322494,False,1789046021.1306107,9.060144424438477,True,512,32819.880628958344,qwen2.5:3b-instruct-q8_0,agx,128,True,measure,etri-dev0005-jetagx,1789045992.5581794,,i512-o128-c8-7,etri-dev0005-jetagx,False,workload,etri-dev0005-jetagx,1789045992.5672395,"{""cache_n"": 0, ""prompt_n"": 512, ""prompt_ms"": 424.475, ""prompt_per_token_ms"": 0.829052734375, ""prompt_per_second"": 1206.1958890394014, ""predicted_n"": 128, ""predicted_ms"": 4255.825, ""predicted_per_token_ms"": 33.51043307086614, ""predicted_per_second"": 29.841452597322494}",ok,limit,639,28563.371450989507,True
512,128,2,False,i512-o128-c8,1789046030.068513,8,29.82575418646733,False,1789046025.810451,7.045745849609375,True,512,37503.28754802467,qwen2.5:3b-instruct-q8_0,agx,128,True,measure,etri-dev0005-jetagx,1789045992.5581794,,i512-o128-c8-5,etri-dev0005-jetagx,False,workload,etri-dev0005-jetagx,1789045992.5652251,"{""cache_n"": 0, ""prompt_n"": 512, ""prompt_ms"": 423.058, ""prompt_per_token_ms"": 0.82628515625, ""prompt_per_second"": 1210.2359487351616, ""predicted_n"": 128, ""predicted_ms"": 4258.065, ""predicted_per_token_ms"": 33.52807086614173, ""predicted_per_second"": 29.82575418646733}",ok,limit,639,33245.22616103059,True
2048,128,2,False,i2048-o128-c1,1789046036.6723702,1,28.470701854361828,False,1789046032.2105935,0.4074573516845703,True,2048,6485.862102999818,qwen2.5:3b-instruct-q8_0,agx,128,True,measure,etri-dev0005-jetagx,1789046030.1860998,,i2048-o128-c1-0,etri-dev0005-jetagx,False,workload,etri-dev0005-jetagx,1789046030.1865072,"{""cache_n"": 0, ""prompt_n"": 2048, ""prompt_ms"": 2020.619, ""prompt_per_token_ms"": 0.98663037109375, ""prompt_per_second"": 1013.550798047529, ""predicted_n"": 128, ""predicted_ms"": 4460.726, ""predicted_per_token_ms"": 35.12382677165354, ""predicted_per_second"": 28.470701854361828}",ok,limit,2175,2024.0856250165962,True
512,128,2,False,i512-o128-c1,1789046041.427154,1,29.716576397691092,False,1789046037.1526816,0.5166530609130859,True,512,4704.897151968908,qwen2.5:3b-instruct-q8_0,agx,128,True,measure,etri-dev0005-jetagx,1789046036.72174,,i512-o128-c1-0,etri-dev0005-jetagx,False,workload,etri-dev0005-jetagx,1789046036.7222567,"{""cache_n"": 0, ""prompt_n"": 512, ""prompt_ms"": 427.054, ""prompt_per_token_ms"": 0.83408984375, ""prompt_per_second"": 1198.911613051277, ""predicted_n"": 128, ""predicted_ms"": 4273.709, ""predicted_per_token_ms"": 33.651251968503935, ""predicted_per_second"": 29.716576397691092}",ok,limit,639,430.4242579964921,True
512,128,0,False,,1789044541.1698895,,28.117101751141956,False,1789044536.652334,0.00476837158203125,True,512,6699.422926001716,gemma2:2b-instruct-q8_0,agx,128,True,warmup,etri-dev0005-jetagx,1789044534.4704528,,warmup,etri-dev0005-jetagx,False,workload,etri-dev0005-jetagx,1789044534.4704576,"{""cache_n"": 0, ""prompt_n"": 512, ""prompt_ms"": 2177.518, ""prompt_per_token_ms"": 4.25296484375, ""prompt_per_second"": 235.13008847688056, ""predicted_n"": 128, ""predicted_ms"": 4516.824, ""predicted_per_token_ms"": 35.565543307086614, ""predicted_per_second"": 28.117101751141956}",ok,limit,639,2181.866734987125,True
128,64,0,False,i128-o64-c1,1789044544.0882316,1,29.205485624642755,False,1789044541.9304898,22.34625816345215,True,128,2881.9078750093468,gemma2:2b-instruct-q8_0,agx,64,True,measure,etri-dev0005-jetagx,1789044541.1839767,,i128-o64-c1-0,etri-dev0005-jetagx,False,workload,etri-dev0005-jetagx,1789044541.206323,"{""cache_n"": 0, ""prompt_n"": 128, ""prompt_ms"": 721.686, ""prompt_per_token_ms"": 5.638171875, ""prompt_per_second"": 177.36245403125457, ""predicted_n"": 64, ""predicted_ms"": 2157.129, ""predicted_per_token_ms"": 34.24014285714286, ""predicted_per_second"": 29.205485624642755}",ok,limit,191,724.1666360059753,True
512,128,0,False,i512-o128-c8,1789044550.3429356,8,28.783435246336342,False,1789044545.9291127,1.4917850494384766,True,512,5900.924978021067,gemma2:2b-instruct-q8_0,agx,128,True,measure,etri-dev0005-jetagx,1789044544.4405196,,i512-o128-c8-1,etri-dev0005-jetagx,False,workload,etri-dev0005-jetagx,1789044544.4420114,"{""cache_n"": 0, ""prompt_n"": 512, ""prompt_ms"": 1482.441, ""prompt_per_token_ms"": 2.895392578125, ""prompt_per_second"": 345.3763083994574, ""predicted_n"": 128, ""predicted_ms"": 4412.26, ""predicted_per_token_ms"": 34.74220472440945, ""predicted_per_second"": 28.783435246336342}",ok,limit,639,1487.1012580115348,True
512,128,0,False,i512-o128-c8,1789044556.212032,8,28.90737190335469,False,1789044551.8174562,3.8030147552490234,True,512,11767.710176005494,gemma2:2b-instruct-q8_0,agx,128,True,measure,etri-dev0005-jetagx,1789044544.4405196,,i512-o128-c8-4,etri-dev0005-jetagx,False,workload,etri-dev0005-jetagx,1789044544.4443226,"{""cache_n"": 0, ""prompt_n"": 512, ""prompt_ms"": 1475.038, ""prompt_per_token_ms"": 2.88093359375, ""prompt_per_second"": 347.10970158056944, ""predicted_n"": 128, ""predicted_ms"": 4393.343, ""predicted_per_token_ms"": 34.593251968503935, ""predicted_per_second"": 28.90737190335469}",ok,limit,639,7373.134098015726,True
512,128,0,False,i512-o128-c8,1789044561.9902868,8,28.825809040590823,False,1789044557.5833309,0.6005764007568359,True,512,17549.166548007634,gemma2:2b-instruct-q8_0,agx,128,True,measure,etri-dev0005-jetagx,1789044544.4405196,,i512-o128-c8-0,etri-dev0005-jetagx,False,workload,etri-dev0005-jetagx,1789044544.4411201,"{""cache_n"": 0, ""prompt_n"": 512, ""prompt_ms"": 1371.454, ""prompt_per_token_ms"": 2.67862109375, ""prompt_per_second"": 373.3264112394583, ""predicted_n"": 128, ""predicted_ms"": 4405.774, ""predicted_per_token_ms"": 34.69113385826772, ""predicted_per_second"": 28.825809040590823}",ok,limit,639,13142.210037971381,True
512,128,0,False,i512-o128-c8,1789044568.4334757,8,28.607379262217943,False,1789044563.9925902,3.2951831817626953,True,512,23989.66158501571,gemma2:2b-instruct-q8_0,agx,128,True,measure,etri-dev0005-jetagx,1789044544.4405196,,i512-o128-c8-3,etri-dev0005-jetagx,False,workload,etri-dev0005-jetagx,1789044544.4438148,"{""cache_n"": 0, ""prompt_n"": 512, ""prompt_ms"": 2003.036, ""prompt_per_token_ms"": 3.9121796875, ""prompt_per_second"": 255.61198101282253, ""predicted_n"": 128, ""predicted_ms"": 4439.414, ""predicted_per_token_ms"": 34.9560157480315, ""predicted_per_second"": 28.607379262217943}",ok,limit,639,19548.775759001728,True
512,128,0,False,i512-o128-c8,1789044574.1207156,8,28.93644440363469,False,1789044569.7307146,4.981279373168945,True,512,29675.214437011164,gemma2:2b-instruct-q8_0,agx,128,True,measure,etri-dev0005-jetagx,1789044544.4405196,,i512-o128-c8-5,etri-dev0005-jetagx,False,workload,etri-dev0005-jetagx,1789044544.4455009,"{""cache_n"": 0, ""prompt_n"": 512, ""prompt_ms"": 1298.046, ""prompt_per_token_ms"": 2.53524609375, ""prompt_per_second"": 394.43902604376115, ""predicted_n"": 128, ""predicted_ms"": 4388.929, ""predicted_per_token_ms"": 34.55849606299213, ""predicted_per_second"": 28.93644440363469}",ok,limit,639,25285.213575989474,True
512,128,0,False,i512-o128-c8,1789044579.8170474,8,28.981624509052416,False,1789044575.433577,2.7303695678710938,True,512,35373.798415006604,gemma2:2b-instruct-q8_0,agx,128,True,measure,etri-dev0005-jetagx,1789044544.4405196,,i512-o128-c8-2,etri-dev0005-jetagx,False,workload,etri-dev0005-jetagx,1789044544.44325,"{""cache_n"": 0, ""prompt_n"": 512, ""prompt_ms"": 1313.292, ""prompt_per_token_ms"": 2.5650234375, ""prompt_per_second"": 389.8599854411662, ""predicted_n"": 128, ""predicted_ms"": 4382.087, ""predicted_per_token_ms"": 34.5046220472441, ""predicted_per_second"": 28.981624509052416}",ok,limit,639,30990.3274649987,True
512,128,0,False,i512-o128-c8,1789044585.7337492,8,29.05658529755087,False,1789044581.36183,5.825281143188477,True,512,41287.40484704031,gemma2:2b-instruct-q8_0,agx,128,True,measure,etri-dev0005-jetagx,1789044544.4405196,,i512-o128-c8-6,etri-dev0005-jetagx,False,workload,etri-dev0005-jetagx,1789044544.4463449,"{""cache_n"": 0, ""prompt_n"": 512, ""prompt_ms"": 1545.237, ""prompt_per_token_ms"": 3.018041015625, ""prompt_per_second"": 331.34075873150846, ""predicted_n"": 128, ""predicted_ms"": 4370.782, ""predicted_per_token_ms"": 34.4156062992126, ""predicted_per_second"": 29.05658529755087}",ok,limit,639,36915.48559401417,True
512,128,0,False,i512-o128-c8,1789044591.904616,8,28.79138307910013,False,1789044587.4926832,7.1849822998046875,True,512,47456.91235503182,gemma2:2b-instruct-q8_0,agx,128,True,measure,etri-dev0005-jetagx,1789044544.4405196,,i512-o128-c8-7,etri-dev0005-jetagx,False,workload,etri-dev0005-jetagx,1789044544.4477046,"{""cache_n"": 0, ""prompt_n"": 512, ""prompt_ms"": 1759.639, ""prompt_per_token_ms"": 3.436794921875, ""prompt_per_second"": 290.96877257210144, ""predicted_n"": 128, ""predicted_ms"": 4411.042, ""predicted_per_token_ms"": 34.73261417322835, ""predicted_per_second"": 28.79138307910013}",ok,limit,639,43044.979305996094,True
2048,128,0,False,i2048-o128-c1,1789044599.5149534,1,27.66934565483428,False,1789044594.9236982,0.6024837493896484,True,2048,7467.088027042337,gemma2:2b-instruct-q8_0,agx,128,True,measure,etri-dev0005-jetagx,1789044592.0472622,,i2048-o128-c1-0,etri-dev0005-jetagx,False,workload,etri-dev0005-jetagx,1789044592.0478647,"{""cache_n"": 0, ""prompt_n"": 2048, ""prompt_ms"": 2871.297, ""prompt_per_token_ms"": 1.40200048828125, ""prompt_per_second"": 713.2665133561593, ""predicted_n"": 128, ""predicted_ms"": 4589.917, ""predicted_per_token_ms"": 36.14107874015748, ""predicted_per_second"": 27.66934565483428}",ok,limit,2175,2875.832810997963,True
512,128,0,False,i512-o128-c2,1789044606.3303504,2,28.53614518471649,False,1789044601.878596,0.5598068237304688,True,512,6720.654585049488,gemma2:2b-instruct-q8_0,agx,128,True,measure,etri-dev0005-jetagx,1789044599.6091352,,i512-o128-c2-0,etri-dev0005-jetagx,False,workload,etri-dev0005-jetagx,1789044599.609695,"{""cache_n"": 0, ""prompt_n"": 512, ""prompt_ms"": 2265.733, ""prompt_per_token_ms"": 4.425259765625, ""prompt_per_second"": 225.9754348813386, ""predicted_n"": 128, ""predicted_ms"": 4450.496, ""predicted_per_token_ms"": 35.04327559055118, ""predicted_per_second"": 28.53614518471649}",ok,limit,639,2268.8998189987615,True
512,128,0,False,i512-o128-c2,1789044612.2027671,2,28.91444034962339,False,1789044607.8099828,1.6956329345703125,True,512,12591.936159005854,gemma2:2b-instruct-q8_0,agx,128,True,measure,etri-dev0005-jetagx,1789044599.6091352,,i512-o128-c2-1,etri-dev0005-jetagx,False,workload,etri-dev0005-jetagx,1789044599.6108308,"{""cache_n"": 0, ""prompt_n"": 512, ""prompt_ms"": 1479.993, ""prompt_per_token_ms"": 2.890611328125, ""prompt_per_second"": 345.94758218451034, ""predicted_n"": 128, ""predicted_ms"": 4392.269, ""predicted_per_token_ms"": 34.58479527559055, ""predicted_per_second"": 28.91444034962339}",ok,limit,639,8199.15168301668,True
512,256,0,False,i512-o256-c1,1789044622.8619394,1,28.96709474352875,False,1789044614.058067,0.5447864532470703,True,512,10606.051713984925,gemma2:2b-instruct-q8_0,agx,256,True,measure,etri-dev0005-jetagx,1789044612.255342,,i512-o256-c1-0,etri-dev0005-jetagx,False,workload,etri-dev0005-jetagx,1789044612.2558868,"{""cache_n"": 0, ""prompt_n"": 512, ""prompt_ms"": 1799.656, ""prompt_per_token_ms"": 3.514953125, ""prompt_per_second"": 284.4988153291518, ""predicted_n"": 256, ""predicted_ms"": 8803.092, ""predicted_per_token_ms"": 34.52192941176471, ""predicted_per_second"": 28.96709474352875}",ok,limit,767,1802.1793609950691,True
512,128,0,False,i512-o128-c4,1789044628.8708596,4,28.85303942915511,False,1789044624.4677854,0.5674362182617188,True,512,5834.370641969144,gemma2:2b-instruct-q8_0,agx,128,True,measure,etri-dev0005-jetagx,1789044623.0359201,,i512-o128-c4-0,etri-dev0005-jetagx,False,workload,etri-dev0005-jetagx,1789044623.0364876,"{""cache_n"": 0, ""prompt_n"": 512, ""prompt_ms"": 1426.417, ""prompt_per_token_ms"": 2.785970703125, ""prompt_per_second"": 358.9413194037929, ""predicted_n"": 128, ""predicted_ms"": 4401.616, ""predicted_per_token_ms"": 34.6583937007874, ""predicted_per_second"": 28.85303942915511}",ok,limit,639,1431.2964520067908,True
512,128,0,False,i512-o128-c4,1789044634.7666802,4,28.961209310641124,False,1789044630.3800206,1.7001628875732422,True,512,11729.059561970644,gemma2:2b-instruct-q8_0,agx,128,True,measure,etri-dev0005-jetagx,1789044623.0359201,,i512-o128-c4-1,etri-dev0005-jetagx,False,workload,etri-dev0005-jetagx,1789044623.0376203,"{""cache_n"": 0, ""prompt_n"": 512, ""prompt_ms"": 1509.735, ""prompt_per_token_ms"": 2.948701171875, ""prompt_per_second"": 339.1323642890971, ""predicted_n"": 128, ""predicted_ms"": 4385.176, ""predicted_per_token_ms"": 34.528944881889764, ""predicted_per_second"": 28.961209310641124}",ok,limit,639,7342.399225977715,True
512,128,0,False,i512-o128-c4,1789044640.6203384,4,28.899340184828343,False,1789044636.2241983,3.366708755493164,True,512,17581.051657965872,gemma2:2b-instruct-q8_0,agx,128,True,measure,etri-dev0005-jetagx,1789044623.0359201,,i512-o128-c4-3,etri-dev0005-jetagx,False,workload,etri-dev0005-jetagx,1789044623.0392869,"{""cache_n"": 0, ""prompt_n"": 512, ""prompt_ms"": 1458.173, ""prompt_per_token_ms"": 2.847994140625, ""prompt_per_second"": 351.12431789643614, ""predicted_n"": 128, ""predicted_ms"": 4394.564, ""predicted_per_token_ms"": 34.602866141732285, ""predicted_per_second"": 28.899340184828343}",ok,limit,639,13184.91189397173,True
512,128,0,False,i512-o128-c4,1789044646.3217378,4,28.95444144032615,False,1789044641.934723,2.6276111602783203,True,512,23283.189756970387,gemma2:2b-instruct-q8_0,agx,128,True,measure,etri-dev0005-jetagx,1789044623.0359201,,i512-o128-c4-2,etri-dev0005-jetagx,False,workload,etri-dev0005-jetagx,1789044623.0385478,"{""cache_n"": 0, ""prompt_n"": 512, ""prompt_ms"": 1315.557, ""prompt_per_token_ms"": 2.569447265625, ""prompt_per_second"": 389.18876187044725, ""predicted_n"": 128, ""predicted_ms"": 4386.201, ""predicted_per_token_ms"": 34.53701574803149, ""predicted_per_second"": 28.95444144032615}",ok,limit,639,18896.174852969125,True
512,128,0,False,i512-o128-c1,1789044652.8221962,1,28.560062373377164,False,1789044648.375187,0.54931640625,True,512,6450.646805984434,gemma2:2b-instruct-q8_0,agx,128,True,measure,etri-dev0005-jetagx,1789044646.3709989,,i512-o128-c1-0,etri-dev0005-jetagx,False,workload,etri-dev0005-jetagx,1789044646.3715482,"{""cache_n"": 0, ""prompt_n"": 512, ""prompt_ms"": 1999.583, ""prompt_per_token_ms"": 3.905435546875, ""prompt_per_second"": 256.0533871312168, ""predicted_n"": 128, ""predicted_ms"": 4446.769, ""predicted_per_token_ms"": 35.01392913385827, ""predicted_per_second"": 28.560062373377164}",ok,limit,639,2003.6371879978105,True
512,128,1,False,,1789045361.904325,,28.088694809032262,False,1789045357.382185,0.00286102294921875,True,512,6436.732247995678,gemma2:2b-instruct-q8_0,agx,128,True,warmup,etri-dev0005-jetagx,1789045355.4675837,,warmup,etri-dev0005-jetagx,False,workload,etri-dev0005-jetagx,1789045355.4675865,"{""cache_n"": 0, ""prompt_n"": 512, ""prompt_ms"": 1912.221, ""prompt_per_token_ms"": 3.734806640625, ""prompt_per_second"": 267.751478516343, ""predicted_n"": 128, ""predicted_ms"": 4521.392, ""predicted_per_token_ms"": 35.60151181102362, ""predicted_per_second"": 28.088694809032262}",ok,limit,639,1914.592229994014,True
2048,128,1,False,i2048-o128-c1,1789045369.230352,1,27.787100921437766,False,1789045364.658946,22.243022918701172,True,2048,7163.7096690246835,gemma2:2b-instruct-q8_0,agx,128,True,measure,etri-dev0005-jetagx,1789045362.044398,,i2048-o128-c1-0,etri-dev0005-jetagx,False,workload,etri-dev0005-jetagx,1789045362.066641,"{""cache_n"": 0, ""prompt_n"": 2048, ""prompt_ms"": 2587.338, ""prompt_per_token_ms"": 1.2633486328125, ""prompt_per_second"": 791.5471422751878, ""predicted_n"": 128, ""predicted_ms"": 4570.466, ""predicted_per_token_ms"": 35.98792125984252, ""predicted_per_second"": 27.787100921437766}",ok,limit,2175,2592.30431902688,True
512,128,1,False,i512-o128-c8,1789045375.6474645,8,28.691895804589663,False,1789045371.219911,1.443624496459961,True,512,6029.562135983724,gemma2:2b-instruct-q8_0,agx,128,True,measure,etri-dev0005-jetagx,1789045369.6164587,,i512-o128-c8-1,etri-dev0005-jetagx,False,workload,etri-dev0005-jetagx,1789045369.6179023,"{""cache_n"": 0, ""prompt_n"": 512, ""prompt_ms"": 1599.185, ""prompt_per_token_ms"": 3.123408203125, ""prompt_per_second"": 320.16308307043903, ""predicted_n"": 128, ""predicted_ms"": 4426.337, ""predicted_per_token_ms"": 34.85304724409449, ""predicted_per_second"": 28.691895804589663}",ok,limit,639,1602.0089939702302,True
512,128,1,False,i512-o128-c8,1789045381.3941343,8,28.883644852161222,False,1789045376.9960995,0.5168914794921875,True,512,11777.157963020727,gemma2:2b-instruct-q8_0,agx,128,True,measure,etri-dev0005-jetagx,1789045369.6164587,,i512-o128-c8-0,etri-dev0005-jetagx,False,workload,etri-dev0005-jetagx,1789045369.6169755,"{""cache_n"": 0, ""prompt_n"": 512, ""prompt_ms"": 1349.195, ""prompt_per_token_ms"": 2.635146484375, ""prompt_per_second"": 379.485545084291, ""predicted_n"": 128, ""predicted_ms"": 4396.952, ""predicted_per_token_ms"": 34.621669291338584, ""predicted_per_second"": 28.883644852161222}",ok,limit,639,7379.1228529880755,True
512,128,1,False,i512-o128-c8,1789045387.140758,8,28.961876364714403,False,1789045382.754165,2.764463424682617,True,512,17521.534556988627,gemma2:2b-instruct-q8_0,agx,128,True,measure,etri-dev0005-jetagx,1789045369.6164587,,i512-o128-c8-2,etri-dev0005-jetagx,False,workload,etri-dev0005-jetagx,1789045369.619223,"{""cache_n"": 0, ""prompt_n"": 512, ""prompt_ms"": 1360.516, ""prompt_per_token_ms"": 2.6572578125, ""prompt_per_second"": 376.3278050386765, ""predicted_n"": 128, ""predicted_ms"": 4385.075, ""predicted_per_token_ms"": 34.52814960629921, ""predicted_per_second"": 28.961876364714403}",ok,limit,639,13134.940791002009,True
512,128,1,False,i512-o128-c8,1789045392.8776062,8,28.79951163284841,False,1789045388.466832,3.7384033203125,True,512,23257.409606012516,gemma2:2b-instruct-q8_0,agx,128,True,measure,etri-dev0005-jetagx,1789045369.6164587,,i512-o128-c8-3,etri-dev0005-jetagx,False,workload,etri-dev0005-jetagx,1789045369.620197,"{""cache_n"": 0, ""prompt_n"": 512, ""prompt_ms"": 1326.841, ""prompt_per_token_ms"": 2.591486328125, ""prompt_per_second"": 385.878941033628, ""predicted_n"": 128, ""predicted_ms"": 4409.797, ""predicted_per_token_ms"": 34.72281102362204, ""predicted_per_second"": 28.79951163284841}",ok,limit,639,18846.634487970732,True
512,128,1,False,i512-o128-c8,1789045398.759542,8,29.007241989147637,False,1789045394.379989,4.836559295654297,True,512,29138.24768800987,gemma2:2b-instruct-q8_0,agx,128,True,measure,etri-dev0005-jetagx,1789045369.6164587,,i512-o128-c8-4,etri-dev0005-jetagx,False,workload,etri-dev0005-jetagx,1789045369.6212952,"{""cache_n"": 0, ""prompt_n"": 512, ""prompt_ms"": 1502.395, ""prompt_per_token_ms"": 2.934365234375, ""prompt_per_second"": 340.7892065668483, ""predicted_n"": 128, ""predicted_ms"": 4378.217, ""predicted_per_token_ms"": 34.47414960629921, ""predicted_per_second"": 29.007241989147637}",ok,limit,639,24758.6940730107,True
512,128,1,False,i512-o128-c8,1789045404.588846,8,28.912860508652344,False,1789045400.1949496,5.6629180908203125,True,512,34966.725189995486,gemma2:2b-instruct-q8_0,agx,128,True,measure,etri-dev0005-jetagx,1789045369.6164587,,i512-o128-c8-5,etri-dev0005-jetagx,False,workload,etri-dev0005-jetagx,1789045369.6221216,"{""cache_n"": 0, ""prompt_n"": 512, ""prompt_ms"": 1436.173, ""prompt_per_token_ms"": 2.805025390625, ""prompt_per_second"": 356.50301182378445, ""predicted_n"": 128, ""predicted_ms"": 4392.509, ""predicted_per_token_ms"": 34.58668503937008, ""predicted_per_second"": 28.912860508652344}",ok,limit,639,30572.82841502456,True
512,128,1,False,i512-o128-c8,1789045410.2788122,8,28.936325729155534,False,1789045405.8884206,6.583690643310547,True,512,40655.76958999736,gemma2:2b-instruct-q8_0,agx,128,True,measure,etri-dev0005-jetagx,1789045369.6164587,,i512-o128-c8-6,etri-dev0005-jetagx,False,workload,etri-dev0005-jetagx,1789045369.6230423,"{""cache_n"": 0, ""prompt_n"": 512, ""prompt_ms"": 1300.455, ""prompt_per_token_ms"": 2.539951171875, ""prompt_per_second"": 393.7083559215813, ""predicted_n"": 128, ""predicted_ms"": 4388.947, ""predicted_per_token_ms"": 34.558637795275594, ""predicted_per_second"": 28.936325729155534}",ok,limit,639,36265.377899981104,True
512,128,1,False,i512-o128-c8,1789045416.0256593,8,28.8444482499937,False,1789045411.6215253,7.317304611206055,True,512,46401.883450045716,gemma2:2b-instruct-q8_0,agx,128,True,measure,etri-dev0005-jetagx,1789045369.6164587,,i512-o128-c8-7,etri-dev0005-jetagx,False,workload,etri-dev0005-jetagx,1789045369.623776,"{""cache_n"": 0, ""prompt_n"": 512, ""prompt_ms"": 1343.666, ""prompt_per_token_ms"": 2.62434765625, ""prompt_per_second"": 381.04707568696386, ""predicted_n"": 128, ""predicted_ms"": 4402.927, ""predicted_per_token_ms"": 34.66871653543307, ""predicted_per_second"": 28.8444482499937}",ok,limit,639,41997.74926999817,True
512,128,1,False,i512-o128-c2,1789045421.980651,2,28.847829064573933,False,1789045417.5773604,0.5567073822021484,True,512,5854.622623010073,gemma2:2b-instruct-q8_0,agx,128,True,measure,etri-dev0005-jetagx,1789045416.1254706,,i512-o128-c2-0,etri-dev0005-jetagx,False,workload,etri-dev0005-jetagx,1789045416.1260273,"{""cache_n"": 0, ""prompt_n"": 512, ""prompt_ms"": 1447.192, ""prompt_per_token_ms"": 2.826546875, ""prompt_per_second"": 353.78857815687206, ""predicted_n"": 128, ""predicted_ms"": 4402.411, ""predicted_per_token_ms"": 34.66465354330709, ""predicted_per_second"": 28.847829064573933}",ok,limit,639,1451.3320900150575,True
512,128,1,False,i512-o128-c2,1789045427.9001155,2,28.830442041050013,False,1789045423.494121,1.7480850219726562,True,512,11772.896152979229,gemma2:2b-instruct-q8_0,agx,128,True,measure,etri-dev0005-jetagx,1789045416.1254706,,i512-o128-c2-1,etri-dev0005-jetagx,False,workload,etri-dev0005-jetagx,1789045416.1272187,"{""cache_n"": 0, ""prompt_n"": 512, ""prompt_ms"": 1514.244, ""prompt_per_token_ms"": 2.9575078125, ""prompt_per_second"": 338.1225218656967, ""predicted_n"": 128, ""predicted_ms"": 4405.066, ""predicted_per_token_ms"": 34.685559055118105, ""predicted_per_second"": 28.830442041050013}",ok,limit,639,7366.901243978646,True
512,128,1,False,i512-o128-c1,1789045433.7956252,1,28.874707188869916,False,1789045429.396495,0.5931854248046875,True,512,5845.834266045131,gemma2:2b-instruct-q8_0,agx,128,True,measure,etri-dev0005-jetagx,1789045427.9491968,,i512-o128-c1-0,etri-dev0005-jetagx,False,workload,etri-dev0005-jetagx,1789045427.94979,"{""cache_n"": 0, ""prompt_n"": 512, ""prompt_ms"": 1443.749, ""prompt_per_token_ms"": 2.819822265625, ""prompt_per_second"": 354.6322802647829, ""predicted_n"": 128, ""predicted_ms"": 4398.313, ""predicted_per_token_ms"": 34.63238582677165, ""predicted_per_second"": 28.874707188869916}",ok,limit,639,1446.703719033394,True
512,128,1,False,i512-o128-c4,1789045439.8763888,4,28.794098615479978,False,1789045435.4649198,1.6694068908691406,True,512,5883.547457982786,gemma2:2b-instruct-q8_0,agx,128,True,measure,etri-dev0005-jetagx,1789045433.991171,,i512-o128-c4-1,etri-dev0005-jetagx,False,workload,etri-dev0005-jetagx,1789045433.9928403,"{""cache_n"": 0, ""prompt_n"": 512, ""prompt_ms"": 1468.501, ""prompt_per_token_ms"": 2.868166015625, ""prompt_per_second"": 348.6548528056842, ""predicted_n"": 128, ""predicted_ms"": 4410.626, ""predicted_per_token_ms"": 34.729338582677165, ""predicted_per_second"": 28.794098615479978}",ok,limit,639,1472.0780330244452,True
512,128,1,False,i512-o128-c4,1789045445.7004383,4,28.940611813648896,False,1789045441.311121,0.5555152893066406,True,512,11708.710944047198,gemma2:2b-instruct-q8_0,agx,128,True,measure,etri-dev0005-jetagx,1789045433.991171,,i512-o128-c4-0,etri-dev0005-jetagx,False,workload,etri-dev0005-jetagx,1789045433.9917264,"{""cache_n"": 0, ""prompt_n"": 512, ""prompt_ms"": 1434.432, ""prompt_per_token_ms"": 2.801625, ""prompt_per_second"": 356.9357069557846, ""predicted_n"": 128, ""predicted_ms"": 4388.297, ""predicted_per_token_ms"": 34.55351968503937, ""predicted_per_second"": 28.940611813648896}",ok,limit,639,7319.392933044583,True
512,128,1,False,i512-o128-c4,1789045451.444034,4,28.90537177884341,False,1789045447.0492334,3.271341323852539,True,512,17449.592160992324,gemma2:2b-instruct-q8_0,agx,128,True,measure,etri-dev0005-jetagx,1789045433.991171,,i512-o128-c4-3,etri-dev0005-jetagx,False,workload,etri-dev0005-jetagx,1789045433.9944422,"{""cache_n"": 0, ""prompt_n"": 512, ""prompt_ms"": 1349.358, ""prompt_per_token_ms"": 2.63546484375, ""prompt_per_second"": 379.4397039184561, ""predicted_n"": 128, ""predicted_ms"": 4393.647, ""predicted_per_token_ms"": 34.595645669291336, ""predicted_per_second"": 28.90537177884341}",ok,limit,639,13054.790899972431,True
512,128,1,False,i512-o128-c4,1789045457.2276232,4,28.899616386036982,False,1789045452.8319662,2.6252269744873047,True,512,23233.827029995155,gemma2:2b-instruct-q8_0,agx,128,True,measure,etri-dev0005-jetagx,1789045433.991171,,i512-o128-c4-2,etri-dev0005-jetagx,False,workload,etri-dev0005-jetagx,1789045433.993796,"{""cache_n"": 0, ""prompt_n"": 512, ""prompt_ms"": 1388.616, ""prompt_per_token_ms"": 2.712140625, ""prompt_per_second"": 368.7124446211192, ""predicted_n"": 128, ""predicted_ms"": 4394.522, ""predicted_per_token_ms"": 34.60253543307086, ""predicted_per_second"": 28.899616386036982}",ok,limit,639,18838.1698760204,True
128,64,1,False,i128-o64-c1,1789045459.9600694,1,29.23414882687537,False,1789045457.8042023,0.5600452423095703,True,128,2713.043876050506,gemma2:2b-instruct-q8_0,agx,64,True,measure,etri-dev0005-jetagx,1789045457.2464645,,i128-o64-c1-0,etri-dev0005-jetagx,False,workload,etri-dev0005-jetagx,1789045457.2470245,"{""cache_n"": 0, ""prompt_n"": 128, ""prompt_ms"": 554.586, ""prompt_per_token_ms"": 4.332703125, ""prompt_per_second"": 230.80279704139664, ""predicted_n"": 64, ""predicted_ms"": 2155.014, ""predicted_per_token_ms"": 34.20657142857143, ""predicted_per_second"": 29.23414882687537}",ok,limit,191,557.1766290231608,True
512,256,1,False,i512-o256-c1,1789045470.2515388,1,29.030920548859722,False,1789045461.466815,0.5388259887695312,True,512,10237.433286034502,gemma2:2b-instruct-q8_0,agx,256,True,measure,etri-dev0005-jetagx,1789045460.0135658,,i512-o256-c1-0,etri-dev0005-jetagx,False,workload,etri-dev0005-jetagx,1789045460.0141046,"{""cache_n"": 0, ""prompt_n"": 512, ""prompt_ms"": 1449.381, ""prompt_per_token_ms"": 2.830822265625, ""prompt_per_second"": 353.2542512976229, ""predicted_n"": 256, ""predicted_ms"": 8783.738, ""predicted_per_token_ms"": 34.446031372549015, ""predicted_per_second"": 29.030920548859722}",ok,limit,767,1452.7091340278275,True
512,128,2,False,,1789046131.2787933,,27.98801231560693,False,1789046126.7403235,0.010251998901367188,True,512,6709.288824989926,gemma2:2b-instruct-q8_0,agx,128,True,warmup,etri-dev0005-jetagx,1789046124.5694795,,warmup,etri-dev0005-jetagx,False,workload,etri-dev0005-jetagx,1789046124.5694897,"{""cache_n"": 0, ""prompt_n"": 512, ""prompt_ms"": 2165.712, ""prompt_per_token_ms"": 4.22990625, ""prompt_per_second"": 236.4118590098776, ""predicted_n"": 128, ""predicted_ms"": 4537.657, ""predicted_per_token_ms"": 35.729582677165354, ""predicted_per_second"": 27.98801231560693}",ok,limit,639,2170.819046034012,True
128,64,2,False,i128-o64-c1,1789046134.0608675,1,29.196701421554955,False,1789046131.902512,22.28236198425293,True,128,2744.950588035863,gemma2:2b-instruct-q8_0,agx,64,True,measure,etri-dev0005-jetagx,1789046131.2936337,,i128-o64-c1-0,etri-dev0005-jetagx,False,workload,etri-dev0005-jetagx,1789046131.315916,"{""cache_n"": 0, ""prompt_n"": 128, ""prompt_ms"": 583.862, ""prompt_per_token_ms"": 4.561421875, ""prompt_per_second"": 219.22988651427906, ""predicted_n"": 64, ""predicted_ms"": 2157.778, ""predicted_per_token_ms"": 34.25044444444444, ""predicted_per_second"": 29.196701421554955}",ok,limit,191,586.5951020387001,True
512,128,2,False,i512-o128-c4,1789046140.4463398,4,28.60450554747222,False,1789046136.0050454,0.5044937133789062,True,512,6204.030359978788,gemma2:2b-instruct-q8_0,agx,128,True,measure,etri-dev0005-jetagx,1789046134.2418044,,i512-o128-c4-0,etri-dev0005-jetagx,False,workload,etri-dev0005-jetagx,1789046134.2423089,"{""cache_n"": 0, ""prompt_n"": 512, ""prompt_ms"": 1757.562, ""prompt_per_token_ms"": 3.43273828125, ""prompt_per_second"": 291.31262510227236, ""predicted_n"": 128, ""predicted_ms"": 4439.86, ""predicted_per_token_ms"": 34.95952755905512, ""predicted_per_second"": 28.60450554747222}",ok,limit,639,1762.7360409824178,True
512,128,2,False,i512-o128-c4,1789046146.2067468,4,28.810650957375668,False,1789046141.7970488,1.5840530395507812,True,512,11963.358687993605,gemma2:2b-instruct-q8_0,agx,128,True,measure,etri-dev0005-jetagx,1789046134.2418044,,i512-o128-c4-1,etri-dev0005-jetagx,False,workload,etri-dev0005-jetagx,1789046134.2433884,"{""cache_n"": 0, ""prompt_n"": 512, ""prompt_ms"": 1351.641, ""prompt_per_token_ms"": 2.639923828125, ""prompt_per_second"": 378.7988082634368, ""predicted_n"": 128, ""predicted_ms"": 4408.092, ""predicted_per_token_ms"": 34.70938582677165, ""predicted_per_second"": 28.810650957375668}",ok,limit,639,7553.66072099423,True
512,128,2,False,i512-o128-c4,1789046151.9883676,4,28.841402264436145,False,1789046147.583679,3.671407699584961,True,512,17742.89216095349,gemma2:2b-instruct-q8_0,agx,128,True,measure,etri-dev0005-jetagx,1789046134.2418044,,i512-o128-c4-3,etri-dev0005-jetagx,False,workload,etri-dev0005-jetagx,1789046134.2454758,"{""cache_n"": 0, ""prompt_n"": 512, ""prompt_ms"": 1377.862, ""prompt_per_token_ms"": 2.69113671875, ""prompt_per_second"": 371.59018827720047, ""predicted_n"": 128, ""predicted_ms"": 4403.392, ""predicted_per_token_ms"": 34.6723779527559, ""predicted_per_second"": 28.841402264436145}",ok,limit,639,13338.203108985908,True
512,128,2,False,i512-o128-c4,1789046157.7710521,4,28.95463947940014,False,1789046153.3838725,2.846956253051758,True,512,23526.400918024592,gemma2:2b-instruct-q8_0,agx,128,True,measure,etri-dev0005-jetagx,1789046134.2418044,,i512-o128-c4-2,etri-dev0005-jetagx,False,workload,etri-dev0005-jetagx,1789046134.2446513,"{""cache_n"": 0, ""prompt_n"": 512, ""prompt_ms"": 1396.202, ""prompt_per_token_ms"": 2.72695703125, ""prompt_per_second"": 366.70911515668934, ""predicted_n"": 128, ""predicted_ms"": 4386.171, ""predicted_per_token_ms"": 34.536779527559055, ""predicted_per_second"": 28.95463947940014}",ok,limit,639,19139.22106602695,True
512,256,2,False,i512-o256-c1,1789046167.9697683,1,28.991926828469666,False,1789046159.1732001,0.5326271057128906,True,512,10146.84510504594,gemma2:2b-instruct-q8_0,agx,256,True,measure,etri-dev0005-jetagx,1789046157.8223898,,i512-o256-c1-0,etri-dev0005-jetagx,False,workload,etri-dev0005-jetagx,1789046157.8229225,"{""cache_n"": 0, ""prompt_n"": 512, ""prompt_ms"": 1347.852, ""prompt_per_token_ms"": 2.6325234375, ""prompt_per_second"": 379.8636645566427, ""predicted_n"": 256, ""predicted_ms"": 8795.552, ""predicted_per_token_ms"": 34.492360784313725, ""predicted_per_second"": 28.991926828469666}",ok,limit,767,1350.2765170414932,True
512,128,2,False,i512-o128-c2,1789046173.7915838,2,28.922493638190076,False,1789046169.3995783,0.5102157592773438,True,512,5727.987941994797,gemma2:2b-instruct-q8_0,agx,128,True,measure,etri-dev0005-jetagx,1789046168.0630846,,i512-o128-c2-0,etri-dev0005-jetagx,False,workload,etri-dev0005-jetagx,1789046168.0635948,"{""cache_n"": 0, ""prompt_n"": 512, ""prompt_ms"": 1332.331, ""prompt_per_token_ms"": 2.602208984375, ""prompt_per_second"": 384.2888891724354, ""predicted_n"": 128, ""predicted_ms"": 4391.046, ""predicted_per_token_ms"": 34.575165354330714, ""predicted_per_second"": 28.922493638190076}",ok,limit,639,1335.9822919592261,True
512,128,2,False,i512-o128-c2,1789046179.6679235,2,28.97765024569397,False,1789046175.2845175,1.646280288696289,True,512,11603.191873000469,gemma2:2b-instruct-q8_0,agx,128,True,measure,etri-dev0005-jetagx,1789046168.0630846,,i512-o128-c2-1,etri-dev0005-jetagx,False,workload,etri-dev0005-jetagx,1789046168.064731,"{""cache_n"": 0, ""prompt_n"": 512, ""prompt_ms"": 1493.49, ""prompt_per_token_ms"": 2.91697265625, ""prompt_per_second"": 342.8211772425661, ""predicted_n"": 128, ""predicted_ms"": 4382.688, ""predicted_per_token_ms"": 34.50935433070866, ""predicted_per_second"": 28.97765024569397}",ok,limit,639,7219.786179019138,True
512,128,2,False,i512-o128-c8,1789046185.9068289,8,28.747750262181743,False,1789046181.487429,0.5288124084472656,True,512,5855.815746996086,gemma2:2b-instruct-q8_0,agx,128,True,measure,etri-dev0005-jetagx,1789046180.0504835,,i512-o128-c8-0,etri-dev0005-jetagx,False,workload,etri-dev0005-jetagx,1789046180.0510123,"{""cache_n"": 0, ""prompt_n"": 512, ""prompt_ms"": 1430.4, ""prompt_per_token_ms"": 2.79375, ""prompt_per_second"": 357.94183445190157, ""predicted_n"": 128, ""predicted_ms"": 4417.737, ""predicted_per_token_ms"": 34.78533070866142, ""predicted_per_second"": 28.747750262181743}",ok,limit,639,1436.4147479645908,True
512,128,2,False,i512-o128-c8,1789046191.612763,8,28.90971450632565,False,1789046187.2184207,2.438068389892578,True,512,11559.842344024219,gemma2:2b-instruct-q8_0,agx,128,True,measure,etri-dev0005-jetagx,1789046180.0504835,,i512-o128-c8-2,etri-dev0005-jetagx,False,workload,etri-dev0005-jetagx,1789046180.0529215,"{""cache_n"": 0, ""prompt_n"": 512, ""prompt_ms"": 1312.575, ""prompt_per_token_ms"": 2.563623046875, ""prompt_per_second"": 390.0729482124831, ""predicted_n"": 128, ""predicted_ms"": 4392.987, ""predicted_per_token_ms"": 34.59044881889764, ""predicted_per_second"": 28.90971450632565}",ok,limit,639,7165.499511000235,True
512,128,2,False,i512-o128-c8,1789046197.3393602,8,28.877031368414304,False,1789046192.9401143,1.5180110931396484,True,512,17287.35892503755,gemma2:2b-instruct-q8_0,agx,128,True,measure,etri-dev0005-jetagx,1789046180.0504835,,i512-o128-c8-1,etri-dev0005-jetagx,False,workload,etri-dev0005-jetagx,1789046180.0520015,"{""cache_n"": 0, ""prompt_n"": 512, ""prompt_ms"": 1327.942, ""prompt_per_token_ms"": 2.59363671875, ""prompt_per_second"": 385.55900784823433, ""predicted_n"": 128, ""predicted_ms"": 4397.959, ""predicted_per_token_ms"": 34.629598425196846, ""predicted_per_second"": 28.877031368414304}",ok,limit,639,12888.11194099253,True
512,128,2,False,i512-o128-c8,1789046203.0559306,8,28.849860555221248,False,1789046198.65301,4.554033279418945,True,512,23000.89372403454,gemma2:2b-instruct-q8_0,agx,128,True,measure,etri-dev0005-jetagx,1789046180.0504835,,i512-o128-c8-5,etri-dev0005-jetagx,False,workload,etri-dev0005-jetagx,1789046180.0550375,"{""cache_n"": 0, ""prompt_n"": 512, ""prompt_ms"": 1313.73, ""prompt_per_token_ms"": 2.56587890625, ""prompt_per_second"": 389.73000540445906, ""predicted_n"": 128, ""predicted_ms"": 4402.101, ""predicted_per_token_ms"": 34.66221259842519, ""predicted_per_second"": 28.849860555221248}",ok,limit,639,18597.97280805651,True
512,128,2,False,i512-o128-c8,1789046208.8745432,8,28.856664855740533,False,1789046204.4721942,3.1147003173828125,True,512,28820.945415005554,gemma2:2b-instruct-q8_0,agx,128,True,measure,etri-dev0005-jetagx,1789046180.0504835,,i512-o128-c8-3,etri-dev0005-jetagx,False,workload,etri-dev0005-jetagx,1789046180.0535982,"{""cache_n"": 0, ""prompt_n"": 512, ""prompt_ms"": 1416.72, ""prompt_per_token_ms"": 2.76703125, ""prompt_per_second"": 361.3981591281269, ""predicted_n"": 128, ""predicted_ms"": 4401.063, ""predicted_per_token_ms"": 34.65403937007874, ""predicted_per_second"": 28.856664855740533}",ok,limit,639,24418.596433999483,True
512,128,2,False,i512-o128-c8,1789046214.6630607,8,28.827824343667615,False,1789046210.2565844,3.8394927978515625,True,512,34608.73811703641,gemma2:2b-instruct-q8_0,agx,128,True,measure,etri-dev0005-jetagx,1789046180.0504835,,i512-o128-c8-4,etri-dev0005-jetagx,False,workload,etri-dev0005-jetagx,1789046180.054323,"{""cache_n"": 0, ""prompt_n"": 512, ""prompt_ms"": 1382.344, ""prompt_per_token_ms"": 2.699890625, ""prompt_per_second"": 370.38537440752805, ""predicted_n"": 128, ""predicted_ms"": 4405.466, ""predicted_per_token_ms"": 34.68870866141732, ""predicted_per_second"": 28.827824343667615}",ok,limit,639,30202.261792030185,True
512,128,2,False,i512-o128-c8,1789046220.3881328,8,28.838324180003823,False,1789046215.983029,5.400896072387695,True,512,40332.248986000195,gemma2:2b-instruct-q8_0,agx,128,True,measure,etri-dev0005-jetagx,1789046180.0504835,,i512-o128-c8-6,etri-dev0005-jetagx,False,workload,etri-dev0005-jetagx,1789046180.0558844,"{""cache_n"": 0, ""prompt_n"": 512, ""prompt_ms"": 1320.697, ""prompt_per_token_ms"": 2.579486328125, ""prompt_per_second"": 387.67408421462306, ""predicted_n"": 128, ""predicted_ms"": 4403.862, ""predicted_per_token_ms"": 34.67607874015748, ""predicted_per_second"": 28.838324180003823}",ok,limit,639,35927.14460298885,True
512,128,2,False,i512-o128-c8,1789046226.1770794,8,28.927322493863194,False,1789046221.7861423,6.294965744018555,True,512,46120.30138500268,gemma2:2b-instruct-q8_0,agx,128,True,measure,etri-dev0005-jetagx,1789046180.0504835,,i512-o128-c8-7,etri-dev0005-jetagx,False,workload,etri-dev0005-jetagx,1789046180.0567784,"{""cache_n"": 0, ""prompt_n"": 512, ""prompt_ms"": 1398.51, ""prompt_per_token_ms"": 2.73146484375, ""prompt_per_second"": 366.10392489149166, ""predicted_n"": 128, ""predicted_ms"": 4390.313, ""predicted_per_token_ms"": 34.5693937007874, ""predicted_per_second"": 28.927322493863194}",ok,limit,639,41729.36394897988,True
2048,128,2,False,i2048-o128-c1,1789046233.566869,1,27.67223953613483,False,1789046228.976288,0.5688667297363281,True,2048,7246.856311976444,gemma2:2b-instruct-q8_0,agx,128,True,measure,etri-dev0005-jetagx,1789046226.319443,,i2048-o128-c1-0,etri-dev0005-jetagx,False,workload,etri-dev0005-jetagx,1789046226.3200119,"{""cache_n"": 0, ""prompt_n"": 2048, ""prompt_ms"": 2651.553, ""prompt_per_token_ms"": 1.29470361328125, ""prompt_per_second"": 772.3775462907964, ""predicted_n"": 128, ""predicted_ms"": 4589.437, ""predicted_per_token_ms"": 36.13729921259842, ""predicted_per_second"": 27.67223953613483}",ok,limit,2175,2656.274951004889,True
512,128,2,False,i512-o128-c1,1789046239.4841993,1,28.87320389347197,False,1789046235.0850189,0.5321502685546875,True,512,5864.4318070146255,gemma2:2b-instruct-q8_0,agx,128,True,measure,etri-dev0005-jetagx,1789046233.619234,,i512-o128-c1-0,etri-dev0005-jetagx,False,workload,etri-dev0005-jetagx,1789046233.6197662,"{""cache_n"": 0, ""prompt_n"": 512, ""prompt_ms"": 1461.731, ""prompt_per_token_ms"": 2.854943359375, ""prompt_per_second"": 350.2696460566274, ""predicted_n"": 128, ""predicted_ms"": 4398.542, ""predicted_per_token_ms"": 34.634188976377956, ""predicted_per_second"": 28.87320389347197}",ok,limit,639,1465.251182031352,True
512,128,0,False,,1789043478.1474743,,156.10518785477058,False,1789043477.3342876,0.0007152557373046875,True,512,1049.0222929947777,llama3.2:1b-instruct-q8_0,spark,128,True,warmup,etri-ser0003-cg0ms0,1789043477.0984502,,warmup,llama-spark-5458cd78f4-dtcqm,False,workload,etri-ser0003-cg0ms0,1789043477.098451,"{""cache_n"": 0, ""prompt_n"": 512, ""prompt_ms"": 234.476, ""prompt_per_token_ms"": 0.4579609375, ""prompt_per_second"": 2183.5923506030467, ""predicted_n"": 128, ""predicted_ms"": 813.554, ""predicted_per_token_ms"": 6.405937007874016, ""predicted_per_second"": 156.10518785477058}",ok,limit,639,235.8355619944632,True
128,64,0,False,i128-o64-c1,1789043478.5586805,1,162.14964095436645,False,1789043478.1699395,5.368709564208984,True,128,403.96185699501075,llama3.2:1b-instruct-q8_0,spark,64,True,measure,etri-ser0003-cg0ms0,1789043478.1493497,,i128-o64-c1-0,llama-spark-5458cd78f4-dtcqm,False,workload,etri-ser0003-cg0ms0,1789043478.1547184,"{""cache_n"": 0, ""prompt_n"": 128, ""prompt_ms"": 14.305, ""prompt_per_token_ms"": 0.1117578125, ""prompt_per_second"": 8947.92030758476, ""predicted_n"": 64, ""predicted_ms"": 388.53, ""predicted_per_token_ms"": 6.167142857142856, ""predicted_per_second"": 162.14964095436645}",ok,limit,191,15.220902001601644,True
512,128,0,False,i512-o128-c8,1789043479.4478667,8,157.34432513532232,False,1789043478.6402066,0.20766258239746094,True,512,864.9125990050379,llama3.2:1b-instruct-q8_0,spark,128,True,measure,etri-ser0003-cg0ms0,1789043478.5827458,,i512-o128-c8-0,llama-spark-5458cd78f4-dtcqm,False,workload,etri-ser0003-cg0ms0,1789043478.5829535,"{""cache_n"": 0, ""prompt_n"": 512, ""prompt_ms"": 55.648, ""prompt_per_token_ms"": 0.1086875, ""prompt_per_second"": 9200.690051753882, ""predicted_n"": 128, ""predicted_ms"": 807.147, ""predicted_per_token_ms"": 6.355488188976378, ""predicted_per_second"": 157.34432513532232}",ok,limit,639,57.252755999797955,True
512,128,0,False,i512-o128-c8,1789043480.3025496,8,158.53063323625932,False,1789043479.5009394,1.0142326354980469,True,512,1718.7890369968954,llama3.2:1b-instruct-q8_0,spark,128,True,measure,etri-ser0003-cg0ms0,1789043478.5827458,,i512-o128-c8-2,llama-spark-5458cd78f4-dtcqm,False,workload,etri-ser0003-cg0ms0,1789043478.58376,"{""cache_n"": 0, ""prompt_n"": 512, ""prompt_ms"": 53.658, ""prompt_per_token_ms"": 0.10480078125, ""prompt_per_second"": 9541.91360095419, ""predicted_n"": 128, ""predicted_ms"": 801.107, ""predicted_per_token_ms"": 6.307929133858267, ""predicted_per_second"": 158.53063323625932}",ok,limit,639,917.1789800020633,True
512,128,0,False,i512-o128-c8,1789043481.1572335,8,158.92561280214636,False,1789043480.3579252,0.6043910980224609,True,512,2573.882788987248,llama3.2:1b-instruct-q8_0,spark,128,True,measure,etri-ser0003-cg0ms0,1789043478.5827458,,i512-o128-c8-1,llama-spark-5458cd78f4-dtcqm,False,workload,etri-ser0003-cg0ms0,1789043478.5833502,"{""cache_n"": 0, ""prompt_n"": 512, ""prompt_ms"": 55.546, ""prompt_per_token_ms"": 0.10848828125, ""prompt_per_second"": 9217.585424693047, ""predicted_n"": 128, ""predicted_ms"": 799.116, ""predicted_per_token_ms"": 6.292251968503937, ""predicted_per_second"": 158.92561280214636}",ok,limit,639,1774.5747349981684,True
512,128,0,False,i512-o128-c8,1789043482.0109563,8,159.17080782318254,False,1789043481.2129343,1.7621517181396484,True,512,3426.4481690042885,llama3.2:1b-instruct-q8_0,spark,128,True,measure,etri-ser0003-cg0ms0,1789043478.5827458,,i512-o128-c8-4,llama-spark-5458cd78f4-dtcqm,False,workload,etri-ser0003-cg0ms0,1789043478.584508,"{""cache_n"": 0, ""prompt_n"": 512, ""prompt_ms"": 55.111, ""prompt_per_token_ms"": 0.107638671875, ""prompt_per_second"": 9290.341311171998, ""predicted_n"": 128, ""predicted_ms"": 797.885, ""predicted_per_token_ms"": 6.28255905511811, ""predicted_per_second"": 159.17080782318254}",ok,limit,639,2628.426101000514,True
512,128,0,False,i512-o128-c8,1789043482.8659663,8,158.69723316997099,False,1789043482.0655885,1.5187263488769531,True,512,4281.701472995337,llama3.2:1b-instruct-q8_0,spark,128,True,measure,etri-ser0003-cg0ms0,1789043478.5827458,,i512-o128-c8-3,llama-spark-5458cd78f4-dtcqm,False,workload,etri-ser0003-cg0ms0,1789043478.5842645,"{""cache_n"": 0, ""prompt_n"": 512, ""prompt_ms"": 54.326, ""prompt_per_token_ms"": 0.10610546875, ""prompt_per_second"": 9424.584913301182, ""predicted_n"": 128, ""predicted_ms"": 800.266, ""predicted_per_token_ms"": 6.301307086614173, ""predicted_per_second"": 158.69723316997099}",ok,limit,639,3481.3238339993404,True
512,128,0,False,i512-o128-c8,1789043483.723501,8,158.2036043016432,False,1789043482.9201586,1.9600391387939453,True,512,5138.7949229974765,llama3.2:1b-instruct-q8_0,spark,128,True,measure,etri-ser0003-cg0ms0,1789043478.5827458,,i512-o128-c8-5,llama-spark-5458cd78f4-dtcqm,False,workload,etri-ser0003-cg0ms0,1789043478.5847058,"{""cache_n"": 0, ""prompt_n"": 512, ""prompt_ms"": 54.542, ""prompt_per_token_ms"": 0.10652734375, ""prompt_per_second"": 9387.261193208902, ""predicted_n"": 128, ""predicted_ms"": 802.763, ""predicted_per_token_ms"": 6.320968503937008, ""predicted_per_second"": 158.2036043016432}",ok,limit,639,4335.452654995606,True
512,128,0,False,i512-o128-c8,1789043484.577177,8,159.01157403929466,False,1789043483.7787838,2.366304397583008,True,512,5992.064656005823,llama3.2:1b-instruct-q8_0,spark,128,True,measure,etri-ser0003-cg0ms0,1789043478.5827458,,i512-o128-c8-6,llama-spark-5458cd78f4-dtcqm,False,workload,etri-ser0003-cg0ms0,1789043478.585112,"{""cache_n"": 0, ""prompt_n"": 512, ""prompt_ms"": 55.278, ""prompt_per_token_ms"": 0.10796484375, ""prompt_per_second"": 9262.274322515286, ""predicted_n"": 128, ""predicted_ms"": 798.684, ""predicted_per_token_ms"": 6.288850393700788, ""predicted_per_second"": 159.01157403929466}",ok,limit,639,5193.671484012157,True
512,128,0,False,i512-o128-c8,1789043485.4370353,8,157.78279148817748,False,1789043484.632123,2.6378631591796875,True,512,6851.651085002231,llama3.2:1b-instruct-q8_0,spark,128,True,measure,etri-ser0003-cg0ms0,1789043478.5827458,,i512-o128-c8-7,llama-spark-5458cd78f4-dtcqm,False,workload,etri-ser0003-cg0ms0,1789043478.5853837,"{""cache_n"": 0, ""prompt_n"": 512, ""prompt_ms"": 54.849, ""prompt_per_token_ms"": 0.107126953125, ""prompt_per_second"": 9334.718955678318, ""predicted_n"": 128, ""predicted_ms"": 804.904, ""predicted_per_token_ms"": 6.3378267716535435, ""predicted_per_second"": 157.78279148817748}",ok,limit,639,6046.739008001168,True
2048,128,0,False,i2048-o128-c1,1789043486.5709631,1,152.56721366617813,False,1789043485.7384868,0.17333030700683594,True,2048,1120.4515169956721,llama3.2:1b-instruct-q8_0,spark,128,True,measure,etri-ser0003-cg0ms0,1789043485.4503381,,i2048-o128-c1-0,llama-spark-5458cd78f4-dtcqm,False,workload,etri-ser0003-cg0ms0,1789043485.4505115,"{""cache_n"": 0, ""prompt_n"": 2048, ""prompt_ms"": 286.45, ""prompt_per_token_ms"": 0.1398681640625, ""prompt_per_second"": 7149.58980624891, ""predicted_n"": 128, ""predicted_ms"": 832.42, ""predicted_per_token_ms"": 6.554488188976378, ""predicted_per_second"": 152.56721366617813}",ok,limit,2175,287.97549499722663,True
512,128,0,False,i512-o128-c2,1789043487.4206464,2,161.75211933485488,False,1789043486.6354196,0.2181529998779297,True,512,841.6368030011654,llama3.2:1b-instruct-q8_0,spark,128,True,measure,etri-ser0003-cg0ms0,1789043486.5787914,,i512-o128-c2-1,llama-spark-5458cd78f4-dtcqm,False,workload,etri-ser0003-cg0ms0,1789043486.5790095,"{""cache_n"": 0, ""prompt_n"": 512, ""prompt_ms"": 55.202, ""prompt_per_token_ms"": 0.10781640625, ""prompt_per_second"": 9275.026267164234, ""predicted_n"": 128, ""predicted_ms"": 785.152, ""predicted_per_token_ms"": 6.1822992125984255, ""predicted_per_second"": 161.75211933485488}",ok,limit,639,56.41008200473152,True
512,128,0,False,i512-o128-c2,1789043488.2559612,2,162.6074553597722,False,1789043487.4756181,0.1442432403564453,True,512,1677.0255810115486,llama3.2:1b-instruct-q8_0,spark,128,True,measure,etri-ser0003-cg0ms0,1789043486.5787914,,i512-o128-c2-0,llama-spark-5458cd78f4-dtcqm,False,workload,etri-ser0003-cg0ms0,1789043486.5789356,"{""cache_n"": 0, ""prompt_n"": 512, ""prompt_ms"": 54.22, ""prompt_per_token_ms"": 0.1058984375, ""prompt_per_second"": 9443.009959424568, ""predicted_n"": 128, ""predicted_ms"": 781.022, ""predicted_per_token_ms"": 6.149779527559056, ""predicted_per_second"": 162.6074553597722}",ok,limit,639,896.6827870026464,True
512,256,0,False,i512-o256-c1,1789043489.8820918,1,162.79813605710575,False,1789043488.3163621,0.17952919006347656,True,512,1622.525451995898,llama3.2:1b-instruct-q8_0,spark,256,True,measure,etri-ser0003-cg0ms0,1789043488.2593863,,i512-o256-c1-0,llama-spark-5458cd78f4-dtcqm,False,workload,etri-ser0003-cg0ms0,1789043488.2595658,"{""cache_n"": 0, ""prompt_n"": 512, ""prompt_ms"": 54.942, ""prompt_per_token_ms"": 0.10730859375, ""prompt_per_second"": 9318.918131848131, ""predicted_n"": 256, ""predicted_ms"": 1566.357, ""predicted_per_token_ms"": 6.142576470588235, ""predicted_per_second"": 162.79813605710575}",ok,limit,767,56.79608299396932,True
512,128,0,False,i512-o128-c4,1789043490.739752,4,160.52480234593727,False,1789043489.9485295,0.19741058349609375,True,512,846.9895940070273,llama3.2:1b-instruct-q8_0,spark,128,True,measure,etri-ser0003-cg0ms0,1789043489.8925648,,i512-o128-c4-0,llama-spark-5458cd78f4-dtcqm,False,workload,etri-ser0003-cg0ms0,1789043489.8927622,"{""cache_n"": 0, ""prompt_n"": 512, ""prompt_ms"": 54.447, ""prompt_per_token_ms"": 0.106341796875, ""prompt_per_second"": 9403.640237294983, ""predicted_n"": 128, ""predicted_ms"": 791.155, ""predicted_per_token_ms"": 6.229566929133858, ""predicted_per_second"": 160.52480234593727}",ok,limit,639,55.7671700080391,True
512,128,0,False,i512-o128-c4,1789043491.5811687,4,161.30896509502622,False,1789043490.793351,0.3521442413330078,True,512,1688.2514199969592,llama3.2:1b-instruct-q8_0,spark,128,True,measure,etri-ser0003-cg0ms0,1789043489.8925648,,i512-o128-c4-1,llama-spark-5458cd78f4-dtcqm,False,workload,etri-ser0003-cg0ms0,1789043489.892917,"{""cache_n"": 0, ""prompt_n"": 512, ""prompt_ms"": 53.687, ""prompt_per_token_ms"": 0.104857421875, ""prompt_per_second"": 9536.759364464397, ""predicted_n"": 128, ""predicted_ms"": 787.309, ""predicted_per_token_ms"": 6.199283464566929, ""predicted_per_second"": 161.30896509502622}",ok,limit,639,900.4337849910371,True
512,128,0,False,i512-o128-c4,1789043492.4319284,4,159.44738299135844,False,1789043491.63578,0.6268024444580078,True,512,2538.7358520092675,llama3.2:1b-instruct-q8_0,spark,128,True,measure,etri-ser0003-cg0ms0,1789043489.8925648,,i512-o128-c4-2,llama-spark-5458cd78f4-dtcqm,False,workload,etri-ser0003-cg0ms0,1789043489.8931916,"{""cache_n"": 0, ""prompt_n"": 512, ""prompt_ms"": 54.689, ""prompt_per_token_ms"": 0.106814453125, ""prompt_per_second"": 9362.028927206567, ""predicted_n"": 128, ""predicted_ms"": 796.501, ""predicted_per_token_ms"": 6.271661417322835, ""predicted_per_second"": 159.44738299135844}",ok,limit,639,1742.5876280030934,True
512,128,0,False,i512-o128-c4,1789043493.2944157,4,157.3195717934679,False,1789043492.4869068,1.0638236999511719,True,512,3400.7866509928135,llama3.2:1b-instruct-q8_0,spark,128,True,measure,etri-ser0003-cg0ms0,1789043489.8925648,,i512-o128-c4-3,llama-spark-5458cd78f4-dtcqm,False,workload,etri-ser0003-cg0ms0,1789043489.8936286,"{""cache_n"": 0, ""prompt_n"": 512, ""prompt_ms"": 54.451, ""prompt_per_token_ms"": 0.106349609375, ""prompt_per_second"": 9402.94944078162, ""predicted_n"": 128, ""predicted_ms"": 807.274, ""predicted_per_token_ms"": 6.356488188976378, ""predicted_per_second"": 157.3195717934679}",ok,limit,639,2593.278107990045,True
512,128,0,False,i512-o128-c1,1789043494.1573324,1,158.25880423635144,False,1789043493.354894,0.20241737365722656,True,512,859.0556119888788,llama3.2:1b-instruct-q8_0,spark,128,True,measure,etri-ser0003-cg0ms0,1789043493.2980738,,i512-o128-c1-0,llama-spark-5458cd78f4-dtcqm,False,workload,etri-ser0003-cg0ms0,1789043493.2982762,"{""cache_n"": 0, ""prompt_n"": 512, ""prompt_ms"": 55.234, ""prompt_per_token_ms"": 0.10787890625, ""prompt_per_second"": 9269.65275011768, ""predicted_n"": 128, ""predicted_ms"": 802.483, ""predicted_per_token_ms"": 6.318763779527559, ""predicted_per_second"": 158.25880423635144}",ok,limit,639,56.61689898988698,True
512,128,1,False,,1789044452.0765333,,153.12310856790106,False,1789044451.2469804,0.000476837158203125,True,512,1067.221163000795,llama3.2:1b-instruct-q8_0,spark,128,True,warmup,etri-ser0003-cg0ms0,1789044451.0093114,,warmup,llama-spark-5458cd78f4-dtcqm,False,workload,etri-ser0003-cg0ms0,1789044451.009312,"{""cache_n"": 0, ""prompt_n"": 512, ""prompt_ms"": 235.921, ""prompt_per_token_ms"": 0.460783203125, ""prompt_per_second"": 2170.217996702286, ""predicted_n"": 128, ""predicted_ms"": 829.398, ""predicted_per_token_ms"": 6.530692913385827, ""predicted_per_second"": 153.12310856790106}",ok,limit,639,237.66825700295158,True
2048,128,1,False,i2048-o128-c1,1789044455.23842,1,147.9576025742293,False,1789044454.380232,3.552675247192383,True,2048,1149.9455209996086,llama3.2:1b-instruct-q8_0,spark,128,True,measure,etri-ser0003-cg0ms0,1789044454.0849202,,i2048-o128-c1-0,llama-spark-5458cd78f4-dtcqm,False,workload,etri-ser0003-cg0ms0,1789044454.0884728,"{""cache_n"": 0, ""prompt_n"": 2048, ""prompt_ms"": 289.337, ""prompt_per_token_ms"": 0.14127783203125, ""prompt_per_second"": 7078.251312483368, ""predicted_n"": 128, ""predicted_ms"": 858.354, ""predicted_per_token_ms"": 6.758692913385827, ""predicted_per_second"": 147.9576025742293}",ok,limit,2175,291.7578210035572,True
512,128,1,False,i512-o128-c8,1789044458.11795,8,157.97100547923054,False,1789044457.314512,0.47850608825683594,True,512,862.116870994214,llama3.2:1b-instruct-q8_0,spark,128,True,measure,etri-ser0003-cg0ms0,1789044457.2553546,,i512-o128-c8-1,llama-spark-5458cd78f4-dtcqm,False,workload,etri-ser0003-cg0ms0,1789044457.2558331,"{""cache_n"": 0, ""prompt_n"": 512, ""prompt_ms"": 56.501, ""prompt_per_token_ms"": 0.110353515625, ""prompt_per_second"": 9061.786517052797, ""predicted_n"": 128, ""predicted_ms"": 803.945, ""predicted_per_token_ms"": 6.330275590551182, ""predicted_per_second"": 157.97100547923054}",ok,limit,639,58.679099995060824,True
512,128,1,False,i512-o128-c8,1789044458.9934962,8,155.40395851815595,False,1789044458.1755078,0.2079010009765625,True,512,1737.9326899972511,llama3.2:1b-instruct-q8_0,spark,128,True,measure,etri-ser0003-cg0ms0,1789044457.2553546,,i512-o128-c8-0,llama-spark-5458cd78f4-dtcqm,False,workload,etri-ser0003-cg0ms0,1789044457.2555625,"{""cache_n"": 0, ""prompt_n"": 512, ""prompt_ms"": 57.812, ""prompt_per_token_ms"": 0.1129140625, ""prompt_per_second"": 8856.29281118107, ""predicted_n"": 128, ""predicted_ms"": 817.225, ""predicted_per_token_ms"": 6.43484251968504, ""predicted_per_second"": 155.40395851815595}",ok,limit,639,919.9445319973165,True
512,128,1,False,i512-o128-c8,1789044459.8667436,8,155.22882807123904,False,1789044459.0486238,1.5857219696044922,True,512,2609.8029099957785,llama3.2:1b-instruct-q8_0,spark,128,True,measure,etri-ser0003-cg0ms0,1789044457.2553546,,i512-o128-c8-4,llama-spark-5458cd78f4-dtcqm,False,workload,etri-ser0003-cg0ms0,1789044457.2569404,"{""cache_n"": 0, ""prompt_n"": 512, ""prompt_ms"": 54.595, ""prompt_per_token_ms"": 0.106630859375, ""prompt_per_second"": 9378.148182067955, ""predicted_n"": 128, ""predicted_ms"": 818.147, ""predicted_per_token_ms"": 6.442102362204725, ""predicted_per_second"": 155.22882807123904}",ok,limit,639,1791.6835499927402,True
512,128,1,False,i512-o128-c8,1789044460.7407932,8,155.21213343354904,False,1789044459.921937,1.4281272888183594,True,512,3484.0103309979895,llama3.2:1b-instruct-q8_0,spark,128,True,measure,etri-ser0003-cg0ms0,1789044457.2553546,,i512-o128-c8-3,llama-spark-5458cd78f4-dtcqm,False,workload,etri-ser0003-cg0ms0,1789044457.2567828,"{""cache_n"": 0, ""prompt_n"": 512, ""prompt_ms"": 55.422, ""prompt_per_token_ms"": 0.10824609375, ""prompt_per_second"": 9238.208653603262, ""predicted_n"": 128, ""predicted_ms"": 818.235, ""predicted_per_token_ms"": 6.4427952755905515, ""predicted_per_second"": 155.21213343354904}",ok,limit,639,2665.154201997211,True
512,128,1,False,i512-o128-c8,1789044461.6115837,8,155.80986779471374,False,1789044460.7962828,2.0809173583984375,True,512,4354.147769001429,llama3.2:1b-instruct-q8_0,spark,128,True,measure,etri-ser0003-cg0ms0,1789044457.2553546,,i512-o128-c8-5,llama-spark-5458cd78f4-dtcqm,False,workload,etri-ser0003-cg0ms0,1789044457.2574356,"{""cache_n"": 0, ""prompt_n"": 512, ""prompt_ms"": 55.887, ""prompt_per_token_ms"": 0.109154296875, ""prompt_per_second"": 9161.3434251257, ""predicted_n"": 128, ""predicted_ms"": 815.096, ""predicted_per_token_ms"": 6.418078740157481, ""predicted_per_second"": 155.80986779471374}",ok,limit,639,3538.8470310135745,True
512,128,1,False,i512-o128-c8,1789044462.4815297,8,155.91545699188748,False,1789044461.6673923,1.1792182922363281,True,512,5224.995607000892,llama3.2:1b-instruct-q8_0,spark,128,True,measure,etri-ser0003-cg0ms0,1789044457.2553546,,i512-o128-c8-2,llama-spark-5458cd78f4-dtcqm,False,workload,etri-ser0003-cg0ms0,1789044457.2565339,"{""cache_n"": 0, ""prompt_n"": 512, ""prompt_ms"": 55.683, ""prompt_per_token_ms"": 0.108755859375, ""prompt_per_second"": 9194.906883609001, ""predicted_n"": 128, ""predicted_ms"": 814.544, ""predicted_per_token_ms"": 6.413732283464567, ""predicted_per_second"": 155.91545699188748}",ok,limit,639,4410.858517003362,True
512,128,1,False,i512-o128-c8,1789044463.352288,8,155.76878025685903,False,1789044462.5370238,2.4461746215820312,True,512,6094.486757996492,llama3.2:1b-instruct-q8_0,spark,128,True,measure,etri-ser0003-cg0ms0,1789044457.2553546,,i512-o128-c8-6,llama-spark-5458cd78f4-dtcqm,False,workload,etri-ser0003-cg0ms0,1789044457.2578008,"{""cache_n"": 0, ""prompt_n"": 512, ""prompt_ms"": 55.27, ""prompt_per_token_ms"": 0.10794921875, ""prompt_per_second"": 9263.61498100235, ""predicted_n"": 128, ""predicted_ms"": 815.311, ""predicted_per_token_ms"": 6.419771653543307, ""predicted_per_second"": 155.76878025685903}",ok,limit,639,5279.222707002191,True
512,128,1,False,i512-o128-c8,1789044464.2307127,8,154.4050421148871,False,1789044463.4084158,2.729654312133789,True,512,6972.6280070026405,llama3.2:1b-instruct-q8_0,spark,128,True,measure,etri-ser0003-cg0ms0,1789044457.2553546,,i512-o128-c8-7,llama-spark-5458cd78f4-dtcqm,False,workload,etri-ser0003-cg0ms0,1789044457.2580843,"{""cache_n"": 0, ""prompt_n"": 512, ""prompt_ms"": 55.771, ""prompt_per_token_ms"": 0.108927734375, ""prompt_per_second"": 9180.398414946836, ""predicted_n"": 128, ""predicted_ms"": 822.512, ""predicted_per_token_ms"": 6.476472440944882, ""predicted_per_second"": 154.4050421148871}",ok,limit,639,6150.331137992907,True
512,128,1,False,i512-o128-c2,1789044469.1215806,2,153.8847415402772,False,1789044468.2966187,0.1933574676513672,True,512,883.1307609943906,llama3.2:1b-instruct-q8_0,spark,128,True,measure,etri-ser0003-cg0ms0,1789044468.2382555,,i512-o128-c2-0,llama-spark-5458cd78f4-dtcqm,False,workload,etri-ser0003-cg0ms0,1789044468.2384489,"{""cache_n"": 0, ""prompt_n"": 512, ""prompt_ms"": 56.094, ""prompt_per_token_ms"": 0.10955859375, ""prompt_per_second"": 9127.535921845474, ""predicted_n"": 128, ""predicted_ms"": 825.293, ""predicted_per_token_ms"": 6.498370078740158, ""predicted_per_second"": 153.8847415402772}",ok,limit,639,58.16894199233502,True
512,128,1,False,i512-o128-c2,1789044469.9857843,2,156.88735487919672,False,1789044469.1766489,0.5919933319091797,True,512,1746.9365260039922,llama3.2:1b-instruct-q8_0,spark,128,True,measure,etri-ser0003-cg0ms0,1789044468.2382555,,i512-o128-c2-1,llama-spark-5458cd78f4-dtcqm,False,workload,etri-ser0003-cg0ms0,1789044468.2388475,"{""cache_n"": 0, ""prompt_n"": 512, ""prompt_ms"": 54.988, ""prompt_per_token_ms"": 0.1073984375, ""prompt_per_second"": 9311.122426711283, ""predicted_n"": 128, ""predicted_ms"": 809.498, ""predicted_per_token_ms"": 6.3740000000000006, ""predicted_per_second"": 156.88735487919672}",ok,limit,639,937.8013819950866,True
512,128,1,False,i512-o128-c1,1789044474.8530111,1,158.38116985071014,False,1789044474.0521033,0.17070770263671875,True,512,858.552151999902,llama3.2:1b-instruct-q8_0,spark,128,True,measure,etri-ser0003-cg0ms0,1789044473.994288,,i512-o128-c1-0,llama-spark-5458cd78f4-dtcqm,False,workload,etri-ser0003-cg0ms0,1789044473.9944587,"{""cache_n"": 0, ""prompt_n"": 512, ""prompt_ms"": 55.616, ""prompt_per_token_ms"": 0.108625, ""prompt_per_second"": 9205.983889528194, ""predicted_n"": 128, ""predicted_ms"": 801.863, ""predicted_per_token_ms"": 6.31388188976378, ""predicted_per_second"": 158.38116985071014}",ok,limit,639,57.644189000711776,True
512,128,1,False,i512-o128-c4,1789044477.705584,4,161.47427282540562,False,1789044476.919539,0.16427040100097656,True,512,843.0494799977168,llama3.2:1b-instruct-q8_0,spark,128,True,measure,etri-ser0003-cg0ms0,1789044476.8623698,,i512-o128-c4-0,llama-spark-5458cd78f4-dtcqm,False,workload,etri-ser0003-cg0ms0,1789044476.862534,"{""cache_n"": 0, ""prompt_n"": 512, ""prompt_ms"": 55.086, ""prompt_per_token_ms"": 0.10758984375, ""prompt_per_second"": 9294.55760084232, ""predicted_n"": 128, ""predicted_ms"": 786.503, ""predicted_per_token_ms"": 6.192937007874016, ""predicted_per_second"": 161.47427282540562}",ok,limit,639,57.00442999659572,True
512,128,1,False,i512-o128-c4,1789044478.5412385,4,162.60079328701985,False,1789044477.7603989,0.49495697021484375,True,512,1678.3738399972208,llama3.2:1b-instruct-q8_0,spark,128,True,measure,etri-ser0003-cg0ms0,1789044476.8623698,,i512-o128-c4-1,llama-spark-5458cd78f4-dtcqm,False,workload,etri-ser0003-cg0ms0,1789044476.8628647,"{""cache_n"": 0, ""prompt_n"": 512, ""prompt_ms"": 54.571, ""prompt_per_token_ms"": 0.106583984375, ""prompt_per_second"": 9382.272635648971, ""predicted_n"": 128, ""predicted_ms"": 781.054, ""predicted_per_token_ms"": 6.150031496062992, ""predicted_per_second"": 162.60079328701985}",ok,limit,639,897.5342289922992,True
512,128,1,False,i512-o128-c4,1789044479.3963482,4,158.82663385083302,False,1789044478.5969253,0.8981227874755859,True,512,2533.0807639984414,llama3.2:1b-instruct-q8_0,spark,128,True,measure,etri-ser0003-cg0ms0,1789044476.8623698,,i512-o128-c4-3,llama-spark-5458cd78f4-dtcqm,False,workload,etri-ser0003-cg0ms0,1789044476.863268,"{""cache_n"": 0, ""prompt_n"": 512, ""prompt_ms"": 55.26, ""prompt_per_token_ms"": 0.1079296875, ""prompt_per_second"": 9265.291349981904, ""predicted_n"": 128, ""predicted_ms"": 799.614, ""predicted_per_token_ms"": 6.296173228346457, ""predicted_per_second"": 158.82663385083302}",ok,limit,639,1733.6573409993434,True
512,128,1,False,i512-o128-c4,1789044480.2557435,4,157.87164165374895,False,1789044479.4520583,0.6711483001708984,True,512,3392.7019469992956,llama3.2:1b-instruct-q8_0,spark,128,True,measure,etri-ser0003-cg0ms0,1789044476.8623698,,i512-o128-c4-2,llama-spark-5458cd78f4-dtcqm,False,workload,etri-ser0003-cg0ms0,1789044476.863041,"{""cache_n"": 0, ""prompt_n"": 512, ""prompt_ms"": 55.104, ""prompt_per_token_ms"": 0.107625, ""prompt_per_second"": 9291.521486643438, ""predicted_n"": 128, ""predicted_ms"": 804.451, ""predicted_per_token_ms"": 6.334259842519685, ""predicted_per_second"": 157.87164165374895}",ok,limit,639,2589.0168420010014,True
128,64,1,False,i128-o64-c1,1789044484.6889322,1,153.65441414986427,False,1789044484.278678,0.5328655242919922,True,128,426.0115119977854,llama3.2:1b-instruct-q8_0,spark,64,True,measure,etri-ser0003-cg0ms0,1789044484.262387,,i128-o64-c1-0,llama-spark-5458cd78f4-dtcqm,False,workload,etri-ser0003-cg0ms0,1789044484.26292,"{""cache_n"": 0, ""prompt_n"": 128, ""prompt_ms"": 14.587, ""prompt_per_token_ms"": 0.1139609375, ""prompt_per_second"": 8774.936587372318, ""predicted_n"": 64, ""predicted_ms"": 410.011, ""predicted_per_token_ms"": 6.508111111111112, ""predicted_per_second"": 153.65441414986427}",ok,limit,191,15.757539993501268,True
512,256,1,False,i512-o256-c1,1789044488.3770669,1,157.24346653396552,False,1789044486.755508,0.25773048400878906,True,512,1679.8842440039152,llama3.2:1b-instruct-q8_0,spark,256,True,measure,etri-ser0003-cg0ms0,1789044486.6969244,,i512-o256-c1-0,llama-spark-5458cd78f4-dtcqm,False,workload,etri-ser0003-cg0ms0,1789044486.6971822,"{""cache_n"": 0, ""prompt_n"": 512, ""prompt_ms"": 56.818, ""prompt_per_token_ms"": 0.11097265625, ""prompt_per_second"": 9011.228835932276, ""predicted_n"": 256, ""predicted_ms"": 1621.689, ""predicted_per_token_ms"": 6.359564705882353, ""predicted_per_second"": 157.24346653396552}",ok,limit,767,58.32580600690562,True
512,128,2,False,,1789044646.4796906,,151.8780861447721,False,1789044645.6436365,0.000476837158203125,True,512,1077.596255010576,llama3.2:1b-instruct-q8_0,spark,128,True,warmup,etri-ser0003-cg0ms0,1789044645.402094,,warmup,llama-spark-5458cd78f4-dtcqm,False,workload,etri-ser0003-cg0ms0,1789044645.4020944,"{""cache_n"": 0, ""prompt_n"": 512, ""prompt_ms"": 240.403, ""prompt_per_token_ms"": 0.469537109375, ""prompt_per_second"": 2129.757116175755, ""predicted_n"": 128, ""predicted_ms"": 836.197, ""predicted_per_token_ms"": 6.584228346456693, ""predicted_per_second"": 151.8780861447721}",ok,limit,639,241.54234099842142,True
128,64,2,False,i128-o64-c1,1789044648.903215,1,157.36663177956683,False,1789044648.5025032,3.1585693359375,True,128,415.99399798724335,llama3.2:1b-instruct-q8_0,spark,64,True,measure,etri-ser0003-cg0ms0,1789044648.4840617,,i128-o64-c1-0,llama-spark-5458cd78f4-dtcqm,False,workload,etri-ser0003-cg0ms0,1789044648.4872203,"{""cache_n"": 0, ""prompt_n"": 128, ""prompt_ms"": 14.57, ""prompt_per_token_ms"": 0.113828125, ""prompt_per_second"": 8785.175017158545, ""predicted_n"": 64, ""predicted_ms"": 400.339, ""predicted_per_token_ms"": 6.354587301587301, ""predicted_per_second"": 157.36663177956683}",ok,limit,191,15.28253499418497,True
512,128,2,False,i512-o128-c4,1789044651.7743402,4,159.24984545241375,False,1789044650.9763224,0.22125244140625,True,512,855.4285499994876,llama3.2:1b-instruct-q8_0,spark,128,True,measure,etri-ser0003-cg0ms0,1789044650.91869,,i512-o128-c4-0,llama-spark-5458cd78f4-dtcqm,False,workload,etri-ser0003-cg0ms0,1789044650.9189112,"{""cache_n"": 0, ""prompt_n"": 512, ""prompt_ms"": 55.128, ""prompt_per_token_ms"": 0.107671875, ""prompt_per_second"": 9287.476418516906, ""predicted_n"": 128, ""predicted_ms"": 797.489, ""predicted_per_token_ms"": 6.27944094488189, ""predicted_per_second"": 159.24984545241375}",ok,limit,639,57.41093600227032,True
512,128,2,False,i512-o128-c4,1789044652.6212127,4,160.29585313365772,False,1789044651.8290045,0.45871734619140625,True,512,1702.0639139955165,llama3.2:1b-instruct-q8_0,spark,128,True,measure,etri-ser0003-cg0ms0,1789044650.91869,,i512-o128-c4-1,llama-spark-5458cd78f4-dtcqm,False,workload,etri-ser0003-cg0ms0,1789044650.9191487,"{""cache_n"": 0, ""prompt_n"": 512, ""prompt_ms"": 54.988, ""prompt_per_token_ms"": 0.1073984375, ""prompt_per_second"": 9311.122426711283, ""predicted_n"": 128, ""predicted_ms"": 792.285, ""predicted_per_token_ms"": 6.238464566929133, ""predicted_per_second"": 160.29585313365772}",ok,limit,639,909.8562209983356,True
512,128,2,False,i512-o128-c4,1789044653.4628408,4,161.31900515712726,False,1789044652.675643,0.7975101470947266,True,512,2543.352972003049,llama3.2:1b-instruct-q8_0,spark,128,True,measure,etri-ser0003-cg0ms0,1789044650.91869,,i512-o128-c4-2,llama-spark-5458cd78f4-dtcqm,False,workload,etri-ser0003-cg0ms0,1789044650.9194875,"{""cache_n"": 0, ""prompt_n"": 512, ""prompt_ms"": 54.484, ""prompt_per_token_ms"": 0.1064140625, ""prompt_per_second"": 9397.254239776816, ""predicted_n"": 128, ""predicted_ms"": 787.26, ""predicted_per_token_ms"": 6.198897637795276, ""predicted_per_second"": 161.31900515712726}",ok,limit,639,1756.1552970000776,True
512,128,2,False,i512-o128-c4,1789044654.3000467,4,162.29803798285263,False,1789044653.5178246,0.9977817535400391,True,512,3380.358669004636,llama3.2:1b-instruct-q8_0,spark,128,True,measure,etri-ser0003-cg0ms0,1789044650.91869,,i512-o128-c4-3,llama-spark-5458cd78f4-dtcqm,False,workload,etri-ser0003-cg0ms0,1789044650.9196877,"{""cache_n"": 0, ""prompt_n"": 512, ""prompt_ms"": 54.825, ""prompt_per_token_ms"": 0.107080078125, ""prompt_per_second"": 9338.805289557684, ""predicted_n"": 128, ""predicted_ms"": 782.511, ""predicted_per_token_ms"": 6.161503937007874, ""predicted_per_second"": 162.29803798285263}",ok,limit,639,2598.1369789951714,True
512,256,2,False,i512-o256-c1,1789044659.9436126,1,161.55150261903495,False,1789044658.3654995,0.16045570373535156,True,512,1634.8737359949155,llama3.2:1b-instruct-q8_0,spark,256,True,measure,etri-ser0003-cg0ms0,1789044658.3085783,,i512-o256-c1-0,llama-spark-5458cd78f4-dtcqm,False,workload,etri-ser0003-cg0ms0,1789044658.3087387,"{""cache_n"": 0, ""prompt_n"": 512, ""prompt_ms"": 55.357, ""prompt_per_token_ms"": 0.108119140625, ""prompt_per_second"": 9249.056126596455, ""predicted_n"": 256, ""predicted_ms"": 1578.444, ""predicted_per_token_ms"": 6.189976470588235, ""predicted_per_second"": 161.55150261903495}",ok,limit,767,56.760567997116596,True
512,128,2,False,i512-o128-c2,1789044664.7926624,2,162.08406930561654,False,1789044664.0089018,0.47850608825683594,True,512,840.4663940018509,llama3.2:1b-instruct-q8_0,spark,128,True,measure,etri-ser0003-cg0ms0,1789044663.951717,,i512-o128-c2-1,llama-spark-5458cd78f4-dtcqm,False,workload,etri-ser0003-cg0ms0,1789044663.9521954,"{""cache_n"": 0, ""prompt_n"": 512, ""prompt_ms"": 55.52, ""prompt_per_token_ms"": 0.1084375, ""prompt_per_second"": 9221.902017291066, ""predicted_n"": 128, ""predicted_ms"": 783.544, ""predicted_per_token_ms"": 6.16963779527559, ""predicted_per_second"": 162.08406930561654}",ok,limit,639,56.70634499983862,True
512,128,2,False,i512-o128-c2,1789044665.6507463,2,158.17542775866667,False,1789044664.8480613,0.1971721649169922,True,512,1698.8319480005885,llama3.2:1b-instruct-q8_0,spark,128,True,measure,etri-ser0003-cg0ms0,1789044663.951717,,i512-o128-c2-0,llama-spark-5458cd78f4-dtcqm,False,workload,etri-ser0003-cg0ms0,1789044663.951914,"{""cache_n"": 0, ""prompt_n"": 512, ""prompt_ms"": 54.998, ""prompt_per_token_ms"": 0.10741796875, ""prompt_per_second"": 9309.429433797593, ""predicted_n"": 128, ""predicted_ms"": 802.906, ""predicted_per_token_ms"": 6.322094488188976, ""predicted_per_second"": 158.17542775866667}",ok,limit,639,896.1471539951162,True
512,128,2,False,i512-o128-c8,1789044670.540505,8,157.13854422893232,False,1789044669.7320778,0.1800060272216797,True,512,865.9755929984385,llama3.2:1b-instruct-q8_0,spark,128,True,measure,etri-ser0003-cg0ms0,1789044669.674349,,i512-o128-c8-0,llama-spark-5458cd78f4-dtcqm,False,workload,etri-ser0003-cg0ms0,1789044669.674529,"{""cache_n"": 0, ""prompt_n"": 512, ""prompt_ms"": 55.963, ""prompt_per_token_ms"": 0.109302734375, ""prompt_per_second"": 9148.90195307614, ""predicted_n"": 128, ""predicted_ms"": 808.204, ""predicted_per_token_ms"": 6.363811023622047, ""predicted_per_second"": 157.13854422893232}",ok,limit,639,57.54874499689322,True
512,128,2,False,i512-o128-c8,1789044671.387962,8,160.41612194656753,False,1789044670.5961487,0.47016143798828125,True,512,1713.1425219995435,llama3.2:1b-instruct-q8_0,spark,128,True,measure,etri-ser0003-cg0ms0,1789044669.674349,,i512-o128-c8-1,llama-spark-5458cd78f4-dtcqm,False,workload,etri-ser0003-cg0ms0,1789044669.6748192,"{""cache_n"": 0, ""prompt_n"": 512, ""prompt_ms"": 56.177, ""prompt_per_token_ms"": 0.109720703125, ""prompt_per_second"": 9114.050234081564, ""predicted_n"": 128, ""predicted_ms"": 791.691, ""predicted_per_token_ms"": 6.233787401574803, ""predicted_per_second"": 160.41612194656753}",ok,limit,639,921.3292490021558,True
512,128,2,False,i512-o128-c8,1789044672.238272,8,159.71045877143672,False,1789044671.4436119,0.7476806640625,True,512,2563.1749409949407,llama3.2:1b-instruct-q8_0,spark,128,True,measure,etri-ser0003-cg0ms0,1789044669.674349,,i512-o128-c8-2,llama-spark-5458cd78f4-dtcqm,False,workload,etri-ser0003-cg0ms0,1789044669.6750968,"{""cache_n"": 0, ""prompt_n"": 512, ""prompt_ms"": 55.105, ""prompt_per_token_ms"": 0.107626953125, ""prompt_per_second"": 9291.352871790219, ""predicted_n"": 128, ""predicted_ms"": 795.189, ""predicted_per_token_ms"": 6.261330708661417, ""predicted_per_second"": 159.71045877143672}",ok,limit,639,1768.5150099860039,True
512,128,2,False,i512-o128-c8,1789044673.083147,8,160.97630226025936,False,1789044672.2944393,1.4595985412597656,True,512,3407.3378870089073,llama3.2:1b-instruct-q8_0,spark,128,True,measure,etri-ser0003-cg0ms0,1789044669.674349,,i512-o128-c8-3,llama-spark-5458cd78f4-dtcqm,False,workload,etri-ser0003-cg0ms0,1789044669.6758087,"{""cache_n"": 0, ""prompt_n"": 512, ""prompt_ms"": 55.902, ""prompt_per_token_ms"": 0.10918359375, ""prompt_per_second"": 9158.885191943044, ""predicted_n"": 128, ""predicted_ms"": 788.936, ""predicted_per_token_ms"": 6.212094488188977, ""predicted_per_second"": 160.97630226025936}",ok,limit,639,2618.630837998353,True
512,128,2,False,i512-o128-c8,1789044673.9290473,8,160.54245652712535,False,1789044673.138106,1.9385814666748047,True,512,4252.758898001048,llama3.2:1b-instruct-q8_0,spark,128,True,measure,etri-ser0003-cg0ms0,1789044669.674349,,i512-o128-c8-4,llama-spark-5458cd78f4-dtcqm,False,workload,etri-ser0003-cg0ms0,1789044669.6762877,"{""cache_n"": 0, ""prompt_n"": 512, ""prompt_ms"": 54.337, ""prompt_per_token_ms"": 0.106126953125, ""prompt_per_second"": 9422.676997257853, ""predicted_n"": 128, ""predicted_ms"": 791.068, ""predicted_per_token_ms"": 6.228881889763779, ""predicted_per_second"": 160.54245652712535}",ok,limit,639,3461.8176390067674,True
512,128,2,False,i512-o128-c8,1789044674.774612,8,160.75440650612322,False,1789044673.98425,2.232789993286133,True,512,5098.02950899757,llama3.2:1b-instruct-q8_0,spark,128,True,measure,etri-ser0003-cg0ms0,1789044669.674349,,i512-o128-c8-5,llama-spark-5458cd78f4-dtcqm,False,workload,etri-ser0003-cg0ms0,1789044669.6765819,"{""cache_n"": 0, ""prompt_n"": 512, ""prompt_ms"": 55.65, ""prompt_per_token_ms"": 0.10869140625, ""prompt_per_second"": 9200.359389038635, ""predicted_n"": 128, ""predicted_ms"": 790.025, ""predicted_per_token_ms"": 6.220669291338583, ""predicted_per_second"": 160.75440650612322}",ok,limit,639,4307.667721994221,True
512,128,2,False,i512-o128-c8,1789044675.6182756,8,161.2440422230856,False,1789044674.830322,2.5539398193359375,True,512,5941.372903995216,llama3.2:1b-instruct-q8_0,spark,128,True,measure,etri-ser0003-cg0ms0,1789044669.674349,,i512-o128-c8-6,llama-spark-5458cd78f4-dtcqm,False,workload,etri-ser0003-cg0ms0,1789044669.676903,"{""cache_n"": 0, ""prompt_n"": 512, ""prompt_ms"": 55.725, ""prompt_per_token_ms"": 0.108837890625, ""prompt_per_second"": 9187.976671152983, ""predicted_n"": 128, ""predicted_ms"": 787.626, ""predicted_per_token_ms"": 6.201779527559055, ""predicted_per_second"": 161.2440422230856}",ok,limit,639,5153.418572997907,True
512,128,2,False,i512-o128-c8,1789044676.4575639,8,161.84157875822908,False,1789044675.6732697,2.9723644256591797,True,512,6780.242136999732,llama3.2:1b-instruct-q8_0,spark,128,True,measure,etri-ser0003-cg0ms0,1789044669.674349,,i512-o128-c8-7,llama-spark-5458cd78f4-dtcqm,False,workload,etri-ser0003-cg0ms0,1789044669.6773214,"{""cache_n"": 0, ""prompt_n"": 512, ""prompt_ms"": 54.879, ""prompt_per_token_ms"": 0.107185546875, ""prompt_per_second"": 9329.616064432661, ""predicted_n"": 128, ""predicted_ms"": 784.718, ""predicted_per_token_ms"": 6.17888188976378, ""predicted_per_second"": 161.84157875822908}",ok,limit,639,5995.9481109981425,True
2048,128,2,False,i2048-o128-c1,1789044683.593486,1,153.8265877750256,False,1789044682.768296,0.23031234741210938,True,2048,1118.037441992783,llama3.2:1b-instruct-q8_0,spark,128,True,measure,etri-ser0003-cg0ms0,1789044682.475218,,i2048-o128-c1-0,llama-spark-5458cd78f4-dtcqm,False,workload,etri-ser0003-cg0ms0,1789044682.4754484,"{""cache_n"": 0, ""prompt_n"": 2048, ""prompt_ms"": 290.807, ""prompt_per_token_ms"": 0.14199560546875, ""prompt_per_second"": 7042.471467330566, ""predicted_n"": 128, ""predicted_ms"": 825.605, ""predicted_per_token_ms"": 6.500826771653544, ""predicted_per_second"": 153.8265877750256}",ok,limit,2175,292.8475060034543,True
512,128,2,False,i512-o128-c1,1789044688.48519,1,154.16269626914138,False,1789044687.6614206,0.20241737365722656,True,512,881.1745580023853,llama3.2:1b-instruct-q8_0,spark,128,True,measure,etri-ser0003-cg0ms0,1789044687.6038125,,i512-o128-c1-0,llama-spark-5458cd78f4-dtcqm,False,workload,etri-ser0003-cg0ms0,1789044687.6040149,"{""cache_n"": 0, ""prompt_n"": 512, ""prompt_ms"": 56.056, ""prompt_per_token_ms"": 0.109484375, ""prompt_per_second"": 9133.723419437705, ""predicted_n"": 128, ""predicted_ms"": 823.805, ""predicted_per_token_ms"": 6.486653543307086, ""predicted_per_second"": 154.16269626914138}",ok,limit,639,57.405450992519036,True
512,128,0,False,,1789044078.8299708,,64.04453869021354,False,1789044076.8469138,0.0007152557373046875,True,512,2302.3598669969942,llama3.2:3b-instruct-q8_0,spark,128,True,warmup,etri-ser0003-cg0ms0,1789044076.5276108,,warmup,llama-spark-5458cd78f4-dtcqm,False,workload,etri-ser0003-cg0ms0,1789044076.5276115,"{""cache_n"": 0, ""prompt_n"": 512, ""prompt_ms"": 318.223, ""prompt_per_token_ms"": 0.621529296875, ""prompt_per_second"": 1608.9346150341112, ""predicted_n"": 128, ""predicted_ms"": 1982.995, ""predicted_per_token_ms"": 15.614133858267715, ""predicted_per_second"": 64.04453869021354}",ok,limit,639,319.30255598854274,True
128,64,0,False,i128-o64-c1,1789044079.8449626,1,64.67076932552494,False,1789044078.8706152,5.281925201416016,True,128,1007.3740200023167,llama3.2:3b-instruct-q8_0,spark,64,True,measure,etri-ser0003-cg0ms0,1789044078.8323066,,i128-o64-c1-0,llama-spark-5458cd78f4-dtcqm,False,workload,etri-ser0003-cg0ms0,1789044078.8375885,"{""cache_n"": 0, ""prompt_n"": 128, ""prompt_ms"": 32.099, ""prompt_per_token_ms"": 0.2507734375, ""prompt_per_second"": 3987.6631670768566, ""predicted_n"": 64, ""predicted_ms"": 974.165, ""predicted_per_token_ms"": 15.462936507936508, ""predicted_per_second"": 64.67076932552494}",ok,limit,191,33.026974997483194,True
512,128,0,False,i512-o128-c8,1789044082.0161502,8,62.79077816067518,False,1789044079.9920416,0.13399124145507812,True,512,2150.0749550032197,llama3.2:3b-instruct-q8_0,spark,128,True,measure,etri-ser0003-cg0ms0,1789044079.8659413,,i512-o128-c8-0,llama-spark-5458cd78f4-dtcqm,False,workload,etri-ser0003-cg0ms0,1789044079.8660753,"{""cache_n"": 0, ""prompt_n"": 512, ""prompt_ms"": 124.917, ""prompt_per_token_ms"": 0.243978515625, ""prompt_per_second"": 4098.721551109937, ""predicted_n"": 128, ""predicted_ms"": 2022.59, ""predicted_per_token_ms"": 15.925905511811022, ""predicted_per_second"": 62.79077816067518}",ok,limit,639,125.96609600586817,True
512,128,0,False,i512-o128-c8,1789044084.1495235,8,63.23268382911243,False,1789044082.1404173,0.31256675720214844,True,512,4283.270188010647,llama3.2:3b-instruct-q8_0,spark,128,True,measure,etri-ser0003-cg0ms0,1789044079.8659413,,i512-o128-c8-1,llama-spark-5458cd78f4-dtcqm,False,workload,etri-ser0003-cg0ms0,1789044079.8662539,"{""cache_n"": 0, ""prompt_n"": 512, ""prompt_ms"": 124.947, ""prompt_per_token_ms"": 0.244037109375, ""prompt_per_second"": 4097.737440674846, ""predicted_n"": 128, ""predicted_ms"": 2008.455, ""predicted_per_token_ms"": 15.814606299212597, ""predicted_per_second"": 63.23268382911243}",ok,limit,639,2274.1638209990924,True
512,128,0,False,i512-o128-c8,1789044086.2622738,8,63.89040230327416,False,1789044084.2743258,1.5566349029541016,True,512,6394.775906999712,llama3.2:3b-instruct-q8_0,spark,128,True,measure,etri-ser0003-cg0ms0,1789044079.8659413,,i512-o128-c8-5,llama-spark-5458cd78f4-dtcqm,False,workload,etri-ser0003-cg0ms0,1789044079.867498,"{""cache_n"": 0, ""prompt_n"": 512, ""prompt_ms"": 125.029, ""prompt_per_token_ms"": 0.244197265625, ""prompt_per_second"": 4095.0499484119687, ""predicted_n"": 128, ""predicted_ms"": 1987.779, ""predicted_per_token_ms"": 15.6518031496063, ""predicted_per_second"": 63.89040230327416}",ok,limit,639,4406.8280790088465,True
512,128,0,False,i512-o128-c8,1789044088.360365,8,64.35498819567363,False,1789044086.3866286,1.013040542602539,True,512,8493.409722999786,llama3.2:3b-instruct-q8_0,spark,128,True,measure,etri-ser0003-cg0ms0,1789044079.8659413,,i512-o128-c8-3,llama-spark-5458cd78f4-dtcqm,False,workload,etri-ser0003-cg0ms0,1789044079.8669543,"{""cache_n"": 0, ""prompt_n"": 512, ""prompt_ms"": 124.389, ""prompt_per_token_ms"": 0.242947265625, ""prompt_per_second"": 4116.119592568475, ""predicted_n"": 128, ""predicted_ms"": 1973.429, ""predicted_per_token_ms"": 15.538811023622047, ""predicted_per_second"": 64.35498819567363}",ok,limit,639,6519.674021998071,True
512,128,0,False,i512-o128-c8,1789044090.4774218,8,63.802295275013016,False,1789044088.4869652,0.6911754608154297,True,512,10610.788742997102,llama3.2:3b-instruct-q8_0,spark,128,True,measure,etri-ser0003-cg0ms0,1789044079.8659413,,i512-o128-c8-2,llama-spark-5458cd78f4-dtcqm,False,workload,etri-ser0003-cg0ms0,1789044079.8666325,"{""cache_n"": 0, ""prompt_n"": 512, ""prompt_ms"": 126.904, ""prompt_per_token_ms"": 0.247859375, ""prompt_per_second"": 4034.54579839879, ""predicted_n"": 128, ""predicted_ms"": 1990.524, ""predicted_per_token_ms"": 15.673417322834645, ""predicted_per_second"": 63.802295275013016}",ok,limit,639,8620.332446997054,True
512,128,0,False,i512-o128-c8,1789044092.5916,8,63.78425453031435,False,1789044090.600632,1.9414424896240234,True,512,12723.717568995198,llama3.2:3b-instruct-q8_0,spark,128,True,measure,etri-ser0003-cg0ms0,1789044079.8659413,,i512-o128-c8-7,llama-spark-5458cd78f4-dtcqm,False,workload,etri-ser0003-cg0ms0,1789044079.8678827,"{""cache_n"": 0, ""prompt_n"": 512, ""prompt_ms"": 123.359, ""prompt_per_token_ms"": 0.240935546875, ""prompt_per_second"": 4150.487601228933, ""predicted_n"": 128, ""predicted_ms"": 1991.087, ""predicted_per_token_ms"": 15.677850393700787, ""predicted_per_second"": 63.78425453031435}",ok,limit,639,10732.74971000501,True
512,128,0,False,i512-o128-c8,1789044094.7067308,8,63.926002883213734,False,1789044092.720268,1.3458728790283203,True,512,14839.443348988425,llama3.2:3b-instruct-q8_0,spark,128,True,measure,etri-ser0003-cg0ms0,1789044079.8659413,,i512-o128-c8-4,llama-spark-5458cd78f4-dtcqm,False,workload,etri-ser0003-cg0ms0,1789044079.8672872,"{""cache_n"": 0, ""prompt_n"": 512, ""prompt_ms"": 128.034, ""prompt_per_token_ms"": 0.25006640625, ""prompt_per_second"": 3998.9377821516164, ""predicted_n"": 128, ""predicted_ms"": 1986.672, ""predicted_per_token_ms"": 15.643086614173228, ""predicted_per_second"": 63.926002883213734}",ok,limit,639,12852.981012998498,True
512,128,0,False,i512-o128-c8,1789044096.8202164,8,63.837348467979034,False,1789044094.8301826,1.7151832580566406,True,512,16952.55987800192,llama3.2:3b-instruct-q8_0,spark,128,True,measure,etri-ser0003-cg0ms0,1789044079.8659413,,i512-o128-c8-6,llama-spark-5458cd78f4-dtcqm,False,workload,etri-ser0003-cg0ms0,1789044079.8676565,"{""cache_n"": 0, ""prompt_n"": 512, ""prompt_ms"": 123.86, ""prompt_per_token_ms"": 0.2419140625, ""prompt_per_second"": 4133.699337962215, ""predicted_n"": 128, ""predicted_ms"": 1989.431, ""predicted_per_token_ms"": 15.664811023622047, ""predicted_per_second"": 63.837348467979034}",ok,limit,639,14962.526187999174,True
2048,128,0,False,i2048-o128-c1,1789044101.524235,1,60.53413028660766,False,1789044099.426251,0.5555152893066406,True,2048,2688.6265500070294,llama3.2:3b-instruct-q8_0,spark,128,True,measure,etri-ser0003-cg0ms0,1789044098.8350525,,i2048-o128-c1-0,llama-spark-5458cd78f4-dtcqm,False,workload,etri-ser0003-cg0ms0,1789044098.835608,"{""cache_n"": 0, ""prompt_n"": 2048, ""prompt_ms"": 588.577, ""prompt_per_token_ms"": 0.28739111328125, ""prompt_per_second"": 3479.5787127257777, ""predicted_n"": 128, ""predicted_ms"": 2097.99, ""predicted_per_token_ms"": 16.519606299212597, ""predicted_per_second"": 60.53413028660766}",ok,limit,2175,590.6429330061655,True
512,128,0,False,i512-o128-c2,1789044105.6497347,2,63.861873305083265,False,1789044103.6614473,0.30350685119628906,True,512,2116.8051999993622,llama3.2:3b-instruct-q8_0,spark,128,True,measure,etri-ser0003-cg0ms0,1789044103.532626,,i512-o128-c2-1,llama-spark-5458cd78f4-dtcqm,False,workload,etri-ser0003-cg0ms0,1789044103.5329294,"{""cache_n"": 0, ""prompt_n"": 512, ""prompt_ms"": 126.728, ""prompt_per_token_ms"": 0.247515625, ""prompt_per_second"": 4040.148980493656, ""predicted_n"": 128, ""predicted_ms"": 1988.667, ""predicted_per_token_ms"": 15.65879527559055, ""predicted_per_second"": 63.861873305083265}",ok,limit,639,128.51786401006393,True
512,128,0,False,i512-o128-c2,1789044107.7579572,2,64.00212870072151,False,1789044105.7740679,0.1494884490966797,True,512,4225.181132991565,llama3.2:3b-instruct-q8_0,spark,128,True,measure,etri-ser0003-cg0ms0,1789044103.532626,,i512-o128-c2-0,llama-spark-5458cd78f4-dtcqm,False,workload,etri-ser0003-cg0ms0,1789044103.5327754,"{""cache_n"": 0, ""prompt_n"": 512, ""prompt_ms"": 124.002, ""prompt_per_token_ms"": 0.24219140625, ""prompt_per_second"": 4128.965661844164, ""predicted_n"": 128, ""predicted_ms"": 1984.309, ""predicted_per_token_ms"": 15.62448031496063, ""predicted_per_second"": 64.00212870072151}",ok,limit,639,2241.2924399977783,True
512,256,0,False,i512-o256-c1,1789044113.893202,1,63.732330211448875,False,1789044109.892576,0.2467632293701172,True,512,4129.538039007457,llama3.2:3b-instruct-q8_0,spark,256,True,measure,etri-ser0003-cg0ms0,1789044109.7634165,,i512-o256-c1-0,llama-spark-5458cd78f4-dtcqm,False,workload,etri-ser0003-cg0ms0,1789044109.7636633,"{""cache_n"": 0, ""prompt_n"": 512, ""prompt_ms"": 126.982, ""prompt_per_token_ms"": 0.24801171875, ""prompt_per_second"": 4032.067537131247, ""predicted_n"": 256, ""predicted_ms"": 4001.109, ""predicted_per_token_ms"": 15.690623529411765, ""predicted_per_second"": 63.732330211448875}",ok,limit,767,128.91221699828748,True
512,128,0,False,i512-o128-c4,1789044118.0292401,4,63.7733965510142,False,1789044116.0368087,0.4432201385498047,True,512,2119.2121130006853,llama3.2:3b-instruct-q8_0,spark,128,True,measure,etri-ser0003-cg0ms0,1789044115.9095845,,i512-o128-c4-1,llama-spark-5458cd78f4-dtcqm,False,workload,etri-ser0003-cg0ms0,1789044115.9100277,"{""cache_n"": 0, ""prompt_n"": 512, ""prompt_ms"": 125.457, ""prompt_per_token_ms"": 0.245033203125, ""prompt_per_second"": 4081.0795730808168, ""predicted_n"": 128, ""predicted_ms"": 1991.426, ""predicted_per_token_ms"": 15.68051968503937, ""predicted_per_second"": 63.7733965510142}",ok,limit,639,126.78063700150233,True
512,128,0,False,i512-o128-c4,1789044120.137536,4,64.09162983500694,False,1789044118.154457,0.20170211791992188,True,512,4227.749728990602,llama3.2:3b-instruct-q8_0,spark,128,True,measure,etri-ser0003-cg0ms0,1789044115.9095845,,i512-o128-c4-0,llama-spark-5458cd78f4-dtcqm,False,workload,etri-ser0003-cg0ms0,1789044115.9097862,"{""cache_n"": 0, ""prompt_n"": 512, ""prompt_ms"": 126.255, ""prompt_per_token_ms"": 0.246591796875, ""prompt_per_second"": 4055.2849392103285, ""predicted_n"": 128, ""predicted_ms"": 1981.538, ""predicted_per_token_ms"": 15.602661417322835, ""predicted_per_second"": 64.09162983500694}",ok,limit,639,2244.6704789908836,True
512,128,0,False,i512-o128-c4,1789044122.260389,4,63.54657964287823,False,1789044120.2619812,0.9429454803466797,True,512,6349.861270005931,llama3.2:3b-instruct-q8_0,spark,128,True,measure,etri-ser0003-cg0ms0,1789044115.9095845,,i512-o128-c4-2,llama-spark-5458cd78f4-dtcqm,False,workload,etri-ser0003-cg0ms0,1789044115.9105275,"{""cache_n"": 0, ""prompt_n"": 512, ""prompt_ms"": 125.083, ""prompt_per_token_ms"": 0.244302734375, ""prompt_per_second"": 4093.2820607116873, ""predicted_n"": 128, ""predicted_ms"": 1998.534, ""predicted_per_token_ms"": 15.736488188976379, ""predicted_per_second"": 63.54657964287823}",ok,limit,639,4351.453775001573,True
512,128,0,False,i512-o128-c4,1789044124.3461542,4,64.75590846675854,False,1789044122.384856,1.3272762298583984,True,512,8435.242374005611,llama3.2:3b-instruct-q8_0,spark,128,True,measure,etri-ser0003-cg0ms0,1789044115.9095845,,i512-o128-c4-3,llama-spark-5458cd78f4-dtcqm,False,workload,etri-ser0003-cg0ms0,1789044115.9109118,"{""cache_n"": 0, ""prompt_n"": 512, ""prompt_ms"": 124.839, ""prompt_per_token_ms"": 0.243826171875, ""prompt_per_second"": 4101.282451797916, ""predicted_n"": 128, ""predicted_ms"": 1961.211, ""predicted_per_token_ms"": 15.4426062992126, ""predicted_per_second"": 64.75590846675854}",ok,limit,639,6473.9442459977,True
512,128,0,False,i512-o128-c1,1789044128.4348435,1,64.9788537320886,False,1789044126.4810386,0.49042701721191406,True,512,2081.364901008783,llama3.2:3b-instruct-q8_0,spark,128,True,measure,etri-ser0003-cg0ms0,1789044126.3529878,,i512-o128-c1-0,llama-spark-5458cd78f4-dtcqm,False,workload,etri-ser0003-cg0ms0,1789044126.3534782,"{""cache_n"": 0, ""prompt_n"": 512, ""prompt_ms"": 125.684, ""prompt_per_token_ms"": 0.2454765625, ""prompt_per_second"": 4073.7086661786702, ""predicted_n"": 128, ""predicted_ms"": 1954.482, ""predicted_per_token_ms"": 15.389622047244094, ""predicted_per_second"": 64.9788537320886}",ok,limit,639,127.56004699622281,True
512,128,1,False,,1789044214.011377,,63.30543075856356,False,1789044212.0053813,0.0011920928955078125,True,512,2319.2888229968958,llama3.2:3b-instruct-q8_0,spark,128,True,warmup,etri-ser0003-cg0ms0,1789044211.6920867,,warmup,llama-spark-5458cd78f4-dtcqm,False,workload,etri-ser0003-cg0ms0,1789044211.692088,"{""cache_n"": 0, ""prompt_n"": 512, ""prompt_ms"": 312.032, ""prompt_per_token_ms"": 0.6094375, ""prompt_per_second"": 1640.8573479643114, ""predicted_n"": 128, ""predicted_ms"": 2006.147, ""predicted_per_token_ms"": 15.796433070866142, ""predicted_per_second"": 63.30543075856356}",ok,limit,639,313.29376199573744,True
2048,128,1,False,i2048-o128-c1,1789044218.758898,1,58.89816831334196,False,1789044216.6021898,3.1893253326416016,True,2048,2736.1998289998155,llama3.2:3b-instruct-q8_0,spark,128,True,measure,etri-ser0003-cg0ms0,1789044216.0195084,,i2048-o128-c1-0,llama-spark-5458cd78f4-dtcqm,False,workload,etri-ser0003-cg0ms0,1789044216.0226977,"{""cache_n"": 0, ""prompt_n"": 2048, ""prompt_ms"": 578.181, ""prompt_per_token_ms"": 0.28231494140625, ""prompt_per_second"": 3542.143377246917, ""predicted_n"": 128, ""predicted_ms"": 2156.264, ""predicted_per_token_ms"": 16.978456692913387, ""predicted_per_second"": 58.89816831334196}",ok,limit,2175,579.4919109903276,True
512,128,1,False,i512-o128-c8,1789044222.9079185,8,63.60854798714006,False,1789044220.9111946,0.3688335418701172,True,512,2126.2378280080156,llama3.2:3b-instruct-q8_0,spark,128,True,measure,etri-ser0003-cg0ms0,1789044220.7813115,,i512-o128-c8-1,llama-spark-5458cd78f4-dtcqm,False,workload,etri-ser0003-cg0ms0,1789044220.7816803,"{""cache_n"": 0, ""prompt_n"": 512, ""prompt_ms"": 127.853, ""prompt_per_token_ms"": 0.249712890625, ""prompt_per_second"": 4004.5990317004685, ""predicted_n"": 128, ""predicted_ms"": 1996.587, ""predicted_per_token_ms"": 15.721157480314961, ""predicted_per_second"": 63.60854798714006}",ok,limit,639,129.51426600920968,True
512,128,1,False,i512-o128-c8,1789044224.9910192,8,64.83994998644486,False,1789044223.0319936,0.1544952392578125,True,512,4209.553065011278,llama3.2:3b-instruct-q8_0,spark,128,True,measure,etri-ser0003-cg0ms0,1789044220.7813115,,i512-o128-c8-0,llama-spark-5458cd78f4-dtcqm,False,workload,etri-ser0003-cg0ms0,1789044220.781466,"{""cache_n"": 0, ""prompt_n"": 512, ""prompt_ms"": 124.125, ""prompt_per_token_ms"": 0.242431640625, ""prompt_per_second"": 4124.874118831823, ""predicted_n"": 128, ""predicted_ms"": 1958.669, ""predicted_per_token_ms"": 15.422590551181104, ""predicted_per_second"": 64.83994998644486}",ok,limit,639,2250.527215001057,True
512,128,1,False,i512-o128-c8,1789044227.104416,8,63.85198406214257,False,1789044225.1157188,0.8597373962402344,True,512,6322.244305003551,llama3.2:3b-instruct-q8_0,spark,128,True,measure,etri-ser0003-cg0ms0,1789044220.7813115,,i512-o128-c8-2,llama-spark-5458cd78f4-dtcqm,False,workload,etri-ser0003-cg0ms0,1789044220.7821712,"{""cache_n"": 0, ""prompt_n"": 512, ""prompt_ms"": 124.599, ""prompt_per_token_ms"": 0.243357421875, ""prompt_per_second"": 4109.182256679427, ""predicted_n"": 128, ""predicted_ms"": 1988.975, ""predicted_per_token_ms"": 15.661220472440943, ""predicted_per_second"": 63.85198406214257}",ok,limit,639,4333.547572008683,True
512,128,1,False,i512-o128-c8,1789044229.246003,8,63.01269135143368,False,1789044227.229316,1.2714862823486328,True,512,8463.419790001353,llama3.2:3b-instruct-q8_0,spark,128,True,measure,etri-ser0003-cg0ms0,1789044220.7813115,,i512-o128-c8-3,llama-spark-5458cd78f4-dtcqm,False,workload,etri-ser0003-cg0ms0,1789044220.782583,"{""cache_n"": 0, ""prompt_n"": 512, ""prompt_ms"": 125.068, ""prompt_per_token_ms"": 0.2442734375, ""prompt_per_second"": 4093.7729874948027, ""predicted_n"": 128, ""predicted_ms"": 2015.467, ""predicted_per_token_ms"": 15.869818897637796, ""predicted_per_second"": 63.01269135143368}",ok,limit,639,6446.732876996975,True
512,128,1,False,i512-o128-c8,1789044231.4053173,8,62.47660202060154,False,1789044229.3719509,1.928091049194336,True,512,10622.077104999335,llama3.2:3b-instruct-q8_0,spark,128,True,measure,etri-ser0003-cg0ms0,1789044220.7813115,,i512-o128-c8-5,llama-spark-5458cd78f4-dtcqm,False,workload,etri-ser0003-cg0ms0,1789044220.7832396,"{""cache_n"": 0, ""prompt_n"": 512, ""prompt_ms"": 127.464, ""prompt_per_token_ms"": 0.248953125, ""prompt_per_second"": 4016.820435573966, ""predicted_n"": 128, ""predicted_ms"": 2032.761, ""predicted_per_token_ms"": 16.005992125984253, ""predicted_per_second"": 62.47660202060154}",ok,limit,639,8588.710825992166,True
512,128,1,False,i512-o128-c8,1789044233.5582085,8,62.67315309126691,False,1789044231.5321116,1.5494823455810547,True,512,12775.347230999614,llama3.2:3b-instruct-q8_0,spark,128,True,measure,etri-ser0003-cg0ms0,1789044220.7813115,,i512-o128-c8-4,llama-spark-5458cd78f4-dtcqm,False,workload,etri-ser0003-cg0ms0,1789044220.782861,"{""cache_n"": 0, ""prompt_n"": 512, ""prompt_ms"": 126.228, ""prompt_per_token_ms"": 0.2465390625, ""prompt_per_second"": 4056.1523592229937, ""predicted_n"": 128, ""predicted_ms"": 2026.386, ""predicted_per_token_ms"": 15.955795275590551, ""predicted_per_second"": 62.67315309126691}",ok,limit,639,10749.25030200393,True
512,128,1,False,i512-o128-c8,1789044235.6908,8,63.26777562955173,False,1789044233.683423,2.232074737548828,True,512,14907.256039994536,llama3.2:3b-instruct-q8_0,spark,128,True,measure,etri-ser0003-cg0ms0,1789044220.7813115,,i512-o128-c8-6,llama-spark-5458cd78f4-dtcqm,False,workload,etri-ser0003-cg0ms0,1789044220.7835436,"{""cache_n"": 0, ""prompt_n"": 512, ""prompt_ms"": 125.41, ""prompt_per_token_ms"": 0.24494140625, ""prompt_per_second"": 4082.609042341121, ""predicted_n"": 128, ""predicted_ms"": 2007.341, ""predicted_per_token_ms"": 15.805834645669291, ""predicted_per_second"": 63.26777562955173}",ok,limit,639,12899.879307995434,True
512,128,1,False,i512-o128-c8,1789044237.8216753,8,63.32594863018992,False,1789044235.8162498,2.6140213012695312,True,512,17037.74905099999,llama3.2:3b-instruct-q8_0,spark,128,True,measure,etri-ser0003-cg0ms0,1789044220.7813115,,i512-o128-c8-7,llama-spark-5458cd78f4-dtcqm,False,workload,etri-ser0003-cg0ms0,1789044220.7839255,"{""cache_n"": 0, ""prompt_n"": 512, ""prompt_ms"": 125.26, ""prompt_per_token_ms"": 0.2446484375, ""prompt_per_second"": 4087.498004151365, ""predicted_n"": 128, ""predicted_ms"": 2005.497, ""predicted_per_token_ms"": 15.791314960629922, ""predicted_per_second"": 63.32594863018992}",ok,limit,639,15032.323990002624,True
512,128,1,False,i512-o128-c2,1789044245.96269,2,63.40710858592162,False,1789044243.9603202,0.2803802490234375,True,512,2129.5392850006465,llama3.2:3b-instruct-q8_0,spark,128,True,measure,etri-ser0003-cg0ms0,1789044243.83287,,i512-o128-c2-1,llama-spark-5458cd78f4-dtcqm,False,workload,etri-ser0003-cg0ms0,1789044243.8331504,"{""cache_n"": 0, ""prompt_n"": 512, ""prompt_ms"": 125.34, ""prompt_per_token_ms"": 0.2448046875, ""prompt_per_second"": 4084.8891016435296, ""predicted_n"": 128, ""predicted_ms"": 2002.93, ""predicted_per_token_ms"": 15.771102362204726, ""predicted_per_second"": 63.40710858592162}",ok,limit,639,127.16971199552063,True
512,128,1,False,i512-o128-c2,1789044248.0983007,2,63.173173586450496,False,1789044246.0869339,0.1430511474609375,True,512,4265.287075002561,llama3.2:3b-instruct-q8_0,spark,128,True,measure,etri-ser0003-cg0ms0,1789044243.83287,,i512-o128-c2-0,llama-spark-5458cd78f4-dtcqm,False,workload,etri-ser0003-cg0ms0,1789044243.833013,"{""cache_n"": 0, ""prompt_n"": 512, ""prompt_ms"": 124.405, ""prompt_per_token_ms"": 0.242978515625, ""prompt_per_second"": 4115.590209396729, ""predicted_n"": 128, ""predicted_ms"": 2010.347, ""predicted_per_token_ms"": 15.829503937007875, ""predicted_per_second"": 63.173173586450496}",ok,limit,639,2253.9202939951792,True
512,128,1,False,i512-o128-c1,1789044254.2487428,1,62.99662546422809,False,1789044252.2322965,0.15735626220703125,True,512,2144.4265979953343,llama3.2:3b-instruct-q8_0,spark,128,True,measure,etri-ser0003-cg0ms0,1789044252.1041586,,i512-o128-c1-0,llama-spark-5458cd78f4-dtcqm,False,workload,etri-ser0003-cg0ms0,1789044252.104316,"{""cache_n"": 0, ""prompt_n"": 512, ""prompt_ms"": 126.651, ""prompt_per_token_ms"": 0.247365234375, ""prompt_per_second"": 4042.6052695991348, ""predicted_n"": 128, ""predicted_ms"": 2015.981, ""predicted_per_token_ms"": 15.873866141732284, ""predicted_per_second"": 62.99662546422809}",ok,limit,639,127.98064199159853,True
512,128,1,False,i512-o128-c4,1789044260.4240904,4,62.507382761743514,False,1789044258.3918827,0.8349418640136719,True,512,2161.8326059979154,llama3.2:3b-instruct-q8_0,spark,128,True,measure,etri-ser0003-cg0ms0,1789044258.2614224,,i512-o128-c4-3,llama-spark-5458cd78f4-dtcqm,False,workload,etri-ser0003-cg0ms0,1789044258.2622573,"{""cache_n"": 0, ""prompt_n"": 512, ""prompt_ms"": 128.657, ""prompt_per_token_ms"": 0.251283203125, ""prompt_per_second"": 3979.573594907389, ""predicted_n"": 128, ""predicted_ms"": 2031.76, ""predicted_per_token_ms"": 15.998110236220473, ""predicted_per_second"": 62.507382761743514}",ok,limit,639,129.62504400638863,True
512,128,1,False,i512-o128-c4,1789044262.569719,4,62.852680246144956,False,1789044260.5492258,0.40793418884277344,True,512,4307.888291994459,llama3.2:3b-instruct-q8_0,spark,128,True,measure,etri-ser0003-cg0ms0,1789044258.2614224,,i512-o128-c4-2,llama-spark-5458cd78f4-dtcqm,False,workload,etri-ser0003-cg0ms0,1789044258.2618303,"{""cache_n"": 0, ""prompt_n"": 512, ""prompt_ms"": 124.925, ""prompt_per_token_ms"": 0.243994140625, ""prompt_per_second"": 4098.459075445267, ""predicted_n"": 128, ""predicted_ms"": 2020.598, ""predicted_per_token_ms"": 15.910220472440944, ""predicted_per_second"": 62.852680246144956}",ok,limit,639,2287.3952649970306,True
512,128,1,False,i512-o128-c4,1789044264.723478,4,62.59154629704469,False,1789044262.6942787,0.18739700317382812,True,512,6461.8678919941885,llama3.2:3b-instruct-q8_0,spark,128,True,measure,etri-ser0003-cg0ms0,1789044258.2614224,,i512-o128-c4-0,llama-spark-5458cd78f4-dtcqm,False,workload,etri-ser0003-cg0ms0,1789044258.2616098,"{""cache_n"": 0, ""prompt_n"": 512, ""prompt_ms"": 124.705, ""prompt_per_token_ms"": 0.243564453125, ""prompt_per_second"": 4105.689427047833, ""predicted_n"": 128, ""predicted_ms"": 2029.028, ""predicted_per_token_ms"": 15.976598425196851, ""predicted_per_second"": 62.59154629704469}",ok,limit,639,4432.668088993523,True
512,128,1,False,i512-o128-c4,1789044266.8288321,4,64.12713128035625,False,1789044264.8483953,0.27108192443847656,True,512,8567.13827198837,llama3.2:3b-instruct-q8_0,spark,128,True,measure,etri-ser0003-cg0ms0,1789044258.2614224,,i512-o128-c4-1,llama-spark-5458cd78f4-dtcqm,False,workload,etri-ser0003-cg0ms0,1789044258.2616935,"{""cache_n"": 0, ""prompt_n"": 512, ""prompt_ms"": 125.07, ""prompt_per_token_ms"": 0.24427734375, ""prompt_per_second"": 4093.7075237866798, ""predicted_n"": 128, ""predicted_ms"": 1980.441, ""predicted_per_token_ms"": 15.594023622047244, ""predicted_per_second"": 64.12713128035625}",ok,limit,639,6586.701608990552,True
128,64,1,False,i128-o64-c1,1789044273.8361893,1,65.28490644051146,False,1789044272.87187,0.24366378784179688,True,128,999.2711590020917,llama3.2:3b-instruct-q8_0,spark,64,True,measure,etri-ser0003-cg0ms0,1789044272.8366742,,i128-o64-c1-0,llama-spark-5458cd78f4-dtcqm,False,workload,etri-ser0003-cg0ms0,1789044272.8369179,"{""cache_n"": 0, ""prompt_n"": 128, ""prompt_ms"": 32.977, ""prompt_per_token_ms"": 0.2576328125, ""prompt_per_second"": 3881.493161900719, ""predicted_n"": 64, ""predicted_ms"": 965.001, ""predicted_per_token_ms"": 15.31747619047619, ""predicted_per_second"": 65.28490644051146}",ok,limit,191,34.95225201186258,True
512,256,1,False,i512-o256-c1,1789044279.9222581,1,64.51802254031996,False,1789044275.969946,0.21457672119140625,True,512,4080.3933260031044,llama3.2:3b-instruct-q8_0,spark,256,True,measure,etri-ser0003-cg0ms0,1789044275.8416493,,i512-o256-c1-0,llama-spark-5458cd78f4-dtcqm,False,workload,etri-ser0003-cg0ms0,1789044275.8418639,"{""cache_n"": 0, ""prompt_n"": 512, ""prompt_ms"": 126.202, ""prompt_per_token_ms"": 0.24648828125, ""prompt_per_second"": 4056.9880033596933, ""predicted_n"": 256, ""predicted_ms"": 3952.384, ""predicted_per_token_ms"": 15.499545098039215, ""predicted_per_second"": 64.51802254031996}",ok,limit,767,128.08103099814616,True
512,128,2,False,,1789044500.671754,,61.96439828178091,False,1789044498.621484,0.00095367431640625,True,512,2364.4243360031396,llama3.2:3b-instruct-q8_0,spark,128,True,warmup,etri-ser0003-cg0ms0,1789044498.307329,,warmup,llama-spark-5458cd78f4-dtcqm,False,workload,etri-ser0003-cg0ms0,1789044498.30733,"{""cache_n"": 0, ""prompt_n"": 512, ""prompt_ms"": 312.747, ""prompt_per_token_ms"": 0.610833984375, ""prompt_per_second"": 1637.1060313927871, ""predicted_n"": 128, ""predicted_ms"": 2049.564, ""predicted_per_token_ms"": 16.138299212598422, ""predicted_per_second"": 61.96439828178091}",ok,limit,639,314.1547859995626,True
128,64,2,False,i128-o64-c1,1789044503.7035098,1,63.699677254968584,False,1789044502.7150388,5.3501129150390625,True,128,1023.0074420105666,llama3.2:3b-instruct-q8_0,spark,64,True,measure,etri-ser0003-cg0ms0,1789044502.6751518,,i128-o64-c1-0,llama-spark-5458cd78f4-dtcqm,False,workload,etri-ser0003-cg0ms0,1789044502.680502,"{""cache_n"": 0, ""prompt_n"": 128, ""prompt_ms"": 32.743, ""prompt_per_token_ms"": 0.2558046875, ""prompt_per_second"": 3909.2325077115715, ""predicted_n"": 64, ""predicted_ms"": 989.016, ""predicted_per_token_ms"": 15.698666666666666, ""predicted_per_second"": 63.699677254968584}",ok,limit,191,34.53658500802703,True
512,128,2,False,i512-o128-c4,1789044507.8428786,4,63.501619291291924,False,1789044505.8430698,0.1704692840576172,True,512,2126.239796009031,llama3.2:3b-instruct-q8_0,spark,128,True,measure,etri-ser0003-cg0ms0,1789044505.7164679,,i512-o128-c4-0,llama-spark-5458cd78f4-dtcqm,False,workload,etri-ser0003-cg0ms0,1789044505.7166383,"{""cache_n"": 0, ""prompt_n"": 512, ""prompt_ms"": 124.375, ""prompt_per_token_ms"": 0.242919921875, ""prompt_per_second"": 4116.582914572864, ""predicted_n"": 128, ""predicted_ms"": 1999.949, ""predicted_per_token_ms"": 15.747629921259843, ""predicted_per_second"": 63.501619291291924}",ok,limit,639,126.4310749975266,True
512,128,2,False,i512-o128-c4,1789044509.9681234,4,63.48260576602011,False,1789044507.9678528,1.237630844116211,True,512,4250.41762800538,llama3.2:3b-instruct-q8_0,spark,128,True,measure,etri-ser0003-cg0ms0,1789044505.7164679,,i512-o128-c4-3,llama-spark-5458cd78f4-dtcqm,False,workload,etri-ser0003-cg0ms0,1789044505.7177055,"{""cache_n"": 0, ""prompt_n"": 512, ""prompt_ms"": 124.356, ""prompt_per_token_ms"": 0.2428828125, ""prompt_per_second"": 4117.211875583004, ""predicted_n"": 128, ""predicted_ms"": 2000.548, ""predicted_per_token_ms"": 15.752346456692914, ""predicted_per_second"": 63.48260576602011}",ok,limit,639,2250.147413011291,True
512,128,2,False,i512-o128-c4,1789044512.082635,4,63.89654193927514,False,1789044510.0952632,0.37360191345214844,True,512,6365.7931280031335,llama3.2:3b-instruct-q8_0,spark,128,True,measure,etri-ser0003-cg0ms0,1789044505.7164679,,i512-o128-c4-1,llama-spark-5458cd78f4-dtcqm,False,workload,etri-ser0003-cg0ms0,1789044505.7168415,"{""cache_n"": 0, ""prompt_n"": 512, ""prompt_ms"": 126.998, ""prompt_per_token_ms"": 0.24804296875, ""prompt_per_second"": 4031.5595521189307, ""predicted_n"": 128, ""predicted_ms"": 1987.588, ""predicted_per_token_ms"": 15.650299212598425, ""predicted_per_second"": 63.89654193927514}",ok,limit,639,4378.421536006499,True
512,128,2,False,i512-o128-c4,1789044514.1688533,4,64.79849708304718,False,1789044512.209439,0.8344650268554688,True,512,8451.550641009817,llama3.2:3b-instruct-q8_0,spark,128,True,measure,etri-ser0003-cg0ms0,1789044505.7164679,,i512-o128-c4-2,llama-spark-5458cd78f4-dtcqm,False,workload,etri-ser0003-cg0ms0,1789044505.7173023,"{""cache_n"": 0, ""prompt_n"": 512, ""prompt_ms"": 126.618, ""prompt_per_token_ms"": 0.24730078125, ""prompt_per_second"": 4043.6588794642153, ""predicted_n"": 128, ""predicted_ms"": 1959.922, ""predicted_per_token_ms"": 15.432456692913386, ""predicted_per_second"": 64.79849708304718}",ok,limit,639,6492.136747998302,True
512,256,2,False,i512-o256-c1,1789044522.3742685,1,62.63664921928943,False,1789044518.3024418,0.16379356384277344,True,512,4198.196394005208,llama3.2:3b-instruct-q8_0,spark,256,True,measure,etri-ser0003-cg0ms0,1789044518.1759076,,i512-o256-c1-0,llama-spark-5458cd78f4-dtcqm,False,workload,etri-ser0003-cg0ms0,1789044518.1760714,"{""cache_n"": 0, ""prompt_n"": 512, ""prompt_ms"": 125.047, ""prompt_per_token_ms"": 0.244232421875, ""prompt_per_second"": 4094.460482858445, ""predicted_n"": 256, ""predicted_ms"": 4071.099, ""predicted_per_token_ms"": 15.965094117647059, ""predicted_per_second"": 62.63664921928943}",ok,limit,767,126.37030900805257,True
512,128,2,False,i512-o128-c2,1789044528.5121946,2,63.34044541799208,False,1789044526.5075495,0.2334117889404297,True,512,2131.1611749988515,llama3.2:3b-instruct-q8_0,spark,128,True,measure,etri-ser0003-cg0ms0,1789044526.3807995,,i512-o128-c2-0,llama-spark-5458cd78f4-dtcqm,False,workload,etri-ser0003-cg0ms0,1789044526.381033,"{""cache_n"": 0, ""prompt_n"": 512, ""prompt_ms"": 125.038, ""prompt_per_token_ms"": 0.24421484375, ""prompt_per_second"": 4094.7551944208963, ""predicted_n"": 128, ""predicted_ms"": 2005.038, ""predicted_per_token_ms"": 15.787700787401574, ""predicted_per_second"": 63.34044541799208}",ok,limit,639,126.51650099724066,True
512,128,2,False,i512-o128-c2,1789044530.6316373,2,63.68363175215735,False,1789044528.6366572,0.5352497100830078,True,512,4250.302095999359,llama3.2:3b-instruct-q8_0,spark,128,True,measure,etri-ser0003-cg0ms0,1789044526.3807995,,i512-o128-c2-1,llama-spark-5458cd78f4-dtcqm,False,workload,etri-ser0003-cg0ms0,1789044526.3813348,"{""cache_n"": 0, ""prompt_n"": 512, ""prompt_ms"": 124.254, ""prompt_per_token_ms"": 0.24268359375, ""prompt_per_second"": 4120.59169121316, ""predicted_n"": 128, ""predicted_ms"": 1994.233, ""predicted_per_token_ms"": 15.702622047244095, ""predicted_per_second"": 63.68363175215735}",ok,limit,639,2255.322316006641,True
512,128,2,False,i512-o128-c8,1789044538.74312,8,64.69438778732969,False,1789044536.7808971,0.9121894836425781,True,512,2092.6076359901344,llama3.2:3b-instruct-q8_0,spark,128,True,measure,etri-ser0003-cg0ms0,1789044536.6496,,i512-o128-c8-3,llama-spark-5458cd78f4-dtcqm,False,workload,etri-ser0003-cg0ms0,1789044536.6505122,"{""cache_n"": 0, ""prompt_n"": 512, ""prompt_ms"": 128.028, ""prompt_per_token_ms"": 0.2500546875, ""prompt_per_second"": 3999.125191364389, ""predicted_n"": 128, ""predicted_ms"": 1963.076, ""predicted_per_token_ms"": 15.457291338582678, ""predicted_per_second"": 64.69438778732969}",ok,limit,639,130.38491999031976,True
512,128,2,False,i512-o128-c8,1789044540.8440037,8,64.35978233217554,False,1789044538.8706226,0.3097057342529297,True,512,4194.093710990273,llama3.2:3b-instruct-q8_0,spark,128,True,measure,etri-ser0003-cg0ms0,1789044536.6496,,i512-o128-c8-1,llama-spark-5458cd78f4-dtcqm,False,workload,etri-ser0003-cg0ms0,1789044536.6499097,"{""cache_n"": 0, ""prompt_n"": 512, ""prompt_ms"": 126.475, ""prompt_per_token_ms"": 0.247021484375, ""prompt_per_second"": 4048.230875667128, ""predicted_n"": 128, ""predicted_ms"": 1973.282, ""predicted_per_token_ms"": 15.537653543307085, ""predicted_per_second"": 64.35978233217554}",ok,limit,639,2220.713082992006,True
512,128,2,False,i512-o128-c8,1789044542.9563406,8,63.91914982497728,False,1789044540.9691062,0.13780593872070312,True,512,6306.602418000693,llama3.2:3b-instruct-q8_0,spark,128,True,measure,etri-ser0003-cg0ms0,1789044536.6496,,i512-o128-c8-0,llama-spark-5458cd78f4-dtcqm,False,workload,etri-ser0003-cg0ms0,1789044536.6497378,"{""cache_n"": 0, ""prompt_n"": 512, ""prompt_ms"": 125.89, ""prompt_per_token_ms"": 0.24587890625, ""prompt_per_second"": 4067.042656287235, ""predicted_n"": 128, ""predicted_ms"": 1986.885, ""predicted_per_token_ms"": 15.644763779527558, ""predicted_per_second"": 63.91914982497728}",ok,limit,639,4319.3684380094055,True
512,128,2,False,i512-o128-c8,1789044545.0415535,8,64.80878092641856,False,1789044543.0812542,0.7445812225341797,True,512,8391.208593995543,llama3.2:3b-instruct-q8_0,spark,128,True,measure,etri-ser0003-cg0ms0,1789044536.6496,,i512-o128-c8-2,llama-spark-5458cd78f4-dtcqm,False,workload,etri-ser0003-cg0ms0,1789044536.6503446,"{""cache_n"": 0, ""prompt_n"": 512, ""prompt_ms"": 125.189, ""prompt_per_token_ms"": 0.244509765625, ""prompt_per_second"": 4089.816197908762, ""predicted_n"": 128, ""predicted_ms"": 1959.611, ""predicted_per_token_ms"": 15.430007874015748, ""predicted_per_second"": 64.80878092641856}",ok,limit,639,6430.909176997375,True
512,128,2,False,i512-o128-c8,1789044547.1413915,8,64.32698775457278,False,1789044545.1665404,1.7731189727783203,True,512,10490.018187003443,llama3.2:3b-instruct-q8_0,spark,128,True,measure,etri-ser0003-cg0ms0,1789044536.6496,,i512-o128-c8-5,llama-spark-5458cd78f4-dtcqm,False,workload,etri-ser0003-cg0ms0,1789044536.6513731,"{""cache_n"": 0, ""prompt_n"": 512, ""prompt_ms"": 125.996, ""prompt_per_token_ms"": 0.2460859375, ""prompt_per_second"": 4063.6210673354713, ""predicted_n"": 128, ""predicted_ms"": 1974.288, ""predicted_per_token_ms"": 15.545574803149606, ""predicted_per_second"": 64.32698775457278}",ok,limit,639,8515.166906014201,True
512,128,2,False,i512-o128-c8,1789044549.233631,8,64.57389618042862,False,1789044547.2667801,2.183198928833008,True,512,12581.847590001416,llama3.2:3b-instruct-q8_0,spark,128,True,measure,etri-ser0003-cg0ms0,1789044536.6496,,i512-o128-c8-6,llama-spark-5458cd78f4-dtcqm,False,workload,etri-ser0003-cg0ms0,1789044536.6517832,"{""cache_n"": 0, ""prompt_n"": 512, ""prompt_ms"": 124.88, ""prompt_per_token_ms"": 0.24390625, ""prompt_per_second"": 4099.935938500961, ""predicted_n"": 128, ""predicted_ms"": 1966.739, ""predicted_per_token_ms"": 15.486133858267717, ""predicted_per_second"": 64.57389618042862}",ok,limit,639,10614.996817996143,True
512,128,2,False,i512-o128-c8,1789044551.320684,8,64.72980149867328,False,1789044549.3588688,2.503633499145508,True,512,14668.580691999523,llama3.2:3b-instruct-q8_0,spark,128,True,measure,etri-ser0003-cg0ms0,1789044536.6496,,i512-o128-c8-7,llama-spark-5458cd78f4-dtcqm,False,workload,etri-ser0003-cg0ms0,1789044536.6521037,"{""cache_n"": 0, ""prompt_n"": 512, ""prompt_ms"": 125.541, ""prompt_per_token_ms"": 0.245197265625, ""prompt_per_second"": 4078.3489059351127, ""predicted_n"": 128, ""predicted_ms"": 1962.002, ""predicted_per_token_ms"": 15.44883464566929, ""predicted_per_second"": 64.72980149867328}",ok,limit,639,12706.764414004283,True
512,128,2,False,i512-o128-c8,1789044553.4348497,8,63.83240726081067,False,1789044551.4458663,1.4791488647460938,True,512,16783.770256995922,llama3.2:3b-instruct-q8_0,spark,128,True,measure,etri-ser0003-cg0ms0,1789044536.6496,,i512-o128-c8-4,llama-spark-5458cd78f4-dtcqm,False,workload,etri-ser0003-cg0ms0,1789044536.6510792,"{""cache_n"": 0, ""prompt_n"": 512, ""prompt_ms"": 124.8, ""prompt_per_token_ms"": 0.24375, ""prompt_per_second"": 4102.5641025641025, ""predicted_n"": 128, ""predicted_ms"": 1989.585, ""predicted_per_token_ms"": 15.666023622047245, ""predicted_per_second"": 63.83240726081067}",ok,limit,639,14794.786846003262,True
2048,128,2,False,i2048-o128-c1,1789044570.1947033,1,59.073311840570895,False,1789044568.0446463,0.18930435180664062,True,2048,2738.8491079909727,llama3.2:3b-instruct-q8_0,spark,128,True,measure,etri-ser0003-cg0ms0,1789044567.4556649,,i2048-o128-c1-0,llama-spark-5458cd78f4-dtcqm,False,workload,etri-ser0003-cg0ms0,1789044567.4558542,"{""cache_n"": 0, ""prompt_n"": 2048, ""prompt_ms"": 586.891, ""prompt_per_token_ms"": 0.28656787109375, ""prompt_per_second"": 3489.574725119315, ""predicted_n"": 128, ""predicted_ms"": 2149.871, ""predicted_per_token_ms"": 16.92811811023622, ""predicted_per_second"": 59.073311840570895}",ok,limit,2175,588.7919919914566,True
512,128,2,False,i512-o128-c1,1789044578.3702283,1,62.360027516975926,False,1789044576.3336403,0.19669532775878906,True,512,2163.0533639981877,llama3.2:3b-instruct-q8_0,spark,128,True,measure,etri-ser0003-cg0ms0,1789044576.2069776,,i512-o128-c1-0,llama-spark-5458cd78f4-dtcqm,False,workload,etri-ser0003-cg0ms0,1789044576.2071743,"{""cache_n"": 0, ""prompt_n"": 512, ""prompt_ms"": 125.013, ""prompt_per_token_ms"": 0.244166015625, ""prompt_per_second"": 4095.574060297729, ""predicted_n"": 128, ""predicted_ms"": 2036.561, ""predicted_per_token_ms"": 16.03591338582677, ""predicted_per_second"": 62.360027516975926}",ok,limit,639,126.4659160078736,True
512,128,0,False,,1789043459.9242465,,281.5359002609195,False,1789043459.473118,0.0007152557373046875,True,512,691.7279149929527,qwen2.5:0.5b-instruct-q8_0,spark,128,True,warmup,etri-ser0003-cg0ms0,1789043459.232517,,warmup,llama-spark-5458cd78f4-dtcqm,False,workload,etri-ser0003-cg0ms0,1789043459.2325177,"{""cache_n"": 0, ""prompt_n"": 512, ""prompt_ms"": 239.729, ""prompt_per_token_ms"": 0.468220703125, ""prompt_per_second"": 2135.7449453341064, ""predicted_n"": 128, ""predicted_ms"": 451.097, ""predicted_per_token_ms"": 3.5519448818897636, ""predicted_per_second"": 281.5359002609195}",ok,limit,639,240.59931500232778,True
128,64,0,False,i128-o64-c1,1789043460.1528037,1,297.8864248900657,False,1789043459.9409356,3.211498260498047,True,128,223.30232900276314,qwen2.5:0.5b-instruct-q8_0,spark,64,True,measure,etri-ser0003-cg0ms0,1789043459.9262886,,i128-o64-c1-0,llama-spark-5458cd78f4-dtcqm,False,workload,etri-ser0003-cg0ms0,1789043459.9295,"{""cache_n"": 0, ""prompt_n"": 128, ""prompt_ms"": 10.571, ""prompt_per_token_ms"": 0.0825859375, ""prompt_per_second"": 12108.598997256646, ""predicted_n"": 64, ""predicted_ms"": 211.49, ""predicted_per_token_ms"": 3.356984126984127, ""predicted_per_second"": 297.8864248900657}",ok,limit,191,11.434448999352753,True
512,128,0,False,i512-o128-c8,1789043460.6737247,8,303.4002326864777,False,1789043460.2542872,0.33736228942871094,True,512,462.5901690014871,qwen2.5:0.5b-instruct-q8_0,spark,128,True,measure,etri-ser0003-cg0ms0,1789043460.210797,,i512-o128-c8-1,llama-spark-5458cd78f4-dtcqm,False,workload,etri-ser0003-cg0ms0,1789043460.2111344,"{""cache_n"": 0, ""prompt_n"": 512, ""prompt_ms"": 41.951, ""prompt_per_token_ms"": 0.081935546875, ""prompt_per_second"": 12204.715024671641, ""predicted_n"": 128, ""predicted_ms"": 418.589, ""predicted_per_token_ms"": 3.2959763779527558, ""predicted_per_second"": 303.4002326864777}",ok,limit,639,43.15308699733578,True
512,128,0,False,i512-o128-c8,1789043461.1367383,8,301.59536825506893,False,1789043460.7153454,0.9212493896484375,True,512,925.0198420049855,qwen2.5:0.5b-instruct-q8_0,spark,128,True,measure,etri-ser0003-cg0ms0,1789043460.210797,,i512-o128-c8-3,llama-spark-5458cd78f4-dtcqm,False,workload,etri-ser0003-cg0ms0,1789043460.2117183,"{""cache_n"": 0, ""prompt_n"": 512, ""prompt_ms"": 41.74, ""prompt_per_token_ms"": 0.0815234375, ""prompt_per_second"": 12266.411116435074, ""predicted_n"": 128, ""predicted_ms"": 421.094, ""predicted_per_token_ms"": 3.3157007874015747, ""predicted_per_second"": 301.59536825506893}",ok,limit,639,503.6269660049584,True
512,128,0,False,i512-o128-c8,1789043461.5979743,8,303.36906877639547,False,1789043461.178938,1.4088153839111328,True,512,1385.7681860099547,qwen2.5:0.5b-instruct-q8_0,spark,128,True,measure,etri-ser0003-cg0ms0,1789043460.210797,,i512-o128-c8-4,llama-spark-5458cd78f4-dtcqm,False,workload,etri-ser0003-cg0ms0,1789043460.212206,"{""cache_n"": 0, ""prompt_n"": 512, ""prompt_ms"": 42.602, ""prompt_per_token_ms"": 0.08320703125, ""prompt_per_second"": 12018.21510727196, ""predicted_n"": 128, ""predicted_ms"": 418.632, ""predicted_per_token_ms"": 3.296314960629921, ""predicted_per_second"": 303.36906877639547}",ok,limit,639,966.7319040017901,True
512,128,0,False,i512-o128-c8,1789043462.0512943,8,307.6893258454188,False,1789043461.6385405,1.7175674438476562,True,512,1838.7796839961084,qwen2.5:0.5b-instruct-q8_0,spark,128,True,measure,etri-ser0003-cg0ms0,1789043460.210797,,i512-o128-c8-5,llama-spark-5458cd78f4-dtcqm,False,workload,etri-ser0003-cg0ms0,1789043460.2125146,"{""cache_n"": 0, ""prompt_n"": 512, ""prompt_ms"": 40.64, ""prompt_per_token_ms"": 0.079375, ""prompt_per_second"": 12598.425196850394, ""predicted_n"": 128, ""predicted_ms"": 412.754, ""predicted_per_token_ms"": 3.2500314960629924, ""predicted_per_second"": 307.6893258454188}",ok,limit,639,1426.0261159943184,True
512,128,0,False,i512-o128-c8,1789043462.5048664,8,310.7428957323011,False,1789043462.0957,0.13780593872070312,True,512,2293.930754996836,qwen2.5:0.5b-instruct-q8_0,spark,128,True,measure,etri-ser0003-cg0ms0,1789043460.210797,,i512-o128-c8-0,llama-spark-5458cd78f4-dtcqm,False,workload,etri-ser0003-cg0ms0,1789043460.2109349,"{""cache_n"": 0, ""prompt_n"": 512, ""prompt_ms"": 44.537, ""prompt_per_token_ms"": 0.086986328125, ""prompt_per_second"": 11496.0594561825, ""predicted_n"": 128, ""predicted_ms"": 408.698, ""predicted_per_token_ms"": 3.218094488188976, ""predicted_per_second"": 310.7428957323011}",ok,limit,639,1884.764712987817,True
512,128,0,False,i512-o128-c8,1789043462.955653,8,310.8204681396783,False,1789043462.5474386,0.6666183471679688,True,512,2744.1886820015498,qwen2.5:0.5b-instruct-q8_0,spark,128,True,measure,etri-ser0003-cg0ms0,1789043460.210797,,i512-o128-c8-2,llama-spark-5458cd78f4-dtcqm,False,workload,etri-ser0003-cg0ms0,1789043460.2114637,"{""cache_n"": 0, ""prompt_n"": 512, ""prompt_ms"": 42.077, ""prompt_per_token_ms"": 0.082181640625, ""prompt_per_second"": 12168.167882691258, ""predicted_n"": 128, ""predicted_ms"": 408.596, ""predicted_per_token_ms"": 3.2172913385826774, ""predicted_per_second"": 310.8204681396783}",ok,limit,639,2335.9744969930034,True
512,128,0,False,i512-o128-c8,1789043463.4101212,8,307.5231792569562,False,1789043462.99765,2.607583999633789,True,512,3196.71619599103,qwen2.5:0.5b-instruct-q8_0,spark,128,True,measure,etri-ser0003-cg0ms0,1789043460.210797,,i512-o128-c8-7,llama-spark-5458cd78f4-dtcqm,False,workload,etri-ser0003-cg0ms0,1789043460.2134047,"{""cache_n"": 0, ""prompt_n"": 512, ""prompt_ms"": 41.518, ""prompt_per_token_ms"": 0.08108984375, ""prompt_per_second"": 12332.000578062527, ""predicted_n"": 128, ""predicted_ms"": 412.977, ""predicted_per_token_ms"": 3.251787401574803, ""predicted_per_second"": 307.5231792569562}",ok,limit,639,2784.24507699674,True
512,128,0,False,i512-o128-c8,1789043463.8636413,8,308.36469588442395,False,1789043463.4524083,2.121448516845703,True,512,3650.7226090034237,qwen2.5:0.5b-instruct-q8_0,spark,128,True,measure,etri-ser0003-cg0ms0,1789043460.210797,,i512-o128-c8-6,llama-spark-5458cd78f4-dtcqm,False,workload,etri-ser0003-cg0ms0,1789043460.2129185,"{""cache_n"": 0, ""prompt_n"": 512, ""prompt_ms"": 41.42, ""prompt_per_token_ms"": 0.0808984375, ""prompt_per_second"": 12361.178174794784, ""predicted_n"": 128, ""predicted_ms"": 411.85, ""predicted_per_token_ms"": 3.242913385826772, ""predicted_per_second"": 308.36469588442395}",ok,limit,639,3239.4896510086255,True
2048,128,0,False,i2048-o128-c1,1789043464.524926,1,291.52578166784883,False,1789043464.08951,0.22721290588378906,True,2048,636.4695920055965,qwen2.5:0.5b-instruct-q8_0,spark,128,True,measure,etri-ser0003-cg0ms0,1789043463.8882287,,i2048-o128-c1-0,llama-spark-5458cd78f4-dtcqm,False,workload,etri-ser0003-cg0ms0,1789043463.8884559,"{""cache_n"": 0, ""prompt_n"": 2048, ""prompt_ms"": 199.161, ""prompt_per_token_ms"": 0.09724658203125, ""prompt_per_second"": 10283.13776291543, ""predicted_n"": 128, ""predicted_ms"": 435.639, ""predicted_per_token_ms"": 3.430228346456693, ""predicted_per_second"": 291.52578166784883}",ok,limit,2175,201.05351199163124,True
512,128,0,False,i512-o128-c2,1789043465.0161443,2,292.54314435506905,False,1789043464.5826375,0.19788742065429688,True,512,477.6616320014,qwen2.5:0.5b-instruct-q8_0,spark,128,True,measure,etri-ser0003-cg0ms0,1789043464.5382845,,i512-o128-c2-0,llama-spark-5458cd78f4-dtcqm,False,workload,etri-ser0003-cg0ms0,1789043464.5384824,"{""cache_n"": 0, ""prompt_n"": 512, ""prompt_ms"": 42.168, ""prompt_per_token_ms"": 0.082359375, ""prompt_per_second"": 12141.908556251186, ""predicted_n"": 128, ""predicted_ms"": 434.124, ""predicted_per_token_ms"": 3.4182992125984253, ""predicted_per_second"": 292.54314435506905}",ok,limit,639,44.15510500257369,True
512,128,0,False,i512-o128-c2,1789043465.481523,2,298.98322162661,False,1789043465.0568588,0.3020763397216797,True,512,942.9361399961635,qwen2.5:0.5b-instruct-q8_0,spark,128,True,measure,etri-ser0003-cg0ms0,1789043464.5382845,,i512-o128-c2-1,llama-spark-5458cd78f4-dtcqm,False,workload,etri-ser0003-cg0ms0,1789043464.5385866,"{""cache_n"": 0, ""prompt_n"": 512, ""prompt_ms"": 40.727, ""prompt_per_token_ms"": 0.079544921875, ""prompt_per_second"": 12571.512755665775, ""predicted_n"": 128, ""predicted_ms"": 424.773, ""predicted_per_token_ms"": 3.3446692913385827, ""predicted_per_second"": 298.98322162661}",ok,limit,639,518.2719150034245,True
512,256,0,False,i512-o256-c1,1789043466.3720934,1,305.8316702486951,False,1789043465.5381658,0.2040863037109375,True,512,878.591469998355,qwen2.5:0.5b-instruct-q8_0,spark,256,True,measure,etri-ser0003-cg0ms0,1789043465.4932976,,i512-o256-c1-0,llama-spark-5458cd78f4-dtcqm,False,workload,etri-ser0003-cg0ms0,1789043465.4935017,"{""cache_n"": 0, ""prompt_n"": 512, ""prompt_ms"": 43.561, ""prompt_per_token_ms"": 0.085080078125, ""prompt_per_second"": 11753.632836711737, ""predicted_n"": 256, ""predicted_ms"": 833.792, ""predicted_per_token_ms"": 3.269772549019608, ""predicted_per_second"": 305.8316702486951}",ok,limit,767,44.663777996902354,True
512,128,0,False,i512-o128-c4,1789043466.8732944,4,299.82813001680927,False,1789043466.4490983,0.20432472229003906,True,512,467.94110399787314,qwen2.5:0.5b-instruct-q8_0,spark,128,True,measure,etri-ser0003-cg0ms0,1789043466.4051487,,i512-o128-c4-0,llama-spark-5458cd78f4-dtcqm,False,workload,etri-ser0003-cg0ms0,1789043466.405353,"{""cache_n"": 0, ""prompt_n"": 512, ""prompt_ms"": 42.272, ""prompt_per_token_ms"": 0.0825625, ""prompt_per_second"": 12112.03633610901, ""predicted_n"": 128, ""predicted_ms"": 423.576, ""predicted_per_token_ms"": 3.335244094488189, ""predicted_per_second"": 299.82813001680927}",ok,limit,639,43.745007991674356,True
512,128,0,False,i512-o128-c4,1789043467.337438,4,300.83665753891927,False,1789043466.9149477,0.8285045623779297,True,512,931.4606189873302,qwen2.5:0.5b-instruct-q8_0,spark,128,True,measure,etri-ser0003-cg0ms0,1789043466.4051487,,i512-o128-c4-2,llama-spark-5458cd78f4-dtcqm,False,workload,etri-ser0003-cg0ms0,1789043466.4059772,"{""cache_n"": 0, ""prompt_n"": 512, ""prompt_ms"": 41.947, ""prompt_per_token_ms"": 0.081927734375, ""prompt_per_second"": 12205.878847116599, ""predicted_n"": 128, ""predicted_ms"": 422.156, ""predicted_per_token_ms"": 3.324062992125984, ""predicted_per_second"": 300.83665753891927}",ok,limit,639,508.97028599865735,True
512,128,0,False,i512-o128-c4,1789043467.8022425,4,300.46086438095597,False,1789043467.379109,1.1258125305175781,True,512,1395.9674939978868,qwen2.5:0.5b-instruct-q8_0,spark,128,True,measure,etri-ser0003-cg0ms0,1789043466.4051487,,i512-o128-c4-3,llama-spark-5458cd78f4-dtcqm,False,workload,etri-ser0003-cg0ms0,1789043466.4062746,"{""cache_n"": 0, ""prompt_n"": 512, ""prompt_ms"": 41.902, ""prompt_per_token_ms"": 0.08183984375, ""prompt_per_second"": 12218.987160517398, ""predicted_n"": 128, ""predicted_ms"": 422.684, ""predicted_per_token_ms"": 3.328220472440945, ""predicted_per_second"": 300.46086438095597}",ok,limit,639,972.8340080037015,True
512,128,0,False,i512-o128-c4,1789043468.2654812,4,301.52447927672114,False,1789043467.8444195,0.4658699035644531,True,512,1859.8658890114166,qwen2.5:0.5b-instruct-q8_0,spark,128,True,measure,etri-ser0003-cg0ms0,1789043466.4051487,,i512-o128-c4-1,llama-spark-5458cd78f4-dtcqm,False,workload,etri-ser0003-cg0ms0,1789043466.4056146,"{""cache_n"": 0, ""prompt_n"": 512, ""prompt_ms"": 42.389, ""prompt_per_token_ms"": 0.082791015625, ""prompt_per_second"": 12078.605298544433, ""predicted_n"": 128, ""predicted_ms"": 421.193, ""predicted_per_token_ms"": 3.31648031496063, ""predicted_per_second"": 301.52447927672114}",ok,limit,639,1438.8044530060142,True
512,128,0,False,i512-o128-c1,1789043468.742506,1,301.2248228228798,False,1789043468.320835,0.16689300537109375,True,512,465.28242899512406,qwen2.5:0.5b-instruct-q8_0,spark,128,True,measure,etri-ser0003-cg0ms0,1789043468.2770557,,i512-o128-c1-0,llama-spark-5458cd78f4-dtcqm,False,workload,etri-ser0003-cg0ms0,1789043468.2772226,"{""cache_n"": 0, ""prompt_n"": 512, ""prompt_ms"": 42.213, ""prompt_per_token_ms"": 0.082447265625, ""prompt_per_second"": 12128.96501077867, ""predicted_n"": 128, ""predicted_ms"": 421.612, ""predicted_per_token_ms"": 3.319779527559055, ""predicted_per_second"": 301.2248228228798}",ok,limit,639,43.61174399673473,True
512,128,1,False,,1789044420.097749,,274.88701494346424,False,1789044419.635671,0.0007152557373046875,True,512,702.1231219987385,qwen2.5:0.5b-instruct-q8_0,spark,128,True,warmup,etri-ser0003-cg0ms0,1789044419.3956246,,warmup,llama-spark-5458cd78f4-dtcqm,False,workload,etri-ser0003-cg0ms0,1789044419.3956254,"{""cache_n"": 0, ""prompt_n"": 512, ""prompt_ms"": 238.672, ""prompt_per_token_ms"": 0.46615625, ""prompt_per_second"": 2145.2034591405777, ""predicted_n"": 128, ""predicted_ms"": 462.008, ""predicted_per_token_ms"": 3.637858267716535, ""predicted_per_second"": 274.88701494346424}",ok,limit,639,240.04509499354754,True
2048,128,1,False,i2048-o128-c1,1789044422.7741842,1,288.0811526875476,False,1789044422.3334858,3.201007843017578,True,2048,647.5552269985201,qwen2.5:0.5b-instruct-q8_0,spark,128,True,measure,etri-ser0003-cg0ms0,1789044422.1234274,,i2048-o128-c1-0,llama-spark-5458cd78f4-dtcqm,False,workload,etri-ser0003-cg0ms0,1789044422.1266284,"{""cache_n"": 0, ""prompt_n"": 2048, ""prompt_ms"": 205.051, ""prompt_per_token_ms"": 0.10012255859375, ""prompt_per_second"": 9987.75914284739, ""predicted_n"": 128, ""predicted_ms"": 440.848, ""predicted_per_token_ms"": 3.4712440944881893, ""predicted_per_second"": 288.0811526875476}",ok,limit,2175,206.8573459982872,True
512,128,1,False,i512-o128-c8,1789044425.3034008,8,295.24653085326247,False,1789044424.8731806,0.3657341003417969,True,512,474.8454559885431,qwen2.5:0.5b-instruct-q8_0,spark,128,True,measure,etri-ser0003-cg0ms0,1789044424.8281896,,i512-o128-c8-1,llama-spark-5458cd78f4-dtcqm,False,workload,etri-ser0003-cg0ms0,1789044424.8285553,"{""cache_n"": 0, ""prompt_n"": 512, ""prompt_ms"": 42.819, ""prompt_per_token_ms"": 0.083630859375, ""prompt_per_second"": 11957.308671384199, ""predicted_n"": 128, ""predicted_ms"": 430.149, ""predicted_per_token_ms"": 3.387, ""predicted_per_second"": 295.24653085326247}",ok,limit,639,44.625351001741365,True
512,128,1,False,i512-o128-c8,1789044425.7741678,8,299.1184249884003,False,1789044425.3490012,0.7278919219970703,True,512,945.249951997539,qwen2.5:0.5b-instruct-q8_0,spark,128,True,measure,etri-ser0003-cg0ms0,1789044424.8281896,,i512-o128-c8-2,llama-spark-5458cd78f4-dtcqm,False,workload,etri-ser0003-cg0ms0,1789044424.8289175,"{""cache_n"": 0, ""prompt_n"": 512, ""prompt_ms"": 45.593, ""prompt_per_token_ms"": 0.089048828125, ""prompt_per_second"": 11229.794047331827, ""predicted_n"": 128, ""predicted_ms"": 424.581, ""predicted_per_token_ms"": 3.343157480314961, ""predicted_per_second"": 299.1184249884003}",ok,limit,639,520.0835440045921,True
512,128,1,False,i512-o128-c8,1789044426.2500675,8,293.3106691178508,False,1789044425.816479,1.1603832244873047,True,512,1420.7173300092109,qwen2.5:0.5b-instruct-q8_0,spark,128,True,measure,etri-ser0003-cg0ms0,1789044424.8281896,,i512-o128-c8-3,llama-spark-5458cd78f4-dtcqm,False,workload,etri-ser0003-cg0ms0,1789044424.82935,"{""cache_n"": 0, ""prompt_n"": 512, ""prompt_ms"": 42.62, ""prompt_per_token_ms"": 0.0832421875, ""prompt_per_second"": 12013.139371187237, ""predicted_n"": 128, ""predicted_ms"": 432.988, ""predicted_per_token_ms"": 3.4093543307086613, ""predicted_per_second"": 293.3106691178508}",ok,limit,639,987.1289680013433,True
512,128,1,False,i512-o128-c8,1789044426.723318,8,294.03389029989137,False,1789044426.291508,1.5234947204589844,True,512,1893.6044830043102,qwen2.5:0.5b-instruct-q8_0,spark,128,True,measure,etri-ser0003-cg0ms0,1789044424.8281896,,i512-o128-c8-4,llama-spark-5458cd78f4-dtcqm,False,workload,etri-ser0003-cg0ms0,1789044424.829713,"{""cache_n"": 0, ""prompt_n"": 512, ""prompt_ms"": 41.409, ""prompt_per_token_ms"": 0.080876953125, ""prompt_per_second"": 12364.461831968896, ""predicted_n"": 128, ""predicted_ms"": 431.923, ""predicted_per_token_ms"": 3.400968503937008, ""predicted_per_second"": 294.03389029989137}",ok,limit,639,1461.7946170037612,True
512,128,1,False,i512-o128-c8,1789044427.2001092,8,292.1064555526677,False,1789044426.7651436,2.3088455200195312,True,512,2369.610516994726,qwen2.5:0.5b-instruct-q8_0,spark,128,True,measure,etri-ser0003-cg0ms0,1789044424.8281896,,i512-o128-c8-5,llama-spark-5458cd78f4-dtcqm,False,workload,etri-ser0003-cg0ms0,1789044424.8304985,"{""cache_n"": 0, ""prompt_n"": 512, ""prompt_ms"": 42.352, ""prompt_per_token_ms"": 0.08271875, ""prompt_per_second"": 12089.157536834153, ""predicted_n"": 128, ""predicted_ms"": 434.773, ""predicted_per_token_ms"": 3.423409448818898, ""predicted_per_second"": 292.1064555526677}",ok,limit,639,1934.6449220029172,True
512,128,1,False,i512-o128-c8,1789044427.6723003,8,295.39348971356134,False,1789044427.2428524,2.6988983154296875,True,512,2841.4113510079915,qwen2.5:0.5b-instruct-q8_0,spark,128,True,measure,etri-ser0003-cg0ms0,1789044424.8281896,,i512-o128-c8-6,llama-spark-5458cd78f4-dtcqm,False,workload,etri-ser0003-cg0ms0,1789044424.8308885,"{""cache_n"": 0, ""prompt_n"": 512, ""prompt_ms"": 41.931, ""prompt_per_token_ms"": 0.081896484375, ""prompt_per_second"": 12210.53635734898, ""predicted_n"": 128, ""predicted_ms"": 429.935, ""predicted_per_token_ms"": 3.385314960629921, ""predicted_per_second"": 295.39348971356134}",ok,limit,639,2411.9634369999403,True
512,128,1,False,i512-o128-c8,1789044428.1362827,8,300.89367791582555,False,1789044427.7144363,3.2134056091308594,True,512,3304.879463001271,qwen2.5:0.5b-instruct-q8_0,spark,128,True,measure,etri-ser0003-cg0ms0,1789044424.8281896,,i512-o128-c8-7,llama-spark-5458cd78f4-dtcqm,False,workload,etri-ser0003-cg0ms0,1789044424.831403,"{""cache_n"": 0, ""prompt_n"": 512, ""prompt_ms"": 41.951, ""prompt_per_token_ms"": 0.081935546875, ""prompt_per_second"": 12204.715024671641, ""predicted_n"": 128, ""predicted_ms"": 422.076, ""predicted_per_token_ms"": 3.323433070866142, ""predicted_per_second"": 300.89367791582555}",ok,limit,639,2883.0332299985457,True
512,128,1,False,i512-o128-c8,1789044428.602077,8,299.8840605718576,False,1789044428.1787527,0.18739700317382812,True,512,3773.699896992184,qwen2.5:0.5b-instruct-q8_0,spark,128,True,measure,etri-ser0003-cg0ms0,1789044424.8281896,,i512-o128-c8-0,llama-spark-5458cd78f4-dtcqm,False,workload,etri-ser0003-cg0ms0,1789044424.828377,"{""cache_n"": 0, ""prompt_n"": 512, ""prompt_ms"": 42.225, ""prompt_per_token_ms"": 0.082470703125, ""prompt_per_second"": 12125.518058022499, ""predicted_n"": 128, ""predicted_ms"": 423.497, ""predicted_per_token_ms"": 3.3346220472440944, ""predicted_per_second"": 299.8840605718576}",ok,limit,639,3350.375694994,True
512,128,1,False,i512-o128-c2,1789044431.0882986,2,299.2572764288946,False,1789044430.6639555,0.4146099090576172,True,512,468.9558109967038,qwen2.5:0.5b-instruct-q8_0,spark,128,True,measure,etri-ser0003-cg0ms0,1789044430.6189277,,i512-o128-c2-1,llama-spark-5458cd78f4-dtcqm,False,workload,etri-ser0003-cg0ms0,1789044430.6193423,"{""cache_n"": 0, ""prompt_n"": 512, ""prompt_ms"": 42.965, ""prompt_per_token_ms"": 0.083916015625, ""prompt_per_second"": 11916.676364482717, ""predicted_n"": 128, ""predicted_ms"": 424.384, ""predicted_per_token_ms"": 3.3416062992125983, ""predicted_per_second"": 299.2572764288946}",ok,limit,639,44.61293599160854,True
512,128,1,False,i512-o128-c2,1789044431.5614827,2,294.75863445519553,False,1789044431.131234,0.19097328186035156,True,512,942.3636709980201,qwen2.5:0.5b-instruct-q8_0,spark,128,True,measure,etri-ser0003-cg0ms0,1789044430.6189277,,i512-o128-c2-0,llama-spark-5458cd78f4-dtcqm,False,workload,etri-ser0003-cg0ms0,1789044430.6191187,"{""cache_n"": 0, ""prompt_n"": 512, ""prompt_ms"": 42.351, ""prompt_per_token_ms"": 0.082716796875, ""prompt_per_second"": 12089.44298835919, ""predicted_n"": 128, ""predicted_ms"": 430.861, ""predicted_per_token_ms"": 3.3926062992125985, ""predicted_per_second"": 294.75863445519553}",ok,limit,639,512.1152909996454,True
512,128,1,False,i512-o128-c1,1789044434.0311844,1,305.05380476556496,False,1789044433.614693,0.1590251922607422,True,512,461.9433960033348,qwen2.5:0.5b-instruct-q8_0,spark,128,True,measure,etri-ser0003-cg0ms0,1789044433.5690815,,i512-o128-c1-0,llama-spark-5458cd78f4-dtcqm,False,workload,etri-ser0003-cg0ms0,1789044433.5692406,"{""cache_n"": 0, ""prompt_n"": 512, ""prompt_ms"": 44.335, ""prompt_per_token_ms"": 0.086591796875, ""prompt_per_second"": 11548.43802864554, ""predicted_n"": 128, ""predicted_ms"": 416.32, ""predicted_per_token_ms"": 3.2781102362204724, ""predicted_per_second"": 305.05380476556496}",ok,limit,639,45.45181599678472,True
512,128,1,False,i512-o128-c4,1789044436.5237257,4,299.74179722349413,False,1789044436.0997033,0.7762908935546875,True,512,467.6282300060848,qwen2.5:0.5b-instruct-q8_0,spark,128,True,measure,etri-ser0003-cg0ms0,1789044436.0553207,,i512-o128-c4-0,llama-spark-5458cd78f4-dtcqm,False,workload,etri-ser0003-cg0ms0,1789044436.056097,"{""cache_n"": 0, ""prompt_n"": 512, ""prompt_ms"": 42.163, ""prompt_per_token_ms"": 0.082349609375, ""prompt_per_second"": 12143.348433460618, ""predicted_n"": 128, ""predicted_ms"": 423.698, ""predicted_per_token_ms"": 3.336204724409449, ""predicted_per_second"": 299.74179722349413}",ok,limit,639,43.605960003333166,True
512,128,1,False,i512-o128-c4,1789044436.9797223,4,306.74105741129875,False,1789044436.5654008,1.28173828125,True,512,923.1187780096661,qwen2.5:0.5b-instruct-q8_0,spark,128,True,measure,etri-ser0003-cg0ms0,1789044436.0553207,,i512-o128-c4-1,llama-spark-5458cd78f4-dtcqm,False,workload,etri-ser0003-cg0ms0,1789044436.0566025,"{""cache_n"": 0, ""prompt_n"": 512, ""prompt_ms"": 42.043, ""prompt_per_token_ms"": 0.082115234375, ""prompt_per_second"": 12178.008229669624, ""predicted_n"": 128, ""predicted_ms"": 414.03, ""predicted_per_token_ms"": 3.2600787401574802, ""predicted_per_second"": 306.74105741129875}",ok,limit,639,508.7973900081124,True
512,128,1,False,i512-o128-c4,1789044437.4407291,4,302.49907106584476,False,1789044437.020778,1.890420913696289,True,512,1383.5176799912006,qwen2.5:0.5b-instruct-q8_0,spark,128,True,measure,etri-ser0003-cg0ms0,1789044436.0553207,,i512-o128-c4-3,llama-spark-5458cd78f4-dtcqm,False,workload,etri-ser0003-cg0ms0,1789044436.0572112,"{""cache_n"": 0, ""prompt_n"": 512, ""prompt_ms"": 41.003, ""prompt_per_token_ms"": 0.080083984375, ""prompt_per_second"": 12486.891203082701, ""predicted_n"": 128, ""predicted_ms"": 419.836, ""predicted_per_token_ms"": 3.305795275590551, ""predicted_per_second"": 302.49907106584476}",ok,limit,639,963.5665300011169,True
512,128,1,False,i512-o128-c4,1789044437.902758,4,301.7530187181912,False,1789044437.4818234,1.5213489532470703,True,512,1845.916006990592,qwen2.5:0.5b-instruct-q8_0,spark,128,True,measure,etri-ser0003-cg0ms0,1789044436.0553207,,i512-o128-c4-2,llama-spark-5458cd78f4-dtcqm,False,workload,etri-ser0003-cg0ms0,1789044436.056842,"{""cache_n"": 0, ""prompt_n"": 512, ""prompt_ms"": 41.135, ""prompt_per_token_ms"": 0.080341796875, ""prompt_per_second"": 12446.82144159475, ""predicted_n"": 128, ""predicted_ms"": 420.874, ""predicted_per_token_ms"": 3.313968503937008, ""predicted_per_second"": 301.7530187181912}",ok,limit,639,1424.9817359959707,True
128,64,1,False,i128-o64-c1,1789044440.1359966,1,293.778882427826,False,1789044439.9212418,0.21886825561523438,True,128,226.62742000829894,qwen2.5:0.5b-instruct-q8_0,spark,64,True,measure,etri-ser0003-cg0ms0,1789044439.9091504,,i128-o64-c1-0,llama-spark-5458cd78f4-dtcqm,False,workload,etri-ser0003-cg0ms0,1789044439.9093692,"{""cache_n"": 0, ""prompt_n"": 128, ""prompt_ms"": 10.749, ""prompt_per_token_ms"": 0.0839765625, ""prompt_per_second"": 11908.08447297423, ""predicted_n"": 64, ""predicted_ms"": 214.447, ""predicted_per_token_ms"": 3.403920634920635, ""predicted_per_second"": 293.778882427826}",ok,limit,191,11.872371003846638,True
512,256,1,False,i512-o256-c1,1789044443.0334897,1,303.1344097973041,False,1789044442.1922836,0.20241737365722656,True,512,884.0546030114638,qwen2.5:0.5b-instruct-q8_0,spark,256,True,measure,etri-ser0003-cg0ms0,1789044442.1492324,,i512-o256-c1-0,llama-spark-5458cd78f4-dtcqm,False,workload,etri-ser0003-cg0ms0,1789044442.1494348,"{""cache_n"": 0, ""prompt_n"": 512, ""prompt_ms"": 41.775, ""prompt_per_token_ms"": 0.081591796875, ""prompt_per_second"": 12256.134051466188, ""predicted_n"": 256, ""predicted_ms"": 841.211, ""predicted_per_token_ms"": 3.2988666666666666, ""predicted_per_second"": 303.1344097973041}",ok,limit,767,42.84850400290452,True
512,128,2,False,,1789044795.1080384,,286.5303654503039,False,1789044794.6647978,0.0007152557373046875,True,512,682.8429690067424,qwen2.5:0.5b-instruct-q8_0,spark,128,True,warmup,etri-ser0003-cg0ms0,1789044794.4251945,,warmup,llama-spark-5458cd78f4-dtcqm,False,workload,etri-ser0003-cg0ms0,1789044794.4251952,"{""cache_n"": 0, ""prompt_n"": 512, ""prompt_ms"": 238.359, ""prompt_per_token_ms"": 0.465544921875, ""prompt_per_second"": 2148.0204229754277, ""predicted_n"": 128, ""predicted_ms"": 443.234, ""predicted_per_token_ms"": 3.490031496062992, ""predicted_per_second"": 286.5303654503039}",ok,limit,639,239.60219099535607,True
128,64,2,False,i128-o64-c1,1789044797.344445,1,291.5222551791474,False,1789044797.1279814,3.2806396484375,True,128,228.9114330051234,qwen2.5:0.5b-instruct-q8_0,spark,64,True,measure,etri-ser0003-cg0ms0,1789044797.112252,,i128-o64-c1-0,llama-spark-5458cd78f4-dtcqm,False,workload,etri-ser0003-cg0ms0,1789044797.1155326,"{""cache_n"": 0, ""prompt_n"": 128, ""prompt_ms"": 11.287, ""prompt_per_token_ms"": 0.0881796875, ""prompt_per_second"": 11340.480198458403, ""predicted_n"": 64, ""predicted_ms"": 216.107, ""predicted_per_token_ms"": 3.4302698412698414, ""predicted_per_second"": 291.5222551791474}",ok,limit,191,12.44789399788715,True
512,128,2,False,i512-o128-c4,1789044797.8381772,4,299.954888674223,False,1789044797.4149668,1.608133316040039,True,512,467.7728399983607,qwen2.5:0.5b-instruct-q8_0,spark,128,True,measure,etri-ser0003-cg0ms0,1789044797.3687959,,i512-o128-c4-3,llama-spark-5458cd78f4-dtcqm,False,workload,etri-ser0003-cg0ms0,1789044797.370404,"{""cache_n"": 0, ""prompt_n"": 512, ""prompt_ms"": 42.832, ""prompt_per_token_ms"": 0.08365625, ""prompt_per_second"": 11953.679491968622, ""predicted_n"": 128, ""predicted_ms"": 423.397, ""predicted_per_token_ms"": 3.3338346456692913, ""predicted_per_second"": 299.954888674223}",ok,limit,639,44.562486989889294,True
512,128,2,False,i512-o128-c4,1789044798.3085606,4,296.5619826219349,False,1789044797.8806634,0.3788471221923828,True,512,939.3858750117943,qwen2.5:0.5b-instruct-q8_0,spark,128,True,measure,etri-ser0003-cg0ms0,1789044797.3687959,,i512-o128-c4-1,llama-spark-5458cd78f4-dtcqm,False,workload,etri-ser0003-cg0ms0,1789044797.3691747,"{""cache_n"": 0, ""prompt_n"": 512, ""prompt_ms"": 42.221, ""prompt_per_token_ms"": 0.082462890625, ""prompt_per_second"": 12126.666824565975, ""predicted_n"": 128, ""predicted_ms"": 428.241, ""predicted_per_token_ms"": 3.371976377952756, ""predicted_per_second"": 296.5619826219349}",ok,limit,639,511.4884800132131,True
512,128,2,False,i512-o128-c4,1789044798.7874057,4,292.17567349943636,False,1789044798.3523693,1.1742115020751953,True,512,1417.4356009898474,qwen2.5:0.5b-instruct-q8_0,spark,128,True,measure,etri-ser0003-cg0ms0,1789044797.3687959,,i512-o128-c4-2,llama-spark-5458cd78f4-dtcqm,False,workload,etri-ser0003-cg0ms0,1789044797.36997,"{""cache_n"": 0, ""prompt_n"": 512, ""prompt_ms"": 43.852, ""prompt_per_token_ms"": 0.0856484375, ""prompt_per_second"": 11675.63623095868, ""predicted_n"": 128, ""predicted_ms"": 434.67, ""predicted_per_token_ms"": 3.4225984251968504, ""predicted_per_second"": 292.17567349943636}",ok,limit,639,982.399128988618,True
512,128,2,False,i512-o128-c4,1789044799.249647,4,301.58534152758915,False,1789044798.8284755,0.16164779663085938,True,512,1880.6888239923865,qwen2.5:0.5b-instruct-q8_0,spark,128,True,measure,etri-ser0003-cg0ms0,1789044797.3687959,,i512-o128-c4-0,llama-spark-5458cd78f4-dtcqm,False,workload,etri-ser0003-cg0ms0,1789044797.3689575,"{""cache_n"": 0, ""prompt_n"": 512, ""prompt_ms"": 41.269, ""prompt_per_token_ms"": 0.080603515625, ""prompt_per_second"": 12406.406745983668, ""predicted_n"": 128, ""predicted_ms"": 421.108, ""predicted_per_token_ms"": 3.3158110236220475, ""predicted_per_second"": 301.58534152758915}",ok,limit,639,1459.5175439899322,True
512,256,2,False,i512-o256-c1,1789044802.1585824,1,300.33354690385556,False,1789044801.3100739,0.18787384033203125,True,512,894.436686008703,qwen2.5:0.5b-instruct-q8_0,spark,256,True,measure,etri-ser0003-cg0ms0,1789044801.2639577,,i512-o256-c1-0,llama-spark-5458cd78f4-dtcqm,False,workload,etri-ser0003-cg0ms0,1789044801.2641456,"{""cache_n"": 0, ""prompt_n"": 512, ""prompt_ms"": 44.12, ""prompt_per_token_ms"": 0.086171875, ""prompt_per_second"": 11604.714415231188, ""predicted_n"": 256, ""predicted_ms"": 849.056, ""predicted_per_token_ms"": 3.3296313725490196, ""predicted_per_second"": 300.33354690385556}",ok,limit,767,45.92823301209137,True
512,128,2,False,i512-o128-c2,1789044804.647017,2,299.4188445261756,False,1789044804.2232091,0.4291534423828125,True,512,467.3054019949632,qwen2.5:0.5b-instruct-q8_0,spark,128,True,measure,etri-ser0003-cg0ms0,1789044804.1792824,,i512-o128-c2-1,llama-spark-5458cd78f4-dtcqm,False,workload,etri-ser0003-cg0ms0,1789044804.1797116,"{""cache_n"": 0, ""prompt_n"": 512, ""prompt_ms"": 41.889, ""prompt_per_token_ms"": 0.081814453125, ""prompt_per_second"": 12222.779249922412, ""predicted_n"": 128, ""predicted_ms"": 424.155, ""predicted_per_token_ms"": 3.339803149606299, ""predicted_per_second"": 299.4188445261756}",ok,limit,639,43.4975269890856,True
512,128,2,False,i512-o128-c2,1789044805.1010952,2,308.2262429162571,False,1789044804.6895366,0.19240379333496094,True,512,921.6196930065053,qwen2.5:0.5b-instruct-q8_0,spark,128,True,measure,etri-ser0003-cg0ms0,1789044804.1792824,,i512-o128-c2-0,llama-spark-5458cd78f4-dtcqm,False,workload,etri-ser0003-cg0ms0,1789044804.1794748,"{""cache_n"": 0, ""prompt_n"": 512, ""prompt_ms"": 42.118, ""prompt_per_token_ms"": 0.08226171875, ""prompt_per_second"": 12156.322712379504, ""predicted_n"": 128, ""predicted_ms"": 412.035, ""predicted_per_token_ms"": 3.2443700787401575, ""predicted_per_second"": 308.2262429162571}",ok,limit,639,510.06115300697275,True
512,128,2,False,i512-o128-c8,1789044807.6161335,8,304.5475909566152,False,1789044807.1996453,0.14829635620117188,True,512,460.86797601310536,qwen2.5:0.5b-instruct-q8_0,spark,128,True,measure,etri-ser0003-cg0ms0,1789044807.1551168,,i512-o128-c8-0,llama-spark-5458cd78f4-dtcqm,False,workload,etri-ser0003-cg0ms0,1789044807.155265,"{""cache_n"": 0, ""prompt_n"": 512, ""prompt_ms"": 42.336, ""prompt_per_token_ms"": 0.0826875, ""prompt_per_second"": 12093.726379440666, ""predicted_n"": 128, ""predicted_ms"": 417.012, ""predicted_per_token_ms"": 3.2835590551181104, ""predicted_per_second"": 304.5475909566152}",ok,limit,639,44.37994401087053,True
512,128,2,False,i512-o128-c8,1789044808.074059,8,305.56464496756684,False,1789044807.6578624,0.5450248718261719,True,512,918.3968930010451,qwen2.5:0.5b-instruct-q8_0,spark,128,True,measure,etri-ser0003-cg0ms0,1789044807.1551168,,i512-o128-c8-2,llama-spark-5458cd78f4-dtcqm,False,workload,etri-ser0003-cg0ms0,1789044807.1556618,"{""cache_n"": 0, ""prompt_n"": 512, ""prompt_ms"": 41.709, ""prompt_per_token_ms"": 0.081462890625, ""prompt_per_second"": 12275.528063487496, ""predicted_n"": 128, ""predicted_ms"": 415.624, ""predicted_per_token_ms"": 3.272629921259843, ""predicted_per_second"": 305.56464496756684}",ok,limit,639,502.20057400292717,True
512,128,2,False,i512-o128-c8,1789044808.5447922,8,296.17053826080263,False,1789044808.1155128,0.8683204650878906,True,512,1388.80645899917,qwen2.5:0.5b-instruct-q8_0,spark,128,True,measure,etri-ser0003-cg0ms0,1789044807.1551168,,i512-o128-c8-3,llama-spark-5458cd78f4-dtcqm,False,workload,etri-ser0003-cg0ms0,1789044807.155985,"{""cache_n"": 0, ""prompt_n"": 512, ""prompt_ms"": 41.473, ""prompt_per_token_ms"": 0.081001953125, ""prompt_per_second"": 12345.38133243315, ""predicted_n"": 128, ""predicted_ms"": 428.807, ""predicted_per_token_ms"": 3.376433070866142, ""predicted_per_second"": 296.17053826080263}",ok,limit,639,959.5274109888123,True
512,128,2,False,i512-o128-c8,1789044809.0114307,8,299.0177150337631,False,1789044808.5867927,1.4431476593017578,True,512,1854.8700859973906,qwen2.5:0.5b-instruct-q8_0,spark,128,True,measure,etri-ser0003-cg0ms0,1789044807.1551168,,i512-o128-c8-4,llama-spark-5458cd78f4-dtcqm,False,workload,etri-ser0003-cg0ms0,1789044807.15656,"{""cache_n"": 0, ""prompt_n"": 512, ""prompt_ms"": 42.124, ""prompt_per_token_ms"": 0.0822734375, ""prompt_per_second"": 12154.591206912923, ""predicted_n"": 128, ""predicted_ms"": 424.724, ""predicted_per_token_ms"": 3.3442834645669293, ""predicted_per_second"": 299.0177150337631}",ok,limit,639,1430.2323529991554,True
512,128,2,False,i512-o128-c8,1789044809.4818487,8,296.3612900816977,False,1789044809.053249,0.22101402282714844,True,512,2326.51080400683,qwen2.5:0.5b-instruct-q8_0,spark,128,True,measure,etri-ser0003-cg0ms0,1789044807.1551168,,i512-o128-c8-1,llama-spark-5458cd78f4-dtcqm,False,workload,etri-ser0003-cg0ms0,1789044807.1553378,"{""cache_n"": 0, ""prompt_n"": 512, ""prompt_ms"": 41.807, ""prompt_per_token_ms"": 0.081654296875, ""prompt_per_second"": 12246.752936111177, ""predicted_n"": 128, ""predicted_ms"": 428.531, ""predicted_per_token_ms"": 3.374259842519685, ""predicted_per_second"": 296.3612900816977}",ok,limit,639,1897.9110850050347,True
512,128,2,False,i512-o128-c8,1789044809.947119,8,299.6286492174266,False,1789044809.5229423,1.7900466918945312,True,512,2790.212205989519,qwen2.5:0.5b-instruct-q8_0,spark,128,True,measure,etri-ser0003-cg0ms0,1789044807.1551168,,i512-o128-c8-5,llama-spark-5458cd78f4-dtcqm,False,workload,etri-ser0003-cg0ms0,1789044807.1569068,"{""cache_n"": 0, ""prompt_n"": 512, ""prompt_ms"": 41.235, ""prompt_per_token_ms"": 0.080537109375, ""prompt_per_second"": 12416.636352613072, ""predicted_n"": 128, ""predicted_ms"": 423.858, ""predicted_per_token_ms"": 3.337464566929134, ""predicted_per_second"": 299.6286492174266}",ok,limit,639,2366.0353689920157,True
512,128,2,False,i512-o128-c8,1789044810.4169128,8,296.8031727558058,False,1789044809.9887302,2.348661422729492,True,512,3259.44740200066,qwen2.5:0.5b-instruct-q8_0,spark,128,True,measure,etri-ser0003-cg0ms0,1789044807.1551168,,i512-o128-c8-6,llama-spark-5458cd78f4-dtcqm,False,workload,etri-ser0003-cg0ms0,1789044807.1574655,"{""cache_n"": 0, ""prompt_n"": 512, ""prompt_ms"": 41.871, ""prompt_per_token_ms"": 0.081779296875, ""prompt_per_second"": 12228.03372262425, ""predicted_n"": 128, ""predicted_ms"": 427.893, ""predicted_per_token_ms"": 3.3692362204724406, ""predicted_per_second"": 296.8031727558058}",ok,limit,639,2831.264738997561,True
512,128,2,False,i512-o128-c8,1789044810.8829317,8,298.7546401065166,False,1789044810.457782,2.7265548706054688,True,512,3725.087925005937,qwen2.5:0.5b-instruct-q8_0,spark,128,True,measure,etri-ser0003-cg0ms0,1789044807.1551168,,i512-o128-c8-7,llama-spark-5458cd78f4-dtcqm,False,workload,etri-ser0003-cg0ms0,1789044807.1578434,"{""cache_n"": 0, ""prompt_n"": 512, ""prompt_ms"": 40.932, ""prompt_per_token_ms"": 0.0799453125, ""prompt_per_second"": 12508.550767125964, ""predicted_n"": 128, ""predicted_ms"": 425.098, ""predicted_per_token_ms"": 3.347228346456693, ""predicted_per_second"": 298.7546401065166}",ok,limit,639,3299.938304000534,True
2048,128,2,False,i2048-o128-c1,1789044815.5422225,1,295.47733549241184,False,1789044815.112906,0.25010108947753906,True,2048,633.2877359964186,qwen2.5:0.5b-instruct-q8_0,spark,128,True,measure,etri-ser0003-cg0ms0,1789044814.9086845,,i2048-o128-c1-0,llama-spark-5458cd78f4-dtcqm,False,workload,etri-ser0003-cg0ms0,1789044814.9089346,"{""cache_n"": 0, ""prompt_n"": 2048, ""prompt_ms"": 201.77, ""prompt_per_token_ms"": 0.0985205078125, ""prompt_per_second"": 10150.17098676711, ""predicted_n"": 128, ""predicted_ms"": 429.813, ""predicted_per_token_ms"": 3.3843543307086614, ""predicted_per_second"": 295.47733549241184}",ok,limit,2175,203.97121499991044,True
512,128,2,False,i512-o128-c1,1789044818.0107872,1,305.8803694649502,False,1789044817.5961096,0.26035308837890625,True,512,459.6134970051935,qwen2.5:0.5b-instruct-q8_0,spark,128,True,measure,etri-ser0003-cg0ms0,1789044817.5509129,,i512-o128-c1-0,llama-spark-5458cd78f4-dtcqm,False,workload,etri-ser0003-cg0ms0,1789044817.5511732,"{""cache_n"": 0, ""prompt_n"": 512, ""prompt_ms"": 42.816, ""prompt_per_token_ms"": 0.083625, ""prompt_per_second"": 11958.146487294469, ""predicted_n"": 128, ""predicted_ms"": 415.195, ""predicted_per_token_ms"": 3.2692519685039367, ""predicted_per_second"": 305.8803694649502}",ok,limit,639,44.93605600146111,True
512,128,0,False,,1789043503.8498812,,121.86111670840648,False,1789043502.8074636,0.0007152557373046875,True,512,1315.5267419933807,qwen2.5:1.5b-instruct-q8_0,spark,128,True,warmup,etri-ser0003-cg0ms0,1789043502.5343525,,warmup,llama-spark-5458cd78f4-dtcqm,False,workload,etri-ser0003-cg0ms0,1789043502.5343533,"{""cache_n"": 0, ""prompt_n"": 512, ""prompt_ms"": 272.317, ""prompt_per_token_ms"": 0.531869140625, ""prompt_per_second"": 1880.1617232857295, ""predicted_n"": 128, ""predicted_ms"": 1042.17, ""predicted_per_token_ms"": 8.206062992125984, ""predicted_per_second"": 121.86111670840648}",ok,limit,639,273.1095199997071,True
128,64,0,False,i128-o64-c1,1789043504.3861525,1,124.4650964308152,False,1789043503.8801637,5.430459976196289,True,128,527.0634589978727,qwen2.5:1.5b-instruct-q8_0,spark,64,True,measure,etri-ser0003-cg0ms0,1789043503.853658,,i128-o64-c1-0,llama-spark-5458cd78f4-dtcqm,False,workload,etri-ser0003-cg0ms0,1789043503.8590884,"{""cache_n"": 0, ""prompt_n"": 128, ""prompt_ms"": 19.652, ""prompt_per_token_ms"": 0.15353125, ""prompt_per_second"": 6513.331976389171, ""predicted_n"": 64, ""predicted_ms"": 506.166, ""predicted_per_token_ms"": 8.034380952380952, ""predicted_per_second"": 124.4650964308152}",ok,limit,191,21.0748140088981,True
512,128,0,False,i512-o128-c8,1789043505.5659168,8,123.85567595454205,False,1789043504.5410616,0.18858909606933594,True,512,1104.2016009887448,qwen2.5:1.5b-instruct-q8_0,spark,128,True,measure,etri-ser0003-cg0ms0,1789043504.4615262,,i512-o128-c8-0,llama-spark-5458cd78f4-dtcqm,False,workload,etri-ser0003-cg0ms0,1789043504.4617147,"{""cache_n"": 0, ""prompt_n"": 512, ""prompt_ms"": 76.997, ""prompt_per_token_ms"": 0.150384765625, ""prompt_per_second"": 6649.6097250542225, ""predicted_n"": 128, ""predicted_ms"": 1025.387, ""predicted_per_token_ms"": 8.07391338582677, ""predicted_per_second"": 123.85567595454205}",ok,limit,639,79.34662800107617,True
512,128,0,False,i512-o128-c8,1789043506.6682656,8,123.87742182798205,False,1789043505.6431274,0.4119873046875,True,512,2206.3275179971242,qwen2.5:1.5b-instruct-q8_0,spark,128,True,measure,etri-ser0003-cg0ms0,1789043504.4615262,,i512-o128-c8-1,llama-spark-5458cd78f4-dtcqm,False,workload,etri-ser0003-cg0ms0,1789043504.4619381,"{""cache_n"": 0, ""prompt_n"": 512, ""prompt_ms"": 76.555, ""prompt_per_token_ms"": 0.149521484375, ""prompt_per_second"": 6688.002090000653, ""predicted_n"": 128, ""predicted_ms"": 1025.207, ""predicted_per_token_ms"": 8.072496062992126, ""predicted_per_second"": 123.87742182798205}",ok,limit,639,1181.1894419952296,True
512,128,0,False,i512-o128-c8,1789043507.7607093,8,124.9483481238071,False,1789043506.7445128,0.8003711700439453,True,512,3298.382219989435,qwen2.5:1.5b-instruct-q8_0,spark,128,True,measure,etri-ser0003-cg0ms0,1789043504.4615262,,i512-o128-c8-2,llama-spark-5458cd78f4-dtcqm,False,workload,etri-ser0003-cg0ms0,1789043504.4623265,"{""cache_n"": 0, ""prompt_n"": 512, ""prompt_ms"": 76.093, ""prompt_per_token_ms"": 0.148619140625, ""prompt_per_second"": 6728.608413388879, ""predicted_n"": 128, ""predicted_ms"": 1016.42, ""predicted_per_token_ms"": 8.003307086614173, ""predicted_per_second"": 124.9483481238071}",ok,limit,639,2282.1858529932797,True
512,128,0,False,i512-o128-c8,1789043508.863928,8,123.7275305446252,False,1789043507.8374739,1.1086463928222656,True,512,4401.293082992197,qwen2.5:1.5b-instruct-q8_0,spark,128,True,measure,etri-ser0003-cg0ms0,1789043504.4615262,,i512-o128-c8-3,llama-spark-5458cd78f4-dtcqm,False,workload,etri-ser0003-cg0ms0,1789043504.4626348,"{""cache_n"": 0, ""prompt_n"": 512, ""prompt_ms"": 76.507, ""prompt_per_token_ms"": 0.149427734375, ""prompt_per_second"": 6692.198099520305, ""predicted_n"": 128, ""predicted_ms"": 1026.449, ""predicted_per_token_ms"": 8.082275590551182, ""predicted_per_second"": 123.7275305446252}",ok,limit,639,3374.8387639934663,True
512,128,0,False,i512-o128-c8,1789043509.9622514,8,124.2869403784782,False,1789043508.9406557,1.5075206756591797,True,512,5499.217841002974,qwen2.5:1.5b-instruct-q8_0,spark,128,True,measure,etri-ser0003-cg0ms0,1789043504.4615262,,i512-o128-c8-4,llama-spark-5458cd78f4-dtcqm,False,workload,etri-ser0003-cg0ms0,1789043504.4630337,"{""cache_n"": 0, ""prompt_n"": 512, ""prompt_ms"": 76.182, ""prompt_per_token_ms"": 0.14879296875, ""prompt_per_second"": 6720.747683179754, ""predicted_n"": 128, ""predicted_ms"": 1021.829, ""predicted_per_token_ms"": 8.045897637795274, ""predicted_per_second"": 124.2869403784782}",ok,limit,639,4477.6223939988995,True
512,128,0,False,i512-o128-c8,1789043511.0599248,8,124.32964782403538,False,1789043510.037948,1.859903335571289,True,512,6596.538677986246,qwen2.5:1.5b-instruct-q8_0,spark,128,True,measure,etri-ser0003-cg0ms0,1789043504.4615262,,i512-o128-c8-5,llama-spark-5458cd78f4-dtcqm,False,workload,etri-ser0003-cg0ms0,1789043504.463386,"{""cache_n"": 0, ""prompt_n"": 512, ""prompt_ms"": 75.779, ""prompt_per_token_ms"": 0.148005859375, ""prompt_per_second"": 6756.489264835905, ""predicted_n"": 128, ""predicted_ms"": 1021.478, ""predicted_per_token_ms"": 8.043133858267716, ""predicted_per_second"": 124.32964782403538}",ok,limit,639,5574.561854999047,True
512,128,0,False,i512-o128-c8,1789043512.164514,8,123.49844848996405,False,1789043511.1359155,2.1877288818359375,True,512,7700.799957005074,qwen2.5:1.5b-instruct-q8_0,spark,128,True,measure,etri-ser0003-cg0ms0,1789043504.4615262,,i512-o128-c8-6,llama-spark-5458cd78f4-dtcqm,False,workload,etri-ser0003-cg0ms0,1789043504.463714,"{""cache_n"": 0, ""prompt_n"": 512, ""prompt_ms"": 76.419, ""prompt_per_token_ms"": 0.149255859375, ""prompt_per_second"": 6699.904474018242, ""predicted_n"": 128, ""predicted_ms"": 1028.353, ""predicted_per_token_ms"": 8.097267716535434, ""predicted_per_second"": 123.49844848996405}",ok,limit,639,6672.201893001329,True
512,128,0,False,i512-o128-c8,1789043513.2668355,8,123.74862853390032,False,1789043512.2405465,2.4695396423339844,True,512,8802.839648997178,qwen2.5:1.5b-instruct-q8_0,spark,128,True,measure,etri-ser0003-cg0ms0,1789043504.4615262,,i512-o128-c8-7,llama-spark-5458cd78f4-dtcqm,False,workload,etri-ser0003-cg0ms0,1789043504.4639957,"{""cache_n"": 0, ""prompt_n"": 512, ""prompt_ms"": 75.851, ""prompt_per_token_ms"": 0.148146484375, ""prompt_per_second"": 6750.075806515405, ""predicted_n"": 128, ""predicted_ms"": 1026.274, ""predicted_per_token_ms"": 8.080897637795275, ""predicted_per_second"": 123.74862853390032}",ok,limit,639,7776.551251998171,True
2048,128,0,False,i2048-o128-c1,1789043514.6935823,1,119.4334154007038,False,1789043513.62983,0.1888275146484375,True,2048,1402.1953149931505,qwen2.5:1.5b-instruct-q8_0,spark,128,True,measure,etri-ser0003-cg0ms0,1789043513.2911978,,i2048-o128-c1-0,llama-spark-5458cd78f4-dtcqm,False,workload,etri-ser0003-cg0ms0,1789043513.2913866,"{""cache_n"": 0, ""prompt_n"": 2048, ""prompt_ms"": 336.56, ""prompt_per_token_ms"": 0.1643359375, ""prompt_per_second"": 6085.096268124555, ""predicted_n"": 128, ""predicted_ms"": 1063.354, ""predicted_per_token_ms"": 8.372866141732283, ""predicted_per_second"": 119.4334154007038}",ok,limit,2175,338.443119006115,True
512,128,0,False,i512-o128-c2,1789043515.7979734,2,126.972066145448,False,1789043514.7971568,0.18405914306640625,True,512,1083.618848992046,qwen2.5:1.5b-instruct-q8_0,spark,128,True,measure,etri-ser0003-cg0ms0,1789043514.7141702,,i512-o128-c2-1,llama-spark-5458cd78f4-dtcqm,False,workload,etri-ser0003-cg0ms0,1789043514.7143543,"{""cache_n"": 0, ""prompt_n"": 512, ""prompt_ms"": 81.804, ""prompt_per_token_ms"": 0.1597734375, ""prompt_per_second"": 6258.86264730331, ""predicted_n"": 128, ""predicted_ms"": 1000.22, ""predicted_per_token_ms"": 7.875748031496063, ""predicted_per_second"": 126.972066145448}",ok,limit,639,82.80240900057834,True
512,128,0,False,i512-o128-c2,1789043516.8749068,2,126.80104915387757,False,1789043515.8738875,0.12373924255371094,True,512,2160.6123429955915,qwen2.5:1.5b-instruct-q8_0,spark,128,True,measure,etri-ser0003-cg0ms0,1789043514.7141702,,i512-o128-c2-0,llama-spark-5458cd78f4-dtcqm,False,workload,etri-ser0003-cg0ms0,1789043514.714294,"{""cache_n"": 0, ""prompt_n"": 512, ""prompt_ms"": 75.712, ""prompt_per_token_ms"": 0.147875, ""prompt_per_second"": 6762.468300929839, ""predicted_n"": 128, ""predicted_ms"": 1001.569, ""predicted_per_token_ms"": 7.886370078740157, ""predicted_per_second"": 126.80104915387757}",ok,limit,639,1159.5935200020904,True
512,256,0,False,i512-o256-c1,1789043519.0414295,1,122.81018602131118,False,1789043516.9646277,0.13947486877441406,True,512,2155.423421994783,qwen2.5:1.5b-instruct-q8_0,spark,256,True,measure,etri-ser0003-cg0ms0,1789043516.8858664,,i512-o256-c1-0,llama-spark-5458cd78f4-dtcqm,False,workload,etri-ser0003-cg0ms0,1789043516.8860059,"{""cache_n"": 0, ""prompt_n"": 512, ""prompt_ms"": 76.938, ""prompt_per_token_ms"": 0.15026953125, ""prompt_per_second"": 6654.708986456627, ""predicted_n"": 256, ""predicted_ms"": 2076.375, ""predicted_per_token_ms"": 8.14264705882353, ""predicted_per_second"": 122.81018602131118}",ok,limit,767,78.62158698844723,True
512,128,0,False,i512-o128-c4,1789043520.1965823,4,122.36364161905404,False,1789043519.1585743,0.2899169921875,True,512,1118.4388190013124,qwen2.5:1.5b-instruct-q8_0,spark,128,True,measure,etri-ser0003-cg0ms0,1789043519.0778525,,i512-o128-c4-0,llama-spark-5458cd78f4-dtcqm,False,workload,etri-ser0003-cg0ms0,1789043519.0781424,"{""cache_n"": 0, ""prompt_n"": 512, ""prompt_ms"": 78.115, ""prompt_per_token_ms"": 0.152568359375, ""prompt_per_second"": 6554.438968187928, ""predicted_n"": 128, ""predicted_ms"": 1037.89, ""predicted_per_token_ms"": 8.17236220472441, ""predicted_per_second"": 122.36364161905404}",ok,limit,639,80.43066199752502,True
512,128,0,False,i512-o128-c4,1789043521.2931743,4,124.69231924768313,False,1789043520.2743263,0.47516822814941406,True,512,2214.8464690108085,qwen2.5:1.5b-instruct-q8_0,spark,128,True,measure,etri-ser0003-cg0ms0,1789043519.0778525,,i512-o128-c4-1,llama-spark-5458cd78f4-dtcqm,False,workload,etri-ser0003-cg0ms0,1789043519.0783277,"{""cache_n"": 0, ""prompt_n"": 512, ""prompt_ms"": 77.087, ""prompt_per_token_ms"": 0.150560546875, ""prompt_per_second"": 6641.846225693048, ""predicted_n"": 128, ""predicted_ms"": 1018.507, ""predicted_per_token_ms"": 8.019740157480314, ""predicted_per_second"": 124.69231924768313}",ok,limit,639,1195.9983080014354,True
512,128,0,False,i512-o128-c4,1789043522.3876832,4,124.65021872678145,False,1789043521.3690174,1.7213821411132812,True,512,3308.1091700005345,qwen2.5:1.5b-instruct-q8_0,spark,128,True,measure,etri-ser0003-cg0ms0,1789043519.0778525,,i512-o128-c4-3,llama-spark-5458cd78f4-dtcqm,False,workload,etri-ser0003-cg0ms0,1789043519.0795739,"{""cache_n"": 0, ""prompt_n"": 512, ""prompt_ms"": 76.183, ""prompt_per_token_ms"": 0.148794921875, ""prompt_per_second"": 6720.659464709974, ""predicted_n"": 128, ""predicted_ms"": 1018.851, ""predicted_per_token_ms"": 8.022448818897638, ""predicted_per_second"": 124.65021872678145}",ok,limit,639,2289.4435220077867,True
512,128,0,False,i512-o128-c4,1789043523.4769344,4,125.45836757918694,False,1789043522.4644036,1.012563705444336,True,512,4398.068713999237,qwen2.5:1.5b-instruct-q8_0,spark,128,True,measure,etri-ser0003-cg0ms0,1789043519.0778525,,i512-o128-c4-2,llama-spark-5458cd78f4-dtcqm,False,workload,etri-ser0003-cg0ms0,1789043519.078865,"{""cache_n"": 0, ""prompt_n"": 512, ""prompt_ms"": 77.076, ""prompt_per_token_ms"": 0.1505390625, ""prompt_per_second"": 6642.794125278946, ""predicted_n"": 128, ""predicted_ms"": 1012.288, ""predicted_per_token_ms"": 7.9707716535433075, ""predicted_per_second"": 125.45836757918694}",ok,limit,639,3385.5382109904895,True
512,128,0,False,i512-o128-c1,1789043524.5824885,1,125.15471882563483,False,1789043523.5678759,0.1480579376220703,True,512,1094.2797099996824,qwen2.5:1.5b-instruct-q8_0,spark,128,True,measure,etri-ser0003-cg0ms0,1789043523.4880598,,i512-o128-c1-0,llama-spark-5458cd78f4-dtcqm,False,workload,etri-ser0003-cg0ms0,1789043523.4882078,"{""cache_n"": 0, ""prompt_n"": 512, ""prompt_ms"": 77.792, ""prompt_per_token_ms"": 0.1519375, ""prompt_per_second"": 6581.65364047717, ""predicted_n"": 128, ""predicted_ms"": 1014.744, ""predicted_per_token_ms"": 7.990110236220473, ""predicted_per_second"": 125.15471882563483}",ok,limit,639,79.66725299775135,True
512,128,1,False,,1789044289.4669952,,118.33426354624494,False,1789044288.394067,0.0007152557373046875,True,512,1349.1886779956985,qwen2.5:1.5b-instruct-q8_0,spark,128,True,warmup,etri-ser0003-cg0ms0,1789044288.1178055,,warmup,llama-spark-5458cd78f4-dtcqm,False,workload,etri-ser0003-cg0ms0,1789044288.1178062,"{""cache_n"": 0, ""prompt_n"": 512, ""prompt_ms"": 274.556, ""prompt_per_token_ms"": 0.5362421875, ""prompt_per_second"": 1864.8290330570085, ""predicted_n"": 128, ""predicted_ms"": 1073.231, ""predicted_per_token_ms"": 8.45063779527559, ""predicted_per_second"": 118.33426354624494}",ok,limit,639,276.2604359886609,True
2048,128,1,False,i2048-o128-c1,1789044292.9659026,1,114.56365679975896,False,1789044291.8573937,3.5924911499023438,True,2048,1454.0241369977593,qwen2.5:1.5b-instruct-q8_0,spark,128,True,measure,etri-ser0003-cg0ms0,1789044291.5082846,,i2048-o128-c1-0,llama-spark-5458cd78f4-dtcqm,False,workload,etri-ser0003-cg0ms0,1789044291.511877,"{""cache_n"": 0, ""prompt_n"": 2048, ""prompt_ms"": 343.701, ""prompt_per_token_ms"": 0.16782275390625, ""prompt_per_second"": 5958.667562794405, ""predicted_n"": 128, ""predicted_ms"": 1108.554, ""predicted_per_token_ms"": 8.728771653543308, ""predicted_per_second"": 114.56365679975896}",ok,limit,2175,345.5156190029811,True
512,128,1,False,i512-o128-c8,1789044296.181129,8,120.8479913065571,False,1789044295.130195,0.3120899200439453,True,512,1130.9740449942183,qwen2.5:1.5b-instruct-q8_0,spark,128,True,measure,etri-ser0003-cg0ms0,1789044295.0498426,,i512-o128-c8-1,llama-spark-5458cd78f4-dtcqm,False,workload,etri-ser0003-cg0ms0,1789044295.0501547,"{""cache_n"": 0, ""prompt_n"": 512, ""prompt_ms"": 78.094, ""prompt_per_token_ms"": 0.15252734375, ""prompt_per_second"": 6556.2015007555, ""predicted_n"": 128, ""predicted_ms"": 1050.907, ""predicted_per_token_ms"": 8.274858267716535, ""predicted_per_second"": 120.8479913065571}",ok,limit,639,80.04017399798613,True
512,128,1,False,i512-o128-c8,1789044297.2928157,8,122.81376984119309,False,1789044296.2581155,0.15306472778320312,True,512,2242.8193079977063,qwen2.5:1.5b-instruct-q8_0,spark,128,True,measure,etri-ser0003-cg0ms0,1789044295.0498426,,i512-o128-c8-0,llama-spark-5458cd78f4-dtcqm,False,workload,etri-ser0003-cg0ms0,1789044295.0499957,"{""cache_n"": 0, ""prompt_n"": 512, ""prompt_ms"": 76.922, ""prompt_per_token_ms"": 0.15023828125, ""prompt_per_second"": 6656.093185304595, ""predicted_n"": 128, ""predicted_ms"": 1034.086, ""predicted_per_token_ms"": 8.142409448818897, ""predicted_per_second"": 122.81376984119309}",ok,limit,639,1208.1191620090976,True
512,128,1,False,i512-o128-c8,1789044298.4094067,8,122.11468010761475,False,1789044297.3689725,2.3615360260009766,True,512,3357.202396990033,qwen2.5:1.5b-instruct-q8_0,spark,128,True,measure,etri-ser0003-cg0ms0,1789044295.0498426,,i512-o128-c8-6,llama-spark-5458cd78f4-dtcqm,False,workload,etri-ser0003-cg0ms0,1789044295.0522041,"{""cache_n"": 0, ""prompt_n"": 512, ""prompt_ms"": 77.158, ""prompt_per_token_ms"": 0.15069921875, ""prompt_per_second"": 6635.734466937972, ""predicted_n"": 128, ""predicted_ms"": 1040.006, ""predicted_per_token_ms"": 8.189023622047245, ""predicted_per_second"": 122.11468010761475}",ok,limit,639,2316.7683459905675,True
512,128,1,False,i512-o128-c8,1789044299.527319,8,122.04567775712718,False,1789044298.4870985,1.1734962463378906,True,512,4476.302448994829,qwen2.5:1.5b-instruct-q8_0,spark,128,True,measure,etri-ser0003-cg0ms0,1789044295.0498426,,i512-o128-c8-4,llama-spark-5458cd78f4-dtcqm,False,workload,etri-ser0003-cg0ms0,1789044295.051016,"{""cache_n"": 0, ""prompt_n"": 512, ""prompt_ms"": 76.981, ""prompt_per_token_ms"": 0.150353515625, ""prompt_per_second"": 6650.991803172212, ""predicted_n"": 128, ""predicted_ms"": 1040.594, ""predicted_per_token_ms"": 8.193653543307088, ""predicted_per_second"": 122.04567775712718}",ok,limit,639,3436.0819949943107,True
512,128,1,False,i512-o128-c8,1789044300.6464417,8,121.81062380467328,False,1789044299.6035326,1.7375946044921875,True,512,5594.8612700012745,qwen2.5:1.5b-instruct-q8_0,spark,128,True,measure,etri-ser0003-cg0ms0,1789044295.0498426,,i512-o128-c8-5,llama-spark-5458cd78f4-dtcqm,False,workload,etri-ser0003-cg0ms0,1789044295.0515802,"{""cache_n"": 0, ""prompt_n"": 512, ""prompt_ms"": 76.775, ""prompt_per_token_ms"": 0.149951171875, ""prompt_per_second"": 6668.837512211006, ""predicted_n"": 128, ""predicted_ms"": 1042.602, ""predicted_per_token_ms"": 8.209464566929135, ""predicted_per_second"": 121.81062380467328}",ok,limit,639,4551.9522550021065,True
512,128,1,False,i512-o128-c8,1789044301.766709,8,121.76869509022869,False,1789044300.7237434,1.0561943054199219,True,512,6715.810030000284,qwen2.5:1.5b-instruct-q8_0,spark,128,True,measure,etri-ser0003-cg0ms0,1789044295.0498426,,i512-o128-c8-3,llama-spark-5458cd78f4-dtcqm,False,workload,etri-ser0003-cg0ms0,1789044295.0508988,"{""cache_n"": 0, ""prompt_n"": 512, ""prompt_ms"": 76.892, ""prompt_per_token_ms"": 0.1501796875, ""prompt_per_second"": 6658.690110804765, ""predicted_n"": 128, ""predicted_ms"": 1042.961, ""predicted_per_token_ms"": 8.212291338582677, ""predicted_per_second"": 121.76869509022869}",ok,limit,639,5672.844595988863,True
512,128,1,False,i512-o128-c8,1789044302.8852165,8,121.8915261394938,False,1789044301.8431,3.646373748779297,True,512,7831.727414988563,qwen2.5:1.5b-instruct-q8_0,spark,128,True,measure,etri-ser0003-cg0ms0,1789044295.0498426,,i512-o128-c8-7,llama-spark-5458cd78f4-dtcqm,False,workload,etri-ser0003-cg0ms0,1789044295.053489,"{""cache_n"": 0, ""prompt_n"": 512, ""prompt_ms"": 76.851, ""prompt_per_token_ms"": 0.150099609375, ""prompt_per_second"": 6662.242521242404, ""predicted_n"": 128, ""predicted_ms"": 1041.91, ""predicted_per_token_ms"": 8.204015748031496, ""predicted_per_second"": 121.8915261394938}",ok,limit,639,6789.6110199944815,True
512,128,1,False,i512-o128-c8,1789044303.9942784,8,123.11772866209807,False,1789044302.9628124,0.9496212005615234,True,512,8943.48629200249,qwen2.5:1.5b-instruct-q8_0,spark,128,True,measure,etri-ser0003-cg0ms0,1789044295.0498426,,i512-o128-c8-2,llama-spark-5458cd78f4-dtcqm,False,workload,etri-ser0003-cg0ms0,1789044295.0507922,"{""cache_n"": 0, ""prompt_n"": 512, ""prompt_ms"": 77.136, ""prompt_per_token_ms"": 0.15065625, ""prompt_per_second"": 6637.627048330222, ""predicted_n"": 128, ""predicted_ms"": 1031.533, ""predicted_per_token_ms"": 8.122307086614173, ""predicted_per_second"": 123.11772866209807}",ok,limit,639,7912.020357995061,True
512,128,1,False,i512-o128-c2,1789044311.1340523,2,122.1106880504596,False,1789044310.0937598,0.5397796630859375,True,512,1120.1584259979427,qwen2.5:1.5b-instruct-q8_0,spark,128,True,measure,etri-ser0003-cg0ms0,1789044310.0133536,,i512-o128-c2-0,llama-spark-5458cd78f4-dtcqm,False,workload,etri-ser0003-cg0ms0,1789044310.0138934,"{""cache_n"": 0, ""prompt_n"": 512, ""prompt_ms"": 78.576, ""prompt_per_token_ms"": 0.15346875, ""prompt_per_second"": 6515.984524536755, ""predicted_n"": 128, ""predicted_ms"": 1040.04, ""predicted_per_token_ms"": 8.189291338582677, ""predicted_per_second"": 122.1106880504596}",ok,limit,639,79.86579199496191,True
512,128,1,False,i512-o128-c2,1789044312.2500846,2,122.29871509310591,False,1789044311.2123597,0.9431838989257812,True,512,2235.7875739980955,qwen2.5:1.5b-instruct-q8_0,spark,128,True,measure,etri-ser0003-cg0ms0,1789044310.0133536,,i512-o128-c2-1,llama-spark-5458cd78f4-dtcqm,False,workload,etri-ser0003-cg0ms0,1789044310.0142968,"{""cache_n"": 0, ""prompt_n"": 512, ""prompt_ms"": 77.336, ""prompt_per_token_ms"": 0.151046875, ""prompt_per_second"": 6620.461363401262, ""predicted_n"": 128, ""predicted_ms"": 1038.441, ""predicted_per_token_ms"": 8.176700787401575, ""predicted_per_second"": 122.29871509310591}",ok,limit,639,1198.062714000116,True
512,128,1,False,i512-o128-c1,1789044317.3844929,1,122.35503577680515,False,1789044316.3468983,0.2079010009765625,True,512,1117.388837999897,qwen2.5:1.5b-instruct-q8_0,spark,128,True,measure,etri-ser0003-cg0ms0,1789044316.2668958,,i512-o128-c1-0,llama-spark-5458cd78f4-dtcqm,False,workload,etri-ser0003-cg0ms0,1789044316.2671037,"{""cache_n"": 0, ""prompt_n"": 512, ""prompt_ms"": 78.154, ""prompt_per_token_ms"": 0.15264453125, ""prompt_per_second"": 6551.168206361799, ""predicted_n"": 128, ""predicted_ms"": 1037.963, ""predicted_per_token_ms"": 8.172937007874015, ""predicted_per_second"": 122.35503577680515}",ok,limit,639,79.79528000578284,True
512,128,1,False,i512-o128-c4,1789044322.5808258,4,117.6429176184627,False,1789044321.5009804,0.19931793212890625,True,512,1158.952990997932,qwen2.5:1.5b-instruct-q8_0,spark,128,True,measure,etri-ser0003-cg0ms0,1789044321.421673,,i512-o128-c4-0,llama-spark-5458cd78f4-dtcqm,False,workload,etri-ser0003-cg0ms0,1789044321.4218724,"{""cache_n"": 0, ""prompt_n"": 512, ""prompt_ms"": 77.948, ""prompt_per_token_ms"": 0.1522421875, ""prompt_per_second"": 6568.481551803768, ""predicted_n"": 128, ""predicted_ms"": 1079.538, ""predicted_per_token_ms"": 8.500299212598426, ""predicted_per_second"": 117.6429176184627}",ok,limit,639,79.10760000231676,True
512,128,1,False,i512-o128-c4,1789044323.7212393,4,119.5124269397949,False,1789044322.6589725,1.0221004486083984,True,512,2298.5439210024197,qwen2.5:1.5b-instruct-q8_0,spark,128,True,measure,etri-ser0003-cg0ms0,1789044321.421673,,i512-o128-c4-3,llama-spark-5458cd78f4-dtcqm,False,workload,etri-ser0003-cg0ms0,1789044321.4226952,"{""cache_n"": 0, ""prompt_n"": 512, ""prompt_ms"": 77.275, ""prompt_per_token_ms"": 0.150927734375, ""prompt_per_second"": 6625.687479780006, ""predicted_n"": 128, ""predicted_ms"": 1062.651, ""predicted_per_token_ms"": 8.367330708661418, ""predicted_per_second"": 119.5124269397949}",ok,limit,639,1236.27732800378,True
512,128,1,False,i512-o128-c4,1789044324.85448,4,120.21051037407238,False,1789044323.7978444,0.5221366882324219,True,512,3432.2847250004997,qwen2.5:1.5b-instruct-q8_0,spark,128,True,measure,etri-ser0003-cg0ms0,1789044321.421673,,i512-o128-c4-1,llama-spark-5458cd78f4-dtcqm,False,workload,etri-ser0003-cg0ms0,1789044321.4221952,"{""cache_n"": 0, ""prompt_n"": 512, ""prompt_ms"": 77.276, ""prompt_per_token_ms"": 0.1509296875, ""prompt_per_second"": 6625.601739220457, ""predicted_n"": 128, ""predicted_ms"": 1056.48, ""predicted_per_token_ms"": 8.318740157480315, ""predicted_per_second"": 120.21051037407238}",ok,limit,639,2375.649298002827,True
512,128,1,False,i512-o128-c4,1789044326.0048993,4,118.38014941998387,False,1789044324.9319766,0.8065700531005859,True,512,4582.419498008676,qwen2.5:1.5b-instruct-q8_0,spark,128,True,measure,etri-ser0003-cg0ms0,1789044321.421673,,i512-o128-c4-2,llama-spark-5458cd78f4-dtcqm,False,workload,etri-ser0003-cg0ms0,1789044321.4224796,"{""cache_n"": 0, ""prompt_n"": 512, ""prompt_ms"": 76.969, ""prompt_per_token_ms"": 0.150330078125, ""prompt_per_second"": 6652.0287388429115, ""predicted_n"": 128, ""predicted_ms"": 1072.815, ""predicted_per_token_ms"": 8.44736220472441, ""predicted_per_second"": 118.38014941998387}",ok,limit,639,3509.4968379999045,True
128,64,1,False,i128-o64-c1,1789044330.575884,1,116.22372513642452,False,1789044330.0333178,0.2703666687011719,True,128,565.1238720020046,qwen2.5:1.5b-instruct-q8_0,spark,64,True,measure,etri-ser0003-cg0ms0,1789044330.0104887,,i128-o64-c1-0,llama-spark-5458cd78f4-dtcqm,False,workload,etri-ser0003-cg0ms0,1789044330.010759,"{""cache_n"": 0, ""prompt_n"": 128, ""prompt_ms"": 21.246, ""prompt_per_token_ms"": 0.165984375, ""prompt_per_second"": 6024.6634660642, ""predicted_n"": 64, ""predicted_ms"": 542.058, ""predicted_per_token_ms"": 8.604095238095239, ""predicted_per_second"": 116.22372513642452}",ok,limit,191,22.557873002369888,True
512,256,1,False,i512-o256-c1,1789044334.8104496,1,119.25617817153623,False,1789044332.6718433,0.2117156982421875,True,512,2221.4510180056095,qwen2.5:1.5b-instruct-q8_0,spark,256,True,measure,etri-ser0003-cg0ms0,1789044332.5887866,,i512-o256-c1-0,llama-spark-5458cd78f4-dtcqm,False,workload,etri-ser0003-cg0ms0,1789044332.5889983,"{""cache_n"": 0, ""prompt_n"": 512, ""prompt_ms"": 81.963, ""prompt_per_token_ms"": 0.160083984375, ""prompt_per_second"": 6246.721081463587, ""predicted_n"": 256, ""predicted_ms"": 2138.254, ""predicted_per_token_ms"": 8.385309803921569, ""predicted_per_second"": 119.25617817153623}",ok,limit,767,82.84480300790165,True
512,128,2,False,,1789044589.5501065,,120.89389133638201,False,1789044588.4995904,0.0007152557373046875,True,512,1319.0615479979897,qwen2.5:1.5b-instruct-q8_0,spark,128,True,warmup,etri-ser0003-cg0ms0,1789044588.2310443,,warmup,llama-spark-5458cd78f4-dtcqm,False,workload,etri-ser0003-cg0ms0,1789044588.231045,"{""cache_n"": 0, ""prompt_n"": 512, ""prompt_ms"": 266.732, ""prompt_per_token_ms"": 0.5209609375, ""prompt_per_second"": 1919.5297152197709, ""predicted_n"": 128, ""predicted_ms"": 1050.508, ""predicted_per_token_ms"": 8.271716535433072, ""predicted_per_second"": 120.89389133638201}",ok,limit,639,268.54526399984024,True
128,64,2,False,i128-o64-c1,1789044592.087642,1,124.4732115866778,False,1789044591.581224,5.493879318237305,True,128,527.4184310110286,qwen2.5:1.5b-instruct-q8_0,spark,64,True,measure,etri-ser0003-cg0ms0,1789044591.5547287,,i128-o64-c1-0,llama-spark-5458cd78f4-dtcqm,False,workload,etri-ser0003-cg0ms0,1789044591.5602226,"{""cache_n"": 0, ""prompt_n"": 128, ""prompt_ms"": 19.92, ""prompt_per_token_ms"": 0.155625, ""prompt_per_second"": 6425.70281124498, ""predicted_n"": 64, ""predicted_ms"": 506.133, ""predicted_per_token_ms"": 8.033857142857142, ""predicted_per_second"": 124.4732115866778}",ok,limit,191,21.00080701347906,True
512,128,2,False,i512-o128-c4,1789044595.2357507,4,123.14088771975074,False,1789044594.20458,1.1942386627197266,True,512,1110.5608549987664,qwen2.5:1.5b-instruct-q8_0,spark,128,True,measure,etri-ser0003-cg0ms0,1789044594.123995,,i512-o128-c4-2,llama-spark-5458cd78f4-dtcqm,False,workload,etri-ser0003-cg0ms0,1789044594.1251893,"{""cache_n"": 0, ""prompt_n"": 512, ""prompt_ms"": 77.442, ""prompt_per_token_ms"": 0.15125390625, ""prompt_per_second"": 6611.399498979882, ""predicted_n"": 128, ""predicted_ms"": 1031.339, ""predicted_per_token_ms"": 8.120779527559055, ""predicted_per_second"": 123.14088771975074}",ok,limit,639,79.39071698638145,True
512,128,2,False,i512-o128-c4,1789044596.3419023,4,123.77395562070201,False,1789044595.3154263,0.5469322204589844,True,512,2217.359933987609,qwen2.5:1.5b-instruct-q8_0,spark,128,True,measure,etri-ser0003-cg0ms0,1789044594.123995,,i512-o128-c4-1,llama-spark-5458cd78f4-dtcqm,False,workload,etri-ser0003-cg0ms0,1789044594.124542,"{""cache_n"": 0, ""prompt_n"": 512, ""prompt_ms"": 80.28, ""prompt_per_token_ms"": 0.156796875, ""prompt_per_second"": 6377.67812655705, ""predicted_n"": 128, ""predicted_ms"": 1026.064, ""predicted_per_token_ms"": 8.079244094488189, ""predicted_per_second"": 123.77395562070201}",ok,limit,639,1190.8841639960883,True
512,128,2,False,i512-o128-c4,1789044597.4499564,4,123.11319337205099,False,1789044596.4182634,0.21147727966308594,True,512,3325.749016003101,qwen2.5:1.5b-instruct-q8_0,spark,128,True,measure,etri-ser0003-cg0ms0,1789044594.123995,,i512-o128-c4-0,llama-spark-5458cd78f4-dtcqm,False,workload,etri-ser0003-cg0ms0,1789044594.1242065,"{""cache_n"": 0, ""prompt_n"": 512, ""prompt_ms"": 76.426, ""prompt_per_token_ms"": 0.14926953125, ""prompt_per_second"": 6699.2908172611415, ""predicted_n"": 128, ""predicted_ms"": 1031.571, ""predicted_per_token_ms"": 8.122606299212597, ""predicted_per_second"": 123.11319337205099}",ok,limit,639,2294.056395010557,True
512,128,2,False,i512-o128-c4,1789044598.5649426,4,122.29777292866572,False,1789044597.5263386,1.67083740234375,True,512,4439.2764670046745,qwen2.5:1.5b-instruct-q8_0,spark,128,True,measure,etri-ser0003-cg0ms0,1789044594.123995,,i512-o128-c4-3,llama-spark-5458cd78f4-dtcqm,False,workload,etri-ser0003-cg0ms0,1789044594.125666,"{""cache_n"": 0, ""prompt_n"": 512, ""prompt_ms"": 76.594, ""prompt_per_token_ms"": 0.14959765625, ""prompt_per_second"": 6684.596704702719, ""predicted_n"": 128, ""predicted_ms"": 1038.449, ""predicted_per_token_ms"": 8.17676377952756, ""predicted_per_second"": 122.29777292866572}",ok,limit,639,3400.6726750085363,True
512,256,2,False,i512-o256-c1,1789044604.7758603,1,120.53204261634887,False,1789044602.660089,0.2777576446533203,True,512,2194.528841006104,qwen2.5:1.5b-instruct-q8_0,spark,256,True,measure,etri-ser0003-cg0ms0,1789044602.5810535,,i512-o256-c1-0,llama-spark-5458cd78f4-dtcqm,False,workload,etri-ser0003-cg0ms0,1789044602.5813313,"{""cache_n"": 0, ""prompt_n"": 512, ""prompt_ms"": 77.238, ""prompt_per_token_ms"": 0.15085546875, ""prompt_per_second"": 6628.861441259483, ""predicted_n"": 256, ""predicted_ms"": 2115.62, ""predicted_per_token_ms"": 8.296549019607843, ""predicted_per_second"": 120.53204261634887}",ok,limit,767,78.75785400392488,True
512,128,2,False,i512-o128-c2,1789044609.8828177,2,125.80460464664756,False,1789044608.872694,0.3745555877685547,True,512,1089.3589099869132,qwen2.5:1.5b-instruct-q8_0,spark,128,True,measure,etri-ser0003-cg0ms0,1789044608.793084,,i512-o128-c2-1,llama-spark-5458cd78f4-dtcqm,False,workload,etri-ser0003-cg0ms0,1789044608.7934585,"{""cache_n"": 0, ""prompt_n"": 512, ""prompt_ms"": 77.842, ""prompt_per_token_ms"": 0.15203515625, ""prompt_per_second"": 6577.426068189409, ""predicted_n"": 128, ""predicted_ms"": 1009.502, ""predicted_per_token_ms"": 7.948834645669291, ""predicted_per_second"": 125.80460464664756}",ok,limit,639,79.23513399146032,True
512,128,2,False,i512-o128-c2,1789044610.9753034,2,124.84468141996571,False,1789044609.9581845,0.1652240753173828,True,512,2182.0538560132263,qwen2.5:1.5b-instruct-q8_0,spark,128,True,measure,etri-ser0003-cg0ms0,1789044608.793084,,i512-o128-c2-0,llama-spark-5458cd78f4-dtcqm,False,workload,etri-ser0003-cg0ms0,1789044608.7932491,"{""cache_n"": 0, ""prompt_n"": 512, ""prompt_ms"": 75.945, ""prompt_per_token_ms"": 0.148330078125, ""prompt_per_second"": 6741.720982289816, ""predicted_n"": 128, ""predicted_ms"": 1017.264, ""predicted_per_token_ms"": 8.009952755905513, ""predicted_per_second"": 124.84468141996571}",ok,limit,639,1164.9351150117582,True
512,128,2,False,i512-o128-c8,1789044616.1682215,8,121.706730861377,False,1789044615.1245117,0.15687942504882812,True,512,1123.915507007041,qwen2.5:1.5b-instruct-q8_0,spark,128,True,measure,etri-ser0003-cg0ms0,1789044615.0441484,,i512-o128-c8-0,llama-spark-5458cd78f4-dtcqm,False,workload,etri-ser0003-cg0ms0,1789044615.0443053,"{""cache_n"": 0, ""prompt_n"": 512, ""prompt_ms"": 78.549, ""prompt_per_token_ms"": 0.153416015625, ""prompt_per_second"": 6518.224293116398, ""predicted_n"": 128, ""predicted_ms"": 1043.492, ""predicted_per_token_ms"": 8.216472440944882, ""predicted_per_second"": 121.706730861377}",ok,limit,639,80.20625500648748,True
512,128,2,False,i512-o128-c8,1789044617.2715993,8,123.68535614078316,False,1789044616.2454143,0.38242340087890625,True,512,2227.0676949992776,qwen2.5:1.5b-instruct-q8_0,spark,128,True,measure,etri-ser0003-cg0ms0,1789044615.0441484,,i512-o128-c8-1,llama-spark-5458cd78f4-dtcqm,False,workload,etri-ser0003-cg0ms0,1789044615.0445309,"{""cache_n"": 0, ""prompt_n"": 512, ""prompt_ms"": 76.86, ""prompt_per_token_ms"": 0.1501171875, ""prompt_per_second"": 6661.462399167317, ""predicted_n"": 128, ""predicted_ms"": 1026.799, ""predicted_per_token_ms"": 8.085031496062992, ""predicted_per_second"": 123.68535614078316}",ok,limit,639,1200.8827209938318,True
512,128,2,False,i512-o128-c8,1789044618.3855522,8,122.61859245441872,False,1789044617.348966,0.583648681640625,True,512,3340.819807999651,qwen2.5:1.5b-instruct-q8_0,spark,128,True,measure,etri-ser0003-cg0ms0,1789044615.0441484,,i512-o128-c8-2,llama-spark-5458cd78f4-dtcqm,False,workload,etri-ser0003-cg0ms0,1789044615.044732,"{""cache_n"": 0, ""prompt_n"": 512, ""prompt_ms"": 76.966, ""prompt_per_token_ms"": 0.15032421875, ""prompt_per_second"": 6652.288023283008, ""predicted_n"": 128, ""predicted_ms"": 1035.732, ""predicted_per_token_ms"": 8.155370078740157, ""predicted_per_second"": 122.61859245441872}",ok,limit,639,2304.233500995906,True
512,128,2,False,i512-o128-c8,1789044619.4974809,8,122.75441577597222,False,1789044618.4630542,1.794576644897461,True,512,4451.537568995263,qwen2.5:1.5b-instruct-q8_0,spark,128,True,measure,etri-ser0003-cg0ms0,1789044615.0441484,,i512-o128-c8-5,llama-spark-5458cd78f4-dtcqm,False,workload,etri-ser0003-cg0ms0,1789044615.045943,"{""cache_n"": 0, ""prompt_n"": 512, ""prompt_ms"": 77.735, ""prompt_per_token_ms"": 0.151826171875, ""prompt_per_second"": 6586.479706695825, ""predicted_n"": 128, ""predicted_ms"": 1034.586, ""predicted_per_token_ms"": 8.146346456692914, ""predicted_per_second"": 122.75441577597222}",ok,limit,639,3417.110637004953,True
512,128,2,False,i512-o128-c8,1789044620.6050243,8,123.44191037534115,False,1789044619.5754437,1.3537406921386719,True,512,5559.5222109986935,qwen2.5:1.5b-instruct-q8_0,spark,128,True,measure,etri-ser0003-cg0ms0,1789044615.0441484,,i512-o128-c8-4,llama-spark-5458cd78f4-dtcqm,False,workload,etri-ser0003-cg0ms0,1789044615.0455022,"{""cache_n"": 0, ""prompt_n"": 512, ""prompt_ms"": 78.003, ""prompt_per_token_ms"": 0.152349609375, ""prompt_per_second"": 6563.850108329167, ""predicted_n"": 128, ""predicted_ms"": 1028.824, ""predicted_per_token_ms"": 8.100976377952756, ""predicted_per_second"": 123.44191037534115}",ok,limit,639,4529.941280008643,True
512,128,2,False,i512-o128-c8,1789044621.7548435,8,118.49855795652503,False,1789044620.6812067,2.3810863494873047,True,512,6708.31386098871,qwen2.5:1.5b-instruct-q8_0,spark,128,True,measure,etri-ser0003-cg0ms0,1789044615.0441484,,i512-o128-c8-6,llama-spark-5458cd78f4-dtcqm,False,workload,etri-ser0003-cg0ms0,1789044615.0465295,"{""cache_n"": 0, ""prompt_n"": 512, ""prompt_ms"": 77.362, ""prompt_per_token_ms"": 0.15109765625, ""prompt_per_second"": 6618.236343424421, ""predicted_n"": 128, ""predicted_ms"": 1071.743, ""predicted_per_token_ms"": 8.43892125984252, ""predicted_per_second"": 118.49855795652503}",ok,limit,639,5634.677039997769,True
512,128,2,False,i512-o128-c8,1789044622.8810878,8,120.980379268726,False,1789044621.8311243,2.778768539428711,True,512,7834.160351005266,qwen2.5:1.5b-instruct-q8_0,spark,128,True,measure,etri-ser0003-cg0ms0,1789044615.0441484,,i512-o128-c8-7,llama-spark-5458cd78f4-dtcqm,False,workload,etri-ser0003-cg0ms0,1789044615.0469272,"{""cache_n"": 0, ""prompt_n"": 512, ""prompt_ms"": 78.173, ""prompt_per_token_ms"": 0.152681640625, ""prompt_per_second"": 6549.57594054213, ""predicted_n"": 128, ""predicted_ms"": 1049.757, ""predicted_per_token_ms"": 8.265803149606299, ""predicted_per_second"": 120.980379268726}",ok,limit,639,6784.196915003122,True
512,128,2,False,i512-o128-c8,1789044623.9799802,8,124.2888865183747,False,1789044622.9579656,0.9279251098632812,True,512,8934.903376997681,qwen2.5:1.5b-instruct-q8_0,spark,128,True,measure,etri-ser0003-cg0ms0,1789044615.0441484,,i512-o128-c8-3,llama-spark-5458cd78f4-dtcqm,False,workload,etri-ser0003-cg0ms0,1789044615.0450764,"{""cache_n"": 0, ""prompt_n"": 512, ""prompt_ms"": 76.938, ""prompt_per_token_ms"": 0.15026953125, ""prompt_per_second"": 6654.708986456627, ""predicted_n"": 128, ""predicted_ms"": 1021.813, ""predicted_per_token_ms"": 8.045771653543307, ""predicted_per_second"": 124.2888865183747}",ok,limit,639,7912.888926002779,True
2048,128,2,False,i2048-o128-c1,1789044633.457948,1,114.98759129969477,False,1789044632.35319,0.26917457580566406,True,2048,1449.9461369996425,qwen2.5:1.5b-instruct-q8_0,spark,128,True,measure,etri-ser0003-cg0ms0,1789044632.0077314,,i2048-o128-c1-0,llama-spark-5458cd78f4-dtcqm,False,workload,etri-ser0003-cg0ms0,1789044632.0080006,"{""cache_n"": 0, ""prompt_n"": 2048, ""prompt_ms"": 343.317, ""prompt_per_token_ms"": 0.16763525390625, ""prompt_per_second"": 5965.332331343918, ""predicted_n"": 128, ""predicted_ms"": 1104.467, ""predicted_per_token_ms"": 8.696590551181103, ""predicted_per_second"": 114.98759129969477}",ok,limit,2175,345.188331004465,True
512,128,2,False,i512-o128-c1,1789044638.61401,1,119.75257420887867,False,1789044637.553418,0.49591064453125,True,512,1140.7968810090097,qwen2.5:1.5b-instruct-q8_0,spark,128,True,measure,etri-ser0003-cg0ms0,1789044637.4727168,,i512-o128-c1-0,llama-spark-5458cd78f4-dtcqm,False,workload,etri-ser0003-cg0ms0,1789044637.4732127,"{""cache_n"": 0, ""prompt_n"": 512, ""prompt_ms"": 78.861, ""prompt_per_token_ms"": 0.154025390625, ""prompt_per_second"": 6492.436058381202, ""predicted_n"": 128, ""predicted_ms"": 1060.52, ""predicted_per_token_ms"": 8.350551181102363, ""predicted_per_second"": 119.75257420887867}",ok,limit,639,80.20456100348383,True
512,128,0,False,,1789043591.8492956,,64.8780089092321,False,1789043589.8924518,0.000476837158203125,True,512,2307.646991001093,qwen2.5:3b-instruct-q8_0,spark,128,True,warmup,etri-ser0003-cg0ms0,1789043589.5416474,,warmup,llama-spark-5458cd78f4-dtcqm,False,workload,etri-ser0003-cg0ms0,1789043589.541648,"{""cache_n"": 0, ""prompt_n"": 512, ""prompt_ms"": 349.09, ""prompt_per_token_ms"": 0.68181640625, ""prompt_per_second"": 1466.6704861210578, ""predicted_n"": 128, ""predicted_ms"": 1957.52, ""predicted_per_token_ms"": 15.413543307086615, ""predicted_per_second"": 64.8780089092321}",ok,limit,639,350.8033560065087,True
128,64,0,False,i128-o64-c1,1789043592.8480494,1,66.02562423035607,False,1789043591.8939774,3.168344497680664,True,128,992.3698049969971,qwen2.5:3b-instruct-q8_0,spark,64,True,measure,etri-ser0003-cg0ms0,1789043591.85251,,i128-o64-c1-0,llama-spark-5458cd78f4-dtcqm,False,workload,etri-ser0003-cg0ms0,1789043591.8556783,"{""cache_n"": 0, ""prompt_n"": 128, ""prompt_ms"": 36.528, ""prompt_per_token_ms"": 0.285375, ""prompt_per_second"": 3504.161191414805, ""predicted_n"": 64, ""predicted_ms"": 954.175, ""predicted_per_token_ms"": 15.14563492063492, ""predicted_per_second"": 66.02562423035607}",ok,limit,191,38.29826299624983,True
512,128,0,False,i512-o128-c8,1789043595.0065813,8,65.47272596983409,False,1789043593.0665812,0.6215572357177734,True,512,2079.4564679963514,qwen2.5:3b-instruct-q8_0,spark,128,True,measure,etri-ser0003-cg0ms0,1789043592.9265032,,i512-o128-c8-1,llama-spark-5458cd78f4-dtcqm,False,workload,etri-ser0003-cg0ms0,1789043592.9271247,"{""cache_n"": 0, ""prompt_n"": 512, ""prompt_ms"": 137.553, ""prompt_per_token_ms"": 0.268658203125, ""prompt_per_second"": 3722.2016241012557, ""predicted_n"": 128, ""predicted_ms"": 1939.739, ""predicted_per_token_ms"": 15.273535433070867, ""predicted_per_second"": 65.47272596983409}",ok,limit,639,139.4567469978938,True
512,128,0,False,i512-o128-c8,1789043597.0829542,8,65.48396777157542,False,1789043595.1433475,1.2226104736328125,True,512,4155.227970011765,qwen2.5:3b-instruct-q8_0,spark,128,True,measure,etri-ser0003-cg0ms0,1789043592.9265032,,i512-o128-c8-2,llama-spark-5458cd78f4-dtcqm,False,workload,etri-ser0003-cg0ms0,1789043592.9277258,"{""cache_n"": 0, ""prompt_n"": 512, ""prompt_ms"": 136.815, ""prompt_per_token_ms"": 0.267216796875, ""prompt_per_second"": 3742.279720790849, ""predicted_n"": 128, ""predicted_ms"": 1939.406, ""predicted_per_token_ms"": 15.270913385826772, ""predicted_per_second"": 65.48396777157542}",ok,limit,639,2215.621513008955,True
512,128,0,False,i512-o128-c8,1789043599.135877,8,66.30593453776932,False,1789043597.2205644,2.5877952575683594,True,512,6206.785371992737,qwen2.5:3b-instruct-q8_0,spark,128,True,measure,etri-ser0003-cg0ms0,1789043592.9265032,,i512-o128-c8-4,llama-spark-5458cd78f4-dtcqm,False,workload,etri-ser0003-cg0ms0,1789043592.929091,"{""cache_n"": 0, ""prompt_n"": 512, ""prompt_ms"": 137.286, ""prompt_per_token_ms"": 0.26813671875, ""prompt_per_second"": 3729.440729571843, ""predicted_n"": 128, ""predicted_ms"": 1915.364, ""predicted_per_token_ms"": 15.081606299212599, ""predicted_per_second"": 66.30593453776932}",ok,limit,639,4291.473063000012,True
512,128,0,False,i512-o128-c8,1789043601.2287042,8,65.0251652509613,False,1789043599.275378,0.37670135498046875,True,512,8301.823636007612,qwen2.5:3b-instruct-q8_0,spark,128,True,measure,etri-ser0003-cg0ms0,1789043592.9265032,,i512-o128-c8-0,llama-spark-5458cd78f4-dtcqm,False,workload,etri-ser0003-cg0ms0,1789043592.92688,"{""cache_n"": 0, ""prompt_n"": 512, ""prompt_ms"": 139.787, ""prompt_per_token_ms"": 0.273021484375, ""prompt_per_second"": 3662.7154170273343, ""predicted_n"": 128, ""predicted_ms"": 1953.09, ""predicted_per_token_ms"": 15.378661417322833, ""predicted_per_second"": 65.0251652509613}",ok,limit,639,6348.497657003463,True
512,128,0,False,i512-o128-c8,1789043603.2952216,8,65.83189747226248,False,1789043601.3652446,3.152132034301758,True,512,10365.566141990712,qwen2.5:3b-instruct-q8_0,spark,128,True,measure,etri-ser0003-cg0ms0,1789043592.9265032,,i512-o128-c8-5,llama-spark-5458cd78f4-dtcqm,False,workload,etri-ser0003-cg0ms0,1789043592.9296553,"{""cache_n"": 0, ""prompt_n"": 512, ""prompt_ms"": 136.927, ""prompt_per_token_ms"": 0.267435546875, ""prompt_per_second"": 3739.2187077785975, ""predicted_n"": 128, ""predicted_ms"": 1929.156, ""predicted_per_token_ms"": 15.190204724409448, ""predicted_per_second"": 65.83189747226248}",ok,limit,639,8435.589237997192,True
512,128,0,False,i512-o128-c8,1789043605.3313124,8,66.83134189967299,False,1789043603.4312763,3.7794113159179688,True,512,12401.029599001049,qwen2.5:3b-instruct-q8_0,spark,128,True,measure,etri-ser0003-cg0ms0,1789043592.9265032,,i512-o128-c8-7,llama-spark-5458cd78f4-dtcqm,False,workload,etri-ser0003-cg0ms0,1789043592.9302826,"{""cache_n"": 0, ""prompt_n"": 512, ""prompt_ms"": 136.136, ""prompt_per_token_ms"": 0.265890625, ""prompt_per_second"": 3760.9449374155256, ""predicted_n"": 128, ""predicted_ms"": 1900.306, ""predicted_per_token_ms"": 14.963039370078741, ""predicted_per_second"": 66.83134189967299}",ok,limit,639,10500.993841997115,True
512,128,0,False,i512-o128-c8,1789043607.4299664,8,64.77291737219845,False,1789043605.469256,3.5257339477539062,True,512,14499.937114000204,qwen2.5:3b-instruct-q8_0,spark,128,True,measure,etri-ser0003-cg0ms0,1789043592.9265032,,i512-o128-c8-6,llama-spark-5458cd78f4-dtcqm,False,workload,etri-ser0003-cg0ms0,1789043592.930029,"{""cache_n"": 0, ""prompt_n"": 512, ""prompt_ms"": 137.979, ""prompt_per_token_ms"": 0.269490234375, ""prompt_per_second"": 3710.7096007363434, ""predicted_n"": 128, ""predicted_ms"": 1960.696, ""predicted_per_token_ms"": 15.438551181102362, ""predicted_per_second"": 64.77291737219845}",ok,limit,639,12539.226935012266,True
512,128,0,False,i512-o128-c8,1789043609.5266492,8,64.80891321576215,False,1789043607.5671194,1.9268989562988281,True,512,16598.218901999644,qwen2.5:3b-instruct-q8_0,spark,128,True,measure,etri-ser0003-cg0ms0,1789043592.9265032,,i512-o128-c8-3,llama-spark-5458cd78f4-dtcqm,False,workload,etri-ser0003-cg0ms0,1789043592.92843,"{""cache_n"": 0, ""prompt_n"": 512, ""prompt_ms"": 136.468, ""prompt_per_token_ms"": 0.2665390625, ""prompt_per_second"": 3751.7952926693442, ""predicted_n"": 128, ""predicted_ms"": 1959.607, ""predicted_per_token_ms"": 15.429976377952755, ""predicted_per_second"": 64.80891321576215}",ok,limit,639,14638.689460000023,True
2048,128,0,False,i2048-o128-c1,1789043612.190665,1,62.451071798079454,False,1789043610.1576827,0.13256072998046875,True,2048,2640.3975450084545,qwen2.5:3b-instruct-q8_0,spark,128,True,measure,etri-ser0003-cg0ms0,1789043609.5501344,,i2048-o128-c1-0,llama-spark-5458cd78f4-dtcqm,False,workload,etri-ser0003-cg0ms0,1789043609.550267,"{""cache_n"": 0, ""prompt_n"": 2048, ""prompt_ms"": 605.17, ""prompt_per_token_ms"": 0.2954931640625, ""prompt_per_second"": 3384.173042285639, ""predicted_n"": 128, ""predicted_ms"": 2033.592, ""predicted_per_token_ms"": 16.012535433070866, ""predicted_per_second"": 62.451071798079454}",ok,limit,2175,607.4155180103844,True
512,128,0,False,i512-o128-c2,1789043614.2740183,2,65.88004851261526,False,1789043612.3464425,0.21529197692871094,True,512,2066.736826993292,qwen2.5:3b-instruct-q8_0,spark,128,True,measure,etri-ser0003-cg0ms0,1789043612.2070658,,i512-o128-c2-0,llama-spark-5458cd78f4-dtcqm,False,workload,etri-ser0003-cg0ms0,1789043612.207281,"{""cache_n"": 0, ""prompt_n"": 512, ""prompt_ms"": 137.593, ""prompt_per_token_ms"": 0.268736328125, ""prompt_per_second"": 3721.1195336972087, ""predicted_n"": 128, ""predicted_ms"": 1927.746, ""predicted_per_token_ms"": 15.179102362204725, ""predicted_per_second"": 65.88004851261526}",ok,limit,639,139.16130499274004,True
512,128,0,False,i512-o128-c2,1789043616.334988,2,66.03738756094808,False,1789043614.4126525,0.5502700805664062,True,512,4127.371499998844,qwen2.5:3b-instruct-q8_0,spark,128,True,measure,etri-ser0003-cg0ms0,1789043612.2070658,,i512-o128-c2-1,llama-spark-5458cd78f4-dtcqm,False,workload,etri-ser0003-cg0ms0,1789043612.207616,"{""cache_n"": 0, ""prompt_n"": 512, ""prompt_ms"": 138.054, ""prompt_per_token_ms"": 0.26963671875, ""prompt_per_second"": 3708.693699566836, ""predicted_n"": 128, ""predicted_ms"": 1923.153, ""predicted_per_token_ms"": 15.142937007874016, ""predicted_per_second"": 66.03738756094808}",ok,limit,639,2205.036161991302,True
512,256,0,False,i512-o256-c1,1789043620.3367374,1,66.20241895850354,False,1789043616.4847412,0.1537799835205078,True,512,3990.769813011866,qwen2.5:3b-instruct-q8_0,spark,256,True,measure,etri-ser0003-cg0ms0,1789043616.345813,,i512-o256-c1-0,llama-spark-5458cd78f4-dtcqm,False,workload,etri-ser0003-cg0ms0,1789043616.3459668,"{""cache_n"": 0, ""prompt_n"": 512, ""prompt_ms"": 137.662, ""prompt_per_token_ms"": 0.26887109375, ""prompt_per_second"": 3719.2544057183536, ""predicted_n"": 256, ""predicted_ms"": 3851.823, ""predicted_per_token_ms"": 15.105188235294117, ""predicted_per_second"": 66.20241895850354}",ok,limit,767,138.7738640041789,True
512,128,0,False,i512-o128-c4,1789043622.4262085,4,66.23248750448504,False,1789043620.509115,0.2110004425048828,True,512,2056.993466001586,qwen2.5:3b-instruct-q8_0,spark,128,True,measure,etri-ser0003-cg0ms0,1789043620.3690038,,i512-o128-c4-0,llama-spark-5458cd78f4-dtcqm,False,workload,etri-ser0003-cg0ms0,1789043620.3692148,"{""cache_n"": 0, ""prompt_n"": 512, ""prompt_ms"": 138.02, ""prompt_per_token_ms"": 0.2695703125, ""prompt_per_second"": 3709.6073032893783, ""predicted_n"": 128, ""predicted_ms"": 1917.488, ""predicted_per_token_ms"": 15.098330708661418, ""predicted_per_second"": 66.23248750448504}",ok,limit,639,139.8999140074011,True
512,128,0,False,i512-o128-c4,1789043624.4891791,4,65.94874276770774,False,1789043622.5637348,0.4916191101074219,True,512,4119.683035998605,qwen2.5:3b-instruct-q8_0,spark,128,True,measure,etri-ser0003-cg0ms0,1789043620.3690038,,i512-o128-c4-1,llama-spark-5458cd78f4-dtcqm,False,workload,etri-ser0003-cg0ms0,1789043620.3694954,"{""cache_n"": 0, ""prompt_n"": 512, ""prompt_ms"": 136.944, ""prompt_per_token_ms"": 0.26746875, ""prompt_per_second"": 3738.754527398061, ""predicted_n"": 128, ""predicted_ms"": 1925.738, ""predicted_per_token_ms"": 15.163291338582678, ""predicted_per_second"": 65.94874276770774}",ok,limit,639,2194.239185002516,True
512,128,0,False,i512-o128-c4,1789043626.5406291,4,66.34053589571477,False,1789043624.6262035,0.7085800170898438,True,512,6170.9166539949365,qwen2.5:3b-instruct-q8_0,spark,128,True,measure,etri-ser0003-cg0ms0,1789043620.3690038,,i512-o128-c4-2,llama-spark-5458cd78f4-dtcqm,False,workload,etri-ser0003-cg0ms0,1789043620.3697124,"{""cache_n"": 0, ""prompt_n"": 512, ""prompt_ms"": 137.384, ""prompt_per_token_ms"": 0.268328125, ""prompt_per_second"": 3726.7804111104647, ""predicted_n"": 128, ""predicted_ms"": 1914.365, ""predicted_per_token_ms"": 15.073740157480316, ""predicted_per_second"": 66.34053589571477}",ok,limit,639,4256.491105988971,True
512,128,0,False,i512-o128-c4,1789043628.5940564,4,66.30763085967583,False,1789043626.6788166,0.9877681732177734,True,512,8224.064256006386,qwen2.5:3b-instruct-q8_0,spark,128,True,measure,etri-ser0003-cg0ms0,1789043620.3690038,,i512-o128-c4-3,llama-spark-5458cd78f4-dtcqm,False,workload,etri-ser0003-cg0ms0,1789043620.3699915,"{""cache_n"": 0, ""prompt_n"": 512, ""prompt_ms"": 138.14, ""prompt_per_token_ms"": 0.2698046875, ""prompt_per_second"": 3706.384826987115, ""predicted_n"": 128, ""predicted_ms"": 1915.315, ""predicted_per_token_ms"": 15.081220472440945, ""predicted_per_second"": 66.30763085967583}",ok,limit,639,6308.824388004723,True
512,128,0,False,i512-o128-c1,1789043630.6674664,1,66.16199477893298,False,1789043628.7476482,0.20313262939453125,True,512,2060.904109006515,qwen2.5:3b-instruct-q8_0,spark,128,True,measure,etri-ser0003-cg0ms0,1789043628.6063588,,i512-o128-c1-0,llama-spark-5458cd78f4-dtcqm,False,workload,etri-ser0003-cg0ms0,1789043628.606562,"{""cache_n"": 0, ""prompt_n"": 512, ""prompt_ms"": 140.11, ""prompt_per_token_ms"": 0.27365234375, ""prompt_per_second"": 3654.2716437085146, ""predicted_n"": 128, ""predicted_ms"": 1919.531, ""predicted_per_token_ms"": 15.114417322834646, ""predicted_per_second"": 66.16199477893298}",ok,limit,639,141.08596299774945,True
512,128,1,False,,1789044142.483708,,65.22450325377827,False,1789044140.5364149,0.000476837158203125,True,512,2278.967767007998,qwen2.5:3b-instruct-q8_0,spark,128,True,warmup,etri-ser0003-cg0ms0,1789044140.2047396,,warmup,llama-spark-5458cd78f4-dtcqm,False,workload,etri-ser0003-cg0ms0,1789044140.20474,"{""cache_n"": 0, ""prompt_n"": 512, ""prompt_ms"": 329.604, ""prompt_per_token_ms"": 0.6437578125, ""prompt_per_second"": 1553.3792065630273, ""predicted_n"": 128, ""predicted_ms"": 1947.121, ""predicted_per_token_ms"": 15.331661417322836, ""predicted_per_second"": 65.22450325377827}",ok,limit,639,331.67562799644656,True
2048,128,1,False,i2048-o128-c1,1789044147.102269,1,63.889759477693666,False,1789044145.1135912,3.808259963989258,True,2048,2590.0929500057828,qwen2.5:3b-instruct-q8_0,spark,128,True,measure,etri-ser0003-cg0ms0,1789044144.5083666,,i2048-o128-c1-0,llama-spark-5458cd78f4-dtcqm,False,workload,etri-ser0003-cg0ms0,1789044144.5121748,"{""cache_n"": 0, ""prompt_n"": 2048, ""prompt_ms"": 599.995, ""prompt_per_token_ms"": 0.29296630859375, ""prompt_per_second"": 3413.361778014817, ""predicted_n"": 128, ""predicted_ms"": 1987.799, ""predicted_per_token_ms"": 15.651960629921259, ""predicted_per_second"": 63.889759477693666}",ok,limit,2175,601.4153959986288,True
512,128,1,False,i512-o128-c8,1789044151.2193887,8,66.3687216234521,False,1789044149.305954,0.3266334533691406,True,512,2052.340367998113,qwen2.5:3b-instruct-q8_0,spark,128,True,measure,etri-ser0003-cg0ms0,1789044149.1667216,,i512-o128-c8-1,llama-spark-5458cd78f4-dtcqm,False,workload,etri-ser0003-cg0ms0,1789044149.1670482,"{""cache_n"": 0, ""prompt_n"": 512, ""prompt_ms"": 137.546, ""prompt_per_token_ms"": 0.26864453125, ""prompt_per_second"": 3722.391054628997, ""predicted_n"": 128, ""predicted_ms"": 1913.552, ""predicted_per_token_ms"": 15.067338582677165, ""predicted_per_second"": 66.3687216234521}",ok,limit,639,138.90587400237564,True
512,128,1,False,i512-o128-c8,1789044153.2850597,8,65.8564764399752,False,1789044151.3555667,0.79345703125,True,512,4117.54381499486,qwen2.5:3b-instruct-q8_0,spark,128,True,measure,etri-ser0003-cg0ms0,1789044149.1667216,,i512-o128-c8-2,llama-spark-5458cd78f4-dtcqm,False,workload,etri-ser0003-cg0ms0,1789044149.167515,"{""cache_n"": 0, ""prompt_n"": 512, ""prompt_ms"": 135.878, ""prompt_per_token_ms"": 0.26538671875, ""prompt_per_second"": 3768.086077216327, ""predicted_n"": 128, ""predicted_ms"": 1928.436, ""predicted_per_token_ms"": 15.184535433070865, ""predicted_per_second"": 65.8564764399752}",ok,limit,639,2188.05160500051,True
512,128,1,False,i512-o128-c8,1789044155.3334825,8,66.44841588546177,False,1789044153.4216652,0.15234947204589844,True,512,6166.608043000451,qwen2.5:3b-instruct-q8_0,spark,128,True,measure,etri-ser0003-cg0ms0,1789044149.1667216,,i512-o128-c8-0,llama-spark-5458cd78f4-dtcqm,False,workload,etri-ser0003-cg0ms0,1789044149.166874,"{""cache_n"": 0, ""prompt_n"": 512, ""prompt_ms"": 136.843, ""prompt_per_token_ms"": 0.267271484375, ""prompt_per_second"": 3741.5139977930917, ""predicted_n"": 128, ""predicted_ms"": 1911.257, ""predicted_per_token_ms"": 15.049267716535434, ""predicted_per_second"": 66.44841588546177}",ok,limit,639,4254.791130006197,True
512,128,1,False,i512-o128-c8,1789044157.3873265,8,66.19896489838979,False,1789044155.4681575,1.1222362518310547,True,512,8219.482057000278,qwen2.5:3b-instruct-q8_0,spark,128,True,measure,etri-ser0003-cg0ms0,1789044149.1667216,,i512-o128-c8-3,llama-spark-5458cd78f4-dtcqm,False,workload,etri-ser0003-cg0ms0,1789044149.1678438,"{""cache_n"": 0, ""prompt_n"": 512, ""prompt_ms"": 135.107, ""prompt_per_token_ms"": 0.263880859375, ""prompt_per_second"": 3789.5889924282237, ""predicted_n"": 128, ""predicted_ms"": 1918.459, ""predicted_per_token_ms"": 15.105976377952757, ""predicted_per_second"": 66.19896489838979}",ok,limit,639,6300.313441999606,True
512,128,1,False,i512-o128-c8,1789044159.4310412,8,66.52586232184689,False,1789044157.5226424,2.0537376403808594,True,512,10262.265651996131,qwen2.5:3b-instruct-q8_0,spark,128,True,measure,etri-ser0003-cg0ms0,1789044149.1667216,,i512-o128-c8-4,llama-spark-5458cd78f4-dtcqm,False,workload,etri-ser0003-cg0ms0,1789044149.1687753,"{""cache_n"": 0, ""prompt_n"": 512, ""prompt_ms"": 135.215, ""prompt_per_token_ms"": 0.264091796875, ""prompt_per_second"": 3786.5621417742113, ""predicted_n"": 128, ""predicted_ms"": 1909.032, ""predicted_per_token_ms"": 15.031748031496063, ""predicted_per_second"": 66.52586232184689}",ok,limit,639,8353.866831006599,True
512,128,1,False,i512-o128-c8,1789044161.4829004,8,66.49183328455521,False,1789044159.5715582,2.882242202758789,True,512,12313.296596999862,qwen2.5:3b-instruct-q8_0,spark,128,True,measure,etri-ser0003-cg0ms0,1789044149.1667216,,i512-o128-c8-6,llama-spark-5458cd78f4-dtcqm,False,workload,etri-ser0003-cg0ms0,1789044149.1696038,"{""cache_n"": 0, ""prompt_n"": 512, ""prompt_ms"": 139.802, ""prompt_per_token_ms"": 0.27305078125, ""prompt_per_second"": 3662.322427433084, ""predicted_n"": 128, ""predicted_ms"": 1910.009, ""predicted_per_token_ms"": 15.039440944881889, ""predicted_per_second"": 66.49183328455521}",ok,limit,639,10401.954409011523,True
512,128,1,False,i512-o128-c8,1789044163.5351403,8,66.25574194692759,False,1789044161.6189663,2.4902820587158203,True,512,14365.928063998581,qwen2.5:3b-instruct-q8_0,spark,128,True,measure,etri-ser0003-cg0ms0,1789044149.1667216,,i512-o128-c8-5,llama-spark-5458cd78f4-dtcqm,False,workload,etri-ser0003-cg0ms0,1789044149.1692119,"{""cache_n"": 0, ""prompt_n"": 512, ""prompt_ms"": 136.794, ""prompt_per_token_ms"": 0.26717578125, ""prompt_per_second"": 3742.854218752284, ""predicted_n"": 128, ""predicted_ms"": 1916.815, ""predicted_per_token_ms"": 15.093031496062993, ""predicted_per_second"": 66.25574194692759}",ok,limit,639,12449.754300003406,True
512,128,1,False,i512-o128-c8,1789044165.5983589,8,65.953092291226,False,1789044163.672601,3.1311511993408203,True,512,16428.505953008425,qwen2.5:3b-instruct-q8_0,spark,128,True,measure,etri-ser0003-cg0ms0,1789044149.1667216,,i512-o128-c8-7,llama-spark-5458cd78f4-dtcqm,False,workload,etri-ser0003-cg0ms0,1789044149.1698527,"{""cache_n"": 0, ""prompt_n"": 512, ""prompt_ms"": 137.861, ""prompt_per_token_ms"": 0.269259765625, ""prompt_per_second"": 3713.8857254771115, ""predicted_n"": 128, ""predicted_ms"": 1925.611, ""predicted_per_token_ms"": 15.162291338582678, ""predicted_per_second"": 65.953092291226}",ok,limit,639,14502.748423008597,True
512,128,1,False,i512-o128-c2,1789044169.6967883,2,65.59334604570255,False,1789044167.761046,0.3688335418701172,True,512,2076.452399996924,qwen2.5:3b-instruct-q8_0,spark,128,True,measure,etri-ser0003-cg0ms0,1789044167.619967,,i512-o128-c2-1,llama-spark-5458cd78f4-dtcqm,False,workload,etri-ser0003-cg0ms0,1789044167.6203358,"{""cache_n"": 0, ""prompt_n"": 512, ""prompt_ms"": 138.896, ""prompt_per_token_ms"": 0.27128125, ""prompt_per_second"": 3686.211265983182, ""predicted_n"": 128, ""predicted_ms"": 1936.172, ""predicted_per_token_ms"": 15.245448818897637, ""predicted_per_second"": 65.59334604570255}",ok,limit,639,140.7103920064401,True
512,128,1,False,i512-o128-c2,1789044171.7536535,2,66.12971421549331,False,1789044169.8338108,0.1914501190185547,True,512,4133.494335997966,qwen2.5:3b-instruct-q8_0,spark,128,True,measure,etri-ser0003-cg0ms0,1789044167.619967,,i512-o128-c2-0,llama-spark-5458cd78f4-dtcqm,False,workload,etri-ser0003-cg0ms0,1789044167.6201584,"{""cache_n"": 0, ""prompt_n"": 512, ""prompt_ms"": 136.446, ""prompt_per_token_ms"": 0.26649609375, ""prompt_per_second"": 3752.4002169356377, ""predicted_n"": 128, ""predicted_ms"": 1920.468, ""predicted_per_token_ms"": 15.121795275590552, ""predicted_per_second"": 66.12971421549331}",ok,limit,639,2213.6522979999427,True
512,128,1,False,i512-o128-c1,1789044177.8667762,1,64.97077594034967,False,1789044175.9121902,0.29206275939941406,True,512,2097.6413109892746,qwen2.5:3b-instruct-q8_0,spark,128,True,measure,etri-ser0003-cg0ms0,1789044175.7688427,,i512-o128-c1-0,llama-spark-5458cd78f4-dtcqm,False,workload,etri-ser0003-cg0ms0,1789044175.7691348,"{""cache_n"": 0, ""prompt_n"": 512, ""prompt_ms"": 141.284, ""prompt_per_token_ms"": 0.2759453125, ""prompt_per_second"": 3623.906457914555, ""predicted_n"": 128, ""predicted_ms"": 1954.725, ""predicted_per_token_ms"": 15.391535433070866, ""predicted_per_second"": 64.97077594034967}",ok,limit,639,143.05525699455757,True
512,128,1,False,i512-o128-c4,1789044181.979727,4,65.571976086365,False,1789044180.0430849,0.16760826110839844,True,512,2077.1299290063325,qwen2.5:3b-instruct-q8_0,spark,128,True,measure,etri-ser0003-cg0ms0,1789044179.9024293,,i512-o128-c4-0,llama-spark-5458cd78f4-dtcqm,False,workload,etri-ser0003-cg0ms0,1789044179.902597,"{""cache_n"": 0, ""prompt_n"": 512, ""prompt_ms"": 138.644, ""prompt_per_token_ms"": 0.2707890625, ""prompt_per_second"": 3692.9113412769393, ""predicted_n"": 128, ""predicted_ms"": 1936.803, ""predicted_per_token_ms"": 15.250417322834647, ""predicted_per_second"": 65.571976086365}",ok,limit,639,140.4878989997087,True
512,128,1,False,i512-o128-c4,1789044184.0424523,4,65.99829963435903,False,1789044182.117415,0.2551078796386719,True,512,4139.767695000046,qwen2.5:3b-instruct-q8_0,spark,128,True,measure,etri-ser0003-cg0ms0,1789044179.9024293,,i512-o128-c4-1,llama-spark-5458cd78f4-dtcqm,False,workload,etri-ser0003-cg0ms0,1789044179.9026845,"{""cache_n"": 0, ""prompt_n"": 512, ""prompt_ms"": 137.666, ""prompt_per_token_ms"": 0.26887890625, ""prompt_per_second"": 3719.146339691718, ""predicted_n"": 128, ""predicted_ms"": 1924.292, ""predicted_per_token_ms"": 15.151905511811023, ""predicted_per_second"": 65.99829963435903}",ok,limit,639,2214.7304699901724,True
512,128,1,False,i512-o128-c4,1789044186.1066282,4,65.91017014684473,False,1789044184.1796653,0.6568431854248047,True,512,6203.5419500025455,qwen2.5:3b-instruct-q8_0,spark,128,True,measure,etri-ser0003-cg0ms0,1789044179.9024293,,i512-o128-c4-3,llama-spark-5458cd78f4-dtcqm,False,workload,etri-ser0003-cg0ms0,1789044179.9030862,"{""cache_n"": 0, ""prompt_n"": 512, ""prompt_ms"": 137.108, ""prompt_per_token_ms"": 0.2677890625, ""prompt_per_second"": 3734.2824634594626, ""predicted_n"": 128, ""predicted_ms"": 1926.865, ""predicted_per_token_ms"": 15.172165354330708, ""predicted_per_second"": 65.91017014684473}",ok,limit,639,4276.579484998365,True
512,128,1,False,i512-o128-c4,1789044188.1721287,4,65.88575617393633,False,1789044186.2444448,0.5273818969726562,True,512,8269.171670006472,qwen2.5:3b-instruct-q8_0,spark,128,True,measure,etri-ser0003-cg0ms0,1789044179.9024293,,i512-o128-c4-2,llama-spark-5458cd78f4-dtcqm,False,workload,etri-ser0003-cg0ms0,1789044179.9029567,"{""cache_n"": 0, ""prompt_n"": 512, ""prompt_ms"": 138.014, ""prompt_per_token_ms"": 0.26955859375, ""prompt_per_second"": 3709.768574202617, ""predicted_n"": 128, ""predicted_ms"": 1927.579, ""predicted_per_token_ms"": 15.177787401574802, ""predicted_per_second"": 65.88575617393633}",ok,limit,639,6341.488108999329,True
128,64,1,False,i128-o64-c1,1789044193.1665282,1,66.27170135236348,False,1789044192.2156196,0.1995563507080078,True,128,987.7130509994458,qwen2.5:3b-instruct-q8_0,spark,64,True,measure,etri-ser0003-cg0ms0,1789044192.1786149,,i128-o64-c1-0,llama-spark-5458cd78f4-dtcqm,False,workload,etri-ser0003-cg0ms0,1789044192.1788144,"{""cache_n"": 0, ""prompt_n"": 128, ""prompt_ms"": 35.865, ""prompt_per_token_ms"": 0.2801953125, ""prompt_per_second"": 3568.93907709466, ""predicted_n"": 64, ""predicted_ms"": 950.632, ""predicted_per_token_ms"": 15.089396825396825, ""predicted_per_second"": 66.27170135236348}",ok,limit,191,36.80436000286136,True
512,256,1,False,i512-o256-c1,1789044199.2065952,1,65.59340423594489,False,1789044195.3183455,0.16999244689941406,True,512,4027.8790400043363,qwen2.5:3b-instruct-q8_0,spark,256,True,measure,etri-ser0003-cg0ms0,1789044195.1785452,,i512-o256-c1-0,llama-spark-5458cd78f4-dtcqm,False,workload,etri-ser0003-cg0ms0,1789044195.1787152,"{""cache_n"": 0, ""prompt_n"": 512, ""prompt_ms"": 138.52, ""prompt_per_token_ms"": 0.270546875, ""prompt_per_second"": 3696.2171527577243, ""predicted_n"": 256, ""predicted_ms"": 3887.586, ""predicted_per_token_ms"": 15.245435294117646, ""predicted_per_second"": 65.59340423594489}",ok,limit,767,139.62945599632803,True
512,128,2,False,,1789044701.4783785,,66.04356899446846,False,1789044699.555367,0.00095367431640625,True,512,2261.7000180034665,qwen2.5:3b-instruct-q8_0,spark,128,True,warmup,etri-ser0003-cg0ms0,1789044699.2166774,,warmup,llama-spark-5458cd78f4-dtcqm,False,workload,etri-ser0003-cg0ms0,1789044699.2166784,"{""cache_n"": 0, ""prompt_n"": 512, ""prompt_ms"": 336.663, ""prompt_per_token_ms"": 0.657544921875, ""prompt_per_second"": 1520.8086424703636, ""predicted_n"": 128, ""predicted_ms"": 1922.973, ""predicted_per_token_ms"": 15.14151968503937, ""predicted_per_second"": 66.04356899446846}",ok,limit,639,338.688251998974,True
128,64,2,False,i128-o64-c1,1789044704.4671023,1,67.09115131610476,False,1789044703.5279715,5.8612823486328125,True,128,976.8412380071823,qwen2.5:3b-instruct-q8_0,spark,64,True,measure,etri-ser0003-cg0ms0,1789044703.484398,,i128-o64-c1-0,llama-spark-5458cd78f4-dtcqm,False,workload,etri-ser0003-cg0ms0,1789044703.4902592,"{""cache_n"": 0, ""prompt_n"": 128, ""prompt_ms"": 35.527, ""prompt_per_token_ms"": 0.2775546875, ""prompt_per_second"": 3602.8935739015396, ""predicted_n"": 64, ""predicted_ms"": 939.021, ""predicted_per_token_ms"": 14.905095238095237, ""predicted_per_second"": 67.09115131610476}",ok,limit,191,37.71075401164126,True
512,128,2,False,i512-o128-c4,1789044708.6256702,4,64.22526379136397,False,1789044706.648531,0.5300045013427734,True,512,2116.804730001604,qwen2.5:3b-instruct-q8_0,spark,128,True,measure,etri-ser0003-cg0ms0,1789044706.5083354,,i512-o128-c4-1,llama-spark-5458cd78f4-dtcqm,False,workload,etri-ser0003-cg0ms0,1789044706.5088654,"{""cache_n"": 0, ""prompt_n"": 512, ""prompt_ms"": 137.331, ""prompt_per_token_ms"": 0.268224609375, ""prompt_per_second"": 3728.2186833271444, ""predicted_n"": 128, ""predicted_ms"": 1977.415, ""predicted_per_token_ms"": 15.570196850393701, ""predicted_per_second"": 64.22526379136397}",ok,limit,639,139.66569700278342,True
512,128,2,False,i512-o128-c4,1789044710.7349193,4,64.38758282930192,False,1789044708.7618082,1.2295246124267578,True,512,4225.354323993088,qwen2.5:3b-instruct-q8_0,spark,128,True,measure,etri-ser0003-cg0ms0,1789044706.5083354,,i512-o128-c4-2,llama-spark-5458cd78f4-dtcqm,False,workload,etri-ser0003-cg0ms0,1789044706.5095649,"{""cache_n"": 0, ""prompt_n"": 512, ""prompt_ms"": 136.56, ""prompt_per_token_ms"": 0.26671875, ""prompt_per_second"": 3749.2677211482132, ""predicted_n"": 128, ""predicted_ms"": 1972.43, ""predicted_per_token_ms"": 15.530944881889765, ""predicted_per_second"": 64.38758282930192}",ok,limit,639,2252.2432730038418,True
512,128,2,False,i512-o128-c4,1789044712.834736,4,64.70569354058856,False,1789044710.8716562,0.22220611572265625,True,512,6326.177790004294,qwen2.5:3b-instruct-q8_0,spark,128,True,measure,etri-ser0003-cg0ms0,1789044706.5083354,,i512-o128-c4-0,llama-spark-5458cd78f4-dtcqm,False,workload,etri-ser0003-cg0ms0,1789044706.5085576,"{""cache_n"": 0, ""prompt_n"": 512, ""prompt_ms"": 137.385, ""prompt_per_token_ms"": 0.268330078125, ""prompt_per_second"": 3726.753284565273, ""predicted_n"": 128, ""predicted_ms"": 1962.733, ""predicted_per_token_ms"": 15.454590551181102, ""predicted_per_second"": 64.70569354058856}",ok,limit,639,4363.098068002728,True
512,128,2,False,i512-o128-c4,1789044714.938439,4,64.6526928610191,False,1789044712.9737418,1.453399658203125,True,512,8428.650012006983,qwen2.5:3b-instruct-q8_0,spark,128,True,measure,etri-ser0003-cg0ms0,1789044706.5083354,,i512-o128-c4-3,llama-spark-5458cd78f4-dtcqm,False,workload,etri-ser0003-cg0ms0,1789044706.5097888,"{""cache_n"": 0, ""prompt_n"": 512, ""prompt_ms"": 139.139, ""prompt_per_token_ms"": 0.271755859375, ""prompt_per_second"": 3679.7734639461255, ""predicted_n"": 128, ""predicted_ms"": 1964.342, ""predicted_per_token_ms"": 15.467259842519686, ""predicted_per_second"": 64.6526928610191}",ok,limit,639,6463.9531029970385,True
512,256,2,False,i512-o256-c1,1789044725.0138888,1,65.09894784782878,False,1789044721.0967422,0.23674964904785156,True,512,4056.6177629953017,qwen2.5:3b-instruct-q8_0,spark,256,True,measure,etri-ser0003-cg0ms0,1789044720.9570332,,i512-o256-c1-0,llama-spark-5458cd78f4-dtcqm,False,workload,etri-ser0003-cg0ms0,1789044720.95727,"{""cache_n"": 0, ""prompt_n"": 512, ""prompt_ms"": 138.067, ""prompt_per_token_ms"": 0.269662109375, ""prompt_per_second"": 3708.3444994097067, ""predicted_n"": 256, ""predicted_ms"": 3917.114, ""predicted_per_token_ms"": 15.36123137254902, ""predicted_per_second"": 65.09894784782878}",ok,limit,767,139.4713150075404,True
512,128,2,False,i512-o128-c2,1789044733.1077352,2,65.82384502475391,False,1789044731.1776729,0.19621849060058594,True,512,2069.4505069986917,qwen2.5:3b-instruct-q8_0,spark,128,True,measure,etri-ser0003-cg0ms0,1789044731.0380874,,i512-o128-c2-0,llama-spark-5458cd78f4-dtcqm,False,workload,etri-ser0003-cg0ms0,1789044731.0382836,"{""cache_n"": 0, ""prompt_n"": 512, ""prompt_ms"": 138.109, ""prompt_per_token_ms"": 0.269744140625, ""prompt_per_second"": 3707.2167635708024, ""predicted_n"": 128, ""predicted_ms"": 1929.392, ""predicted_per_token_ms"": 15.192062992125985, ""predicted_per_second"": 65.82384502475391}",ok,limit,639,139.38857900211588,True
512,128,2,False,i512-o128-c2,1789044735.1954126,2,65.12459822738023,False,1789044733.2455869,0.3695487976074219,True,512,4156.955505997757,qwen2.5:3b-instruct-q8_0,spark,128,True,measure,etri-ser0003-cg0ms0,1789044731.0380874,,i512-o128-c2-1,llama-spark-5458cd78f4-dtcqm,False,workload,etri-ser0003-cg0ms0,1789044731.038457,"{""cache_n"": 0, ""prompt_n"": 512, ""prompt_ms"": 137.851, ""prompt_per_token_ms"": 0.269240234375, ""prompt_per_second"": 3714.1551385191256, ""predicted_n"": 128, ""predicted_ms"": 1950.108, ""predicted_per_token_ms"": 15.355181102362204, ""predicted_per_second"": 65.12459822738023}",ok,limit,639,2207.129934002296,True
512,128,2,False,i512-o128-c8,1789044743.3225167,8,66.16351139653459,False,1789044741.40231,0.9937286376953125,True,512,2057.9688209982123,qwen2.5:3b-instruct-q8_0,spark,128,True,measure,etri-ser0003-cg0ms0,1789044741.263554,,i512-o128-c8-4,llama-spark-5458cd78f4-dtcqm,False,workload,etri-ser0003-cg0ms0,1789044741.2645478,"{""cache_n"": 0, ""prompt_n"": 512, ""prompt_ms"": 135.764, ""prompt_per_token_ms"": 0.2651640625, ""prompt_per_second"": 3771.250110485843, ""predicted_n"": 128, ""predicted_ms"": 1919.487, ""predicted_per_token_ms"": 15.114070866141732, ""predicted_per_second"": 66.16351139653459}",ok,limit,639,137.76200400025118,True
512,128,2,False,i512-o128-c8,1789044745.3738577,8,66.3298641595719,False,1789044743.4582443,2.0875930786132812,True,512,4108.215898013441,qwen2.5:3b-instruct-q8_0,spark,128,True,measure,etri-ser0003-cg0ms0,1789044741.263554,,i512-o128-c8-7,llama-spark-5458cd78f4-dtcqm,False,workload,etri-ser0003-cg0ms0,1789044741.2656417,"{""cache_n"": 0, ""prompt_n"": 512, ""prompt_ms"": 135.809, ""prompt_per_token_ms"": 0.265251953125, ""prompt_per_second"": 3770.0005154297583, ""predicted_n"": 128, ""predicted_ms"": 1914.673, ""predicted_per_token_ms"": 15.076165354330708, ""predicted_per_second"": 66.3298641595719}",ok,limit,639,2192.602616007207,True
512,128,2,False,i512-o128-c8,1789044747.4367194,8,65.93970307403627,False,1789044745.510543,0.16832351684570312,True,512,6172.995785003877,qwen2.5:3b-instruct-q8_0,spark,128,True,measure,etri-ser0003-cg0ms0,1789044741.263554,,i512-o128-c8-0,llama-spark-5458cd78f4-dtcqm,False,workload,etri-ser0003-cg0ms0,1789044741.2637224,"{""cache_n"": 0, ""prompt_n"": 512, ""prompt_ms"": 137.929, ""prompt_per_token_ms"": 0.269392578125, ""prompt_per_second"": 3712.054752807604, ""predicted_n"": 128, ""predicted_ms"": 1926.002, ""predicted_per_token_ms"": 15.165370078740157, ""predicted_per_second"": 65.93970307403627}",ok,limit,639,4246.819806998246,True
512,128,2,False,i512-o128-c8,1789044749.4841268,8,66.51345876270302,False,1789044747.5745623,1.2443065643310547,True,512,8219.32816199842,qwen2.5:3b-instruct-q8_0,spark,128,True,measure,etri-ser0003-cg0ms0,1789044741.263554,,i512-o128-c8-5,llama-spark-5458cd78f4-dtcqm,False,workload,etri-ser0003-cg0ms0,1789044741.2647984,"{""cache_n"": 0, ""prompt_n"": 512, ""prompt_ms"": 137.62, ""prompt_per_token_ms"": 0.2687890625, ""prompt_per_second"": 3720.3894782735065, ""predicted_n"": 128, ""predicted_ms"": 1909.388, ""predicted_per_token_ms"": 15.034551181102362, ""predicted_per_second"": 66.51345876270302}",ok,limit,639,6309.763788987766,True
512,128,2,False,i512-o128-c8,1789044751.54385,8,66.07188100402206,False,1789044749.6211796,0.2613067626953125,True,512,10280.03377999994,qwen2.5:3b-instruct-q8_0,spark,128,True,measure,etri-ser0003-cg0ms0,1789044741.263554,,i512-o128-c8-1,llama-spark-5458cd78f4-dtcqm,False,workload,etri-ser0003-cg0ms0,1789044741.2638154,"{""cache_n"": 0, ""prompt_n"": 512, ""prompt_ms"": 137.101, ""prompt_per_token_ms"": 0.267775390625, ""prompt_per_second"": 3734.4731256518917, ""predicted_n"": 128, ""predicted_ms"": 1922.149, ""predicted_per_token_ms"": 15.135031496062991, ""predicted_per_second"": 66.07188100402206}",ok,limit,639,8357.36373400141,True
512,128,2,False,i512-o128-c8,1789044753.6092532,8,65.836026821701,False,1789044751.6804447,0.38051605224609375,True,512,12345.318332998431,qwen2.5:3b-instruct-q8_0,spark,128,True,measure,etri-ser0003-cg0ms0,1789044741.263554,,i512-o128-c8-2,llama-spark-5458cd78f4-dtcqm,False,workload,etri-ser0003-cg0ms0,1789044741.2639346,"{""cache_n"": 0, ""prompt_n"": 512, ""prompt_ms"": 136.514, ""prompt_per_token_ms"": 0.26662890625, ""prompt_per_second"": 3750.5310810612827, ""predicted_n"": 128, ""predicted_ms"": 1929.035, ""predicted_per_token_ms"": 15.189251968503937, ""predicted_per_second"": 65.836026821701}",ok,limit,639,10416.51016799733,True
512,128,2,False,i512-o128-c8,1789044755.6636808,8,66.24706713279564,False,1789044753.7461038,1.7771720886230469,True,512,14398.349059003522,qwen2.5:3b-instruct-q8_0,spark,128,True,measure,etri-ser0003-cg0ms0,1789044741.263554,,i512-o128-c8-6,llama-spark-5458cd78f4-dtcqm,False,workload,etri-ser0003-cg0ms0,1789044741.2653313,"{""cache_n"": 0, ""prompt_n"": 512, ""prompt_ms"": 137.108, ""prompt_per_token_ms"": 0.2677890625, ""prompt_per_second"": 3734.2824634594626, ""predicted_n"": 128, ""predicted_ms"": 1917.066, ""predicted_per_token_ms"": 15.095007874015748, ""predicted_per_second"": 66.24706713279564}",ok,limit,639,12480.772177004837,True
512,128,2,False,i512-o128-c8,1789044757.7309499,8,65.8051545643906,False,1789044755.8009787,0.7505416870117188,True,512,16466.645041989977,qwen2.5:3b-instruct-q8_0,spark,128,True,measure,etri-ser0003-cg0ms0,1789044741.263554,,i512-o128-c8-3,llama-spark-5458cd78f4-dtcqm,False,workload,etri-ser0003-cg0ms0,1789044741.2643046,"{""cache_n"": 0, ""prompt_n"": 512, ""prompt_ms"": 137.407, ""prompt_per_token_ms"": 0.268373046875, ""prompt_per_second"": 3726.1566004643137, ""predicted_n"": 128, ""predicted_ms"": 1929.94, ""predicted_per_token_ms"": 15.196377952755906, ""predicted_per_second"": 65.8051545643906}",ok,limit,639,14536.674151997431,True
2048,128,2,False,i2048-o128-c1,1789044776.3804111,1,63.24137439939367,False,1789044774.3720887,0.2460479736328125,True,2048,2610.2230419928674,qwen2.5:3b-instruct-q8_0,spark,128,True,measure,etri-ser0003-cg0ms0,1789044773.7699416,,i2048-o128-c1-0,llama-spark-5458cd78f4-dtcqm,False,workload,etri-ser0003-cg0ms0,1789044773.7701876,"{""cache_n"": 0, ""prompt_n"": 2048, ""prompt_ms"": 600.122, ""prompt_per_token_ms"": 0.2930283203125, ""prompt_per_second"": 3412.6394299825706, ""predicted_n"": 128, ""predicted_ms"": 2008.179, ""predicted_per_token_ms"": 15.812433070866142, ""predicted_per_second"": 63.24137439939367}",ok,limit,2175,601.9005819980521,True
512,128,2,False,i512-o128-c1,1789044784.462629,1,65.87160845500995,False,1789044782.5346398,0.5476474761962891,True,512,2068.773925988353,qwen2.5:3b-instruct-q8_0,spark,128,True,measure,etri-ser0003-cg0ms0,1789044782.393307,,i512-o128-c1-0,llama-spark-5458cd78f4-dtcqm,False,workload,etri-ser0003-cg0ms0,1789044782.3938546,"{""cache_n"": 0, ""prompt_n"": 512, ""prompt_ms"": 139.001, ""prompt_per_token_ms"": 0.271486328125, ""prompt_per_second"": 3683.426737937137, ""predicted_n"": 128, ""predicted_ms"": 1927.993, ""predicted_per_token_ms"": 15.181047244094488, ""predicted_per_second"": 65.87160845500995}",ok,limit,639,140.78468098887242,True
512,128,0,False,,1789043541.9582858,,72.07207207207206,False,1789043540.1958487,0.0007152557373046875,True,512,3528.6082480015466,gemma2:2b-instruct-q8_0,spark,128,True,warmup,etri-ser0003-cg0ms0,1789043538.429675,,warmup,llama-spark-5458cd78f4-dtcqm,False,workload,etri-ser0003-cg0ms0,1789043538.4296758,"{""cache_n"": 0, ""prompt_n"": 512, ""prompt_ms"": 1764.961, ""prompt_per_token_ms"": 3.447189453125, ""prompt_per_second"": 290.0913957872157, ""predicted_n"": 128, ""predicted_ms"": 1762.125, ""predicted_per_token_ms"": 13.875, ""predicted_per_second"": 72.07207207207206}",ok,limit,639,1766.1712150002131,True
128,64,0,False,i128-o64-c1,1789043542.937272,1,74.20984187414012,False,1789043542.0876665,5.763530731201172,True,128,969.2560199910076,gemma2:2b-instruct-q8_0,spark,64,True,measure,etri-ser0003-cg0ms0,1789043541.9622505,,i128-o64-c1-0,llama-spark-5458cd78f4-dtcqm,False,workload,etri-ser0003-cg0ms0,1789043541.968014,"{""cache_n"": 0, ""prompt_n"": 128, ""prompt_ms"": 118.381, ""prompt_per_token_ms"": 0.9248515625, ""prompt_per_second"": 1081.2545932201958, ""predicted_n"": 64, ""predicted_ms"": 848.944, ""predicted_per_token_ms"": 13.475301587301587, ""predicted_per_second"": 74.20984187414012}",ok,limit,191,119.65059000067413,True
512,128,0,False,i512-o128-c8,1789043544.9733799,8,74.61888551112762,False,1789043543.2714105,0.4546642303466797,True,512,1965.2014710009098,gemma2:2b-instruct-q8_0,spark,128,True,measure,etri-ser0003-cg0ms0,1789043543.0077229,,i512-o128-c8-0,llama-spark-5458cd78f4-dtcqm,False,workload,etri-ser0003-cg0ms0,1789043543.0081775,"{""cache_n"": 0, ""prompt_n"": 512, ""prompt_ms"": 260.042, ""prompt_per_token_ms"": 0.50789453125, ""prompt_per_second"": 1968.9127141000301, ""predicted_n"": 128, ""predicted_ms"": 1701.982, ""predicted_per_token_ms"": 13.401433070866142, ""predicted_per_second"": 74.61888551112762}",ok,limit,639,263.23235100426245,True
512,128,0,False,i512-o128-c8,1789043546.9292247,8,74.82516246487047,False,1789043545.2315946,1.9316673278808594,True,512,3919.570156998816,gemma2:2b-instruct-q8_0,spark,128,True,measure,etri-ser0003-cg0ms0,1789043543.0077229,,i512-o128-c8-3,llama-spark-5458cd78f4-dtcqm,False,workload,etri-ser0003-cg0ms0,1789043543.0096545,"{""cache_n"": 0, ""prompt_n"": 512, ""prompt_ms"": 258.694, ""prompt_per_token_ms"": 0.50526171875, ""prompt_per_second"": 1979.1723039575713, ""predicted_n"": 128, ""predicted_ms"": 1697.29, ""predicted_per_token_ms"": 13.364488188976377, ""predicted_per_second"": 74.82516246487047}",ok,limit,639,2221.9400049943943,True
512,128,0,False,i512-o128-c8,1789043548.8795455,8,75.08590537047503,False,1789043547.1878886,2.6421546936035156,True,512,5869.18006799533,gemma2:2b-instruct-q8_0,spark,128,True,measure,etri-ser0003-cg0ms0,1789043543.0077229,,i512-o128-c8-6,llama-spark-5458cd78f4-dtcqm,False,workload,etri-ser0003-cg0ms0,1789043543.010365,"{""cache_n"": 0, ""prompt_n"": 512, ""prompt_ms"": 258.445, ""prompt_per_token_ms"": 0.504775390625, ""prompt_per_second"": 1981.0791464334773, ""predicted_n"": 128, ""predicted_ms"": 1691.396, ""predicted_per_token_ms"": 13.31807874015748, ""predicted_per_second"": 75.08590537047503}",ok,limit,639,4177.523716993164,True
512,128,0,False,i512-o128-c8,1789043550.8236344,8,75.35200362164275,False,1789043549.1371334,2.330780029296875,True,512,7813.580690999515,gemma2:2b-instruct-q8_0,spark,128,True,measure,etri-ser0003-cg0ms0,1789043543.0077229,,i512-o128-c8-5,llama-spark-5458cd78f4-dtcqm,False,workload,etri-ser0003-cg0ms0,1789043543.0100536,"{""cache_n"": 0, ""prompt_n"": 512, ""prompt_ms"": 258.246, ""prompt_per_token_ms"": 0.50438671875, ""prompt_per_second"": 1982.6057325186064, ""predicted_n"": 128, ""predicted_ms"": 1685.423, ""predicted_per_token_ms"": 13.271047244094488, ""predicted_per_second"": 75.35200362164275}",ok,limit,639,6127.079819998471,True
512,128,0,False,i512-o128-c8,1789043552.7619367,8,75.63692844984794,False,1789043551.0826783,0.804901123046875,True,512,9753.408698001294,gemma2:2b-instruct-q8_0,spark,128,True,measure,etri-ser0003-cg0ms0,1789043543.0077229,,i512-o128-c8-1,llama-spark-5458cd78f4-dtcqm,False,workload,etri-ser0003-cg0ms0,1789043543.0085278,"{""cache_n"": 0, ""prompt_n"": 512, ""prompt_ms"": 259.28, ""prompt_per_token_ms"": 0.50640625, ""prompt_per_second"": 1974.699166923789, ""predicted_n"": 128, ""predicted_ms"": 1679.074, ""predicted_per_token_ms"": 13.221055118110236, ""predicted_per_second"": 75.63692844984794}",ok,limit,639,8074.150397995254,True
512,128,0,False,i512-o128-c8,1789043554.6835089,8,76.28305699245337,False,1789043553.018025,3.281831741333008,True,512,11672.503619003692,gemma2:2b-instruct-q8_0,spark,128,True,measure,etri-ser0003-cg0ms0,1789043543.0077229,,i512-o128-c8-7,llama-spark-5458cd78f4-dtcqm,False,workload,etri-ser0003-cg0ms0,1789043543.0110047,"{""cache_n"": 0, ""prompt_n"": 512, ""prompt_ms"": 257.029, ""prompt_per_token_ms"": 0.502009765625, ""prompt_per_second"": 1991.9931213987527, ""predicted_n"": 128, ""predicted_ms"": 1664.852, ""predicted_per_token_ms"": 13.109070866141733, ""predicted_per_second"": 76.28305699245337}",ok,limit,639,10007.019946991932,True
512,128,0,False,i512-o128-c8,1789043556.6342063,8,75.13601393388504,False,1789043554.943473,1.5184879302978516,True,512,13624.96436299989,gemma2:2b-instruct-q8_0,spark,128,True,measure,etri-ser0003-cg0ms0,1789043543.0077229,,i512-o128-c8-2,llama-spark-5458cd78f4-dtcqm,False,workload,etri-ser0003-cg0ms0,1789043543.0092413,"{""cache_n"": 0, ""prompt_n"": 512, ""prompt_ms"": 260.157, ""prompt_per_token_ms"": 0.508119140625, ""prompt_per_second"": 1968.042374412374, ""predicted_n"": 128, ""predicted_ms"": 1690.268, ""predicted_per_token_ms"": 13.3091968503937, ""predicted_per_second"": 75.13601393388504}",ok,limit,639,11934.231759994873,True
512,128,0,False,i512-o128-c8,1789043558.5775418,8,75.34149869071899,False,1789043556.8920887,2.1164417266845703,True,512,15567.70250100817,gemma2:2b-instruct-q8_0,spark,128,True,measure,etri-ser0003-cg0ms0,1789043543.0077229,,i512-o128-c8-4,llama-spark-5458cd78f4-dtcqm,False,workload,etri-ser0003-cg0ms0,1789043543.0098393,"{""cache_n"": 0, ""prompt_n"": 512, ""prompt_ms"": 258.11, ""prompt_per_token_ms"": 0.50412109375, ""prompt_per_second"": 1983.6503816202394, ""predicted_n"": 128, ""predicted_ms"": 1685.658, ""predicted_per_token_ms"": 13.272897637795275, ""predicted_per_second"": 75.34149869071899}",ok,limit,639,13882.249489004607,True
2048,128,0,False,i2048-o128-c1,1789043561.0085092,1,71.82461672800979,False,1789043559.2402127,0.5540847778320312,True,2048,2379.238018998876,gemma2:2b-instruct-q8_0,spark,128,True,measure,etri-ser0003-cg0ms0,1789043558.628716,,i2048-o128-c1-0,llama-spark-5458cd78f4-dtcqm,False,workload,etri-ser0003-cg0ms0,1789043558.62927,"{""cache_n"": 0, ""prompt_n"": 2048, ""prompt_ms"": 609.272, ""prompt_per_token_ms"": 0.29749609375, ""prompt_per_second"": 3361.38867369582, ""predicted_n"": 128, ""predicted_ms"": 1768.196, ""predicted_per_token_ms"": 13.922803149606299, ""predicted_per_second"": 71.82461672800979}",ok,limit,2175,610.9418160049245,True
512,128,0,False,i512-o128-c2,1789043562.9837403,2,76.42081028924976,False,1789043561.3224509,0.18715858459472656,True,512,1953.7049520004075,gemma2:2b-instruct-q8_0,spark,128,True,measure,etri-ser0003-cg0ms0,1789043561.0298479,,i512-o128-c2-0,llama-spark-5458cd78f4-dtcqm,False,workload,etri-ser0003-cg0ms0,1789043561.030035,"{""cache_n"": 0, ""prompt_n"": 512, ""prompt_ms"": 290.215, ""prompt_per_token_ms"": 0.566826171875, ""prompt_per_second"": 1764.2092931102804, ""predicted_n"": 128, ""predicted_ms"": 1661.851, ""predicted_per_token_ms"": 13.08544094488189, ""predicted_per_second"": 76.42081028924976}",ok,limit,639,292.4154170032125,True
512,128,0,False,i512-o128-c2,1789043564.8937624,2,76.89773932756258,False,1789043563.2420788,0.36787986755371094,True,512,3863.5465119878063,gemma2:2b-instruct-q8_0,spark,128,True,measure,etri-ser0003-cg0ms0,1789043561.0298479,,i512-o128-c2-1,llama-spark-5458cd78f4-dtcqm,False,workload,etri-ser0003-cg0ms0,1789043561.0302157,"{""cache_n"": 0, ""prompt_n"": 512, ""prompt_ms"": 258.566, ""prompt_per_token_ms"": 0.50501171875, ""prompt_per_second"": 1980.1520694909618, ""predicted_n"": 128, ""predicted_ms"": 1651.544, ""predicted_per_token_ms"": 13.00428346456693, ""predicted_per_second"": 76.89773932756258}",ok,limit,639,2211.8634069920518,True
512,256,0,False,i512-o256-c1,1789043568.5109189,1,76.22370431659321,False,1789043565.1651413,0.659942626953125,True,512,3606.932311988203,gemma2:2b-instruct-q8_0,spark,256,True,measure,etri-ser0003-cg0ms0,1789043564.9033256,,i512-o256-c1-0,llama-spark-5458cd78f4-dtcqm,False,workload,etri-ser0003-cg0ms0,1789043564.9039855,"{""cache_n"": 0, ""prompt_n"": 512, ""prompt_ms"": 259.903, ""prompt_per_token_ms"": 0.507623046875, ""prompt_per_second"": 1969.9657179793999, ""predicted_n"": 256, ""predicted_ms"": 3345.416, ""predicted_per_token_ms"": 13.11927843137255, ""predicted_per_second"": 76.22370431659321}",ok,limit,767,261.15477898565587,True
512,128,0,False,i512-o128-c4,1789043570.506791,4,75.05803700183921,False,1789043568.8138332,0.217437744140625,True,512,1955.736360992887,gemma2:2b-instruct-q8_0,spark,128,True,measure,etri-ser0003-cg0ms0,1789043568.550837,,i512-o128-c4-1,llama-spark-5458cd78f4-dtcqm,False,workload,etri-ser0003-cg0ms0,1789043568.5510545,"{""cache_n"": 0, ""prompt_n"": 512, ""prompt_ms"": 261.787, ""prompt_per_token_ms"": 0.511302734375, ""prompt_per_second"": 1955.7884845313176, ""predicted_n"": 128, ""predicted_ms"": 1692.024, ""predicted_per_token_ms"": 13.323023622047243, ""predicted_per_second"": 75.05803700183921}",ok,limit,639,262.7786219964037,True
512,128,0,False,i512-o128-c4,1789043572.464458,4,74.71498000050595,False,1789043570.7646112,0.6186962127685547,True,512,3913.002161993063,gemma2:2b-instruct-q8_0,spark,128,True,measure,etri-ser0003-cg0ms0,1789043568.550837,,i512-o128-c4-2,llama-spark-5458cd78f4-dtcqm,False,workload,etri-ser0003-cg0ms0,1789043568.5514557,"{""cache_n"": 0, ""prompt_n"": 512, ""prompt_ms"": 258.276, ""prompt_per_token_ms"": 0.5044453125, ""prompt_per_second"": 1982.3754433241957, ""predicted_n"": 128, ""predicted_ms"": 1699.793, ""predicted_per_token_ms"": 13.3841968503937, ""predicted_per_second"": 74.71498000050595}",ok,limit,639,2213.155662000645,True
512,128,0,False,i512-o128-c4,1789043574.4292083,4,74.4275234153677,False,1789043572.7229733,0.9815692901611328,True,512,5877.38979900314,gemma2:2b-instruct-q8_0,spark,128,True,measure,etri-ser0003-cg0ms0,1789043568.550837,,i512-o128-c4-3,llama-spark-5458cd78f4-dtcqm,False,workload,etri-ser0003-cg0ms0,1789043568.5518186,"{""cache_n"": 0, ""prompt_n"": 512, ""prompt_ms"": 258.216, ""prompt_per_token_ms"": 0.504328125, ""prompt_per_second"": 1982.8360752238436, ""predicted_n"": 128, ""predicted_ms"": 1706.358, ""predicted_per_token_ms"": 13.435889763779526, ""predicted_per_second"": 74.4275234153677}",ok,limit,639,4171.154905998264,True
512,128,0,False,i512-o128-c4,1789043576.3611166,4,75.94758062104789,False,1789043574.6888645,0.14781951904296875,True,512,7810.131531994557,gemma2:2b-instruct-q8_0,spark,128,True,measure,etri-ser0003-cg0ms0,1789043568.550837,,i512-o128-c4-0,llama-spark-5458cd78f4-dtcqm,False,workload,etri-ser0003-cg0ms0,1789043568.5509849,"{""cache_n"": 0, ""prompt_n"": 512, ""prompt_ms"": 259.808, ""prompt_per_token_ms"": 0.5074375, ""prompt_per_second"": 1970.6860450794434, ""predicted_n"": 128, ""predicted_ms"": 1672.206, ""predicted_per_token_ms"": 13.166976377952755, ""predicted_per_second"": 75.94758062104789}",ok,limit,639,6137.879312998848,True
512,128,0,False,i512-o128-c1,1789043578.3049939,1,76.04867833983938,False,1789043576.6346145,0.20360946655273438,True,512,1930.0259039882803,gemma2:2b-instruct-q8_0,spark,128,True,measure,etri-ser0003-cg0ms0,1789043576.3747642,,i512-o128-c1-0,llama-spark-5458cd78f4-dtcqm,False,workload,etri-ser0003-cg0ms0,1789043576.3749678,"{""cache_n"": 0, ""prompt_n"": 512, ""prompt_ms"": 258.354, ""prompt_per_token_ms"": 0.50459765625, ""prompt_per_second"": 1981.7769417156305, ""predicted_n"": 128, ""predicted_ms"": 1669.983, ""predicted_per_token_ms"": 13.149472440944882, ""predicted_per_second"": 76.04867833983938}",ok,limit,639,259.64668099186383,True
512,128,1,False,,1789044345.2059755,,73.03669317457725,False,1789044343.4666243,0.0016689300537109375,True,512,2223.6387839948293,gemma2:2b-instruct-q8_0,spark,128,True,warmup,etri-ser0003-cg0ms0,1789044342.9823337,,warmup,llama-spark-5458cd78f4-dtcqm,False,workload,etri-ser0003-cg0ms0,1789044342.9823353,"{""cache_n"": 0, ""prompt_n"": 512, ""prompt_ms"": 482.518, ""prompt_per_token_ms"": 0.94241796875, ""prompt_per_second"": 1061.1003112837243, ""predicted_n"": 128, ""predicted_ms"": 1738.852, ""predicted_per_token_ms"": 13.691748031496063, ""predicted_per_second"": 73.03669317457725}",ok,limit,639,484.28808800235856,True
2048,128,1,False,i2048-o128-c1,1789044349.7015116,1,70.28060222175246,False,1789044347.8942788,3.421783447265625,True,2048,2440.066826005932,gemma2:2b-instruct-q8_0,spark,128,True,measure,etri-ser0003-cg0ms0,1789044347.2580225,,i2048-o128-c1-0,llama-spark-5458cd78f4-dtcqm,False,workload,etri-ser0003-cg0ms0,1789044347.2614443,"{""cache_n"": 0, ""prompt_n"": 2048, ""prompt_ms"": 631.342, ""prompt_per_token_ms"": 0.3082724609375, ""prompt_per_second"": 3243.883663687827, ""predicted_n"": 128, ""predicted_ms"": 1807.042, ""predicted_per_token_ms"": 14.22867716535433, ""predicted_per_second"": 70.28060222175246}",ok,limit,2175,632.833699011826,True
512,128,1,False,i512-o128-c8,1789044353.775552,8,74.5974089441706,False,1789044352.0724382,0.44846534729003906,True,512,1994.0755179995904,gemma2:2b-instruct-q8_0,spark,128,True,measure,etri-ser0003-cg0ms0,1789044351.7810278,,i512-o128-c8-1,llama-spark-5458cd78f4-dtcqm,False,workload,etri-ser0003-cg0ms0,1789044351.7814763,"{""cache_n"": 0, ""prompt_n"": 512, ""prompt_ms"": 289.459, ""prompt_per_token_ms"": 0.565349609375, ""prompt_per_second"": 1768.8169999896359, ""predicted_n"": 128, ""predicted_ms"": 1702.472, ""predicted_per_token_ms"": 13.405291338582677, ""predicted_per_second"": 74.5974089441706}",ok,limit,639,290.96198600018397,True
512,128,1,False,i512-o128-c8,1789044355.7165217,8,75.55031264147094,False,1789044354.0357606,0.18072128295898438,True,512,3935.3119839943247,gemma2:2b-instruct-q8_0,spark,128,True,measure,etri-ser0003-cg0ms0,1789044351.7810278,,i512-o128-c8-0,llama-spark-5458cd78f4-dtcqm,False,workload,etri-ser0003-cg0ms0,1789044351.7812085,"{""cache_n"": 0, ""prompt_n"": 512, ""prompt_ms"": 260.24, ""prompt_per_token_ms"": 0.50828125, ""prompt_per_second"": 1967.4146941284966, ""predicted_n"": 128, ""predicted_ms"": 1680.999, ""predicted_per_token_ms"": 13.236212598425197, ""predicted_per_second"": 75.55031264147094}",ok,limit,639,2254.5512469951063,True
512,128,1,False,i512-o128-c8,1789044357.6810672,8,74.59307130216597,False,1789044355.97859,1.0211467742919922,True,512,5899.017863994231,gemma2:2b-instruct-q8_0,spark,128,True,measure,etri-ser0003-cg0ms0,1789044351.7810278,,i512-o128-c8-2,llama-spark-5458cd78f4-dtcqm,False,workload,etri-ser0003-cg0ms0,1789044351.782049,"{""cache_n"": 0, ""prompt_n"": 512, ""prompt_ms"": 261.945, ""prompt_per_token_ms"": 0.511611328125, ""prompt_per_second"": 1954.6087919219683, ""predicted_n"": 128, ""predicted_ms"": 1702.571, ""predicted_per_token_ms"": 13.406070866141732, ""predicted_per_second"": 74.59307130216597}",ok,limit,639,4196.540977995028,True
512,128,1,False,i512-o128-c8,1789044359.642928,8,74.70974968115996,False,1789044357.9432259,1.6100406646728516,True,512,7860.290166005143,gemma2:2b-instruct-q8_0,spark,128,True,measure,etri-ser0003-cg0ms0,1789044351.7810278,,i512-o128-c8-3,llama-spark-5458cd78f4-dtcqm,False,workload,etri-ser0003-cg0ms0,1789044351.7826378,"{""cache_n"": 0, ""prompt_n"": 512, ""prompt_ms"": 261.46, ""prompt_per_token_ms"": 0.5106640625, ""prompt_per_second"": 1958.2345291822842, ""predicted_n"": 128, ""predicted_ms"": 1699.912, ""predicted_per_token_ms"": 13.385133858267716, ""predicted_per_second"": 74.70974968115996}",ok,limit,639,6160.587930993643,True
512,128,1,False,i512-o128-c8,1789044361.6026206,8,74.86494834908052,False,1789044359.9063065,2.150297164916992,True,512,9819.44233100512,gemma2:2b-instruct-q8_0,spark,128,True,measure,etri-ser0003-cg0ms0,1789044351.7810278,,i512-o128-c8-4,llama-spark-5458cd78f4-dtcqm,False,workload,etri-ser0003-cg0ms0,1789044351.783178,"{""cache_n"": 0, ""prompt_n"": 512, ""prompt_ms"": 262.75, ""prompt_per_token_ms"": 0.51318359375, ""prompt_per_second"": 1948.6203615604186, ""predicted_n"": 128, ""predicted_ms"": 1696.388, ""predicted_per_token_ms"": 13.357385826771653, ""predicted_per_second"": 74.86494834908052}",ok,limit,639,8123.128506005742,True
512,128,1,False,i512-o128-c8,1789044363.5448742,8,75.56753000090443,False,1789044361.864459,2.421855926513672,True,512,11761.424324999098,gemma2:2b-instruct-q8_0,spark,128,True,measure,etri-ser0003-cg0ms0,1789044351.7810278,,i512-o128-c8-5,llama-spark-5458cd78f4-dtcqm,False,workload,etri-ser0003-cg0ms0,1789044351.7834496,"{""cache_n"": 0, ""prompt_n"": 512, ""prompt_ms"": 261.98, ""prompt_per_token_ms"": 0.5116796875, ""prompt_per_second"": 1954.347660126727, ""predicted_n"": 128, ""predicted_ms"": 1680.616, ""predicted_per_token_ms"": 13.2331968503937, ""predicted_per_second"": 75.56753000090443}",ok,limit,639,10081.009296001866,True
512,128,1,False,i512-o128-c8,1789044365.489175,8,75.52039199245986,False,1789044363.807678,2.7933120727539062,True,512,13705.353860001196,gemma2:2b-instruct-q8_0,spark,128,True,measure,etri-ser0003-cg0ms0,1789044351.7810278,,i512-o128-c8-6,llama-spark-5458cd78f4-dtcqm,False,workload,etri-ser0003-cg0ms0,1789044351.783821,"{""cache_n"": 0, ""prompt_n"": 512, ""prompt_ms"": 262.661, ""prompt_per_token_ms"": 0.513009765625, ""prompt_per_second"": 1949.2806316887547, ""predicted_n"": 128, ""predicted_ms"": 1681.665, ""predicted_per_token_ms"": 13.241456692913385, ""predicted_per_second"": 75.52039199245986}",ok,limit,639,12023.85682601016,True
512,128,1,False,i512-o128-c8,1789044367.4115486,8,76.50072434740967,False,1789044365.7513824,3.1092166900634766,True,512,15627.411686989944,gemma2:2b-instruct-q8_0,spark,128,True,measure,etri-ser0003-cg0ms0,1789044351.7810278,,i512-o128-c8-7,llama-spark-5458cd78f4-dtcqm,False,workload,etri-ser0003-cg0ms0,1789044351.784137,"{""cache_n"": 0, ""prompt_n"": 512, ""prompt_ms"": 261.921, ""prompt_per_token_ms"": 0.511564453125, ""prompt_per_second"": 1954.7878940596593, ""predicted_n"": 128, ""predicted_ms"": 1660.115, ""predicted_per_token_ms"": 13.071771653543307, ""predicted_per_second"": 76.50072434740967}",ok,limit,639,13967.245481995633,True
512,128,1,False,i512-o128-c2,1789044377.383994,2,75.91965906692946,False,1789044375.7116985,0.5125999450683594,True,512,1937.8848030028166,gemma2:2b-instruct-q8_0,spark,128,True,measure,etri-ser0003-cg0ms0,1789044375.445596,,i512-o128-c2-0,llama-spark-5458cd78f4-dtcqm,False,workload,etri-ser0003-cg0ms0,1789044375.4461086,"{""cache_n"": 0, ""prompt_n"": 512, ""prompt_ms"": 263.517, ""prompt_per_token_ms"": 0.514681640625, ""prompt_per_second"": 1942.9486522691136, ""predicted_n"": 128, ""predicted_ms"": 1672.821, ""predicted_per_token_ms"": 13.171818897637795, ""predicted_per_second"": 75.91965906692946}",ok,limit,639,265.58929099701345,True
512,128,1,False,i512-o128-c2,1789044379.4054031,2,72.28970526291823,False,1789044377.6492715,0.9126663208007812,True,512,3958.8944819988683,gemma2:2b-instruct-q8_0,spark,128,True,measure,etri-ser0003-cg0ms0,1789044375.445596,,i512-o128-c2-1,llama-spark-5458cd78f4-dtcqm,False,workload,etri-ser0003-cg0ms0,1789044375.4465086,"{""cache_n"": 0, ""prompt_n"": 512, ""prompt_ms"": 264.575, ""prompt_per_token_ms"": 0.516748046875, ""prompt_per_second"": 1935.1790607578191, ""predicted_n"": 128, ""predicted_ms"": 1756.82, ""predicted_per_token_ms"": 13.833228346456693, ""predicted_per_second"": 72.28970526291823}",ok,limit,639,2202.7633090037853,True
512,128,1,False,i512-o128-c1,1789044385.437951,1,72.318190929135,False,1789044383.6820045,0.2155303955078125,True,512,2020.9388980001677,gemma2:2b-instruct-q8_0,spark,128,True,measure,etri-ser0003-cg0ms0,1789044383.4167962,,i512-o128-c1-0,llama-spark-5458cd78f4-dtcqm,False,workload,etri-ser0003-cg0ms0,1789044383.4170117,"{""cache_n"": 0, ""prompt_n"": 512, ""prompt_ms"": 263.456, ""prompt_per_token_ms"": 0.5145625, ""prompt_per_second"": 1943.3985181586297, ""predicted_n"": 128, ""predicted_ms"": 1756.128, ""predicted_per_token_ms"": 13.827779527559054, ""predicted_per_second"": 72.318190929135}",ok,limit,639,264.99251001223456,True
512,128,1,False,i512-o128-c4,1789044391.4628472,4,73.99017969709469,False,1789044389.746294,0.38242340087890625,True,512,1981.2329099950148,gemma2:2b-instruct-q8_0,spark,128,True,measure,etri-ser0003-cg0ms0,1789044389.481232,,i512-o128-c4-1,llama-spark-5458cd78f4-dtcqm,False,workload,etri-ser0003-cg0ms0,1789044389.4816144,"{""cache_n"": 0, ""prompt_n"": 512, ""prompt_ms"": 262.966, ""prompt_per_token_ms"": 0.51360546875, ""prompt_per_second"": 1947.0197668139606, ""predicted_n"": 128, ""predicted_ms"": 1716.444, ""predicted_per_token_ms"": 13.515307086614174, ""predicted_per_second"": 73.99017969709469}",ok,limit,639,264.67972798855044,True
512,128,1,False,i512-o128-c4,1789044393.4470906,4,73.79048962604492,False,1789044391.7257342,0.1850128173828125,True,512,3965.673508006148,gemma2:2b-instruct-q8_0,spark,128,True,measure,etri-ser0003-cg0ms0,1789044389.481232,,i512-o128-c4-0,llama-spark-5458cd78f4-dtcqm,False,workload,etri-ser0003-cg0ms0,1789044389.481417,"{""cache_n"": 0, ""prompt_n"": 512, ""prompt_ms"": 263.331, ""prompt_per_token_ms"": 0.514318359375, ""prompt_per_second"": 1944.321025629341, ""predicted_n"": 128, ""predicted_ms"": 1721.089, ""predicted_per_token_ms"": 13.551881889763779, ""predicted_per_second"": 73.79048962604492}",ok,limit,639,2244.317182005034,True
512,128,1,False,i512-o128-c4,1789044395.4318945,4,73.76764469784888,False,1789044393.710052,0.6039142608642578,True,512,5950.058495000121,gemma2:2b-instruct-q8_0,spark,128,True,measure,etri-ser0003-cg0ms0,1789044389.481232,,i512-o128-c4-2,llama-spark-5458cd78f4-dtcqm,False,workload,etri-ser0003-cg0ms0,1789044389.4818358,"{""cache_n"": 0, ""prompt_n"": 512, ""prompt_ms"": 262.98, ""prompt_per_token_ms"": 0.5136328125, ""prompt_per_second"": 1946.9161152939387, ""predicted_n"": 128, ""predicted_ms"": 1721.622, ""predicted_per_token_ms"": 13.556078740157481, ""predicted_per_second"": 73.76764469784888}",ok,limit,639,4228.216931995121,True
512,128,1,False,i512-o128-c4,1789044397.3844285,4,75.2443218679551,False,1789044395.6960123,1.0004043579101562,True,512,7902.195643007872,gemma2:2b-instruct-q8_0,spark,128,True,measure,etri-ser0003-cg0ms0,1789044389.481232,,i512-o128-c4-3,llama-spark-5458cd78f4-dtcqm,False,workload,etri-ser0003-cg0ms0,1789044389.4822323,"{""cache_n"": 0, ""prompt_n"": 512, ""prompt_ms"": 264.529, ""prompt_per_token_ms"": 0.516658203125, ""prompt_per_second"": 1935.5155767420586, ""predicted_n"": 128, ""predicted_ms"": 1687.835, ""predicted_per_token_ms"": 13.290039370078741, ""predicted_per_second"": 75.2443218679551}",ok,limit,639,6213.779824000085,True
128,64,1,False,i128-o64-c1,1789044404.3380544,1,75.69231434657708,False,1789044403.5051172,0.24461746215820312,True,128,945.5238759983331,gemma2:2b-instruct-q8_0,spark,64,True,measure,etri-ser0003-cg0ms0,1789044403.3922856,,i128-o64-c1-0,llama-spark-5458cd78f4-dtcqm,False,workload,etri-ser0003-cg0ms0,1789044403.3925302,"{""cache_n"": 0, ""prompt_n"": 128, ""prompt_ms"": 111.486, ""prompt_per_token_ms"": 0.870984375, ""prompt_per_second"": 1148.126222126545, ""predicted_n"": 64, ""predicted_ms"": 832.317, ""predicted_per_token_ms"": 13.211380952380953, ""predicted_per_second"": 75.69231434657708}",ok,limit,191,112.58675099816173,True
512,256,1,False,i512-o256-c1,1789044412.027408,1,74.81874059814501,False,1789044408.6194353,0.23746490478515625,True,512,3673.7342279957375,gemma2:2b-instruct-q8_0,spark,256,True,measure,etri-ser0003-cg0ms0,1789044408.353436,,i512-o256-c1-0,llama-spark-5458cd78f4-dtcqm,False,workload,etri-ser0003-cg0ms0,1789044408.3536735,"{""cache_n"": 0, ""prompt_n"": 512, ""prompt_ms"": 263.558, ""prompt_per_token_ms"": 0.51476171875, ""prompt_per_second"": 1942.6464004128125, ""predicted_n"": 256, ""predicted_ms"": 3408.237, ""predicted_per_token_ms"": 13.365635294117647, ""predicted_per_second"": 74.81874059814501}",ok,limit,767,265.76208700134885,True
512,128,2,False,,1789044829.8519957,,73.1644789335269,False,1789044828.1162114,0.0007152557373046875,True,512,2210.370144995977,gemma2:2b-instruct-q8_0,spark,128,True,warmup,etri-ser0003-cg0ms0,1789044827.6416254,,warmup,llama-spark-5458cd78f4-dtcqm,False,workload,etri-ser0003-cg0ms0,1789044827.6416261,"{""cache_n"": 0, ""prompt_n"": 512, ""prompt_ms"": 473.378, ""prompt_per_token_ms"": 0.92456640625, ""prompt_per_second"": 1081.5880754914676, ""predicted_n"": 128, ""predicted_ms"": 1735.815, ""predicted_per_token_ms"": 13.667834645669291, ""predicted_per_second"": 73.1644789335269}",ok,limit,639,474.5854129869258,True
128,64,2,False,i128-o64-c1,1789044832.824457,1,74.75340276302815,False,1789044831.9813123,5.393743515014648,True,128,961.4018110005418,gemma2:2b-instruct-q8_0,spark,64,True,measure,etri-ser0003-cg0ms0,1789044831.8576608,,i128-o64-c1-0,llama-spark-5458cd78f4-dtcqm,False,workload,etri-ser0003-cg0ms0,1789044831.8630545,"{""cache_n"": 0, ""prompt_n"": 128, ""prompt_ms"": 117.186, ""prompt_per_token_ms"": 0.915515625, ""prompt_per_second"": 1092.2806478589591, ""predicted_n"": 64, ""predicted_ms"": 842.771, ""predicted_per_token_ms"": 13.37731746031746, ""predicted_per_second"": 74.75340276302815}",ok,limit,191,118.25755299651064,True
512,128,2,False,i512-o128-c4,1789044836.8637156,4,73.55104442483083,False,1789044835.1368694,0.23984909057617188,True,512,1988.7330560013652,gemma2:2b-instruct-q8_0,spark,128,True,measure,etri-ser0003-cg0ms0,1789044834.8747427,,i512-o128-c4-0,llama-spark-5458cd78f4-dtcqm,False,workload,etri-ser0003-cg0ms0,1789044834.8749826,"{""cache_n"": 0, ""prompt_n"": 512, ""prompt_ms"": 259.814, ""prompt_per_token_ms"": 0.50744921875, ""prompt_per_second"": 1970.6405351520702, ""predicted_n"": 128, ""predicted_ms"": 1726.692, ""predicted_per_token_ms"": 13.596, ""predicted_per_second"": 73.55104442483083}",ok,limit,639,261.8868650024524,True
512,128,2,False,i512-o128-c4,1789044838.795244,4,76.05573747715334,False,1789044837.1245747,0.8950233459472656,True,512,3919.6059060050175,gemma2:2b-instruct-q8_0,spark,128,True,measure,etri-ser0003-cg0ms0,1789044834.8747427,,i512-o128-c4-1,llama-spark-5458cd78f4-dtcqm,False,workload,etri-ser0003-cg0ms0,1789044834.8756378,"{""cache_n"": 0, ""prompt_n"": 512, ""prompt_ms"": 260.894, ""prompt_per_token_ms"": 0.50955859375, ""prompt_per_second"": 1962.4828474399565, ""predicted_n"": 128, ""predicted_ms"": 1669.828, ""predicted_per_token_ms"": 13.148251968503937, ""predicted_per_second"": 76.05573747715334}",ok,limit,639,2248.9367369998945,True
512,128,2,False,i512-o128-c4,1789044840.7406878,4,75.30656293731172,False,1789044839.0538998,1.3439655303955078,True,512,5864.600622997386,gemma2:2b-instruct-q8_0,spark,128,True,measure,etri-ser0003-cg0ms0,1789044834.8747427,,i512-o128-c4-2,llama-spark-5458cd78f4-dtcqm,False,workload,etri-ser0003-cg0ms0,1789044834.8760867,"{""cache_n"": 0, ""prompt_n"": 512, ""prompt_ms"": 259.508, ""prompt_per_token_ms"": 0.5068515625, ""prompt_per_second"": 1972.9642246096462, ""predicted_n"": 128, ""predicted_ms"": 1686.44, ""predicted_per_token_ms"": 13.279055118110236, ""predicted_per_second"": 75.30656293731172}",ok,limit,639,4177.812786001596,True
512,128,2,False,i512-o128-c4,1789044842.7195652,4,73.87040803803104,False,1789044841.0002203,1.6837120056152344,True,512,7843.1382560083875,gemma2:2b-instruct-q8_0,spark,128,True,measure,etri-ser0003-cg0ms0,1789044834.8747427,,i512-o128-c4-3,llama-spark-5458cd78f4-dtcqm,False,workload,etri-ser0003-cg0ms0,1789044834.8764265,"{""cache_n"": 0, ""prompt_n"": 512, ""prompt_ms"": 259.564, ""prompt_per_token_ms"": 0.5069609375, ""prompt_per_second"": 1972.538564669985, ""predicted_n"": 128, ""predicted_ms"": 1719.227, ""predicted_per_token_ms"": 13.537220472440946, ""predicted_per_second"": 73.87040803803104}",ok,limit,639,6123.793966995436,True
512,256,2,False,i512-o256-c1,1789044850.3693218,1,75.55582419848605,False,1789044846.9942586,0.20647048950195312,True,512,3637.8960629954236,gemma2:2b-instruct-q8_0,spark,256,True,measure,etri-ser0003-cg0ms0,1789044846.7312186,,i512-o256-c1-0,llama-spark-5458cd78f4-dtcqm,False,workload,etri-ser0003-cg0ms0,1789044846.731425,"{""cache_n"": 0, ""prompt_n"": 512, ""prompt_ms"": 261.181, ""prompt_per_token_ms"": 0.510119140625, ""prompt_per_second"": 1960.3263637094583, ""predicted_n"": 256, ""predicted_ms"": 3374.988, ""predicted_per_token_ms"": 13.235247058823528, ""predicted_per_second"": 75.55582419848605}",ok,limit,767,262.83347500429954,True
512,128,2,False,i512-o128-c2,1789044856.3425195,2,75.18294022127465,False,1789044854.6537197,0.5393028259277344,True,512,1950.497826008359,gemma2:2b-instruct-q8_0,spark,128,True,measure,etri-ser0003-cg0ms0,1789044854.391482,,i512-o128-c2-1,llama-spark-5458cd78f4-dtcqm,False,workload,etri-ser0003-cg0ms0,1789044854.3920214,"{""cache_n"": 0, ""prompt_n"": 512, ""prompt_ms"": 259.892, ""prompt_per_token_ms"": 0.5076015625, ""prompt_per_second"": 1970.0490973173473, ""predicted_n"": 128, ""predicted_ms"": 1689.213, ""predicted_per_token_ms"": 13.300889763779526, ""predicted_per_second"": 75.18294022127465}",ok,limit,639,261.69808401027694,True
512,128,2,False,i512-o128-c2,1789044858.2803304,2,75.69887345770996,False,1789044856.6024957,0.22363662719726562,True,512,3888.6238380073337,gemma2:2b-instruct-q8_0,spark,128,True,measure,etri-ser0003-cg0ms0,1789044854.391482,,i512-o128-c2-0,llama-spark-5458cd78f4-dtcqm,False,workload,etri-ser0003-cg0ms0,1789044854.3917058,"{""cache_n"": 0, ""prompt_n"": 512, ""prompt_ms"": 259.529, ""prompt_per_token_ms"": 0.506892578125, ""prompt_per_second"": 1972.8045806056357, ""predicted_n"": 128, ""predicted_ms"": 1677.7, ""predicted_per_token_ms"": 13.210236220472442, ""predicted_per_second"": 75.69887345770996}",ok,limit,639,2210.7895250082947,True
512,128,2,False,i512-o128-c8,1789044864.3063576,8,75.45864895745262,False,1789044862.6229558,0.5059242248535156,True,512,1944.0133669995703,gemma2:2b-instruct-q8_0,spark,128,True,measure,etri-ser0003-cg0ms0,1789044862.3618374,,i512-o128-c8-0,llama-spark-5458cd78f4-dtcqm,False,workload,etri-ser0003-cg0ms0,1789044862.3623433,"{""cache_n"": 0, ""prompt_n"": 512, ""prompt_ms"": 258.853, ""prompt_per_token_ms"": 0.505572265625, ""prompt_per_second"": 1977.9566008506758, ""predicted_n"": 128, ""predicted_ms"": 1683.041, ""predicted_per_token_ms"": 13.252291338582676, ""predicted_per_second"": 75.45864895745262}",ok,limit,639,260.61184499121737,True
512,128,2,False,i512-o128-c8,1789044866.2732315,8,74.36951341842689,False,1789044864.5652502,2.159595489501953,True,512,3909.234684993862,gemma2:2b-instruct-q8_0,spark,128,True,measure,etri-ser0003-cg0ms0,1789044862.3618374,,i512-o128-c8-5,llama-spark-5458cd78f4-dtcqm,False,workload,etri-ser0003-cg0ms0,1789044862.363997,"{""cache_n"": 0, ""prompt_n"": 512, ""prompt_ms"": 259.116, ""prompt_per_token_ms"": 0.5060859375, ""prompt_per_second"": 1975.9489958165457, ""predicted_n"": 128, ""predicted_ms"": 1707.689, ""predicted_per_token_ms"": 13.446370078740157, ""predicted_per_second"": 74.36951341842689}",ok,limit,639,2201.2532739900053,True
512,128,2,False,i512-o128-c8,1789044868.2522423,8,73.89262877390601,False,1789044866.5330498,0.8053779602050781,True,512,5889.599485002691,gemma2:2b-instruct-q8_0,spark,128,True,measure,etri-ser0003-cg0ms0,1789044862.3618374,,i512-o128-c8-1,llama-spark-5458cd78f4-dtcqm,False,workload,etri-ser0003-cg0ms0,1789044862.3626428,"{""cache_n"": 0, ""prompt_n"": 512, ""prompt_ms"": 259.51, ""prompt_per_token_ms"": 0.50685546875, ""prompt_per_second"": 1972.9490193056145, ""predicted_n"": 128, ""predicted_ms"": 1718.71, ""predicted_per_token_ms"": 13.533149606299213, ""predicted_per_second"": 73.89262877390601}",ok,limit,639,4170.4071540007135,True
512,128,2,False,i512-o128-c8,1789044870.2305968,8,73.96070648198621,False,1789044868.5137424,3.2219886779785156,True,512,7865.537580000819,gemma2:2b-instruct-q8_0,spark,128,True,measure,etri-ser0003-cg0ms0,1789044862.3618374,,i512-o128-c8-7,llama-spark-5458cd78f4-dtcqm,False,workload,etri-ser0003-cg0ms0,1789044862.3650594,"{""cache_n"": 0, ""prompt_n"": 512, ""prompt_ms"": 261.457, ""prompt_per_token_ms"": 0.510658203125, ""prompt_per_second"": 1958.2569982827004, ""predicted_n"": 128, ""predicted_ms"": 1717.128, ""predicted_per_token_ms"": 13.520692913385826, ""predicted_per_second"": 73.96070648198621}",ok,limit,639,6148.683456995059,True
512,128,2,False,i512-o128-c8,1789044872.1824422,8,75.08333067290035,False,1789044870.491121,1.3828277587890625,True,512,9819.221874000505,gemma2:2b-instruct-q8_0,spark,128,True,measure,etri-ser0003-cg0ms0,1789044862.3618374,,i512-o128-c8-2,llama-spark-5458cd78f4-dtcqm,False,workload,etri-ser0003-cg0ms0,1789044862.3632202,"{""cache_n"": 0, ""prompt_n"": 512, ""prompt_ms"": 260.365, ""prompt_per_token_ms"": 0.508525390625, ""prompt_per_second"": 1966.470147677299, ""predicted_n"": 128, ""predicted_ms"": 1691.454, ""predicted_per_token_ms"": 13.318535433070865, ""predicted_per_second"": 75.08333067290035}",ok,limit,639,8127.900994993979,True
512,128,2,False,i512-o128-c8,1789044874.098483,8,76.64264191411075,False,1789044872.4409378,2.8100013732910156,True,512,11733.835410996107,gemma2:2b-instruct-q8_0,spark,128,True,measure,etri-ser0003-cg0ms0,1789044862.3618374,,i512-o128-c8-6,llama-spark-5458cd78f4-dtcqm,False,workload,etri-ser0003-cg0ms0,1789044862.3646474,"{""cache_n"": 0, ""prompt_n"": 512, ""prompt_ms"": 258.792, ""prompt_per_token_ms"": 0.505453125, ""prompt_per_second"": 1978.4228260533557, ""predicted_n"": 128, ""predicted_ms"": 1657.041, ""predicted_per_token_ms"": 13.047566929133858, ""predicted_per_second"": 76.64264191411075}",ok,limit,639,10076.28991099773,True
512,128,2,False,i512-o128-c8,1789044876.0318651,8,75.97361382552272,False,1789044874.3606033,1.6331672668457031,True,512,13668.394449006882,gemma2:2b-instruct-q8_0,spark,128,True,measure,etri-ser0003-cg0ms0,1789044862.3618374,,i512-o128-c8-3,llama-spark-5458cd78f4-dtcqm,False,workload,etri-ser0003-cg0ms0,1789044862.3634706,"{""cache_n"": 0, ""prompt_n"": 512, ""prompt_ms"": 261.761, ""prompt_per_token_ms"": 0.511251953125, ""prompt_per_second"": 1955.9827476209211, ""predicted_n"": 128, ""predicted_ms"": 1671.633, ""predicted_per_token_ms"": 13.162464566929135, ""predicted_per_second"": 75.97361382552272}",ok,limit,639,11997.133147000568,True
512,128,2,False,i512-o128-c8,1789044877.9876347,8,74.86366854376018,False,1789044876.2917323,1.8453598022460938,True,512,15623.95191800897,gemma2:2b-instruct-q8_0,spark,128,True,measure,etri-ser0003-cg0ms0,1789044862.3618374,,i512-o128-c8-4,llama-spark-5458cd78f4-dtcqm,False,workload,etri-ser0003-cg0ms0,1789044862.3636827,"{""cache_n"": 0, ""prompt_n"": 512, ""prompt_ms"": 259.232, ""prompt_per_token_ms"": 0.5063125, ""prompt_per_second"": 1975.0648068139733, ""predicted_n"": 128, ""predicted_ms"": 1696.417, ""predicted_per_token_ms"": 13.357614173228345, ""predicted_per_second"": 74.86366854376018}",ok,limit,639,13928.04970400175,True
2048,128,2,False,i2048-o128-c1,1789044892.4955688,1,69.00190108387316,False,1789044890.6550744,0.7255077362060547,True,2048,2460.8764860022347,gemma2:2b-instruct-q8_0,spark,128,True,measure,etri-ser0003-cg0ms0,1789044890.0339653,,i2048-o128-c1-0,llama-spark-5458cd78f4-dtcqm,False,workload,etri-ser0003-cg0ms0,1789044890.0346909,"{""cache_n"": 0, ""prompt_n"": 2048, ""prompt_ms"": 618.335, ""prompt_per_token_ms"": 0.30192138671875, ""prompt_per_second"": 3312.1204525055186, ""predicted_n"": 128, ""predicted_ms"": 1840.529, ""predicted_per_token_ms"": 14.492354330708661, ""predicted_per_second"": 69.00190108387316}",ok,limit,2175,620.3827170102159,True
512,128,2,False,i512-o128-c1,1789044898.5405753,1,73.05849914832199,False,1789044896.8020499,0.5116462707519531,True,512,2030.0099349988159,gemma2:2b-instruct-q8_0,spark,128,True,measure,etri-ser0003-cg0ms0,1789044896.510053,,i512-o128-c1-0,llama-spark-5458cd78f4-dtcqm,False,workload,etri-ser0003-cg0ms0,1789044896.5105646,"{""cache_n"": 0, ""prompt_n"": 512, ""prompt_ms"": 290.303, ""prompt_per_token_ms"": 0.566998046875, ""prompt_per_second"": 1763.6745056027669, ""predicted_n"": 128, ""predicted_ms"": 1738.333, ""predicted_per_token_ms"": 13.687661417322836, ""predicted_per_second"": 73.05849914832199}",ok,limit,639,291.4846839994425,True
