actual_e2e_ms,block,client_latency_ms,completed_timestamp,concurrency,condition_id,error,eval_count,excluded,inference_ms,model,node_id,node_state,queue_wait_ms,request_id,response,role,run_order,stage_seconds,status,target_node,timestamp,tokens_per_second,ttft_ms,within_block_order
568.766,0,580.783,1788503811.5732982,1,warmup,,8,True,568.744,llama3.2:1b,etri-dev0001-jetorn,ACTIVE,0.022,02cfe736-6df2-4014-93f8-6995b1c04935,Edge computing reduces latency by processing data closer,nano,0,,ok,nano,1788503810.9925177,19.406,158.935,
317.251,0,323.513,1788503811.8969884,1,warmup,,8,True,317.233,llama3.2:1b,etri-ser0001-cg0msb,ACTIVE,0.018,d00faad5-5ce6-4c94-9069-05f3468ab5c3,Edge computing reduces latency by processing data closer,agx,0,,ok,agx,1788503811.5734768,43.808,134.049,
271.343,0,274.524,1788503812.1715446,1,warmup,,8,True,271.339,llama3.2:1b,etri-ser0002-cgnmsb,ACTIVE,0.003,e0561592-6166-4a11-a11b-59308c89d6db,Edge computing reduces latency by processing data closer,spark,0,,ok,spark,1788503811.897024,46.174,95.999,
240.377,1,253.675,1788503812.430941,8,b01-o01-agx-c8,,8,False,240.36,llama3.2:1b,etri-ser0001-cg0msb,ACTIVE,0.017,721cc131-87c3-4e5e-a5f2-515143ec62f3,Edge computing reduces latency by processing data closer,agx,1,12.0,ok,agx,1788503812.177268,44.495,70.649,1
449.295,1,474.116,1788503812.6483161,8,b01-o01-agx-c8,,8,False,217.211,llama3.2:1b,etri-ser0001-cg0msb,ACTIVE,232.083,f07f2b6f-f56f-4b9d-a08d-83e3b902f5a0,Edge computing reduces latency by processing data closer,agx,1,12.0,ok,agx,1788503812.1742015,42.871,262.451,1
676.733,1,702.907,1788503812.879464,8,b01-o01-agx-c8,,8,False,231.068,llama3.2:1b,etri-ser0001-cg0msb,ACTIVE,445.664,6440898b-58ac-4463-ad42-ee3c135d89ac,Edge computing reduces latency by processing data closer,agx,1,12.0,ok,agx,1788503812.1765587,40.118,477.255,1
891.976,1,916.882,1788503813.0951009,8,b01-o01-agx-c8,,8,False,215.527,llama3.2:1b,etri-ser0001-cg0msb,ACTIVE,676.448,cc2aec31-9a94-4647-aef3-8802bc28592f,Edge computing reduces latency by processing data closer,agx,1,12.0,ok,agx,1788503812.1782205,43.201,706.68,1
1093.725,1,1123.48,1788503813.2987955,8,b01-o01-agx-c8,,8,False,203.645,llama3.2:1b,etri-ser0001-cg0msb,ACTIVE,890.08,eddd1676-bdca-43a1-8bfe-864db11abe74,Edge computing reduces latency by processing data closer,agx,1,12.0,ok,agx,1788503812.1753166,46.115,920.062,1
1304.937,1,1332.029,1788503813.5115535,8,b01-o01-agx-c8,,8,False,212.595,llama3.2:1b,etri-ser0001-cg0msb,ACTIVE,1092.342,e3d0e392-9bfe-4b60-b736-41bc9192f2dc,Edge computing reduces latency by processing data closer,agx,1,12.0,ok,agx,1788503812.1795266,43.627,1121.326,1
1503.823,1,1535.477,1788503813.7164319,8,b01-o01-agx-c8,,8,False,204.781,llama3.2:1b,etri-ser0001-cg0msb,ACTIVE,1299.042,afbc53c1-7e0e-4f14-88b0-6479f4061548,Edge computing reduces latency by processing data closer,agx,1,12.0,ok,agx,1788503812.1809561,45.085,1325.946,1
1702.814,1,1735.495,1788503813.9176722,8,b01-o01-agx-c8,,8,False,201.128,llama3.2:1b,etri-ser0001-cg0msb,ACTIVE,1501.687,61d528bf-53e8-401f-aace-78cd08f67487,Edge computing reduces latency by processing data closer,agx,1,12.0,ok,agx,1788503812.1821783,46.489,1530.502,1
1688.698,1,1690.582,1788503814.1215608,8,b01-o01-agx-c8,,8,False,203.848,llama3.2:1b,etri-ser0001-cg0msb,ACTIVE,1484.85,45d668e2-48e6-494f-9644-0739868ee355,Edge computing reduces latency by processing data closer,agx,1,12.0,ok,agx,1788503812.430981,45.359,1511.971,1
1669.671,1,1671.507,1788503814.3198595,8,b01-o01-agx-c8,,8,False,198.123,llama3.2:1b,etri-ser0001-cg0msb,ACTIVE,1471.548,7fcbbfa3-733b-4ebe-a1f4-cd790c39b152,Edge computing reduces latency by processing data closer,agx,1,12.0,ok,agx,1788503812.6483533,46.862,1498.639,1
1637.404,1,1639.431,1788503814.5189292,8,b01-o01-agx-c8,,8,False,198.886,llama3.2:1b,etri-ser0001-cg0msb,ACTIVE,1438.518,0dca1847-8a16-4bbc-b81a-a0bb95109fc8,Edge computing reduces latency by processing data closer,agx,1,12.0,ok,agx,1788503812.8795004,46.609,1465.381,1
1620.731,1,1622.875,1788503814.7180085,8,b01-o01-agx-c8,,8,False,198.989,llama3.2:1b,etri-ser0001-cg0msb,ACTIVE,1421.742,e2181f3c-a0ff-4b49-be73-7ab5f1f0422c,Edge computing reduces latency by processing data closer,agx,1,12.0,ok,agx,1788503813.0951357,46.697,1449.139,1
1616.586,1,1618.526,1788503814.917356,8,b01-o01-agx-c8,,8,False,199.211,llama3.2:1b,etri-ser0001-cg0msb,ACTIVE,1417.375,5686634f-36fa-4e49-b1ce-e48b8aba14a6,Edge computing reduces latency by processing data closer,agx,1,12.0,ok,agx,1788503813.2988327,46.654,1444.813,1
1611.583,1,1613.585,1788503815.1251717,8,b01-o01-agx-c8,,8,False,207.731,llama3.2:1b,etri-ser0001-cg0msb,ACTIVE,1403.852,be31126e-6129-4627-b295-b7a93306bb73,Edge computing reduces latency by processing data closer,agx,1,12.0,ok,agx,1788503813.5115893,44.684,1432.259,1
1614.324,1,1616.148,1788503815.332615,8,b01-o01-agx-c8,,8,False,207.469,llama3.2:1b,etri-ser0001-cg0msb,ACTIVE,1406.856,5250fc3e-dd21-4503-9d4f-ed8ad3d4817e,Edge computing reduces latency by processing data closer,agx,1,12.0,ok,agx,1788503813.7164695,45.095,1436.731,1
1617.987,1,1619.934,1788503815.5376384,8,b01-o01-agx-c8,,8,False,204.726,llama3.2:1b,etri-ser0001-cg0msb,ACTIVE,1413.261,c2c9226b-0983-483f-8c87-37f02ea2dac1,Edge computing reduces latency by processing data closer,agx,1,12.0,ok,agx,1788503813.9177067,45.084,1440.252,1
1618.42,1,1620.375,1788503815.7419689,8,b01-o01-agx-c8,,8,False,204.227,llama3.2:1b,etri-ser0001-cg0msb,ACTIVE,1414.194,e34f93fa-ffe4-45c3-a0f2-95c9c9c778ed,Edge computing reduces latency by processing data closer,agx,1,12.0,ok,agx,1788503814.1215963,45.583,1442.677,1
1619.494,1,1621.378,1788503815.941259,8,b01-o01-agx-c8,,8,False,199.21,llama3.2:1b,etri-ser0001-cg0msb,ACTIVE,1420.284,b36a9ec1-dd33-4a69-a4dc-43fba1c1b34c,Edge computing reduces latency by processing data closer,agx,1,12.0,ok,agx,1788503814.3198836,46.599,1447.459,1
1621.056,1,1622.954,1788503816.1419146,8,b01-o01-agx-c8,,8,False,200.562,llama3.2:1b,etri-ser0001-cg0msb,ACTIVE,1420.494,61d9f68c-68ca-4ecb-b001-c5da5e094627,Edge computing reduces latency by processing data closer,agx,1,12.0,ok,agx,1788503814.5189629,46.175,1447.444,1
1632.372,1,1634.421,1788503816.3524632,8,b01-o01-agx-c8,,8,False,210.402,llama3.2:1b,etri-ser0001-cg0msb,ACTIVE,1421.969,25398b82-53dc-483b-9edb-a2f7ab4255be,Edge computing reduces latency by processing data closer,agx,1,12.0,ok,agx,1788503814.718045,43.758,1449.258,1
1633.118,1,1634.992,1788503816.5523803,8,b01-o01-agx-c8,,8,False,199.834,llama3.2:1b,etri-ser0001-cg0msb,ACTIVE,1433.284,2505713d-061c-4ac0-862d-933242f52b30,Edge computing reduces latency by processing data closer,agx,1,12.0,ok,agx,1788503814.9173906,46.549,1461.02,1
1627.88,1,1629.829,1788503816.7550375,8,b01-o01-agx-c8,,8,False,202.559,llama3.2:1b,etri-ser0001-cg0msb,ACTIVE,1425.321,9b2f0425-8e83-4402-83ba-9e77bf7048c0,Edge computing reduces latency by processing data closer,agx,1,12.0,ok,agx,1788503815.1252105,45.9,1453.249,1
1630.121,1,1632.028,1788503816.9646833,8,b01-o01-agx-c8,,8,False,209.546,llama3.2:1b,etri-ser0001-cg0msb,ACTIVE,1420.575,ab8f3327-c0bc-4bdf-ad55-d13a3c0bbacc,Edge computing reduces latency by processing data closer,agx,1,12.0,ok,agx,1788503815.3326578,44.071,1448.287,1
1628.817,1,1630.712,1788503817.1683817,8,b01-o01-agx-c8,,8,False,203.631,llama3.2:1b,etri-ser0001-cg0msb,ACTIVE,1425.186,cf4936f7-22d2-4dc9-8077-874146b110fe,Edge computing reduces latency by processing data closer,agx,1,12.0,ok,agx,1788503815.537672,45.465,1452.553,1
1631.151,1,1632.907,1788503817.3749094,8,b01-o01-agx-c8,,8,False,206.382,llama3.2:1b,etri-ser0001-cg0msb,ACTIVE,1424.769,c1c61767-e96b-4529-b8a7-745a588da867,Edge computing reduces latency by processing data closer,agx,1,12.0,ok,agx,1788503815.742005,44.732,1451.933,1
1662.086,1,1663.921,1788503817.6052136,8,b01-o01-agx-c8,,8,False,230.312,llama3.2:1b,etri-ser0001-cg0msb,ACTIVE,1431.774,1eb20681-4455-4a0f-820c-632b3fe8ca29,Edge computing reduces latency by processing data closer,agx,1,12.0,ok,agx,1788503815.9412954,39.493,1459.644,1
1665.634,1,1667.544,1788503817.8094914,8,b01-o01-agx-c8,,8,False,204.064,llama3.2:1b,etri-ser0001-cg0msb,ACTIVE,1461.57,a0f4bb9a-7a6f-40ad-bd9c-77552406b08c,Edge computing reduces latency by processing data closer,agx,1,12.0,ok,agx,1788503816.14195,45.408,1489.105,1
1659.751,1,1661.713,1788503818.0142105,8,b01-o01-agx-c8,,8,False,204.664,llama3.2:1b,etri-ser0001-cg0msb,ACTIVE,1455.087,445552a6-37c9-48da-9a74-37047578047d,Edge computing reduces latency by processing data closer,agx,1,12.0,ok,agx,1788503816.3524997,45.176,1482.344,1
1666.306,1,1668.254,1788503818.2206712,8,b01-o01-agx-c8,,8,False,206.356,llama3.2:1b,etri-ser0001-cg0msb,ACTIVE,1459.95,0d6666d3-8741-4940-81f6-011614ab76b9,Edge computing reduces latency by processing data closer,agx,1,12.0,ok,agx,1788503816.5524194,45.023,1488.47,1
1662.039,1,1663.739,1788503818.41881,8,b01-o01-agx-c8,,8,False,197.984,llama3.2:1b,etri-ser0001-cg0msb,ACTIVE,1464.055,68c0cb56-d5bd-49d6-8b30-31ae40d8ce94,Edge computing reduces latency by processing data closer,agx,1,12.0,ok,agx,1788503816.7550733,46.827,1490.772,1
1653.1,1,1655.051,1788503818.619769,8,b01-o01-agx-c8,,8,False,200.827,llama3.2:1b,etri-ser0001-cg0msb,ACTIVE,1452.273,f08ec247-6cf2-4c23-a8bd-fe64ebf12fc1,Edge computing reduces latency by processing data closer,agx,1,12.0,ok,agx,1788503816.9647198,46.308,1480.081,1
1651.03,1,1652.921,1788503818.8213363,8,b01-o01-agx-c8,,8,False,201.523,llama3.2:1b,etri-ser0001-cg0msb,ACTIVE,1449.507,5b3ec87c-f7c4-4660-8d06-23e5eb8ef8fd,Edge computing reduces latency by processing data closer,agx,1,12.0,ok,agx,1788503817.168417,45.881,1476.247,1
1655.432,1,1657.413,1788503819.0323558,8,b01-o01-agx-c8,,8,False,210.874,llama3.2:1b,etri-ser0001-cg0msb,ACTIVE,1444.558,ce2a29c3-aee1-4a00-8738-94a4dd686ddf,Edge computing reduces latency by processing data closer,agx,1,12.0,ok,agx,1788503817.374945,43.73,1472.323,1
1639.206,1,1641.073,1788503819.246328,8,b01-o01-agx-c8,,8,False,213.859,llama3.2:1b,etri-ser0001-cg0msb,ACTIVE,1425.347,59ec30b9-efc7-43b6-ba90-c2175b0bade5,Edge computing reduces latency by processing data closer,agx,1,12.0,ok,agx,1788503817.6052577,43.008,1452.823,1
1638.774,1,1640.758,1788503819.4502816,8,b01-o01-agx-c8,,8,False,203.799,llama3.2:1b,etri-ser0001-cg0msb,ACTIVE,1434.974,206bf34e-53d5-4d95-9dd3-01eaeb00f847,Edge computing reduces latency by processing data closer,agx,1,12.0,ok,agx,1788503817.8095264,45.709,1463.515,1
1635.881,1,1637.804,1788503819.6520553,8,b01-o01-agx-c8,,8,False,201.813,llama3.2:1b,etri-ser0001-cg0msb,ACTIVE,1434.069,98f6797a-1606-4a13-b2a7-5964d9c673d1,Edge computing reduces latency by processing data closer,agx,1,12.0,ok,agx,1788503818.0142536,45.944,1461.383,1
1656.678,1,1658.604,1788503819.8793094,8,b01-o01-agx-c8,,8,False,227.143,llama3.2:1b,etri-ser0001-cg0msb,ACTIVE,1429.535,f90bc627-97d8-49f0-83ff-ade5ee7d38fd,Edge computing reduces latency by processing data closer,agx,1,12.0,ok,agx,1788503818.2207074,40.584,1459.165,1
1699.959,1,1702.169,1788503820.1210124,8,b01-o01-agx-c8,,8,False,241.587,llama3.2:1b,etri-ser0001-cg0msb,ACTIVE,1458.372,724bf97c-2b3f-4355-b4c2-84def7892d5b,Edge computing reduces latency by processing data closer,agx,1,12.0,ok,agx,1788503818.4188454,37.92,1488.835,1
1701.831,1,1703.693,1788503820.323495,8,b01-o01-agx-c8,,8,False,202.382,llama3.2:1b,etri-ser0001-cg0msb,ACTIVE,1499.449,e35a6ef2-303f-4b33-83fe-e4dbefb8891f,Edge computing reduces latency by processing data closer,agx,1,12.0,ok,agx,1788503818.6198044,46.031,1527.712,1
1703.093,1,1705.007,1788503820.526375,8,b01-o01-agx-c8,,8,False,202.768,llama3.2:1b,etri-ser0001-cg0msb,ACTIVE,1500.325,5e7fce5a-35a8-4c5d-83c1-8b934ff913c7,Edge computing reduces latency by processing data closer,agx,1,12.0,ok,agx,1788503818.8213708,45.712,1527.827,1
1697.903,1,1699.787,1788503820.7321763,8,b01-o01-agx-c8,,8,False,205.68,llama3.2:1b,etri-ser0001-cg0msb,ACTIVE,1492.223,7df20e21-501f-4ae0-ba70-890f77019b5b,Edge computing reduces latency by processing data closer,agx,1,12.0,ok,agx,1788503819.032392,45.086,1520.217,1
1686.77,1,1688.693,1788503820.9350567,8,b01-o01-agx-c8,,8,False,202.745,llama3.2:1b,etri-ser0001-cg0msb,ACTIVE,1484.025,9056d896-04a1-44b4-9d9a-910dbf0f0cdf,Edge computing reduces latency by processing data closer,agx,1,12.0,ok,agx,1788503819.2463658,45.648,1511.226,1
1691.102,1,1693.197,1788503821.1435127,8,b01-o01-agx-c8,,8,False,208.387,llama3.2:1b,etri-ser0001-cg0msb,ACTIVE,1482.715,6b76307f-b358-4a6e-957f-20592f9babd8,Edge computing reduces latency by processing data closer,agx,1,12.0,ok,agx,1788503819.4503186,44.494,1511.073,1
1699.037,1,1700.896,1788503821.3529854,8,b01-o01-agx-c8,,8,False,209.36,llama3.2:1b,etri-ser0001-cg0msb,ACTIVE,1489.677,054d85a0-c750-4d1f-abb9-eac75b77bd36,Edge computing reduces latency by processing data closer,agx,1,12.0,ok,agx,1788503819.6520925,44.569,1519.336,1
1676.986,1,1679.064,1788503821.5584095,8,b01-o01-agx-c8,,8,False,205.27,llama3.2:1b,etri-ser0001-cg0msb,ACTIVE,1471.715,6a0dce74-085c-4b78-ab4f-22df31d4f228,Edge computing reduces latency by processing data closer,agx,1,12.0,ok,agx,1788503819.879347,45.715,1501.772,1
1637.873,1,1639.679,1788503821.7607262,8,b01-o01-agx-c8,,8,False,202.268,llama3.2:1b,etri-ser0001-cg0msb,ACTIVE,1435.605,f8609557-7096-45be-abc2-94d2e493514e,Edge computing reduces latency by processing data closer,agx,1,12.0,ok,agx,1788503820.121049,45.776,1462.774,1
1636.061,1,1638.053,1788503821.9615881,8,b01-o01-agx-c8,,8,False,200.743,llama3.2:1b,etri-ser0001-cg0msb,ACTIVE,1435.318,b0dd2be1-202b-4d13-8aeb-64ece6c29ada,Edge computing reduces latency by processing data closer,agx,1,12.0,ok,agx,1788503820.3235376,46.168,1462.592,1
1641.034,1,1642.946,1788503822.1693552,8,b01-o01-agx-c8,,8,False,207.665,llama3.2:1b,etri-ser0001-cg0msb,ACTIVE,1433.369,18002e8d-dd2f-4354-8e3d-c3b4fca59676,Edge computing reduces latency by processing data closer,agx,1,12.0,ok,agx,1788503820.5264115,44.519,1461.072,1
1635.407,1,1637.5,1788503822.3697097,8,b01-o01-agx-c8,,8,False,200.192,llama3.2:1b,etri-ser0001-cg0msb,ACTIVE,1435.215,d48e7285-278b-4f22-88d2-68549a6fb33a,Edge computing reduces latency by processing data closer,agx,1,12.0,ok,agx,1788503820.732212,46.319,1462.482,1
1631.479,1,1633.388,1788503822.5684779,8,b01-o01-agx-c8,,8,False,198.886,llama3.2:1b,etri-ser0001-cg0msb,ACTIVE,1432.593,3be19573-68c4-4b6a-88c7-12e59c662b9e,Edge computing reduces latency by processing data closer,agx,1,12.0,ok,agx,1788503820.9350922,46.719,1460.019,1
1622.908,1,1625.012,1788503822.7685595,8,b01-o01-agx-c8,,8,False,199.964,llama3.2:1b,etri-ser0001-cg0msb,ACTIVE,1422.944,713c425c-c643-4bce-a29c-d2c4dabf1d54,Edge computing reduces latency by processing data closer,agx,1,12.0,ok,agx,1788503821.14355,46.312,1450.035,1
1616.692,1,1618.551,1788503822.9715774,8,b01-o01-agx-c8,,8,False,202.789,llama3.2:1b,etri-ser0001-cg0msb,ACTIVE,1413.903,79815b2e-1733-4ab5-a083-cddb0be80a13,Edge computing reduces latency by processing data closer,agx,1,12.0,ok,agx,1788503821.3530285,45.579,1441.058,1
1619.719,1,1621.546,1788503823.179994,8,b01-o01-agx-c8,,8,False,208.287,llama3.2:1b,etri-ser0001-cg0msb,ACTIVE,1411.431,9e51cb27-996d-48fc-9e58-1dedae2a54cd,Edge computing reduces latency by processing data closer,agx,1,12.0,ok,agx,1788503821.5584505,44.243,1438.481,1
1618.673,1,1620.433,1788503823.3811936,8,b01-o01-agx-c8,,8,False,201.072,llama3.2:1b,etri-ser0001-cg0msb,ACTIVE,1417.601,c584db2a-d16e-4622-a1bb-5abed260f337,Edge computing reduces latency by processing data closer,agx,1,12.0,ok,agx,1788503821.7607632,46.192,1445.32,1
1616.775,1,1618.653,1788503823.580274,8,b01-o01-agx-c8,,8,False,198.977,llama3.2:1b,etri-ser0001-cg0msb,ACTIVE,1417.798,223c6f58-8c2a-4ee6-9594-89217181bd34,Edge computing reduces latency by processing data closer,agx,1,12.0,ok,agx,1788503821.9616237,46.541,1444.59,1
1618.482,1,1620.418,1788503823.7898066,8,b01-o01-agx-c8,,8,False,209.379,llama3.2:1b,etri-ser0001-cg0msb,ACTIVE,1409.103,aaace307-a356-4b1e-a788-45ba17344988,Edge computing reduces latency by processing data closer,agx,1,12.0,ok,agx,1788503822.1693912,43.943,1436.103,1
1620.878,1,1622.871,1788503823.9926126,8,b01-o01-agx-c8,,8,False,202.713,llama3.2:1b,etri-ser0001-cg0msb,ACTIVE,1418.165,5a697350-ef33-4229-9e64-1855a9d75a13,Edge computing reduces latency by processing data closer,agx,1,12.0,ok,agx,1788503822.3697443,45.951,1446.539,1
1630.136,1,1632.071,1788503824.2005851,8,b01-o01-agx-c8,,8,False,207.88,llama3.2:1b,etri-ser0001-cg0msb,ACTIVE,1422.257,be8a1473-7e37-44dd-be25-1decf504045e,Edge computing reduces latency by processing data closer,agx,1,12.0,ok,agx,1788503822.5685163,44.49,1450.01,1
1633.042,1,1634.865,1788503824.4034586,8,b01-o01-agx-c8,,8,False,202.795,llama3.2:1b,etri-ser0001-cg0msb,ACTIVE,1430.247,c70f906b-b687-469b-988e-5f757b414568,Edge computing reduces latency by processing data closer,agx,1,12.0,ok,agx,1788503822.7685962,45.678,1457.681,1
1631.045,1,1632.915,1788503824.6045263,8,b01-o01-agx-c8,,8,False,200.88,llama3.2:1b,etri-ser0001-cg0msb,ACTIVE,1430.165,ce90aa53-bda2-479b-b453-58d8a91b134a,Edge computing reduces latency by processing data closer,agx,1,12.0,ok,agx,1788503822.971614,46.011,1456.8,1
1632.956,1,1635.031,1788503824.8150563,8,b01-o01-agx-c8,,8,False,210.518,llama3.2:1b,etri-ser0001-cg0msb,ACTIVE,1422.438,fa90e781-5197-4be5-8d34-7013772d3737,Edge computing reduces latency by processing data closer,agx,1,12.0,ok,agx,1788503823.1800282,43.909,1450.479,1
1652.373,1,1654.317,1788503825.035545,8,b01-o01-agx-c8,,8,False,220.29,llama3.2:1b,etri-ser0001-cg0msb,ACTIVE,1432.083,d807ba41-1f96-4a64-94f5-b2a83f8fcd99,Edge computing reduces latency by processing data closer,agx,1,12.0,ok,agx,1788503823.3812304,41.765,1460.515,1
1684.175,1,1686.17,1788503825.2664793,8,b01-o01-agx-c8,,8,False,230.786,llama3.2:1b,etri-ser0001-cg0msb,ACTIVE,1453.389,a9f383d0-14fc-44fe-8b83-bc04bc4168f3,Edge computing reduces latency by processing data closer,agx,1,12.0,ok,agx,1788503823.5803115,40.388,1485.771,1
1699.873,1,1702.004,1788503825.491843,8,b01-o01-agx-c8,,8,False,225.301,llama3.2:1b,etri-ser0001-cg0msb,ACTIVE,1474.573,8fbfb7e2-7c9b-4650-8e74-f188d6cd11a2,Edge computing reduces latency by processing data closer,agx,1,12.0,ok,agx,1788503823.789842,41.102,1505.064,1
1710.624,1,1712.276,1788503825.7049227,8,b01-o01-agx-c8,,8,False,213.166,llama3.2:1b,etri-ser0001-cg0msb,ACTIVE,1497.458,8fe4e4b9-7f56-45ba-8edb-fd9753b92c4c,Edge computing reduces latency by processing data closer,agx,1,12.0,ok,agx,1788503823.9926484,43.38,1526.03,1
558.685,1,574.502,1788503829.2855883,2,b01-o02-nano-c2,,8,False,558.653,llama3.2:1b,etri-dev0001-jetorn,ACTIVE,0.032,74f41290-6d6d-4527-9ea8-34c16ee42734,Edge computing reduces latency by processing data closer,nano,2,12.0,ok,nano,1788503828.7110896,19.466,151.309,2
929.259,1,947.524,1788503829.65744,2,b01-o02-nano-c2,,8,False,370.889,llama3.2:1b,etri-dev0001-jetorn,ACTIVE,558.37,35edcc56-ed2e-48bd-9c6e-5b25aa5c9186,Edge computing reduces latency by processing data closer,nano,2,12.0,ok,nano,1788503828.7099192,25.49,621.669,2
735.75,1,758.584,1788503830.0442576,2,b01-o02-nano-c2,,8,False,383.678,llama3.2:1b,etri-dev0001-jetorn,ACTIVE,352.073,a949fe19-4507-4bdd-b536-13af0a5a6871,Edge computing reduces latency by processing data closer,nano,2,12.0,ok,nano,1788503829.2856765,24.753,412.076,2
732.032,1,743.226,1788503830.4007936,2,b01-o02-nano-c2,,8,False,352.51,llama3.2:1b,etri-dev0001-jetorn,ACTIVE,379.522,0fca2711-6232-4a40-9c76-1f04c4c7bbeb,Edge computing reduces latency by processing data closer,nano,2,12.0,ok,nano,1788503829.657569,26.956,439.988,2
727.943,1,739.293,1788503830.7836142,2,b01-o02-nano-c2,,8,False,379.241,llama3.2:1b,etri-dev0001-jetorn,ACTIVE,348.702,fbb4a9fb-28d9-4c71-bdd4-e9994bf32bf2,Edge computing reduces latency by processing data closer,nano,2,12.0,ok,nano,1788503830.0443246,25.163,408.053,2
765.916,1,777.887,1788503831.1787026,2,b01-o02-nano-c2,,8,False,387.464,llama3.2:1b,etri-dev0001-jetorn,ACTIVE,378.452,d17d549c-5d4e-472e-960c-3c6491e451cd,Edge computing reduces latency by processing data closer,nano,2,12.0,ok,nano,1788503830.4008226,24.511,439.272,2
778.143,1,784.486,1788503831.5681682,2,b01-o02-nano-c2,,8,False,395.543,llama3.2:1b,etri-dev0001-jetorn,ACTIVE,382.6,240b1e44-1337-4664-a0d9-536e1b28795d,Edge computing reduces latency by processing data closer,nano,2,12.0,ok,nano,1788503830.783685,27.082,488.191,2
744.864,1,762.872,1788503831.941688,2,b01-o02-nano-c2,,8,False,373.005,llama3.2:1b,etri-dev0001-jetorn,ACTIVE,371.858,092b1a34-ebc4-4a3f-aff9-f4dbf0f52be8,Edge computing reduces latency by processing data closer,nano,2,12.0,ok,nano,1788503831.178818,25.451,432.165,2
764.164,1,774.833,1788503832.343144,2,b01-o02-nano-c2,,8,False,398.621,llama3.2:1b,etri-dev0001-jetorn,ACTIVE,365.542,d73de6a6-b45a-4966-92b0-9ec26583f3c2,Edge computing reduces latency by processing data closer,nano,2,12.0,ok,nano,1788503831.5683124,23.201,422.031,2
739.84,1,759.934,1788503832.7017062,2,b01-o02-nano-c2,,8,False,356.95,llama3.2:1b,etri-dev0001-jetorn,ACTIVE,382.89,1b3fb01d-2055-4c62-977c-d48cd1f8ef50,Edge computing reduces latency by processing data closer,nano,2,12.0,ok,nano,1788503831.9417763,26.461,439.954,2
691.753,1,717.221,1788503833.0604193,2,b01-o02-nano-c2,,8,False,359.439,llama3.2:1b,etri-dev0001-jetorn,ACTIVE,332.314,577573ff-797d-4e80-a922-8b66ee35d2d3,Edge computing reduces latency by processing data closer,nano,2,12.0,ok,nano,1788503832.3431988,26.847,391.967,2
738.306,1,749.683,1788503833.4514918,2,b01-o02-nano-c2,,8,False,389.53,llama3.2:1b,etri-dev0001-jetorn,ACTIVE,348.775,08677216-5d92-46bf-ab49-e6c418bf99ab,Edge computing reduces latency by processing data closer,nano,2,12.0,ok,nano,1788503832.7018092,24.073,404.627,2
833.956,1,840.87,1788503833.9013088,2,b01-o02-nano-c2,,8,False,448.782,llama3.2:1b,etri-dev0001-jetorn,ACTIVE,385.174,9ad136d4-0c16-43d4-819f-ad1ee4ca2a74,Edge computing reduces latency by processing data closer,nano,2,12.0,ok,nano,1788503833.0604436,26.627,534.861,2
792.146,1,803.193,1788503834.2547052,2,b01-o02-nano-c2,,8,False,354.027,llama3.2:1b,etri-dev0001-jetorn,ACTIVE,438.119,1c758dc1-5691-4a52-af61-d60b17374778,Edge computing reduces latency by processing data closer,nano,2,12.0,ok,nano,1788503833.4515166,26.74,490.512,2
727.782,1,740.356,1788503834.6417685,2,b01-o02-nano-c2,,8,False,384.238,llama3.2:1b,etri-dev0001-jetorn,ACTIVE,343.545,414c75ec-d05a-49a4-86f0-c4ea3ce1bb29,Edge computing reduces latency by processing data closer,nano,2,12.0,ok,nano,1788503833.901418,24.552,399.986,2
776.573,1,782.064,1788503835.0368657,2,b01-o02-nano-c2,,8,False,395.733,llama3.2:1b,etri-dev0001-jetorn,ACTIVE,380.841,7dccb408-3881-45e2-84db-11345af28506,Edge computing reduces latency by processing data closer,nano,2,12.0,ok,nano,1788503834.254806,23.921,436.751,2
759.81,1,771.089,1788503835.412964,2,b01-o02-nano-c2,,8,False,375.324,llama3.2:1b,etri-dev0001-jetorn,ACTIVE,384.485,1b2425ef-3e8e-488c-8b3d-2645aa7fb903,Edge computing reduces latency by processing data closer,nano,2,12.0,ok,nano,1788503834.6418784,26.106,448.113,2
743.85,1,759.662,1788503835.796628,2,b01-o02-nano-c2,,8,False,383.15,llama3.2:1b,etri-dev0001-jetorn,ACTIVE,360.7,79db9056-f0e0-4a56-9aec-2e0e35f98d7e,Edge computing reduces latency by processing data closer,nano,2,12.0,ok,nano,1788503835.0369673,24.432,420.093,2
745.415,1,757.347,1788503836.1703885,2,b01-o02-nano-c2,,8,False,372.944,llama3.2:1b,etri-dev0001-jetorn,ACTIVE,372.471,d5c594df-fe91-45c9-8fc9-386642f0021c,Edge computing reduces latency by processing data closer,nano,2,12.0,ok,nano,1788503835.4130437,25.289,431.804,2
739.23,1,749.343,1788503836.5459926,2,b01-o02-nano-c2,,8,False,366.961,llama3.2:1b,etri-dev0001-jetorn,ACTIVE,372.269,c37cc807-8c71-4c8d-8e7e-883da20c3d44,Edge computing reduces latency by processing data closer,nano,2,12.0,ok,nano,1788503835.7966535,25.849,430.265,2
747.848,1,762.736,1788503836.9331617,2,b01-o02-nano-c2,,8,False,385.491,llama3.2:1b,etri-dev0001-jetorn,ACTIVE,362.357,6d0136cd-a870-4ccf-b061-47e2d95c3804,Edge computing reduces latency by processing data closer,nano,2,12.0,ok,nano,1788503836.1704314,24.164,420.753,2
770.291,1,790.097,1788503837.3362277,2,b01-o02-nano-c2,,8,False,402.716,llama3.2:1b,etri-dev0001-jetorn,ACTIVE,367.576,15caf619-2d1a-4462-a4fa-cc14d9d53dbe,Edge computing reduces latency by processing data closer,nano,2,12.0,ok,nano,1788503836.5461345,23.265,423.932,2
746.848,1,766.291,1788503837.6995852,2,b01-o02-nano-c2,,8,False,362.934,llama3.2:1b,etri-dev0001-jetorn,ACTIVE,383.914,75c92445-6a92-4142-925d-305a4bb38936,Edge computing reduces latency by processing data closer,nano,2,12.0,ok,nano,1788503836.9332948,26.039,438.705,2
767.583,1,792.982,1788503838.1293235,2,b01-o02-nano-c2,,8,False,428.1,llama3.2:1b,etri-dev0001-jetorn,ACTIVE,339.484,9782ab05-8b94-43c1-9fb4-6c92cc74ef4b,Edge computing reduces latency by processing data closer,nano,2,12.0,ok,nano,1788503837.3363435,21.492,396.235,2
865.543,1,876.916,1788503838.57653,2,b01-o02-nano-c2,,8,False,447.216,llama3.2:1b,etri-dev0001-jetorn,ACTIVE,418.327,b8d64955-be17-4228-8705-09a751e58027,Edge computing reduces latency by processing data closer,nano,2,12.0,ok,nano,1788503837.699618,21.002,486.171,2
880.491,1,899.75,1788503839.0291228,2,b01-o02-nano-c2,,8,False,452.421,llama3.2:1b,etri-dev0001-jetorn,ACTIVE,428.071,d521bfb7-028a-4ddd-b74d-a5b961a27734,Edge computing reduces latency by processing data closer,nano,2,12.0,ok,nano,1788503838.1293736,20.839,496.412,2
1151.702,1,1172.423,1788503839.7490473,2,b01-o02-nano-c2,,8,False,718.657,llama3.2:1b,etri-dev0001-jetorn,ACTIVE,433.045,c338ba60-414b-4232-b362-81c8b463f7c7,Edge computing reduces latency by processing data closer,nano,2,12.0,ok,nano,1788503838.576625,23.816,816.01,2
1063.267,1,1073.013,1788503840.1021657,2,b01-o02-nano-c2,,8,False,353.459,llama3.2:1b,etri-dev0001-jetorn,ACTIVE,709.808,8d113d37-a77d-45fb-a4ed-2a2652af6848,Edge computing reduces latency by processing data closer,nano,2,12.0,ok,nano,1788503839.0291538,26.512,761.829,2
1028.148,1,1044.817,1788503840.7938838,2,b01-o02-nano-c2,,8,False,689.921,llama3.2:1b,etri-dev0001-jetorn,ACTIVE,338.227,b36a21c8-b898-4c15-bca5-73bd2716cdb2,Edge computing reduces latency by processing data closer,nano,2,12.0,ok,nano,1788503839.7490706,22.645,676.056,2
1042.826,1,1052.812,1788503841.1549978,2,b01-o02-nano-c2,,8,False,361.477,llama3.2:1b,etri-dev0001-jetorn,ACTIVE,681.35,9bacc222-5872-4e84-a3da-74ddba87f141,Edge computing reduces latency by processing data closer,nano,2,12.0,ok,nano,1788503840.1021895,26.125,736.907,2
214.985,1,226.596,1788503844.39558,4,b01-o03-spark-c4,,8,False,214.982,llama3.2:1b,etri-ser0002-cgnmsb,ACTIVE,0.003,bbe5b94b-83d6-4b41-a40e-96836cbbca9a,Edge computing reduces latency by processing data closer,spark,3,12.0,ok,spark,1788503844.1689868,45.432,34.881,3
420.426,1,433.373,1788503844.6029568,4,b01-o03-spark-c4,,8,False,208.414,llama3.2:1b,etri-ser0002-cgnmsb,ACTIVE,212.011,878e2cb1-ad71-4645-9434-1669d72d61b3,Edge computing reduces latency by processing data closer,spark,3,12.0,ok,spark,1788503844.1695886,46.073,244.155,3
629.368,1,642.215,1788503844.8125331,4,b01-o03-spark-c4,,8,False,209.204,llama3.2:1b,etri-ser0002-cgnmsb,ACTIVE,420.164,bb12d264-b623-4889-b39e-f682d1912c01,Edge computing reduces latency by processing data closer,spark,3,12.0,ok,spark,1788503844.170322,45.678,452.392,3
837.559,1,849.391,1788503845.0205204,4,b01-o03-spark-c4,,8,False,207.867,llama3.2:1b,etri-ser0002-cgnmsb,ACTIVE,629.692,b590ed16-4dd6-47c1-80fa-e650bc2574e7,Edge computing reduces latency by processing data closer,spark,3,12.0,ok,spark,1788503844.171131,45.832,660.567,3
823.58,1,833.49,1788503845.22915,4,b01-o03-spark-c4,,8,False,207.62,llama3.2:1b,etri-ser0002-cgnmsb,ACTIVE,615.961,2d6d52ee-c04d-4e21-afa6-ed0b66cdaa6f,Edge computing reduces latency by processing data closer,spark,3,12.0,ok,spark,1788503844.3956618,46.176,648.546,3
827.103,1,833.577,1788503845.4366367,4,b01-o03-spark-c4,,8,False,207.25,llama3.2:1b,etri-ser0002-cgnmsb,ACTIVE,619.852,6bf87f7f-cbf9-4a92-a414-f1ac246fe1c7,Edge computing reduces latency by processing data closer,spark,3,12.0,ok,spark,1788503844.603063,46.096,652.412,3
824.155,1,831.07,1788503845.643696,4,b01-o03-spark-c4,,8,False,206.301,llama3.2:1b,etri-ser0002-cgnmsb,ACTIVE,617.854,ea70222a-b1cf-4f2e-aa94-0ea6a3744a1d,Edge computing reduces latency by processing data closer,spark,3,12.0,ok,spark,1788503844.81263,45.981,647.758,3
828.384,1,834.308,1788503845.8548596,4,b01-o03-spark-c4,,8,False,210.93,llama3.2:1b,etri-ser0002-cgnmsb,ACTIVE,617.454,4981a06b-37c9-432f-bdbb-95d733fe2048,Edge computing reduces latency by processing data closer,spark,3,12.0,ok,spark,1788503845.0205557,45.833,651.373,3
827.451,1,833.431,1788503846.0626273,4,b01-o03-spark-c4,,8,False,207.327,llama3.2:1b,etri-ser0002-cgnmsb,ACTIVE,620.124,30040e82-5f6f-4b96-8d64-59da965bd215,Edge computing reduces latency by processing data closer,spark,3,12.0,ok,spark,1788503845.2291994,45.9,653.457,3
827.48,1,831.816,1788503846.268538,4,b01-o03-spark-c4,,8,False,205.56,llama3.2:1b,etri-ser0002-cgnmsb,ACTIVE,621.92,1af7a7a4-e78c-43f0-9a30-8fb4fb92d7fb,Edge computing reduces latency by processing data closer,spark,3,12.0,ok,spark,1788503845.4367232,45.505,649.917,3
825.006,1,830.618,1788503846.4744065,4,b01-o03-spark-c4,,8,False,206.209,llama3.2:1b,etri-ser0002-cgnmsb,ACTIVE,618.796,8a6767d0-c543-46df-b646-b463f8e056a7,Edge computing reduces latency by processing data closer,spark,3,12.0,ok,spark,1788503845.6437895,45.658,649.386,3
819.582,1,825.776,1788503846.6807234,4,b01-o03-spark-c4,,8,False,205.506,llama3.2:1b,etri-ser0002-cgnmsb,ACTIVE,614.076,f96a720d-439e-4cf8-96fc-59e17217afe6,Edge computing reduces latency by processing data closer,spark,3,12.0,ok,spark,1788503845.8549497,45.847,642.091,3
824.924,1,827.669,1788503846.8903792,4,b01-o03-spark-c4,,8,False,208.906,llama3.2:1b,etri-ser0002-cgnmsb,ACTIVE,616.018,6779f395-afe2-4438-96e5-7dcea544b906,Edge computing reduces latency by processing data closer,spark,3,12.0,ok,spark,1788503846.0627124,45.905,648.613,3
826.253,1,829.604,1788503847.0981808,4,b01-o03-spark-c4,,8,False,207.72,llama3.2:1b,etri-ser0002-cgnmsb,ACTIVE,618.533,905e881b-714c-4bfc-8046-61d3ae63e9de,Edge computing reduces latency by processing data closer,spark,3,12.0,ok,spark,1788503846.2685778,45.802,649.006,3
832.406,1,834.024,1788503847.308457,4,b01-o03-spark-c4,,8,False,209.8,llama3.2:1b,etri-ser0002-cgnmsb,ACTIVE,622.606,333ca608-21e5-493d-92a1-b01636850be7,Edge computing reduces latency by processing data closer,spark,3,12.0,ok,spark,1788503846.474434,45.913,658.118,3
826.623,1,832.479,1788503847.5132642,4,b01-o03-spark-c4,,8,False,204.338,llama3.2:1b,etri-ser0002-cgnmsb,ACTIVE,622.286,6d342b86-79c7-4307-a5fe-66955c4b3959,Edge computing reduces latency by processing data closer,spark,3,12.0,ok,spark,1788503846.6807854,45.98,651.687,3
824.168,1,829.246,1788503847.719674,4,b01-o03-spark-c4,,8,False,206.261,llama3.2:1b,etri-ser0002-cgnmsb,ACTIVE,617.907,0fb42295-56f8-4af0-b934-0b1dbfd52f41,Edge computing reduces latency by processing data closer,spark,3,12.0,ok,spark,1788503846.890429,45.869,647.525,3
825.443,1,832.179,1788503847.9303842,4,b01-o03-spark-c4,,8,False,209.635,llama3.2:1b,etri-ser0002-cgnmsb,ACTIVE,615.808,fdfa9154-682c-450e-bc7c-0cf61d6a87eb,Edge computing reduces latency by processing data closer,spark,3,12.0,ok,spark,1788503847.0982072,45.772,648.31,3
826.783,1,829.298,1788503848.1377795,4,b01-o03-spark-c4,,8,False,207.712,llama3.2:1b,etri-ser0002-cgnmsb,ACTIVE,619.07,9761861a-af65-47b5-ac3f-682f341289ec,Edge computing reduces latency by processing data closer,spark,3,12.0,ok,spark,1788503847.3084831,45.917,651.478,3
830.082,1,834.179,1788503848.347464,4,b01-o03-spark-c4,,8,False,208.69,llama3.2:1b,etri-ser0002-cgnmsb,ACTIVE,621.392,c00251bb-5ee1-47a3-b266-787d0486d72b,Edge computing reduces latency by processing data closer,spark,3,12.0,ok,spark,1788503847.5132885,46.039,654.538,3
828.786,1,834.253,1788503848.5539498,4,b01-o03-spark-c4,,8,False,206.327,llama3.2:1b,etri-ser0002-cgnmsb,ACTIVE,622.46,e9d08de6-4493-4813-8a5f-4b203986d6d8,Edge computing reduces latency by processing data closer,spark,3,12.0,ok,spark,1788503847.7197003,45.985,654.83,3
822.102,1,828.943,1788503848.7593758,4,b01-o03-spark-c4,,8,False,204.473,llama3.2:1b,etri-ser0002-cgnmsb,ACTIVE,617.629,10e37c36-419f-4f8b-8c6e-f69efca36315,Edge computing reduces latency by processing data closer,spark,3,12.0,ok,spark,1788503847.9304366,46.125,645.809,3
825.435,1,831.81,1788503848.9696207,4,b01-o03-spark-c4,,8,False,210.249,llama3.2:1b,etri-ser0002-cgnmsb,ACTIVE,615.186,2f382e54-5fdd-45e5-8320-8b8119518971,Edge computing reduces latency by processing data closer,spark,3,12.0,ok,spark,1788503848.1378176,45.88,648.806,3
824.771,1,831.525,1788503849.1790674,4,b01-o03-spark-c4,,8,False,209.329,llama3.2:1b,etri-ser0002-cgnmsb,ACTIVE,615.442,5004d34c-5d61-4312-a612-8ecc40967730,Edge computing reduces latency by processing data closer,spark,3,12.0,ok,spark,1788503848.3475454,45.43,648.279,3
825.912,1,829.958,1788503849.3839972,4,b01-o03-spark-c4,,8,False,204.231,llama3.2:1b,etri-ser0002-cgnmsb,ACTIVE,621.681,f60434b5-e46e-4e5e-8d8a-9bf97aa6cdf7,Edge computing reduces latency by processing data closer,spark,3,12.0,ok,spark,1788503848.5540426,45.74,649.354,3
824.808,1,831.201,1788503849.5906637,4,b01-o03-spark-c4,,8,False,206.99,llama3.2:1b,etri-ser0002-cgnmsb,ACTIVE,617.819,704f7b9a-e286-4b07-b996-2767bc07d576,Edge computing reduces latency by processing data closer,spark,3,12.0,ok,spark,1788503848.7594645,46.209,649.848,3
821.022,1,828.06,1788503849.797803,4,b01-o03-spark-c4,,8,False,206.653,llama3.2:1b,etri-ser0002-cgnmsb,ACTIVE,614.369,a27ad6eb-8399-435d-8653-bc05a308d3ab,Edge computing reduces latency by processing data closer,spark,3,12.0,ok,spark,1788503848.9697447,46.166,645.282,3
824.783,1,826.879,1788503850.0060306,4,b01-o03-spark-c4,,8,False,208.585,llama3.2:1b,etri-ser0002-cgnmsb,ACTIVE,616.198,e3fa5234-f615-405b-bd44-1598cdc7d745,Edge computing reduces latency by processing data closer,spark,3,12.0,ok,spark,1788503849.179152,45.996,648.897,3
824.068,1,831.23,1788503850.2153075,4,b01-o03-spark-c4,,8,False,208.414,llama3.2:1b,etri-ser0002-cgnmsb,ACTIVE,615.655,f9100da7-421a-441c-bb3f-3342be388ab6,Edge computing reduces latency by processing data closer,spark,3,12.0,ok,spark,1788503849.3840797,46.238,649.013,3
826.911,1,831.526,1788503850.422287,4,b01-o03-spark-c4,,8,False,206.597,llama3.2:1b,etri-ser0002-cgnmsb,ACTIVE,620.314,711dd429-cd45-4662-a440-f5db8f168247,Edge computing reduces latency by processing data closer,spark,3,12.0,ok,spark,1788503849.5907629,46.461,652.777,3
827.81,1,833.991,1788503850.6318216,4,b01-o03-spark-c4,,8,False,208.502,llama3.2:1b,etri-ser0002-cgnmsb,ACTIVE,619.307,54d7c3d3-59a8-48b3-a613-38bea79b15a2,Edge computing reduces latency by processing data closer,spark,3,12.0,ok,spark,1788503849.797836,46.247,652.702,3
826.959,1,833.165,1788503850.8392172,4,b01-o03-spark-c4,,8,False,206.909,llama3.2:1b,etri-ser0002-cgnmsb,ACTIVE,620.05,ed88167e-90f4-4219-b9db-4a426b43ea09,Edge computing reduces latency by processing data closer,spark,3,12.0,ok,spark,1788503850.0060556,46.054,652.477,3
823.829,1,828.684,1788503851.0440419,4,b01-o03-spark-c4,,8,False,204.793,llama3.2:1b,etri-ser0002-cgnmsb,ACTIVE,619.036,641a8534-281b-440d-b9e0-ad678c509fa0,Edge computing reduces latency by processing data closer,spark,3,12.0,ok,spark,1788503850.2153585,45.942,647.069,3
827.761,1,834.112,1788503851.2564292,4,b01-o03-spark-c4,,8,False,210.913,llama3.2:1b,etri-ser0002-cgnmsb,ACTIVE,616.848,7b0a8e55-d6ea-4ec3-a602-d6297e489fa5,Edge computing reduces latency by processing data closer,spark,3,12.0,ok,spark,1788503850.422321,46.204,651.933,3
823.643,1,829.791,1788503851.4617183,4,b01-o03-spark-c4,,8,False,205.505,llama3.2:1b,etri-ser0002-cgnmsb,ACTIVE,618.139,bbe6ad9d-7416-49af-812a-8922c75cdb9f,Edge computing reduces latency by processing data closer,spark,3,12.0,ok,spark,1788503850.6319313,46.175,650.812,3
822.751,1,825.525,1788503851.6648467,4,b01-o03-spark-c4,,8,False,202.733,llama3.2:1b,etri-ser0002-cgnmsb,ACTIVE,620.018,45960878-9533-4e88-b59f-c9ddebbfacf1,Edge computing reduces latency by processing data closer,spark,3,12.0,ok,spark,1788503850.8393252,46.285,648.378,3
823.114,1,830.538,1788503851.8746006,4,b01-o03-spark-c4,,8,False,208.829,llama3.2:1b,etri-ser0002-cgnmsb,ACTIVE,614.285,68447a05-be12-4148-b938-a40f80b300e8,Edge computing reduces latency by processing data closer,spark,3,12.0,ok,spark,1788503851.044066,46.127,647.703,3
821.861,1,827.701,1788503852.0842142,4,b01-o03-spark-c4,,8,False,210.06,llama3.2:1b,etri-ser0002-cgnmsb,ACTIVE,611.802,e7bebf65-7097-46b3-9213-25ea4b0acdb5,Edge computing reduces latency by processing data closer,spark,3,12.0,ok,spark,1788503851.2565165,45.441,645.902,3
824.083,1,826.909,1788503852.2887146,4,b01-o03-spark-c4,,8,False,204.548,llama3.2:1b,etri-ser0002-cgnmsb,ACTIVE,619.536,303ecaaf-c5b2-4410-8c2c-36a1e1065b5a,Edge computing reduces latency by processing data closer,spark,3,12.0,ok,spark,1788503851.461807,45.69,647.498,3
828.498,1,835.272,1788503852.5002072,4,b01-o03-spark-c4,,8,False,210.637,llama3.2:1b,etri-ser0002-cgnmsb,ACTIVE,617.861,f728e7f7-70c6-47af-91c2-e9d63f9e6a6f,Edge computing reduces latency by processing data closer,spark,3,12.0,ok,spark,1788503851.6649356,45.648,651.669,3
826.815,1,833.053,1788503852.7077136,4,b01-o03-spark-c4,,8,False,207.592,llama3.2:1b,etri-ser0002-cgnmsb,ACTIVE,619.223,be7ada2d-9502-4e7f-8516-1182d0380a19,Edge computing reduces latency by processing data closer,spark,3,12.0,ok,spark,1788503851.8746612,45.48,650.966,3
825.029,1,827.169,1788503852.911512,4,b01-o03-spark-c4,,8,False,203.831,llama3.2:1b,etri-ser0002-cgnmsb,ACTIVE,621.198,731ce1a4-be34-469b-baca-d7d292734a4f,Edge computing reduces latency by processing data closer,spark,3,12.0,ok,spark,1788503852.0843441,46.206,649.568,3
826.327,1,833.469,1788503853.122205,4,b01-o03-spark-c4,,8,False,209.38,llama3.2:1b,etri-ser0002-cgnmsb,ACTIVE,616.947,d2913fce-d26a-4ed4-8a85-70b24b66b89a,Edge computing reduces latency by processing data closer,spark,3,12.0,ok,spark,1788503852.2887423,45.854,649.287,3
823.901,1,828.115,1788503853.3283434,4,b01-o03-spark-c4,,8,False,206.077,llama3.2:1b,etri-ser0002-cgnmsb,ACTIVE,617.824,fbc84e59-578f-413c-b74f-159df561a50c,Edge computing reduces latency by processing data closer,spark,3,12.0,ok,spark,1788503852.5002325,46.078,648.426,3
822.617,1,825.394,1788503853.5331266,4,b01-o03-spark-c4,,8,False,204.279,llama3.2:1b,etri-ser0002-cgnmsb,ACTIVE,618.338,4d6686d2-b1c9-4041-b14c-78ce5feaa58e,Edge computing reduces latency by processing data closer,spark,3,12.0,ok,spark,1788503852.707738,46.004,647.972,3
824.15,1,829.467,1788503853.7410104,4,b01-o03-spark-c4,,8,False,208.004,llama3.2:1b,etri-ser0002-cgnmsb,ACTIVE,616.146,5fde6155-73bb-461c-b020-93cfabfb0dc0,Edge computing reduces latency by processing data closer,spark,3,12.0,ok,spark,1788503852.9115446,45.5,646.775,3
820.08,1,826.602,1788503853.9489615,4,b01-o03-spark-c4,,8,False,206.739,llama3.2:1b,etri-ser0002-cgnmsb,ACTIVE,613.341,07118ab2-0a0a-4e74-81e2-61efb7305a3c,Edge computing reduces latency by processing data closer,spark,3,12.0,ok,spark,1788503853.1223617,45.902,646.054,3
817.611,1,823.777,1788503854.152209,4,b01-o03-spark-c4,,8,False,203.047,llama3.2:1b,etri-ser0002-cgnmsb,ACTIVE,614.565,efc71ba3-2e13-433e-8c08-51e812bc6abc,Edge computing reduces latency by processing data closer,spark,3,12.0,ok,spark,1788503853.3284335,46.151,642.493,3
822.324,1,827.571,1788503854.3608997,4,b01-o03-spark-c4,,8,False,207.629,llama3.2:1b,etri-ser0002-cgnmsb,ACTIVE,614.695,d23d2fe4-8844-4332-b4f3-68f8040d7905,Edge computing reduces latency by processing data closer,spark,3,12.0,ok,spark,1788503853.533332,46.107,646.804,3
819.915,1,825.84,1788503854.5668755,4,b01-o03-spark-c4,,8,False,206.642,llama3.2:1b,etri-ser0002-cgnmsb,ACTIVE,613.273,87326594-a701-40b5-a961-990fca993822,Edge computing reduces latency by processing data closer,spark,3,12.0,ok,spark,1788503853.7410393,45.862,644.355,3
821.858,1,824.601,1788503854.7736132,4,b01-o03-spark-c4,,8,False,206.087,llama3.2:1b,etri-ser0002-cgnmsb,ACTIVE,615.771,6593d34d-e542-46ef-ad63-fc2e34723235,Edge computing reduces latency by processing data closer,spark,3,12.0,ok,spark,1788503853.949018,45.812,645.01,3
825.502,1,830.779,1788503854.9830525,4,b01-o03-spark-c4,,8,False,209.233,llama3.2:1b,etri-ser0002-cgnmsb,ACTIVE,616.269,4df2cc01-78a8-4dad-83ca-70da6956c725,Edge computing reduces latency by processing data closer,spark,3,12.0,ok,spark,1788503854.1522763,45.961,649.62,3
825.542,1,830.585,1788503855.1916053,4,b01-o03-spark-c4,,8,False,207.944,llama3.2:1b,etri-ser0002-cgnmsb,ACTIVE,617.598,e0a0154e-07c8-40ff-b4d4-c311ee403c02,Edge computing reduces latency by processing data closer,spark,3,12.0,ok,spark,1788503854.361024,46.013,649.711,3
827.405,1,830.714,1788503855.3976688,4,b01-o03-spark-c4,,8,False,205.56,llama3.2:1b,etri-ser0002-cgnmsb,ACTIVE,621.845,324558a3-c9a3-4df8-9266-15513c8d3bfd,Edge computing reduces latency by processing data closer,spark,3,12.0,ok,spark,1788503854.5669582,46.292,653.677,3
821.925,1,828.259,1788503855.6019871,4,b01-o03-spark-c4,,8,False,203.86,llama3.2:1b,etri-ser0002-cgnmsb,ACTIVE,618.065,091f8015-fe11-4011-a141-6bb3617bc01f,Edge computing reduces latency by processing data closer,spark,3,12.0,ok,spark,1788503854.7737336,45.938,647.299,3
816.114,1,821.775,1788503855.804931,4,b01-o03-spark-c4,,8,False,203.019,llama3.2:1b,etri-ser0002-cgnmsb,ACTIVE,613.094,3caf586c-eafe-4dbe-be82-4be20a6262dd,Edge computing reduces latency by processing data closer,spark,3,12.0,ok,spark,1788503854.9831595,46.093,640.691,3
814.5,1,820.822,1788503856.012507,4,b01-o03-spark-c4,,8,False,206.836,llama3.2:1b,etri-ser0002-cgnmsb,ACTIVE,607.664,a2bb17ce-6ebb-49f4-8b3e-87061731eda6,Edge computing reduces latency by processing data closer,spark,3,12.0,ok,spark,1788503855.1916878,45.994,638.395,3
817.482,1,821.282,1788503856.2190306,4,b01-o03-spark-c4,,8,False,206.209,llama3.2:1b,etri-ser0002-cgnmsb,ACTIVE,611.273,b26596ab-a528-49ee-9adb-4fe40bbd4dc8,Edge computing reduces latency by processing data closer,spark,3,12.0,ok,spark,1788503855.3977516,45.985,641.801,3
820.234,1,822.894,1788503856.4249969,4,b01-o03-spark-c4,,8,False,205.985,llama3.2:1b,etri-ser0002-cgnmsb,ACTIVE,614.25,3d12aabe-c42b-4141-8118-36c527be5eeb,Edge computing reduces latency by processing data closer,spark,3,12.0,ok,spark,1788503855.602103,45.989,645.68,3
823.748,1,830.096,1788503856.635165,4,b01-o03-spark-c4,,8,False,209.608,llama3.2:1b,etri-ser0002-cgnmsb,ACTIVE,614.139,b9c2bbab-6c35-4243-b37e-6887570a6379,Edge computing reduces latency by processing data closer,spark,3,12.0,ok,spark,1788503855.80507,45.868,647.149,3
823.314,1,829.122,1788503856.841748,4,b01-o03-spark-c4,,8,False,206.181,llama3.2:1b,etri-ser0002-cgnmsb,ACTIVE,617.133,bf9388e5-1395-4637-b7b3-bc567af04278,Edge computing reduces latency by processing data closer,spark,3,12.0,ok,spark,1788503856.0126286,45.902,648.779,3
240.911,1,256.612,1788503860.1129484,16,b01-o04-agx-c16,,8,False,240.899,llama3.2:1b,etri-ser0001-cg0msb,ACTIVE,0.012,20a605fb-a77a-4463-99fc-e3ffa5e33d7a,Edge computing reduces latency by processing data closer,agx,4,12.0,ok,agx,1788503859.8563373,43.014,91.035,4
440.348,1,461.687,1788503860.3188977,16,b01-o04-agx-c16,,8,False,205.861,llama3.2:1b,etri-ser0001-cg0msb,ACTIVE,234.487,43ac1f6d-e2e9-4f1d-b2cb-a2c60c045b2e,Edge computing reduces latency by processing data closer,agx,4,12.0,ok,agx,1788503859.8572116,45.271,263.483,4
646.038,1,671.331,1788503860.5307748,16,b01-o04-agx-c16,,8,False,211.738,llama3.2:1b,etri-ser0001-cg0msb,ACTIVE,434.3,d1c6095a-9d17-4209-8d53-ffbff4e88ae7,Edge computing reduces latency by processing data closer,agx,4,12.0,ok,agx,1788503859.8594456,43.683,462.705,4
854.526,1,881.12,1788503860.7393239,16,b01-o04-agx-c16,,8,False,208.632,llama3.2:1b,etri-ser0001-cg0msb,ACTIVE,645.894,8508bac1-448f-475a-b02b-a08e56e2cab4,Edge computing reduces latency by processing data closer,agx,4,12.0,ok,agx,1788503859.8582056,44.547,674.779,4
1045.275,1,1077.27,1788503860.9390283,16,b01-o04-agx-c16,,8,False,199.398,llama3.2:1b,etri-ser0001-cg0msb,ACTIVE,845.876,2bce2540-b867-47c7-b9db-d52a887557e4,Edge computing reduces latency by processing data closer,agx,4,12.0,ok,agx,1788503859.8617597,46.505,873.069,4
1249.98,1,1281.307,1788503861.1440325,16,b01-o04-agx-c16,,8,False,204.862,llama3.2:1b,etri-ser0001-cg0msb,ACTIVE,1045.119,34a47549-8613-43b2-bb47-5ab1d9ee792d,Edge computing reduces latency by processing data closer,agx,4,12.0,ok,agx,1788503859.8627267,45.187,1072.576,4
1409.295,1,1504.176,1788503861.3716118,16,b01-o04-agx-c16,,8,False,227.441,llama3.2:1b,etri-ser0001-cg0msb,ACTIVE,1181.854,d1a7e5b0-d1d8-48f8-ae31-8e98e4dbb809,Edge computing reduces latency by processing data closer,agx,4,12.0,ok,agx,1788503859.8674374,40.14,1209.785,4
1613.104,1,1714.643,1788503861.5753787,16,b01-o04-agx-c16,,8,False,203.738,llama3.2:1b,etri-ser0001-cg0msb,ACTIVE,1409.365,c40160e5-6189-4ead-bc53-42ab2cb347f8,Edge computing reduces latency by processing data closer,agx,4,12.0,ok,agx,1788503859.860737,46.142,1439.505,4
1814.761,1,1912.174,1788503861.7770534,16,b01-o04-agx-c16,,8,False,201.665,llama3.2:1b,etri-ser0001-cg0msb,ACTIVE,1613.096,ab9d4054-a037-43b7-8a4a-59a5cbfdf668,Edge computing reduces latency by processing data closer,agx,4,12.0,ok,agx,1788503859.8648808,45.77,1639.694,4
2011.035,1,2107.44,1788503861.976288,16,b01-o04-agx-c16,,8,False,199.208,llama3.2:1b,etri-ser0001-cg0msb,ACTIVE,1811.827,04246ef8-58fe-4410-8f96-dfe2120360b6,Edge computing reduces latency by processing data closer,agx,4,12.0,ok,agx,1788503859.8688495,46.699,1839.53,4
2219.309,1,2315.018,1788503862.1849425,16,b01-o04-agx-c16,,8,False,208.383,llama3.2:1b,etri-ser0001-cg0msb,ACTIVE,2010.926,07f83d46-9acf-4b23-b722-a5365266ee27,Edge computing reduces latency by processing data closer,agx,4,12.0,ok,agx,1788503859.8699262,44.129,2037.708,4
2426.733,1,2521.494,1788503862.3924842,16,b01-o04-agx-c16,,8,False,207.444,llama3.2:1b,etri-ser0001-cg0msb,ACTIVE,2219.288,14ec0593-fd27-40e7-85c9-3dd6289147c3,Edge computing reduces latency by processing data closer,agx,4,12.0,ok,agx,1788503859.8709917,44.545,2246.952,4
2626.07,1,2719.253,1788503862.5923367,16,b01-o04-agx-c16,,8,False,199.726,llama3.2:1b,etri-ser0001-cg0msb,ACTIVE,2426.344,231d2bca-2ae4-4cdb-a31b-080e2a50c1be,Edge computing reduces latency by processing data closer,agx,4,12.0,ok,agx,1788503859.8730855,46.324,2453.016,4
2828.157,1,2919.668,1788503862.794683,16,b01-o04-agx-c16,,8,False,202.222,llama3.2:1b,etri-ser0001-cg0msb,ACTIVE,2625.935,d23b723c-d877-4192-af47-f44d9bdc752b,Edge computing reduces latency by processing data closer,agx,4,12.0,ok,agx,1788503859.875016,46.111,2654.474,4
3034.764,1,3123.521,1788503863.0016458,16,b01-o04-agx-c16,,8,False,206.849,llama3.2:1b,etri-ser0001-cg0msb,ACTIVE,2827.915,6d3dc168-8d98-472e-ac1d-84609b5c154c,Edge computing reduces latency by processing data closer,agx,4,12.0,ok,agx,1788503859.8781266,44.684,2855.446,4
3101.269,1,3103.175,1788503863.2161586,16,b01-o04-agx-c16,,8,False,214.48,llama3.2:1b,etri-ser0001-cg0msb,ACTIVE,2886.789,c56bd888-a198-4537-a898-c89d7d7a71ce,Edge computing reduces latency by processing data closer,agx,4,12.0,ok,agx,1788503860.1129854,42.969,2914.813,4
3109.731,1,3111.617,1788503863.4305487,16,b01-o04-agx-c16,,8,False,214.198,llama3.2:1b,etri-ser0001-cg0msb,ACTIVE,2895.534,a1a0bc48-2a5c-4da5-af96-025865079ff3,Edge computing reduces latency by processing data closer,agx,4,12.0,ok,agx,1788503860.3189347,43.126,2923.938,4
3105.998,1,3108.07,1788503863.6388805,16,b01-o04-agx-c16,,8,False,208.254,llama3.2:1b,etri-ser0001-cg0msb,ACTIVE,2897.744,aa5e9107-25ec-491b-9d8d-c66bff484b08,Edge computing reduces latency by processing data closer,agx,4,12.0,ok,agx,1788503860.5308123,44.441,2925.809,4
3119.313,1,3121.343,1788503863.8607023,16,b01-o04-agx-c16,,8,False,221.711,llama3.2:1b,etri-ser0001-cg0msb,ACTIVE,2897.601,46d5b4dd-fe04-4c6a-b12c-33dd92cf65df,Edge computing reduces latency by processing data closer,agx,4,12.0,ok,agx,1788503860.7393613,41.569,2926.573,4
3149.719,1,4198.746,1788503864.0757039,16,b01-o04-agx-c16,,8,False,214.93,llama3.2:1b,etri-ser0001-cg0msb,ACTIVE,2934.789,6c22cea7-3a18-4f97-beeb-b1fb7ae67541,Edge computing reduces latency by processing data closer,agx,4,12.0,ok,agx,1788503859.8769586,43.21,2964.272,4
3349.401,1,3351.098,1788503864.29016,16,b01-o04-agx-c16,,8,False,214.562,llama3.2:1b,etri-ser0001-cg0msb,ACTIVE,3134.839,85a16cac-071e-4893-a8d4-9d6795a120e4,Edge computing reduces latency by processing data closer,agx,4,12.0,ok,agx,1788503860.939064,43.57,3165.603,4
3346.565,1,3348.575,1788503864.4926422,16,b01-o04-agx-c16,,8,False,202.107,llama3.2:1b,etri-ser0001-cg0msb,ACTIVE,3144.458,66d7578d-862c-4d01-baca-9e551efb6a7a,Edge computing reduces latency by processing data closer,agx,4,12.0,ok,agx,1788503861.1440692,45.976,3172.347,4
3323.382,1,3325.106,1788503864.696754,16,b01-o04-agx-c16,,8,False,204.002,llama3.2:1b,etri-ser0001-cg0msb,ACTIVE,3119.38,9a9fb668-4f56-45c1-8c0e-70ec2c59f985,Edge computing reduces latency by processing data closer,agx,4,12.0,ok,agx,1788503861.3716505,45.299,3146.367,4
3322.73,1,3324.924,1788503864.9003341,16,b01-o04-agx-c16,,8,False,203.413,llama3.2:1b,etri-ser0001-cg0msb,ACTIVE,3119.317,4e1f72b8-c7d3-4943-b990-e85ec53a1d3f,Edge computing reduces latency by processing data closer,agx,4,12.0,ok,agx,1788503861.5754123,45.891,3148.087,4
3327.474,1,3329.436,1788503865.1065242,16,b01-o04-agx-c16,,8,False,206.166,llama3.2:1b,etri-ser0001-cg0msb,ACTIVE,3121.308,c3739285-93c8-4fce-a3d5-356da8a7063b,Edge computing reduces latency by processing data closer,agx,4,12.0,ok,agx,1788503861.77709,44.93,3149.123,4
3329.578,1,3331.478,1788503865.307801,16,b01-o04-agx-c16,,8,False,201.164,llama3.2:1b,etri-ser0001-cg0msb,ACTIVE,3128.414,23fc38fa-1307-44c3-bb4d-055e1992ee6e,Edge computing reduces latency by processing data closer,agx,4,12.0,ok,agx,1788503861.9763253,46.306,3156.541,4
3322.541,1,3324.382,1788503865.5093567,16,b01-o04-agx-c16,,8,False,201.404,llama3.2:1b,etri-ser0001-cg0msb,ACTIVE,3121.137,22f75486-1fc3-4947-a959-daa0f9c8e836,Edge computing reduces latency by processing data closer,agx,4,12.0,ok,agx,1788503862.184977,45.957,3147.855,4
3316.388,1,3318.294,1788503865.710814,16,b01-o04-agx-c16,,8,False,201.386,llama3.2:1b,etri-ser0001-cg0msb,ACTIVE,3115.003,74cdf696-9c06-4a02-8173-6f803d82cdf4,Edge computing reduces latency by processing data closer,agx,4,12.0,ok,agx,1788503862.3925216,45.897,3141.879,4
3321.852,1,3323.872,1788503865.9162343,16,b01-o04-agx-c16,,8,False,205.263,llama3.2:1b,etri-ser0001-cg0msb,ACTIVE,3116.589,2e8f3a16-e7ae-4b01-9ef6-81b2887d07dd,Edge computing reduces latency by processing data closer,agx,4,12.0,ok,agx,1788503862.5923705,45.067,3144.199,4
3328.782,1,3330.854,1788503866.1255722,16,b01-o04-agx-c16,,8,False,209.288,llama3.2:1b,etri-ser0001-cg0msb,ACTIVE,3119.494,f06fb6bd-38d3-4582-b386-b3e8caf30729,Edge computing reduces latency by processing data closer,agx,4,12.0,ok,agx,1788503862.79472,44.264,3147.807,4
3320.08,1,3322.04,1788503866.3237205,16,b01-o04-agx-c16,,8,False,198.071,llama3.2:1b,etri-ser0001-cg0msb,ACTIVE,3122.009,a4f0179d-0c51-41b8-8fda-d6129c362d99,Edge computing reduces latency by processing data closer,agx,4,12.0,ok,agx,1788503863.001683,46.874,3149.103,4
3308.63,1,3310.507,1788503866.5266967,16,b01-o04-agx-c16,,8,False,202.823,llama3.2:1b,etri-ser0001-cg0msb,ACTIVE,3105.807,27f432a4-4d9d-48a9-abdc-06c88c591a69,Edge computing reduces latency by processing data closer,agx,4,12.0,ok,agx,1788503863.2161918,45.493,3132.464,4
3299.349,1,3301.352,1788503866.7319376,16,b01-o04-agx-c16,,8,False,205.138,llama3.2:1b,etri-ser0001-cg0msb,ACTIVE,3094.21,64ec70df-f110-4dfd-ad10-04727564dbe2,Edge computing reduces latency by processing data closer,agx,4,12.0,ok,agx,1788503863.430588,44.946,3121.172,4
3327.62,1,3329.396,1788503866.96831,16,b01-o04-agx-c16,,8,False,236.368,llama3.2:1b,etri-ser0001-cg0msb,ACTIVE,3091.252,d68c83a6-9e28-4835-954c-73a775e0ab8b,Edge computing reduces latency by processing data closer,agx,4,12.0,ok,agx,1788503863.6389153,38.849,3121.547,4
3327.404,1,3329.205,1788503867.1899416,16,b01-o04-agx-c16,,8,False,221.498,llama3.2:1b,etri-ser0001-cg0msb,ACTIVE,3105.906,728364d6-21d4-41d9-ad00-a4b8a15c37b0,Edge computing reduces latency by processing data closer,agx,4,12.0,ok,agx,1788503863.8607388,41.528,3134.638,4
3327.552,1,3329.159,1788503867.404897,16,b01-o04-agx-c16,,8,False,214.971,llama3.2:1b,etri-ser0001-cg0msb,ACTIVE,3112.581,b21caf39-f6a9-4b15-9da6-996d54673ee0,Edge computing reduces latency by processing data closer,agx,4,12.0,ok,agx,1788503864.07574,43.012,3141.303,4
3342.883,1,3344.789,1788503867.634981,16,b01-o04-agx-c16,,8,False,229.79,llama3.2:1b,etri-ser0001-cg0msb,ACTIVE,3113.093,45cce065-5405-4547-851f-4aab5cbff268,Edge computing reduces latency by processing data closer,agx,4,12.0,ok,agx,1788503864.2901943,40.678,3146.154,4
3367.813,1,3369.752,1788503867.8624275,16,b01-o04-agx-c16,,8,False,227.305,llama3.2:1b,etri-ser0001-cg0msb,ACTIVE,3140.508,9429e8b8-ea56-4a53-83df-09339fb5668e,Edge computing reduces latency by processing data closer,agx,4,12.0,ok,agx,1788503864.492678,40.575,3170.467,4
3392.96,1,3394.774,1788503868.0915627,16,b01-o04-agx-c16,,8,False,229.148,llama3.2:1b,etri-ser0001-cg0msb,ACTIVE,3163.812,7592cce8-e31c-4a00-884f-5ec284db63c9,Edge computing reduces latency by processing data closer,agx,4,12.0,ok,agx,1788503864.6967893,40.236,3193.827,4
3405.013,1,3406.829,1788503868.3071997,16,b01-o04-agx-c16,,8,False,215.625,llama3.2:1b,etri-ser0001-cg0msb,ACTIVE,3189.387,3d63d0e0-6a21-453f-bd71-1bcd1fe9ebda,Edge computing reduces latency by processing data closer,agx,4,12.0,ok,agx,1788503864.9003725,42.976,3218.657,4
3402.794,1,3404.655,1788503868.5112126,16,b01-o04-agx-c16,,8,False,203.695,llama3.2:1b,etri-ser0001-cg0msb,ACTIVE,3199.099,a9c5b27a-d1c3-4c58-97d8-4ca4eec97a3d,Edge computing reduces latency by processing data closer,agx,4,12.0,ok,agx,1788503865.1065595,45.556,3226.877,4
3405.834,1,3407.842,1788503868.7156768,16,b01-o04-agx-c16,,8,False,204.339,llama3.2:1b,etri-ser0001-cg0msb,ACTIVE,3201.496,c214c899-bec3-40df-8336-08e8a9b70cac,Edge computing reduces latency by processing data closer,agx,4,12.0,ok,agx,1788503865.3078365,45.367,3228.99,4
3412.66,1,3414.653,1788503868.9240444,16,b01-o04-agx-c16,,8,False,208.272,llama3.2:1b,etri-ser0001-cg0msb,ACTIVE,3204.388,98570a09-9db7-4212-9233-9b8c5d5fa7d8,Edge computing reduces latency by processing data closer,agx,4,12.0,ok,agx,1788503865.509393,44.537,3232.76,4
3437.283,1,3439.006,1788503869.1498537,16,b01-o04-agx-c16,,8,False,225.733,llama3.2:1b,etri-ser0001-cg0msb,ACTIVE,3211.55,30114889-2b76-4bfc-90d8-5c142bc9be02,Edge computing reduces latency by processing data closer,agx,4,12.0,ok,agx,1788503865.71085,41.399,3243.709,4
3446.943,1,3448.564,1788503869.364839,16,b01-o04-agx-c16,,8,False,215.054,llama3.2:1b,etri-ser0001-cg0msb,ACTIVE,3231.889,4f891fd5-1691-4481-b23d-de31e5f7479f,Edge computing reduces latency by processing data closer,agx,4,12.0,ok,agx,1788503865.9162774,43.008,3260.605,4
3462.805,1,3464.665,1788503869.59027,16,b01-o04-agx-c16,,8,False,225.106,llama3.2:1b,etri-ser0001-cg0msb,ACTIVE,3237.698,3c4f6027-6c2c-450d-9122-f7be29936cae,Edge computing reduces latency by processing data closer,agx,4,12.0,ok,agx,1788503866.1256065,40.797,3266.52,4
3480.307,1,3482.253,1788503869.8060086,16,b01-o04-agx-c16,,8,False,215.549,llama3.2:1b,etri-ser0001-cg0msb,ACTIVE,3264.758,4730b51b-3067-413e-9c68-37a4822655e1,Edge computing reduces latency by processing data closer,agx,4,12.0,ok,agx,1788503866.323758,42.991,3293.422,4
3478.266,1,3480.242,1788503870.006972,16,b01-o04-agx-c16,,8,False,200.871,llama3.2:1b,etri-ser0001-cg0msb,ACTIVE,3277.395,ead6831b-a063-4aa0-b492-2322d60fb88d,Edge computing reduces latency by processing data closer,agx,4,12.0,ok,agx,1788503866.5267317,46.355,3305.511,4
3483.616,1,3485.632,1788503870.2176065,16,b01-o04-agx-c16,,8,False,210.545,llama3.2:1b,etri-ser0001-cg0msb,ACTIVE,3273.071,a139e6a3-475c-4d0b-be72-f47c7e96a13d,Edge computing reduces latency by processing data closer,agx,4,12.0,ok,agx,1788503866.7319772,43.653,3300.045,4
3456.049,1,3457.659,1788503870.4259937,16,b01-o04-agx-c16,,8,False,208.337,llama3.2:1b,etri-ser0001-cg0msb,ACTIVE,3247.712,6fd782a6-d5b9-4797-abbd-63a8a58a445e,Edge computing reduces latency by processing data closer,agx,4,12.0,ok,agx,1788503866.9683368,44.572,3276.347,4
3449.944,1,3451.629,1788503870.6416042,16,b01-o04-agx-c16,,8,False,215.464,llama3.2:1b,etri-ser0001-cg0msb,ACTIVE,3234.48,8d8e4c34-cad0-4748-98d6-9ff387d03998,Edge computing reduces latency by processing data closer,agx,4,12.0,ok,agx,1788503867.189978,42.617,3261.949,4
3451.864,1,3453.761,1788503870.8586974,16,b01-o04-agx-c16,,8,False,217.017,llama3.2:1b,etri-ser0001-cg0msb,ACTIVE,3234.847,9b601600-00f1-4df0-aa96-8bf873ee604b,Edge computing reduces latency by processing data closer,agx,4,12.0,ok,agx,1788503867.4049385,42.857,3264.574,4
3427.362,1,3429.288,1788503871.0643044,16,b01-o04-agx-c16,,8,False,205.455,llama3.2:1b,etri-ser0001-cg0msb,ACTIVE,3221.907,cc5e9446-d53c-491c-9643-4d95956e2c0d,Edge computing reduces latency by processing data closer,agx,4,12.0,ok,agx,1788503867.6350188,44.881,3248.766,4
3410.799,1,3412.418,1788503871.2748837,16,b01-o04-agx-c16,,8,False,210.4,llama3.2:1b,etri-ser0001-cg0msb,ACTIVE,3200.399,abe97cfc-53ad-44c7-aa81-a2d454869b6d,Edge computing reduces latency by processing data closer,agx,4,12.0,ok,agx,1788503867.8624682,44.769,3231.924,4
3386.79,1,3388.795,1788503871.4803798,16,b01-o04-agx-c16,,8,False,205.372,llama3.2:1b,etri-ser0001-cg0msb,ACTIVE,3181.417,2884b1fe-63ea-4cc0-9b90-d28881e1e959,Edge computing reduces latency by processing data closer,agx,4,12.0,ok,agx,1788503868.0915873,45.268,3209.894,4
3378.897,1,3380.918,1788503871.688173,16,b01-o04-agx-c16,,8,False,207.753,llama3.2:1b,etri-ser0001-cg0msb,ACTIVE,3171.144,ac97ec1f-e736-4911-8cd5-ae25aca47709,Edge computing reduces latency by processing data closer,agx,4,12.0,ok,agx,1788503868.3072574,44.73,3199.914,4
3387.252,1,3389.168,1788503871.9004362,16,b01-o04-agx-c16,,8,False,212.267,llama3.2:1b,etri-ser0001-cg0msb,ACTIVE,3174.985,e13b980f-0167-4d1f-a3a3-468ebe328195,Edge computing reduces latency by processing data closer,agx,4,12.0,ok,agx,1788503868.511271,43.71,3203.9,4
3390.192,1,3392.141,1788503872.107851,16,b01-o04-agx-c16,,8,False,207.148,llama3.2:1b,etri-ser0001-cg0msb,ACTIVE,3183.044,d57d9913-21be-47be-946a-62569a27112f,Edge computing reduces latency by processing data closer,agx,4,12.0,ok,agx,1788503868.715712,44.624,3210.779,4
3383.717,1,3385.55,1788503872.3096285,16,b01-o04-agx-c16,,8,False,201.679,llama3.2:1b,etri-ser0001-cg0msb,ACTIVE,3182.038,4dacb8eb-338d-48ca-8da8-70e5cf3dc9cb,Edge computing reduces latency by processing data closer,agx,4,12.0,ok,agx,1788503868.9240804,46.12,3210.047,4
3360.137,1,3362.042,1788503872.5119302,16,b01-o04-agx-c16,,8,False,202.168,llama3.2:1b,etri-ser0001-cg0msb,ACTIVE,3157.969,af610e3f-b09d-4cab-8c02-8af8e74af6f9,Edge computing reduces latency by processing data closer,agx,4,12.0,ok,agx,1788503869.14989,45.939,3185.743,4
3346.283,1,3348.27,1788503872.7131453,16,b01-o04-agx-c16,,8,False,201.173,llama3.2:1b,etri-ser0001-cg0msb,ACTIVE,3145.11,5fbf10e8-8ee3-44b0-a54f-880fb009f860,Edge computing reduces latency by processing data closer,agx,4,12.0,ok,agx,1788503869.3648772,46.26,3173.047,4
3324.238,1,3325.966,1788503872.9162624,16,b01-o04-agx-c16,,8,False,202.923,llama3.2:1b,etri-ser0001-cg0msb,ACTIVE,3121.315,764a4ceb-3b4a-4c7a-830f-92df9a2248b4,Edge computing reduces latency by processing data closer,agx,4,12.0,ok,agx,1788503869.5902991,45.515,3148.136,4
3319.073,1,3320.982,1788503873.1270237,16,b01-o04-agx-c16,,8,False,210.677,llama3.2:1b,etri-ser0001-cg0msb,ACTIVE,3108.395,bd4a483f-121b-4735-ac77-a63d4ad3b50d,Edge computing reduces latency by processing data closer,agx,4,12.0,ok,agx,1788503869.8060439,44.135,3137.549,4
3324.93,1,3326.921,1788503873.3339279,16,b01-o04-agx-c16,,8,False,206.817,llama3.2:1b,etri-ser0001-cg0msb,ACTIVE,3118.113,9513e6a2-17c3-4d81-86d9-2528f87ec418,Edge computing reduces latency by processing data closer,agx,4,12.0,ok,agx,1788503870.007009,44.63,3145.358,4
3319.904,1,3321.801,1788503873.5394404,16,b01-o04-agx-c16,,8,False,205.38,llama3.2:1b,etri-ser0001-cg0msb,ACTIVE,3114.524,fed58786-ef63-4f91-9279-d29c8e73844e,Edge computing reduces latency by processing data closer,agx,4,12.0,ok,agx,1788503870.2176414,45.15,3142.489,4
3327.927,1,3329.752,1788503873.755781,16,b01-o04-agx-c16,,8,False,216.426,llama3.2:1b,etri-ser0001-cg0msb,ACTIVE,3111.501,1be84eed-b6a4-4d2e-a7e8-683b2d0d8dfc,Edge computing reduces latency by processing data closer,agx,4,12.0,ok,agx,1788503870.4260292,42.9,3141.186,4
3313.961,1,3315.666,1788503873.9573088,16,b01-o04-agx-c16,,8,False,201.316,llama3.2:1b,etri-ser0001-cg0msb,ACTIVE,3112.645,d96af3ad-7fc6-463a-be61-00a0cff1e373,Edge computing reduces latency by processing data closer,agx,4,12.0,ok,agx,1788503870.6416442,46.24,3140.671,4
3297.549,1,3299.608,1788503874.158337,16,b01-o04-agx-c16,,8,False,200.849,llama3.2:1b,etri-ser0001-cg0msb,ACTIVE,3096.699,23b7b81f-bb63-41ea-a4d9-ba7c10dcfe13,Edge computing reduces latency by processing data closer,agx,4,12.0,ok,agx,1788503870.8587313,46.002,3123.252,4
3291.31,1,3293.427,1788503874.3577666,16,b01-o04-agx-c16,,8,False,199.34,llama3.2:1b,etri-ser0001-cg0msb,ACTIVE,3091.969,a647dc98-5c0f-47b7-ab95-820d9c227ce6,Edge computing reduces latency by processing data closer,agx,4,12.0,ok,agx,1788503871.0643423,46.738,3119.987,4
3277.945,1,3279.912,1788503874.554829,16,b01-o04-agx-c16,,8,False,196.965,llama3.2:1b,etri-ser0001-cg0msb,ACTIVE,3080.98,a6015e28-3cea-42a8-8e4c-c336049cdab2,Edge computing reduces latency by processing data closer,agx,4,12.0,ok,agx,1788503871.2749188,47.251,3108.354,4
3272.615,1,3274.689,1788503874.7551045,16,b01-o04-agx-c16,,8,False,200.171,llama3.2:1b,etri-ser0001-cg0msb,ACTIVE,3072.444,0595c937-5687-4a55-87d3-909b4c254ec9,Edge computing reduces latency by processing data closer,agx,4,12.0,ok,agx,1788503871.4804182,46.216,3099.137,4
3265.139,1,3266.769,1788503874.9549766,16,b01-o04-agx-c16,,8,False,199.961,llama3.2:1b,etri-ser0001-cg0msb,ACTIVE,3065.178,a14d96b9-e7bb-4644-8950-b790698a61cb,Edge computing reduces latency by processing data closer,agx,4,12.0,ok,agx,1788503871.688209,46.256,3091.879,4
571.799,1,595.174,1788503878.6047742,32,b01-o05-nano-c32,,8,False,571.783,llama3.2:1b,etri-dev0001-jetorn,ACTIVE,0.015,c2d52208-6f44-427c-8360-b9baa1c7e312,Edge computing reduces latency by processing data closer,nano,5,12.0,ok,nano,1788503878.0096016,19.55,155.983,5
930.519,1,954.694,1788503878.9645486,32,b01-o05-nano-c32,,8,False,359.542,llama3.2:1b,etri-dev0001-jetorn,ACTIVE,570.977,5513b5fb-f5ad-42e1-8181-b2a1be419ea8,Edge computing reduces latency by processing data closer,nano,5,12.0,ok,nano,1788503878.0098608,26.348,626.924,5
,1,1026.739,1788503879.0387528,32,b01-o05-nano-c32,ConnectionResetError:[Errno 104] Connection reset by peer,,False,,,,,,c526b36d-691b-47ba-9121-500247ad35b4,,,5,12.0,error,nano,1788503878.012017,,,5
,1,1026.887,1788503879.0393152,32,b01-o05-nano-c32,ConnectionResetError:[Errno 104] Connection reset by peer,,False,,,,,,2ceafd16-da07-453e-b128-d30820014f3c,,,5,12.0,error,nano,1788503878.0124316,,,5
,1,1020.703,1788503879.0398629,32,b01-o05-nano-c32,ConnectionResetError:[Errno 104] Connection reset by peer,,False,,,,,,34396b5e-b073-4fcb-868c-924532cc3dfb,,,5,12.0,error,nano,1788503878.0191622,,,5
,1,1023.364,1788503879.0408118,32,b01-o05-nano-c32,ConnectionResetError:[Errno 104] Connection reset by peer,,False,,,,,,07e2cff4-b00f-4052-a51f-3fd8667bda36,,,5,12.0,error,nano,1788503878.0174491,,,5
,1,1027.029,1788503879.0417795,32,b01-o05-nano-c32,ConnectionResetError:[Errno 104] Connection reset by peer,,False,,,,,,ed92de72-91c5-40b3-b4c3-51eda766b76c,,,5,12.0,error,nano,1788503878.0147521,,,5
,1,1026.512,1788503879.0430608,32,b01-o05-nano-c32,ConnectionResetError:[Errno 104] Connection reset by peer,,False,,,,,,92c96ddb-0b37-4cb3-9db8-27513bce8670,,,5,12.0,error,nano,1788503878.0165503,,,5
,1,1023.929,1788503879.0436196,32,b01-o05-nano-c32,ConnectionResetError:[Errno 104] Connection reset by peer,,False,,,,,,27db858e-8376-4745-8439-e2954fd14f8d,,,5,12.0,error,nano,1788503878.0196931,,,5
,1,1020.887,1788503879.0445676,32,b01-o05-nano-c32,ConnectionResetError:[Errno 104] Connection reset by peer,,False,,,,,,82eb75bc-9585-4a99-ade2-ba76a2a4de6f,,,5,12.0,error,nano,1788503878.023681,,,5
,1,1034.175,1788503879.0458832,32,b01-o05-nano-c32,ConnectionResetError:[Errno 104] Connection reset by peer,,False,,,,,,df39f6bc-dfb5-4d1b-976c-e24d8bc2601a,,,5,12.0,error,nano,1788503878.011711,,,5
,1,1028.335,1788503879.0468621,32,b01-o05-nano-c32,ConnectionResetError:[Errno 104] Connection reset by peer,,False,,,,,,c4ecdfb0-a0f1-4dd2-a0d4-bd6ae0543d10,,,5,12.0,error,nano,1788503878.018528,,,5
,1,1032.386,1788503879.0475261,32,b01-o05-nano-c32,ConnectionResetError:[Errno 104] Connection reset by peer,,False,,,,,,82f857a6-3b4c-4f4e-8a45-c8ef8fabf7f1,,,5,12.0,error,nano,1788503878.0151424,,,5
,1,1025.399,1788503879.048179,32,b01-o05-nano-c32,ConnectionResetError:[Errno 104] Connection reset by peer,,False,,,,,,a5e1dc30-f577-467f-83e8-7696865a84cc,,,5,12.0,error,nano,1788503878.0227826,,,5
1315.741,1,1341.001,1788503879.3511658,32,b01-o05-nano-c32,,8,False,382.398,llama3.2:1b,etri-dev0001-jetorn,ACTIVE,933.343,9b4a7329-9941-4bfb-945e-d2fe534d1376,Edge computing reduces latency by processing data closer,nano,5,12.0,ok,nano,1788503878.010169,24.46,989.91,5
1679.938,1,1711.301,1788503879.7205398,32,b01-o05-nano-c32,,8,False,369.545,llama3.2:1b,etri-dev0001-jetorn,ACTIVE,1310.393,eb56f700-6a74-4b9f-a790-1731b4b04ee6,Edge computing reduces latency by processing data closer,nano,5,12.0,ok,nano,1788503878.0092444,26.637,1376.015,5
,1,1021.167,1788503880.0600386,32,b01-o05-nano-c32,ConnectionResetError:[Errno 104] Connection reset by peer,,False,,,,,,f57775ef-4af2-4119-97e2-a80b2ed0ef91,,,5,12.0,error,nano,1788503879.0388718,,,5
,1,1016.461,1788503880.0602016,32,b01-o05-nano-c32,ConnectionResetError:[Errno 104] Connection reset by peer,,False,,,,,,9b967091-f96d-4d43-adcb-7c8b64246e6c,,,5,12.0,error,nano,1788503879.0437403,,,5
,1,1018.456,1788503880.0603468,32,b01-o05-nano-c32,ConnectionResetError:[Errno 104] Connection reset by peer,,False,,,,,,befd0a1e-8532-4e2d-9322-8ff2375cd34f,,,5,12.0,error,nano,1788503879.041891,,,5
,1,1019.533,1788503880.0604727,32,b01-o05-nano-c32,ConnectionResetError:[Errno 104] Connection reset by peer,,False,,,,,,75445207-a03d-456d-b594-a29b435c4b59,,,5,12.0,error,nano,1788503879.0409403,,,5
2065.021,1,2095.02,1788503880.1063747,32,b01-o05-nano-c32,,8,False,385.076,llama3.2:1b,etri-dev0001-jetorn,ACTIVE,1679.945,80f469d7-6f4c-4cdf-8ccd-5aedc0986b74,Edge computing reduces latency by processing data closer,nano,5,12.0,ok,nano,1788503878.0113554,25.09,1735.536,5
2431.169,1,2462.154,1788503880.472759,32,b01-o05-nano-c32,,8,False,365.578,llama3.2:1b,etri-dev0001-jetorn,ACTIVE,2065.591,ec633703-4404-4736-bf7b-cea99894cde1,Edge computing reduces latency by processing data closer,nano,5,12.0,ok,nano,1788503878.0106072,25.622,2115.54,5
2783.353,1,2835.892,1788503880.852857,32,b01-o05-nano-c32,,8,False,379.607,llama3.2:1b,etri-dev0001-jetorn,ACTIVE,2403.747,bdabb916-1bcf-4bc8-8805-bab80fb3b7df,Edge computing reduces latency by processing data closer,nano,5,12.0,ok,nano,1788503878.016967,24.909,2471.311,5
3111.086,1,3238.569,1788503881.251952,32,b01-o05-nano-c32,,8,False,399.376,llama3.2:1b,etri-dev0001-jetorn,ACTIVE,2711.71,ec0f390d-098f-478f-916e-e15314f2aad3,Edge computing reduces latency by processing data closer,nano,5,12.0,ok,nano,1788503878.0133865,24.304,2779.263,5
3469.722,1,3591.659,1788503881.612424,32,b01-o05-nano-c32,,8,False,358.5,llama3.2:1b,etri-dev0001-jetorn,ACTIVE,3111.222,a01d42c4-1429-43cb-9d54-9120be7623a6,Edge computing reduces latency by processing data closer,nano,5,12.0,ok,nano,1788503878.020771,26.585,3167.681,5
3900.138,1,4030.913,1788503882.052421,32,b01-o05-nano-c32,,8,False,439.672,llama3.2:1b,etri-dev0001-jetorn,ACTIVE,3460.466,1c585eab-a8d3-452d-95db-fc01ff215f31,Edge computing reduces latency by processing data closer,nano,5,12.0,ok,nano,1788503878.0215147,21.437,3529.327,5
4260.267,1,4408.135,1788503882.43021,32,b01-o05-nano-c32,,8,False,377.669,llama3.2:1b,etri-dev0001-jetorn,ACTIVE,3882.598,39c39454-cf96-4e51-b61f-da25a00eba19,Edge computing reduces latency by processing data closer,nano,5,12.0,ok,nano,1788503878.0220795,24.964,3939.427,5
4539.62,1,4771.769,1788503882.7848787,32,b01-o05-nano-c32,,8,False,354.842,llama3.2:1b,etri-dev0001-jetorn,ACTIVE,4184.777,5a34ea20-be01-4d6f-a036-cd737f449bf4,Edge computing reduces latency by processing data closer,nano,5,12.0,ok,nano,1788503878.0131128,26.914,4243.785,5
4919.293,1,5153.232,1788503883.1642733,32,b01-o05-nano-c32,,8,False,379.774,llama3.2:1b,etri-dev0001-jetorn,ACTIVE,4539.519,cc64b8d1-0a2e-4580-a1ba-d7c00e667127,Edge computing reduces latency by processing data closer,nano,5,12.0,ok,nano,1788503878.0110452,24.821,4611.407,5
4908.965,1,4915.832,1788503883.520633,32,b01-o05-nano-c32,,8,False,355.373,llama3.2:1b,etri-dev0001-jetorn,ACTIVE,4553.592,7d9cd87b-d8cb-475c-89bb-1772237467ed,Edge computing reduces latency by processing data closer,nano,5,12.0,ok,nano,1788503878.6048055,26.482,4605.006,5
4898.685,1,4904.792,1788503883.869451,32,b01-o05-nano-c32,,8,False,348.296,llama3.2:1b,etri-dev0001-jetorn,ACTIVE,4550.389,e4666298-c90b-492e-845c-38628f1f7450,Edge computing reduces latency by processing data closer,nano,5,12.0,ok,nano,1788503878.964664,27.312,4606.125,5
5197.67,1,6233.153,1788503884.2590563,32,b01-o05-nano-c32,,8,False,381.058,llama3.2:1b,etri-dev0001-jetorn,ACTIVE,4816.612,355367b6-3e6a-4823-88d9-ae83f9f0b22c,Edge computing reduces latency by processing data closer,nano,5,12.0,ok,nano,1788503878.025907,24.556,4871.848,5
5533.717,1,6596.149,1788503884.6122072,32,b01-o05-nano-c32,,8,False,353.648,llama3.2:1b,etri-dev0001-jetorn,ACTIVE,5180.069,6ac3fc0a-0d7a-4a42-ac87-296bd402ed39,Edge computing reduces latency by processing data closer,nano,5,12.0,ok,nano,1788503878.0160606,26.932,5233.683,5
5915.117,1,6974.457,1788503884.9993243,32,b01-o05-nano-c32,,8,False,385.158,llama3.2:1b,etri-dev0001-jetorn,ACTIVE,5529.959,b2ef72e0-6923-4e65-8eb1-fd3593ebf465,Edge computing reduces latency by processing data closer,nano,5,12.0,ok,nano,1788503878.024873,25.692,5605.279,5
6284.091,1,7359.241,1788503885.3770857,32,b01-o05-nano-c32,,8,False,378.045,llama3.2:1b,etri-dev0001-jetorn,ACTIVE,5906.046,dbf28619-4c7b-44bd-ab2b-ea765849622c,Edge computing reduces latency by processing data closer,nano,5,12.0,ok,nano,1788503878.0178502,24.774,5959.91,5
6671.448,1,7751.896,1788503885.7675724,32,b01-o05-nano-c32,,8,False,382.13,llama3.2:1b,etri-dev0001-jetorn,ACTIVE,6289.318,618cf0d0-49ac-4319-af97-f0990f95f160,Edge computing reduces latency by processing data closer,nano,5,12.0,ok,nano,1788503878.0156777,24.826,6347.668,5
7058.545,1,8149.143,1788503886.1618967,32,b01-o05-nano-c32,,8,False,393.135,llama3.2:1b,etri-dev0001-jetorn,ACTIVE,6665.411,1218a8f2-31ee-4592-b56f-751a94f7391a,Edge computing reduces latency by processing data closer,nano,5,12.0,ok,nano,1788503878.0127573,23.808,6720.989,5
7430.392,1,8520.708,1788503886.540868,32,b01-o05-nano-c32,,8,False,376.463,llama3.2:1b,etri-dev0001-jetorn,ACTIVE,7053.929,13a13c0a-88d1-44e2-bdf0-6e3fa2b4d9b7,Edge computing reduces latency by processing data closer,nano,5,12.0,ok,nano,1788503878.020162,25.099,7106.437,5
7774.576,1,7860.59,1788503886.9037635,32,b01-o05-nano-c32,,8,False,362.648,llama3.2:1b,etri-dev0001-jetorn,ACTIVE,7411.927,cb777862-2a5a-4a0c-88fe-bd3bf4c98dff,Edge computing reduces latency by processing data closer,nano,5,12.0,ok,nano,1788503879.0431752,26.059,7471.749,5
7962.341,1,7974.999,1788503887.3262548,32,b01-o05-nano-c32,,8,False,422.755,llama3.2:1b,etri-dev0001-jetorn,ACTIVE,7539.587,0be010c2-e6b8-4c9d-92b3-fb7fd9c662c7,Edge computing reduces latency by processing data closer,nano,5,12.0,ok,nano,1788503879.3512602,22.191,7601.305,5
7978.083,1,8004.16,1788503887.724804,32,b01-o05-nano-c32,,8,False,395.336,llama3.2:1b,etri-dev0001-jetorn,ACTIVE,7582.748,65d91e4e-9380-4415-a5f9-038a838a7fcb,Edge computing reduces latency by processing data closer,nano,5,12.0,ok,nano,1788503879.720647,24.441,7660.001,5
8002.228,1,9035.443,1788503888.083783,32,b01-o05-nano-c32,,8,False,359.179,llama3.2:1b,etri-dev0001-jetorn,ACTIVE,7643.05,c1f6afbc-6b47-4f2f-8527-dc49b31141f2,Edge computing reduces latency by processing data closer,nano,5,12.0,ok,nano,1788503879.0483418,26.652,7700.741,5
8381.222,1,9414.887,1788503888.4618413,32,b01-o05-nano-c32,,8,False,378.815,llama3.2:1b,etri-dev0001-jetorn,ACTIVE,8002.407,394a317f-7aa8-4367-9f69-11a4ec3e84a0,Edge computing reduces latency by processing data closer,nano,5,12.0,ok,nano,1788503879.0469606,24.967,8064.632,5
8748.657,1,9793.899,1788503888.8399196,32,b01-o05-nano-c32,,8,False,378.882,llama3.2:1b,etri-dev0001-jetorn,ACTIVE,8369.775,da890cd7-8c2a-4d5e-8c31-102233c0379a,Edge computing reduces latency by processing data closer,nano,5,12.0,ok,nano,1788503879.0460238,25.222,8428.623,5
9112.867,1,10166.823,1788503889.2115054,32,b01-o05-nano-c32,,8,False,370.87,llama3.2:1b,etri-dev0001-jetorn,ACTIVE,8741.996,06aad7d1-2c0c-45c1-b9b4-a2bc0708a180,Edge computing reduces latency by processing data closer,nano,5,12.0,ok,nano,1788503879.044683,25.27,8797.573,5
9474.893,1,10543.219,1788503889.5826504,32,b01-o05-nano-c32,,8,False,369.904,llama3.2:1b,etri-dev0001-jetorn,ACTIVE,9104.989,823e182f-b451-43d3-b52c-4f48ea72fefd,Edge computing reduces latency by processing data closer,nano,5,12.0,ok,nano,1788503879.039435,26.065,9165.427,5
9888.394,1,10955.887,1788503889.9958856,32,b01-o05-nano-c32,,8,False,414.127,llama3.2:1b,etri-dev0001-jetorn,ACTIVE,9474.267,9ea4e029-165b-468a-830f-a3e913c438b0,Edge computing reduces latency by processing data closer,nano,5,12.0,ok,nano,1788503879.0400014,22.917,9540.403,5
10238.037,1,10243.539,1788503890.3499298,32,b01-o05-nano-c32,,8,False,352.34,llama3.2:1b,etri-dev0001-jetorn,ACTIVE,9885.697,94eeeab8-a14c-4ba3-8291-377e9017a581,Edge computing reduces latency by processing data closer,nano,5,12.0,ok,nano,1788503880.1063948,26.882,9945.329,5
10232.737,1,10239.708,1788503890.712494,32,b01-o05-nano-c32,,8,False,362.852,llama3.2:1b,etri-dev0001-jetorn,ACTIVE,9869.885,97e66f8e-18a9-4687-a37b-babccb68ab45,Edge computing reduces latency by processing data closer,nano,5,12.0,ok,nano,1788503880.4727921,25.869,9920.95,5
10219.892,1,10235.438,1788503891.0883296,32,b01-o05-nano-c32,,8,False,374.359,llama3.2:1b,etri-dev0001-jetorn,ACTIVE,9845.533,00e8ab73-0fee-401b-8ba3-a6bdf282317d,Edge computing reduces latency by processing data closer,nano,5,12.0,ok,nano,1788503880.8528926,25.108,9900.394,5
10346.004,1,11382.917,1788503891.4429896,32,b01-o05-nano-c32,,8,False,353.812,llama3.2:1b,etri-dev0001-jetorn,ACTIVE,9992.192,fbd31864-1161-4a14-a9cc-5271493d5fa2,Edge computing reduces latency by processing data closer,nano,5,12.0,ok,nano,1788503880.060075,27.231,10056.043,5
10730.423,1,11795.768,1788503891.8561306,32,b01-o05-nano-c32,,8,False,413.227,llama3.2:1b,etri-dev0001-jetorn,ACTIVE,10317.196,a3149ff0-23b2-4232-9577-0a849844b8d5,Edge computing reduces latency by processing data closer,nano,5,12.0,ok,nano,1788503880.060368,22.473,10374.751,5
11148.29,1,13228.291,1788503892.2759495,32,b01-o05-nano-c32,,8,False,416.307,llama3.2:1b,etri-dev0001-jetorn,ACTIVE,10731.983,d0cca706-348d-47c2-98fd-1070fac5b0ac,Edge computing reduces latency by processing data closer,nano,5,12.0,ok,nano,1788503879.0476623,21.895,10784.428,5
11524.06,1,12591.639,1788503892.6521494,32,b01-o05-nano-c32,,8,False,375.506,llama3.2:1b,etri-dev0001-jetorn,ACTIVE,11148.554,ed401ad6-2ee3-45c4-ba62-9991838253db,Edge computing reduces latency by processing data closer,nano,5,12.0,ok,nano,1788503880.0605133,25.863,11212.082,5
11856.922,1,12949.013,1788503893.0092344,32,b01-o05-nano-c32,,8,False,351.694,llama3.2:1b,etri-dev0001-jetorn,ACTIVE,11505.228,9baa2042-e9bd-4532-a471-df328dff231a,Edge computing reduces latency by processing data closer,nano,5,12.0,ok,nano,1788503880.060226,26.733,11557.688,5
12370.691,1,12382.869,1788503893.6348803,32,b01-o05-nano-c32,,8,False,626.985,llama3.2:1b,etri-dev0001-jetorn,ACTIVE,11743.706,52634a71-203d-4e12-b071-457f68290239,Edge computing reduces latency by processing data closer,nano,5,12.0,ok,nano,1788503881.2520168,26.224,12072.652,5
12370.632,1,12380.808,1788503893.9933379,32,b01-o05-nano-c32,,8,False,349.393,llama3.2:1b,etri-dev0001-jetorn,ACTIVE,12021.239,b8381e9a-775c-4d32-839e-ca12a514b85c,Edge computing reduces latency by processing data closer,nano,5,12.0,ok,nano,1788503881.6125336,26.934,12073.778,5
12291.856,1,12308.005,1788503894.3605378,32,b01-o05-nano-c32,,8,False,364.244,llama3.2:1b,etri-dev0001-jetorn,ACTIVE,11927.612,e241b9cc-ab53-409d-be58-648d371dadfe,Edge computing reduces latency by processing data closer,nano,5,12.0,ok,nano,1788503882.0525358,25.675,11980.059,5
12311.79,1,12329.706,1788503894.7600317,32,b01-o05-nano-c32,,8,False,399.765,llama3.2:1b,etri-dev0001-jetorn,ACTIVE,11912.026,8dffc509-ba2b-4b35-b243-aa41b16f7148,Edge computing reduces latency by processing data closer,nano,5,12.0,ok,nano,1788503882.4303293,23.185,11963.968,5
12372.477,1,12383.334,1788503895.1682894,32,b01-o05-nano-c32,,8,False,407.154,llama3.2:1b,etri-dev0001-jetorn,ACTIVE,11965.323,c0b7970a-b716-44b5-8bf0-05fe304d4c6b,Edge computing reduces latency by processing data closer,nano,5,12.0,ok,nano,1788503882.7849593,24.583,12045.168,5
12339.967,1,12356.103,1788503895.5204656,32,b01-o05-nano-c32,,8,False,352.253,llama3.2:1b,etri-dev0001-jetorn,ACTIVE,11987.715,0043befe-cb32-49c6-b228-8b3fd40bdfba,Edge computing reduces latency by processing data closer,nano,5,12.0,ok,nano,1788503883.164364,26.796,12040.099,5
12371.856,1,12387.492,1788503895.9081998,32,b01-o05-nano-c32,,8,False,387.598,llama3.2:1b,etri-dev0001-jetorn,ACTIVE,11984.259,7c4c320d-b7ee-469e-9742-3f2b61a55b4b,Edge computing reduces latency by processing data closer,nano,5,12.0,ok,nano,1788503883.5207117,24.181,12040.101,5
12408.853,1,12422.075,1788503896.2916334,32,b01-o05-nano-c32,,8,False,379.426,llama3.2:1b,etri-dev0001-jetorn,ACTIVE,12029.427,b6acbe0f-6455-4597-98a1-9184202e5481,Edge computing reduces latency by processing data closer,nano,5,12.0,ok,nano,1788503883.869564,25.12,12088.99,5
12373.292,1,12383.584,1788503896.6427255,32,b01-o05-nano-c32,,8,False,354.091,llama3.2:1b,etri-dev0001-jetorn,ACTIVE,12019.201,e3b67ab9-11c7-4ce4-a8cf-125682bcd589,Edge computing reduces latency by processing data closer,nano,5,12.0,ok,nano,1788503884.2591436,26.918,12074.893,5
12408.499,1,12424.837,1788503897.0371776,32,b01-o05-nano-c32,,8,False,393.321,llama3.2:1b,etri-dev0001-jetorn,ACTIVE,12015.178,09b756cf-495c-48c4-bac6-7b76c7c2968c,Edge computing reduces latency by processing data closer,nano,5,12.0,ok,nano,1788503884.612344,23.691,12068.709,5
12431.683,1,12446.088,1788503897.445524,32,b01-o05-nano-c32,,8,False,404.37,llama3.2:1b,etri-dev0001-jetorn,ACTIVE,12027.313,17694511-d710-47cb-ac16-468f58050039,Edge computing reduces latency by processing data closer,nano,5,12.0,ok,nano,1788503884.9994385,22.804,12079.84,5
12489.592,1,12506.459,1788503897.8836575,32,b01-o05-nano-c32,,8,False,433.295,llama3.2:1b,etri-dev0001-jetorn,ACTIVE,12056.297,7993bbc5-1fe4-4eae-96f2-029869d65cd0,Edge computing reduces latency by processing data closer,nano,5,12.0,ok,nano,1788503885.377202,26.377,12183.871,5
12488.799,1,12497.987,1788503898.2655826,32,b01-o05-nano-c32,,8,False,381.692,llama3.2:1b,etri-dev0001-jetorn,ACTIVE,12107.107,ba4e67fa-0c5e-4127-ad4d-294ea8b34b11,Edge computing reduces latency by processing data closer,nano,5,12.0,ok,nano,1788503885.767599,24.187,12157.256,5
12445.888,1,12464.583,1788503898.6265674,32,b01-o05-nano-c32,,8,False,361.374,llama3.2:1b,etri-dev0001-jetorn,ACTIVE,12084.514,b07aaff3-e7fb-4487-a4bb-2f13bb14c459,Edge computing reduces latency by processing data closer,nano,5,12.0,ok,nano,1788503886.1619866,26.412,12148.15,5
12420.858,1,12441.962,1788503898.9828632,32,b01-o05-nano-c32,,8,False,354.721,llama3.2:1b,etri-dev0001-jetorn,ACTIVE,12066.137,ed40a486-3c67-41a8-9eaf-417f62112c78,Edge computing reduces latency by processing data closer,nano,5,12.0,ok,nano,1788503886.5409033,26.795,12124.136,5
12455.538,1,12466.502,1788503899.3702993,32,b01-o05-nano-c32,,8,False,388.912,llama3.2:1b,etri-dev0001-jetorn,ACTIVE,12066.625,af3668e2-9420-4795-a754-fc3678a572ab,Edge computing reduces latency by processing data closer,nano,5,12.0,ok,nano,1788503886.9038007,24.345,12125.568,5
12362.155,1,12403.125,1788503899.7294607,32,b01-o05-nano-c32,,8,False,356.315,llama3.2:1b,etri-dev0001-jetorn,ACTIVE,12005.84,75aaa17d-0cea-48c3-9fad-2d62d1e7bd5f,Edge computing reduces latency by processing data closer,nano,5,12.0,ok,nano,1788503887.3263378,26.798,12063.015,5
12396.95,1,12406.942,1788503900.1318746,32,b01-o05-nano-c32,,8,False,403.954,llama3.2:1b,etri-dev0001-jetorn,ACTIVE,11992.996,df750447-69fd-41b0-a68c-791529e27c2a,Edge computing reduces latency by processing data closer,nano,5,12.0,ok,nano,1788503887.7249367,23.0,12049.595,5
12521.013,1,12541.823,1788503900.625656,32,b01-o05-nano-c32,,8,False,493.185,llama3.2:1b,etri-dev0001-jetorn,ACTIVE,12027.828,1cc56139-d8cf-42e6-9ae5-bbf484252dbd,Edge computing reduces latency by processing data closer,nano,5,12.0,ok,nano,1788503888.083834,18.906,12096.563,5
12609.537,1,12625.096,1788503901.087051,32,b01-o05-nano-c32,,8,False,460.1,llama3.2:1b,etri-dev0001-jetorn,ACTIVE,12149.438,5f08f6c7-68d1-416f-a361-11a149ee8f4e,Edge computing reduces latency by processing data closer,nano,5,12.0,ok,nano,1788503888.461962,20.751,12223.935,5
13266.417,1,13278.404,1788503902.118415,32,b01-o05-nano-c32,,8,False,1025.948,llama3.2:1b,etri-dev0001-jetorn,ACTIVE,12240.468,6871113f-b4a9-43aa-93e6-f99a1df10636,Edge computing reduces latency by processing data closer,nano,5,12.0,ok,nano,1788503888.8400118,18.561,12834.767,5
13303.061,1,13315.538,1788503902.5270622,32,b01-o05-nano-c32,,8,False,414.132,llama3.2:1b,etri-dev0001-jetorn,ACTIVE,12888.929,c14eddb1-1e74-4c46-8dd0-b12cd458f7e7,Edge computing reduces latency by processing data closer,nano,5,12.0,ok,nano,1788503889.2115288,22.424,12944.844,5
13304.358,1,13323.664,1788503902.9064,32,b01-o05-nano-c32,,8,False,379.317,llama3.2:1b,etri-dev0001-jetorn,ACTIVE,12925.041,6ceb6953-8db7-400c-a3ab-a14ef1c13f92,Edge computing reduces latency by processing data closer,nano,5,12.0,ok,nano,1788503889.582742,26.294,12995.8,5
13249.133,1,13265.185,1788503903.2611184,32,b01-o05-nano-c32,,8,False,354.119,llama3.2:1b,etri-dev0001-jetorn,ACTIVE,12895.014,19047e48-d77a-4bfb-a37a-5b6c2792e590,Edge computing reduces latency by processing data closer,nano,5,12.0,ok,nano,1788503889.995937,26.783,12948.171,5
205.651,1,211.126,1788503906.490006,8,b01-o06-spark-c8,,8,False,205.648,llama3.2:1b,etri-ser0002-cgnmsb,ACTIVE,0.003,009ac315-a505-4460-b799-3e07eef4026d,Edge computing reduces latency by processing data closer,spark,6,12.0,ok,spark,1788503906.2788832,45.764,28.871,6
410.882,1,417.833,1788503906.6975641,8,b01-o06-spark-c8,,8,False,207.526,llama3.2:1b,etri-ser0002-cgnmsb,ACTIVE,203.356,82266b56-fae0-4307-a7db-cf519ea64668,Edge computing reduces latency by processing data closer,spark,6,12.0,ok,spark,1788503906.2797337,45.556,234.169,6
619.631,1,625.81,1788503906.9066365,8,b01-o06-spark-c8,,8,False,207.997,llama3.2:1b,etri-ser0002-cgnmsb,ACTIVE,411.635,52644d32-bcd1-4027-9b5d-97f462e9f367,Edge computing reduces latency by processing data closer,spark,6,12.0,ok,spark,1788503906.2808285,46.07,443.748,6
827.592,1,834.211,1788503907.1164975,8,b01-o06-spark-c8,,8,False,210.352,llama3.2:1b,etri-ser0002-cgnmsb,ACTIVE,617.24,4aed9cd2-a92d-4b0c-b2e6-693edf3770ac,Edge computing reduces latency by processing data closer,spark,6,12.0,ok,spark,1788503906.2822874,45.931,650.754,6
1034.614,1,1041.027,1788503907.3244178,8,b01-o06-spark-c8,,8,False,207.179,llama3.2:1b,etri-ser0002-cgnmsb,ACTIVE,827.434,81c0d6ae-36a8-4d31-b4b8-5a3ef40d33fb,Edge computing reduces latency by processing data closer,spark,6,12.0,ok,spark,1788503906.283397,46.029,860.71,6
1238.258,1,1245.116,1788503907.5287187,8,b01-o06-spark-c8,,8,False,204.01,llama3.2:1b,etri-ser0002-cgnmsb,ACTIVE,1034.248,25f1edbe-4a69-4acb-9402-de2ce1c416e1,Edge computing reduces latency by processing data closer,spark,6,12.0,ok,spark,1788503906.2836056,46.07,1062.503,6
1448.19,1,1455.223,1788503907.7389655,8,b01-o06-spark-c8,,8,False,209.611,llama3.2:1b,etri-ser0002-cgnmsb,ACTIVE,1238.579,4a50d29e-d7a3-44ac-904e-941ece113123,Edge computing reduces latency by processing data closer,spark,6,12.0,ok,spark,1788503906.283744,45.836,1271.661,6
1657.728,1,1664.536,1788503907.9484446,8,b01-o06-spark-c8,,8,False,209.325,llama3.2:1b,etri-ser0002-cgnmsb,ACTIVE,1448.403,66a97fc0-345d-4f77-8de6-501f50fe2524,Edge computing reduces latency by processing data closer,spark,6,12.0,ok,spark,1788503906.2839096,46.119,1481.338,6
1661.117,1,1666.853,1788503908.1569455,8,b01-o06-spark-c8,,8,False,207.992,llama3.2:1b,etri-ser0002-cgnmsb,ACTIVE,1453.125,8236311c-79b5-4685-9d4e-aabe865e2eb6,Edge computing reduces latency by processing data closer,spark,6,12.0,ok,spark,1788503906.490096,46.111,1486.995,6
1658.381,1,1664.504,1788503908.3621545,8,b01-o06-spark-c8,,8,False,204.842,llama3.2:1b,etri-ser0002-cgnmsb,ACTIVE,1453.539,76e78e3a-ea16-4467-9be9-f93f1dbd8490,Edge computing reduces latency by processing data closer,spark,6,12.0,ok,spark,1788503906.697654,46.025,1482.339,6
1657.927,1,1664.272,1788503908.5709565,8,b01-o06-spark-c8,,8,False,208.056,llama3.2:1b,etri-ser0002-cgnmsb,ACTIVE,1449.871,068c3acd-cdd4-4f7e-acc6-84524bca4d41,Edge computing reduces latency by processing data closer,spark,6,12.0,ok,spark,1788503906.9066904,46.091,1482.875,6
1655.554,1,1661.376,1788503908.7779033,8,b01-o06-spark-c8,,8,False,206.418,llama3.2:1b,etri-ser0002-cgnmsb,ACTIVE,1449.136,c70a9680-90de-4f4c-8007-b18501eee67c,Edge computing reduces latency by processing data closer,spark,6,12.0,ok,spark,1788503907.1165326,46.022,1479.006,6
1658.016,1,1660.465,1788503908.9849973,8,b01-o06-spark-c8,,8,False,207.393,llama3.2:1b,etri-ser0002-cgnmsb,ACTIVE,1450.624,8c215d40-8251-4983-a8a3-412491f4baf1,Edge computing reduces latency by processing data closer,spark,6,12.0,ok,spark,1788503907.3245337,45.984,1484.143,6
1652.773,1,1658.695,1788503909.187478,8,b01-o06-spark-c8,,8,False,202.0,llama3.2:1b,etri-ser0002-cgnmsb,ACTIVE,1450.774,f686d12e-66e3-4957-95a4-7ae967855750,Edge computing reduces latency by processing data closer,spark,6,12.0,ok,spark,1788503907.5287862,46.176,1478.852,6
1647.221,1,1653.202,1788503909.392189,8,b01-o06-spark-c8,,8,False,204.205,llama3.2:1b,etri-ser0002-cgnmsb,ACTIVE,1443.015,b158675f-4d3a-4251-977b-a7eea1c4009d,Edge computing reduces latency by processing data closer,spark,6,12.0,ok,spark,1788503907.7389894,46.154,1471.233,6
1645.835,1,1651.863,1788503909.6003284,8,b01-o06-spark-c8,,8,False,208.004,llama3.2:1b,etri-ser0002-cgnmsb,ACTIVE,1437.831,87c0bfcd-5d29-477f-a99f-e553aa47fc83,Edge computing reduces latency by processing data closer,spark,6,12.0,ok,spark,1788503907.9484687,45.946,1469.379,6
1649.198,1,1651.473,1788503909.8085055,8,b01-o06-spark-c8,,8,False,207.839,llama3.2:1b,etri-ser0002-cgnmsb,ACTIVE,1441.36,c138dbed-a3b8-4ef3-9a4e-e904dac87b96,Edge computing reduces latency by processing data closer,spark,6,12.0,ok,spark,1788503908.1570332,45.678,1473.633,6
1643.955,1,1649.709,1788503910.0119696,8,b01-o06-spark-c8,,8,False,203.063,llama3.2:1b,etri-ser0002-cgnmsb,ACTIVE,1440.893,b9536b0d-a6f5-44d3-99ff-8d8ef5355f3d,Edge computing reduces latency by processing data closer,spark,6,12.0,ok,spark,1788503908.3622615,45.868,1468.788,6
1639.94,1,1645.071,1788503910.2161357,8,b01-o06-spark-c8,,8,False,203.478,llama3.2:1b,etri-ser0002-cgnmsb,ACTIVE,1436.462,62319e2c-38ce-4398-b050-04d8e9f8ed26,Edge computing reduces latency by processing data closer,spark,6,12.0,ok,spark,1788503908.571066,45.985,1463.618,6
1640.916,1,1647.366,1788503910.4253604,8,b01-o06-spark-c8,,8,False,208.904,llama3.2:1b,etri-ser0002-cgnmsb,ACTIVE,1432.011,c3d4a3f1-c6e8-4e0c-a9ff-fc2fffeb8eac,Edge computing reduces latency by processing data closer,spark,6,12.0,ok,spark,1788503908.7780004,45.996,1464.35,6
1644.562,1,1647.688,1788503910.6327162,8,b01-o06-spark-c8,,8,False,206.95,llama3.2:1b,etri-ser0002-cgnmsb,ACTIVE,1437.613,cfd75835-a5ff-404a-af47-4b0377bd2a3b,Edge computing reduces latency by processing data closer,spark,6,12.0,ok,spark,1788503908.9850338,45.964,1468.357,6
1647.798,1,1650.786,1788503910.8383505,8,b01-o06-spark-c8,,8,False,205.762,llama3.2:1b,etri-ser0002-cgnmsb,ACTIVE,1442.035,35cb35be-4ddf-45a6-be81-ea888c773e71,Edge computing reduces latency by processing data closer,spark,6,12.0,ok,spark,1788503909.1875682,45.833,1472.887,6
1642.515,1,1649.907,1788503911.0421708,8,b01-o06-spark-c8,,8,False,203.713,llama3.2:1b,etri-ser0002-cgnmsb,ACTIVE,1438.802,03d69049-8522-4072-b675-419cc85b132a,Edge computing reduces latency by processing data closer,spark,6,12.0,ok,spark,1788503909.3922646,46.127,1466.377,6
1644.293,1,1651.431,1788503911.2518294,8,b01-o06-spark-c8,,8,False,208.716,llama3.2:1b,etri-ser0002-cgnmsb,ACTIVE,1435.577,0415c0c8-926a-47b0-9df0-3c24c3a81860,Edge computing reduces latency by processing data closer,spark,6,12.0,ok,spark,1788503909.6004024,46.196,1469.546,6
1655.259,1,1656.9,1788503911.4654298,8,b01-o06-spark-c8,,8,False,213.733,llama3.2:1b,etri-ser0002-cgnmsb,ACTIVE,1441.526,9a5d4467-6234-4ca9-a6e9-cb21bb7e267e,Edge computing reduces latency by processing data closer,spark,6,12.0,ok,spark,1788503909.8085313,44.578,1474.019,6
1658.904,1,1661.161,1788503911.673154,8,b01-o06-spark-c8,,8,False,207.106,llama3.2:1b,etri-ser0002-cgnmsb,ACTIVE,1451.799,5797ef89-350c-4a80-8a01-3495c0a4aa90,Edge computing reduces latency by processing data closer,spark,6,12.0,ok,spark,1788503910.0119948,46.078,1484.424,6
1658.578,1,1665.528,1788503911.8816967,8,b01-o06-spark-c8,,8,False,206.85,llama3.2:1b,etri-ser0002-cgnmsb,ACTIVE,1451.727,0fa644b6-0b30-4e90-8831-4e8dc7828b48,Edge computing reduces latency by processing data closer,spark,6,12.0,ok,spark,1788503910.2161722,45.83,1482.107,6
1661.695,1,1666.233,1788503912.0917041,8,b01-o06-spark-c8,,8,False,210.289,llama3.2:1b,etri-ser0002-cgnmsb,ACTIVE,1451.406,169c66f9-efd1-4d49-bc13-328d98f0b322,Edge computing reduces latency by processing data closer,spark,6,12.0,ok,spark,1788503910.425473,45.559,1484.319,6
1662.551,1,1669.655,1788503912.3024807,8,b01-o06-spark-c8,,8,False,210.207,llama3.2:1b,etri-ser0002-cgnmsb,ACTIVE,1452.343,2cbfdffd-14b9-4e51-8295-cb26613c048e,Edge computing reduces latency by processing data closer,spark,6,12.0,ok,spark,1788503910.6328285,45.449,1485.054,6
1669.224,1,1671.545,1788503912.5099833,8,b01-o06-spark-c8,,8,False,208.0,llama3.2:1b,etri-ser0002-cgnmsb,ACTIVE,1461.225,adb864db-81dd-4839-8225-9fc6a1f13ea4,Edge computing reduces latency by processing data closer,spark,6,12.0,ok,spark,1788503910.8384397,45.763,1492.659,6
1669.438,1,1675.227,1788503912.7174191,8,b01-o06-spark-c8,,8,False,207.08,llama3.2:1b,etri-ser0002-cgnmsb,ACTIVE,1462.359,ad3ab02e-91b5-49dc-920c-17190a828469,Edge computing reduces latency by processing data closer,spark,6,12.0,ok,spark,1788503911.042195,45.601,1493.396,6
1663.744,1,1669.419,1788503912.9213338,8,b01-o06-spark-c8,,8,False,203.372,llama3.2:1b,etri-ser0002-cgnmsb,ACTIVE,1460.372,7f984271-849d-44a7-83eb-afe7f5be64e2,Edge computing reduces latency by processing data closer,spark,6,12.0,ok,spark,1788503911.251919,45.831,1488.853,6
1653.149,1,1658.772,1788503913.12423,8,b01-o06-spark-c8,,8,False,203.356,llama3.2:1b,etri-ser0002-cgnmsb,ACTIVE,1449.793,c556d56b-c0a6-43d5-b84f-c5bf09460ee6,Edge computing reduces latency by processing data closer,spark,6,12.0,ok,spark,1788503911.4654593,46.098,1477.478,6
1654.717,1,1659.233,1788503913.332438,8,b01-o06-spark-c8,,8,False,207.309,llama3.2:1b,etri-ser0002-cgnmsb,ACTIVE,1447.408,eaf147b6-40e6-481f-a646-53328f5ec4b8,Edge computing reduces latency by processing data closer,spark,6,12.0,ok,spark,1788503911.6732113,46.103,1480.227,6
1651.816,1,1657.296,1788503913.53908,8,b01-o06-spark-c8,,8,False,205.893,llama3.2:1b,etri-ser0002-cgnmsb,ACTIVE,1445.923,789a5a64-1e4c-4c44-b951-1d5efa441352,Edge computing reduces latency by processing data closer,spark,6,12.0,ok,spark,1788503911.8817868,46.095,1475.716,6
1650.946,1,1656.458,1788503913.748193,8,b01-o06-spark-c8,,8,False,209.283,llama3.2:1b,etri-ser0002-cgnmsb,ACTIVE,1441.663,8a4b3528-7bbc-4e3a-9951-d81346d6cfaa,Edge computing reduces latency by processing data closer,spark,6,12.0,ok,spark,1788503912.0917373,45.965,1474.865,6
1648.692,1,1654.396,1788503913.9569242,8,b01-o06-spark-c8,,8,False,208.278,llama3.2:1b,etri-ser0002-cgnmsb,ACTIVE,1440.414,d9ef9876-b412-4904-9485-65a50c62f3ad,Edge computing reduces latency by processing data closer,spark,6,12.0,ok,spark,1788503912.3025346,45.982,1473.836,6
1647.442,1,1651.651,1788503914.1616821,8,b01-o06-spark-c8,,8,False,204.566,llama3.2:1b,etri-ser0002-cgnmsb,ACTIVE,1442.876,185d8e33-a69a-468c-b514-6b4e2e30544e,Edge computing reduces latency by processing data closer,spark,6,12.0,ok,spark,1788503912.5100343,46.166,1474.224,6
1645.023,1,1648.114,1788503914.3655934,8,b01-o06-spark-c8,,8,False,203.67,llama3.2:1b,etri-ser0002-cgnmsb,ACTIVE,1441.353,cd859a1d-0ef0-45f9-b625-0131bb57769a,Edge computing reduces latency by processing data closer,spark,6,12.0,ok,spark,1788503912.7174835,46.032,1469.792,6
1648.428,1,1651.361,1788503914.5727818,8,b01-o06-spark-c8,,8,False,206.753,llama3.2:1b,etri-ser0002-cgnmsb,ACTIVE,1441.675,6898e80d-d622-42c6-aa0f-46a34022d7a3,Edge computing reduces latency by processing data closer,spark,6,12.0,ok,spark,1788503912.9214242,46.347,1474.337,6
1651.155,1,1655.018,1788503914.779289,8,b01-o06-spark-c8,,8,False,206.429,llama3.2:1b,etri-ser0002-cgnmsb,ACTIVE,1444.726,a2ac5143-48e7-4e2b-b746-3b70c4e2b396,Edge computing reduces latency by processing data closer,spark,6,12.0,ok,spark,1788503913.1242754,45.936,1477.015,6
1645.739,1,1651.505,1788503914.9840493,8,b01-o06-spark-c8,,8,False,203.823,llama3.2:1b,etri-ser0002-cgnmsb,ACTIVE,1441.915,dac8154f-82fe-43f2-a3b7-8b781024278f,Edge computing reduces latency by processing data closer,spark,6,12.0,ok,spark,1788503913.3325503,45.966,1469.917,6
1647.034,1,1652.746,1788503915.191916,8,b01-o06-spark-c8,,8,False,208.058,llama3.2:1b,etri-ser0002-cgnmsb,ACTIVE,1438.977,c46eb916-1442-40e1-b0e7-cd92701d4b61,Edge computing reduces latency by processing data closer,spark,6,12.0,ok,spark,1788503913.5391717,46.03,1471.287,6
1647.691,1,1653.285,1788503915.401505,8,b01-o06-spark-c8,,8,False,208.314,llama3.2:1b,etri-ser0002-cgnmsb,ACTIVE,1439.377,aa1d2b91-87a5-47f4-87b7-5a03e4d33d98,Edge computing reduces latency by processing data closer,spark,6,12.0,ok,spark,1788503913.7482264,46.187,1472.885,6
1648.688,1,1653.438,1788503915.6104758,8,b01-o06-spark-c8,,8,False,209.031,llama3.2:1b,etri-ser0002-cgnmsb,ACTIVE,1439.657,9cb9269b-b55f-4c85-a1f1-8ec639b0c7a1,Edge computing reduces latency by processing data closer,spark,6,12.0,ok,spark,1788503913.9570396,46.121,1473.354,6
1654.667,1,1658.405,1788503915.8201692,8,b01-o06-spark-c8,,8,False,208.493,llama3.2:1b,etri-ser0002-cgnmsb,ACTIVE,1446.174,a266cdbe-7728-4471-bb03-271dcfa6158f,Edge computing reduces latency by processing data closer,spark,6,12.0,ok,spark,1788503914.161766,46.174,1479.847,6
1654.866,1,1661.057,1788503916.0267563,8,b01-o06-spark-c8,,8,False,206.629,llama3.2:1b,etri-ser0002-cgnmsb,ACTIVE,1448.237,7bec64f6-2474-4d9c-ab45-649d0868cda3,Edge computing reduces latency by processing data closer,spark,6,12.0,ok,spark,1788503914.3657024,45.873,1479.019,6
1657.409,1,1662.325,1788503916.2351925,8,b01-o06-spark-c8,,8,False,207.883,llama3.2:1b,etri-ser0002-cgnmsb,ACTIVE,1449.526,d8b2b903-94c0-44ac-b654-45f884f632b8,Edge computing reduces latency by processing data closer,spark,6,12.0,ok,spark,1788503914.5728707,46.036,1482.31,6
1661.363,1,1664.521,1788503916.4438932,8,b01-o06-spark-c8,,8,False,208.095,llama3.2:1b,etri-ser0002-cgnmsb,ACTIVE,1453.267,9e6a6fd0-21f8-44aa-b936-758f0a7354f2,Edge computing reduces latency by processing data closer,spark,6,12.0,ok,spark,1788503914.779375,46.101,1485.101,6
1662.104,1,1667.981,1788503916.6521378,8,b01-o06-spark-c8,,8,False,207.674,llama3.2:1b,etri-ser0002-cgnmsb,ACTIVE,1454.429,2559690d-8260-4099-b849-020cb6af4b5e,Edge computing reduces latency by processing data closer,spark,6,12.0,ok,spark,1788503914.9841607,46.083,1486.567,6
1660.499,1,1665.75,1788503916.857714,8,b01-o06-spark-c8,,8,False,205.867,llama3.2:1b,etri-ser0002-cgnmsb,ACTIVE,1454.633,59270406-e200-4ee3-89e5-a101830096bd,Edge computing reduces latency by processing data closer,spark,6,12.0,ok,spark,1788503915.1919644,46.052,1486.496,6
1653.447,1,1659.39,1788503917.061023,8,b01-o06-spark-c8,,8,False,203.386,llama3.2:1b,etri-ser0002-cgnmsb,ACTIVE,1450.061,e3fe9223-1933-48ee-96ad-ec054bdf9ecd,Edge computing reduces latency by processing data closer,spark,6,12.0,ok,spark,1788503915.4016333,45.819,1478.137,6
1650.201,1,1655.39,1788503917.2658973,8,b01-o06-spark-c8,,8,False,204.47,llama3.2:1b,etri-ser0002-cgnmsb,ACTIVE,1445.731,5666674e-ba0d-4171-9f5f-9422de28e5f8,Edge computing reduces latency by processing data closer,spark,6,12.0,ok,spark,1788503915.61051,45.958,1474.198,6
1646.784,1,1652.466,1788503917.472678,8,b01-o06-spark-c8,,8,False,206.616,llama3.2:1b,etri-ser0002-cgnmsb,ACTIVE,1440.168,ea1479e9-a9d6-4153-a532-e65a7a71118c,Edge computing reduces latency by processing data closer,spark,6,12.0,ok,spark,1788503915.8202136,46.006,1471.192,6
1647.113,1,1652.689,1788503917.679522,8,b01-o06-spark-c8,,8,False,206.215,llama3.2:1b,etri-ser0002-cgnmsb,ACTIVE,1440.898,11a30f9b-47da-4fa0-ad5a-e8bbd764d2b2,Edge computing reduces latency by processing data closer,spark,6,12.0,ok,spark,1788503916.0268364,45.913,1472.247,6
1644.788,1,1648.755,1788503917.884069,8,b01-o06-spark-c8,,8,False,204.69,llama3.2:1b,etri-ser0002-cgnmsb,ACTIVE,1440.097,efddf4c3-66ed-4611-8cd4-6b808c2d71e9,Edge computing reduces latency by processing data closer,spark,6,12.0,ok,spark,1788503916.235316,46.025,1469.023,6
1639.709,1,1644.897,1788503918.0888708,8,b01-o06-spark-c8,,8,False,204.556,llama3.2:1b,etri-ser0002-cgnmsb,ACTIVE,1435.153,2cdd3349-15e5-4ec0-a328-eb49718ba1a3,Edge computing reduces latency by processing data closer,spark,6,12.0,ok,spark,1788503916.4439747,46.162,1465.497,6
1640.407,1,1646.069,1788503918.2982738,8,b01-o06-spark-c8,,8,False,207.91,llama3.2:1b,etri-ser0002-cgnmsb,ACTIVE,1432.497,42fea628-5c14-45f6-89a9-3c4c2e05a947,Edge computing reduces latency by processing data closer,spark,6,12.0,ok,spark,1788503916.652211,45.641,1462.504,6
1646.981,1,1649.158,1788503918.5068927,8,b01-o06-spark-c8,,8,False,209.056,llama3.2:1b,etri-ser0002-cgnmsb,ACTIVE,1437.925,f12dda3d-c004-4cb1-98a4-7ddd5b1514ff,Edge computing reduces latency by processing data closer,spark,6,12.0,ok,spark,1788503916.8577385,45.69,1469.873,6
1650.408,1,1653.842,1788503918.7148843,8,b01-o06-spark-c8,,8,False,207.621,llama3.2:1b,etri-ser0002-cgnmsb,ACTIVE,1442.787,35f2d5fe-fb62-4610-bce0-5a1dfbeab82d,Edge computing reduces latency by processing data closer,spark,6,12.0,ok,spark,1788503917.0610473,45.573,1474.605,6
1648.42,1,1653.927,1788503918.9198768,8,b01-o06-spark-c8,,8,False,205.036,llama3.2:1b,etri-ser0002-cgnmsb,ACTIVE,1443.384,f71f7a91-35cf-40ff-8717-b97fa0cb1dd3,Edge computing reduces latency by processing data closer,spark,6,12.0,ok,spark,1788503917.2659533,45.746,1472.722,6
1644.993,1,1649.338,1788503919.1220527,8,b01-o06-spark-c8,,8,False,202.317,llama3.2:1b,etri-ser0002-cgnmsb,ACTIVE,1442.676,e76bf598-2fec-4dc6-9e90-36042b768a6f,Edge computing reduces latency by processing data closer,spark,6,12.0,ok,spark,1788503917.4727159,46.127,1470.985,6
1643.108,1,1646.836,1788503919.3264308,8,b01-o06-spark-c8,,8,False,203.642,llama3.2:1b,etri-ser0002-cgnmsb,ACTIVE,1439.466,539121f2-66f8-4cbf-aaac-a4fabb1d2be2,Edge computing reduces latency by processing data closer,spark,6,12.0,ok,spark,1788503917.679598,46.099,1467.346,6
1644.649,1,1649.004,1788503919.5331256,8,b01-o06-spark-c8,,8,False,206.569,llama3.2:1b,etri-ser0002-cgnmsb,ACTIVE,1438.08,f2a8b708-f42d-4ee9-a2bd-cb821bab6f5b,Edge computing reduces latency by processing data closer,spark,6,12.0,ok,spark,1788503917.8841257,46.05,1469.98,6
1648.236,1,1651.038,1788503919.739939,8,b01-o06-spark-c8,,8,False,206.91,llama3.2:1b,etri-ser0002-cgnmsb,ACTIVE,1441.326,55afd78a-9798-4d6a-a8b8-6ecb433f2aa6,Edge computing reduces latency by processing data closer,spark,6,12.0,ok,spark,1788503918.0889022,45.934,1472.094,6
204.049,1,210.391,1788503922.96113,16,b01-o07-spark-c16,,8,False,204.046,llama3.2:1b,etri-ser0002-cgnmsb,ACTIVE,0.003,b65b46fc-922b-42af-9dbe-a7cd24370267,Edge computing reduces latency by processing data closer,spark,7,12.0,ok,spark,1788503922.7507386,46.038,28.944,7
405.103,1,412.702,1788503923.1646247,16,b01-o07-spark-c16,,8,False,202.936,llama3.2:1b,etri-ser0002-cgnmsb,ACTIVE,202.167,661c91d9-9419-44f3-8e9e-d371e3c82fb9,Edge computing reduces latency by processing data closer,spark,7,12.0,ok,spark,1788503922.7519228,46.094,230.906,7
612.157,1,620.001,1788503923.3728786,16,b01-o07-spark-c16,,8,False,207.532,llama3.2:1b,etri-ser0002-cgnmsb,ACTIVE,404.625,ecbb838a-b835-42f1-8d06-4891e90735a7,Edge computing reduces latency by processing data closer,spark,7,12.0,ok,spark,1788503922.7528806,46.056,436.599,7
820.146,1,826.163,1788503923.581092,16,b01-o07-spark-c16,,8,False,207.671,llama3.2:1b,etri-ser0002-cgnmsb,ACTIVE,612.475,7a6677ad-7fe2-4f45-983d-6e5f0be3c9d6,Edge computing reduces latency by processing data closer,spark,7,12.0,ok,spark,1788503922.7549322,46.084,645.2,7
1028.472,1,1034.04,1788503923.7905562,16,b01-o07-spark-c16,,8,False,209.702,llama3.2:1b,etri-ser0002-cgnmsb,ACTIVE,818.77,013467b1-8c95-4c04-8110-35f86bcb25b5,Edge computing reduces latency by processing data closer,spark,7,12.0,ok,spark,1788503922.7565172,46.005,852.872,7
1238.285,1,1247.04,1788503924.0009735,16,b01-o07-spark-c16,,8,False,209.314,llama3.2:1b,etri-ser0002-cgnmsb,ACTIVE,1028.971,0413b8e6-6085-46c7-9b11-174b72e76438,Edge computing reduces latency by processing data closer,spark,7,12.0,ok,spark,1788503922.753939,45.993,1061.502,7
1445.969,1,1450.273,1788503924.2093914,16,b01-o07-spark-c16,,8,False,207.463,llama3.2:1b,etri-ser0002-cgnmsb,ACTIVE,1238.505,14e37c59-3083-4a20-bb74-2887b7dcb319,Edge computing reduces latency by processing data closer,spark,7,12.0,ok,spark,1788503922.7591214,46.157,1271.56,7
1651.826,1,1657.06,1788503924.4147928,16,b01-o07-spark-c16,,8,False,205.675,llama3.2:1b,etri-ser0002-cgnmsb,ACTIVE,1446.151,2b9e0bed-1aca-47ab-8187-c39d39cbb8e5,Edge computing reduces latency by processing data closer,spark,7,12.0,ok,spark,1788503922.7577376,45.951,1477.785,7
1852.707,1,1858.967,1788503924.6197655,16,b01-o07-spark-c16,,8,False,203.923,llama3.2:1b,etri-ser0002-cgnmsb,ACTIVE,1648.784,59c9c385-2d52-41e2-9da8-e51ca600b017,Edge computing reduces latency by processing data closer,spark,7,12.0,ok,spark,1788503922.7608032,46.03,1676.657,7
2060.157,1,2066.13,1788503924.829118,16,b01-o07-spark-c16,,8,False,209.198,llama3.2:1b,etri-ser0002-cgnmsb,ACTIVE,1850.959,b87ad9d3-e754-411e-8b08-50ba937955f2,Edge computing reduces latency by processing data closer,spark,7,12.0,ok,spark,1788503922.7629936,45.91,1883.769,7
2269.462,1,2275.362,1788503925.0375874,16,b01-o07-spark-c16,,8,False,209.056,llama3.2:1b,etri-ser0002-cgnmsb,ACTIVE,2060.407,f3afc20b-eade-4b6e-9fe5-6c1052d66131,Edge computing reduces latency by processing data closer,spark,7,12.0,ok,spark,1788503922.762228,45.846,2093.047,7
2475.886,1,2481.167,1788503925.246087,16,b01-o07-spark-c16,,8,False,207.545,llama3.2:1b,etri-ser0002-cgnmsb,ACTIVE,2268.34,54fb2fd5-a83b-4ce0-8863-e6ce413b17e6,Edge computing reduces latency by processing data closer,spark,7,12.0,ok,spark,1788503922.7649257,45.759,2299.683,7
2685.455,1,2691.062,1788503925.4549985,16,b01-o07-spark-c16,,8,False,208.949,llama3.2:1b,etri-ser0002-cgnmsb,ACTIVE,2476.506,11ceb4e6-e7a3-40dc-a9a5-4abb1751e08e,Edge computing reduces latency by processing data closer,spark,7,12.0,ok,spark,1788503922.7639406,45.933,2509.774,7
2895.841,1,2901.32,1788503925.6675298,16,b01-o07-spark-c16,,8,False,211.473,llama3.2:1b,etri-ser0002-cgnmsb,ACTIVE,2684.368,4fad6a30-5f13-46d4-84bd-2c1b82dcac91,Edge computing reduces latency by processing data closer,spark,7,12.0,ok,spark,1788503922.7662148,45.577,2718.203,7
3104.978,1,3110.016,1788503925.8770964,16,b01-o07-spark-c16,,8,False,208.553,llama3.2:1b,etri-ser0002-cgnmsb,ACTIVE,2896.425,980a95ba-594c-4c7e-809c-79d3c618d146,Edge computing reduces latency by processing data closer,spark,7,12.0,ok,spark,1788503922.7670834,46.12,2929.093,7
3312.213,1,3315.333,1788503926.0836625,16,b01-o07-spark-c16,,8,False,207.666,llama3.2:1b,etri-ser0002-cgnmsb,ACTIVE,3104.547,693c9bd3-5641-4639-abad-495944e8bfbb,Edge computing reduces latency by processing data closer,spark,7,12.0,ok,spark,1788503922.7683306,45.875,3137.396,7
3324.915,1,3328.0,1788503926.289151,16,b01-o07-spark-c16,,8,False,204.633,llama3.2:1b,etri-ser0002-cgnmsb,ACTIVE,3120.282,0c1be908-5023-417c-b4f9-15fe4a1c274f,Edge computing reduces latency by processing data closer,spark,7,12.0,ok,spark,1788503922.9611547,45.959,3148.062,7
3328.101,1,3333.805,1788503926.4984493,16,b01-o07-spark-c16,,8,False,208.187,llama3.2:1b,etri-ser0002-cgnmsb,ACTIVE,3119.914,e90cad12-9849-4029-8ec3-55d0b62b90f5,Edge computing reduces latency by processing data closer,spark,7,12.0,ok,spark,1788503923.1646483,46.066,3153.022,7
3323.741,1,3330.328,1788503926.7032988,16,b01-o07-spark-c16,,8,False,204.856,llama3.2:1b,etri-ser0002-cgnmsb,ACTIVE,3118.885,2b6ebb88-1527-43e9-8085-043578494931,Edge computing reduces latency by processing data closer,spark,7,12.0,ok,spark,1788503923.3729749,46.103,3148.842,7
3322.058,1,3328.664,1788503926.9098535,16,b01-o07-spark-c16,,8,False,206.434,llama3.2:1b,etri-ser0002-cgnmsb,ACTIVE,3115.624,105b41e7-3d77-4889-84f6-4fc92a925982,Edge computing reduces latency by processing data closer,spark,7,12.0,ok,spark,1788503923.5811925,45.941,3146.547,7
3319.212,1,3324.247,1788503927.1148357,16,b01-o07-spark-c16,,8,False,205.555,llama3.2:1b,etri-ser0002-cgnmsb,ACTIVE,3113.657,373165f4-700f-407c-8bf5-2966958ba5a0,Edge computing reduces latency by processing data closer,spark,7,12.0,ok,spark,1788503923.79059,45.545,3143.128,7
3311.622,1,3317.814,1788503927.318894,16,b01-o07-spark-c16,,8,False,203.766,llama3.2:1b,etri-ser0002-cgnmsb,ACTIVE,3107.856,b32db16c-413f-4779-9506-3fb2657db64d,Edge computing reduces latency by processing data closer,spark,7,12.0,ok,spark,1788503924.001083,46.041,3135.639,7
3314.81,1,3319.679,1788503927.5291572,16,b01-o07-spark-c16,,8,False,209.469,llama3.2:1b,etri-ser0002-cgnmsb,ACTIVE,3105.341,fca539bb-4a57-4313-9cb2-3a062d0d7391,Edge computing reduces latency by processing data closer,spark,7,12.0,ok,spark,1788503924.2094812,45.872,3138.443,7
3321.189,1,3323.904,1788503927.7388122,16,b01-o07-spark-c16,,8,False,209.832,llama3.2:1b,etri-ser0002-cgnmsb,ACTIVE,3111.357,9b8d080f-ad24-4525-8ecc-ba56df810f84,Edge computing reduces latency by processing data closer,spark,7,12.0,ok,spark,1788503924.4149096,45.914,3145.955,7
3322.553,1,3329.584,1788503927.949452,16,b01-o07-spark-c16,,8,False,208.848,llama3.2:1b,etri-ser0002-cgnmsb,ACTIVE,3113.705,a09af1ef-26f0-44da-b083-7f52b18344c8,Edge computing reduces latency by processing data closer,spark,7,12.0,ok,spark,1788503924.6198738,46.114,3147.153,7
3323.261,1,3329.74,1788503928.1590452,16,b01-o07-spark-c16,,8,False,210.387,llama3.2:1b,etri-ser0002-cgnmsb,ACTIVE,3112.874,ebfc1855-1a89-4189-9d0b-60a352c3c1cf,Edge computing reduces latency by processing data closer,spark,7,12.0,ok,spark,1788503924.8292358,45.978,3146.383,7
3325.252,1,3330.847,1788503928.3685272,16,b01-o07-spark-c16,,8,False,208.464,llama3.2:1b,etri-ser0002-cgnmsb,ACTIVE,3116.788,0ccca7fc-e712-4997-86a8-ca0b2d82cd40,Edge computing reduces latency by processing data closer,spark,7,12.0,ok,spark,1788503925.0376828,46.09,3149.147,7
3326.191,1,3333.315,1788503928.5795143,16,b01-o07-spark-c16,,8,False,209.583,llama3.2:1b,etri-ser0002-cgnmsb,ACTIVE,3116.608,792464e3-45ce-4189-96da-d8bdc04803ef,Edge computing reduces latency by processing data closer,spark,7,12.0,ok,spark,1788503925.2462032,46.06,3150.2,7
3326.507,1,3333.061,1788503928.7881389,16,b01-o07-spark-c16,,8,False,209.056,llama3.2:1b,etri-ser0002-cgnmsb,ACTIVE,3117.451,aef451fe-64ba-4209-b633-c2846da8da85,Edge computing reduces latency by processing data closer,spark,7,12.0,ok,spark,1788503925.4550836,46.106,3151.192,7
3322.844,1,3327.081,1788503928.994727,16,b01-o07-spark-c16,,8,False,207.099,llama3.2:1b,etri-ser0002-cgnmsb,ACTIVE,3115.746,a7c28100-85ed-42cc-80da-f6e4b5beaaf2,Edge computing reduces latency by processing data closer,spark,7,12.0,ok,spark,1788503925.6676476,46.055,3147.457,7
3321.928,1,3327.632,1788503929.2048151,16,b01-o07-spark-c16,,8,False,209.697,llama3.2:1b,etri-ser0002-cgnmsb,ACTIVE,3112.231,0925f7cf-d7a9-4325-99fe-96c113d2b441,Edge computing reduces latency by processing data closer,spark,7,12.0,ok,spark,1788503925.877184,46.078,3145.564,7
3330.301,1,3331.863,1788503929.4155545,16,b01-o07-spark-c16,,8,False,210.33,llama3.2:1b,etri-ser0002-cgnmsb,ACTIVE,3119.971,ba9c987f-f2ab-4db1-b43a-3c1f4b612411,Edge computing reduces latency by processing data closer,spark,7,12.0,ok,spark,1788503926.0836926,45.108,3152.331,7
3326.712,1,3332.423,1788503929.6216772,16,b01-o07-spark-c16,,8,False,204.717,llama3.2:1b,etri-ser0002-cgnmsb,ACTIVE,3121.994,1d783f7c-a371-4ed2-a95c-361b49ccc889,Edge computing reduces latency by processing data closer,spark,7,12.0,ok,spark,1788503926.2892559,45.982,3150.034,7
3325.445,1,3330.745,1788503929.829283,16,b01-o07-spark-c16,,8,False,208.434,llama3.2:1b,etri-ser0002-cgnmsb,ACTIVE,3117.012,5692cb2b-2d38-481c-8a35-e0b2a84133fb,Edge computing reduces latency by processing data closer,spark,7,12.0,ok,spark,1788503926.4985392,46.088,3150.126,7
3330.554,1,3335.715,1788503930.0391004,16,b01-o07-spark-c16,,8,False,209.232,llama3.2:1b,etri-ser0002-cgnmsb,ACTIVE,3121.322,ec435048-2dfe-4e7c-9623-dcf4731b9d88,Edge computing reduces latency by processing data closer,spark,7,12.0,ok,spark,1788503926.7033894,46.11,3155.355,7
3333.432,1,3337.081,1788503930.2470195,16,b01-o07-spark-c16,,8,False,207.754,llama3.2:1b,etri-ser0002-cgnmsb,ACTIVE,3125.678,d3a60ace-41de-4122-82de-f8028a28ae2f,Edge computing reduces latency by processing data closer,spark,7,12.0,ok,spark,1788503926.9099417,45.933,3159.004,7
3333.717,1,3335.449,1788503930.450307,16,b01-o07-spark-c16,,8,False,203.089,llama3.2:1b,etri-ser0002-cgnmsb,ACTIVE,3130.628,dc7be597-6d77-4215-8f87-438d6e500ca8,Edge computing reduces latency by processing data closer,spark,7,12.0,ok,spark,1788503927.1148612,46.073,3158.515,7
3333.339,1,3339.364,1788503930.6583085,16,b01-o07-spark-c16,,8,False,207.157,llama3.2:1b,etri-ser0002-cgnmsb,ACTIVE,3126.182,f8cb453a-9558-4676-91bf-c3b901960c18,Edge computing reduces latency by processing data closer,spark,7,12.0,ok,spark,1788503927.318948,46.002,3159.202,7
3327.195,1,3333.237,1788503930.8624978,16,b01-o07-spark-c16,,8,False,204.422,llama3.2:1b,etri-ser0002-cgnmsb,ACTIVE,3122.773,6facc78c-8a38-4a91-b7ef-6f59bc51ed3d,Edge computing reduces latency by processing data closer,spark,7,12.0,ok,spark,1788503927.529264,45.903,3152.798,7
3321.78,1,3327.436,1788503931.0662804,16,b01-o07-spark-c16,,8,False,203.644,llama3.2:1b,etri-ser0002-cgnmsb,ACTIVE,3118.136,01bb00e5-5909-4cae-bf97-61d44870752e,Edge computing reduces latency by processing data closer,spark,7,12.0,ok,spark,1788503927.7388475,45.74,3147.151,7
3315.718,1,3322.489,1788503931.2720487,16,b01-o07-spark-c16,,8,False,205.311,llama3.2:1b,etri-ser0002-cgnmsb,ACTIVE,3110.407,8cf601e7-a1b4-4e8a-88f8-616227b09210,Edge computing reduces latency by processing data closer,spark,7,12.0,ok,spark,1788503927.949565,45.595,3138.537,7
3317.281,1,3321.486,1788503931.4805973,16,b01-o07-spark-c16,,8,False,208.259,llama3.2:1b,etri-ser0002-cgnmsb,ACTIVE,3109.023,8a5ab2c7-1c60-4604-b97f-bd528b4d2f73,Edge computing reduces latency by processing data closer,spark,7,12.0,ok,spark,1788503928.1591132,45.409,3140.948,7
3311.281,1,3317.598,1788503931.686192,16,b01-o07-spark-c16,,8,False,205.228,llama3.2:1b,etri-ser0002-cgnmsb,ACTIVE,3106.053,5e414bc7-cf49-4b47-be11-ca8a1bee848e,Edge computing reduces latency by processing data closer,spark,7,12.0,ok,spark,1788503928.3685982,45.54,3135.63,7
3305.66,1,3312.079,1788503931.8916981,16,b01-o07-spark-c16,,8,False,204.618,llama3.2:1b,etri-ser0002-cgnmsb,ACTIVE,3101.042,d03681fc-5e28-4acb-9f65-aa7f6f125ec3,Edge computing reduces latency by processing data closer,spark,7,12.0,ok,spark,1788503928.579624,45.954,3129.3,7
3304.655,1,3310.873,1788503932.0991523,16,b01-o07-spark-c16,,8,False,207.866,llama3.2:1b,etri-ser0002-cgnmsb,ACTIVE,3096.789,026354fb-ec0f-4133-a160-f500f605c614,Edge computing reduces latency by processing data closer,spark,7,12.0,ok,spark,1788503928.7882807,45.96,3129.428,7
3305.288,1,3312.442,1788503932.3071988,16,b01-o07-spark-c16,,8,False,206.23,llama3.2:1b,etri-ser0002-cgnmsb,ACTIVE,3099.059,8306a0e5-e298-4b82-bf3d-38c7a44e51e8,Edge computing reduces latency by processing data closer,spark,7,12.0,ok,spark,1788503928.994762,46.282,3130.963,7
3304.214,1,3309.826,1788503932.5146651,16,b01-o07-spark-c16,,8,False,208.69,llama3.2:1b,etri-ser0002-cgnmsb,ACTIVE,3095.523,fdb523f8-05d5-4fde-9cc5-c3b51cfe0a5e,Edge computing reduces latency by processing data closer,spark,7,12.0,ok,spark,1788503929.20484,45.861,3127.912,7
3300.793,1,3302.899,1788503932.7184806,16,b01-o07-spark-c16,,8,False,203.722,llama3.2:1b,etri-ser0002-cgnmsb,ACTIVE,3097.072,3f23ccfc-c151-4793-8ab4-8547aee0b57d,Edge computing reduces latency by processing data closer,spark,7,12.0,ok,spark,1788503929.4155822,45.959,3127.264,7
3295.32,1,3300.438,1788503932.922181,16,b01-o07-spark-c16,,8,False,203.478,llama3.2:1b,etri-ser0002-cgnmsb,ACTIVE,3091.842,15ad5802-268c-40a6-b31b-3cf8e3a92fb3,Edge computing reduces latency by processing data closer,spark,7,12.0,ok,spark,1788503929.6217437,46.017,3119.467,7
3295.327,1,3299.333,1788503933.1286607,16,b01-o07-spark-c16,,8,False,206.509,llama3.2:1b,etri-ser0002-cgnmsb,ACTIVE,3088.818,8c1f84aa-832e-45fb-9d0e-f81f426efe7b,Edge computing reduces latency by processing data closer,spark,7,12.0,ok,spark,1788503929.8293293,45.869,3120.59,7
3291.915,1,3297.478,1788503933.3366673,16,b01-o07-spark-c16,,8,False,207.553,llama3.2:1b,etri-ser0002-cgnmsb,ACTIVE,3084.363,ca7975a1-2de5-423a-af18-75bea8d644a0,Edge computing reduces latency by processing data closer,spark,7,12.0,ok,spark,1788503930.0391903,46.017,3116.443,7
3295.564,1,3298.408,1788503933.5455148,16,b01-o07-spark-c16,,8,False,208.257,llama3.2:1b,etri-ser0002-cgnmsb,ACTIVE,3087.307,08530a9f-b748-4394-a737-65930e70a1ab,Edge computing reduces latency by processing data closer,spark,7,12.0,ok,spark,1788503930.2471077,45.985,3119.783,7
3295.863,1,3301.397,1788503933.7517962,16,b01-o07-spark-c16,,8,False,205.906,llama3.2:1b,etri-ser0002-cgnmsb,ACTIVE,3089.956,ecca7c2b-f67b-4cae-9428-29cd0686429c,Edge computing reduces latency by processing data closer,spark,7,12.0,ok,spark,1788503930.4503994,46.063,3121.503,7
3293.084,1,3296.407,1788503933.954807,16,b01-o07-spark-c16,,8,False,203.006,llama3.2:1b,etri-ser0002-cgnmsb,ACTIVE,3090.078,07b5539c-56a0-4322-9fd4-ab115eca8d19,Edge computing reduces latency by processing data closer,spark,7,12.0,ok,spark,1788503930.6584008,46.065,3118.435,7
3293.636,1,3296.678,1788503934.1592607,16,b01-o07-spark-c16,,8,False,203.855,llama3.2:1b,etri-ser0002-cgnmsb,ACTIVE,3089.781,7176a08a-961e-42de-9b52-a92df71c3850,Edge computing reduces latency by processing data closer,spark,7,12.0,ok,spark,1788503930.8625855,46.113,3119.798,7
3299.287,1,3303.203,1788503934.369585,16,b01-o07-spark-c16,,8,False,208.994,llama3.2:1b,etri-ser0002-cgnmsb,ACTIVE,3090.293,07848dd6-8af7-4467-94cd-7f2acb8a3ddf,Edge computing reduces latency by processing data closer,spark,7,12.0,ok,spark,1788503931.0663867,46.019,3123.11,7
3298.194,1,3303.853,1788503934.5760055,16,b01-o07-spark-c16,,8,False,206.951,llama3.2:1b,etri-ser0002-cgnmsb,ACTIVE,3091.243,80951355-7307-4963-afa2-909ec73bb62b,Edge computing reduces latency by processing data closer,spark,7,12.0,ok,spark,1788503931.272158,46.349,3124.093,7
3298.649,1,3302.417,1788503934.7830758,16,b01-o07-spark-c16,,8,False,207.023,llama3.2:1b,etri-ser0002-cgnmsb,ACTIVE,3091.626,f5afe1e2-c134-4b85-bc9d-c9d3badc825e,Edge computing reduces latency by processing data closer,spark,7,12.0,ok,spark,1788503931.4806628,45.745,3123.929,7
3297.408,1,3300.497,1788503934.9868076,16,b01-o07-spark-c16,,8,False,203.754,llama3.2:1b,etri-ser0002-cgnmsb,ACTIVE,3093.654,cf02ef37-e8bc-48f5-b937-f76d3a2af47a,Edge computing reduces latency by processing data closer,spark,7,12.0,ok,spark,1788503931.6863112,45.983,3122.674,7
3297.554,1,3303.653,1788503935.1954834,16,b01-o07-spark-c16,,8,False,208.034,llama3.2:1b,etri-ser0002-cgnmsb,ACTIVE,3089.52,339dd4c6-ce4d-4fc3-8739-96927f2eae3e,Edge computing reduces latency by processing data closer,spark,7,12.0,ok,spark,1788503931.8918316,46.046,3122.447,7
3301.852,1,3306.555,1788503935.4057374,16,b01-o07-spark-c16,,8,False,209.008,llama3.2:1b,etri-ser0002-cgnmsb,ACTIVE,3092.844,64f532fb-2432-4005-9919-2640008efbd0,Edge computing reduces latency by processing data closer,spark,7,12.0,ok,spark,1788503932.0991867,45.971,3126.34,7
3298.969,1,3305.22,1788503935.6125898,16,b01-o07-spark-c16,,8,False,206.893,llama3.2:1b,etri-ser0002-cgnmsb,ACTIVE,3092.076,0fae15f1-a3fd-4b56-898d-f66e45ef5a08,Edge computing reduces latency by processing data closer,spark,7,12.0,ok,spark,1788503932.3073757,46.052,3124.542,7
3301.725,1,3305.366,1788503935.8200555,16,b01-o07-spark-c16,,8,False,207.539,llama3.2:1b,etri-ser0002-cgnmsb,ACTIVE,3094.185,412208b0-6ef5-4138-b39a-f45f1dea1bec,Edge computing reduces latency by processing data closer,spark,7,12.0,ok,spark,1788503932.5146909,45.802,3127.438,7
3303.269,1,3304.958,1788503936.0234604,16,b01-o07-spark-c16,,8,False,203.576,llama3.2:1b,etri-ser0002-cgnmsb,ACTIVE,3099.693,8d066fa1-cabe-453c-8440-997a3b3469a0,Edge computing reduces latency by processing data closer,spark,7,12.0,ok,spark,1788503932.718504,46.129,3127.77,7
3304.831,1,3310.128,1788503936.2323322,16,b01-o07-spark-c16,,8,False,208.407,llama3.2:1b,etri-ser0002-cgnmsb,ACTIVE,3096.424,4cb08506-e2bf-408d-b37f-c0c329547717,Edge computing reduces latency by processing data closer,spark,7,12.0,ok,spark,1788503932.922205,46.075,3129.305,7
3306.218,1,3311.757,1788503936.4404414,16,b01-o07-spark-c16,,8,False,207.533,llama3.2:1b,etri-ser0002-cgnmsb,ACTIVE,3098.684,dca60c02-5c03-46b7-aa0c-3e6bcf95243d,Edge computing reduces latency by processing data closer,spark,7,12.0,ok,spark,1788503933.1286852,46.062,3131.357,7
3305.397,1,3311.937,1788503936.648627,16,b01-o07-spark-c16,,8,False,206.85,llama3.2:1b,etri-ser0002-cgnmsb,ACTIVE,3098.548,efdf5a11-7da3-4ebe-a917-1789df546149,Edge computing reduces latency by processing data closer,spark,7,12.0,ok,spark,1788503933.3366945,46.083,3129.57,7
3303.751,1,3308.282,1788503936.8538165,16,b01-o07-spark-c16,,8,False,205.719,llama3.2:1b,etri-ser0002-cgnmsb,ACTIVE,3098.032,d786e5f2-1ce9-443c-a9fe-1aaab7d85095,Edge computing reduces latency by processing data closer,spark,7,12.0,ok,spark,1788503933.5455365,45.884,3129.815,7
3302.931,1,3305.317,1788503937.0571322,16,b01-o07-spark-c16,,8,False,202.66,llama3.2:1b,etri-ser0002-cgnmsb,ACTIVE,3100.27,66ab17cd-8551-41fe-aa9a-39d090d254c2,Edge computing reduces latency by processing data closer,spark,7,12.0,ok,spark,1788503933.7518184,45.806,3127.837,7
3302.858,1,3307.995,1788503937.2628222,16,b01-o07-spark-c16,,8,False,204.785,llama3.2:1b,etri-ser0002-cgnmsb,ACTIVE,3098.072,0a74b45f-da16-4865-aac5-a24f27e37db9,Edge computing reduces latency by processing data closer,spark,7,12.0,ok,spark,1788503933.9548316,45.686,3125.334,7
3306.249,1,3312.732,1788503937.4720795,16,b01-o07-spark-c16,,8,False,209.783,llama3.2:1b,etri-ser0002-cgnmsb,ACTIVE,3096.467,5c6ba4e8-9b3f-47a3-966e-725f5607e510,Edge computing reduces latency by processing data closer,spark,7,12.0,ok,spark,1788503934.1593506,45.452,3129.39,7
3304.117,1,3310.056,1788503937.679731,16,b01-o07-spark-c16,,8,False,207.634,llama3.2:1b,etri-ser0002-cgnmsb,ACTIVE,3096.482,6b39d40f-8aa4-4d08-bfbf-13147ba09022,Edge computing reduces latency by processing data closer,spark,7,12.0,ok,spark,1788503934.369678,45.52,3128.323,7
3303.484,1,3309.035,1788503937.8851502,16,b01-o07-spark-c16,,8,False,204.934,llama3.2:1b,etri-ser0002-cgnmsb,ACTIVE,3098.549,7998f6da-454b-42f6-817f-298dfba41ce6,Edge computing reduces latency by processing data closer,spark,7,12.0,ok,spark,1788503934.576118,45.818,3127.465,7
526.946,1,542.574,1788503941.4476967,1,b01-o08-nano-c1,,8,False,526.91,llama3.2:1b,etri-dev0001-jetorn,ACTIVE,0.036,03ee529d-7194-4bd0-b021-b36ffd73769b,Edge computing reduces latency by processing data closer,nano,8,12.0,ok,nano,1788503940.905128,20.745,143.282,8
367.841,1,374.51,1788503941.8223133,1,b01-o08-nano-c1,,8,False,367.831,llama3.2:1b,etri-dev0001-jetorn,ACTIVE,0.01,9ac68cce-c3b1-4ba3-bb99-57aa58d2d85a,Edge computing reduces latency by processing data closer,nano,8,12.0,ok,nano,1788503941.4478042,25.898,59.275,8
552.907,1,560.975,1788503942.3833277,1,b01-o08-nano-c1,,8,False,552.898,llama3.2:1b,etri-dev0001-jetorn,ACTIVE,0.009,d2b0ceaf-6df4-4701-8963-58616d492e0a,Edge computing reduces latency by processing data closer,nano,8,12.0,ok,nano,1788503941.8223557,19.587,145.367,8
518.045,1,524.163,1788503942.9075758,1,b01-o08-nano-c1,,8,False,518.034,llama3.2:1b,etri-dev0001-jetorn,ACTIVE,0.011,8b327be6-522b-4423-9a31-483112a11955,Edge computing reduces latency by processing data closer,nano,8,12.0,ok,nano,1788503942.3834176,23.612,178.614,8
363.853,1,375.53,1788503943.2832162,1,b01-o08-nano-c1,,8,False,363.843,llama3.2:1b,etri-dev0001-jetorn,ACTIVE,0.011,2f4190d5-6233-4b08-b15a-fed36f5ad58e,Edge computing reduces latency by processing data closer,nano,8,12.0,ok,nano,1788503942.907691,25.772,52.897,8
373.235,1,380.184,1788503943.663551,1,b01-o08-nano-c1,,8,False,373.225,llama3.2:1b,etri-dev0001-jetorn,ACTIVE,0.01,b60e6d89-de82-44c8-a20c-b2fb33869446,Edge computing reduces latency by processing data closer,nano,8,12.0,ok,nano,1788503943.28337,25.551,61.278,8
349.676,1,359.266,1788503944.022907,1,b01-o08-nano-c1,,8,False,349.665,llama3.2:1b,etri-dev0001-jetorn,ACTIVE,0.011,25ec5f84-3a4d-4db8-b5f4-6ddf55e82b20,Edge computing reduces latency by processing data closer,nano,8,12.0,ok,nano,1788503943.6636422,26.827,49.812,8
372.388,1,380.214,1788503944.4031432,1,b01-o08-nano-c1,,8,False,372.377,llama3.2:1b,etri-dev0001-jetorn,ACTIVE,0.011,be3b21e0-18a3-4922-a9b4-d119f9b095d7,Edge computing reduces latency by processing data closer,nano,8,12.0,ok,nano,1788503944.0229309,25.467,57.614,8
379.821,1,387.044,1788503944.7902274,1,b01-o08-nano-c1,,8,False,379.811,llama3.2:1b,etri-dev0001-jetorn,ACTIVE,0.011,776558b5-c94e-499c-954a-d654e5ff751d,Edge computing reduces latency by processing data closer,nano,8,12.0,ok,nano,1788503944.4031875,24.922,61.017,8
374.935,1,383.268,1788503945.1736271,1,b01-o08-nano-c1,,8,False,374.923,llama3.2:1b,etri-dev0001-jetorn,ACTIVE,0.012,8713e5c7-742b-4830-afd0-b4f830b4de1e,Edge computing reduces latency by processing data closer,nano,8,12.0,ok,nano,1788503944.790361,27.31,80.713,8
377.075,1,382.764,1788503945.5564349,1,b01-o08-nano-c1,,8,False,377.063,llama3.2:1b,etri-dev0001-jetorn,ACTIVE,0.012,7410e771-f491-4c96-982e-d0abfcbcb07e,Edge computing reduces latency by processing data closer,nano,8,12.0,ok,nano,1788503945.1736746,24.965,52.731,8
384.665,1,394.371,1788503945.9508944,1,b01-o08-nano-c1,,8,False,384.653,llama3.2:1b,etri-dev0001-jetorn,ACTIVE,0.012,6acb2902-492b-4acd-8c94-c90b6a1f43d6,Edge computing reduces latency by processing data closer,nano,8,12.0,ok,nano,1788503945.5565236,25.369,68.711,8
368.056,1,373.46,1788503946.3243756,1,b01-o08-nano-c1,,8,False,368.044,llama3.2:1b,etri-dev0001-jetorn,ACTIVE,0.011,7f6e2f58-b54b-4c03-9da5-5d8da93ff205,Edge computing reduces latency by processing data closer,nano,8,12.0,ok,nano,1788503945.9509192,25.519,55.408,8
370.328,1,382.203,1788503946.7066698,1,b01-o08-nano-c1,,8,False,370.315,llama3.2:1b,etri-dev0001-jetorn,ACTIVE,0.013,95e766ee-f4de-4e19-9667-b40f5dde036b,Edge computing reduces latency by processing data closer,nano,8,12.0,ok,nano,1788503946.32447,25.772,51.155,8
353.48,1,360.128,1788503947.0669332,1,b01-o08-nano-c1,,8,False,353.469,llama3.2:1b,etri-dev0001-jetorn,ACTIVE,0.011,fe271dc4-82f2-4585-99b6-a96c20789e92,Edge computing reduces latency by processing data closer,nano,8,12.0,ok,nano,1788503946.7068057,27.494,65.589,8
415.924,1,428.432,1788503947.4953854,1,b01-o08-nano-c1,,8,False,415.912,llama3.2:1b,etri-dev0001-jetorn,ACTIVE,0.011,ae651588-6b41-4e52-a2d1-c6ad4d1564b2,Edge computing reduces latency by processing data closer,nano,8,12.0,ok,nano,1788503947.0669568,21.876,47.909,8
365.813,1,375.281,1788503947.8707964,1,b01-o08-nano-c1,,8,False,365.802,llama3.2:1b,etri-dev0001-jetorn,ACTIVE,0.011,b2f84f7f-dab7-43c7-b9cc-faaacbbdf450,Edge computing reduces latency by processing data closer,nano,8,12.0,ok,nano,1788503947.4955163,25.661,53.981,8
369.517,1,380.604,1788503948.25143,1,b01-o08-nano-c1,,8,False,369.505,llama3.2:1b,etri-dev0001-jetorn,ACTIVE,0.012,c8e137b2-f6cb-4b65-bdb0-1c76d1a6ee34,Edge computing reduces latency by processing data closer,nano,8,12.0,ok,nano,1788503947.8708298,25.886,57.956,8
584.0,1,591.649,1788503948.8432193,1,b01-o08-nano-c1,,8,False,583.989,llama3.2:1b,etri-dev0001-jetorn,ACTIVE,0.011,f54d9f63-1ffc-43a4-9838-9ad9425ebc13,Edge computing reduces latency by processing data closer,nano,8,12.0,ok,nano,1788503948.2515736,26.095,280.517,8
370.597,1,376.225,1788503949.2195487,1,b01-o08-nano-c1,,8,False,370.585,llama3.2:1b,etri-dev0001-jetorn,ACTIVE,0.012,5a93a34e-98c8-474d-af3f-1b4802056424,Edge computing reduces latency by processing data closer,nano,8,12.0,ok,nano,1788503948.843327,25.335,54.607,8
384.255,1,391.156,1788503949.610771,1,b01-o08-nano-c1,,8,False,384.243,llama3.2:1b,etri-dev0001-jetorn,ACTIVE,0.012,80441027-ef43-4853-90b4-313fb5c32f57,Edge computing reduces latency by processing data closer,nano,8,12.0,ok,nano,1788503949.2196164,26.422,84.816,8
436.742,1,446.814,1788503950.057626,1,b01-o08-nano-c1,,8,False,436.73,llama3.2:1b,etri-dev0001-jetorn,ACTIVE,0.012,490c911f-d285-46b6-816b-2594f8c06c2b,Edge computing reduces latency by processing data closer,nano,8,12.0,ok,nano,1788503949.6108139,20.677,50.359,8
362.433,1,370.43,1788503950.428105,1,b01-o08-nano-c1,,8,False,362.422,llama3.2:1b,etri-dev0001-jetorn,ACTIVE,0.011,38552200-0aba-41f9-82df-c2c6e132125b,Edge computing reduces latency by processing data closer,nano,8,12.0,ok,nano,1788503950.0576792,26.304,61.946,8
378.893,1,388.236,1788503950.816414,1,b01-o08-nano-c1,,8,False,378.883,llama3.2:1b,etri-dev0001-jetorn,ACTIVE,0.01,4d7acc96-72a9-42a3-9a74-ead51c4a544b,Edge computing reduces latency by processing data closer,nano,8,12.0,ok,nano,1788503950.4281793,24.776,53.377,8
359.085,1,371.188,1788503951.187627,1,b01-o08-nano-c1,,8,False,359.073,llama3.2:1b,etri-dev0001-jetorn,ACTIVE,0.012,2672a1a6-28d0-4776-879a-b0a28c6cf99a,Edge computing reduces latency by processing data closer,nano,8,12.0,ok,nano,1788503950.816443,26.424,55.185,8
384.971,1,395.592,1788503951.5833063,1,b01-o08-nano-c1,,8,False,384.96,llama3.2:1b,etri-dev0001-jetorn,ACTIVE,0.011,cbd0306a-a891-4ea2-9c30-dcabb4753d77,Edge computing reduces latency by processing data closer,nano,8,12.0,ok,nano,1788503951.1877182,24.757,68.825,8
360.709,1,366.361,1788503951.949801,1,b01-o08-nano-c1,,8,False,360.697,llama3.2:1b,etri-dev0001-jetorn,ACTIVE,0.012,16cd5698-e203-44e0-973d-53ae8fb01fd5,Edge computing reduces latency by processing data closer,nano,8,12.0,ok,nano,1788503951.5834405,26.047,53.858,8
388.148,1,393.143,1788503952.3429666,1,b01-o08-nano-c1,,8,False,388.137,llama3.2:1b,etri-dev0001-jetorn,ACTIVE,0.011,edcdee67-eb66-4be1-867b-4dbf797a5de1,Edge computing reduces latency by processing data closer,nano,8,12.0,ok,nano,1788503951.949827,24.036,52.775,8
401.411,1,411.867,1788503952.754879,1,b01-o08-nano-c1,,8,False,401.397,llama3.2:1b,etri-dev0001-jetorn,ACTIVE,0.014,9563c818-beda-428c-805a-8447a702ec16,Edge computing reduces latency by processing data closer,nano,8,12.0,ok,nano,1788503952.3430583,25.44,98.074,8
482.581,1,487.745,1788503953.2427576,1,b01-o08-nano-c1,,8,False,482.569,llama3.2:1b,etri-dev0001-jetorn,ACTIVE,0.012,d1893c1f-9f7f-47c3-8b11-2e37a55c8974,Edge computing reduces latency by processing data closer,nano,8,12.0,ok,nano,1788503952.7550132,26.024,174.661,8
505.573,1,526.223,1788503956.7820432,4,b01-o09-nano-c4,,8,False,505.552,llama3.2:1b,etri-dev0001-jetorn,ACTIVE,0.021,74baff48-eda3-4636-ace1-231a8aea3960,Edge computing reduces latency by processing data closer,nano,9,12.0,ok,nano,1788503956.2558239,21.799,138.769,9
852.512,1,868.888,1788503957.125495,4,b01-o09-nano-c4,,8,False,347.064,llama3.2:1b,etri-dev0001-jetorn,ACTIVE,505.449,b1f88d18-c187-4b3d-8ba4-ca0c5f3962a2,Edge computing reduces latency by processing data closer,nano,9,12.0,ok,nano,1788503956.2566085,27.253,557.902,9
1248.526,1,1272.596,1788503957.5300317,4,b01-o09-nano-c4,,8,False,395.389,llama3.2:1b,etri-dev0001-jetorn,ACTIVE,853.137,d4d57509-036b-4419-af76-01451f06ca68,Edge computing reduces latency by processing data closer,nano,9,12.0,ok,nano,1788503956.2574356,23.535,910.217,9
1620.457,1,1636.671,1788503957.8953784,4,b01-o09-nano-c4,,8,False,364.256,llama3.2:1b,etri-dev0001-jetorn,ACTIVE,1256.201,8254394f-517c-4d84-94c8-03f2e4dba2e5,Edge computing reduces latency by processing data closer,nano,9,12.0,ok,nano,1788503956.25871,25.989,1317.797,9
1439.843,1,1473.821,1788503958.2559557,4,b01-o09-nano-c4,,8,False,356.392,llama3.2:1b,etri-dev0001-jetorn,ACTIVE,1083.451,250eb835-f36b-4f0b-a434-81eaa3d29c8c,Edge computing reduces latency by processing data closer,nano,9,12.0,ok,nano,1788503956.7821374,26.507,1135.897,9
1467.839,1,1489.862,1788503958.6153867,4,b01-o09-nano-c4,,8,False,359.715,llama3.2:1b,etri-dev0001-jetorn,ACTIVE,1108.124,b55e0e74-ad20-4204-a121-1c058b511a4a,Edge computing reduces latency by processing data closer,nano,9,12.0,ok,nano,1788503957.1255312,26.263,1163.89,9
1458.57,1,1468.715,1788503958.9987695,4,b01-o09-nano-c4,,8,False,380.458,llama3.2:1b,etri-dev0001-jetorn,ACTIVE,1078.112,ea64a2ab-2da8-4063-bab8-1f3f29be20f7,Edge computing reduces latency by processing data closer,nano,9,12.0,ok,nano,1788503957.530056,24.879,1135.577,9
1454.117,1,1463.345,1788503959.358795,4,b01-o09-nano-c4,,8,False,359.41,llama3.2:1b,etri-dev0001-jetorn,ACTIVE,1094.708,cae70252-6247-4ea0-bae3-6915ff403a03,Edge computing reduces latency by processing data closer,nano,9,12.0,ok,nano,1788503957.8954525,26.244,1150.28,9
1452.904,1,1472.551,1788503959.7285962,4,b01-o09-nano-c4,,8,False,365.303,llama3.2:1b,etri-dev0001-jetorn,ACTIVE,1087.601,c3d00c1a-7617-48db-b52c-7b79ae1c8d45,Edge computing reduces latency by processing data closer,nano,9,12.0,ok,nano,1788503958.2560463,26.983,1156.046,9
1487.122,1,1499.481,1788503960.1149776,4,b01-o09-nano-c4,,8,False,386.636,llama3.2:1b,etri-dev0001-jetorn,ACTIVE,1100.486,140f57d2-1455-4516-b856-efcd8534151b,Edge computing reduces latency by processing data closer,nano,9,12.0,ok,nano,1788503958.6154978,24.708,1163.265,9
354.677,1,359.963,1788503960.4749665,4,b01-o09-nano-c4,,8,False,354.667,llama3.2:1b,etri-dev0001-jetorn,ACTIVE,0.01,57c43c19-8b7c-4394-a231-538da602ab95,Edge computing reduces latency by processing data closer,nano,9,12.0,ok,nano,1788503960.1150122,26.41,54.754,9
1612.262,1,1623.914,1788503960.9827578,4,b01-o09-nano-c4,,8,False,507.273,llama3.2:1b,etri-dev0001-jetorn,ACTIVE,1104.989,9d2b2b37-e2cc-4c78-8cd9-4b8645b4ad01,Edge computing reduces latency by processing data closer,nano,9,12.0,ok,nano,1788503959.358846,26.659,1308.413,9
1613.169,1,1632.434,1788503961.3610568,4,b01-o09-nano-c4,,8,False,373.576,llama3.2:1b,etri-dev0001-jetorn,ACTIVE,1239.592,54445b95-a7e6-48fc-9edf-0c232cf6f040,Edge computing reduces latency by processing data closer,nano,9,12.0,ok,nano,1788503959.7286246,26.388,1315.889,9
2736.228,1,2752.388,1788503961.751181,4,b01-o09-nano-c4,,8,False,390.502,llama3.2:1b,etri-dev0001-jetorn,ACTIVE,2345.726,3a212236-8f52-4b8e-80f2-39ed3ff78709,Edge computing reduces latency by processing data closer,nano,9,12.0,ok,nano,1788503958.998794,24.005,2404.101,9
1710.057,1,1719.593,1788503962.1946158,4,b01-o09-nano-c4,,8,False,439.202,llama3.2:1b,etri-dev0001-jetorn,ACTIVE,1270.855,4d579239-e337-4a85-8bd7-411c3a00a58e,Edge computing reduces latency by processing data closer,nano,9,12.0,ok,nano,1788503960.4750292,21.322,1333.839,9
1738.351,1,1748.584,1788503962.7313883,4,b01-o09-nano-c4,,8,False,538.508,llama3.2:1b,etri-dev0001-jetorn,ACTIVE,1199.844,a0afb04a-42cb-4eb3-8874-9b4ec0290ee3,Edge computing reduces latency by processing data closer,nano,9,12.0,ok,nano,1788503960.9828086,18.133,1307.215,9
1826.644,1,1833.774,1788503963.1948717,4,b01-o09-nano-c4,,8,False,463.041,llama3.2:1b,etri-dev0001-jetorn,ACTIVE,1363.603,b8ba21b1-1219-43b7-9346-ebb06786d1df,Edge computing reduces latency by processing data closer,nano,9,12.0,ok,nano,1788503961.3611014,20.34,1431.98,9
1901.551,1,1915.554,1788503963.6667538,4,b01-o09-nano-c4,,8,False,472.026,llama3.2:1b,etri-dev0001-jetorn,ACTIVE,1429.525,c222f006-9fe2-4c01-9132-bd8f48962a8f,Edge computing reduces latency by processing data closer,nano,9,12.0,ok,nano,1788503961.7512043,19.836,1502.414,9
1840.635,1,1860.181,1788503964.0549097,4,b01-o09-nano-c4,,8,False,380.149,llama3.2:1b,etri-dev0001-jetorn,ACTIVE,1460.486,5c40b858-2717-4369-8ddb-d815308895ae,Edge computing reduces latency by processing data closer,nano,9,12.0,ok,nano,1788503962.1947315,25.517,1524.363,9
1663.817,1,1687.665,1788503964.4191408,4,b01-o09-nano-c4,,8,False,371.394,llama3.2:1b,etri-dev0001-jetorn,ACTIVE,1292.423,6ca38b49-cacf-4725-97e2-82beabf37c53,Edge computing reduces latency by processing data closer,nano,9,12.0,ok,nano,1788503962.7314794,26.246,1359.904,9
1647.907,1,1663.203,1788503964.8581843,4,b01-o09-nano-c4,,8,False,435.409,llama3.2:1b,etri-dev0001-jetorn,ACTIVE,1212.497,5117ab19-94f5-4b75-99ab-74536f61f1a8,Edge computing reduces latency by processing data closer,nano,9,12.0,ok,nano,1788503963.1949828,21.996,1287.68,9
1557.37,1,1569.788,1788503965.2366278,4,b01-o09-nano-c4,,8,False,380.339,llama3.2:1b,etri-dev0001-jetorn,ACTIVE,1177.03,951a9a29-9e2d-4996-8b4c-cd75a2dd5906,Edge computing reduces latency by processing data closer,nano,9,12.0,ok,nano,1788503963.6668437,24.685,1232.833,9
1519.193,1,1539.427,1788503965.5944178,4,b01-o09-nano-c4,,8,False,358.36,llama3.2:1b,etri-dev0001-jetorn,ACTIVE,1160.834,e6821272-fb11-4758-be69-cd8ff7ec08a3,Edge computing reduces latency by processing data closer,nano,9,12.0,ok,nano,1788503964.054993,26.712,1219.975,9
1687.559,1,1703.121,1788503966.122354,4,b01-o09-nano-c4,,8,False,527.566,llama3.2:1b,etri-dev0001-jetorn,ACTIVE,1159.993,a1d733d4-c227-497b-8660-0a9b12adcd80,Edge computing reduces latency by processing data closer,nano,9,12.0,ok,nano,1788503964.4192338,25.914,1375.891,9
1608.551,1,1620.942,1788503966.4791698,4,b01-o09-nano-c4,,8,False,354.201,llama3.2:1b,etri-dev0001-jetorn,ACTIVE,1254.35,9e19735f-7a87-40e5-bc95-7a1b9939c4d1,Edge computing reduces latency by processing data closer,nano,9,12.0,ok,nano,1788503964.858229,26.881,1312.132,9
1751.473,1,1766.275,1788503967.002987,4,b01-o09-nano-c4,,8,False,522.189,llama3.2:1b,etri-dev0001-jetorn,ACTIVE,1229.284,61e5d6e9-1a2c-4d70-a878-07208c31facd,Edge computing reduces latency by processing data closer,nano,9,12.0,ok,nano,1788503965.236713,22.765,1400.13,9
1788.856,1,1801.077,1788503967.3955553,4,b01-o09-nano-c4,,8,False,392.893,llama3.2:1b,etri-dev0001-jetorn,ACTIVE,1395.963,9ab835ce-9c86-4baf-afdb-6deadb34e092,Edge computing reduces latency by processing data closer,nano,9,12.0,ok,nano,1788503965.5944788,23.954,1452.102,9
1635.759,1,1649.148,1788503967.7715256,4,b01-o09-nano-c4,,8,False,374.116,llama3.2:1b,etri-dev0001-jetorn,ACTIVE,1261.643,b684c7d2-470f-47d6-9a6a-c8dd21531519,Edge computing reduces latency by processing data closer,nano,9,12.0,ok,nano,1788503966.1223807,25.395,1320.079,9
1661.269,1,1676.945,1788503968.1561384,4,b01-o09-nano-c4,,8,False,385.049,llama3.2:1b,etri-dev0001-jetorn,ACTIVE,1276.22,4be2a962-53f8-4fbb-9aa9-f86b78db8755,Edge computing reduces latency by processing data closer,nano,9,12.0,ok,nano,1788503966.4791954,24.153,1328.156,9
1496.589,1,1505.157,1788503968.5081644,4,b01-o09-nano-c4,,8,False,350.809,llama3.2:1b,etri-dev0001-jetorn,ACTIVE,1145.781,2b1fe328-1f0b-4d0f-9329-ce9b3318dfee,Edge computing reduces latency by processing data closer,nano,9,12.0,ok,nano,1788503967.0030112,26.905,1199.822,9
1456.677,1,1465.74,1788503968.8613162,4,b01-o09-nano-c4,,8,False,352.402,llama3.2:1b,etri-dev0001-jetorn,ACTIVE,1104.275,85d3c640-809c-4676-8dc8-ea28e8169fbd,Edge computing reduces latency by processing data closer,nano,9,12.0,ok,nano,1788503967.3955798,26.792,1158.574,9
1562.642,1,1574.57,1788503969.3461616,4,b01-o09-nano-c4,,8,False,479.273,llama3.2:1b,etri-dev0001-jetorn,ACTIVE,1083.369,2c7d6d77-a54f-4542-bd34-a8230fdb0883,Edge computing reduces latency by processing data closer,nano,9,12.0,ok,nano,1788503967.771595,25.311,1247.856,9
1534.888,1,1550.366,1788503969.7065468,4,b01-o09-nano-c4,,8,False,359.187,llama3.2:1b,etri-dev0001-jetorn,ACTIVE,1175.702,a79177da-86ee-43a5-b7c3-8f8fda2da3e1,Edge computing reduces latency by processing data closer,nano,9,12.0,ok,nano,1788503968.1561854,26.082,1232.385,9
251.294,1,261.454,1788503972.99177,2,b01-o10-agx-c2,,8,False,251.278,llama3.2:1b,etri-ser0001-cg0msb,ACTIVE,0.017,dda03c9a-f6c5-4687-bfe5-55e6a2669891,Edge computing reduces latency by processing data closer,agx,10,12.0,ok,agx,1788503972.7303164,41.883,60.209,10
476.911,1,486.541,1788503973.2180212,2,b01-o10-agx-c2,,8,False,226.039,llama3.2:1b,etri-ser0001-cg0msb,ACTIVE,250.873,38a027ed-11de-4e51-a458-89e7d67b70e6,Edge computing reduces latency by processing data closer,agx,10,12.0,ok,agx,1788503972.7314813,40.702,279.935,10
448.539,1,450.393,1788503973.442184,2,b01-o10-agx-c2,,8,False,224.094,llama3.2:1b,etri-ser0001-cg0msb,ACTIVE,224.445,de753a34-d0f9-4fbe-bb62-77543951b385,Edge computing reduces latency by processing data closer,agx,10,12.0,ok,agx,1788503972.9917934,41.433,255.087,10
447.553,1,449.136,1788503973.6671925,2,b01-o10-agx-c2,,8,False,225.055,llama3.2:1b,etri-ser0001-cg0msb,ACTIVE,222.498,b38a93be-fa9e-40ad-a35c-9209a573ca95,Edge computing reduces latency by processing data closer,agx,10,12.0,ok,agx,1788503973.2180593,41.154,252.98,10
446.941,1,448.832,1788503973.8910484,2,b01-o10-agx-c2,,8,False,223.541,llama3.2:1b,etri-ser0001-cg0msb,ACTIVE,223.4,0f29f153-c483-43b8-a74f-fa013dfc1117,Edge computing reduces latency by processing data closer,agx,10,12.0,ok,agx,1788503973.442219,41.952,256.057,10
442.534,1,444.459,1788503974.1116872,2,b01-o10-agx-c2,,8,False,220.557,llama3.2:1b,etri-ser0001-cg0msb,ACTIVE,221.977,ca10581c-e9de-4fea-a5a6-c1091b23e815,Edge computing reduces latency by processing data closer,agx,10,12.0,ok,agx,1788503973.667231,41.884,251.322,10
439.128,1,440.999,1788503974.3320806,2,b01-o10-agx-c2,,8,False,220.245,llama3.2:1b,etri-ser0001-cg0msb,ACTIVE,218.883,4a8dcdb8-1c1a-49ef-b840-a0516f8d34be,Edge computing reduces latency by processing data closer,agx,10,12.0,ok,agx,1788503973.8910832,42.092,248.668,10
431.611,1,433.638,1788503974.5453598,2,b01-o10-agx-c2,,8,False,213.17,llama3.2:1b,etri-ser0001-cg0msb,ACTIVE,218.441,fa85e307-df8f-478f-a57f-0c7f48bcccfd,Edge computing reduces latency by processing data closer,agx,10,12.0,ok,agx,1788503974.1117241,43.236,246.231,10
420.944,1,422.891,1788503974.7550058,2,b01-o10-agx-c2,,8,False,209.561,llama3.2:1b,etri-ser0001-cg0msb,ACTIVE,211.383,d5addac2-745b-44f9-91b5-48dbf540dfdb,Edge computing reduces latency by processing data closer,agx,10,12.0,ok,agx,1788503974.332117,44.529,241.088,10
422.832,1,424.867,1788503974.9702616,2,b01-o10-agx-c2,,8,False,215.175,llama3.2:1b,etri-ser0001-cg0msb,ACTIVE,207.657,9c44ba76-f2ca-42fd-8a5a-cf4e502411a0,Edge computing reduces latency by processing data closer,agx,10,12.0,ok,agx,1788503974.5453966,43.211,237.43,10
426.163,1,427.826,1788503975.1828656,2,b01-o10-agx-c2,,8,False,212.439,llama3.2:1b,etri-ser0001-cg0msb,ACTIVE,213.724,1eef3367-0a3c-4b1a-a805-0aee8708ca81,Edge computing reduces latency by processing data closer,agx,10,12.0,ok,agx,1788503974.7550418,43.5,242.014,10
418.585,1,420.596,1788503975.3908927,2,b01-o10-agx-c2,,8,False,207.978,llama3.2:1b,etri-ser0001-cg0msb,ACTIVE,210.607,a4e6b362-38c0-40de-9abe-a69f070f9b77,Edge computing reduces latency by processing data closer,agx,10,12.0,ok,agx,1788503974.9702988,44.493,238.504,10
412.345,1,414.272,1788503975.597172,2,b01-o10-agx-c2,,8,False,206.138,llama3.2:1b,etri-ser0001-cg0msb,ACTIVE,206.208,c319673b-0829-494b-af03-153d2fec0969,Edge computing reduces latency by processing data closer,agx,10,12.0,ok,agx,1788503975.182902,44.999,234.354,10
427.28,1,429.243,1788503975.8202043,2,b01-o10-agx-c2,,8,False,222.913,llama3.2:1b,etri-ser0001-cg0msb,ACTIVE,204.367,9b2e45ff-b2d8-4a81-892d-678daa4e2e79,Edge computing reduces latency by processing data closer,agx,10,12.0,ok,agx,1788503975.3909643,41.448,234.121,10
434.75,1,436.652,1788503976.0338588,2,b01-o10-agx-c2,,8,False,213.634,llama3.2:1b,etri-ser0001-cg0msb,ACTIVE,221.116,b40d9259-e65c-4967-8780-edd7c1eead01,Edge computing reduces latency by processing data closer,agx,10,12.0,ok,agx,1788503975.5972087,43.169,249.277,10
429.593,1,431.417,1788503976.2516618,2,b01-o10-agx-c2,,8,False,217.797,llama3.2:1b,etri-ser0001-cg0msb,ACTIVE,211.796,851fa665-31a8-41ef-b02a-98b4699b4e64,Edge computing reduces latency by processing data closer,agx,10,12.0,ok,agx,1788503975.8202477,42.7,242.076,10
428.387,1,430.11,1788503976.4640026,2,b01-o10-agx-c2,,8,False,212.001,llama3.2:1b,etri-ser0001-cg0msb,ACTIVE,216.386,748fb737-8adc-460c-90ad-90d0430939cb,Edge computing reduces latency by processing data closer,agx,10,12.0,ok,agx,1788503976.0338953,43.687,245.029,10
423.74,1,425.468,1788503976.6771653,2,b01-o10-agx-c2,,8,False,213.21,llama3.2:1b,etri-ser0001-cg0msb,ACTIVE,210.53,26872b59-1af8-4e3b-bda4-ff9c0da7606b,Edge computing reduces latency by processing data closer,agx,10,12.0,ok,agx,1788503976.2516994,43.666,240.468,10
424.976,1,426.885,1788503976.8909204,2,b01-o10-agx-c2,,8,False,213.591,llama3.2:1b,etri-ser0001-cg0msb,ACTIVE,211.385,5fb86d01-9ea3-45e6-871f-0ffebf88d6fa,Edge computing reduces latency by processing data closer,agx,10,12.0,ok,agx,1788503976.4640377,43.366,240.224,10
444.661,1,446.514,1788503977.1237175,2,b01-o10-agx-c2,,8,False,232.612,llama3.2:1b,etri-ser0001-cg0msb,ACTIVE,212.049,0c37bb4b-32c5-42ed-8892-33c64c4b8d48,Edge computing reduces latency by processing data closer,agx,10,12.0,ok,agx,1788503976.6772058,39.497,241.888,10
469.714,1,471.554,1788503977.362514,2,b01-o10-agx-c2,,8,False,238.734,llama3.2:1b,etri-ser0001-cg0msb,ACTIVE,230.98,083542b1-a25f-49e5-b4bf-dae83176d5b6,Edge computing reduces latency by processing data closer,agx,10,12.0,ok,agx,1788503976.8909612,38.654,262.599,10
468.892,1,470.781,1788503977.5945344,2,b01-o10-agx-c2,,8,False,231.884,llama3.2:1b,etri-ser0001-cg0msb,ACTIVE,237.008,6bb24efc-e901-430b-8e47-1fe84fa1ec3f,Edge computing reduces latency by processing data closer,agx,10,12.0,ok,agx,1788503977.1237543,40.069,268.816,10
454.468,1,456.45,1788503977.818989,2,b01-o10-agx-c2,,8,False,224.329,llama3.2:1b,etri-ser0001-cg0msb,ACTIVE,230.139,d3221b2e-ee5e-4e44-a183-740a2cc2dce1,Edge computing reduces latency by processing data closer,agx,10,12.0,ok,agx,1788503977.3625412,40.957,258.912,10
431.621,1,433.174,1788503978.0277305,2,b01-o10-agx-c2,,8,False,208.703,llama3.2:1b,etri-ser0001-cg0msb,ACTIVE,222.919,772af451-7dfb-44a2-a477-f45bb53bf8d6,Edge computing reduces latency by processing data closer,agx,10,12.0,ok,agx,1788503977.5945575,44.489,251.549,10
419.47,1,421.426,1788503978.2404485,2,b01-o10-agx-c2,,8,False,212.514,llama3.2:1b,etri-ser0001-cg0msb,ACTIVE,206.956,c084643a-573b-49d7-92ee-c30d6f7737ff,Edge computing reduces latency by processing data closer,agx,10,12.0,ok,agx,1788503977.8190243,43.647,235.968,10
426.173,1,427.944,1788503978.4557002,2,b01-o10-agx-c2,,8,False,215.118,llama3.2:1b,etri-ser0001-cg0msb,ACTIVE,211.055,31ad9b23-f59e-4f59-b1be-8973dc2e35c5,Edge computing reduces latency by processing data closer,agx,10,12.0,ok,agx,1788503978.0277586,42.658,238.452,10
426.354,1,428.267,1788503978.668745,2,b01-o10-agx-c2,,8,False,212.896,llama3.2:1b,etri-ser0001-cg0msb,ACTIVE,213.458,00f3243a-6066-47d7-9daa-af3c66aab971,Edge computing reduces latency by processing data closer,agx,10,12.0,ok,agx,1788503978.2404807,43.682,242.879,10
416.206,1,418.133,1788503978.8738663,2,b01-o10-agx-c2,,8,False,205.099,llama3.2:1b,etri-ser0001-cg0msb,ACTIVE,211.107,9dc4e61b-a469-4057-b075-4f03ba552893,Edge computing reduces latency by processing data closer,agx,10,12.0,ok,agx,1788503978.455736,45.197,238.874,10
420.568,1,422.367,1788503979.0911462,2,b01-o10-agx-c2,,8,False,217.349,llama3.2:1b,etri-ser0001-cg0msb,ACTIVE,203.22,635988c5-116b-4cc5-9800-26d3bbeb968c,Edge computing reduces latency by processing data closer,agx,10,12.0,ok,agx,1788503978.668782,42.242,230.804,10
434.203,1,436.124,1788503979.3100252,2,b01-o10-agx-c2,,8,False,218.589,llama3.2:1b,etri-ser0001-cg0msb,ACTIVE,215.614,818d1ce7-1d47-4553-852a-00eed2a17dd3,Edge computing reduces latency by processing data closer,agx,10,12.0,ok,agx,1788503978.8739035,42.554,245.936,10
431.912,1,433.762,1788503979.5249438,2,b01-o10-agx-c2,,8,False,214.952,llama3.2:1b,etri-ser0001-cg0msb,ACTIVE,216.96,73b06cf9-6ef0-4526-9e0c-0b51c207f015,Edge computing reduces latency by processing data closer,agx,10,12.0,ok,agx,1788503979.0911841,43.302,246.799,10
422.229,1,424.232,1788503979.7342894,2,b01-o10-agx-c2,,8,False,209.019,llama3.2:1b,etri-ser0001-cg0msb,ACTIVE,213.21,9e8f14cf-f993-4e84-9cde-75e9062b24e3,Edge computing reduces latency by processing data closer,agx,10,12.0,ok,agx,1788503979.31006,44.463,242.111,10
415.665,1,417.701,1788503979.9426827,2,b01-o10-agx-c2,,8,False,208.248,llama3.2:1b,etri-ser0001-cg0msb,ACTIVE,207.417,af451809-4bbc-46d6-bdff-6a4e29182d42,Edge computing reduces latency by processing data closer,agx,10,12.0,ok,agx,1788503979.524984,44.511,235.75,10
416.113,1,418.013,1788503980.1523356,2,b01-o10-agx-c2,,8,False,209.582,llama3.2:1b,etri-ser0001-cg0msb,ACTIVE,206.531,ba19aa83-9be3-46c2-a573-888854e31366,Edge computing reduces latency by processing data closer,agx,10,12.0,ok,agx,1788503979.734325,44.01,234.074,10
410.659,1,412.83,1788503980.3555455,2,b01-o10-agx-c2,,8,False,203.198,llama3.2:1b,etri-ser0001-cg0msb,ACTIVE,207.461,eb9cae78-4de4-4e1b-8921-27d2c61fd788,Edge computing reduces latency by processing data closer,agx,10,12.0,ok,agx,1788503979.942718,45.7,235.429,10
403.368,1,405.411,1788503980.5577786,2,b01-o10-agx-c2,,8,False,202.012,llama3.2:1b,etri-ser0001-cg0msb,ACTIVE,201.356,9978d6fb-beb2-46d6-b21c-2c9e485f757b,Edge computing reduces latency by processing data closer,agx,10,12.0,ok,agx,1788503980.1523705,46.041,229.305,10
406.19,1,408.226,1788503980.763805,2,b01-o10-agx-c2,,8,False,205.927,llama3.2:1b,etri-ser0001-cg0msb,ACTIVE,200.264,ea38ea4c-1d35-41e6-ac44-63121c28e7ac,Edge computing reduces latency by processing data closer,agx,10,12.0,ok,agx,1788503980.3555815,44.873,227.679,10
415.974,1,418.016,1788503980.9758313,2,b01-o10-agx-c2,,8,False,211.892,llama3.2:1b,etri-ser0001-cg0msb,ACTIVE,204.081,4ad8d993-7f7f-4704-8f69-1e82b6054f15,Edge computing reduces latency by processing data closer,agx,10,12.0,ok,agx,1788503980.557818,43.823,233.093,10
419.622,1,421.565,1788503981.185403,2,b01-o10-agx-c2,,8,False,209.492,llama3.2:1b,etri-ser0001-cg0msb,ACTIVE,210.13,04247e02-5b78-4672-b7ab-47d4a1cbb21f,Edge computing reduces latency by processing data closer,agx,10,12.0,ok,agx,1788503980.7638404,44.07,237.604,10
420.843,1,422.713,1788503981.398578,2,b01-o10-agx-c2,,8,False,213.222,llama3.2:1b,etri-ser0001-cg0msb,ACTIVE,207.621,d2c1cb65-d00f-45c8-a53c-fa7cff26395c,Edge computing reduces latency by processing data closer,agx,10,12.0,ok,agx,1788503980.975867,43.11,235.136,10
418.144,1,420.068,1788503981.6055036,2,b01-o10-agx-c2,,8,False,206.607,llama3.2:1b,etri-ser0001-cg0msb,ACTIVE,211.537,65ed205e-2051-483d-9cab-b226553914d7,Edge computing reduces latency by processing data closer,agx,10,12.0,ok,agx,1788503981.1854374,45.22,240.998,10
417.334,1,419.372,1788503981.817988,2,b01-o10-agx-c2,,8,False,212.351,llama3.2:1b,etri-ser0001-cg0msb,ACTIVE,204.983,d475cd38-e9c4-428d-855d-2e331838dec7,Edge computing reduces latency by processing data closer,agx,10,12.0,ok,agx,1788503981.3986185,43.598,233.578,10
415.914,1,418.179,1788503982.0237145,2,b01-o10-agx-c2,,8,False,205.579,llama3.2:1b,etri-ser0001-cg0msb,ACTIVE,210.335,81f8fdb7-964a-4064-a3a0-b7abbaa3688e,Edge computing reduces latency by processing data closer,agx,10,12.0,ok,agx,1788503981.6055381,45.12,238.349,10
410.203,1,412.101,1788503982.2301261,2,b01-o10-agx-c2,,8,False,206.388,llama3.2:1b,etri-ser0001-cg0msb,ACTIVE,203.815,d6950d25-e27c-4b53-b06e-01a3a8e4b1d1,Edge computing reduces latency by processing data closer,agx,10,12.0,ok,agx,1788503981.8180277,45.062,232.529,10
406.384,1,408.316,1788503982.4320674,2,b01-o10-agx-c2,,8,False,201.879,llama3.2:1b,etri-ser0001-cg0msb,ACTIVE,204.505,a8cc6c88-21d4-4409-bdca-67941853f9fe,Edge computing reduces latency by processing data closer,agx,10,12.0,ok,agx,1788503982.0237532,46.098,232.546,10
403.44,1,405.353,1788503982.6355128,2,b01-o10-agx-c2,,8,False,203.296,llama3.2:1b,etri-ser0001-cg0msb,ACTIVE,200.144,4da9f627-48ff-4e71-aff3-ee69251c5e45,Edge computing reduces latency by processing data closer,agx,10,12.0,ok,agx,1788503982.2301621,45.816,228.309,10
408.017,1,410.229,1788503982.8423295,2,b01-o10-agx-c2,,8,False,206.652,llama3.2:1b,etri-ser0001-cg0msb,ACTIVE,201.365,ac31bc0e-3ac6-4e7f-8870-5d3f9811486a,Edge computing reduces latency by processing data closer,agx,10,12.0,ok,agx,1788503982.4321024,44.674,228.68,10
420.626,1,422.542,1788503983.058089,2,b01-o10-agx-c2,,8,False,215.756,llama3.2:1b,etri-ser0001-cg0msb,ACTIVE,204.87,c2eb8433-a456-4b65-a08b-7303ce4f6823,Edge computing reduces latency by processing data closer,agx,10,12.0,ok,agx,1788503982.6355479,42.786,233.469,10
440.654,1,442.624,1788503983.2849894,2,b01-o10-agx-c2,,8,False,226.817,llama3.2:1b,etri-ser0001-cg0msb,ACTIVE,213.837,be8a5833-b2d8-4998-97a0-d16ba7c8ab31,Edge computing reduces latency by processing data closer,agx,10,12.0,ok,agx,1788503982.8423676,40.952,245.146,10
446.995,1,448.686,1788503983.5067983,2,b01-o10-agx-c2,,8,False,221.648,llama3.2:1b,etri-ser0001-cg0msb,ACTIVE,225.346,9e59db4c-55f4-4a23-91ff-a0a327b77b08,Edge computing reduces latency by processing data closer,agx,10,12.0,ok,agx,1788503983.058115,41.743,255.085,10
435.018,1,437.173,1788503983.722197,2,b01-o10-agx-c2,,8,False,215.253,llama3.2:1b,etri-ser0001-cg0msb,ACTIVE,219.765,2e3eb567-6627-4692-bc6d-7994369e6a4e,Edge computing reduces latency by processing data closer,agx,10,12.0,ok,agx,1788503983.2850263,43.101,248.843,10
428.302,1,430.121,1788503983.9369543,2,b01-o10-agx-c2,,8,False,214.672,llama3.2:1b,etri-ser0001-cg0msb,ACTIVE,213.63,35b9239a-2b93-4dbc-951d-fa1e27323cb1,Edge computing reduces latency by processing data closer,agx,10,12.0,ok,agx,1788503983.506836,43.211,242.877,10
425.91,1,428.063,1788503984.1502929,2,b01-o10-agx-c2,,8,False,213.108,llama3.2:1b,etri-ser0001-cg0msb,ACTIVE,212.802,fe0b1aa8-8d6f-40e0-b2aa-cc85791cc465,Edge computing reduces latency by processing data closer,agx,10,12.0,ok,agx,1788503983.7222323,43.21,240.447,10
424.966,1,426.854,1788503984.3638408,2,b01-o10-agx-c2,,8,False,213.592,llama3.2:1b,etri-ser0001-cg0msb,ACTIVE,211.374,38afec3d-24ef-4100-8fb5-0804ef94e1fa,Edge computing reduces latency by processing data closer,agx,10,12.0,ok,agx,1788503983.936989,43.793,242.012,10
414.406,1,418.079,1788503984.5684104,2,b01-o10-agx-c2,,8,False,204.502,llama3.2:1b,etri-ser0001-cg0msb,ACTIVE,209.904,91350909-c56d-4203-9e5b-b62884a776a6,Edge computing reduces latency by processing data closer,agx,10,12.0,ok,agx,1788503984.1503336,45.412,238.112,10
410.365,1,412.259,1788503984.7761357,2,b01-o10-agx-c2,,8,False,207.558,llama3.2:1b,etri-ser0001-cg0msb,ACTIVE,202.807,b34d575a-b972-46fe-bc33-c8b77c81ea5e,Edge computing reduces latency by processing data closer,agx,10,12.0,ok,agx,1788503984.3638785,44.509,230.379,10
413.381,1,415.13,1788503984.983573,2,b01-o10-agx-c2,,8,False,207.515,llama3.2:1b,etri-ser0001-cg0msb,ACTIVE,205.866,857df0b1-068c-48a3-afc8-d216c43cc957,Edge computing reduces latency by processing data closer,agx,10,12.0,ok,agx,1788503984.5684452,44.498,233.288,10
249.862,1,259.795,1788503988.269198,32,b01-o11-agx-c32,,8,False,249.849,llama3.2:1b,etri-ser0001-cg0msb,ACTIVE,0.013,da7e475d-ee1f-4bf1-bf3e-89a0154d07d9,Edge computing reduces latency by processing data closer,agx,11,12.0,ok,agx,1788503988.009405,41.022,56.722,11
469.237,1,479.551,1788503988.4901993,32,b01-o11-agx-c32,,8,False,220.905,llama3.2:1b,etri-ser0001-cg0msb,ACTIVE,248.332,506f6783-5d90-4c5c-ac1d-419981dbdf60,Edge computing reduces latency by processing data closer,agx,11,12.0,ok,agx,1788503988.0106492,41.912,278.184,11
687.399,1,701.426,1788503988.7094254,32,b01-o11-agx-c32,,8,False,219.136,llama3.2:1b,etri-ser0001-cg0msb,ACTIVE,468.263,92fb8f7d-16e3-4b0a-8827-e3c7a91082e4,Edge computing reduces latency by processing data closer,agx,11,12.0,ok,agx,1788503988.0080009,42.247,497.793,11
894.359,1,912.453,1788503988.9241314,32,b01-o11-agx-c32,,8,False,214.714,llama3.2:1b,etri-ser0001-cg0msb,ACTIVE,679.644,3b7e7719-e423-405d-bef7-5af7d749c2a9,Edge computing reduces latency by processing data closer,agx,11,12.0,ok,agx,1788503988.0116804,43.002,708.046,11
,1,1023.811,1788503989.0519698,32,b01-o11-agx-c32,ConnectionResetError:[Errno 104] Connection reset by peer,,False,,,,,,6f0e20fe-11f1-470b-bd1c-d2f9d74146de,,,11,12.0,error,agx,1788503988.0281591,,,11
,1,1012.683,1788503989.0524209,32,b01-o11-agx-c32,ConnectionResetError:[Errno 104] Connection reset by peer,,False,,,,,,1b60bbea-509f-431c-8413-864a497d7fcd,,,11,12.0,error,agx,1788503988.0397382,,,11
1118.191,1,1134.001,1788503989.1496756,32,b01-o11-agx-c32,,8,False,225.335,llama3.2:1b,etri-ser0001-cg0msb,ACTIVE,892.857,38f61cc9-2e03-4b0c-89af-d0fb6705ef28,Edge computing reduces latency by processing data closer,agx,11,12.0,ok,agx,1788503988.0156755,41.017,922.982,11
1331.976,1,1353.916,1788503989.3672938,32,b01-o11-agx-c32,,8,False,217.457,llama3.2:1b,etri-ser0001-cg0msb,ACTIVE,1114.519,6d131eeb-c039-445d-8d9d-0cfdf21ae053,Edge computing reduces latency by processing data closer,agx,11,12.0,ok,agx,1788503988.0133796,42.42,1143.121,11
1539.105,1,1567.114,1788503989.581715,32,b01-o11-agx-c32,,8,False,214.463,llama3.2:1b,etri-ser0001-cg0msb,ACTIVE,1324.642,a6499593-0446-4b96-b548-ebbc5a7295f4,Edge computing reduces latency by processing data closer,agx,11,12.0,ok,agx,1788503988.014602,43.315,1354.457,11
1756.735,1,1786.897,1788503989.799744,32,b01-o11-agx-c32,,8,False,217.972,llama3.2:1b,etri-ser0001-cg0msb,ACTIVE,1538.764,bb6196fd-a94e-4f56-bb72-b567b9a2db51,Edge computing reduces latency by processing data closer,agx,11,12.0,ok,agx,1788503988.0128474,42.412,1567.923,11
1973.761,1,2002.131,1788503990.0194201,32,b01-o11-agx-c32,,8,False,219.482,llama3.2:1b,etri-ser0001-cg0msb,ACTIVE,1754.279,e2ac386e-5897-49fc-93b4-f3df409d37ff,Edge computing reduces latency by processing data closer,agx,11,12.0,ok,agx,1788503988.017291,41.862,1782.498,11
2179.518,1,2227.297,1788503990.2456994,32,b01-o11-agx-c32,,8,False,226.307,llama3.2:1b,etri-ser0001-cg0msb,ACTIVE,1953.211,6ec368d2-8875-4a97-a8f5-641bfa95d037,Edge computing reduces latency by processing data closer,agx,11,12.0,ok,agx,1788503988.0184033,40.936,1983.847,11
2397.756,1,2444.667,1788503990.4649625,32,b01-o11-agx-c32,,8,False,219.011,llama3.2:1b,etri-ser0001-cg0msb,ACTIVE,2178.745,d6a8dc83-f869-4190-b9ef-5ffd001e4311,Edge computing reduces latency by processing data closer,agx,11,12.0,ok,agx,1788503988.0202973,42.271,2208.283,11
2605.34,1,2657.669,1788503990.6797204,32,b01-o11-agx-c32,,8,False,214.604,llama3.2:1b,etri-ser0001-cg0msb,ACTIVE,2390.737,bf702c0b-5e36-4e8b-87bb-13517937cafe,Edge computing reduces latency by processing data closer,agx,11,12.0,ok,agx,1788503988.022052,43.643,2421.879,11
2819.902,1,2871.734,1788503990.8949287,32,b01-o11-agx-c32,,8,False,215.102,llama3.2:1b,etri-ser0001-cg0msb,ACTIVE,2604.8,28ede248-1c84-422f-a9de-6c6b6ebe08cc,Edge computing reduces latency by processing data closer,agx,11,12.0,ok,agx,1788503988.0231965,43.011,2633.578,11
3049.843,1,3105.615,1788503991.1272354,32,b01-o11-agx-c32,,8,False,232.185,llama3.2:1b,etri-ser0001-cg0msb,ACTIVE,2817.659,e92138a0-56ad-493a-a657-fb265fd8e36e,Edge computing reduces latency by processing data closer,agx,11,12.0,ok,agx,1788503988.0216286,39.572,2847.19,11
3278.697,1,3326.916,1788503991.3565617,32,b01-o11-agx-c32,,8,False,229.139,llama3.2:1b,etri-ser0001-cg0msb,ACTIVE,3049.558,8d21eea9-e751-4e90-8b93-368a745d3eef,Edge computing reduces latency by processing data closer,agx,11,12.0,ok,agx,1788503988.0296464,40.294,3080.05,11
3501.493,1,3555.669,1788503991.5793278,32,b01-o11-agx-c32,,8,False,222.793,llama3.2:1b,etri-ser0001-cg0msb,ACTIVE,3278.7,f159a6a5-9760-44be-afc3-40600b64e5e5,Edge computing reduces latency by processing data closer,agx,11,12.0,ok,agx,1788503988.023661,41.964,3310.536,11
3725.708,1,3765.903,1788503991.804408,32,b01-o11-agx-c32,,8,False,224.948,llama3.2:1b,etri-ser0001-cg0msb,ACTIVE,3500.759,8778469d-41b3-45ee-8f1d-9beda63d8757,Edge computing reduces latency by processing data closer,agx,11,12.0,ok,agx,1788503988.0385056,40.801,3529.345,11
3950.444,1,3988.187,1788503992.0291336,32,b01-o11-agx-c32,,8,False,224.861,llama3.2:1b,etri-ser0001-cg0msb,ACTIVE,3725.582,cec02a46-a4b1-45d0-a93d-bb0fdcfcb413,Edge computing reduces latency by processing data closer,agx,11,12.0,ok,agx,1788503988.0409472,41.08,3755.548,11
3993.021,1,4212.958,1788503992.2553341,32,b01-o11-agx-c32,,8,False,225.792,llama3.2:1b,etri-ser0001-cg0msb,ACTIVE,3767.23,61765164-4410-4b36-94ca-2608f7fcb67b,Edge computing reduces latency by processing data closer,agx,11,12.0,ok,agx,1788503988.0423772,40.763,3796.748,11
4203.971,1,4205.865,1788503992.475096,32,b01-o11-agx-c32,,8,False,219.733,llama3.2:1b,etri-ser0001-cg0msb,ACTIVE,3984.239,df76aafe-e84a-40b5-a0af-ec1db5b0e09e,Edge computing reduces latency by processing data closer,agx,11,12.0,ok,agx,1788503988.2692335,42.052,4013.199,11
4199.926,1,4201.771,1788503992.6920042,32,b01-o11-agx-c32,,8,False,216.744,llama3.2:1b,etri-ser0001-cg0msb,ACTIVE,3983.182,45416592-e8de-424b-9270-6afdeb56c09c,Edge computing reduces latency by processing data closer,agx,11,12.0,ok,agx,1788503988.490235,42.797,4012.684,11
4196.9,1,4198.766,1788503992.9082255,32,b01-o11-agx-c32,,8,False,216.119,llama3.2:1b,etri-ser0001-cg0msb,ACTIVE,3980.781,72be41cc-8716-49e0-9b58-aad5fcb325a6,Edge computing reduces latency by processing data closer,agx,11,12.0,ok,agx,1788503988.7094615,42.854,4009.986,11
4208.656,1,4210.443,1788503993.1346102,32,b01-o11-agx-c32,,8,False,226.302,llama3.2:1b,etri-ser0001-cg0msb,ACTIVE,3982.353,75cddd90-9e6f-4f97-a2dd-2dbc23a57989,Edge computing reduces latency by processing data closer,agx,11,12.0,ok,agx,1788503988.9241698,40.64,4011.46,11
4290.514,1,5313.383,1788503993.3473525,32,b01-o11-agx-c32,,8,False,212.863,llama3.2:1b,etri-ser0001-cg0msb,ACTIVE,4077.65,4af8d859-4012-470e-8829-29f913d8800d,Edge computing reduces latency by processing data closer,agx,11,12.0,ok,agx,1788503988.0339694,43.573,4106.684,11
4512.331,1,5532.769,1788503993.5695179,32,b01-o11-agx-c32,,8,False,221.857,llama3.2:1b,etri-ser0001-cg0msb,ACTIVE,4290.473,8211e8bc-eea9-48f8-ad4b-6848c4d97180,Edge computing reduces latency by processing data closer,agx,11,12.0,ok,agx,1788503988.0367496,41.753,4320.512,11
4730.834,1,5753.203,1788503993.7882733,32,b01-o11-agx-c32,,8,False,218.553,llama3.2:1b,etri-ser0001-cg0msb,ACTIVE,4512.282,efce1692-c0e5-44aa-81dd-82ac6785ddb2,Edge computing reduces latency by processing data closer,agx,11,12.0,ok,agx,1788503988.0350718,42.176,4540.915,11
4942.927,1,5951.253,1788503994.0008705,32,b01-o11-agx-c32,,8,False,212.547,llama3.2:1b,etri-ser0001-cg0msb,ACTIVE,4730.379,2e0431bc-06b6-4e08-bcaf-31da643ced18,Edge computing reduces latency by processing data closer,agx,11,12.0,ok,agx,1788503988.049618,43.745,4759.852,11
5163.7,1,6197.027,1788503994.221702,32,b01-o11-agx-c32,,8,False,220.713,llama3.2:1b,etri-ser0001-cg0msb,ACTIVE,4942.987,0add0597-9a68-49ff-94e4-777c92b9dca7,Edge computing reduces latency by processing data closer,agx,11,12.0,ok,agx,1788503988.0246768,41.874,4972.414,11
5372.534,1,6386.643,1788503994.4328623,32,b01-o11-agx-c32,,8,False,211.114,llama3.2:1b,etri-ser0001-cg0msb,ACTIVE,5161.42,fa50e0b2-629c-4c0c-9fa5-6ed433d7ab5e,Edge computing reduces latency by processing data closer,agx,11,12.0,ok,agx,1788503988.0462208,43.767,5189.518,11
5593.91,1,6606.648,1788503994.6548085,32,b01-o11-agx-c32,,8,False,221.844,llama3.2:1b,etri-ser0001-cg0msb,ACTIVE,5372.067,851f5d0f-b743-45a5-976d-09484078bf4c,Edge computing reduces latency by processing data closer,agx,11,12.0,ok,agx,1788503988.048159,41.483,5400.774,11
5811.445,1,6839.98,1788503994.8724282,32,b01-o11-agx-c32,,8,False,217.556,llama3.2:1b,etri-ser0001-cg0msb,ACTIVE,5593.889,47329bb9-8133-462c-b513-30905301e542,Edge computing reduces latency by processing data closer,agx,11,12.0,ok,agx,1788503988.0324483,42.85,5624.529,11
6034.544,1,7051.54,1788503995.0960197,32,b01-o11-agx-c32,,8,False,223.383,llama3.2:1b,etri-ser0001-cg0msb,ACTIVE,5811.162,8a63b485-3cf1-4d5f-8b8c-fc11798508a2,Edge computing reduces latency by processing data closer,agx,11,12.0,ok,agx,1788503988.0444808,41.324,5840.668,11
6166.442,1,6168.201,1788503995.3179057,32,b01-o11-agx-c32,,8,False,221.949,llama3.2:1b,etri-ser0001-cg0msb,ACTIVE,5944.493,f7f83b93-ec30-4ff2-96d3-22ea4ff46f5f,Edge computing reduces latency by processing data closer,agx,11,12.0,ok,agx,1788503989.1497066,41.994,5975.863,11
6277.659,1,7507.102,1788503995.5386589,32,b01-o11-agx-c32,,8,False,220.578,llama3.2:1b,etri-ser0001-cg0msb,ACTIVE,6057.081,51c083c7-aba8-4437-b8a3-6506001901eb,Edge computing reduces latency by processing data closer,agx,11,12.0,ok,agx,1788503988.0315585,42.161,6087.51,11
6505.326,1,7740.902,1788503995.7669115,32,b01-o11-agx-c32,,8,False,228.173,llama3.2:1b,etri-ser0001-cg0msb,ACTIVE,6277.153,d5915d10-59b8-4afe-bbaf-60d02d606b7d,Edge computing reduces latency by processing data closer,agx,11,12.0,ok,agx,1788503988.0260103,40.449,6307.174,11
6614.526,1,6616.009,1788503995.9833376,32,b01-o11-agx-c32,,8,False,216.227,llama3.2:1b,etri-ser0001-cg0msb,ACTIVE,6398.299,be42ffe3-3c47-4cfc-8357-80118660c375,Edge computing reduces latency by processing data closer,agx,11,12.0,ok,agx,1788503989.3673308,42.656,6426.686,11
6625.393,1,6626.974,1788503996.208712,32,b01-o11-agx-c32,,8,False,225.289,llama3.2:1b,etri-ser0001-cg0msb,ACTIVE,6400.103,e637d003-73a0-44ea-a0aa-5dd3716367e8,Edge computing reduces latency by processing data closer,agx,11,12.0,ok,agx,1788503989.5817404,40.71,6428.454,11
6632.287,1,6634.154,1788503996.433921,32,b01-o11-agx-c32,,8,False,225.202,llama3.2:1b,etri-ser0001-cg0msb,ACTIVE,6407.085,36fbea9b-9c3a-4ca9-ba90-bf1b986103ba,Edge computing reduces latency by processing data closer,agx,11,12.0,ok,agx,1788503989.7997687,41.071,6437.15,11
6637.912,1,6639.742,1788503996.6591966,32,b01-o11-agx-c32,,8,False,225.149,llama3.2:1b,etri-ser0001-cg0msb,ACTIVE,6412.763,a7a7bfd1-f5cf-42ea-8dfc-225c82a9e59a,Edge computing reduces latency by processing data closer,agx,11,12.0,ok,agx,1788503990.0194573,40.995,6442.441,11
6809.288,1,7835.675,1788503996.887722,32,b01-o11-agx-c32,,8,False,228.356,llama3.2:1b,etri-ser0001-cg0msb,ACTIVE,6580.932,209ada5e-b043-4f96-9f8a-2de2e126d189,Edge computing reduces latency by processing data closer,agx,11,12.0,ok,agx,1788503989.052049,40.257,6610.222,11
7034.47,1,8060.198,1788503997.1127958,32,b01-o11-agx-c32,,8,False,225.108,llama3.2:1b,etri-ser0001-cg0msb,ACTIVE,6809.362,e799bc76-9615-4ec3-b8dd-ad981080c120,Edge computing reduces latency by processing data closer,agx,11,12.0,ok,agx,1788503989.0525992,40.965,6839.117,11
7078.822,1,7080.539,1788503997.326273,32,b01-o11-agx-c32,,8,False,213.256,llama3.2:1b,etri-ser0001-cg0msb,ACTIVE,6865.566,6cf530fc-7755-494d-b21e-1797953f6ee6,Edge computing reduces latency by processing data closer,agx,11,12.0,ok,agx,1788503990.245736,43.402,6894.284,11
7079.052,1,7080.954,1788503997.5459507,32,b01-o11-agx-c32,,8,False,219.663,llama3.2:1b,etri-ser0001-cg0msb,ACTIVE,6859.389,944def97-0f87-4926-8d39-19175b5d2644,Edge computing reduces latency by processing data closer,agx,11,12.0,ok,agx,1788503990.4649985,42.043,6888.544,11
7080.642,1,7082.559,1788503997.7623138,32,b01-o11-agx-c32,,8,False,216.223,llama3.2:1b,etri-ser0001-cg0msb,ACTIVE,6864.419,af98d04e-bd05-4de6-9a57-860b564f5cfa,Edge computing reduces latency by processing data closer,agx,11,12.0,ok,agx,1788503990.6797566,42.894,6893.746,11
7085.373,1,7087.135,1788503997.982099,32,b01-o11-agx-c32,,8,False,219.888,llama3.2:1b,etri-ser0001-cg0msb,ACTIVE,6865.485,b7294476-2a7b-49f6-ba4a-249f814f45db,Edge computing reduces latency by processing data closer,agx,11,12.0,ok,agx,1788503990.8949668,41.847,6894.149,11
7071.419,1,7073.368,1788503998.2006483,32,b01-o11-agx-c32,,8,False,218.196,llama3.2:1b,etri-ser0001-cg0msb,ACTIVE,6853.224,d36e7948-d166-43da-a6eb-823d28a2c765,Edge computing reduces latency by processing data closer,agx,11,12.0,ok,agx,1788503991.1272826,42.337,6882.103,11
7061.905,1,7063.741,1788503998.4203362,32,b01-o11-agx-c32,,8,False,219.605,llama3.2:1b,etri-ser0001-cg0msb,ACTIVE,6842.3,67f8ff5f-bc9d-4f53-a852-2424ab5cc480,Edge computing reduces latency by processing data closer,agx,11,12.0,ok,agx,1788503991.356598,41.958,6871.066,11
7069.318,1,7070.919,1788503998.6502805,32,b01-o11-agx-c32,,8,False,229.861,llama3.2:1b,etri-ser0001-cg0msb,ACTIVE,6839.457,5c9c855b-e999-4c9f-bc79-a10756ecc91a,Edge computing reduces latency by processing data closer,agx,11,12.0,ok,agx,1788503991.579364,40.299,6870.458,11
7077.292,1,7079.164,1788503998.883595,32,b01-o11-agx-c32,,8,False,233.254,llama3.2:1b,etri-ser0001-cg0msb,ACTIVE,6844.038,1cf851a2-c3ae-41a4-8a23-b306448e64d1,Edge computing reduces latency by processing data closer,agx,11,12.0,ok,agx,1788503991.8044324,39.645,6875.199,11
7071.087,1,7072.735,1788503999.1018977,32,b01-o11-agx-c32,,8,False,218.208,llama3.2:1b,etri-ser0001-cg0msb,ACTIVE,6852.88,cbf3aeaf-f1ea-4f45-b785-5e2c7c15a57c,Edge computing reduces latency by processing data closer,agx,11,12.0,ok,agx,1788503992.0291646,42.767,6883.558,11
7071.873,1,7073.512,1788503999.3288789,32,b01-o11-agx-c32,,8,False,226.817,llama3.2:1b,etri-ser0001-cg0msb,ACTIVE,6845.056,12b7ef00-5a29-4702-8e5e-4dfdd86ffff9,Edge computing reduces latency by processing data closer,agx,11,12.0,ok,agx,1788503992.2553697,40.845,6875.706,11
7076.944,1,7078.631,1788503999.5537605,32,b01-o11-agx-c32,,8,False,224.905,llama3.2:1b,etri-ser0001-cg0msb,ACTIVE,6852.04,f9355323-e4f5-4c1b-8ccc-0dcacd7f5f92,Edge computing reduces latency by processing data closer,agx,11,12.0,ok,agx,1788503992.4751313,41.26,6882.668,11
7080.076,1,7082.002,1788503999.7740414,32,b01-o11-agx-c32,,8,False,220.165,llama3.2:1b,etri-ser0001-cg0msb,ACTIVE,6859.911,a776c0b0-278b-4608-ac57-b08db7de9979,Edge computing reduces latency by processing data closer,agx,11,12.0,ok,agx,1788503992.6920407,41.858,6888.685,11
7075.138,1,7077.182,1788503999.985447,32,b01-o11-agx-c32,,8,False,211.117,llama3.2:1b,etri-ser0001-cg0msb,ACTIVE,6864.021,4514a3a2-d2a9-4bdd-826b-8360735a8432,Edge computing reduces latency by processing data closer,agx,11,12.0,ok,agx,1788503992.9082677,43.938,6892.637,11
7069.128,1,7071.055,1788504000.2057147,32,b01-o11-agx-c32,,8,False,220.213,llama3.2:1b,etri-ser0001-cg0msb,ACTIVE,6848.916,0d03d480-4170-4c84-b901-bd75728f28ec,Edge computing reduces latency by processing data closer,agx,11,12.0,ok,agx,1788503993.1346622,42.146,6879.203,11
7073.256,1,7075.371,1788504000.4227536,32,b01-o11-agx-c32,,8,False,216.903,llama3.2:1b,etri-ser0001-cg0msb,ACTIVE,6856.353,a67dc67f-e472-46cc-a871-00f8bc10ad66,Edge computing reduces latency by processing data closer,agx,11,12.0,ok,agx,1788503993.3473842,42.441,6884.608,11
7076.492,1,7078.353,1788504000.6478972,32,b01-o11-agx-c32,,8,False,225.092,llama3.2:1b,etri-ser0001-cg0msb,ACTIVE,6851.4,b6c86c90-2364-4b09-ac89-50177fb8322f,Edge computing reduces latency by processing data closer,agx,11,12.0,ok,agx,1788503993.5695467,41.11,6881.619,11
7088.066,1,7089.287,1788504000.8775954,32,b01-o11-agx-c32,,8,False,229.873,llama3.2:1b,etri-ser0001-cg0msb,ACTIVE,6858.193,5d0fffde-0790-4b02-82dc-f86a1438950e,Edge computing reduces latency by processing data closer,agx,11,12.0,ok,agx,1788503993.7883093,39.946,6887.66,11
7104.87,1,7106.795,1788504001.1077015,32,b01-o11-agx-c32,,8,False,229.822,llama3.2:1b,etri-ser0001-cg0msb,ACTIVE,6875.048,d1c332e7-4302-4141-9348-b4d309612f18,Edge computing reduces latency by processing data closer,agx,11,12.0,ok,agx,1788503994.0009077,40.219,6905.727,11
7125.85,1,7127.765,1788504001.3494995,32,b01-o11-agx-c32,,8,False,241.56,llama3.2:1b,etri-ser0001-cg0msb,ACTIVE,6884.29,92bf8fe7-da92-421c-9d15-2782a827674a,Edge computing reduces latency by processing data closer,agx,11,12.0,ok,agx,1788503994.2217371,38.342,6916.778,11
7140.687,1,7142.354,1788504001.5752563,32,b01-o11-agx-c32,,8,False,225.848,llama3.2:1b,etri-ser0001-cg0msb,ACTIVE,6914.839,a154bd5e-6699-4c60-953c-e92ea6f6165b,Edge computing reduces latency by processing data closer,agx,11,12.0,ok,agx,1788503994.4329042,41.124,6946.244,11
7154.897,1,7156.581,1788504001.8114161,32,b01-o11-agx-c32,,8,False,235.888,llama3.2:1b,etri-ser0001-cg0msb,ACTIVE,6919.008,f59d402a-e3d8-4c54-9535-09044a7596a3,Edge computing reduces latency by processing data closer,agx,11,12.0,ok,agx,1788503994.6548371,38.846,6948.776,11
7160.648,1,7162.59,1788504002.03504,32,b01-o11-agx-c32,,8,False,223.557,llama3.2:1b,etri-ser0001-cg0msb,ACTIVE,6937.091,cd2aa64a-fd5e-411a-9500-880d3356d42f,Edge computing reduces latency by processing data closer,agx,11,12.0,ok,agx,1788503994.872453,41.233,6966.443,11
7171.047,1,7172.748,1788504002.2688031,32,b01-o11-agx-c32,,8,False,233.884,llama3.2:1b,etri-ser0001-cg0msb,ACTIVE,6937.163,c0979425-c13c-441f-87cb-f5301996652d,Edge computing reduces latency by processing data closer,agx,11,12.0,ok,agx,1788503995.0960565,39.565,6968.867,11
7177.773,1,7179.313,1788504002.4972441,32,b01-o11-agx-c32,,8,False,228.112,llama3.2:1b,etri-ser0001-cg0msb,ACTIVE,6949.661,a56094ff-5dc4-4456-8805-74d58dabff6c,Edge computing reduces latency by processing data closer,agx,11,12.0,ok,agx,1788503995.3179336,40.6,6980.267,11
7179.447,1,7181.948,1788504002.7206397,32,b01-o11-agx-c32,,8,False,223.301,llama3.2:1b,etri-ser0001-cg0msb,ACTIVE,6956.146,5b166cf5-58f9-4df1-8aa6-5563f5a8019d,Edge computing reduces latency by processing data closer,agx,11,12.0,ok,agx,1788503995.5386944,41.589,6986.775,11
7174.014,1,7175.832,1788504002.9427774,32,b01-o11-agx-c32,,8,False,222.235,llama3.2:1b,etri-ser0001-cg0msb,ACTIVE,6951.779,8743aab8-6116-452f-bf49-44ff4c180436,Edge computing reduces latency by processing data closer,agx,11,12.0,ok,agx,1788503995.7669466,41.904,6982.962,11
7187.802,1,7189.684,1788504003.1730585,32,b01-o11-agx-c32,,8,False,230.068,llama3.2:1b,etri-ser0001-cg0msb,ACTIVE,6957.734,8440de5a-ac4e-4998-9075-d79752130595,Edge computing reduces latency by processing data closer,agx,11,12.0,ok,agx,1788503995.9833755,40.006,6987.694,11
7186.928,1,7188.651,1788504003.3973975,32,b01-o11-agx-c32,,8,False,224.062,llama3.2:1b,etri-ser0001-cg0msb,ACTIVE,6962.866,59fc6409-4a5a-4663-9c09-f5912a4b5fd5,Edge computing reduces latency by processing data closer,agx,11,12.0,ok,agx,1788503996.2087493,41.272,6992.72,11
7182.476,1,7184.353,1788504003.6182966,32,b01-o11-agx-c32,,8,False,220.893,llama3.2:1b,etri-ser0001-cg0msb,ACTIVE,6961.583,69072681-ac9d-46ec-82b0-a583565de4de,Edge computing reduces latency by processing data closer,agx,11,12.0,ok,agx,1788503996.433946,42.388,6993.384,11
7174.254,1,7175.909,1788504003.8351383,32,b01-o11-agx-c32,,8,False,216.705,llama3.2:1b,etri-ser0001-cg0msb,ACTIVE,6957.549,866c685e-bf93-4b9b-bac8-ee1fe58a9124,Edge computing reduces latency by processing data closer,agx,11,12.0,ok,agx,1788503996.6592317,42.556,6986.153,11
7156.373,1,7158.183,1788504004.0459406,32,b01-o11-agx-c32,,8,False,210.685,llama3.2:1b,etri-ser0001-cg0msb,ACTIVE,6945.688,1e58607a-d63f-4dc3-8ac9-b748a07ae9ab,Edge computing reduces latency by processing data closer,agx,11,12.0,ok,agx,1788503996.8877597,43.959,6974.101,11
7147.911,1,7149.792,1788504004.2626238,32,b01-o11-agx-c32,,8,False,216.618,llama3.2:1b,etri-ser0001-cg0msb,ACTIVE,6931.294,a20f288a-c42f-4a0c-935d-ea78be383c31,Edge computing reduces latency by processing data closer,agx,11,12.0,ok,agx,1788503997.1128337,43.202,6962.547,11
7144.998,1,7146.94,1788504004.473249,32,b01-o11-agx-c32,,8,False,210.582,llama3.2:1b,etri-ser0001-cg0msb,ACTIVE,6934.415,1f587082-58cf-4ff4-8993-8e92f8816810,Edge computing reduces latency by processing data closer,agx,11,12.0,ok,agx,1788503997.32631,43.975,6962.809,11
7136.326,1,7138.362,1788504004.6843476,32,b01-o11-agx-c32,,8,False,210.875,llama3.2:1b,etri-ser0001-cg0msb,ACTIVE,6925.451,d48fff27-a17d-4e8b-8b9b-df603ad8ccd1,Edge computing reduces latency by processing data closer,agx,11,12.0,ok,agx,1788503997.545988,44.107,6954.853,11
7134.602,1,7136.543,1788504004.898889,32,b01-o11-agx-c32,,8,False,214.472,llama3.2:1b,etri-ser0001-cg0msb,ACTIVE,6920.13,da4a8a93-6f3e-4f51-ac7d-f53d03a245dc,Edge computing reduces latency by processing data closer,agx,11,12.0,ok,agx,1788503997.7623482,42.901,6947.797,11
7129.774,1,7131.375,1788504005.113509,32,b01-o11-agx-c32,,8,False,214.634,llama3.2:1b,etri-ser0001-cg0msb,ACTIVE,6915.14,c3bfeaf1-5da1-4e6f-a7ca-d42138003e0d,Edge computing reduces latency by processing data closer,agx,11,12.0,ok,agx,1788503997.982136,43.014,6943.673,11
7118.491,1,7120.388,1788504005.3210692,32,b01-o11-agx-c32,,8,False,207.304,llama3.2:1b,etri-ser0001-cg0msb,ACTIVE,6911.187,d58e644c-0a17-438d-ba48-856a7e635be9,Edge computing reduces latency by processing data closer,agx,11,12.0,ok,agx,1788503998.200684,44.711,6939.383,11
7101.237,1,7102.975,1788504005.5233438,32,b01-o11-agx-c32,,8,False,202.029,llama3.2:1b,etri-ser0001-cg0msb,ACTIVE,6899.208,f809a4c4-7def-424a-bf88-d7254174570d,Edge computing reduces latency by processing data closer,agx,11,12.0,ok,agx,1788503998.4203715,45.778,6926.236,11
7076.302,1,7078.361,1788504005.7286732,32,b01-o11-agx-c32,,8,False,205.312,llama3.2:1b,etri-ser0001-cg0msb,ACTIVE,6870.989,6b9f3822-d4ac-4386-a2bd-2813c8815a7e,Edge computing reduces latency by processing data closer,agx,11,12.0,ok,agx,1788503998.6503146,44.94,6898.119,11
7054.104,1,7056.059,1788504005.9396856,32,b01-o11-agx-c32,,8,False,210.952,llama3.2:1b,etri-ser0001-cg0msb,ACTIVE,6843.152,3a650b50-0fb4-46b1-b6fc-804967a3f187,Edge computing reduces latency by processing data closer,agx,11,12.0,ok,agx,1788503998.883629,43.835,6871.322,11
7048.368,1,7049.747,1788504006.1516795,32,b01-o11-agx-c32,,8,False,211.991,llama3.2:1b,etri-ser0001-cg0msb,ACTIVE,6836.377,26db4a68-ea08-4dd1-9bff-aacc03aba4cf,Edge computing reduces latency by processing data closer,agx,11,12.0,ok,agx,1788503999.1019335,43.505,6864.197,11
7029.467,1,7031.492,1788504006.3604083,32,b01-o11-agx-c32,,8,False,208.457,llama3.2:1b,etri-ser0001-cg0msb,ACTIVE,6821.01,1e5b043e-7c08-48bf-b9f1-316a23ec71dc,Edge computing reduces latency by processing data closer,agx,11,12.0,ok,agx,1788503999.3289182,44.509,6849.471,11
7016.881,1,7018.767,1788504006.5725627,32,b01-o11-agx-c32,,8,False,212.104,llama3.2:1b,etri-ser0001-cg0msb,ACTIVE,6804.777,1f37890b-b26e-4c0e-86db-158fc01dda2d,Edge computing reduces latency by processing data closer,agx,11,12.0,ok,agx,1788503999.553798,43.868,6834.18,11
7001.164,1,7002.739,1788504006.7768028,32,b01-o11-agx-c32,,8,False,204.067,llama3.2:1b,etri-ser0001-cg0msb,ACTIVE,6797.098,db872192-11fa-44ce-823f-6be6f5585ec3,Edge computing reduces latency by processing data closer,agx,11,12.0,ok,agx,1788503999.7740657,45.415,6824.824,11
6998.84,1,7000.407,1788504006.9858885,32,b01-o11-agx-c32,,8,False,209.321,llama3.2:1b,etri-ser0001-cg0msb,ACTIVE,6789.519,f2a454dd-a721-45d3-abdf-24441e632a4e,Edge computing reduces latency by processing data closer,agx,11,12.0,ok,agx,1788503999.9854827,44.434,6818.534,11
214.116,1,221.796,1788504010.232832,32,b01-o12-spark-c32,,8,False,214.11,llama3.2:1b,etri-ser0002-cgnmsb,ACTIVE,0.006,87c287af-391c-4745-90fc-38fb1de5b0bf,Edge computing reduces latency by processing data closer,spark,12,12.0,ok,spark,1788504010.0110385,45.574,35.807,12
418.536,1,428.851,1788504010.4409113,32,b01-o12-spark-c32,,8,False,207.21,llama3.2:1b,etri-ser0002-cgnmsb,ACTIVE,211.325,0eaf5897-2341-4bf6-b101-5065922a9d9b,Edge computing reduces latency by processing data closer,spark,12,12.0,ok,spark,1788504010.0120635,45.926,242.081,12
626.183,1,638.079,1788504010.6489317,32,b01-o12-spark-c32,,8,False,207.827,llama3.2:1b,etri-ser0002-cgnmsb,ACTIVE,418.356,e6b0eb3f-9393-4b29-9a6f-dd03e643eed3,Edge computing reduces latency by processing data closer,spark,12,12.0,ok,spark,1788504010.0108564,45.848,451.164,12
829.248,1,842.818,1788504010.8546698,32,b01-o12-spark-c32,,8,False,205.253,llama3.2:1b,etri-ser0002-cgnmsb,ACTIVE,623.995,42995597-e1a6-4cdd-9784-5ab5a706985b,Edge computing reduces latency by processing data closer,spark,12,12.0,ok,spark,1788504010.0118577,45.335,652.199,12
1030.367,1,1045.198,1788504011.056308,32,b01-o12-spark-c32,,8,False,201.373,llama3.2:1b,etri-ser0002-cgnmsb,ACTIVE,828.994,dbe1ac6d-a985-4dae-b947-ed5e4c39724f,Edge computing reduces latency by processing data closer,spark,12,12.0,ok,spark,1788504010.0111165,46.092,856.267,12
,1,1053.85,1788504011.069479,32,b01-o12-spark-c32,ConnectionResetError:[Errno 104] Connection reset by peer,,False,,,,,,8fd60bd3-db09-43b8-981b-128a6bf42c48,,,12,12.0,error,spark,1788504010.0156305,,,12
1233.125,1,1248.901,1788504011.2605042,32,b01-o12-spark-c32,,8,False,204.693,llama3.2:1b,etri-ser0002-cgnmsb,ACTIVE,1028.432,09311100-4f71-4188-a6dc-ee2162202f34,Edge computing reduces latency by processing data closer,spark,12,12.0,ok,spark,1788504010.0116057,45.774,1056.184,12
1443.305,1,1460.732,1788504011.4720633,32,b01-o12-spark-c32,,8,False,210.434,llama3.2:1b,etri-ser0002-cgnmsb,ACTIVE,1232.871,7bae47e0-6b42-4551-b216-0794b4fec7ed,Edge computing reduces latency by processing data closer,spark,12,12.0,ok,spark,1788504010.0113378,45.435,1265.014,12
1653.151,1,1667.673,1788504011.6814404,32,b01-o12-spark-c32,,8,False,209.521,llama3.2:1b,etri-ser0002-cgnmsb,ACTIVE,1443.63,fe0aecb2-3086-4398-a8ea-79917e09abba,Edge computing reduces latency by processing data closer,spark,12,12.0,ok,spark,1788504010.0137684,45.999,1477.099,12
1859.779,1,1877.35,1788504011.8896854,32,b01-o12-spark-c32,,8,False,207.221,llama3.2:1b,etri-ser0002-cgnmsb,ACTIVE,1652.558,b7753688-b874-4682-affc-fc385dd17fa3,Edge computing reduces latency by processing data closer,spark,12,12.0,ok,spark,1788504010.0123394,45.892,1685.587,12
2064.577,1,2078.797,1788504012.0942736,32,b01-o12-spark-c32,,8,False,205.201,llama3.2:1b,etri-ser0002-cgnmsb,ACTIVE,1859.375,fb877f96-92df-49ae-a18d-4fcfb3c508e5,Edge computing reduces latency by processing data closer,spark,12,12.0,ok,spark,1788504010.0154772,45.978,1888.162,12
2270.333,1,2288.299,1788504012.3009992,32,b01-o12-spark-c32,,8,False,205.394,llama3.2:1b,etri-ser0002-cgnmsb,ACTIVE,2064.94,62f969ca-aa98-48b8-8f72-dc4f41194574,Edge computing reduces latency by processing data closer,spark,12,12.0,ok,spark,1788504010.012704,46.213,2096.86,12
2472.71,1,2488.079,1788504012.5048196,32,b01-o12-spark-c32,,8,False,203.062,llama3.2:1b,etri-ser0002-cgnmsb,ACTIVE,2269.648,d3b60728-fefa-4445-83db-22875b0b186f,Edge computing reduces latency by processing data closer,spark,12,12.0,ok,spark,1788504010.0167468,46.291,2297.438,12
2679.241,1,2698.024,1788504012.711647,32,b01-o12-spark-c32,,8,False,206.469,llama3.2:1b,etri-ser0002-cgnmsb,ACTIVE,2472.772,02a0d67a-ca58-446b-8884-9d4920b522e8,Edge computing reduces latency by processing data closer,spark,12,12.0,ok,spark,1788504010.0136268,45.831,2504.136,12
2689.47,1,2902.399,1788504012.9158177,32,b01-o12-spark-c32,,8,False,203.997,llama3.2:1b,etri-ser0002-cgnmsb,ACTIVE,2485.473,2ab69ad8-b0f4-40ee-908c-690c3ea72b1c,Edge computing reduces latency by processing data closer,spark,12,12.0,ok,spark,1788504010.0134246,46.023,2513.732,12
2894.082,1,3110.171,1788504013.1226814,32,b01-o12-spark-c32,,8,False,206.975,llama3.2:1b,etri-ser0002-cgnmsb,ACTIVE,2687.108,6e1f3e82-1d26-4aa6-805d-c3a0d00b1add,Edge computing reduces latency by processing data closer,spark,12,12.0,ok,spark,1788504010.0125124,46.115,2719.388,12
3098.553,1,3315.586,1788504013.3321826,32,b01-o12-spark-c32,,8,False,208.136,llama3.2:1b,etri-ser0002-cgnmsb,ACTIVE,2890.416,9f343cb7-cc61-4c8d-9775-d42877c9f5a8,Edge computing reduces latency by processing data closer,spark,12,12.0,ok,spark,1788504010.0166025,46.12,2923.626,12
3305.983,1,3523.338,1788504013.539824,32,b01-o12-spark-c32,,8,False,208.326,llama3.2:1b,etri-ser0002-cgnmsb,ACTIVE,3097.657,981e49c2-613f-4d94-aecb-0a60185e6e15,Edge computing reduces latency by processing data closer,spark,12,12.0,ok,spark,1788504010.0164886,46.085,3130.362,12
3513.725,1,3517.607,1788504013.7504733,32,b01-o12-spark-c32,,8,False,209.68,llama3.2:1b,etri-ser0002-cgnmsb,ACTIVE,3304.045,8a1d33ea-cdb0-45f7-a1fb-6714b232a3ee,Edge computing reduces latency by processing data closer,spark,12,12.0,ok,spark,1788504010.2328668,46.104,3338.024,12
3513.882,1,3518.108,1788504013.959071,32,b01-o12-spark-c32,,8,False,208.502,llama3.2:1b,etri-ser0002-cgnmsb,ACTIVE,3305.38,e3b877a7-8cd2-4d50-91ac-7724104ab7ca,Edge computing reduces latency by processing data closer,spark,12,12.0,ok,spark,1788504010.4409635,45.809,3337.911,12
3511.353,1,3513.753,1788504014.1627545,32,b01-o12-spark-c32,,8,False,203.675,llama3.2:1b,etri-ser0002-cgnmsb,ACTIVE,3307.678,5adabcde-ae19-4e87-8d87-56641a2816f7,Edge computing reduces latency by processing data closer,spark,12,12.0,ok,spark,1788504010.649003,46.117,3338.176,12
3508.9,1,3512.245,1788504014.3670313,32,b01-o12-spark-c32,,8,False,203.459,llama3.2:1b,etri-ser0002-cgnmsb,ACTIVE,3305.442,68aca2ba-1ac4-4913-a0f7-997a484083d8,Edge computing reduces latency by processing data closer,spark,12,12.0,ok,spark,1788504010.8547893,46.106,3332.878,12
3514.817,1,3518.289,1788504014.5747128,32,b01-o12-spark-c32,,8,False,207.429,llama3.2:1b,etri-ser0002-cgnmsb,ACTIVE,3307.387,75270040-ff55-4074-8e81-c500b0963a4d,Edge computing reduces latency by processing data closer,spark,12,12.0,ok,spark,1788504011.056426,45.909,3339.608,12
3706.004,1,4765.654,1788504014.7785425,32,b01-o12-spark-c32,,8,False,203.996,llama3.2:1b,etri-ser0002-cgnmsb,ACTIVE,3502.008,266b9177-d448-4ed4-b05f-06a6b8ea431f,Edge computing reduces latency by processing data closer,spark,12,12.0,ok,spark,1788504010.0128927,45.807,3530.804,12
3911.471,1,4970.674,1788504014.9850235,32,b01-o12-spark-c32,,8,False,205.356,llama3.2:1b,etri-ser0002-cgnmsb,ACTIVE,3706.115,7e11b029-ddec-416a-bf14-da4f51785c49,Edge computing reduces latency by processing data closer,spark,12,12.0,ok,spark,1788504010.014353,45.817,3735.077,12
4118.391,1,5175.476,1788504015.1914766,32,b01-o12-spark-c32,,8,False,206.996,llama3.2:1b,etri-ser0002-cgnmsb,ACTIVE,3911.395,ec7237a2-248e-42a1-a431-ab4d188d0f77,Edge computing reduces latency by processing data closer,spark,12,12.0,ok,spark,1788504010.016004,46.326,3943.794,12
4327.06,1,5386.675,1788504015.399847,32,b01-o12-spark-c32,,8,False,208.09,llama3.2:1b,etri-ser0002-cgnmsb,ACTIVE,4118.971,697a6862-91de-4d06-bde6-d39b1f4c4517,Edge computing reduces latency by processing data closer,spark,12,12.0,ok,spark,1788504010.013174,46.208,4152.384,12
4532.123,1,5593.42,1788504015.6097476,32,b01-o12-spark-c32,,8,False,208.38,llama3.2:1b,etri-ser0002-cgnmsb,ACTIVE,4323.743,b05a6b01-8fc3-4247-856c-e8f9a1fc127e,Edge computing reduces latency by processing data closer,spark,12,12.0,ok,spark,1788504010.0163333,46.145,4357.289,12
4740.824,1,5803.706,1788504015.8177984,32,b01-o12-spark-c32,,8,False,208.472,llama3.2:1b,etri-ser0002-cgnmsb,ACTIVE,4532.352,9b304ecc-5a5c-4a23-9aab-d005937e9fb8,Edge computing reduces latency by processing data closer,spark,12,12.0,ok,spark,1788504010.0140972,46.151,4564.882,12
4950.181,1,6011.64,1788504016.026951,32,b01-o12-spark-c32,,8,False,209.112,llama3.2:1b,etri-ser0002-cgnmsb,ACTIVE,4741.069,1719fc25-1b87-430d-98ba-0ce3f688206b,Edge computing reduces latency by processing data closer,spark,12,12.0,ok,spark,1788504010.0153143,46.022,4774.375,12
5156.112,1,6218.364,1788504016.2334733,32,b01-o12-spark-c32,,8,False,205.954,llama3.2:1b,etri-ser0002-cgnmsb,ACTIVE,4950.158,04b1b4dc-b79a-48a1-91c9-49684ec94bf3,Edge computing reduces latency by processing data closer,spark,12,12.0,ok,spark,1788504010.0151148,46.282,4981.055,12
5362.426,1,6424.915,1788504016.4407163,32,b01-o12-spark-c32,,8,False,206.95,llama3.2:1b,etri-ser0002-cgnmsb,ACTIVE,5155.476,d0641fd3-1c33-4fc2-b083-dd22833dbfc3,Edge computing reduces latency by processing data closer,spark,12,12.0,ok,spark,1788504010.015805,46.391,5188.378,12
5568.162,1,6632.961,1788504016.6468768,32,b01-o12-spark-c32,,8,False,205.894,llama3.2:1b,etri-ser0002-cgnmsb,ACTIVE,5362.268,a805dff5-cb15-4851-acd5-8346cafcf7fa,Edge computing reduces latency by processing data closer,spark,12,12.0,ok,spark,1788504010.0139196,46.155,5394.172,12
5774.471,1,6838.355,1788504016.8530817,32,b01-o12-spark-c32,,8,False,205.982,llama3.2:1b,etri-ser0002-cgnmsb,ACTIVE,5568.489,78cc073f-88aa-4427-ad6c-5fe0c07ab94f,Edge computing reduces latency by processing data closer,spark,12,12.0,ok,spark,1788504010.014729,46.129,5599.312,12
5793.725,1,5798.236,1788504017.0587788,32,b01-o12-spark-c32,,8,False,205.293,llama3.2:1b,etri-ser0002-cgnmsb,ACTIVE,5588.432,ddf6a460-014e-4a32-b272-98dc25ec8e4d,Edge computing reduces latency by processing data closer,spark,12,12.0,ok,spark,1788504011.2605457,45.718,5617.566,12
5986.336,1,7248.687,1788504017.2636044,32,b01-o12-spark-c32,,8,False,204.744,llama3.2:1b,etri-ser0002-cgnmsb,ACTIVE,5781.592,8a08f737-7e49-4c4e-b437-b7f695d7931d,Edge computing reduces latency by processing data closer,spark,12,12.0,ok,spark,1788504010.0149186,46.05,5811.45,12
5994.325,1,6000.88,1788504017.4730504,32,b01-o12-spark-c32,,8,False,208.338,llama3.2:1b,etri-ser0002-cgnmsb,ACTIVE,5785.987,e052a5dd-b311-47e1-aed2-fb8a25f8f220,Edge computing reduces latency by processing data closer,spark,12,12.0,ok,spark,1788504011.4721763,45.67,5818.225,12
5993.288,1,5998.619,1788504017.68009,32,b01-o12-spark-c32,,8,False,207.173,llama3.2:1b,etri-ser0002-cgnmsb,ACTIVE,5786.115,d513602b-1fd6-43f5-8098-73c82972662f,Edge computing reduces latency by processing data closer,spark,12,12.0,ok,spark,1788504011.681473,45.625,5817.118,12
5995.026,1,5997.954,1788504017.887735,32,b01-o12-spark-c32,,8,False,207.121,llama3.2:1b,etri-ser0002-cgnmsb,ACTIVE,5787.905,d52ae3a1-e587-489f-a105-b0afa67c345c,Edge computing reduces latency by processing data closer,spark,12,12.0,ok,spark,1788504011.889784,45.635,5818.146,12
5999.629,1,8081.533,1788504018.0976746,32,b01-o12-spark-c32,,8,False,209.766,llama3.2:1b,etri-ser0002-cgnmsb,ACTIVE,5789.862,bad52c8e-8168-4a62-99a4-7a17f0f0abca,Edge computing reduces latency by processing data closer,spark,12,12.0,ok,spark,1788504010.0161424,45.84,5822.39,12
6202.286,1,6210.435,1788504018.3047285,32,b01-o12-spark-c32,,8,False,206.612,llama3.2:1b,etri-ser0002-cgnmsb,ACTIVE,5995.673,09cb71fd-511e-40ae-8ad0-8a8f4efc9048,Edge computing reduces latency by processing data closer,spark,12,12.0,ok,spark,1788504012.0942972,46.084,6026.446,12
6407.704,1,8497.411,1788504018.511967,32,b01-o12-spark-c32,,8,False,206.667,llama3.2:1b,etri-ser0002-cgnmsb,ACTIVE,6201.037,cdcb5d67-387f-471c-aee1-9df828a8d7b1,Edge computing reduces latency by processing data closer,spark,12,12.0,ok,spark,1788504010.01456,46.161,6231.87,12
6615.516,1,7651.383,1788504018.7209606,32,b01-o12-spark-c32,,8,False,208.677,llama3.2:1b,etri-ser0002-cgnmsb,ACTIVE,6406.839,b9b49014-3285-4951-90bf-e48802c679c4,Edge computing reduces latency by processing data closer,spark,12,12.0,ok,spark,1788504011.0695813,46.063,6440.255,12
6624.717,1,6627.459,1788504018.9285433,32,b01-o12-spark-c32,,8,False,207.3,llama3.2:1b,etri-ser0002-cgnmsb,ACTIVE,6417.416,c9221a1c-a1da-4b41-8cd4-817064806c46,Edge computing reduces latency by processing data closer,spark,12,12.0,ok,spark,1788504012.3010883,46.029,6449.117,12
6628.697,1,6633.372,1788504019.138301,32,b01-o12-spark-c32,,8,False,209.264,llama3.2:1b,etri-ser0002-cgnmsb,ACTIVE,6419.433,ca0953a2-d747-4655-b7e8-f65cbae84dca,Edge computing reduces latency by processing data closer,spark,12,12.0,ok,spark,1788504012.5049343,45.895,6452.552,12
6631.395,1,6635.278,1788504019.3470168,32,b01-o12-spark-c32,,8,False,207.381,llama3.2:1b,etri-ser0002-cgnmsb,ACTIVE,6424.014,2c6507d8-3b5a-4ffa-9106-13e2446327b6,Edge computing reduces latency by processing data closer,spark,12,12.0,ok,spark,1788504012.7117424,46.164,6456.303,12
6631.446,1,6635.796,1788504019.5517154,32,b01-o12-spark-c32,,8,False,205.158,llama3.2:1b,etri-ser0002-cgnmsb,ACTIVE,6426.289,dd70caac-8250-4ea8-83a3-a5c060326c48,Edge computing reduces latency by processing data closer,spark,12,12.0,ok,spark,1788504012.9159253,46.138,6457.301,12
6631.209,1,6635.926,1788504019.7586412,32,b01-o12-spark-c32,,8,False,207.117,llama3.2:1b,etri-ser0002-cgnmsb,ACTIVE,6424.092,ca874fe6-fa63-45af-8591-76f215ca7ef9,Edge computing reduces latency by processing data closer,spark,12,12.0,ok,spark,1788504013.1227157,46.19,6456.216,12
6628.716,1,6634.339,1788504019.966772,32,b01-o12-spark-c32,,8,False,207.82,llama3.2:1b,etri-ser0002-cgnmsb,ACTIVE,6420.896,a2663e00-ddb8-4b6d-87af-b098685d7f7f,Edge computing reduces latency by processing data closer,spark,12,12.0,ok,spark,1788504013.3324323,46.346,6456.184,12
6624.581,1,6630.387,1788504020.1702428,32,b01-o12-spark-c32,,8,False,202.981,llama3.2:1b,etri-ser0002-cgnmsb,ACTIVE,6421.6,145f5395-5d8c-49d7-965e-3c5df962f843,Edge computing reduces latency by processing data closer,spark,12,12.0,ok,spark,1788504013.539859,45.923,6449.76,12
6619.394,1,6623.973,1788504020.3744678,32,b01-o12-spark-c32,,8,False,202.989,llama3.2:1b,etri-ser0002-cgnmsb,ACTIVE,6416.405,852c636e-9fd0-4049-9210-e686324309c0,Edge computing reduces latency by processing data closer,spark,12,12.0,ok,spark,1788504013.7504985,46.282,6444.611,12
6616.162,1,6621.348,1788504020.5804458,32,b01-o12-spark-c32,,8,False,206.411,llama3.2:1b,etri-ser0002-cgnmsb,ACTIVE,6409.751,e2be745d-8747-499f-aaad-ce95adf4b5fd,Edge computing reduces latency by processing data closer,spark,12,12.0,ok,spark,1788504013.959102,46.095,6442.232,12
6620.566,1,6623.009,1788504020.7857952,32,b01-o12-spark-c32,,8,False,204.723,llama3.2:1b,etri-ser0002-cgnmsb,ACTIVE,6415.843,1bc8128f-1c05-47af-9d26-b28494616676,Edge computing reduces latency by processing data closer,spark,12,12.0,ok,spark,1788504014.1627889,46.273,6445.153,12
6621.332,1,6627.339,1788504020.99446,32,b01-o12-spark-c32,,8,False,208.78,llama3.2:1b,etri-ser0002-cgnmsb,ACTIVE,6412.553,59da8f21-a152-452f-9667-2c84f7e713aa,Edge computing reduces latency by processing data closer,spark,12,12.0,ok,spark,1788504014.3671246,46.084,6447.11,12
6620.843,1,6624.293,1788504021.199077,32,b01-o12-spark-c32,,8,False,204.048,llama3.2:1b,etri-ser0002-cgnmsb,ACTIVE,6416.796,4d06f6a1-c50f-4af6-882e-299453bd15bf,Edge computing reduces latency by processing data closer,spark,12,12.0,ok,spark,1788504014.5747871,46.165,6445.571,12
6626.112,1,6629.426,1788504021.4080563,32,b01-o12-spark-c32,,8,False,208.706,llama3.2:1b,etri-ser0002-cgnmsb,ACTIVE,6417.406,c56970a2-a9d6-49c6-b878-4890c1cb6e52,Edge computing reduces latency by processing data closer,spark,12,12.0,ok,spark,1788504014.7786324,46.203,6451.094,12
6625.63,1,6630.272,1788504021.615375,32,b01-o12-spark-c32,,8,False,207.501,llama3.2:1b,etri-ser0002-cgnmsb,ACTIVE,6418.128,fb648a2c-b9cd-4c7c-99a9-dc6934758ede,Edge computing reduces latency by processing data closer,spark,12,12.0,ok,spark,1788504014.9851043,45.966,6449.002,12
6625.828,1,6631.392,1788504021.8229492,32,b01-o12-spark-c32,,8,False,207.143,llama3.2:1b,etri-ser0002-cgnmsb,ACTIVE,6418.685,471b8eb0-e15f-4ea8-8b5b-1f69dd517c01,Edge computing reduces latency by processing data closer,spark,12,12.0,ok,spark,1788504015.1915588,46.026,6451.566,12
6622.874,1,6628.76,1788504022.0286736,32,b01-o12-spark-c32,,8,False,205.185,llama3.2:1b,etri-ser0002-cgnmsb,ACTIVE,6417.689,b0611d65-1475-434f-b728-baee70269aab,Edge computing reduces latency by processing data closer,spark,12,12.0,ok,spark,1788504015.3999145,45.882,6448.647,12
6617.559,1,6622.06,1788504022.2319086,32,b01-o12-spark-c32,,8,False,202.83,llama3.2:1b,etri-ser0002-cgnmsb,ACTIVE,6414.729,98a5bcaa-b837-4158-98ca-62db98fc114b,Edge computing reduces latency by processing data closer,spark,12,12.0,ok,spark,1788504015.609851,46.33,6442.061,12
6615.385,1,6621.268,1788504022.4391859,32,b01-o12-spark-c32,,8,False,206.966,llama3.2:1b,etri-ser0002-cgnmsb,ACTIVE,6408.419,d2f04075-9856-4b04-91cb-c12e795081c8,Edge computing reduces latency by processing data closer,spark,12,12.0,ok,spark,1788504015.8179195,46.143,6440.83,12
6612.034,1,6617.079,1788504022.644111,32,b01-o12-spark-c32,,8,False,204.642,llama3.2:1b,etri-ser0002-cgnmsb,ACTIVE,6407.392,4cfb8167-a2b7-4e2a-b0a3-d3a49a512257,Edge computing reduces latency by processing data closer,spark,12,12.0,ok,spark,1788504016.0270326,45.975,6438.322,12
6609.098,1,6615.015,1788504022.8485994,32,b01-o12-spark-c32,,8,False,204.032,llama3.2:1b,etri-ser0002-cgnmsb,ACTIVE,6405.066,b772bfde-ed96-4615-a2e7-24cb6472b553,Edge computing reduces latency by processing data closer,spark,12,12.0,ok,spark,1788504016.2335877,46.023,6432.526,12
6612.312,1,6617.966,1788504023.0587742,32,b01-o12-spark-c32,,8,False,209.446,llama3.2:1b,etri-ser0002-cgnmsb,ACTIVE,6402.866,38188a08-df56-4cba-8fac-2ee890a1e282,Edge computing reduces latency by processing data closer,spark,12,12.0,ok,spark,1788504016.4408095,46.14,6436.224,12
6616.916,1,6621.177,1788504023.2681403,32,b01-o12-spark-c32,,8,False,208.331,llama3.2:1b,etri-ser0002-cgnmsb,ACTIVE,6408.586,bf5949cf-9ea7-4136-b62d-8d18d7c5c284,Edge computing reduces latency by processing data closer,spark,12,12.0,ok,spark,1788504016.6469643,46.186,6441.868,12
6619.164,1,6622.462,1788504023.475574,32,b01-o12-spark-c32,,8,False,207.35,llama3.2:1b,etri-ser0002-cgnmsb,ACTIVE,6411.814,f0eb0216-b36e-41e4-9774-b60bf608064f,Edge computing reduces latency by processing data closer,spark,12,12.0,ok,spark,1788504016.8531148,45.992,6444.18,12
6617.523,1,6619.947,1788504023.678765,32,b01-o12-spark-c32,,8,False,203.241,llama3.2:1b,etri-ser0002-cgnmsb,ACTIVE,6414.282,2a45f916-bf04-4f1c-8c63-a479ad7ad486,Edge computing reduces latency by processing data closer,spark,12,12.0,ok,spark,1788504017.0588202,45.881,6443.035,12
6614.99,1,6620.05,1788504023.8836782,32,b01-o12-spark-c32,,8,False,204.516,llama3.2:1b,etri-ser0002-cgnmsb,ACTIVE,6410.475,da0b59a9-fdf0-42ca-a53f-90b25a4cdff4,Edge computing reduces latency by processing data closer,spark,12,12.0,ok,spark,1788504017.2636292,46.051,6438.885,12
6615.441,1,6620.803,1788504024.0939732,32,b01-o12-spark-c32,,8,False,209.308,llama3.2:1b,etri-ser0002-cgnmsb,ACTIVE,6406.132,d9b9f8dc-be1d-413e-b586-61ec340124b8,Edge computing reduces latency by processing data closer,spark,12,12.0,ok,spark,1788504017.4731722,45.726,6437.807,12
6620.273,1,6623.705,1788504024.3038375,32,b01-o12-spark-c32,,8,False,209.72,llama3.2:1b,etri-ser0002-cgnmsb,ACTIVE,6410.553,51a04c5f-500c-4a93-90e6-8cfd31d21962,Edge computing reduces latency by processing data closer,spark,12,12.0,ok,spark,1788504017.6801336,45.728,6445.087,12
6616.517,1,6623.078,1788504024.5108917,32,b01-o12-spark-c32,,8,False,206.055,llama3.2:1b,etri-ser0002-cgnmsb,ACTIVE,6410.463,8835112e-0483-401f-825b-60ff308dee97,Edge computing reduces latency by processing data closer,spark,12,12.0,ok,spark,1788504017.8878148,45.627,6439.397,12
6615.475,1,6621.361,1788504024.719064,32,b01-o12-spark-c32,,8,False,208.602,llama3.2:1b,etri-ser0002-cgnmsb,ACTIVE,6406.873,7a4e13fe-b983-4aaa-bad7-69a89734f9d4,Edge computing reduces latency by processing data closer,spark,12,12.0,ok,spark,1788504018.097704,45.626,6439.632,12
6610.793,1,6616.442,1788504024.9212532,32,b01-o12-spark-c32,,8,False,201.969,llama3.2:1b,etri-ser0002-cgnmsb,ACTIVE,6408.824,3e9d12f6-0bb6-414a-8977-a9e487cfe990,Edge computing reduces latency by processing data closer,spark,12,12.0,ok,spark,1788504018.3048117,46.133,6436.669,12
6607.708,1,6613.426,1788504025.1254928,32,b01-o12-spark-c32,,8,False,203.869,llama3.2:1b,etri-ser0002-cgnmsb,ACTIVE,6403.839,bfa07977-0b04-4d89-9577-b511ae275df3,Edge computing reduces latency by processing data closer,spark,12,12.0,ok,spark,1788504018.512068,46.224,6432.827,12
6605.141,1,6610.86,1788504025.331926,32,b01-o12-spark-c32,,8,False,205.719,llama3.2:1b,etri-ser0002-cgnmsb,ACTIVE,6399.423,b6b2a121-20c8-49a7-a4fe-8de3141b2e55,Edge computing reduces latency by processing data closer,spark,12,12.0,ok,spark,1788504018.7210693,46.22,6431.346,12
6602.612,1,6608.27,1788504025.536903,32,b01-o12-spark-c32,,8,False,204.995,llama3.2:1b,etri-ser0002-cgnmsb,ACTIVE,6397.617,ab20b337-867a-4086-99af-fc049fd488ff,Edge computing reduces latency by processing data closer,spark,12,12.0,ok,spark,1788504018.928634,45.951,6426.987,12
6600.634,1,6606.182,1788504025.744589,32,b01-o12-spark-c32,,8,False,207.221,llama3.2:1b,etri-ser0002-cgnmsb,ACTIVE,6393.414,c103c9e2-bd2b-4e0d-81e5-edf20e191586,Edge computing reduces latency by processing data closer,spark,12,12.0,ok,spark,1788504019.138409,45.927,6425.967,12
6594.43,1,6600.237,1788504025.9473379,32,b01-o12-spark-c32,,8,False,202.476,llama3.2:1b,etri-ser0002-cgnmsb,ACTIVE,6391.954,0c9da059-cdec-493f-969b-8cc3346054aa,Edge computing reduces latency by processing data closer,spark,12,12.0,ok,spark,1788504019.3471014,46.175,6419.709,12
6598.125,1,6603.723,1788504026.155618,32,b01-o12-spark-c32,,8,False,208.105,llama3.2:1b,etri-ser0002-cgnmsb,ACTIVE,6390.021,1184b7f3-ba7f-49a4-b87d-dc9b87fc3060,Edge computing reduces latency by processing data closer,spark,12,12.0,ok,spark,1788504019.5518956,46.185,6422.888,12
6601.077,1,6608.131,1788504026.3667927,32,b01-o12-spark-c32,,8,False,209.672,llama3.2:1b,etri-ser0002-cgnmsb,ACTIVE,6391.405,fea4546a-6149-4a89-83ff-3e55332dc6ef,Edge computing reduces latency by processing data closer,spark,12,12.0,ok,spark,1788504019.7586648,46.11,6425.331,12
6605.39,1,6608.785,1788504026.5755765,32,b01-o12-spark-c32,,8,False,208.198,llama3.2:1b,etri-ser0002-cgnmsb,ACTIVE,6397.192,40271198-920f-4c7f-834a-3f43d3561d3d,Edge computing reduces latency by processing data closer,spark,12,12.0,ok,spark,1788504019.9667954,46.206,6430.689,12
6607.228,1,6609.56,1788504026.779837,32,b01-o12-spark-c32,,8,False,205.062,llama3.2:1b,etri-ser0002-cgnmsb,ACTIVE,6402.167,351382bb-dd25-4733-8a2c-f7d7ee9e0ea4,Edge computing reduces latency by processing data closer,spark,12,12.0,ok,spark,1788504020.170279,46.076,6433.006,12
6602.655,1,6607.901,1788504026.9824615,32,b01-o12-spark-c32,,8,False,202.045,llama3.2:1b,etri-ser0002-cgnmsb,ACTIVE,6400.61,d00205c8-e426-49a6-9567-45be71b6c04d,Edge computing reduces latency by processing data closer,spark,12,12.0,ok,spark,1788504020.3745615,46.025,6428.158,12
6602.489,1,6605.524,1788504027.1860666,32,b01-o12-spark-c32,,8,False,203.601,llama3.2:1b,etri-ser0002-cgnmsb,ACTIVE,6398.888,1cff0f04-058b-4a15-8a70-19ad74ef81e4,Edge computing reduces latency by processing data closer,spark,12,12.0,ok,spark,1788504020.5805442,46.234,6427.849,12
6602.908,1,6607.836,1788504027.3936787,32,b01-o12-spark-c32,,8,False,206.966,llama3.2:1b,etri-ser0002-cgnmsb,ACTIVE,6395.942,8c4ff61d-c53b-4af1-be85-6177c969fd60,Edge computing reduces latency by processing data closer,spark,12,12.0,ok,spark,1788504020.7858446,46.21,6428.036,12
6603.302,1,6606.496,1788504027.6010356,32,b01-o12-spark-c32,,8,False,206.849,llama3.2:1b,etri-ser0002-cgnmsb,ACTIVE,6396.453,47c3ec4e-325e-42be-9f9a-4083d0e38371,Edge computing reduces latency by processing data closer,spark,12,12.0,ok,spark,1788504020.99454,46.321,6427.652,12
6603.846,1,6609.846,1788504027.8090127,32,b01-o12-spark-c32,,8,False,208.318,llama3.2:1b,etri-ser0002-cgnmsb,ACTIVE,6395.528,bf710aca-4e7c-4fce-a008-33d5109fa82e,Edge computing reduces latency by processing data closer,spark,12,12.0,ok,spark,1788504021.1991675,46.14,6428.42,12
6603.537,1,6608.157,1788504028.0162692,32,b01-o12-spark-c32,,8,False,206.642,llama3.2:1b,etri-ser0002-cgnmsb,ACTIVE,6396.896,cae34d4b-64c7-4132-9a9d-a269b56736e5,Edge computing reduces latency by processing data closer,spark,12,12.0,ok,spark,1788504021.4081142,46.137,6427.394,12
6601.022,1,6605.048,1788504028.2204573,32,b01-o12-spark-c32,,8,False,203.863,llama3.2:1b,etri-ser0002-cgnmsb,ACTIVE,6397.159,cd97ca73-7ddf-4c55-a1ce-929593321ca8,Edge computing reduces latency by processing data closer,spark,12,12.0,ok,spark,1788504021.6154118,46.227,6426.578,12
6600.442,1,6603.738,1788504028.426724,32,b01-o12-spark-c32,,8,False,206.116,llama3.2:1b,etri-ser0002-cgnmsb,ACTIVE,6394.326,227acff7-4d21-455d-9bff-d32ef32f26f1,Edge computing reduces latency by processing data closer,spark,12,12.0,ok,spark,1788504021.8229885,46.287,6426.516,12
253.015,1,266.757,1788504031.7959273,4,b01-o13-agx-c4,,8,False,253.0,llama3.2:1b,etri-ser0001-cg0msb,ACTIVE,0.014,302c10d5-ef8d-427a-8c65-fd1d6a320e36,Edge computing reduces latency by processing data closer,agx,13,12.0,ok,agx,1788504031.529172,41.458,60.581,13
464.251,1,479.092,1788504032.0092561,4,b01-o13-agx-c4,,8,False,213.165,llama3.2:1b,etri-ser0001-cg0msb,ACTIVE,251.086,2a2d1ca4-4026-4578-8c6c-abebcd82aa2b,Edge computing reduces latency by processing data closer,agx,13,12.0,ok,agx,1788504031.530166,43.532,280.174,13
686.493,1,704.072,1788504032.231637,4,b01-o13-agx-c4,,8,False,222.296,llama3.2:1b,etri-ser0001-cg0msb,ACTIVE,464.198,436e9499-a9e6-4fad-9aa4-f241e47d6052,Edge computing reduces latency by processing data closer,agx,13,12.0,ok,agx,1788504031.527567,41.362,493.034,13
898.803,1,916.416,1788504032.4448235,4,b01-o13-agx-c4,,8,False,213.144,llama3.2:1b,etri-ser0001-cg0msb,ACTIVE,685.659,777dff6d-ef68-46f7-8eea-af820cd0cb6d,Edge computing reduces latency by processing data closer,agx,13,12.0,ok,agx,1788504031.5284092,43.525,714.712,13
855.007,1,856.652,1788504032.6526122,4,b01-o13-agx-c4,,8,False,207.627,llama3.2:1b,etri-ser0001-cg0msb,ACTIVE,647.38,301c9e4b-f939-44e8-b900-3f0345e7c455,Edge computing reduces latency by processing data closer,agx,13,12.0,ok,agx,1788504031.7959623,44.439,674.746,13
857.698,1,859.658,1788504032.8689485,4,b01-o13-agx-c4,,8,False,216.318,llama3.2:1b,etri-ser0001-cg0msb,ACTIVE,641.38,a0c77c68-c9f7-451e-bf58-1705af2ab499,Edge computing reduces latency by processing data closer,agx,13,12.0,ok,agx,1788504032.0092926,42.957,670.838,13
846.831,1,848.578,1788504033.080248,4,b01-o13-agx-c4,,8,False,211.1,llama3.2:1b,etri-ser0001-cg0msb,ACTIVE,635.732,9fefb144-f98e-40fa-8857-2b42ef113280,Edge computing reduces latency by processing data closer,agx,13,12.0,ok,agx,1788504032.231673,44.029,664.93,13
845.715,1,847.648,1788504033.2925057,4,b01-o13-agx-c4,,8,False,212.179,llama3.2:1b,etri-ser0001-cg0msb,ACTIVE,633.536,cf140f8e-640a-4aaa-92f0-305dd30364cd,Edge computing reduces latency by processing data closer,agx,13,12.0,ok,agx,1788504032.44486,44.013,663.651,13
846.773,1,848.637,1788504033.5012848,4,b01-o13-agx-c4,,8,False,208.679,llama3.2:1b,etri-ser0001-cg0msb,ACTIVE,638.094,471f0062-df14-4b1c-a7b9-55e843f6b84b,Edge computing reduces latency by processing data closer,agx,13,12.0,ok,agx,1788504032.6526499,44.329,666.052,13
845.233,1,847.043,1788504033.7160263,4,b01-o13-agx-c4,,8,False,214.863,llama3.2:1b,etri-ser0001-cg0msb,ACTIVE,630.37,15d7d958-1be1-429b-a5bc-c754cf6b5e2d,Edge computing reduces latency by processing data closer,agx,13,12.0,ok,agx,1788504032.8689842,42.796,658.226,13
844.691,1,846.299,1788504033.9265852,4,b01-o13-agx-c4,,8,False,210.467,llama3.2:1b,etri-ser0001-cg0msb,ACTIVE,634.224,4d36d0f5-386e-49e6-bff7-1b533dd4cfda,Edge computing reduces latency by processing data closer,agx,13,12.0,ok,agx,1788504033.0802877,44.083,662.93,13
836.622,1,838.247,1788504034.1307878,4,b01-o13-agx-c4,,8,False,203.922,llama3.2:1b,etri-ser0001-cg0msb,ACTIVE,632.7,8c993e21-8ec0-479a-ae96-850969a18578,Edge computing reduces latency by processing data closer,agx,13,12.0,ok,agx,1788504033.2925432,45.457,660.454,13
827.501,1,829.156,1788504034.330476,4,b01-o13-agx-c4,,8,False,199.55,llama3.2:1b,etri-ser0001-cg0msb,ACTIVE,627.951,1f82f69b-d104-40f2-932c-b5c69f79e34d,Edge computing reduces latency by processing data closer,agx,13,12.0,ok,agx,1788504033.5013223,46.58,655.501,13
811.292,1,812.844,1788504034.5288923,4,b01-o13-agx-c4,,8,False,198.347,llama3.2:1b,etri-ser0001-cg0msb,ACTIVE,612.945,93565d92-c444-4b01-9cf4-e007db82ec4d,Edge computing reduces latency by processing data closer,agx,13,12.0,ok,agx,1788504033.7160506,46.744,639.902,13
800.739,1,802.518,1788504034.729133,4,b01-o13-agx-c4,,8,False,200.104,llama3.2:1b,etri-ser0001-cg0msb,ACTIVE,600.634,3139a0f6-4aaa-41b5-9f70-cb4a8e608362,Edge computing reduces latency by processing data closer,agx,13,12.0,ok,agx,1788504033.9266174,46.404,628.024,13
797.724,1,799.459,1788504034.9302783,4,b01-o13-agx-c4,,8,False,201.28,llama3.2:1b,etri-ser0001-cg0msb,ACTIVE,596.444,81a45b4a-7ac0-42e5-a201-6ba06251ffc3,Edge computing reduces latency by processing data closer,agx,13,12.0,ok,agx,1788504034.1308208,46.27,624.571,13
801.17,1,803.136,1788504035.1336455,4,b01-o13-agx-c4,,8,False,202.954,llama3.2:1b,etri-ser0001-cg0msb,ACTIVE,598.216,87f644a0-8106-4bb1-828a-abad3e642558,Edge computing reduces latency by processing data closer,agx,13,12.0,ok,agx,1788504034.3305123,45.541,625.261,13
816.802,1,818.503,1788504035.3474293,4,b01-o13-agx-c4,,8,False,214.001,llama3.2:1b,etri-ser0001-cg0msb,ACTIVE,602.801,4c20d347-32ab-4faa-b76f-f03bc3ebdd50,Edge computing reduces latency by processing data closer,agx,13,12.0,ok,agx,1788504034.528928,43.05,630.126,13
822.068,1,824.017,1788504035.5532882,4,b01-o13-agx-c4,,8,False,205.448,llama3.2:1b,etri-ser0001-cg0msb,ACTIVE,616.619,5880673f-65bb-4d34-bde1-f15fc033f3c1,Edge computing reduces latency by processing data closer,agx,13,12.0,ok,agx,1788504034.729273,45.122,644.536,13
829.221,1,831.15,1788504035.7614617,4,b01-o13-agx-c4,,8,False,208.185,llama3.2:1b,etri-ser0001-cg0msb,ACTIVE,621.035,05871756-7e2f-49e9-b067-3456abfcca39,Edge computing reduces latency by processing data closer,agx,13,12.0,ok,agx,1788504034.930313,44.703,649.991,13
830.792,1,832.912,1788504035.966594,4,b01-o13-agx-c4,,8,False,204.925,llama3.2:1b,etri-ser0001-cg0msb,ACTIVE,625.867,15650690-bd60-4df5-86a2-bd068138795a,Edge computing reduces latency by processing data closer,agx,13,12.0,ok,agx,1788504035.133683,45.506,654.7,13
829.448,1,831.275,1788504036.1787357,4,b01-o13-agx-c4,,8,False,212.288,llama3.2:1b,etri-ser0001-cg0msb,ACTIVE,617.16,05442c27-4e5c-4f14-9a6e-3588bfb6b82e,Edge computing reduces latency by processing data closer,agx,13,12.0,ok,agx,1788504035.3474631,43.382,644.787,13
826.856,1,828.793,1788504036.3821194,4,b01-o13-agx-c4,,8,False,202.953,llama3.2:1b,etri-ser0001-cg0msb,ACTIVE,623.903,83dffe4a-518a-4687-a908-0248abec9168,Edge computing reduces latency by processing data closer,agx,13,12.0,ok,agx,1788504035.5533278,45.773,651.829,13
822.32,1,823.94,1788504036.585426,4,b01-o13-agx-c4,,8,False,203.339,llama3.2:1b,etri-ser0001-cg0msb,ACTIVE,618.981,c67bfe7c-cd24-4b3e-81b9-65fa10d00e41,Edge computing reduces latency by processing data closer,agx,13,12.0,ok,agx,1788504035.7614868,45.643,646.925,13
820.496,1,822.651,1788504036.789268,4,b01-o13-agx-c4,,8,False,203.653,llama3.2:1b,etri-ser0001-cg0msb,ACTIVE,616.843,ad323afa-98cc-4667-b7d1-fbae5dd09ae2,Edge computing reduces latency by processing data closer,agx,13,12.0,ok,agx,1788504035.9666195,45.586,644.692,13
813.51,1,815.558,1788504036.994329,4,b01-o13-agx-c4,,8,False,204.92,llama3.2:1b,etri-ser0001-cg0msb,ACTIVE,608.59,fb74e5b6-86b5-4d02-a879-324a77ff7c99,Edge computing reduces latency by processing data closer,agx,13,12.0,ok,agx,1788504036.1787736,45.863,638.934,13
825.509,1,827.473,1788504037.2096243,4,b01-o13-agx-c4,,8,False,215.247,llama3.2:1b,etri-ser0001-cg0msb,ACTIVE,610.261,d6a49350-a1e2-49ca-810d-8276e256c97c,Edge computing reduces latency by processing data closer,agx,13,12.0,ok,agx,1788504036.3821533,42.923,638.948,13
821.256,1,823.128,1788504037.4085765,4,b01-o13-agx-c4,,8,False,198.892,llama3.2:1b,etri-ser0001-cg0msb,ACTIVE,622.363,5f97234a-5362-4fe7-92f6-cc4a36884614,Edge computing reduces latency by processing data closer,agx,13,12.0,ok,agx,1788504036.5854516,46.663,649.488,13
818.065,1,820.046,1788504037.6093502,4,b01-o13-agx-c4,,8,False,200.666,llama3.2:1b,etri-ser0001-cg0msb,ACTIVE,617.398,e31292c1-61ba-4e23-aade-fdbd07fa1267,Edge computing reduces latency by processing data closer,agx,13,12.0,ok,agx,1788504036.7893066,46.139,644.316,13
829.633,1,831.332,1788504037.8256967,4,b01-o13-agx-c4,,8,False,216.179,llama3.2:1b,etri-ser0001-cg0msb,ACTIVE,613.454,d74c7da8-69e8-41e3-9142-c2f36d4244df,Edge computing reduces latency by processing data closer,agx,13,12.0,ok,agx,1788504036.994367,42.56,641.306,13
830.493,1,832.489,1788504038.0421498,4,b01-o13-agx-c4,,8,False,216.466,llama3.2:1b,etri-ser0001-cg0msb,ACTIVE,614.028,c9bb85d4-3122-4ee2-b15e-331c133cffc6,Edge computing reduces latency by processing data closer,agx,13,12.0,ok,agx,1788504037.2096622,43.209,645.093,13
835.629,1,837.544,1788504038.2461586,4,b01-o13-agx-c4,,8,False,203.867,llama3.2:1b,etri-ser0001-cg0msb,ACTIVE,631.763,f84392ec-e460-4b2d-93b7-49bd61cc5e92,Edge computing reduces latency by processing data closer,agx,13,12.0,ok,agx,1788504037.4086173,46.013,661.456,13
835.488,1,837.29,1788504038.4466767,4,b01-o13-agx-c4,,8,False,200.459,llama3.2:1b,etri-ser0001-cg0msb,ACTIVE,635.029,f75a2bf5-b012-4f51-821c-002bdf54d9fc,Edge computing reduces latency by processing data closer,agx,13,12.0,ok,agx,1788504037.6093895,46.267,662.297,13
822.064,1,824.004,1788504038.6497378,4,b01-o13-agx-c4,,8,False,202.948,llama3.2:1b,etri-ser0001-cg0msb,ACTIVE,619.116,b0c925e6-082a-4978-be2f-b3b3f8a833bd,Edge computing reduces latency by processing data closer,agx,13,12.0,ok,agx,1788504037.8257356,46.054,648.137,13
809.502,1,810.863,1788504038.8530345,4,b01-o13-agx-c4,,8,False,203.339,llama3.2:1b,etri-ser0001-cg0msb,ACTIVE,606.163,be18b78c-3bb1-40f2-97d3-1a6a13bc3f90,Edge computing reduces latency by processing data closer,agx,13,12.0,ok,agx,1788504038.0421746,45.868,634.968,13
822.22,1,824.119,1788504039.070312,4,b01-o13-agx-c4,,8,False,217.059,llama3.2:1b,etri-ser0001-cg0msb,ACTIVE,605.16,7b5dadb0-9267-43f3-9e75-0aa4edb11e31,Edge computing reduces latency by processing data closer,agx,13,12.0,ok,agx,1788504038.2461953,42.622,634.232,13
851.539,1,853.226,1788504039.2999375,4,b01-o13-agx-c4,,8,False,229.47,llama3.2:1b,etri-ser0001-cg0msb,ACTIVE,622.069,6a1e22b2-40d9-4089-a33b-4be5def8b1a0,Edge computing reduces latency by processing data closer,agx,13,12.0,ok,agx,1788504038.446713,40.545,654.098,13
866.163,1,868.07,1788504039.5178397,4,b01-o13-agx-c4,,8,False,217.732,llama3.2:1b,etri-ser0001-cg0msb,ACTIVE,648.431,7bdd014f-a82e-41ad-b93e-793cc4df38dd,Edge computing reduces latency by processing data closer,agx,13,12.0,ok,agx,1788504038.6497726,43.047,680.091,13
878.597,1,880.432,1788504039.7335017,4,b01-o13-agx-c4,,8,False,215.579,llama3.2:1b,etri-ser0001-cg0msb,ACTIVE,663.018,b5858e48-56be-4574-b1a9-d423ed913f3c,Edge computing reduces latency by processing data closer,agx,13,12.0,ok,agx,1788504038.8530717,42.921,692.014,13
869.997,1,871.561,1788504039.9419103,4,b01-o13-agx-c4,,8,False,208.319,llama3.2:1b,etri-ser0001-cg0msb,ACTIVE,661.678,a78207bb-e4f7-4d01-bbdc-99164fe027e3,Edge computing reduces latency by processing data closer,agx,13,12.0,ok,agx,1788504039.0703511,44.477,689.907,13
858.415,1,860.056,1788504040.1600165,4,b01-o13-agx-c4,,8,False,218.022,llama3.2:1b,etri-ser0001-cg0msb,ACTIVE,640.393,733dccef-fbc6-4bb6-9ad1-a304406e886b,Edge computing reduces latency by processing data closer,agx,13,12.0,ok,agx,1788504039.299963,42.015,667.737,13
855.623,1,857.399,1788504040.3752737,4,b01-o13-agx-c4,,8,False,215.272,llama3.2:1b,etri-ser0001-cg0msb,ACTIVE,640.352,203c03a3-8998-40e5-9542-33ad7af6f799,Edge computing reduces latency by processing data closer,agx,13,12.0,ok,agx,1788504039.5178766,43.076,669.635,13
844.026,1,845.889,1788504040.5794246,4,b01-o13-agx-c4,,8,False,203.822,llama3.2:1b,etri-ser0001-cg0msb,ACTIVE,640.204,c11cd98b-52a3-4932-bdcb-8cfc0b4c691f,Edge computing reduces latency by processing data closer,agx,13,12.0,ok,agx,1788504039.7335374,45.327,667.334,13
863.06,1,865.105,1788504040.8070464,4,b01-o13-agx-c4,,8,False,227.607,llama3.2:1b,etri-ser0001-cg0msb,ACTIVE,635.453,b6cebb53-c186-4a97-9762-3d912572fef5,Edge computing reduces latency by processing data closer,agx,13,12.0,ok,agx,1788504039.9419425,40.341,664.623,13
888.598,1,890.273,1788504041.0503268,4,b01-o13-agx-c4,,8,False,243.241,llama3.2:1b,etri-ser0001-cg0msb,ACTIVE,645.357,af81c058-aa6c-4b26-9f3c-c78b59bd5cd5,Edge computing reduces latency by processing data closer,agx,13,12.0,ok,agx,1788504040.1600547,37.664,676.105,13
893.405,1,895.467,1788504041.2707732,4,b01-o13-agx-c4,,8,False,219.979,llama3.2:1b,etri-ser0001-cg0msb,ACTIVE,673.426,1e7ccc76-dce3-4906-982b-f7db3c7d3dfc,Edge computing reduces latency by processing data closer,agx,13,12.0,ok,agx,1788504040.3753088,42.166,703.577,13
906.621,1,908.494,1788504041.4879515,4,b01-o13-agx-c4,,8,False,217.16,llama3.2:1b,etri-ser0001-cg0msb,ACTIVE,689.461,72662c67-c906-473f-bca7-a289052cb0dd,Edge computing reduces latency by processing data closer,agx,13,12.0,ok,agx,1788504040.5794604,42.719,719.001,13
886.179,1,887.78,1788504041.6948495,4,b01-o13-agx-c4,,8,False,206.727,llama3.2:1b,etri-ser0001-cg0msb,ACTIVE,679.452,75266c55-cd38-4555-bce3-942b24fbfb06,Edge computing reduces latency by processing data closer,agx,13,12.0,ok,agx,1788504040.8070707,44.673,706.77,13
849.73,1,851.6,1788504041.9019525,4,b01-o13-agx-c4,,8,False,207.061,llama3.2:1b,etri-ser0001-cg0msb,ACTIVE,642.669,3eb5d307-dea2-40cf-b8d6-67e2bf7969b3,Edge computing reduces latency by processing data closer,agx,13,12.0,ok,agx,1788504041.0503557,45.161,672.465,13
840.03,1,841.757,1788504042.1125658,4,b01-o13-agx-c4,,8,False,210.468,llama3.2:1b,etri-ser0001-cg0msb,ACTIVE,629.561,28d4ccdc-5153-47aa-a907-b60179624a87,Edge computing reduces latency by processing data closer,agx,13,12.0,ok,agx,1788504041.2708113,43.815,657.056,13
826.73,1,828.579,1788504042.316568,4,b01-o13-agx-c4,,8,False,203.945,llama3.2:1b,etri-ser0001-cg0msb,ACTIVE,622.786,a688683c-c765-401b-885d-58db60f8c00b,Edge computing reduces latency by processing data closer,agx,13,12.0,ok,agx,1788504041.4879904,45.574,650.951,13
824.013,1,825.882,1788504042.5207577,4,b01-o13-agx-c4,,8,False,204.01,llama3.2:1b,etri-ser0001-cg0msb,ACTIVE,620.003,ab140217-5c0e-4d1e-8789-9ab96dac2250,Edge computing reduces latency by processing data closer,agx,13,12.0,ok,agx,1788504041.6948776,45.481,647.623,13
818.782,1,820.665,1788504042.7226536,4,b01-o13-agx-c4,,8,False,201.684,llama3.2:1b,etri-ser0001-cg0msb,ACTIVE,617.099,f3eef21d-6722-4899-80e0-e980dc72f749,Edge computing reduces latency by processing data closer,agx,13,12.0,ok,agx,1788504041.9019914,45.881,644.097,13
810.014,1,811.916,1788504042.9245179,4,b01-o13-agx-c4,,8,False,201.873,llama3.2:1b,etri-ser0001-cg0msb,ACTIVE,608.141,bc0546d7-8265-4ecf-9b83-dace6aeb2869,Edge computing reduces latency by processing data closer,agx,13,12.0,ok,agx,1788504042.112604,46.078,636.119,13
813.65,1,815.607,1788504043.1322072,4,b01-o13-agx-c4,,8,False,207.602,llama3.2:1b,etri-ser0001-cg0msb,ACTIVE,606.049,a92032bc-00cd-4026-a423-c688ff0af177,Edge computing reduces latency by processing data closer,agx,13,12.0,ok,agx,1788504042.3166022,44.416,633.2,13
815.07,1,817.105,1788504043.3378966,4,b01-o13-agx-c4,,8,False,205.588,llama3.2:1b,etri-ser0001-cg0msb,ACTIVE,609.482,5f2e8f0c-1cb2-4771-b482-9f9992830b97,Edge computing reduces latency by processing data closer,agx,13,12.0,ok,agx,1788504042.5207937,45.167,637.69,13
822.084,1,824.081,1788504043.5467753,4,b01-o13-agx-c4,,8,False,208.811,llama3.2:1b,etri-ser0001-cg0msb,ACTIVE,613.273,ac42c1bd-04a4-4aef-a8e9-5bc2f3623bb2,Edge computing reduces latency by processing data closer,agx,13,12.0,ok,agx,1788504042.7226963,44.333,641.44,13
837.254,1,839.245,1788504043.7637959,4,b01-o13-agx-c4,,8,False,216.832,llama3.2:1b,etri-ser0001-cg0msb,ACTIVE,620.422,607183fd-b87d-4751-b1ce-95c3b7a42485,Edge computing reduces latency by processing data closer,agx,13,12.0,ok,agx,1788504042.9245534,42.706,649.686,13
835.978,1,838.027,1788504043.9702861,4,b01-o13-agx-c4,,8,False,206.391,llama3.2:1b,etri-ser0001-cg0msb,ACTIVE,629.587,fcf25ed6-6eb0-47ee-bb66-be05a7cd4ab9,Edge computing reduces latency by processing data closer,agx,13,12.0,ok,agx,1788504043.1322615,44.965,657.892,13
846.512,1,848.407,1788504044.1863368,4,b01-o13-agx-c4,,8,False,216.075,llama3.2:1b,etri-ser0001-cg0msb,ACTIVE,630.437,057700ac-60da-4a9a-8f73-da595ff94a0d,Edge computing reduces latency by processing data closer,agx,13,12.0,ok,agx,1788504043.3379323,42.414,657.631,13
209.259,1,217.618,1788504047.4268272,2,b01-o14-spark-c2,,8,False,209.244,llama3.2:1b,etri-ser0002-cgnmsb,ACTIVE,0.015,6aad91e8-2310-48ff-8222-c7a41560baf8,Edge computing reduces latency by processing data closer,spark,14,12.0,ok,spark,1788504047.2092118,45.943,35.308,14
410.982,1,421.988,1788504047.6308308,2,b01-o14-spark-c2,,8,False,202.846,llama3.2:1b,etri-ser0002-cgnmsb,ACTIVE,208.136,a78fb2e2-2441-4387-8640-3f5895c76bd1,Edge computing reduces latency by processing data closer,spark,14,12.0,ok,spark,1788504047.2088485,46.4,236.068,14
409.65,1,413.211,1788504047.8401024,2,b01-o14-spark-c2,,8,False,209.122,llama3.2:1b,etri-ser0002-cgnmsb,ACTIVE,200.528,94d2f737-c1c9-4c12-b909-fcb41ef56b2c,Edge computing reduces latency by processing data closer,spark,14,12.0,ok,spark,1788504047.4268947,46.087,233.283,14
408.485,1,415.09,1788504048.0460353,2,b01-o14-spark-c2,,8,False,206.311,llama3.2:1b,etri-ser0002-cgnmsb,ACTIVE,202.174,4dcbd88a-4aff-4fd2-892a-16d3f9bbde18,Edge computing reduces latency by processing data closer,spark,14,12.0,ok,spark,1788504047.6309514,46.083,234.13,14
407.863,1,412.328,1788504048.252511,2,b01-o14-spark-c2,,8,False,206.309,llama3.2:1b,etri-ser0002-cgnmsb,ACTIVE,201.554,8359bc4a-08da-46d6-9c2b-58aae5ffa188,Edge computing reduces latency by processing data closer,spark,14,12.0,ok,spark,1788504047.8401873,45.598,231.455,14
406.659,1,411.263,1788504048.4574122,2,b01-o14-spark-c2,,8,False,205.031,llama3.2:1b,etri-ser0002-cgnmsb,ACTIVE,201.627,78fc6d71-fcd5-42d2-b570-e6b7c5b3e483,Edge computing reduces latency by processing data closer,spark,14,12.0,ok,spark,1788504048.04615,45.797,230.685,14
411.163,1,414.574,1788504048.667178,2,b01-o14-spark-c2,,8,False,209.606,llama3.2:1b,etri-ser0002-cgnmsb,ACTIVE,201.556,b017ca88-e5fc-49af-b029-81593400c39d,Edge computing reduces latency by processing data closer,spark,14,12.0,ok,spark,1788504048.252604,45.945,234.82,14
415.015,1,418.77,1788504048.876207,2,b01-o14-spark-c2,,8,False,208.659,llama3.2:1b,etri-ser0002-cgnmsb,ACTIVE,206.355,3401c2bb-5495-44b9-91a1-be4cb332e9bc,Edge computing reduces latency by processing data closer,spark,14,12.0,ok,spark,1788504048.4574382,45.857,238.473,14
411.256,1,414.93,1788504049.0821285,2,b01-o14-spark-c2,,8,False,205.673,llama3.2:1b,etri-ser0002-cgnmsb,ACTIVE,205.583,b677befa-45ff-4644-bb8a-8d99539def0a,Edge computing reduces latency by processing data closer,spark,14,12.0,ok,spark,1788504048.6672003,45.789,236.835,14
406.503,1,411.267,1788504049.2874947,2,b01-o14-spark-c2,,8,False,204.56,llama3.2:1b,etri-ser0002-cgnmsb,ACTIVE,201.943,2a579afc-f231-4b6b-8ff3-0e6866a5dd4c,Edge computing reduces latency by processing data closer,spark,14,12.0,ok,spark,1788504048.876232,45.757,229.867,14
412.083,1,414.493,1788504049.496653,2,b01-o14-spark-c2,,8,False,209.147,llama3.2:1b,etri-ser0002-cgnmsb,ACTIVE,202.936,44870157-b855-4c57-8c65-da5c122040b8,Edge computing reduces latency by processing data closer,spark,14,12.0,ok,spark,1788504049.0821617,45.856,235.804,14
411.813,1,417.138,1788504049.7047164,2,b01-o14-spark-c2,,8,False,207.188,llama3.2:1b,etri-ser0002-cgnmsb,ACTIVE,204.625,e33f2679-d5de-43bb-835c-133c32d37db4,Edge computing reduces latency by processing data closer,spark,14,12.0,ok,spark,1788504049.2875853,45.945,236.334,14
410.754,1,416.364,1788504049.9130466,2,b01-o14-spark-c2,,8,False,208.201,llama3.2:1b,etri-ser0002-cgnmsb,ACTIVE,202.553,d3ff2030-af6a-4205-bb51-7630da0b694f,Edge computing reduces latency by processing data closer,spark,14,12.0,ok,spark,1788504049.4966862,46.156,235.18,14
411.637,1,416.536,1788504050.1214328,2,b01-o14-spark-c2,,8,False,208.646,llama3.2:1b,etri-ser0002-cgnmsb,ACTIVE,202.991,f7ed2c74-c637-4867-b596-2c7cf850eb83,Edge computing reduces latency by processing data closer,spark,14,12.0,ok,spark,1788504049.7048984,46.126,236.371,14
412.707,1,418.836,1788504050.331912,2,b01-o14-spark-c2,,8,False,209.278,llama3.2:1b,etri-ser0002-cgnmsb,ACTIVE,203.429,4187d6ae-f162-430c-8cc4-a04b3eebe0f0,Edge computing reduces latency by processing data closer,spark,14,12.0,ok,spark,1788504049.91308,46.155,237.635,14
411.496,1,417.286,1788504050.53875,2,b01-o14-spark-c2,,8,False,206.639,llama3.2:1b,etri-ser0002-cgnmsb,ACTIVE,204.857,dd935cd3-d157-4ca4-8f27-c3d8aab87c3e,Edge computing reduces latency by processing data closer,spark,14,12.0,ok,spark,1788504050.1214676,46.145,238.539,14
403.518,1,409.87,1788504050.7418725,2,b01-o14-spark-c2,,8,False,202.938,llama3.2:1b,etri-ser0002-cgnmsb,ACTIVE,200.581,328d0ff5-a569-441f-bc8b-2412d5da29b9,Edge computing reduces latency by processing data closer,spark,14,12.0,ok,spark,1788504050.3320062,45.997,228.89,14
407.844,1,410.24,1788504050.9490707,2,b01-o14-spark-c2,,8,False,206.983,llama3.2:1b,etri-ser0002-cgnmsb,ACTIVE,200.861,c2260270-502e-4336-9075-7242d7b8a4a7,Edge computing reduces latency by processing data closer,spark,14,12.0,ok,spark,1788504050.5388315,45.923,231.757,14
414.295,1,418.032,1788504051.1599789,2,b01-o14-spark-c2,,8,False,210.269,llama3.2:1b,etri-ser0002-cgnmsb,ACTIVE,204.026,71687a7d-a9fb-4694-b146-64d6926f88ea,Edge computing reduces latency by processing data closer,spark,14,12.0,ok,spark,1788504050.7419477,46.148,238.832,14
412.57,1,418.306,1788504051.3674047,2,b01-o14-spark-c2,,8,False,206.813,llama3.2:1b,etri-ser0002-cgnmsb,ACTIVE,205.757,341c67d9-7543-4b80-8f6b-58c87c473d40,Edge computing reduces latency by processing data closer,spark,14,12.0,ok,spark,1788504050.9491007,45.931,237.524,14
407.929,1,415.068,1788504051.575067,2,b01-o14-spark-c2,,8,False,206.293,llama3.2:1b,etri-ser0002-cgnmsb,ACTIVE,201.636,d14be27a-1c9f-4baf-9b71-9b7e69c05893,Edge computing reduces latency by processing data closer,spark,14,12.0,ok,spark,1788504051.1600037,46.023,231.831,14
409.329,1,412.758,1788504051.780224,2,b01-o14-spark-c2,,8,False,206.092,llama3.2:1b,etri-ser0002-cgnmsb,ACTIVE,203.237,56beb163-82c2-4107-a71e-0ae6d32156fe,Edge computing reduces latency by processing data closer,spark,14,12.0,ok,spark,1788504051.367467,46.132,234.917,14
405.356,1,410.195,1788504051.9853466,2,b01-o14-spark-c2,,8,False,204.022,llama3.2:1b,etri-ser0002-cgnmsb,ACTIVE,201.334,29c65297-8f2c-4b91-b988-9cbb5f1047b6,Edge computing reduces latency by processing data closer,spark,14,12.0,ok,spark,1788504051.575154,45.947,231.146,14
403.33,1,407.162,1788504052.18742,2,b01-o14-spark-c2,,8,False,202.016,llama3.2:1b,etri-ser0002-cgnmsb,ACTIVE,201.314,13923376-78f6-42bd-a0fe-a10fd9a36503,Edge computing reduces latency by processing data closer,spark,14,12.0,ok,spark,1788504051.7802613,46.464,229.706,14
403.456,1,406.541,1788504052.3919673,2,b01-o14-spark-c2,,8,False,204.257,llama3.2:1b,etri-ser0002-cgnmsb,ACTIVE,199.199,059d9158-a5f8-411d-b12f-501862072108,Edge computing reduces latency by processing data closer,spark,14,12.0,ok,spark,1788504051.9854298,46.125,230.077,14
402.097,1,407.951,1788504052.5954502,2,b01-o14-spark-c2,,8,False,203.103,llama3.2:1b,etri-ser0002-cgnmsb,ACTIVE,198.993,29c1445d-cf32-4fd9-9cad-0ba5f5b78c35,Edge computing reduces latency by processing data closer,spark,14,12.0,ok,spark,1788504052.187503,46.083,227.134,14
405.819,1,408.516,1788504052.8005645,2,b01-o14-spark-c2,,8,False,204.997,llama3.2:1b,etri-ser0002-cgnmsb,ACTIVE,200.822,94f8a947-2e0a-4f35-a69c-e0cb56322f2d,Edge computing reduces latency by processing data closer,spark,14,12.0,ok,spark,1788504052.392052,45.72,230.633,14
404.662,1,408.651,1788504053.004188,2,b01-o14-spark-c2,,8,False,203.336,llama3.2:1b,etri-ser0002-cgnmsb,ACTIVE,201.327,67ffc2b4-2ba4-437c-9728-c25296744d4a,Edge computing reduces latency by processing data closer,spark,14,12.0,ok,spark,1788504052.5955408,46.025,229.907,14
406.13,1,409.157,1788504053.2097986,2,b01-o14-spark-c2,,8,False,205.578,llama3.2:1b,etri-ser0002-cgnmsb,ACTIVE,200.551,5cf41644-f851-4f4b-9188-e32afdb66749,Edge computing reduces latency by processing data closer,spark,14,12.0,ok,spark,1788504052.8006458,46.033,231.188,14
410.728,1,414.964,1788504053.4192626,2,b01-o14-spark-c2,,8,False,208.877,llama3.2:1b,etri-ser0002-cgnmsb,ACTIVE,201.851,a246c3e9-faf4-4b5b-a639-c85776878d83,Edge computing reduces latency by processing data closer,spark,14,12.0,ok,spark,1788504053.0043037,46.057,234.977,14
409.893,1,416.609,1788504053.6264875,2,b01-o14-spark-c2,,8,False,206.258,llama3.2:1b,etri-ser0002-cgnmsb,ACTIVE,203.634,875774b8-fd21-43b0-83a8-34ca7cc11be5,Edge computing reduces latency by processing data closer,spark,14,12.0,ok,spark,1788504053.2098818,46.232,235.025,14
405.622,1,411.313,1788504053.830668,2,b01-o14-spark-c2,,8,False,204.774,llama3.2:1b,etri-ser0002-cgnmsb,ACTIVE,200.848,1b827daa-8f51-41f6-af57-070d2b027457,Edge computing reduces latency by processing data closer,spark,14,12.0,ok,spark,1788504053.4193578,45.998,231.532,14
404.758,1,409.511,1788504054.036078,2,b01-o14-spark-c2,,8,False,204.593,llama3.2:1b,etri-ser0002-cgnmsb,ACTIVE,200.165,482228da-3c92-423d-9594-94b9b1fb0c9a,Edge computing reduces latency by processing data closer,spark,14,12.0,ok,spark,1788504053.6265707,45.94,228.21,14
410.329,1,413.081,1788504054.24381,2,b01-o14-spark-c2,,8,False,207.272,llama3.2:1b,etri-ser0002-cgnmsb,ACTIVE,203.057,d0244eef-7f8f-4b96-a45b-93e98be30311,Edge computing reduces latency by processing data closer,spark,14,12.0,ok,spark,1788504053.8307333,45.907,234.643,14
408.763,1,414.679,1788504054.4508471,2,b01-o14-spark-c2,,8,False,206.741,llama3.2:1b,etri-ser0002-cgnmsb,ACTIVE,202.022,9c46da1d-1328-4bce-b6ea-5de6e34bdbef,Edge computing reduces latency by processing data closer,spark,14,12.0,ok,spark,1788504054.0361693,46.111,234.516,14
408.033,1,413.723,1788504054.6576362,2,b01-o14-spark-c2,,8,False,206.509,llama3.2:1b,etri-ser0002-cgnmsb,ACTIVE,201.524,c6fd46ad-1962-4235-b7c3-bee894e5537d,Edge computing reduces latency by processing data closer,spark,14,12.0,ok,spark,1788504054.2439156,46.088,232.558,14
409.084,1,414.8,1788504054.8656688,2,b01-o14-spark-c2,,8,False,207.333,llama3.2:1b,etri-ser0002-cgnmsb,ACTIVE,201.75,af3657cd-11de-4dd8-be0d-498baccc440d,Edge computing reduces latency by processing data closer,spark,14,12.0,ok,spark,1788504054.4508731,45.891,235.027,14
403.836,1,410.166,1788504055.067912,2,b01-o14-spark-c2,,8,False,201.939,llama3.2:1b,etri-ser0002-cgnmsb,ACTIVE,201.897,fb0a80c1-9127-4685-bfb4-6a984a03fbce,Edge computing reduces latency by processing data closer,spark,14,12.0,ok,spark,1788504054.6577492,45.923,228.977,14
405.25,1,408.248,1788504055.2739992,2,b01-o14-spark-c2,,8,False,206.171,llama3.2:1b,etri-ser0002-cgnmsb,ACTIVE,199.079,434093c6-7f47-406c-9563-e9157776f22f,Edge computing reduces latency by processing data closer,spark,14,12.0,ok,spark,1788504054.865754,45.675,227.792,14
412.401,1,415.92,1788504055.4839623,2,b01-o14-spark-c2,,8,False,209.644,llama3.2:1b,etri-ser0002-cgnmsb,ACTIVE,202.757,0467b0fa-96d5-4c95-afed-e049713703dd,Edge computing reduces latency by processing data closer,spark,14,12.0,ok,spark,1788504055.068044,45.844,235.398,14
412.834,1,419.252,1788504055.693329,2,b01-o14-spark-c2,,8,False,208.528,llama3.2:1b,etri-ser0002-cgnmsb,ACTIVE,204.306,f3c7d9c9-b9cd-4db1-8723-2c8e9dcd3608,Edge computing reduces latency by processing data closer,spark,14,12.0,ok,spark,1788504055.274082,45.664,237.146,14
408.293,1,413.964,1788504055.8979719,2,b01-o14-spark-c2,,8,False,204.526,llama3.2:1b,etri-ser0002-cgnmsb,ACTIVE,203.767,22695c92-dd78-427f-b43d-61ab1bed4571,Edge computing reduces latency by processing data closer,spark,14,12.0,ok,spark,1788504055.4840105,45.629,231.599,14
407.372,1,411.157,1788504056.1045988,2,b01-o14-spark-c2,,8,False,205.645,llama3.2:1b,etri-ser0002-cgnmsb,ACTIVE,201.727,dbcc13af-87fc-498c-a5d9-ba8a013d1d50,Edge computing reduces latency by processing data closer,spark,14,12.0,ok,spark,1788504055.6934452,46.117,231.801,14
411.706,1,415.011,1788504056.3130424,2,b01-o14-spark-c2,,8,False,208.798,llama3.2:1b,etri-ser0002-cgnmsb,ACTIVE,202.907,a86182ad-2e93-4d78-b9ff-9f1fc0058d7e,Edge computing reduces latency by processing data closer,spark,14,12.0,ok,spark,1788504055.8980346,46.038,236.106,14
411.655,1,416.445,1788504056.5211246,2,b01-o14-spark-c2,,8,False,207.896,llama3.2:1b,etri-ser0002-cgnmsb,ACTIVE,203.759,56a8f233-5e87-46da-b35a-a459b91ad1e6,Edge computing reduces latency by processing data closer,spark,14,12.0,ok,spark,1788504056.1046808,46.055,236.014,14
408.89,1,413.555,1788504056.7266653,2,b01-o14-spark-c2,,8,False,205.452,llama3.2:1b,etri-ser0002-cgnmsb,ACTIVE,203.438,d67764d4-9849-41d0-a5a7-4ec415b139fa,Edge computing reduces latency by processing data closer,spark,14,12.0,ok,spark,1788504056.3131137,46.134,234.168,14
405.785,1,411.09,1788504056.9322352,2,b01-o14-spark-c2,,8,False,205.573,llama3.2:1b,etri-ser0002-cgnmsb,ACTIVE,200.211,fbe5179f-52a9-4fc6-8c3d-344ce43e57cd,Edge computing reduces latency by processing data closer,spark,14,12.0,ok,spark,1788504056.521151,46.091,232.273,14
406.235,1,410.733,1788504057.1374712,2,b01-o14-spark-c2,,8,False,204.17,llama3.2:1b,etri-ser0002-cgnmsb,ACTIVE,202.065,bda06fe8-9e13-41e6-a732-5c82dbb7bd5e,Edge computing reduces latency by processing data closer,spark,14,12.0,ok,spark,1788504056.7267385,46.185,230.271,14
409.731,1,412.376,1788504057.3446393,2,b01-o14-spark-c2,,8,False,206.974,llama3.2:1b,etri-ser0002-cgnmsb,ACTIVE,202.756,c83eece8-7b95-475e-bf92-ab60fb8fefd9,Edge computing reduces latency by processing data closer,spark,14,12.0,ok,spark,1788504056.9322672,46.128,235.548,14
408.767,1,414.346,1788504057.5518363,2,b01-o14-spark-c2,,8,False,206.391,llama3.2:1b,etri-ser0002-cgnmsb,ACTIVE,202.375,503b3b9d-1003-4a32-8596-53c1f3c79e81,Edge computing reduces latency by processing data closer,spark,14,12.0,ok,spark,1788504057.1374946,46.181,233.095,14
408.059,1,412.604,1788504057.757328,2,b01-o14-spark-c2,,8,False,206.129,llama3.2:1b,etri-ser0002-cgnmsb,ACTIVE,201.929,217fa35d-ac07-46d8-9d09-43725ce3c286,Edge computing reduces latency by processing data closer,spark,14,12.0,ok,spark,1788504057.344725,46.011,232.632,14
405.99,1,412.212,1788504057.9641387,2,b01-o14-spark-c2,,8,False,206.037,llama3.2:1b,etri-ser0002-cgnmsb,ACTIVE,199.953,b1cab84e-9aba-4dd6-be1d-a0976ef7176a,Edge computing reduces latency by processing data closer,spark,14,12.0,ok,spark,1788504057.5519304,46.18,230.7,14
409.987,1,416.496,1788504058.1738443,2,b01-o14-spark-c2,,8,False,208.932,llama3.2:1b,etri-ser0002-cgnmsb,ACTIVE,201.055,d7513642-db1a-473f-aeb1-aedeb2451e76,Edge computing reduces latency by processing data closer,spark,14,12.0,ok,spark,1788504057.757353,45.919,233.744,14
410.521,1,416.756,1788504058.380981,2,b01-o14-spark-c2,,8,False,206.795,llama3.2:1b,etri-ser0002-cgnmsb,ACTIVE,203.725,69a3c087-6af6-4697-b47d-07cd9231b146,Edge computing reduces latency by processing data closer,spark,14,12.0,ok,spark,1788504057.9642282,46.111,234.672,14
406.839,1,412.93,1788504058.5868628,2,b01-o14-spark-c2,,8,False,205.609,llama3.2:1b,etri-ser0002-cgnmsb,ACTIVE,201.229,fba93304-ed07-4027-8dd0-2131f0422776,Edge computing reduces latency by processing data closer,spark,14,12.0,ok,spark,1788504058.1739361,46.209,232.161,14
406.798,1,413.268,1788504058.7943397,2,b01-o14-spark-c2,,8,False,207.203,llama3.2:1b,etri-ser0002-cgnmsb,ACTIVE,199.595,8f449f94-4a63-4e48-9aee-0a28c90f4b4e,Edge computing reduces latency by processing data closer,spark,14,12.0,ok,spark,1788504058.3810732,45.981,231.137,14
409.304,1,413.652,1788504059.0005965,2,b01-o14-spark-c2,,8,False,205.315,llama3.2:1b,etri-ser0002-cgnmsb,ACTIVE,203.989,b31f9b28-c077-48ea-b778-8c993b4ec4dc,Edge computing reduces latency by processing data closer,spark,14,12.0,ok,spark,1788504058.5869465,46.295,234.629,14
408.321,1,414.463,1788504059.208843,2,b01-o14-spark-c2,,8,False,207.655,llama3.2:1b,etri-ser0002-cgnmsb,ACTIVE,200.666,17a531a4-52fd-45b6-9628-6ad5e6a47aca,Edge computing reduces latency by processing data closer,spark,14,12.0,ok,spark,1788504058.7943845,45.976,234.466,14
404.936,1,410.657,1788504059.411302,2,b01-o14-spark-c2,,8,False,202.305,llama3.2:1b,etri-ser0002-cgnmsb,ACTIVE,202.63,ac85580b-78cc-4199-be4f-15db40f3bd93,Edge computing reduces latency by processing data closer,spark,14,12.0,ok,spark,1788504059.0006495,45.844,230.08,14
540.598,1,562.663,1788504063.009705,16,b01-o15-nano-c16,,8,False,540.579,llama3.2:1b,etri-dev0001-jetorn,ACTIVE,0.019,e5b6e2f4-a861-4ab0-a79d-bfa197c9f200,Edge computing reduces latency by processing data closer,nano,15,12.0,ok,nano,1788504062.4470427,20.738,168.573,15
902.332,1,924.484,1788504063.3738706,16,b01-o15-nano-c16,,8,False,362.077,llama3.2:1b,etri-dev0001-jetorn,ACTIVE,540.255,70531c03-9a1b-4a03-b3a2-b40e66d4afec,Edge computing reduces latency by processing data closer,nano,15,12.0,ok,nano,1788504062.4493911,25.661,595.719,15
1308.854,1,1331.725,1788504063.779837,16,b01-o15-nano-c16,,8,False,406.481,llama3.2:1b,etri-dev0001-jetorn,ACTIVE,902.373,19b660bc-6901-4459-8b24-c4d92ee9728c,Edge computing reduces latency by processing data closer,nano,15,12.0,ok,nano,1788504062.4481118,22.625,955.362,15
1677.875,1,1703.11,1788504064.1545181,16,b01-o15-nano-c16,,8,False,373.963,llama3.2:1b,etri-dev0001-jetorn,ACTIVE,1303.912,850e0689-dbc7-43cb-96fe-a34875f52c43,Edge computing reduces latency by processing data closer,nano,15,12.0,ok,nano,1788504062.4514122,26.226,1374.288,15
2032.296,1,2057.0,1788504064.5096192,16,b01-o15-nano-c16,,8,False,355.003,llama3.2:1b,etri-dev0001-jetorn,ACTIVE,1677.293,5bf37c31-6a3b-4f4f-9f06-29fcb0118519,Edge computing reduces latency by processing data closer,nano,15,12.0,ok,nano,1788504062.45262,26.762,1733.229,15
2397.12,1,2428.708,1788504064.8843575,16,b01-o15-nano-c16,,8,False,374.918,llama3.2:1b,etri-dev0001-jetorn,ACTIVE,2022.202,488a42f2-47fa-4f8f-9154-e1806164763d,Edge computing reduces latency by processing data closer,nano,15,12.0,ok,nano,1788504062.455651,25.019,2074.662,15
2769.537,1,2807.529,1788504065.2621286,16,b01-o15-nano-c16,,8,False,376.157,llama3.2:1b,etri-dev0001-jetorn,ACTIVE,2393.381,7b14751a-9ed5-439a-80a5-bd25cf424260,Edge computing reduces latency by processing data closer,nano,15,12.0,ok,nano,1788504062.4546046,25.235,2461.553,15
3159.268,1,3197.784,1788504065.654673,16,b01-o15-nano-c16,,8,False,391.729,llama3.2:1b,etri-dev0001-jetorn,ACTIVE,2767.539,d06f4305-c460-40ec-ab7a-922cd08b58ac,Edge computing reduces latency by processing data closer,nano,15,12.0,ok,nano,1788504062.4568913,23.996,2827.071,15
3578.402,1,3615.823,1788504066.0739172,16,b01-o15-nano-c16,,8,False,418.992,llama3.2:1b,etri-dev0001-jetorn,ACTIVE,3159.41,385417f7-e32d-4b8f-92d6-f0e30722f3ea,Edge computing reduces latency by processing data closer,nano,15,12.0,ok,nano,1788504062.4580944,26.357,3266.697,15
4297.984,1,4335.225,1788504066.794807,16,b01-o15-nano-c16,,8,False,720.55,llama3.2:1b,etri-dev0001-jetorn,ACTIVE,3577.434,d2a08ad7-37b6-4ef3-9de5-b7eaf6883535,Edge computing reduces latency by processing data closer,nano,15,12.0,ok,nano,1788504062.459585,22.038,3937.351,15
4602.702,1,4690.966,1788504067.151661,16,b01-o15-nano-c16,,8,False,354.561,llama3.2:1b,etri-dev0001-jetorn,ACTIVE,4248.141,afacc25e-b076-4f7b-b947-b8677b4eefd7,Edge computing reduces latency by processing data closer,nano,15,12.0,ok,nano,1788504062.4606984,27.242,4310.861,15
7139.314,1,7228.058,1788504069.689725,16,b01-o15-nano-c16,,8,False,2534.804,llama3.2:1b,etri-dev0001-jetorn,ACTIVE,4604.511,77ec2ed4-6a77-4beb-915e-c4741180f91d,Edge computing reduces latency by processing data closer,nano,15,12.0,ok,nano,1788504062.4616728,18.836,6715.997,15
7460.005,1,7696.367,1788504070.1589773,16,b01-o15-nano-c16,,8,False,464.774,llama3.2:1b,etri-dev0001-jetorn,ACTIVE,6995.231,b28e1421-8217-4b92-bb00-638f953a11a1,Edge computing reduces latency by processing data closer,nano,15,12.0,ok,nano,1788504062.4626126,23.763,7123.811,15
7499.742,1,7513.013,1788504070.5227444,16,b01-o15-nano-c16,,8,False,363.25,llama3.2:1b,etri-dev0001-jetorn,ACTIVE,7136.493,a019bbcc-3f48-4fba-af09-a05a636ad9b2,Edge computing reduces latency by processing data closer,nano,15,12.0,ok,nano,1788504063.0097363,26.31,7187.886,15
7503.919,1,7532.136,1788504070.90611,16,b01-o15-nano-c16,,8,False,382.863,llama3.2:1b,etri-dev0001-jetorn,ACTIVE,7121.056,c0fa888c-22cb-42d4-b897-18b98e63c2c8,Edge computing reduces latency by processing data closer,nano,15,12.0,ok,nano,1788504063.3739798,24.821,7179.9,15
7743.256,1,8801.969,1788504071.2656145,16,b01-o15-nano-c16,,8,False,359.332,llama3.2:1b,etri-dev0001-jetorn,ACTIVE,7383.923,6e0407ba-cc7a-4be2-ad0e-668ef34d5468,Edge computing reduces latency by processing data closer,nano,15,12.0,ok,nano,1788504062.4636467,26.109,7439.236,15
8091.619,1,9171.722,1788504071.6380062,16,b01-o15-nano-c16,,8,False,371.083,llama3.2:1b,etri-dev0001-jetorn,ACTIVE,7720.536,636ab39c-0414-4559-a6f9-ba94660ca0b5,Edge computing reduces latency by processing data closer,nano,15,12.0,ok,nano,1788504062.4662845,25.207,7771.833,15
8467.62,1,9552.551,1788504072.017601,16,b01-o15-nano-c16,,8,False,379.481,llama3.2:1b,etri-dev0001-jetorn,ACTIVE,8088.139,7337bd72-b95a-41c2-8748-9755214e0f2e,Edge computing reduces latency by processing data closer,nano,15,12.0,ok,nano,1788504062.4650528,25.42,8159.56,15
8619.102,1,8642.019,1788504072.421876,16,b01-o15-nano-c16,,8,False,403.373,llama3.2:1b,etri-dev0001-jetorn,ACTIVE,8215.729,72f2d460-952b-458a-96dc-65a4070d63db,Edge computing reduces latency by processing data closer,nano,15,12.0,ok,nano,1788504063.779861,22.945,8271.13,15
8652.006,1,8659.149,1788504072.8137395,16,b01-o15-nano-c16,,8,False,391.261,llama3.2:1b,etri-dev0001-jetorn,ACTIVE,8260.745,4f7bfaaf-9c42-44df-a861-695345529c2e,Edge computing reduces latency by processing data closer,nano,15,12.0,ok,nano,1788504064.154594,24.191,8312.115,15
8731.755,1,8748.566,1788504073.2582116,16,b01-o15-nano-c16,,8,False,443.46,llama3.2:1b,etri-dev0001-jetorn,ACTIVE,8288.294,31dc624a-50f5-4307-aba3-367df8e4c9eb,Edge computing reduces latency by processing data closer,nano,15,12.0,ok,nano,1788504064.5096514,27.536,8439.962,15
8764.063,1,8776.061,1788504073.6604834,16,b01-o15-nano-c16,,8,False,400.428,llama3.2:1b,etri-dev0001-jetorn,ACTIVE,8363.635,a6163ac4-221c-4b64-9f6d-34f89046273d,Edge computing reduces latency by processing data closer,nano,15,12.0,ok,nano,1788504064.8844264,23.397,8426.937,15
8760.3,1,8777.088,1788504074.0393586,16,b01-o15-nano-c16,,8,False,379.071,llama3.2:1b,etri-dev0001-jetorn,ACTIVE,8381.229,5bbc4374-0dd9-45ff-b6f7-9455ea329344,Edge computing reduces latency by processing data closer,nano,15,12.0,ok,nano,1788504065.2622738,24.896,8439.84,15
8740.514,1,8746.999,1788504074.4017534,16,b01-o15-nano-c16,,8,False,363.087,llama3.2:1b,etri-dev0001-jetorn,ACTIVE,8377.427,7b80ba57-04db-4310-8368-d16ec3c83bd5,Edge computing reduces latency by processing data closer,nano,15,12.0,ok,nano,1788504065.6547573,26.589,8436.768,15
8697.72,1,8705.095,1788504074.779034,16,b01-o15-nano-c16,,8,False,375.689,llama3.2:1b,etri-dev0001-jetorn,ACTIVE,8322.031,1c52cb93-1f34-4fb4-a560-6d023cc7f61f,Edge computing reduces latency by processing data closer,nano,15,12.0,ok,nano,1788504066.073942,25.104,8377.624,15
8389.108,1,8399.916,1788504075.1948085,16,b01-o15-nano-c16,,8,False,416.599,llama3.2:1b,etri-dev0001-jetorn,ACTIVE,7972.509,a398905f-c5a1-4ccf-9b8d-f07fb739edae,Edge computing reduces latency by processing data closer,nano,15,12.0,ok,nano,1788504066.794895,23.733,8051.93,15
8428.175,1,8436.077,1788504075.5878265,16,b01-o15-nano-c16,,8,False,385.386,llama3.2:1b,etri-dev0001-jetorn,ACTIVE,8042.789,c51b7538-a469-42e0-aef4-0bad897c5497,Edge computing reduces latency by processing data closer,nano,15,12.0,ok,nano,1788504067.1517537,25.312,8111.265,15
6239.623,1,6252.162,1788504075.9420002,16,b01-o15-nano-c16,,8,False,354.517,llama3.2:1b,etri-dev0001-jetorn,ACTIVE,5885.106,0bb84524-1e05-40ca-9a15-23391b9a7cf3,Edge computing reduces latency by processing data closer,nano,15,12.0,ok,nano,1788504069.689844,26.632,5939.741,15
6168.15,1,6178.834,1788504076.3378906,16,b01-o15-nano-c16,,8,False,390.465,llama3.2:1b,etri-dev0001-jetorn,ACTIVE,5777.685,54b380aa-ff0d-4234-b4e0-854c4dc25bf6,Edge computing reduces latency by processing data closer,nano,15,12.0,ok,nano,1788504070.159059,23.526,5828.288,15
6158.83,1,6165.274,1788504076.6880908,16,b01-o15-nano-c16,,8,False,353.041,llama3.2:1b,etri-dev0001-jetorn,ACTIVE,5805.788,f66434b4-c7d8-446f-9794-86d8eabd3484,Edge computing reduces latency by processing data closer,nano,15,12.0,ok,nano,1788504070.5228226,26.74,5861.671,15
6142.489,1,6151.577,1788504077.05779,16,b01-o15-nano-c16,,8,False,370.183,llama3.2:1b,etri-dev0001-jetorn,ACTIVE,5772.305,2f0b1d5d-bfd9-4076-b79c-2f9dd193a74f,Edge computing reduces latency by processing data closer,nano,15,12.0,ok,nano,1788504070.9062192,26.959,5850.809,15
6204.028,1,6212.046,1788504077.4776967,16,b01-o15-nano-c16,,8,False,419.58,llama3.2:1b,etri-dev0001-jetorn,ACTIVE,5784.448,e80f7b82-6628-436d-87b6-6a5c6afbfc9f,Edge computing reduces latency by processing data closer,nano,15,12.0,ok,nano,1788504071.2656538,21.786,5836.145,15
6207.263,1,6220.617,1788504077.8586423,16,b01-o15-nano-c16,,8,False,376.415,llama3.2:1b,etri-dev0001-jetorn,ACTIVE,5830.848,9f2387ac-0487-4ae3-b07d-1c8c9ef8a0be,Edge computing reduces latency by processing data closer,nano,15,12.0,ok,nano,1788504071.6380298,26.887,5907.314,15
6185.792,1,6194.376,1788504078.2121058,16,b01-o15-nano-c16,,8,False,353.782,llama3.2:1b,etri-dev0001-jetorn,ACTIVE,5832.01,1efe07e9-47e7-4bf7-be8c-1d4d4fe7b2d6,Edge computing reduces latency by processing data closer,nano,15,12.0,ok,nano,1788504072.017733,26.456,5883.789,15
6151.832,1,6158.865,1788504078.5808249,16,b01-o15-nano-c16,,8,False,367.812,llama3.2:1b,etri-dev0001-jetorn,ACTIVE,5784.02,6389b990-5363-4f43-8dbc-249c13ca5353,Edge computing reduces latency by processing data closer,nano,15,12.0,ok,nano,1788504072.421964,25.441,5841.1,15
6132.763,1,6138.456,1788504078.952277,16,b01-o15-nano-c16,,8,False,370.433,llama3.2:1b,etri-dev0001-jetorn,ACTIVE,5762.329,50984c3f-d4e9-4ff9-9b6f-d7dd141bb273,Edge computing reduces latency by processing data closer,nano,15,12.0,ok,nano,1788504072.8138273,25.399,5818.967,15
6031.773,1,6041.379,1788504079.2997222,16,b01-o15-nano-c16,,8,False,346.847,llama3.2:1b,etri-dev0001-jetorn,ACTIVE,5684.925,6c0e2732-cc6b-4621-94bb-df74d09f813c,Edge computing reduces latency by processing data closer,nano,15,12.0,ok,nano,1788504073.258347,27.27,5734.229,15
5983.615,1,6002.221,1788504079.6628087,16,b01-o15-nano-c16,,8,False,361.027,llama3.2:1b,etri-dev0001-jetorn,ACTIVE,5622.588,4d5bf4af-0f39-423f-b46d-7a19bbb1e4f0,Edge computing reduces latency by processing data closer,nano,15,12.0,ok,nano,1788504073.66059,26.519,5676.049,15
5976.613,1,5986.217,1788504080.0256648,16,b01-o15-nano-c16,,8,False,363.097,llama3.2:1b,etri-dev0001-jetorn,ACTIVE,5613.516,77e69c6d-3200-4484-9593-cc11f929dda5,Edge computing reduces latency by processing data closer,nano,15,12.0,ok,nano,1788504074.0394483,26.905,5680.698,15
5973.945,1,5984.029,1788504080.385868,16,b01-o15-nano-c16,,8,False,359.079,llama3.2:1b,etri-dev0001-jetorn,ACTIVE,5614.866,1cb037ac-3e2b-40bc-84bb-4b1756f0750a,Edge computing reduces latency by processing data closer,nano,15,12.0,ok,nano,1788504074.4018424,25.92,5666.062,15
209.052,1,212.431,1788504083.6456144,1,b01-o16-spark-c1,,8,False,209.048,llama3.2:1b,etri-ser0002-cgnmsb,ACTIVE,0.003,4f17f08a-407a-47ce-8239-c509a89c27b5,Edge computing reduces latency by processing data closer,spark,16,12.0,ok,spark,1788504083.4331865,44.789,29.707,16
204.483,1,207.356,1788504083.8530498,1,b01-o16-spark-c1,,8,False,204.481,llama3.2:1b,etri-ser0002-cgnmsb,ACTIVE,0.002,21a143bf-c2a3-45be-b7e9-51a7eda50566,Edge computing reduces latency by processing data closer,spark,16,12.0,ok,spark,1788504083.6456957,45.538,28.199,16
205.354,1,207.985,1788504084.061089,1,b01-o16-spark-c1,,8,False,205.351,llama3.2:1b,etri-ser0002-cgnmsb,ACTIVE,0.003,9a87f839-3133-4f8b-87ab-663e928ca0b5,Edge computing reduces latency by processing data closer,spark,16,12.0,ok,spark,1788504083.8531067,45.43,27.228,16
207.784,1,214.165,1788504084.2753313,1,b01-o16-spark-c1,,8,False,207.77,llama3.2:1b,etri-ser0002-cgnmsb,ACTIVE,0.013,d2db1dcf-50f0-420f-b88f-2936b9e8a5f8,Edge computing reduces latency by processing data closer,spark,16,12.0,ok,spark,1788504084.0611696,45.975,32.541,16
209.934,1,216.316,1788504084.49174,1,b01-o16-spark-c1,,8,False,209.921,llama3.2:1b,etri-ser0002-cgnmsb,ACTIVE,0.013,f806350e-aae4-4e82-b76d-8352bae0e09e,Edge computing reduces latency by processing data closer,spark,16,12.0,ok,spark,1788504084.2754273,45.511,31.783,16
205.795,1,211.59,1788504084.7034113,1,b01-o16-spark-c1,,8,False,205.782,llama3.2:1b,etri-ser0002-cgnmsb,ACTIVE,0.013,14d4018c-0889-4f00-b5f6-2ed446e5b5df,Edge computing reduces latency by processing data closer,spark,16,12.0,ok,spark,1788504084.491823,46.093,30.876,16
204.079,1,206.839,1788504084.9102945,1,b01-o16-spark-c1,,8,False,204.076,llama3.2:1b,etri-ser0002-cgnmsb,ACTIVE,0.003,5ce068b5-c286-4d66-89f1-6c28f72a3d31,Edge computing reduces latency by processing data closer,spark,16,12.0,ok,spark,1788504084.703459,45.807,28.867,16
203.591,1,206.009,1788504085.1163943,1,b01-o16-spark-c1,,8,False,203.588,llama3.2:1b,etri-ser0002-cgnmsb,ACTIVE,0.002,af9cb614-96df-4abb-beb9-f6a6fa45aac5,Edge computing reduces latency by processing data closer,spark,16,12.0,ok,spark,1788504084.9103856,45.71,27.811,16
204.223,1,207.12,1788504085.3235362,1,b01-o16-spark-c1,,8,False,204.22,llama3.2:1b,etri-ser0002-cgnmsb,ACTIVE,0.003,eef3df1c-269f-46a4-9c4f-0ad8b269b6c5,Edge computing reduces latency by processing data closer,spark,16,12.0,ok,spark,1788504085.1164198,45.865,27.639,16
203.78,1,209.546,1788504085.5331695,1,b01-o16-spark-c1,,8,False,203.768,llama3.2:1b,etri-ser0002-cgnmsb,ACTIVE,0.012,6c74ac1e-2042-4471-992b-46996b0b9621,Edge computing reduces latency by processing data closer,spark,16,12.0,ok,spark,1788504085.3236268,45.707,28.145,16
204.728,1,207.491,1788504085.7407806,1,b01-o16-spark-c1,,8,False,204.725,llama3.2:1b,etri-ser0002-cgnmsb,ACTIVE,0.003,0d3478ce-4290-4ea2-9a2c-8760e7d237ec,Edge computing reduces latency by processing data closer,spark,16,12.0,ok,spark,1788504085.5332904,45.928,28.121,16
205.356,1,211.09,1788504085.9518898,1,b01-o16-spark-c1,,8,False,205.342,llama3.2:1b,etri-ser0002-cgnmsb,ACTIVE,0.014,c630d75d-22a8-4364-8dfc-9eb1798748bf,Edge computing reduces latency by processing data closer,spark,16,12.0,ok,spark,1788504085.7408032,46.034,29.754,16
204.998,1,209.739,1788504086.1617153,1,b01-o16-spark-c1,,8,False,204.985,llama3.2:1b,etri-ser0002-cgnmsb,ACTIVE,0.012,83681a7c-65e9-4a6e-bf92-9477636918ab,Edge computing reduces latency by processing data closer,spark,16,12.0,ok,spark,1788504085.9519784,45.994,31.258,16
202.093,1,205.451,1788504086.367231,1,b01-o16-spark-c1,,8,False,202.089,llama3.2:1b,etri-ser0002-cgnmsb,ACTIVE,0.004,9440404d-9965-4457-8b48-fbd364f1eba5,Edge computing reduces latency by processing data closer,spark,16,12.0,ok,spark,1788504086.1617844,46.172,28.449,16
205.996,1,210.157,1788504086.577496,1,b01-o16-spark-c1,,8,False,205.988,llama3.2:1b,etri-ser0002-cgnmsb,ACTIVE,0.008,f7f1874a-20da-4edd-813f-22c256345e4d,Edge computing reduces latency by processing data closer,spark,16,12.0,ok,spark,1788504086.367343,45.978,30.406,16
200.889,1,204.612,1788504086.7821944,1,b01-o16-spark-c1,,8,False,200.886,llama3.2:1b,etri-ser0002-cgnmsb,ACTIVE,0.003,5a09a0f1-bbe7-487e-9bbb-edbd9e3a5cf9,Edge computing reduces latency by processing data closer,spark,16,12.0,ok,spark,1788504086.5775857,46.415,27.533,16
209.326,1,215.091,1788504086.9973829,1,b01-o16-spark-c1,,8,False,209.312,llama3.2:1b,etri-ser0002-cgnmsb,ACTIVE,0.013,15acea7a-62bd-4fe4-8db8-4558d565689c,Edge computing reduces latency by processing data closer,spark,16,12.0,ok,spark,1788504086.7822933,45.384,31.769,16
205.954,1,209.594,1788504087.206999,1,b01-o16-spark-c1,,8,False,205.946,llama3.2:1b,etri-ser0002-cgnmsb,ACTIVE,0.008,ab61dfb1-8463-467a-82fa-736619284eb2,Edge computing reduces latency by processing data closer,spark,16,12.0,ok,spark,1788504086.9974065,45.989,29.863,16
207.761,1,211.551,1788504087.4185731,1,b01-o16-spark-c1,,8,False,207.758,llama3.2:1b,etri-ser0002-cgnmsb,ACTIVE,0.003,59bda40b-4618-4198-9c48-89dda6d0159c,Edge computing reduces latency by processing data closer,spark,16,12.0,ok,spark,1788504087.207023,46.0,32.148,16
206.175,1,211.794,1788504087.6303883,1,b01-o16-spark-c1,,8,False,206.161,llama3.2:1b,etri-ser0002-cgnmsb,ACTIVE,0.013,dd046f75-b845-4d69-a668-8b508080c62c,Edge computing reduces latency by processing data closer,spark,16,12.0,ok,spark,1788504087.418598,45.907,31.634,16
204.06,1,207.157,1788504087.8376336,1,b01-o16-spark-c1,,8,False,204.057,llama3.2:1b,etri-ser0002-cgnmsb,ACTIVE,0.003,d08b1ac8-741b-4572-bf48-2a3dbaa51d52,Edge computing reduces latency by processing data closer,spark,16,12.0,ok,spark,1788504087.6304798,46.033,27.351,16
205.693,1,212.167,1788504088.0498726,1,b01-o16-spark-c1,,8,False,205.68,llama3.2:1b,etri-ser0002-cgnmsb,ACTIVE,0.014,7346342b-8d41-4428-8608-f2cafffe9228,Edge computing reduces latency by processing data closer,spark,16,12.0,ok,spark,1788504087.837709,46.108,31.543,16
204.393,1,207.835,1788504088.257793,1,b01-o16-spark-c1,,8,False,204.39,llama3.2:1b,etri-ser0002-cgnmsb,ACTIVE,0.003,90eef297-e521-45bf-88b3-4dcdafca8422,Edge computing reduces latency by processing data closer,spark,16,12.0,ok,spark,1788504088.0499618,46.073,28.389,16
206.528,1,212.876,1788504088.4707549,1,b01-o16-spark-c1,,8,False,206.515,llama3.2:1b,etri-ser0002-cgnmsb,ACTIVE,0.013,57aef088-6851-4ab5-9ee6-ba1aaa0ecfd7,Edge computing reduces latency by processing data closer,spark,16,12.0,ok,spark,1788504088.2578828,46.085,31.887,16
206.355,1,213.01,1788504088.683851,1,b01-o16-spark-c1,,8,False,206.342,llama3.2:1b,etri-ser0002-cgnmsb,ACTIVE,0.013,0393d7ae-b31c-4517-84ed-951b56685c5d,Edge computing reduces latency by processing data closer,spark,16,12.0,ok,spark,1788504088.4708457,45.841,32.038,16
203.637,1,206.756,1788504088.890718,1,b01-o16-spark-c1,,8,False,203.635,llama3.2:1b,etri-ser0002-cgnmsb,ACTIVE,0.003,02891d2e-7de5-43fd-aa9f-b0d95125ba37,Edge computing reduces latency by processing data closer,spark,16,12.0,ok,spark,1788504088.6839647,45.976,27.434,16
206.289,1,211.899,1788504089.1027062,1,b01-o16-spark-c1,,8,False,206.277,llama3.2:1b,etri-ser0002-cgnmsb,ACTIVE,0.012,cef68b67-ba0c-4e1b-bc4d-fd39d5f2f26c,Edge computing reduces latency by processing data closer,spark,16,12.0,ok,spark,1788504088.8908074,46.115,30.778,16
207.207,1,213.158,1788504089.3158848,1,b01-o16-spark-c1,,8,False,207.194,llama3.2:1b,etri-ser0002-cgnmsb,ACTIVE,0.013,9bf49f21-e724-4169-99aa-7f9ebfa085e4,Edge computing reduces latency by processing data closer,spark,16,12.0,ok,spark,1788504089.1027288,46.25,32.232,16
206.09,1,211.37,1788504089.5273004,1,b01-o16-spark-c1,,8,False,206.077,llama3.2:1b,etri-ser0002-cgnmsb,ACTIVE,0.013,1aab9976-b989-48fb-83e9-3ca53e91e44b,Edge computing reduces latency by processing data closer,spark,16,12.0,ok,spark,1788504089.3159344,45.973,31.305,16
206.343,1,211.71,1788504089.7391102,1,b01-o16-spark-c1,,8,False,206.329,llama3.2:1b,etri-ser0002-cgnmsb,ACTIVE,0.013,d0f613e4-1d22-4c66-b619-efe6af64df89,Edge computing reduces latency by processing data closer,spark,16,12.0,ok,spark,1788504089.5274003,46.092,33.169,16
202.478,1,204.967,1788504089.9440968,1,b01-o16-spark-c1,,8,False,202.476,llama3.2:1b,etri-ser0002-cgnmsb,ACTIVE,0.002,2439cb58-e316-435a-844e-69bb66953e82,Edge computing reduces latency by processing data closer,spark,16,12.0,ok,spark,1788504089.7391334,46.073,27.393,16
206.799,1,213.215,1788504090.1573982,1,b01-o16-spark-c1,,8,False,206.786,llama3.2:1b,etri-ser0002-cgnmsb,ACTIVE,0.013,1c4184c3-bd95-4ed2-ad97-dff4b4c5e8f5,Edge computing reduces latency by processing data closer,spark,16,12.0,ok,spark,1788504089.9441862,46.124,31.904,16
204.554,1,210.022,1788504090.3675065,1,b01-o16-spark-c1,,8,False,204.549,llama3.2:1b,etri-ser0002-cgnmsb,ACTIVE,0.005,0a5f2db6-33af-466d-918a-d39c05fbe493,Edge computing reduces latency by processing data closer,spark,16,12.0,ok,spark,1788504090.157487,46.096,28.962,16
206.104,1,212.336,1788504090.5799227,1,b01-o16-spark-c1,,8,False,206.09,llama3.2:1b,etri-ser0002-cgnmsb,ACTIVE,0.014,5f1e5995-b258-4f37-af49-902cd5482227,Edge computing reduces latency by processing data closer,spark,16,12.0,ok,spark,1788504090.36759,46.181,31.17,16
206.969,1,212.719,1788504090.7927322,1,b01-o16-spark-c1,,8,False,206.955,llama3.2:1b,etri-ser0002-cgnmsb,ACTIVE,0.014,ec71c22d-90c0-4143-a094-40e4e2c2c234,Edge computing reduces latency by processing data closer,spark,16,12.0,ok,spark,1788504090.5800133,45.99,32.225,16
204.456,1,206.651,1788504090.9994059,1,b01-o16-spark-c1,,8,False,204.454,llama3.2:1b,etri-ser0002-cgnmsb,ACTIVE,0.003,9faa2460-e1c7-4a60-80ce-039ab2d2f3ca,Edge computing reduces latency by processing data closer,spark,16,12.0,ok,spark,1788504090.7927563,45.619,28.813,16
204.269,1,206.543,1788504091.2059705,1,b01-o16-spark-c1,,8,False,204.266,llama3.2:1b,etri-ser0002-cgnmsb,ACTIVE,0.003,cce2759d-ffce-4ae6-b85f-d9c34337470d,Edge computing reduces latency by processing data closer,spark,16,12.0,ok,spark,1788504090.9994285,45.803,27.206,16
207.404,1,212.953,1788504091.4189444,1,b01-o16-spark-c1,,8,False,207.389,llama3.2:1b,etri-ser0002-cgnmsb,ACTIVE,0.015,0f8c7937-2115-4480-b1bd-173af67a7c72,Edge computing reduces latency by processing data closer,spark,16,12.0,ok,spark,1788504091.2059925,45.661,32.359,16
205.006,1,207.704,1788504091.6266713,1,b01-o16-spark-c1,,8,False,205.004,llama3.2:1b,etri-ser0002-cgnmsb,ACTIVE,0.003,7ce5a997-6533-4b25-91bb-f4509c3c8e6d,Edge computing reduces latency by processing data closer,spark,16,12.0,ok,spark,1788504091.4189742,45.284,27.686,16
203.214,1,206.12,1788504091.8329015,1,b01-o16-spark-c1,,8,False,203.211,llama3.2:1b,etri-ser0002-cgnmsb,ACTIVE,0.003,8a3a15e3-75f9-4e57-bd12-cecf89f90972,Edge computing reduces latency by processing data closer,spark,16,12.0,ok,spark,1788504091.6267843,45.739,27.517,16
204.465,1,207.364,1788504092.0403302,1,b01-o16-spark-c1,,8,False,204.463,llama3.2:1b,etri-ser0002-cgnmsb,ACTIVE,0.002,a74cfc1a-33e0-4bbe-9bc0-9bb7731444a9,Edge computing reduces latency by processing data closer,spark,16,12.0,ok,spark,1788504091.8329694,45.978,28.215,16
206.307,1,212.548,1788504092.2529602,1,b01-o16-spark-c1,,8,False,206.294,llama3.2:1b,etri-ser0002-cgnmsb,ACTIVE,0.013,7546e1f4-3947-4b05-a354-02b53eb1430c,Edge computing reduces latency by processing data closer,spark,16,12.0,ok,spark,1788504092.0404162,45.932,31.165,16
204.607,1,208.322,1788504092.4613702,1,b01-o16-spark-c1,,8,False,204.601,llama3.2:1b,etri-ser0002-cgnmsb,ACTIVE,0.006,34ef8da6-c820-4655-8f76-4d4300e53a04,Edge computing reduces latency by processing data closer,spark,16,12.0,ok,spark,1788504092.2530503,45.976,29.319,16
205.862,1,211.036,1788504092.672474,1,b01-o16-spark-c1,,8,False,205.853,llama3.2:1b,etri-ser0002-cgnmsb,ACTIVE,0.009,ddf92699-dbbd-4c78-8bfc-73a8d6b19e85,Edge computing reduces latency by processing data closer,spark,16,12.0,ok,spark,1788504092.461442,45.83,31.51,16
201.166,1,203.813,1788504092.876417,1,b01-o16-spark-c1,,8,False,201.164,llama3.2:1b,etri-ser0002-cgnmsb,ACTIVE,0.003,79c4ce8a-521d-492f-aa7d-707968df197a,Edge computing reduces latency by processing data closer,spark,16,12.0,ok,spark,1788504092.6726081,46.06,27.143,16
202.48,1,205.827,1788504093.0823536,1,b01-o16-spark-c1,,8,False,202.477,llama3.2:1b,etri-ser0002-cgnmsb,ACTIVE,0.003,c9c53962-a48d-4f22-846f-1acb18b192f2,Edge computing reduces latency by processing data closer,spark,16,12.0,ok,spark,1788504092.8765273,46.268,27.844,16
207.665,1,211.791,1788504093.294169,1,b01-o16-spark-c1,,8,False,207.663,llama3.2:1b,etri-ser0002-cgnmsb,ACTIVE,0.002,5ed8161c-fa52-408c-88d7-7b804daa1a86,Edge computing reduces latency by processing data closer,spark,16,12.0,ok,spark,1788504093.0823824,46.007,31.647,16
204.313,1,210.338,1788504093.5046356,1,b01-o16-spark-c1,,8,False,204.299,llama3.2:1b,etri-ser0002-cgnmsb,ACTIVE,0.013,c6181a94-5049-4286-9cef-13ba696df253,Edge computing reduces latency by processing data closer,spark,16,12.0,ok,spark,1788504093.2943013,45.941,29.679,16
202.514,1,205.399,1788504093.7101407,1,b01-o16-spark-c1,,8,False,202.512,llama3.2:1b,etri-ser0002-cgnmsb,ACTIVE,0.003,ab7ea417-ff96-428e-92cc-552e4ff52b36,Edge computing reduces latency by processing data closer,spark,16,12.0,ok,spark,1788504093.5047448,45.969,27.713,16
202.371,1,205.834,1788504093.9161038,1,b01-o16-spark-c1,,8,False,202.366,llama3.2:1b,etri-ser0002-cgnmsb,ACTIVE,0.005,7793bd30-f780-4fc6-a31f-6ae3258e89f5,Edge computing reduces latency by processing data closer,spark,16,12.0,ok,spark,1788504093.7102735,46.089,28.547,16
202.587,1,205.422,1788504094.1216981,1,b01-o16-spark-c1,,8,False,202.585,llama3.2:1b,etri-ser0002-cgnmsb,ACTIVE,0.003,5f1ce370-b204-4782-9604-9ea200cc9436,Edge computing reduces latency by processing data closer,spark,16,12.0,ok,spark,1788504093.9162772,46.189,27.879,16
206.207,1,211.892,1788504094.3336115,1,b01-o16-spark-c1,,8,False,206.193,llama3.2:1b,etri-ser0002-cgnmsb,ACTIVE,0.013,5eae5ccb-b602-4fca-a547-1de96fc6be34,Edge computing reduces latency by processing data closer,spark,16,12.0,ok,spark,1788504094.121723,46.175,31.709,16
206.271,1,212.513,1788504094.5462127,1,b01-o16-spark-c1,,8,False,206.257,llama3.2:1b,etri-ser0002-cgnmsb,ACTIVE,0.014,e259f1cf-4b21-41cd-9644-0d771e9944db,Edge computing reduces latency by processing data closer,spark,16,12.0,ok,spark,1788504094.3337014,46.548,32.311,16
204.781,1,210.608,1788504094.7568674,1,b01-o16-spark-c1,,8,False,204.767,llama3.2:1b,etri-ser0002-cgnmsb,ACTIVE,0.013,23f566d8-d653-4b04-8b7b-3bd2d1d50518,Edge computing reduces latency by processing data closer,spark,16,12.0,ok,spark,1788504094.5462632,46.175,31.17,16
201.582,1,204.815,1788504094.961769,1,b01-o16-spark-c1,,8,False,201.579,llama3.2:1b,etri-ser0002-cgnmsb,ACTIVE,0.003,fc0123d3-2a4a-4ed2-96f3-43d4d9fa926b,Edge computing reduces latency by processing data closer,spark,16,12.0,ok,spark,1788504094.7569575,46.049,27.91,16
203.774,1,206.784,1788504095.1686416,1,b01-o16-spark-c1,,8,False,203.772,llama3.2:1b,etri-ser0002-cgnmsb,ACTIVE,0.003,85023f86-8832-494f-ac84-0afa8278390e,Edge computing reduces latency by processing data closer,spark,16,12.0,ok,spark,1788504094.9618611,46.177,28.575,16
204.895,1,211.694,1788504095.3804228,1,b01-o16-spark-c1,,8,False,204.881,llama3.2:1b,etri-ser0002-cgnmsb,ACTIVE,0.014,ca22ec54-176a-4cbb-9dc9-104f8e47ae26,Edge computing reduces latency by processing data closer,spark,16,12.0,ok,spark,1788504095.1687322,46.315,30.044,16
206.0,1,212.081,1788504095.5925992,1,b01-o16-spark-c1,,8,False,205.987,llama3.2:1b,etri-ser0002-cgnmsb,ACTIVE,0.014,7b487d46-2960-4471-beee-97d829c88014,Edge computing reduces latency by processing data closer,spark,16,12.0,ok,spark,1788504095.3805182,46.413,31.72,16
247.218,1,253.464,1788504098.8701646,1,b01-o17-agx-c1,,8,False,247.209,llama3.2:1b,etri-ser0001-cg0msb,ACTIVE,0.01,101403e1-dc7a-4efd-85a5-49ceb266e4f4,Edge computing reduces latency by processing data closer,agx,17,12.0,ok,agx,1788504098.6167006,42.474,59.336,17
217.873,1,219.613,1788504099.0898006,1,b01-o17-agx-c1,,8,False,217.869,llama3.2:1b,etri-ser0001-cg0msb,ACTIVE,0.004,a12a4b2a-c300-46f7-adfa-341663d2bcfd,Edge computing reduces latency by processing data closer,agx,17,12.0,ok,agx,1788504098.8701897,42.401,28.951,17
214.137,1,216.028,1788504099.3058643,1,b01-o17-agx-c1,,8,False,214.133,llama3.2:1b,etri-ser0001-cg0msb,ACTIVE,0.004,c3cdb6a1-02f2-436e-a004-5fa356e6a533,Edge computing reduces latency by processing data closer,agx,17,12.0,ok,agx,1788504099.0898385,43.284,29.121,17
208.912,1,210.769,1788504099.5166662,1,b01-o17-agx-c1,,8,False,208.908,llama3.2:1b,etri-ser0001-cg0msb,ACTIVE,0.004,77b655b9-c154-4baa-adf1-8eec043d22d4,Edge computing reduces latency by processing data closer,agx,17,12.0,ok,agx,1788504099.3058987,44.336,28.182,17
207.984,1,209.785,1788504099.7264864,1,b01-o17-agx-c1,,8,False,207.98,llama3.2:1b,etri-ser0001-cg0msb,ACTIVE,0.004,091c0408-89af-425f-b9ce-431774babe0e,Edge computing reduces latency by processing data closer,agx,17,12.0,ok,agx,1788504099.5167038,44.388,27.512,17
208.439,1,210.371,1788504099.9368892,1,b01-o17-agx-c1,,8,False,208.435,llama3.2:1b,etri-ser0001-cg0msb,ACTIVE,0.004,cddeab16-0f82-4678-af46-b94834b305ea,Edge computing reduces latency by processing data closer,agx,17,12.0,ok,agx,1788504099.7265203,44.706,29.281,17
207.7,1,209.674,1788504100.146596,1,b01-o17-agx-c1,,8,False,207.696,llama3.2:1b,etri-ser0001-cg0msb,ACTIVE,0.004,a61fc093-7b9a-4552-9e88-364b3114492f,Edge computing reduces latency by processing data closer,agx,17,12.0,ok,agx,1788504099.9369242,44.559,27.898,17
198.943,1,200.794,1788504100.3474224,1,b01-o17-agx-c1,,8,False,198.939,llama3.2:1b,etri-ser0001-cg0msb,ACTIVE,0.004,bd2a6ca0-446d-4640-938a-eae026ee07ff,Edge computing reduces latency by processing data closer,agx,17,12.0,ok,agx,1788504100.1466308,46.577,26.947,17
200.245,1,202.126,1788504100.5495815,1,b01-o17-agx-c1,,8,False,200.241,llama3.2:1b,etri-ser0001-cg0msb,ACTIVE,0.004,33db652e-4f96-4392-baf6-2f9261b450a2,Edge computing reduces latency by processing data closer,agx,17,12.0,ok,agx,1788504100.3474576,46.203,26.846,17
200.476,1,202.339,1788504100.7519534,1,b01-o17-agx-c1,,8,False,200.472,llama3.2:1b,etri-ser0001-cg0msb,ACTIVE,0.004,b3f34205-e9ef-4ddd-a50c-005366a0e0de,Edge computing reduces latency by processing data closer,agx,17,12.0,ok,agx,1788504100.5496166,46.239,27.359,17
206.161,1,207.898,1788504100.959885,1,b01-o17-agx-c1,,8,False,206.157,llama3.2:1b,etri-ser0001-cg0msb,ACTIVE,0.004,f5e28345-d749-46de-aa5e-9b9b03211c2e,Edge computing reduces latency by processing data closer,agx,17,12.0,ok,agx,1788504100.7519894,45.031,28.215,17
206.752,1,208.662,1788504101.1685789,1,b01-o17-agx-c1,,8,False,206.748,llama3.2:1b,etri-ser0001-cg0msb,ACTIVE,0.004,55636b7a-f11a-4ec9-b468-843f68967207,Edge computing reduces latency by processing data closer,agx,17,12.0,ok,agx,1788504100.95992,44.757,27.771,17
205.863,1,207.737,1788504101.3763518,1,b01-o17-agx-c1,,8,False,205.86,llama3.2:1b,etri-ser0001-cg0msb,ACTIVE,0.004,75c0e0c0-916c-42f6-9677-1c9ab1cf555c,Edge computing reduces latency by processing data closer,agx,17,12.0,ok,agx,1788504101.1686172,44.851,27.346,17
203.914,1,205.733,1788504101.5821187,1,b01-o17-agx-c1,,8,False,203.911,llama3.2:1b,etri-ser0001-cg0msb,ACTIVE,0.004,347440b5-239f-4ebe-a272-6584d6483365,Edge computing reduces latency by processing data closer,agx,17,12.0,ok,agx,1788504101.3763874,45.614,28.294,17
212.025,1,214.026,1788504101.796179,1,b01-o17-agx-c1,,8,False,212.02,llama3.2:1b,etri-ser0001-cg0msb,ACTIVE,0.004,47060eac-ced8-46df-8c5d-d1522be75810,Edge computing reduces latency by processing data closer,agx,17,12.0,ok,agx,1788504101.582155,43.248,26.803,17
207.422,1,209.331,1788504102.005543,1,b01-o17-agx-c1,,8,False,207.417,llama3.2:1b,etri-ser0001-cg0msb,ACTIVE,0.004,b0b044fb-abbc-4ba2-963b-0418136255b9,Edge computing reduces latency by processing data closer,agx,17,12.0,ok,agx,1788504101.7962139,44.947,29.2,17
207.575,1,209.395,1788504102.2149715,1,b01-o17-agx-c1,,8,False,207.571,llama3.2:1b,etri-ser0001-cg0msb,ACTIVE,0.004,387c6b0a-bbc6-403c-b84d-31f57088f7cb,Edge computing reduces latency by processing data closer,agx,17,12.0,ok,agx,1788504102.0055788,44.381,27.07,17
198.562,1,200.467,1788504102.415471,1,b01-o17-agx-c1,,8,False,198.558,llama3.2:1b,etri-ser0001-cg0msb,ACTIVE,0.004,87991a3e-db4d-4671-a936-a8a7f2c5c280,Edge computing reduces latency by processing data closer,agx,17,12.0,ok,agx,1788504102.2150068,46.599,26.58,17
206.796,1,208.7,1788504102.6242037,1,b01-o17-agx-c1,,8,False,206.792,llama3.2:1b,etri-ser0001-cg0msb,ACTIVE,0.004,03d52944-c1da-4e3a-afa1-cd37a069184d,Edge computing reduces latency by processing data closer,agx,17,12.0,ok,agx,1788504102.415506,44.683,27.409,17
202.107,1,204.028,1788504102.8282702,1,b01-o17-agx-c1,,8,False,202.103,llama3.2:1b,etri-ser0001-cg0msb,ACTIVE,0.004,9d4f3dc5-41b5-4edb-88ae-1ff5533bf8ce,Edge computing reduces latency by processing data closer,agx,17,12.0,ok,agx,1788504102.624245,45.797,27.277,17
208.974,1,210.82,1788504103.0391266,1,b01-o17-agx-c1,,8,False,208.97,llama3.2:1b,etri-ser0001-cg0msb,ACTIVE,0.004,3683b2fb-ca55-4a92-98fb-db3e4216ac28,Edge computing reduces latency by processing data closer,agx,17,12.0,ok,agx,1788504102.8283093,44.096,27.263,17
212.88,1,214.779,1788504103.2539382,1,b01-o17-agx-c1,,8,False,212.875,llama3.2:1b,etri-ser0001-cg0msb,ACTIVE,0.005,2c553b7e-3aac-462b-a2cb-a0622801b416,Edge computing reduces latency by processing data closer,agx,17,12.0,ok,agx,1788504103.039162,44.225,31.752,17
200.429,1,202.306,1788504103.4562776,1,b01-o17-agx-c1,,8,False,200.425,llama3.2:1b,etri-ser0001-cg0msb,ACTIVE,0.004,5b7a0894-297a-46ff-a7b2-aa613c7d0084,Edge computing reduces latency by processing data closer,agx,17,12.0,ok,agx,1788504103.2539732,46.239,27.115,17
201.285,1,203.106,1788504103.6594174,1,b01-o17-agx-c1,,8,False,201.283,llama3.2:1b,etri-ser0001-cg0msb,ACTIVE,0.002,23f1b21a-9b7c-4cb8-bd3c-a476e533fe4a,Edge computing reduces latency by processing data closer,agx,17,12.0,ok,agx,1788504103.4563134,46.094,27.482,17
212.266,1,214.098,1788504103.8735492,1,b01-o17-agx-c1,,8,False,212.262,llama3.2:1b,etri-ser0001-cg0msb,ACTIVE,0.004,3d722acc-2a65-4d5e-b3fd-5095f0fb519b,Edge computing reduces latency by processing data closer,agx,17,12.0,ok,agx,1788504103.6594536,43.821,29.544,17
204.353,1,206.179,1788504104.0797603,1,b01-o17-agx-c1,,8,False,204.351,llama3.2:1b,etri-ser0001-cg0msb,ACTIVE,0.002,a8392b79-d170-43de-9de9-c5334911af1f,Edge computing reduces latency by processing data closer,agx,17,12.0,ok,agx,1788504103.873584,45.547,28.432,17
203.445,1,205.236,1788504104.2850294,1,b01-o17-agx-c1,,8,False,203.442,llama3.2:1b,etri-ser0001-cg0msb,ACTIVE,0.002,e708b4d4-89f0-4706-96ac-bf9cbf681052,Edge computing reduces latency by processing data closer,agx,17,12.0,ok,agx,1788504104.0797951,45.799,28.693,17
201.587,1,203.407,1788504104.488472,1,b01-o17-agx-c1,,8,False,201.583,llama3.2:1b,etri-ser0001-cg0msb,ACTIVE,0.004,6440f151-7288-476f-8bba-ca6dba6bf4ae,Edge computing reduces latency by processing data closer,agx,17,12.0,ok,agx,1788504104.2850676,45.911,27.035,17
200.087,1,201.9,1788504104.6904051,1,b01-o17-agx-c1,,8,False,200.083,llama3.2:1b,etri-ser0001-cg0msb,ACTIVE,0.004,1dcfc5c2-d073-49ed-af97-9aa9bd87b818,Edge computing reduces latency by processing data closer,agx,17,12.0,ok,agx,1788504104.4885068,46.273,26.898,17
202.479,1,204.31,1788504104.8947465,1,b01-o17-agx-c1,,8,False,202.475,llama3.2:1b,etri-ser0001-cg0msb,ACTIVE,0.004,04c3e5d6-af4b-43f3-abd3-3b338007de18,Edge computing reduces latency by processing data closer,agx,17,12.0,ok,agx,1788504104.6904387,45.894,27.927,17
225.23,1,227.22,1788504105.1219993,1,b01-o17-agx-c1,,8,False,225.225,llama3.2:1b,etri-ser0001-cg0msb,ACTIVE,0.005,c78eaecc-05a5-428f-9081-45522a914a95,Edge computing reduces latency by processing data closer,agx,17,12.0,ok,agx,1788504104.8947814,40.947,29.58,17
228.261,1,230.166,1788504105.3521974,1,b01-o17-agx-c1,,8,False,228.257,llama3.2:1b,etri-ser0001-cg0msb,ACTIVE,0.004,b3fad244-f598-4547-9174-3430789a242c,Edge computing reduces latency by processing data closer,agx,17,12.0,ok,agx,1788504105.1220338,40.531,32.032,17
220.129,1,222.02,1788504105.5742497,1,b01-o17-agx-c1,,8,False,220.125,llama3.2:1b,etri-ser0001-cg0msb,ACTIVE,0.004,1850b6b2-fbb8-44d3-814f-7e62c2bc539c,Edge computing reduces latency by processing data closer,agx,17,12.0,ok,agx,1788504105.352232,41.873,28.835,17
226.27,1,228.113,1788504105.8023963,1,b01-o17-agx-c1,,8,False,226.266,llama3.2:1b,etri-ser0001-cg0msb,ACTIVE,0.004,e1d150ed-bc4d-4a1e-becd-26c33766dbc7,Edge computing reduces latency by processing data closer,agx,17,12.0,ok,agx,1788504105.574285,40.804,30.058,17
219.747,1,221.156,1788504106.0235825,1,b01-o17-agx-c1,,8,False,219.745,llama3.2:1b,etri-ser0001-cg0msb,ACTIVE,0.002,64297329-cc02-44a3-a5ea-d21014a3601c,Edge computing reduces latency by processing data closer,agx,17,12.0,ok,agx,1788504105.802429,42.136,29.701,17
215.058,1,216.824,1788504106.2404387,1,b01-o17-agx-c1,,8,False,215.055,llama3.2:1b,etri-ser0001-cg0msb,ACTIVE,0.002,1b7a1bc9-af7f-49e0-8c73-d7db3f5425b1,Edge computing reduces latency by processing data closer,agx,17,12.0,ok,agx,1788504106.0236168,43.258,29.911,17
206.796,1,208.688,1788504106.4491587,1,b01-o17-agx-c1,,8,False,206.792,llama3.2:1b,etri-ser0001-cg0msb,ACTIVE,0.004,be144788-a067-4755-8892-50f386aa0e88,Edge computing reduces latency by processing data closer,agx,17,12.0,ok,agx,1788504106.240473,44.735,27.699,17
210.587,1,212.586,1788504106.6617773,1,b01-o17-agx-c1,,8,False,210.583,llama3.2:1b,etri-ser0001-cg0msb,ACTIVE,0.004,15845cbb-5a6b-4af0-9f34-4de218c7f649,Edge computing reduces latency by processing data closer,agx,17,12.0,ok,agx,1788504106.4491935,43.64,27.036,17
218.473,1,220.299,1788504106.8821084,1,b01-o17-agx-c1,,8,False,218.469,llama3.2:1b,etri-ser0001-cg0msb,ACTIVE,0.004,bf99dcf5-6771-4387-90e9-19febe781fc2,Edge computing reduces latency by processing data closer,agx,17,12.0,ok,agx,1788504106.661812,42.385,29.364,17
219.869,1,221.771,1788504107.1039116,1,b01-o17-agx-c1,,8,False,219.867,llama3.2:1b,etri-ser0001-cg0msb,ACTIVE,0.003,b57dd43d-c4ca-4b57-a4c2-0b8ae9608784,Edge computing reduces latency by processing data closer,agx,17,12.0,ok,agx,1788504106.8821435,42.049,29.442,17
205.689,1,207.55,1788504107.3114967,1,b01-o17-agx-c1,,8,False,205.685,llama3.2:1b,etri-ser0001-cg0msb,ACTIVE,0.004,0f3e6c86-6587-4450-a11b-30df52438095,Edge computing reduces latency by processing data closer,agx,17,12.0,ok,agx,1788504107.103949,45.096,28.12,17
200.823,1,202.759,1788504107.514287,1,b01-o17-agx-c1,,8,False,200.819,llama3.2:1b,etri-ser0001-cg0msb,ACTIVE,0.004,3326f67f-73a6-45d5-b134-759ddd3b25e4,Edge computing reduces latency by processing data closer,agx,17,12.0,ok,agx,1788504107.3115299,46.045,26.848,17
203.425,1,205.337,1788504107.719659,1,b01-o17-agx-c1,,8,False,203.421,llama3.2:1b,etri-ser0001-cg0msb,ACTIVE,0.004,66294cbc-bca2-4094-9dc4-967eabd09741,Edge computing reduces latency by processing data closer,agx,17,12.0,ok,agx,1788504107.5143244,45.432,27.065,17
202.953,1,204.87,1788504107.9245622,1,b01-o17-agx-c1,,8,False,202.949,llama3.2:1b,etri-ser0001-cg0msb,ACTIVE,0.004,1d3c7c13-69fd-4d11-a9fc-c22be00fe9ad,Edge computing reduces latency by processing data closer,agx,17,12.0,ok,agx,1788504107.7196949,45.883,28.371,17
209.155,1,211.033,1788504108.1356282,1,b01-o17-agx-c1,,8,False,209.151,llama3.2:1b,etri-ser0001-cg0msb,ACTIVE,0.004,be9f587f-2357-4a32-b5d2-d03575ece553,Edge computing reduces latency by processing data closer,agx,17,12.0,ok,agx,1788504107.9245975,44.035,27.194,17
201.25,1,203.008,1788504108.3386686,1,b01-o17-agx-c1,,8,False,201.247,llama3.2:1b,etri-ser0001-cg0msb,ACTIVE,0.004,669dd33c-fcce-45e1-a96c-2850d575a668,Edge computing reduces latency by processing data closer,agx,17,12.0,ok,agx,1788504108.1356628,46.277,28.132,17
199.016,1,200.842,1788504108.5395458,1,b01-o17-agx-c1,,8,False,199.012,llama3.2:1b,etri-ser0001-cg0msb,ACTIVE,0.004,1d26ceb8-302b-4366-b32c-a7b11277660e,Edge computing reduces latency by processing data closer,agx,17,12.0,ok,agx,1788504108.338706,46.612,27.088,17
199.182,1,201.042,1788504108.7406197,1,b01-o17-agx-c1,,8,False,199.178,llama3.2:1b,etri-ser0001-cg0msb,ACTIVE,0.004,a9d54f62-3847-4a12-be35-90d9303202b4,Edge computing reduces latency by processing data closer,agx,17,12.0,ok,agx,1788504108.5395796,46.627,27.36,17
202.145,1,203.99,1788504108.9446428,1,b01-o17-agx-c1,,8,False,202.14,llama3.2:1b,etri-ser0001-cg0msb,ACTIVE,0.004,9e09ce3d-8cad-4125-8360-bbf944ded322,Edge computing reduces latency by processing data closer,agx,17,12.0,ok,agx,1788504108.7406554,45.815,27.157,17
214.883,1,216.779,1788504109.1614583,1,b01-o17-agx-c1,,8,False,214.879,llama3.2:1b,etri-ser0001-cg0msb,ACTIVE,0.004,a777f06d-540a-40a2-8d64-82744e35608a,Edge computing reduces latency by processing data closer,agx,17,12.0,ok,agx,1788504108.9446812,43.207,29.475,17
206.105,1,208.096,1788504109.3695898,1,b01-o17-agx-c1,,8,False,206.101,llama3.2:1b,etri-ser0001-cg0msb,ACTIVE,0.004,3c9c201a-c488-4242-b4fc-ba230b126807,Edge computing reduces latency by processing data closer,agx,17,12.0,ok,agx,1788504109.1614964,44.96,27.875,17
217.272,1,219.183,1788504109.588811,1,b01-o17-agx-c1,,8,False,217.268,llama3.2:1b,etri-ser0001-cg0msb,ACTIVE,0.004,12325a1c-b3c2-441e-ab58-6a3def3e3faa,Edge computing reduces latency by processing data closer,agx,17,12.0,ok,agx,1788504109.3696306,42.335,27.864,17
215.477,1,217.131,1788504109.8059788,1,b01-o17-agx-c1,,8,False,215.474,llama3.2:1b,etri-ser0001-cg0msb,ACTIVE,0.003,f4b1460d-f7cc-4f6e-9128-8022d307331b,Edge computing reduces latency by processing data closer,agx,17,12.0,ok,agx,1788504109.5888505,43.034,29.369,17
209.614,1,211.548,1788504110.0175588,1,b01-o17-agx-c1,,8,False,209.61,llama3.2:1b,etri-ser0001-cg0msb,ACTIVE,0.004,a96790b6-7473-4909-a3c2-60a16e0a6220,Edge computing reduces latency by processing data closer,agx,17,12.0,ok,agx,1788504109.8060133,44.141,28.152,17
214.916,1,216.706,1788504110.2342958,1,b01-o17-agx-c1,,8,False,214.912,llama3.2:1b,etri-ser0001-cg0msb,ACTIVE,0.004,ad7c3510-9b2e-4da3-bb00-4d113a67f47f,Edge computing reduces latency by processing data closer,agx,17,12.0,ok,agx,1788504110.0175924,43.03,28.802,17
203.181,1,204.854,1788504110.439184,1,b01-o17-agx-c1,,8,False,203.177,llama3.2:1b,etri-ser0001-cg0msb,ACTIVE,0.004,58c0a4ad-cab8-4064-933a-06931872e1bd,Edge computing reduces latency by processing data closer,agx,17,12.0,ok,agx,1788504110.2343323,45.612,27.608,17
206.106,1,207.825,1788504110.6470435,1,b01-o17-agx-c1,,8,False,206.104,llama3.2:1b,etri-ser0001-cg0msb,ACTIVE,0.002,919b4434-fb2f-4ce5-bd95-19f52c69e929,Edge computing reduces latency by processing data closer,agx,17,12.0,ok,agx,1788504110.4392211,44.846,27.239,17
622.588,1,642.455,1788504114.3184886,8,b01-o18-nano-c8,,8,False,622.574,llama3.2:1b,etri-dev0001-jetorn,ACTIVE,0.014,67e8e9fd-6243-448e-a3dc-e81261c458a7,Edge computing reduces latency by processing data closer,nano,18,12.0,ok,nano,1788504113.6760378,16.722,143.028,18
1008.758,1,1028.505,1788504114.705608,8,b01-o18-nano-c8,,8,False,387.553,llama3.2:1b,etri-dev0001-jetorn,ACTIVE,621.205,754e018c-de93-44fd-b1a2-4b1ec1f1f67c,Edge computing reduces latency by processing data closer,nano,18,12.0,ok,nano,1788504113.6771061,24.242,674.001,18
1389.543,1,1412.504,1788504115.0906992,8,b01-o18-nano-c8,,8,False,383.951,llama3.2:1b,etri-dev0001-jetorn,ACTIVE,1005.592,772ba2ae-fba9-403b-a5fb-6bcc7c82e726,Edge computing reduces latency by processing data closer,nano,18,12.0,ok,nano,1788504113.678202,24.393,1060.89,18
1752.691,1,1774.266,1788504115.454139,8,b01-o18-nano-c8,,8,False,362.427,llama3.2:1b,etri-dev0001-jetorn,ACTIVE,1390.264,c84455f7-a0bd-4316-85d3-9070e7c2e13c,Edge computing reduces latency by processing data closer,nano,18,12.0,ok,nano,1788504113.679874,26.812,1452.719,18
2113.796,1,2135.322,1788504115.816746,8,b01-o18-nano-c8,,8,False,363.197,llama3.2:1b,etri-dev0001-jetorn,ACTIVE,1750.599,0565bc35-57f7-4ec4-91ce-3fa4c6f58690,Edge computing reduces latency by processing data closer,nano,18,12.0,ok,nano,1788504113.6814249,25.992,1809.662,18
2505.832,1,2531.433,1788504116.2103424,8,b01-o18-nano-c8,,8,False,388.268,llama3.2:1b,etri-dev0001-jetorn,ACTIVE,2117.564,af6f4347-9a96-48d9-bf90-e122e1cca495,Edge computing reduces latency by processing data closer,nano,18,12.0,ok,nano,1788504113.6789138,24.255,2174.02,18
2964.398,1,2985.269,1788504116.6689765,8,b01-o18-nano-c8,,8,False,458.212,llama3.2:1b,etri-dev0001-jetorn,ACTIVE,2506.186,6c3d98d1-665b-41e5-9701-f5a5d4526df3,Edge computing reduces latency by processing data closer,nano,18,12.0,ok,nano,1788504113.683711,20.92,2585.909,18
3413.61,1,3437.143,1788504117.1196518,8,b01-o18-nano-c8,,8,False,450.95,llama3.2:1b,etri-dev0001-jetorn,ACTIVE,2962.659,b6aa733a-1be1-4fa4-9ad1-f4ad90e1b6e1,Edge computing reduces latency by processing data closer,nano,18,12.0,ok,nano,1788504113.6825085,21.058,3036.195,18
3320.916,1,3350.609,1788504117.6691935,8,b01-o18-nano-c8,,8,False,547.09,llama3.2:1b,etri-dev0001-jetorn,ACTIVE,2773.826,cb830340-bd4f-4e07-bc6c-22ff5d8d57cb,Edge computing reduces latency by processing data closer,nano,18,12.0,ok,nano,1788504114.3185883,17.344,2857.577,18
3388.821,1,3399.32,1788504118.1050155,8,b01-o18-nano-c8,,8,False,435.998,llama3.2:1b,etri-dev0001-jetorn,ACTIVE,2952.824,d4ff8e1c-5de1-428f-b424-1ea3af6077f8,Edge computing reduces latency by processing data closer,nano,18,12.0,ok,nano,1788504114.705697,22.158,3021.326,18
3379.937,1,3395.901,1788504118.4867144,8,b01-o18-nano-c8,,8,False,379.83,llama3.2:1b,etri-dev0001-jetorn,ACTIVE,3000.107,d2f4ed4c-7440-40d9-aa25-eaf54215c522,Edge computing reduces latency by processing data closer,nano,18,12.0,ok,nano,1788504115.0908186,24.661,3059.544,18
3370.247,1,3386.089,1788504118.840277,8,b01-o18-nano-c8,,8,False,353.539,llama3.2:1b,etri-dev0001-jetorn,ACTIVE,3016.708,f2e9fe08-22c7-40d2-ae8d-1750f6277168,Edge computing reduces latency by processing data closer,nano,18,12.0,ok,nano,1788504115.4541922,26.829,3076.034,18
3364.026,1,3380.777,1788504119.1975548,8,b01-o18-nano-c8,,8,False,356.408,llama3.2:1b,etri-dev0001-jetorn,ACTIVE,3007.618,79b14af4-f4db-4ef9-9b6b-fdcb80f93d0b,Edge computing reduces latency by processing data closer,nano,18,12.0,ok,nano,1788504115.816782,26.945,3068.038,18
3362.829,1,3381.588,1788504119.592021,8,b01-o18-nano-c8,,8,False,385.468,llama3.2:1b,etri-dev0001-jetorn,ACTIVE,2977.361,e3640c9f-390f-4d7e-ade9-d55d6b7b2691,Edge computing reduces latency by processing data closer,nano,18,12.0,ok,nano,1788504116.2104387,24.173,3028.641,18
3274.929,1,3284.42,1788504119.953484,8,b01-o18-nano-c8,,8,False,369.556,llama3.2:1b,etri-dev0001-jetorn,ACTIVE,2905.372,e7fbae4d-4246-421a-a98f-7dbe9da482ae,Edge computing reduces latency by processing data closer,nano,18,12.0,ok,nano,1788504116.6690679,27.153,2978.988,18
3188.414,1,3203.289,1788504120.3229623,8,b01-o18-nano-c8,,8,False,365.547,llama3.2:1b,etri-dev0001-jetorn,ACTIVE,2822.867,a067d13d-8fba-495e-8a3c-11fff11ebecf,Edge computing reduces latency by processing data closer,nano,18,12.0,ok,nano,1788504117.1196735,25.88,2878.22,18
2998.545,1,3009.068,1788504120.678372,8,b01-o18-nano-c8,,8,False,358.9,llama3.2:1b,etri-dev0001-jetorn,ACTIVE,2639.645,9c77d62b-1283-466c-9ab6-c6ff2b7d054d,Edge computing reduces latency by processing data closer,nano,18,12.0,ok,nano,1788504117.6693046,26.458,2697.078,18
2917.81,1,2933.774,1788504121.038826,8,b01-o18-nano-c8,,8,False,359.786,llama3.2:1b,etri-dev0001-jetorn,ACTIVE,2558.025,96ac624a-f453-47a0-ba9a-2c0172aebd87,Edge computing reduces latency by processing data closer,nano,18,12.0,ok,nano,1788504118.1050534,26.582,2619.976,18
2880.305,1,2898.425,1788504121.3852494,8,b01-o18-nano-c8,,8,False,345.803,llama3.2:1b,etri-dev0001-jetorn,ACTIVE,2534.502,406f5a47-7345-4dd6-9271-8270f97004be,Edge computing reduces latency by processing data closer,nano,18,12.0,ok,nano,1788504118.4868252,27.322,2588.342,18
2911.924,1,2928.428,1788504121.768794,8,b01-o18-nano-c8,,8,False,380.308,llama3.2:1b,etri-dev0001-jetorn,ACTIVE,2531.616,12e9f08a-e18b-4b4f-9aea-e12756d3458b,Edge computing reduces latency by processing data closer,nano,18,12.0,ok,nano,1788504118.840367,24.452,2584.043,18
2927.117,1,2946.658,1788504122.144303,8,b01-o18-nano-c8,,8,False,370.622,llama3.2:1b,etri-dev0001-jetorn,ACTIVE,2556.495,e7d65049-6c49-424b-af49-1423f6fa7f40,Edge computing reduces latency by processing data closer,nano,18,12.0,ok,nano,1788504119.1976457,25.477,2612.996,18
2918.478,1,2940.662,1788504122.5328119,8,b01-o18-nano-c8,,8,False,386.497,llama3.2:1b,etri-dev0001-jetorn,ACTIVE,2531.981,d14df9c8-b3fc-4bde-92e6-608a28d3af1d,Edge computing reduces latency by processing data closer,nano,18,12.0,ok,nano,1788504119.5921524,24.423,2596.026,18
2932.576,1,2943.627,1788504122.8972046,8,b01-o18-nano-c8,,8,False,365.045,llama3.2:1b,etri-dev0001-jetorn,ACTIVE,2567.532,7395fa68-0d58-420c-aa53-fce35ac327d2,Edge computing reduces latency by processing data closer,nano,18,12.0,ok,nano,1788504119.9535792,26.486,2632.857,18
2955.465,1,2966.664,1788504123.2896411,8,b01-o18-nano-c8,,8,False,390.949,llama3.2:1b,etri-dev0001-jetorn,ACTIVE,2564.516,1efa7cc1-aaf4-470d-8729-ac8cfea0558d,Edge computing reduces latency by processing data closer,nano,18,12.0,ok,nano,1788504120.3229818,24.04,2623.876,18
2952.653,1,2962.35,1788504123.640741,8,b01-o18-nano-c8,,8,False,350.497,llama3.2:1b,etri-dev0001-jetorn,ACTIVE,2602.157,f78ea8c7-ded2-427f-8077-9bdb9a972230,Edge computing reduces latency by processing data closer,nano,18,12.0,ok,nano,1788504120.6783962,26.849,2657.459,18
3014.701,1,3023.493,1788504124.062339,8,b01-o18-nano-c8,,8,False,418.223,llama3.2:1b,etri-dev0001-jetorn,ACTIVE,2596.479,713f6c15-c421-4f86-8ae6-3cb22d52a0d2,Edge computing reduces latency by processing data closer,nano,18,12.0,ok,nano,1788504121.0388503,22.26,2650.845,18
3038.721,1,3048.591,1788504124.4338596,8,b01-o18-nano-c8,,8,False,371.423,llama3.2:1b,etri-dev0001-jetorn,ACTIVE,2667.298,bf2bac12-2290-42df-8c11-cf7fe177f297,Edge computing reduces latency by processing data closer,nano,18,12.0,ok,nano,1788504121.38527,26.226,2738.928,18
3026.481,1,3041.219,1788504124.8100321,8,b01-o18-nano-c8,,8,False,375.675,llama3.2:1b,etri-dev0001-jetorn,ACTIVE,2650.806,16384f35-7015-4862-a62f-9eaed1d05fc7,Edge computing reduces latency by processing data closer,nano,18,12.0,ok,nano,1788504121.768818,25.111,2706.783,18
3044.14,1,3057.475,1788504125.2017994,8,b01-o18-nano-c8,,8,False,391.914,llama3.2:1b,etri-dev0001-jetorn,ACTIVE,2652.226,2d59730c-e62a-46dd-bac5-dd89f865fc3f,Edge computing reduces latency by processing data closer,nano,18,12.0,ok,nano,1788504122.144328,23.972,2708.109,18
3030.413,1,3046.824,1788504125.579715,8,b01-o18-nano-c8,,8,False,370.642,llama3.2:1b,etri-dev0001-jetorn,ACTIVE,2659.771,0f713a50-d4c7-4009-91e9-21fee836b788,Edge computing reduces latency by processing data closer,nano,18,12.0,ok,nano,1788504122.532894,25.366,2714.75,18
3043.1,1,3050.648,1788504125.9479089,8,b01-o18-nano-c8,,8,False,374.382,llama3.2:1b,etri-dev0001-jetorn,ACTIVE,2668.718,2b20a387-7a1e-4cde-8738-ee4c5d460e71,Edge computing reduces latency by processing data closer,nano,18,12.0,ok,nano,1788504122.8972647,26.381,2744.819,18
3055.775,1,3066.09,1788504126.355843,8,b01-o18-nano-c8,,8,False,406.219,llama3.2:1b,etri-dev0001-jetorn,ACTIVE,2649.556,bbec64a5-1189-43ca-9230-43cf6bf92e6f,Edge computing reduces latency by processing data closer,nano,18,12.0,ok,nano,1788504123.2897568,24.288,2726.29,18
3090.493,1,3103.725,1788504126.744558,8,b01-o18-nano-c8,,8,False,384.599,llama3.2:1b,etri-dev0001-jetorn,ACTIVE,2705.894,0e1b65dd-76cb-4e30-a9dd-928f12a15882,Edge computing reduces latency by processing data closer,nano,18,12.0,ok,nano,1788504123.640834,24.074,2759.992,18
3023.937,1,3035.383,1788504127.0978162,8,b01-o18-nano-c8,,8,False,348.336,llama3.2:1b,etri-dev0001-jetorn,ACTIVE,2675.601,5c5769a4-9ed8-4767-b8ff-908a0c4cf702,Edge computing reduces latency by processing data closer,nano,18,12.0,ok,nano,1788504124.0624335,27.323,2732.133,18
3074.906,1,3084.679,1788504127.5185783,8,b01-o18-nano-c8,,8,False,421.113,llama3.2:1b,etri-dev0001-jetorn,ACTIVE,2653.792,e9cb4da1-dbbe-42db-b642-cf535fc0c155,Edge computing reduces latency by processing data closer,nano,18,12.0,ok,nano,1788504124.4339023,22.107,2713.45,18
3077.09,1,3093.275,1788504127.9033952,8,b01-o18-nano-c8,,8,False,381.467,llama3.2:1b,etri-dev0001-jetorn,ACTIVE,2695.623,56d403af-ac54-4e32-8114-8d430d169ceb,Edge computing reduces latency by processing data closer,nano,18,12.0,ok,nano,1788504124.8101246,24.269,2748.062,18
3096.263,1,3107.458,1788504128.3093436,8,b01-o18-nano-c8,,8,False,406.423,llama3.2:1b,etri-dev0001-jetorn,ACTIVE,2689.84,8dece631-71ca-4002-9d6b-06a0a4f0b86d,Edge computing reduces latency by processing data closer,nano,18,12.0,ok,nano,1788504125.2018888,23.32,2748.431,18
3076.025,1,3089.763,1788504128.669556,8,b01-o18-nano-c8,,8,False,359.304,llama3.2:1b,etri-dev0001-jetorn,ACTIVE,2716.721,176ebd34-c76f-45f7-93a2-1dba85647cdc,Edge computing reduces latency by processing data closer,nano,18,12.0,ok,nano,1788504125.5797963,26.599,2776.839,18
210.919,2,222.15,1788504131.9316924,4,b02-o01-spark-c4,,8,False,210.903,llama3.2:1b,etri-ser0002-cgnmsb,ACTIVE,0.015,dcc66c5c-958f-490a-9517-3cae8d2525fa,Edge computing reduces latency by processing data closer,spark,19,12.0,ok,spark,1788504131.7095454,46.025,38.009,1
411.837,2,425.756,1788504132.1342137,4,b02-o01-spark-c4,,8,False,202.954,llama3.2:1b,etri-ser0002-cgnmsb,ACTIVE,208.883,292f1d37-4b94-4144-9b18-dda6f8837955,Edge computing reduces latency by processing data closer,spark,19,12.0,ok,spark,1788504131.7084582,46.119,236.837,1
618.671,2,632.463,1788504132.3429217,4,b02-o01-spark-c4,,8,False,207.756,llama3.2:1b,etri-ser0002-cgnmsb,ACTIVE,410.915,0c058b88-68f3-4e74-be23-f2823e159f35,Edge computing reduces latency by processing data closer,spark,19,12.0,ok,spark,1788504131.7104619,46.194,444.131,1
823.07,2,840.433,1788504132.551711,4,b02-o01-spark-c4,,8,False,207.431,llama3.2:1b,etri-ser0002-cgnmsb,ACTIVE,615.639,0f05ef4e-a0b5-4dc8-9dc0-fc5bcdb0af10,Edge computing reduces latency by processing data closer,spark,19,12.0,ok,spark,1788504131.7112813,46.178,647.73,1
824.716,2,827.43,1788504132.7592082,4,b02-o01-spark-c4,,8,False,208.077,llama3.2:1b,etri-ser0002-cgnmsb,ACTIVE,616.64,46eee1b4-a34c-49df-9186-c51e2d903719,Edge computing reduces latency by processing data closer,spark,19,12.0,ok,spark,1788504131.9317799,46.136,650.448,1
826.02,2,831.828,1788504132.9660656,4,b02-o01-spark-c4,,8,False,206.634,llama3.2:1b,etri-ser0002-cgnmsb,ACTIVE,619.387,085ab02b-cd89-448f-a0e8-f43297b23467,Edge computing reduces latency by processing data closer,spark,19,12.0,ok,spark,1788504132.1342413,46.052,650.871,1
825.566,2,830.48,1788504133.1734858,4,b02-o01-spark-c4,,8,False,207.018,llama3.2:1b,etri-ser0002-cgnmsb,ACTIVE,618.548,1a5a2394-a34c-470f-91aa-6f2b7d92896e,Edge computing reduces latency by processing data closer,spark,19,12.0,ok,spark,1788504132.343009,46.137,649.807,1
825.554,2,831.516,1788504133.3833134,4,b02-o01-spark-c4,,8,False,209.514,llama3.2:1b,etri-ser0002-cgnmsb,ACTIVE,616.04,5617296b-2200-4415-bc06-50392f3a6b26,Edge computing reduces latency by processing data closer,spark,19,12.0,ok,spark,1788504132.5517988,46.172,650.416,1
826.349,2,831.525,1788504133.5907848,4,b02-o01-spark-c4,,8,False,206.707,llama3.2:1b,etri-ser0002-cgnmsb,ACTIVE,619.642,83133efa-b605-48ea-8245-bc5a143d84c6,Edge computing reduces latency by processing data closer,spark,19,12.0,ok,spark,1788504132.7592604,46.094,650.887,1
826.892,2,832.293,1788504133.7984428,4,b02-o01-spark-c4,,8,False,207.966,llama3.2:1b,etri-ser0002-cgnmsb,ACTIVE,618.926,c6835d10-312e-4427-b37b-8a4983c1e1cb,Edge computing reduces latency by processing data closer,spark,19,12.0,ok,spark,1788504132.9661524,45.964,651.352,1
825.263,2,831.926,1788504134.0054893,4,b02-o01-spark-c4,,8,False,206.286,llama3.2:1b,etri-ser0002-cgnmsb,ACTIVE,618.977,c5154a5c-e4bc-484a-9d6f-2fab0bc4dd56,Edge computing reduces latency by processing data closer,spark,19,12.0,ok,spark,1788504133.1735647,45.758,649.652,1
824.176,2,829.963,1788504134.2133083,4,b02-o01-spark-c4,,8,False,207.755,llama3.2:1b,etri-ser0002-cgnmsb,ACTIVE,616.422,bb9482b4-1dd8-48e0-9755-393e89f86e39,Edge computing reduces latency by processing data closer,spark,19,12.0,ok,spark,1788504133.3833477,45.537,648.278,1
823.058,2,828.674,1788504134.4194798,4,b02-o01-spark-c4,,8,False,206.242,llama3.2:1b,etri-ser0002-cgnmsb,ACTIVE,616.816,08d519d4-676b-4455-bcb4-a1c99663f2b4,Edge computing reduces latency by processing data closer,spark,19,12.0,ok,spark,1788504133.5908084,45.662,646.419,1
824.036,2,828.543,1788504134.627049,4,b02-o01-spark-c4,,8,False,206.885,llama3.2:1b,etri-ser0002-cgnmsb,ACTIVE,617.15,fc8eee6c-5b74-4d85-8a06-edfba0675958,Edge computing reduces latency by processing data closer,spark,19,12.0,ok,spark,1788504133.79851,45.893,647.199,1
827.185,2,830.571,1788504134.8360913,4,b02-o01-spark-c4,,8,False,209.042,llama3.2:1b,etri-ser0002-cgnmsb,ACTIVE,618.143,3d26544b-b5b9-428c-9b72-99ea304dff80,Edge computing reduces latency by processing data closer,spark,19,12.0,ok,spark,1788504134.0055244,45.852,651.173,1
824.824,2,827.684,1788504135.0410488,4,b02-o01-spark-c4,,8,False,204.975,llama3.2:1b,etri-ser0002-cgnmsb,ACTIVE,619.849,ce634d85-182a-4c6b-9ce0-d631c99fef23,Edge computing reduces latency by processing data closer,spark,19,12.0,ok,spark,1788504134.2133658,46.171,650.741,1
823.31,2,827.968,1788504135.2475123,4,b02-o01-spark-c4,,8,False,205.694,llama3.2:1b,etri-ser0002-cgnmsb,ACTIVE,617.615,0c7587be-dfb9-4933-b07f-2a4966aa4700,Edge computing reduces latency by processing data closer,spark,19,12.0,ok,spark,1788504134.4195483,46.08,647.719,1
823.908,2,829.643,1788504135.4567783,4,b02-o01-spark-c4,,8,False,208.612,llama3.2:1b,etri-ser0002-cgnmsb,ACTIVE,615.297,198ef5b6-da9a-4eef-8131-f3a100795495,Edge computing reduces latency by processing data closer,spark,19,12.0,ok,spark,1788504134.627139,46.084,648.415,1
820.679,2,825.744,1788504135.66191,4,b02-o01-spark-c4,,8,False,204.896,llama3.2:1b,etri-ser0002-cgnmsb,ACTIVE,615.782,b214599b-bb14-4fd9-ae00-bea63ee2344c,Edge computing reduces latency by processing data closer,spark,19,12.0,ok,spark,1788504134.8361707,46.275,647.597,1
820.162,2,823.361,1788504135.8644302,4,b02-o01-spark-c4,,8,False,202.569,llama3.2:1b,etri-ser0002-cgnmsb,ACTIVE,617.593,023dcca6-b719-4fba-9008-13883df8d617,Edge computing reduces latency by processing data closer,spark,19,12.0,ok,spark,1788504135.041072,46.067,645.727,1
814.967,2,821.45,1788504136.0690486,4,b02-o01-spark-c4,,8,False,204.056,llama3.2:1b,etri-ser0002-cgnmsb,ACTIVE,610.91,43a8bc1f-a68b-4498-a859-2cac0d9c334b,Edge computing reduces latency by processing data closer,spark,19,12.0,ok,spark,1788504135.2476025,46.087,641.214,1
812.114,2,818.542,1788504136.27541,4,b02-o01-spark-c4,,8,False,206.364,llama3.2:1b,etri-ser0002-cgnmsb,ACTIVE,605.751,92df8f07-838a-4c78-8f89-66e951370688,Edge computing reduces latency by processing data closer,spark,19,12.0,ok,spark,1788504135.4568698,45.94,635.694,1
816.964,2,820.496,1788504136.4825184,4,b02-o01-spark-c4,,8,False,206.302,llama3.2:1b,etri-ser0002-cgnmsb,ACTIVE,610.662,1c0162aa-56a1-4f41-82b6-ae92c6405b8b,Edge computing reduces latency by processing data closer,spark,19,12.0,ok,spark,1788504135.662026,46.126,641.576,1
820.832,2,823.993,1788504136.6884902,4,b02-o01-spark-c4,,8,False,206.148,llama3.2:1b,etri-ser0002-cgnmsb,ACTIVE,614.683,3914d4a0-8d24-4ef1-a61a-03f2f223eeaf,Edge computing reduces latency by processing data closer,spark,19,12.0,ok,spark,1788504135.8644996,45.988,646.256,1
817.719,2,822.085,1788504136.8912215,4,b02-o01-spark-c4,,8,False,201.827,llama3.2:1b,etri-ser0002-cgnmsb,ACTIVE,615.893,0b6021cb-c180-4a5d-ba42-5d4ba6a675d4,Edge computing reduces latency by processing data closer,spark,19,12.0,ok,spark,1788504136.0691402,46.312,644.419,1
813.224,2,819.025,1788504137.0944977,4,b02-o01-spark-c4,,8,False,203.651,llama3.2:1b,etri-ser0002-cgnmsb,ACTIVE,609.573,472910ae-581b-4773-b413-4b6fcf9397ca,Edge computing reduces latency by processing data closer,spark,19,12.0,ok,spark,1788504136.2754748,45.712,637.92,1
809.385,2,816.037,1788504137.2986355,4,b02-o01-spark-c4,,8,False,203.543,llama3.2:1b,etri-ser0002-cgnmsb,ACTIVE,605.842,961dd8d4-ece3-441a-ad88-db56837c3c05,Edge computing reduces latency by processing data closer,spark,19,12.0,ok,spark,1788504136.4826026,46.257,633.854,1
816.288,2,819.172,1788504137.5077088,4,b02-o01-spark-c4,,8,False,208.581,llama3.2:1b,etri-ser0002-cgnmsb,ACTIVE,607.707,b506b843-9bac-42fb-afc2-38e437b5ef55,Edge computing reduces latency by processing data closer,spark,19,12.0,ok,spark,1788504136.6885407,46.18,640.18,1
820.566,2,823.805,1788504137.7151375,4,b02-o01-spark-c4,,8,False,207.057,llama3.2:1b,etri-ser0002-cgnmsb,ACTIVE,613.509,32960230-0ef0-4c1b-aea3-d9119610eaac,Edge computing reduces latency by processing data closer,spark,19,12.0,ok,spark,1788504136.8913376,46.179,646.205,1
822.521,2,825.036,1788504137.9195795,4,b02-o01-spark-c4,,8,False,204.096,llama3.2:1b,etri-ser0002-cgnmsb,ACTIVE,618.425,87a3275d-0b55-4fa2-a49d-b6a29f1e588b,Edge computing reduces latency by processing data closer,spark,19,12.0,ok,spark,1788504137.094548,46.277,648.139,1
822.257,2,828.418,1788504138.1271436,4,b02-o01-spark-c4,,8,False,207.498,llama3.2:1b,etri-ser0002-cgnmsb,ACTIVE,614.759,56d9006a-7f18-4dfa-af61-ac15974b736f,Edge computing reduces latency by processing data closer,spark,19,12.0,ok,spark,1788504137.2987278,46.24,646.787,1
823.904,2,829.365,1788504138.3371618,4,b02-o01-spark-c4,,8,False,208.93,llama3.2:1b,etri-ser0002-cgnmsb,ACTIVE,614.975,2dc2dbf8-1357-4141-8fcb-cdc88a31ebe1,Edge computing reduces latency by processing data closer,spark,19,12.0,ok,spark,1788504137.5078003,46.037,647.87,1
825.274,2,829.492,1788504138.5447218,4,b02-o01-spark-c4,,8,False,206.53,llama3.2:1b,etri-ser0002-cgnmsb,ACTIVE,618.745,a4f75504-f09c-41a6-bd19-2c953cda2874,Edge computing reduces latency by processing data closer,spark,19,12.0,ok,spark,1788504137.7152333,46.287,650.639,1
825.34,2,832.07,1788504138.7517626,4,b02-o01-spark-c4,,8,False,207.51,llama3.2:1b,etri-ser0002-cgnmsb,ACTIVE,617.829,fa7d8fd6-838b-4147-99a2-f544cbc68ed6,Edge computing reduces latency by processing data closer,spark,19,12.0,ok,spark,1788504137.9196963,46.164,651.39,1
824.286,2,830.895,1788504138.9580874,4,b02-o01-spark-c4,,8,False,205.958,llama3.2:1b,etri-ser0002-cgnmsb,ACTIVE,618.327,116e0fc1-e8ca-45bb-939e-a3857369a8b5,Edge computing reduces latency by processing data closer,spark,19,12.0,ok,spark,1788504138.1271958,46.165,648.709,1
821.579,2,827.741,1788504139.1650405,4,b02-o01-spark-c4,,8,False,206.279,llama3.2:1b,etri-ser0002-cgnmsb,ACTIVE,615.301,9ae41549-487c-4301-8532-b070477498bf,Edge computing reduces latency by processing data closer,spark,19,12.0,ok,spark,1788504138.3373022,46.178,646.469,1
822.636,2,829.167,1788504139.373978,4,b02-o01-spark-c4,,8,False,208.377,llama3.2:1b,etri-ser0002-cgnmsb,ACTIVE,614.259,b7c3f039-a8d4-454c-9856-30cfe7afb081,Edge computing reduces latency by processing data closer,spark,19,12.0,ok,spark,1788504138.5448146,46.249,647.878,1
826.747,2,831.321,1788504139.5831718,4,b02-o01-spark-c4,,8,False,208.864,llama3.2:1b,etri-ser0002-cgnmsb,ACTIVE,617.883,03ccd9a6-1e14-4614-b93a-b9a8c9998f04,Edge computing reduces latency by processing data closer,spark,19,12.0,ok,spark,1788504138.751855,46.202,650.893,1
827.918,2,832.249,1788504139.790427,4,b02-o01-spark-c4,,8,False,207.413,llama3.2:1b,etri-ser0002-cgnmsb,ACTIVE,620.505,51efdf6e-a74b-4cd6-813b-31594460b0da,Edge computing reduces latency by processing data closer,spark,19,12.0,ok,spark,1788504138.9581788,46.238,652.67,1
827.477,2,834.182,1788504139.9992986,4,b02-o01-spark-c4,,8,False,207.827,llama3.2:1b,etri-ser0002-cgnmsb,ACTIVE,619.649,bfad7392-f8a3-4a80-9518-e492e4945330,Edge computing reduces latency by processing data closer,spark,19,12.0,ok,spark,1788504139.1651208,45.893,652.663,1
822.989,2,830.061,1788504140.2041264,4,b02-o01-spark-c4,,8,False,204.918,llama3.2:1b,etri-ser0002-cgnmsb,ACTIVE,618.07,a3dc28c1-e542-44c4-8e00-e60e2df16e1b,Edge computing reduces latency by processing data closer,spark,19,12.0,ok,spark,1788504139.3740692,45.728,646.098,1
825.287,2,831.375,1788504140.4146547,4,b02-o01-spark-c4,,8,False,210.165,llama3.2:1b,etri-ser0002-cgnmsb,ACTIVE,615.122,93ad5688-104b-4cb6-b231-3a6c4ae45a58,Edge computing reduces latency by processing data closer,spark,19,12.0,ok,spark,1788504139.5832806,45.758,648.529,1
827.293,2,833.387,1788504140.6238337,4,b02-o01-spark-c4,,8,False,208.364,llama3.2:1b,etri-ser0002-cgnmsb,ACTIVE,618.929,d8a5dc98-c886-4645-aecc-d101725946e2,Edge computing reduces latency by processing data closer,spark,19,12.0,ok,spark,1788504139.79045,45.968,652.737,1
826.629,2,829.766,1788504140.829223,4,b02-o01-spark-c4,,8,False,205.005,llama3.2:1b,etri-ser0002-cgnmsb,ACTIVE,621.624,b450808f-fead-49ac-87c4-132d31af2a4f,Edge computing reduces latency by processing data closer,spark,19,12.0,ok,spark,1788504139.9994595,45.629,651.251,1
821.359,2,826.724,1788504141.0309424,4,b02-o01-spark-c4,,8,False,202.318,llama3.2:1b,etri-ser0002-cgnmsb,ACTIVE,619.041,0f59ebed-60a7-42c6-80fe-9d35f4f9e5c7,Edge computing reduces latency by processing data closer,spark,19,12.0,ok,spark,1788504140.2042189,46.362,646.717,1
819.439,2,824.754,1788504141.239432,4,b02-o01-spark-c4,,8,False,207.735,llama3.2:1b,etri-ser0002-cgnmsb,ACTIVE,611.704,64cfd774-1afc-4a7d-8d24-a64423783481,Edge computing reduces latency by processing data closer,spark,19,12.0,ok,spark,1788504140.4146821,46.193,644.696,1
820.067,2,823.088,1788504141.4470184,4,b02-o01-spark-c4,,8,False,207.301,llama3.2:1b,etri-ser0002-cgnmsb,ACTIVE,612.766,721b82c4-2916-4f43-bbd9-77db41e61784,Edge computing reduces latency by processing data closer,spark,19,12.0,ok,spark,1788504140.6239324,46.073,644.215,1
823.977,2,827.427,1788504141.6567757,4,b02-o01-spark-c4,,8,False,208.787,llama3.2:1b,etri-ser0002-cgnmsb,ACTIVE,615.189,b4301cce-9035-4f13-8c62-9aa4b6cc285a,Edge computing reduces latency by processing data closer,spark,19,12.0,ok,spark,1788504140.8293543,45.974,648.147,1
827.15,2,832.293,1788504141.8632596,4,b02-o01-spark-c4,,8,False,206.408,llama3.2:1b,etri-ser0002-cgnmsb,ACTIVE,620.742,8252eba1-eb8d-4433-8769-40341b330c35,Edge computing reduces latency by processing data closer,spark,19,12.0,ok,spark,1788504141.0309696,46.123,653.866,1
822.183,2,827.594,1788504142.067115,4,b02-o01-spark-c4,,8,False,203.109,llama3.2:1b,etri-ser0002-cgnmsb,ACTIVE,619.074,5e1a6533-91e8-4d15-9ee0-5fd0ac139933,Edge computing reduces latency by processing data closer,spark,19,12.0,ok,spark,1788504141.2395246,46.056,646.645,1
821.773,2,826.106,1788504142.273171,4,b02-o01-spark-c4,,8,False,206.241,llama3.2:1b,etri-ser0002-cgnmsb,ACTIVE,615.532,100c2bcb-2a06-42df-81ff-4b9c1d0c563b,Edge computing reduces latency by processing data closer,spark,19,12.0,ok,spark,1788504141.4470663,46.131,646.185,1
818.679,2,823.304,1788504142.4801402,4,b02-o01-spark-c4,,8,False,206.212,llama3.2:1b,etri-ser0002-cgnmsb,ACTIVE,612.467,3473d6ed-ff28-489e-80dd-b30a457e34bb,Edge computing reduces latency by processing data closer,spark,19,12.0,ok,spark,1788504141.6568372,46.028,643.519,1
820.514,2,822.86,1788504142.6861975,4,b02-o01-spark-c4,,8,False,206.304,llama3.2:1b,etri-ser0002-cgnmsb,ACTIVE,614.211,1feab4ce-36e8-4df3-883f-2fd0fa49138a,Edge computing reduces latency by processing data closer,spark,19,12.0,ok,spark,1788504141.8633378,45.89,645.784,1
815.298,2,821.022,1788504142.888284,4,b02-o01-spark-c4,,8,False,201.572,llama3.2:1b,etri-ser0002-cgnmsb,ACTIVE,613.727,e6b6a2cd-092d-4d8c-bd6f-c38709b2dddf,Edge computing reduces latency by processing data closer,spark,19,12.0,ok,spark,1788504142.0672657,46.111,641.14,1
812.875,2,818.062,1788504143.0912704,4,b02-o01-spark-c4,,8,False,203.322,llama3.2:1b,etri-ser0002-cgnmsb,ACTIVE,609.553,4098d3a5-33cf-4763-a7b9-3e3f6a16d03f,Edge computing reduces latency by processing data closer,spark,19,12.0,ok,spark,1788504142.27321,46.148,637.622,1
814.145,2,820.667,1788504143.3008351,4,b02-o01-spark-c4,,8,False,208.11,llama3.2:1b,etri-ser0002-cgnmsb,ACTIVE,606.035,724e91ef-1a5d-4d54-a87c-3baf9956ebc3,Edge computing reduces latency by processing data closer,spark,19,12.0,ok,spark,1788504142.4801724,46.119,638.848,1
820.534,2,823.214,1788504143.50943,4,b02-o01-spark-c4,,8,False,208.859,llama3.2:1b,etri-ser0002-cgnmsb,ACTIVE,611.675,6d222546-bf8f-4aa9-a58f-fc1a9575d8f2,Edge computing reduces latency by processing data closer,spark,19,12.0,ok,spark,1788504142.6862195,46.214,645.506,1
826.948,2,829.789,1788504143.7181668,4,b02-o01-spark-c4,,8,False,208.723,llama3.2:1b,etri-ser0002-cgnmsb,ACTIVE,618.225,1df5ccc5-e113-4505-a402-de198a4ce547,Edge computing reduces latency by processing data closer,spark,19,12.0,ok,spark,1788504142.8883781,45.842,650.868,1
826.727,2,831.737,1788504143.9230332,4,b02-o01-spark-c4,,8,False,204.65,llama3.2:1b,etri-ser0002-cgnmsb,ACTIVE,622.077,8c741a9f-0072-458f-9065-a11170e03e3c,Edge computing reduces latency by processing data closer,spark,19,12.0,ok,spark,1788504143.0913002,46.094,652.748,1
821.128,2,827.399,1788504144.1283236,4,b02-o01-spark-c4,,8,False,205.041,llama3.2:1b,etri-ser0002-cgnmsb,ACTIVE,616.087,05f2c85d-9bf1-49fc-960c-7a589bc26021,Edge computing reduces latency by processing data closer,spark,19,12.0,ok,spark,1788504143.300927,45.899,644.556,1
821.849,2,828.158,1788504144.3376756,4,b02-o01-spark-c4,,8,False,208.574,llama3.2:1b,etri-ser0002-cgnmsb,ACTIVE,613.274,9831cc2a-bbf9-491f-b405-4fe3d4ec78a0,Edge computing reduces latency by processing data closer,spark,19,12.0,ok,spark,1788504143.5095212,46.21,646.097,1
213.218,2,219.038,1788504147.607995,1,b02-o02-spark-c1,,8,False,213.204,llama3.2:1b,etri-ser0002-cgnmsb,ACTIVE,0.014,ffb3fea7-97e1-4eb0-a341-d840a315e22f,Edge computing reduces latency by processing data closer,spark,20,12.0,ok,spark,1788504147.3889577,46.055,38.348,2
206.408,2,212.024,1788504147.8200436,1,b02-o02-spark-c1,,8,False,206.395,llama3.2:1b,etri-ser0002-cgnmsb,ACTIVE,0.013,93179906-6543-4208-8450-386f3ae8428d,Edge computing reduces latency by processing data closer,spark,20,12.0,ok,spark,1788504147.6080213,45.911,29.289,2
207.84,2,213.734,1788504148.0338173,1,b02-o02-spark-c1,,8,False,207.827,llama3.2:1b,etri-ser0002-cgnmsb,ACTIVE,0.013,259e5351-b5e6-4d5e-b032-cdf15a4275ac,Edge computing reduces latency by processing data closer,spark,20,12.0,ok,spark,1788504147.820087,46.107,32.562,2
205.808,2,210.667,1788504148.2445505,1,b02-o02-spark-c1,,8,False,205.806,llama3.2:1b,etri-ser0002-cgnmsb,ACTIVE,0.003,f27f02e7-da0e-42b0-b35a-e69cc2fde94a,Edge computing reduces latency by processing data closer,spark,20,12.0,ok,spark,1788504148.0338874,45.966,30.563,2
207.857,2,215.022,1788504148.4596462,1,b02-o02-spark-c1,,8,False,207.842,llama3.2:1b,etri-ser0002-cgnmsb,ACTIVE,0.015,ce634ac2-9ed8-45d2-9d6b-4d3906780bf0,Edge computing reduces latency by processing data closer,spark,20,12.0,ok,spark,1788504148.2446303,46.086,32.51,2
206.831,2,213.127,1788504148.672884,1,b02-o02-spark-c1,,8,False,206.818,llama3.2:1b,etri-ser0002-cgnmsb,ACTIVE,0.014,6ff5c282-0184-48b7-9bde-361f9ac09a8b,Edge computing reduces latency by processing data closer,spark,20,12.0,ok,spark,1788504148.45976,46.154,33.675,2
202.326,2,204.597,1788504148.8775764,1,b02-o02-spark-c1,,8,False,202.324,llama3.2:1b,etri-ser0002-cgnmsb,ACTIVE,0.003,ac60c7d5-cc4f-45fd-8540-5c6656b38fb6,Edge computing reduces latency by processing data closer,spark,20,12.0,ok,spark,1788504148.67298,46.096,27.753,2
205.03,2,207.925,1788504149.0855231,1,b02-o02-spark-c1,,8,False,205.025,llama3.2:1b,etri-ser0002-cgnmsb,ACTIVE,0.004,572a7b16-5eba-4ba2-9001-3354396e38e7,Edge computing reduces latency by processing data closer,spark,20,12.0,ok,spark,1788504148.8776,46.151,29.495,2
205.593,2,210.831,1788504149.296393,1,b02-o02-spark-c1,,8,False,205.58,llama3.2:1b,etri-ser0002-cgnmsb,ACTIVE,0.014,21efb820-5ba7-4bf1-a367-139a9cb43797,Edge computing reduces latency by processing data closer,spark,20,12.0,ok,spark,1788504149.085563,46.075,30.999,2
206.148,2,209.522,1788504149.5059376,1,b02-o02-spark-c1,,8,False,206.141,llama3.2:1b,etri-ser0002-cgnmsb,ACTIVE,0.006,a1cc5f35-52c4-4f66-b6b5-7a3674c0cdd6,Edge computing reduces latency by processing data closer,spark,20,12.0,ok,spark,1788504149.2964168,46.047,30.303,2
206.03,2,211.365,1788504149.7173283,1,b02-o02-spark-c1,,8,False,206.017,llama3.2:1b,etri-ser0002-cgnmsb,ACTIVE,0.013,4ef80cba-e79f-49df-8fd1-72f7dcec3349,Edge computing reduces latency by processing data closer,spark,20,12.0,ok,spark,1788504149.5059643,46.06,32.492,2
204.397,2,207.448,1788504149.9248016,1,b02-o02-spark-c1,,8,False,204.394,llama3.2:1b,etri-ser0002-cgnmsb,ACTIVE,0.003,9dc041cf-5386-4f05-8937-208948ef4d12,Edge computing reduces latency by processing data closer,spark,20,12.0,ok,spark,1788504149.7173579,46.056,27.802,2
209.006,2,215.331,1788504150.1402223,1,b02-o02-spark-c1,,8,False,208.993,llama3.2:1b,etri-ser0002-cgnmsb,ACTIVE,0.014,1e463c7a-5881-4ad8-bc76-a78bf63d99f7,Edge computing reduces latency by processing data closer,spark,20,12.0,ok,spark,1788504149.924893,46.067,33.499,2
209.077,2,215.55,1788504150.3558495,1,b02-o02-spark-c1,,8,False,209.063,llama3.2:1b,etri-ser0002-cgnmsb,ACTIVE,0.014,a75e3d62-9ed1-4a0d-803c-5f212df07162,Edge computing reduces latency by processing data closer,spark,20,12.0,ok,spark,1788504150.1403027,46.073,33.469,2
203.543,2,207.218,1788504150.563135,1,b02-o02-spark-c1,,8,False,203.54,llama3.2:1b,etri-ser0002-cgnmsb,ACTIVE,0.003,b1ce63af-d62a-4628-af78-809860ae3ebd,Edge computing reduces latency by processing data closer,spark,20,12.0,ok,spark,1788504150.3559203,46.067,27.402,2
206.446,2,212.901,1788504150.7761197,1,b02-o02-spark-c1,,8,False,206.432,llama3.2:1b,etri-ser0002-cgnmsb,ACTIVE,0.014,96cbc3c1-1190-447d-8525-84815bff2198,Edge computing reduces latency by processing data closer,spark,20,12.0,ok,spark,1788504150.5632231,45.901,32.574,2
205.097,2,208.716,1788504150.9849396,1,b02-o02-spark-c1,,8,False,205.094,llama3.2:1b,etri-ser0002-cgnmsb,ACTIVE,0.003,9365d9a7-f3cc-4410-a900-aa1c3263cb60,Edge computing reduces latency by processing data closer,spark,20,12.0,ok,spark,1788504150.776227,45.752,27.836,2
206.611,2,213.551,1788504151.1985757,1,b02-o02-spark-c1,,8,False,206.597,llama3.2:1b,etri-ser0002-cgnmsb,ACTIVE,0.013,1b32fa37-e46a-42b8-be5a-888052f05068,Edge computing reduces latency by processing data closer,spark,20,12.0,ok,spark,1788504150.9850278,46.164,31.492,2
206.597,2,213.344,1788504151.4120054,1,b02-o02-spark-c1,,8,False,206.584,llama3.2:1b,etri-ser0002-cgnmsb,ACTIVE,0.013,a9f14d2d-a44a-41c3-8983-b19fe609a50b,Edge computing reduces latency by processing data closer,spark,20,12.0,ok,spark,1788504151.198665,46.231,32.322,2
206.86,2,212.559,1788504151.6246643,1,b02-o02-spark-c1,,8,False,206.847,llama3.2:1b,etri-ser0002-cgnmsb,ACTIVE,0.012,475f328a-69b8-4237-a25a-dcae92f5fb51,Edge computing reduces latency by processing data closer,spark,20,12.0,ok,spark,1788504151.4121082,46.083,30.486,2
207.187,2,213.484,1788504151.8382301,1,b02-o02-spark-c1,,8,False,207.173,llama3.2:1b,etri-ser0002-cgnmsb,ACTIVE,0.014,e7933e98-c3e7-4286-af45-2dc840ff5275,Edge computing reduces latency by processing data closer,spark,20,12.0,ok,spark,1788504151.6247487,45.982,32.854,2
202.691,2,205.877,1788504152.044196,1,b02-o02-spark-c1,,8,False,202.687,llama3.2:1b,etri-ser0002-cgnmsb,ACTIVE,0.004,a3f5d884-f028-4164-b3b3-8b7a04994365,Edge computing reduces latency by processing data closer,spark,20,12.0,ok,spark,1788504151.8383224,45.826,28.308,2
204.621,2,207.519,1788504152.2518198,1,b02-o02-spark-c1,,8,False,204.618,llama3.2:1b,etri-ser0002-cgnmsb,ACTIVE,0.003,ac0ef1d5-91b9-48b5-8dc3-0e7afc879141,Edge computing reduces latency by processing data closer,spark,20,12.0,ok,spark,1788504152.0443046,45.546,28.44,2
205.19,2,207.297,1788504152.459206,1,b02-o02-spark-c1,,8,False,205.187,llama3.2:1b,etri-ser0002-cgnmsb,ACTIVE,0.003,059c2190-8ae5-4997-9ba6-109b218532ba,Edge computing reduces latency by processing data closer,spark,20,12.0,ok,spark,1788504152.2519104,45.671,27.58,2
205.918,2,209.597,1788504152.6688442,1,b02-o02-spark-c1,,8,False,205.915,llama3.2:1b,etri-ser0002-cgnmsb,ACTIVE,0.002,c5e54a0d-0eb1-4045-ad0a-f3f848c234ad,Edge computing reduces latency by processing data closer,spark,20,12.0,ok,spark,1788504152.4592512,45.788,31.164,2
204.034,2,206.195,1788504152.8751318,1,b02-o02-spark-c1,,8,False,204.031,llama3.2:1b,etri-ser0002-cgnmsb,ACTIVE,0.003,f4c0f015-e26d-4680-b075-4c730dcb4c3d,Edge computing reduces latency by processing data closer,spark,20,12.0,ok,spark,1788504152.6689377,45.767,28.854,2
203.566,2,205.578,1788504153.0807464,1,b02-o02-spark-c1,,8,False,203.564,llama3.2:1b,etri-ser0002-cgnmsb,ACTIVE,0.003,5ae583d5-a485-4c69-8f0d-f5066663eae6,Edge computing reduces latency by processing data closer,spark,20,12.0,ok,spark,1788504152.8751724,46.029,27.269,2
203.198,2,208.313,1788504153.2891355,1,b02-o02-spark-c1,,8,False,203.195,llama3.2:1b,etri-ser0002-cgnmsb,ACTIVE,0.003,ba6ddc24-13b8-4517-b736-4185266ff6b0,Edge computing reduces latency by processing data closer,spark,20,12.0,ok,spark,1788504153.0808277,46.108,27.059,2
207.154,2,213.885,1788504153.5031567,1,b02-o02-spark-c1,,8,False,207.141,llama3.2:1b,etri-ser0002-cgnmsb,ACTIVE,0.014,e70853d2-26e1-4d8f-bc7b-3048af1ce5c6,Edge computing reduces latency by processing data closer,spark,20,12.0,ok,spark,1788504153.2892768,46.101,33.552,2
205.51,2,209.982,1788504153.71336,1,b02-o02-spark-c1,,8,False,205.505,llama3.2:1b,etri-ser0002-cgnmsb,ACTIVE,0.005,219f380a-b8ba-476c-9952-75016d6bfa7b,Edge computing reduces latency by processing data closer,spark,20,12.0,ok,spark,1788504153.5033827,45.309,28.969,2
202.266,2,205.651,1788504153.9191422,1,b02-o02-spark-c1,,8,False,202.263,llama3.2:1b,etri-ser0002-cgnmsb,ACTIVE,0.003,2c696dff-d851-479b-bbf3-792f4ef14953,Edge computing reduces latency by processing data closer,spark,20,12.0,ok,spark,1788504153.7134938,45.798,27.244,2
202.985,2,205.206,1788504154.1244009,1,b02-o02-spark-c1,,8,False,202.982,llama3.2:1b,etri-ser0002-cgnmsb,ACTIVE,0.003,4bf2bbd1-9d8a-48eb-bb31-79ee381812f8,Edge computing reduces latency by processing data closer,spark,20,12.0,ok,spark,1788504153.9191957,46.054,27.601,2
206.292,2,210.973,1788504154.3353932,1,b02-o02-spark-c1,,8,False,206.281,llama3.2:1b,etri-ser0002-cgnmsb,ACTIVE,0.011,1906207e-b843-43e1-b996-28991200e222,Edge computing reduces latency by processing data closer,spark,20,12.0,ok,spark,1788504154.124425,46.214,30.947,2
208.918,2,214.821,1788504154.550348,1,b02-o02-spark-c1,,8,False,208.905,llama3.2:1b,etri-ser0002-cgnmsb,ACTIVE,0.013,1d40065b-d3f8-4f3d-948c-e53ee0cdf8e6,Edge computing reduces latency by processing data closer,spark,20,12.0,ok,spark,1788504154.335531,46.115,33.44,2
207.096,2,213.546,1788504154.7639802,1,b02-o02-spark-c1,,8,False,207.082,llama3.2:1b,etri-ser0002-cgnmsb,ACTIVE,0.014,ecaf714f-bd1d-4997-aefd-f483f53c3279,Edge computing reduces latency by processing data closer,spark,20,12.0,ok,spark,1788504154.5504384,45.865,33.006,2
202.285,2,205.62,1788504154.9697342,1,b02-o02-spark-c1,,8,False,202.283,llama3.2:1b,etri-ser0002-cgnmsb,ACTIVE,0.003,23084ddd-bb1d-4b0e-b8ea-960b1464baf4,Edge computing reduces latency by processing data closer,spark,20,12.0,ok,spark,1788504154.7641184,46.09,27.67,2
204.653,2,209.02,1788504155.1788576,1,b02-o02-spark-c1,,8,False,204.647,llama3.2:1b,etri-ser0002-cgnmsb,ACTIVE,0.006,c9fafb34-8d08-4164-b9bc-7fed8cc5352e,Edge computing reduces latency by processing data closer,spark,20,12.0,ok,spark,1788504154.9698417,46.241,29.541,2
206.227,2,212.335,1788504155.3912988,1,b02-o02-spark-c1,,8,False,206.224,llama3.2:1b,etri-ser0002-cgnmsb,ACTIVE,0.003,1736e643-1ec6-4381-bc23-cf82a57b69d7,Edge computing reduces latency by processing data closer,spark,20,12.0,ok,spark,1788504155.1789672,46.173,31.142,2
208.516,2,215.296,1788504155.6066842,1,b02-o02-spark-c1,,8,False,208.502,llama3.2:1b,etri-ser0002-cgnmsb,ACTIVE,0.014,09773add-52b8-4db2-b5ae-4f7569138921,Edge computing reduces latency by processing data closer,spark,20,12.0,ok,spark,1788504155.3913918,46.045,32.817,2
205.948,2,210.129,1788504155.8169012,1,b02-o02-spark-c1,,8,False,205.946,llama3.2:1b,etri-ser0002-cgnmsb,ACTIVE,0.003,77efd148-ead1-46af-9947-0529cf608d63,Edge computing reduces latency by processing data closer,spark,20,12.0,ok,spark,1788504155.606774,46.115,30.816,2
207.413,2,213.849,1788504156.0307968,1,b02-o02-spark-c1,,8,False,207.4,llama3.2:1b,etri-ser0002-cgnmsb,ACTIVE,0.013,95b4e322-71a5-441e-96bc-226bd7cc3b7b,Edge computing reduces latency by processing data closer,spark,20,12.0,ok,spark,1788504155.816951,46.093,31.621,2
206.399,2,212.676,1788504156.2435668,1,b02-o02-spark-c1,,8,False,206.387,llama3.2:1b,etri-ser0002-cgnmsb,ACTIVE,0.012,85023cef-61dd-4700-b6dd-6ae13ea4a952,Edge computing reduces latency by processing data closer,spark,20,12.0,ok,spark,1788504156.0308945,46.25,31.752,2
208.739,2,215.331,1788504156.4589913,1,b02-o02-spark-c1,,8,False,208.725,llama3.2:1b,etri-ser0002-cgnmsb,ACTIVE,0.014,82aec681-a4f6-48d6-93f9-8a2a0a18a33e,Edge computing reduces latency by processing data closer,spark,20,12.0,ok,spark,1788504156.2436638,46.045,32.896,2
206.942,2,213.409,1788504156.6724877,1,b02-o02-spark-c1,,8,False,206.928,llama3.2:1b,etri-ser0002-cgnmsb,ACTIVE,0.013,bb1b81d7-4f6e-4833-b76e-8cb710289748,Edge computing reduces latency by processing data closer,spark,20,12.0,ok,spark,1788504156.4590833,46.038,31.504,2
206.817,2,210.914,1788504156.8835177,1,b02-o02-spark-c1,,8,False,206.806,llama3.2:1b,etri-ser0002-cgnmsb,ACTIVE,0.012,e4716171-0316-4342-9c12-7ad0fe6e1a22,Edge computing reduces latency by processing data closer,spark,20,12.0,ok,spark,1788504156.6726046,45.895,32.551,2
203.348,2,205.921,1788504157.089466,1,b02-o02-spark-c1,,8,False,203.344,llama3.2:1b,etri-ser0002-cgnmsb,ACTIVE,0.004,ff2b7379-213e-40d5-b022-bd3fae651acf,Edge computing reduces latency by processing data closer,spark,20,12.0,ok,spark,1788504156.8835466,46.041,28.348,2
206.293,2,209.823,1788504157.2993114,1,b02-o02-spark-c1,,8,False,206.286,llama3.2:1b,etri-ser0002-cgnmsb,ACTIVE,0.008,6f882a7e-8c1f-4bfb-a440-cd406dc6ab2d,Edge computing reduces latency by processing data closer,spark,20,12.0,ok,spark,1788504157.0894907,46.121,31.286,2
205.088,2,210.734,1788504157.5100882,1,b02-o02-spark-c1,,8,False,205.074,llama3.2:1b,etri-ser0002-cgnmsb,ACTIVE,0.015,258b961d-8120-480c-accd-1489e6a8be07,Edge computing reduces latency by processing data closer,spark,20,12.0,ok,spark,1788504157.2993584,46.148,30.95,2
207.678,2,213.665,1788504157.7238438,1,b02-o02-spark-c1,,8,False,207.665,llama3.2:1b,etri-ser0002-cgnmsb,ACTIVE,0.014,0144afb1-f63f-45bf-a4c5-b5dae466ab46,Edge computing reduces latency by processing data closer,spark,20,12.0,ok,spark,1788504157.5101795,46.146,32.465,2
207.877,2,213.35,1788504157.9372165,1,b02-o02-spark-c1,,8,False,207.863,llama3.2:1b,etri-ser0002-cgnmsb,ACTIVE,0.013,803b7c7e-5594-44a5-ac2a-d1bfffa0bb38,Edge computing reduces latency by processing data closer,spark,20,12.0,ok,spark,1788504157.723868,46.037,32.747,2
209.204,2,214.879,1788504158.1521297,1,b02-o02-spark-c1,,8,False,209.19,llama3.2:1b,etri-ser0002-cgnmsb,ACTIVE,0.013,ad6640b9-685d-4b75-8cb5-30eb000fa7f7,Edge computing reduces latency by processing data closer,spark,20,12.0,ok,spark,1788504157.937252,45.91,33.232,2
206.572,2,211.728,1788504158.363881,1,b02-o02-spark-c1,,8,False,206.541,llama3.2:1b,etri-ser0002-cgnmsb,ACTIVE,0.031,9d822686-4731-4d79-8866-9df40f60582d,Edge computing reduces latency by processing data closer,spark,20,12.0,ok,spark,1788504158.1521544,45.904,31.625,2
202.272,2,204.961,1788504158.568864,1,b02-o02-spark-c1,,8,False,202.269,llama3.2:1b,etri-ser0002-cgnmsb,ACTIVE,0.004,965ec10a-c18b-4de2-9166-91f00fafc7e4,Edge computing reduces latency by processing data closer,spark,20,12.0,ok,spark,1788504158.3639066,46.11,28.585,2
204.086,2,207.959,1788504158.776885,1,b02-o02-spark-c1,,8,False,204.08,llama3.2:1b,etri-ser0002-cgnmsb,ACTIVE,0.005,2baac875-d007-4ae5-982b-edc1fb72e2f9,Edge computing reduces latency by processing data closer,spark,20,12.0,ok,spark,1788504158.5689292,45.926,28.864,2
207.063,2,212.57,1788504158.9895444,1,b02-o02-spark-c1,,8,False,207.05,llama3.2:1b,etri-ser0002-cgnmsb,ACTIVE,0.012,9506f3be-db1f-4d1d-a20d-4d514ae926d6,Edge computing reduces latency by processing data closer,spark,20,12.0,ok,spark,1788504158.776976,45.752,32.363,2
204.739,2,207.521,1788504159.1971166,1,b02-o02-spark-c1,,8,False,204.737,llama3.2:1b,etri-ser0002-cgnmsb,ACTIVE,0.002,4196e5b8-b5bc-4405-b882-b82438a779ba,Edge computing reduces latency by processing data closer,spark,20,12.0,ok,spark,1788504158.9895992,45.578,27.904,2
204.805,2,208.643,1788504159.4058607,1,b02-o02-spark-c1,,8,False,204.802,llama3.2:1b,etri-ser0002-cgnmsb,ACTIVE,0.002,4348a927-86c5-4927-a36b-ffdfc4bd3131,Edge computing reduces latency by processing data closer,spark,20,12.0,ok,spark,1788504159.1972184,45.681,29.816,2
236.721,2,242.628,1788504162.6879394,1,b02-o03-agx-c1,,8,False,236.707,llama3.2:1b,etri-ser0001-cg0msb,ACTIVE,0.013,22e61ba5-2aeb-47a0-940c-8ba6bbe7ccba,Edge computing reduces latency by processing data closer,agx,21,12.0,ok,agx,1788504162.445313,43.689,54.23,3
202.397,2,204.11,1788504162.8920827,1,b02-o03-agx-c1,,8,False,202.394,llama3.2:1b,etri-ser0001-cg0msb,ACTIVE,0.004,2023818e-274a-40a3-b548-11191b7bbcfb,Edge computing reduces latency by processing data closer,agx,21,12.0,ok,agx,1788504162.6879733,45.673,26.983,3
203.153,2,204.838,1788504163.0969424,1,b02-o03-agx-c1,,8,False,203.148,llama3.2:1b,etri-ser0001-cg0msb,ACTIVE,0.004,f7156ad6-9a28-4c7d-b0c1-1d5ee0768a3a,Edge computing reduces latency by processing data closer,agx,21,12.0,ok,agx,1788504162.8921065,45.504,26.965,3
201.699,2,203.494,1788504163.3004699,1,b02-o03-agx-c1,,8,False,201.695,llama3.2:1b,etri-ser0001-cg0msb,ACTIVE,0.004,571c50a5-34cc-4245-8def-100fd7c252af,Edge computing reduces latency by processing data closer,agx,21,12.0,ok,agx,1788504163.096978,46.408,29.029,3
198.04,2,199.849,1788504163.5003512,1,b02-o03-agx-c1,,8,False,198.037,llama3.2:1b,etri-ser0001-cg0msb,ACTIVE,0.004,c2740c61-f42d-4370-af7c-69fd5d8f518f,Edge computing reduces latency by processing data closer,agx,21,12.0,ok,agx,1788504163.3005042,46.829,26.941,3
208.782,2,210.575,1788504163.710959,1,b02-o03-agx-c1,,8,False,208.778,llama3.2:1b,etri-ser0001-cg0msb,ACTIVE,0.004,4052496e-3741-4ec7-b071-e289cdd155ac,Edge computing reduces latency by processing data closer,agx,21,12.0,ok,agx,1788504163.5003862,44.261,27.797,3
207.224,2,209.031,1788504163.9200218,1,b02-o03-agx-c1,,8,False,207.22,llama3.2:1b,etri-ser0001-cg0msb,ACTIVE,0.004,c7529fb0-4aab-4f29-84ae-44df819c9857,Edge computing reduces latency by processing data closer,agx,21,12.0,ok,agx,1788504163.7109926,44.69,28.057,3
207.652,2,209.57,1788504164.1296225,1,b02-o03-agx-c1,,8,False,207.648,llama3.2:1b,etri-ser0001-cg0msb,ACTIVE,0.004,80fe2866-8933-4e50-b498-1b8f711e231e,Edge computing reduces latency by processing data closer,agx,21,12.0,ok,agx,1788504163.9200544,44.394,27.28,3
209.304,2,211.155,1788504164.340812,1,b02-o03-agx-c1,,8,False,209.3,llama3.2:1b,etri-ser0001-cg0msb,ACTIVE,0.003,251be3e9-2316-46d4-8b37-bb567497c97c,Edge computing reduces latency by processing data closer,agx,21,12.0,ok,agx,1788504164.1296587,44.354,28.705,3
209.051,2,210.863,1788504164.5517085,1,b02-o03-agx-c1,,8,False,209.047,llama3.2:1b,etri-ser0001-cg0msb,ACTIVE,0.004,7fb7b1eb-2504-413a-89ce-74d77a0477e8,Edge computing reduces latency by processing data closer,agx,21,12.0,ok,agx,1788504164.3408477,44.401,28.542,3
199.752,2,201.572,1788504164.7533135,1,b02-o03-agx-c1,,8,False,199.747,llama3.2:1b,etri-ser0001-cg0msb,ACTIVE,0.004,a37f51a4-bbe8-4f2c-8d67-1e2a8e0ba0bb,Edge computing reduces latency by processing data closer,agx,21,12.0,ok,agx,1788504164.5517437,46.394,26.973,3
201.124,2,202.964,1788504164.956311,1,b02-o03-agx-c1,,8,False,201.12,llama3.2:1b,etri-ser0001-cg0msb,ACTIVE,0.004,0d59eb6b-b53e-4e3c-81d7-a1d472c0d9dc,Edge computing reduces latency by processing data closer,agx,21,12.0,ok,agx,1788504164.7533498,45.99,26.917,3
205.76,2,207.688,1788504165.1640348,1,b02-o03-agx-c1,,8,False,205.755,llama3.2:1b,etri-ser0001-cg0msb,ACTIVE,0.005,72613c25-ae09-44bb-b3a0-c1c3b91c80e1,Edge computing reduces latency by processing data closer,agx,21,12.0,ok,agx,1788504164.9563487,44.812,26.979,3
202.634,2,204.526,1788504165.3685954,1,b02-o03-agx-c1,,8,False,202.631,llama3.2:1b,etri-ser0001-cg0msb,ACTIVE,0.003,16c056c0-d15b-4656-9414-e0104fe795e5,Edge computing reduces latency by processing data closer,agx,21,12.0,ok,agx,1788504165.1640708,45.73,27.484,3
203.673,2,205.461,1788504165.574089,1,b02-o03-agx-c1,,8,False,203.669,llama3.2:1b,etri-ser0001-cg0msb,ACTIVE,0.004,d0c8c8e5-9c60-4e06-83bb-bd2972092524,Edge computing reduces latency by processing data closer,agx,21,12.0,ok,agx,1788504165.3686302,45.505,27.564,3
214.512,2,216.388,1788504165.79051,1,b02-o03-agx-c1,,8,False,214.508,llama3.2:1b,etri-ser0001-cg0msb,ACTIVE,0.004,22989172-7402-438f-ada2-beb92e11fd07,Edge computing reduces latency by processing data closer,agx,21,12.0,ok,agx,1788504165.5741239,43.117,28.615,3
213.952,2,215.813,1788504166.0063562,1,b02-o03-agx-c1,,8,False,213.949,llama3.2:1b,etri-ser0001-cg0msb,ACTIVE,0.003,9976e431-7697-4470-9e31-861aa1c97150,Edge computing reduces latency by processing data closer,agx,21,12.0,ok,agx,1788504165.7905455,43.228,28.524,3
218.646,2,220.519,1788504166.2269099,1,b02-o03-agx-c1,,8,False,218.641,llama3.2:1b,etri-ser0001-cg0msb,ACTIVE,0.004,ec655a2f-d6c6-48de-bc17-e5070a5585df,Edge computing reduces latency by processing data closer,agx,21,12.0,ok,agx,1788504166.0063932,42.193,28.751,3
214.498,2,216.235,1788504166.44318,1,b02-o03-agx-c1,,8,False,214.494,llama3.2:1b,etri-ser0001-cg0msb,ACTIVE,0.004,ab6abf0c-a035-4c4c-9dc2-f36470c2c2ab,Edge computing reduces latency by processing data closer,agx,21,12.0,ok,agx,1788504166.2269468,42.981,28.102,3
208.045,2,209.928,1788504166.6531346,1,b02-o03-agx-c1,,8,False,208.04,llama3.2:1b,etri-ser0001-cg0msb,ACTIVE,0.005,57f9bd80-a5fb-4ceb-883e-80a2519324f4,Edge computing reduces latency by processing data closer,agx,21,12.0,ok,agx,1788504166.4432094,45.457,31.792,3
212.044,2,213.87,1788504166.8670394,1,b02-o03-agx-c1,,8,False,212.042,llama3.2:1b,etri-ser0001-cg0msb,ACTIVE,0.003,febd9315-0a55-4315-b865-9c497b155876,Edge computing reduces latency by processing data closer,agx,21,12.0,ok,agx,1788504166.653172,43.491,27.816,3
205.002,2,206.693,1788504167.0737648,1,b02-o03-agx-c1,,8,False,204.998,llama3.2:1b,etri-ser0001-cg0msb,ACTIVE,0.004,94e3cde5-590e-493d-bf95-788da66bb193,Edge computing reduces latency by processing data closer,agx,21,12.0,ok,agx,1788504166.8670743,45.564,29.113,3
216.643,2,218.061,1788504167.2918608,1,b02-o03-agx-c1,,8,False,216.641,llama3.2:1b,etri-ser0001-cg0msb,ACTIVE,0.002,509206a3-c9fb-482a-842b-b0aebb0cdd8d,Edge computing reduces latency by processing data closer,agx,21,12.0,ok,agx,1788504167.073801,42.858,29.719,3
214.195,2,216.311,1788504167.508193,1,b02-o03-agx-c1,,8,False,214.191,llama3.2:1b,etri-ser0001-cg0msb,ACTIVE,0.004,28b55dd0-d114-4b02-bbbe-eda0b5c99716,Edge computing reduces latency by processing data closer,agx,21,12.0,ok,agx,1788504167.2918847,43.207,28.828,3
219.639,2,221.501,1788504167.7297268,1,b02-o03-agx-c1,,8,False,219.635,llama3.2:1b,etri-ser0001-cg0msb,ACTIVE,0.004,eae7fc8e-f885-486b-b874-06da07880243,Edge computing reduces latency by processing data closer,agx,21,12.0,ok,agx,1788504167.5082278,42.06,29.016,3
209.223,2,211.008,1788504167.9407692,1,b02-o03-agx-c1,,8,False,209.219,llama3.2:1b,etri-ser0001-cg0msb,ACTIVE,0.004,d714a6ca-cfab-4b9b-9fd9-ec930c559eee,Edge computing reduces latency by processing data closer,agx,21,12.0,ok,agx,1788504167.7297633,44.368,28.618,3
207.805,2,209.711,1788504168.1505125,1,b02-o03-agx-c1,,8,False,207.801,llama3.2:1b,etri-ser0001-cg0msb,ACTIVE,0.004,69516098-32f8-4320-a099-e27795b6ab9f,Edge computing reduces latency by processing data closer,agx,21,12.0,ok,agx,1788504167.9408042,44.586,28.133,3
203.297,2,205.174,1788504168.355725,1,b02-o03-agx-c1,,8,False,203.293,llama3.2:1b,etri-ser0001-cg0msb,ACTIVE,0.004,b3c5ee48-2d0c-4d71-8bae-4d837d6bbb34,Edge computing reduces latency by processing data closer,agx,21,12.0,ok,agx,1788504168.1505537,45.59,27.565,3
198.288,2,200.094,1788504168.555851,1,b02-o03-agx-c1,,8,False,198.285,llama3.2:1b,etri-ser0001-cg0msb,ACTIVE,0.004,746b1631-e332-4df1-ad2d-b865aa89d613,Edge computing reduces latency by processing data closer,agx,21,12.0,ok,agx,1788504168.355759,46.783,27.004,3
202.891,2,204.779,1788504168.7606626,1,b02-o03-agx-c1,,8,False,202.887,llama3.2:1b,etri-ser0001-cg0msb,ACTIVE,0.004,6fa463a5-da49-4915-bc81-44c896a16f33,Edge computing reduces latency by processing data closer,agx,21,12.0,ok,agx,1788504168.555886,45.716,27.604,3
203.783,2,205.577,1788504168.966273,1,b02-o03-agx-c1,,8,False,203.779,llama3.2:1b,etri-ser0001-cg0msb,ACTIVE,0.004,67294583-5354-47af-a91b-e855480b3ff6,Edge computing reduces latency by processing data closer,agx,21,12.0,ok,agx,1788504168.7606986,45.245,26.745,3
214.927,2,217.045,1788504169.183352,1,b02-o03-agx-c1,,8,False,214.924,llama3.2:1b,etri-ser0001-cg0msb,ACTIVE,0.003,bd90d325-b47a-4d6f-8053-844c7ebe288e,Edge computing reduces latency by processing data closer,agx,21,12.0,ok,agx,1788504168.9663098,43.196,29.468,3
204.704,2,206.618,1788504169.3900025,1,b02-o03-agx-c1,,8,False,204.701,llama3.2:1b,etri-ser0001-cg0msb,ACTIVE,0.004,796e27fe-a497-4668-af1c-23b0f2ad3911,Edge computing reduces latency by processing data closer,agx,21,12.0,ok,agx,1788504169.1833878,45.395,28.235,3
206.596,2,208.331,1788504169.5983737,1,b02-o03-agx-c1,,8,False,206.592,llama3.2:1b,etri-ser0001-cg0msb,ACTIVE,0.004,2d74eea7-f7ee-4277-ba1f-afe919c1dfca,Edge computing reduces latency by processing data closer,agx,21,12.0,ok,agx,1788504169.3900435,44.822,27.909,3
211.895,2,213.646,1788504169.812041,1,b02-o03-agx-c1,,8,False,211.891,llama3.2:1b,etri-ser0001-cg0msb,ACTIVE,0.004,2927e21c-608b-48ce-bf7e-4220e51c148c,Edge computing reduces latency by processing data closer,agx,21,12.0,ok,agx,1788504169.5983977,43.554,27.886,3
203.325,2,205.072,1788504170.017146,1,b02-o03-agx-c1,,8,False,203.323,llama3.2:1b,etri-ser0001-cg0msb,ACTIVE,0.003,74f4402e-1ff7-439d-8776-967c6c25638c,Edge computing reduces latency by processing data closer,agx,21,12.0,ok,agx,1788504169.8120759,45.603,27.65,3
213.591,2,215.4,1788504170.232579,1,b02-o03-agx-c1,,8,False,213.589,llama3.2:1b,etri-ser0001-cg0msb,ACTIVE,0.003,dbeff3ae-9b2e-472f-8e81-53158251484d,Edge computing reduces latency by processing data closer,agx,21,12.0,ok,agx,1788504170.0171814,43.522,29.327,3
202.146,2,204.018,1788504170.4366305,1,b02-o03-agx-c1,,8,False,202.142,llama3.2:1b,etri-ser0001-cg0msb,ACTIVE,0.004,cbd366ca-ce5c-40db-aa8d-ba476bd20307,Edge computing reduces latency by processing data closer,agx,21,12.0,ok,agx,1788504170.2326145,46.049,28.279,3
203.52,2,205.283,1788504170.6419458,1,b02-o03-agx-c1,,8,False,203.515,llama3.2:1b,etri-ser0001-cg0msb,ACTIVE,0.005,0857b812-9861-4422-a83c-414eaffa5a50,Edge computing reduces latency by processing data closer,agx,21,12.0,ok,agx,1788504170.4366653,45.373,26.962,3
207.385,2,209.21,1788504170.8511882,1,b02-o03-agx-c1,,8,False,207.382,llama3.2:1b,etri-ser0001-cg0msb,ACTIVE,0.003,d159d2a7-e77d-43cb-872f-c0177baf30c0,Edge computing reduces latency by processing data closer,agx,21,12.0,ok,agx,1788504170.641981,44.371,26.792,3
215.392,2,217.177,1788504171.0683992,1,b02-o03-agx-c1,,8,False,215.389,llama3.2:1b,etri-ser0001-cg0msb,ACTIVE,0.003,c3877fb7-1441-44a0-9e76-27308bc4b695,Edge computing reduces latency by processing data closer,agx,21,12.0,ok,agx,1788504170.851224,42.73,28.054,3
213.827,2,215.566,1788504171.2840016,1,b02-o03-agx-c1,,8,False,213.823,llama3.2:1b,etri-ser0001-cg0msb,ACTIVE,0.004,86cbce79-4b51-46d5-87a9-75410c0a235a,Edge computing reduces latency by processing data closer,agx,21,12.0,ok,agx,1788504171.068438,43.526,29.715,3
210.297,2,211.937,1788504171.4959724,1,b02-o03-agx-c1,,8,False,210.295,llama3.2:1b,etri-ser0001-cg0msb,ACTIVE,0.003,d8826f2f-874e-43c3-896b-16cc7d47da4e,Edge computing reduces latency by processing data closer,agx,21,12.0,ok,agx,1788504171.2840374,44.029,28.307,3
203.107,2,204.969,1788504171.7009752,1,b02-o03-agx-c1,,8,False,203.103,llama3.2:1b,etri-ser0001-cg0msb,ACTIVE,0.004,8959ddfe-549f-4418-8c09-7272fe3ba61b,Edge computing reduces latency by processing data closer,agx,21,12.0,ok,agx,1788504171.4960074,45.452,26.738,3
205.137,2,206.829,1788504171.9078267,1,b02-o03-agx-c1,,8,False,205.133,llama3.2:1b,etri-ser0001-cg0msb,ACTIVE,0.004,f541be70-ea99-4f3a-9d64-87af49979b35,Edge computing reduces latency by processing data closer,agx,21,12.0,ok,agx,1788504171.7010002,45.582,29.316,3
218.674,2,220.739,1788504172.1286054,1,b02-o03-agx-c1,,8,False,218.67,llama3.2:1b,etri-ser0001-cg0msb,ACTIVE,0.004,a825595a-93f9-4f7c-8519-aeb60adf8596,Edge computing reduces latency by processing data closer,agx,21,12.0,ok,agx,1788504171.9078686,42.237,29.006,3
217.087,2,218.97,1788504172.3476079,1,b02-o03-agx-c1,,8,False,217.083,llama3.2:1b,etri-ser0001-cg0msb,ACTIVE,0.004,f386c598-ed8b-4a44-adfc-b66bfff91636,Edge computing reduces latency by processing data closer,agx,21,12.0,ok,agx,1788504172.1286402,42.687,29.36,3
210.635,2,212.415,1788504172.560057,1,b02-o03-agx-c1,,8,False,210.632,llama3.2:1b,etri-ser0001-cg0msb,ACTIVE,0.004,9ac2cef1-2fe7-4a72-81b1-51cd3c56c2c0,Edge computing reduces latency by processing data closer,agx,21,12.0,ok,agx,1788504172.347644,44.051,28.81,3
203.358,2,205.22,1788504172.765311,1,b02-o03-agx-c1,,8,False,203.354,llama3.2:1b,etri-ser0001-cg0msb,ACTIVE,0.004,8de92b9f-7039-4f50-8b2d-be48e751e5ec,Edge computing reduces latency by processing data closer,agx,21,12.0,ok,agx,1788504172.5600934,45.697,28.03,3
201.238,2,203.012,1788504172.9683557,1,b02-o03-agx-c1,,8,False,201.234,llama3.2:1b,etri-ser0001-cg0msb,ACTIVE,0.004,fc55ec87-35c9-431d-a6cd-1621a091bcb4,Edge computing reduces latency by processing data closer,agx,21,12.0,ok,agx,1788504172.7653456,46.184,27.792,3
207.299,2,209.166,1788504173.177556,1,b02-o03-agx-c1,,8,False,207.295,llama3.2:1b,etri-ser0001-cg0msb,ACTIVE,0.004,e270a84a-5fd0-4ccc-9bde-1572971b0071,Edge computing reduces latency by processing data closer,agx,21,12.0,ok,agx,1788504172.9683917,44.45,27.038,3
200.319,2,202.377,1788504173.3799648,1,b02-o03-agx-c1,,8,False,200.315,llama3.2:1b,etri-ser0001-cg0msb,ACTIVE,0.004,4f2eb28f-263b-4841-8ce1-1e56a622a505,Edge computing reduces latency by processing data closer,agx,21,12.0,ok,agx,1788504173.1775908,46.204,26.829,3
201.077,2,203.117,1788504173.583119,1,b02-o03-agx-c1,,8,False,201.074,llama3.2:1b,etri-ser0001-cg0msb,ACTIVE,0.004,3decb284-56da-40eb-9bfb-ee6fb589916e,Edge computing reduces latency by processing data closer,agx,21,12.0,ok,agx,1788504173.3800042,45.991,26.82,3
210.438,2,212.34,1788504173.7954917,1,b02-o03-agx-c1,,8,False,210.434,llama3.2:1b,etri-ser0001-cg0msb,ACTIVE,0.004,af3a3314-c3fc-4132-bbba-f7989abb23ae,Edge computing reduces latency by processing data closer,agx,21,12.0,ok,agx,1788504173.583154,43.747,27.282,3
204.32,2,206.182,1788504174.0017068,1,b02-o03-agx-c1,,8,False,204.318,llama3.2:1b,etri-ser0001-cg0msb,ACTIVE,0.002,fe392d08-0a66-4359-a811-4dce1400593f,Edge computing reduces latency by processing data closer,agx,21,12.0,ok,agx,1788504173.795527,45.195,27.218,3
216.577,2,218.432,1788504174.220172,1,b02-o03-agx-c1,,8,False,216.573,llama3.2:1b,etri-ser0001-cg0msb,ACTIVE,0.004,ee1eb231-bd7b-4867-96ea-af4661774f76,Edge computing reduces latency by processing data closer,agx,21,12.0,ok,agx,1788504174.0017424,42.557,28.358,3
212.574,2,214.097,1788504174.4343035,1,b02-o03-agx-c1,,8,False,212.572,llama3.2:1b,etri-ser0001-cg0msb,ACTIVE,0.003,5b35cbe8-09e4-4d73-bfe1-6910ca2168a6,Edge computing reduces latency by processing data closer,agx,21,12.0,ok,agx,1788504174.2202086,43.837,29.727,3
206.346,2,208.299,1788504174.6426375,1,b02-o03-agx-c1,,8,False,206.342,llama3.2:1b,etri-ser0001-cg0msb,ACTIVE,0.004,f0a9665a-541f-4289-ba9f-43ad68078316,Edge computing reduces latency by processing data closer,agx,21,12.0,ok,agx,1788504174.434341,45.08,28.643,3
210.893,2,218.117,1788504177.8960843,16,b02-o04-spark-c16,,8,False,210.885,llama3.2:1b,etri-ser0002-cgnmsb,ACTIVE,0.008,b7c87ebc-90b1-4a2e-abff-bb1a22dc5008,Edge computing reduces latency by processing data closer,spark,22,12.0,ok,spark,1788504177.6779687,45.481,33.405,4
415.319,2,422.452,1788504178.1020746,16,b02-o04-spark-c16,,8,False,205.795,llama3.2:1b,etri-ser0002-cgnmsb,ACTIVE,209.524,d4692e28-cf46-4d36-b692-33eba0c64ead,Edge computing reduces latency by processing data closer,spark,22,12.0,ok,spark,1788504177.6796236,46.022,240.581,4
618.516,2,624.759,1788504178.3084037,16,b02-o04-spark-c16,,8,False,206.199,llama3.2:1b,etri-ser0002-cgnmsb,ACTIVE,412.318,f4583d85-0965-43d6-8899-095783515e05,Edge computing reduces latency by processing data closer,spark,22,12.0,ok,spark,1788504177.6836448,46.097,443.215,4
825.26,2,834.697,1788504178.5157263,16,b02-o04-spark-c16,,8,False,206.486,llama3.2:1b,etri-ser0002-cgnmsb,ACTIVE,618.774,b2ea6ce0-6354-44c9-bb1f-c817affb610b,Edge computing reduces latency by processing data closer,spark,22,12.0,ok,spark,1788504177.681032,46.083,650.903,4
1021.853,2,1037.702,1788504178.7201724,16,b02-o04-spark-c16,,8,False,204.344,llama3.2:1b,etri-ser0002-cgnmsb,ACTIVE,817.509,2e5fdd99-096a-4122-b55b-454e447d663d,Edge computing reduces latency by processing data closer,spark,22,12.0,ok,spark,1788504177.6824746,46.033,847.475,4
1224.755,2,1235.018,1788504178.9230824,16,b02-o04-spark-c16,,8,False,202.796,llama3.2:1b,etri-ser0002-cgnmsb,ACTIVE,1021.958,05d6ee16-fc85-4b2d-a330-27a8650c0a10,Edge computing reduces latency by processing data closer,spark,22,12.0,ok,spark,1788504177.6880677,45.877,1049.766,4
1429.138,2,1443.122,1788504179.12805,16,b02-o04-spark-c16,,8,False,205.022,llama3.2:1b,etri-ser0002-cgnmsb,ACTIVE,1224.116,7f419d19-5c81-4bf4-94b8-819ba7c91f88,Edge computing reduces latency by processing data closer,spark,22,12.0,ok,spark,1788504177.6849277,46.083,1253.616,4
1639.224,2,1646.763,1788504179.3385754,16,b02-o04-spark-c16,,8,False,209.746,llama3.2:1b,etri-ser0002-cgnmsb,ACTIVE,1429.478,08230390-19e0-4bc4-ab67-d5591249ff1e,Edge computing reduces latency by processing data closer,spark,22,12.0,ok,spark,1788504177.6918132,46.1,1463.772,4
1848.154,2,1861.588,1788504179.548434,16,b02-o04-spark-c16,,8,False,208.269,llama3.2:1b,etri-ser0002-cgnmsb,ACTIVE,1639.884,0decd254-c878-4c33-a5eb-682b0d1e128f,Edge computing reduces latency by processing data closer,spark,22,12.0,ok,spark,1788504177.6868474,46.05,1672.538,4
2054.836,2,2061.284,1788504179.7550166,16,b02-o04-spark-c16,,8,False,206.307,llama3.2:1b,etri-ser0002-cgnmsb,ACTIVE,1848.529,a5455c4b-a6c7-4916-9496-3ae406130fb8,Edge computing reduces latency by processing data closer,spark,22,12.0,ok,spark,1788504177.6937323,46.128,1878.862,4
2259.124,2,2268.17,1788504179.9628258,16,b02-o04-spark-c16,,8,False,207.821,llama3.2:1b,etri-ser0002-cgnmsb,ACTIVE,2051.303,f1a2e634-f7e5-43f5-bf32-6578201aba6a,Edge computing reduces latency by processing data closer,spark,22,12.0,ok,spark,1788504177.6946588,45.927,2084.519,4
2462.562,2,2470.687,1788504180.1665294,16,b02-o04-spark-c16,,8,False,203.13,llama3.2:1b,etri-ser0002-cgnmsb,ACTIVE,2259.432,02080602-3326-4c59-9ed7-163bcff2d867,Edge computing reduces latency by processing data closer,spark,22,12.0,ok,spark,1788504177.695848,45.789,2287.389,4
2665.984,2,2670.623,1788504180.3701682,16,b02-o04-spark-c16,,8,False,203.555,llama3.2:1b,etri-ser0002-cgnmsb,ACTIVE,2462.428,c7861c4e-baf9-4d9a-a84b-34a5637f6636,Edge computing reduces latency by processing data closer,spark,22,12.0,ok,spark,1788504177.6995473,46.17,2490.262,4
2873.106,2,2876.949,1788504180.5789776,16,b02-o04-spark-c16,,8,False,208.356,llama3.2:1b,etri-ser0002-cgnmsb,ACTIVE,2664.75,91ed1792-2da2-40a3-9ea2-3a72094bc414,Edge computing reduces latency by processing data closer,spark,22,12.0,ok,spark,1788504177.702032,46.185,2698.816,4
3077.474,2,3080.953,1788504180.7849088,16,b02-o04-spark-c16,,8,False,205.185,llama3.2:1b,etri-ser0002-cgnmsb,ACTIVE,2872.289,60dc1be7-69d0-4c84-80e0-b7e8272c9fa1,Edge computing reduces latency by processing data closer,spark,22,12.0,ok,spark,1788504177.7039587,46.063,2902.33,4
3283.455,2,3287.432,1788504180.9905846,16,b02-o04-spark-c16,,8,False,205.844,llama3.2:1b,etri-ser0002-cgnmsb,ACTIVE,3077.611,6f835984-9b71-4122-a36c-8df079a40080,Edge computing reduces latency by processing data closer,spark,22,12.0,ok,spark,1788504177.7031586,45.82,3108.024,4
3295.593,2,3299.836,1788504181.1959577,16,b02-o04-spark-c16,,8,False,204.697,llama3.2:1b,etri-ser0002-cgnmsb,ACTIVE,3090.896,d3cf55a9-beec-4a6d-bbf4-9fd99a867775,Edge computing reduces latency by processing data closer,spark,22,12.0,ok,spark,1788504177.896128,46.083,3119.023,4
3296.51,2,3300.953,1788504181.4030612,16,b02-o04-spark-c16,,8,False,207.281,llama3.2:1b,etri-ser0002-cgnmsb,ACTIVE,3089.228,ba928b00-3579-4b4b-a512-e3c5405069e8,Edge computing reduces latency by processing data closer,spark,22,12.0,ok,spark,1788504178.1021106,46.038,3122.615,4
3292.4,2,3298.039,1788504181.6064656,16,b02-o04-spark-c16,,8,False,202.528,llama3.2:1b,etri-ser0002-cgnmsb,ACTIVE,3089.872,97b0a87f-ef0c-415f-b6a6-e63877a344d1,Edge computing reduces latency by processing data closer,spark,22,12.0,ok,spark,1788504178.3084307,46.129,3117.37,4
3290.39,2,3295.9,1788504181.811678,16,b02-o04-spark-c16,,8,False,205.459,llama3.2:1b,etri-ser0002-cgnmsb,ACTIVE,3084.931,2ba91950-41a3-433b-86b1-67d6ee988c30,Edge computing reduces latency by processing data closer,spark,22,12.0,ok,spark,1788504178.5157797,46.017,3115.621,4
3295.91,2,3298.897,1788504182.0191903,16,b02-o04-spark-c16,,8,False,206.978,llama3.2:1b,etri-ser0002-cgnmsb,ACTIVE,3088.932,dce005d2-d307-480f-a858-25e077b38475,Edge computing reduces latency by processing data closer,spark,22,12.0,ok,spark,1788504178.720296,45.964,3122.18,4
3296.997,2,3300.163,1788504182.223328,16,b02-o04-spark-c16,,8,False,203.987,llama3.2:1b,etri-ser0002-cgnmsb,ACTIVE,3093.009,80d8a502-4bbc-4744-9b34-3738176dd909,Edge computing reduces latency by processing data closer,spark,22,12.0,ok,spark,1788504178.9231694,45.984,3120.438,4
3297.408,2,3300.702,1788504182.428774,16,b02-o04-spark-c16,,8,False,205.719,llama3.2:1b,etri-ser0002-cgnmsb,ACTIVE,3091.689,c83d1d51-17dd-4462-a33e-558b32b8c7e2,Edge computing reduces latency by processing data closer,spark,22,12.0,ok,spark,1788504179.1280735,45.698,3122.866,4
3288.994,2,3294.515,1788504182.6331136,16,b02-o04-spark-c16,,8,False,203.736,llama3.2:1b,etri-ser0002-cgnmsb,ACTIVE,3085.257,bdfc37e1-3b79-41a4-bba0-decf24fabfbd,Edge computing reduces latency by processing data closer,spark,22,12.0,ok,spark,1788504179.3386023,45.63,3113.031,4
3283.984,2,3289.445,1788504182.8379438,16,b02-o04-spark-c16,,8,False,204.077,llama3.2:1b,etri-ser0002-cgnmsb,ACTIVE,3079.907,3f1d72af-570b-483c-ac25-543f2a342798,Edge computing reduces latency by processing data closer,spark,22,12.0,ok,spark,1788504179.5485024,46.169,3107.837,4
3284.237,2,3289.677,1788504183.0447114,16,b02-o04-spark-c16,,8,False,207.093,llama3.2:1b,etri-ser0002-cgnmsb,ACTIVE,3077.144,a495fa9f-b744-43c3-867e-177ebf89a60d,Edge computing reduces latency by processing data closer,spark,22,12.0,ok,spark,1788504179.7550383,45.951,3110.06,4
3285.142,2,3288.428,1788504183.2513409,16,b02-o04-spark-c16,,8,False,206.529,llama3.2:1b,etri-ser0002-cgnmsb,ACTIVE,3078.613,acb84c3c-17f0-456d-baef-f5d33548817b,Edge computing reduces latency by processing data closer,spark,22,12.0,ok,spark,1788504179.9629138,45.656,3107.106,4
3292.615,2,3295.564,1788504183.4622056,16,b02-o04-spark-c16,,8,False,210.244,llama3.2:1b,etri-ser0002-cgnmsb,ACTIVE,3082.371,1a357c67-1250-4451-9061-30317446fe25,Edge computing reduces latency by processing data closer,spark,22,12.0,ok,spark,1788504180.1666436,45.675,3115.612,4
3294.307,2,3300.577,1788504183.6707947,16,b02-o04-spark-c16,,8,False,207.94,llama3.2:1b,etri-ser0002-cgnmsb,ACTIVE,3086.367,ac785c78-d109-43d3-8121-5de21b60b4b4,Edge computing reduces latency by processing data closer,spark,22,12.0,ok,spark,1788504180.3702214,45.513,3118.128,4
3291.178,2,3297.015,1788504183.876081,16,b02-o04-spark-c16,,8,False,204.89,llama3.2:1b,etri-ser0002-cgnmsb,ACTIVE,3086.288,88661a5e-1759-48ef-b889-4268c521b78a,Edge computing reduces latency by processing data closer,spark,22,12.0,ok,spark,1788504180.5790691,45.928,3114.45,4
3290.132,2,3295.797,1788504184.0807927,16,b02-o04-spark-c16,,8,False,205.251,llama3.2:1b,etri-ser0002-cgnmsb,ACTIVE,3084.881,e63ae754-2991-4eee-b584-fc999bf22bb6,Edge computing reduces latency by processing data closer,spark,22,12.0,ok,spark,1788504180.7849963,45.946,3115.658,4
3291.171,2,3293.756,1788504184.2844467,16,b02-o04-spark-c16,,8,False,202.767,llama3.2:1b,etri-ser0002-cgnmsb,ACTIVE,3088.404,ac18cadc-7b96-489b-95c9-525f8df5e662,Edge computing reduces latency by processing data closer,spark,22,12.0,ok,spark,1788504180.9906971,46.231,3116.678,4
3287.024,2,3293.068,1788504184.4891362,16,b02-o04-spark-c16,,8,False,204.71,llama3.2:1b,etri-ser0002-cgnmsb,ACTIVE,3082.314,82eec880-d85e-4438-9532-76ff2dd3dd5f,Edge computing reduces latency by processing data closer,spark,22,12.0,ok,spark,1788504181.1960685,45.886,3111.783,4
3289.809,2,3292.204,1788504184.6953077,16,b02-o04-spark-c16,,8,False,206.257,llama3.2:1b,etri-ser0002-cgnmsb,ACTIVE,3083.552,37a682f8-eebd-445a-8e63-7c41fdcf7b69,Edge computing reduces latency by processing data closer,spark,22,12.0,ok,spark,1788504181.403107,46.034,3115.637,4
3294.342,2,3300.001,1788504184.9065564,16,b02-o04-spark-c16,,8,False,210.905,llama3.2:1b,etri-ser0002-cgnmsb,ACTIVE,3083.437,e1d3f60e-508a-46de-9b2a-eca734ce44c7,Edge computing reduces latency by processing data closer,spark,22,12.0,ok,spark,1788504181.6065586,44.751,3115.043,4
3291.428,2,3296.678,1788504185.1084023,16,b02-o04-spark-c16,,8,False,202.246,llama3.2:1b,etri-ser0002-cgnmsb,ACTIVE,3089.182,e945083b-02fa-49ee-9665-f79da33ae6d2,Edge computing reduces latency by processing data closer,spark,22,12.0,ok,spark,1788504181.8117256,45.868,3116.803,4
3290.374,2,3293.338,1788504185.3126388,16,b02-o04-spark-c16,,8,False,203.519,llama3.2:1b,etri-ser0002-cgnmsb,ACTIVE,3086.856,2d21d73f-f673-4547-8502-f7ab1a04ecb7,Edge computing reduces latency by processing data closer,spark,22,12.0,ok,spark,1788504182.019304,45.893,3114.977,4
3286.518,2,3291.657,1788504185.515074,16,b02-o04-spark-c16,,8,False,202.311,llama3.2:1b,etri-ser0002-cgnmsb,ACTIVE,3084.207,bd0f1a1f-3dfa-4d99-b1d8-f3eea0e7fec6,Edge computing reduces latency by processing data closer,spark,22,12.0,ok,spark,1788504182.2234204,45.99,3111.773,4
3287.26,2,3288.783,1788504185.7175803,16,b02-o04-spark-c16,,8,False,202.692,llama3.2:1b,etri-ser0002-cgnmsb,ACTIVE,3084.568,01d283b9-f312-4fab-963f-fb7834073ee1,Edge computing reduces latency by processing data closer,spark,22,12.0,ok,spark,1788504182.4287982,46.05,3112.969,4
3289.792,2,3293.078,1788504185.9262753,16,b02-o04-spark-c16,,8,False,207.346,llama3.2:1b,etri-ser0002-cgnmsb,ACTIVE,3082.446,7863baf9-e516-4064-b665-50c8570a5379,Edge computing reduces latency by processing data closer,spark,22,12.0,ok,spark,1788504182.6332028,46.119,3113.682,4
3290.35,2,3295.908,1788504186.1339407,16,b02-o04-spark-c16,,8,False,207.91,llama3.2:1b,etri-ser0002-cgnmsb,ACTIVE,3082.44,4f370cef-64e4-43a2-8c3d-8d782c88a7cc,Edge computing reduces latency by processing data closer,spark,22,12.0,ok,spark,1788504182.8380332,46.098,3115.311,4
3289.287,2,3292.312,1788504186.3371072,16,b02-o04-spark-c16,,8,False,203.028,llama3.2:1b,etri-ser0002-cgnmsb,ACTIVE,3086.259,ec808b02-b409-43d4-b551-961b67ac1513,Edge computing reduces latency by processing data closer,spark,22,12.0,ok,spark,1788504183.044799,46.229,3115.24,4
3284.812,2,3290.982,1788504186.5423608,16,b02-o04-spark-c16,,8,False,204.545,llama3.2:1b,etri-ser0002-cgnmsb,ACTIVE,3080.267,c9ab9849-84c7-4841-9c0f-5d5e96aadc73,Edge computing reduces latency by processing data closer,spark,22,12.0,ok,spark,1788504183.2513826,46.426,3110.988,4
3281.259,2,3287.346,1788504186.7496367,16,b02-o04-spark-c16,,8,False,206.948,llama3.2:1b,etri-ser0002-cgnmsb,ACTIVE,3074.311,cb3999f5-4f27-44b0-a11c-a780f9a52f01,Edge computing reduces latency by processing data closer,spark,22,12.0,ok,spark,1788504183.4622939,45.978,3106.405,4
3282.836,2,3285.851,1788504186.9567218,16,b02-o04-spark-c16,,8,False,206.293,llama3.2:1b,etri-ser0002-cgnmsb,ACTIVE,3076.543,6a689dde-6081-415b-a428-07559167dc88,Edge computing reduces latency by processing data closer,spark,22,12.0,ok,spark,1788504183.670875,45.713,3107.435,4
3280.98,2,3286.08,1788504187.1622343,16,b02-o04-spark-c16,,8,False,206.029,llama3.2:1b,etri-ser0002-cgnmsb,ACTIVE,3074.951,3726b13d-3d73-47dc-8d67-10db3a199bc1,Edge computing reduces latency by processing data closer,spark,22,12.0,ok,spark,1788504183.8761697,45.901,3104.888,4
3286.789,2,3288.867,1788504187.3696792,16,b02-o04-spark-c16,,8,False,206.849,llama3.2:1b,etri-ser0002-cgnmsb,ACTIVE,3079.94,70555c8c-ac3c-4077-b1d4-d572c1c4e70d,Edge computing reduces latency by processing data closer,spark,22,12.0,ok,spark,1788504184.080816,45.724,3112.101,4
3283.62,2,3288.033,1788504187.5725944,16,b02-o04-spark-c16,,8,False,202.53,llama3.2:1b,etri-ser0002-cgnmsb,ACTIVE,3081.09,dcd3c5b9-7d49-42a9-9581-5301ac59b16b,Edge computing reduces latency by processing data closer,spark,22,12.0,ok,spark,1788504184.284566,46.1,3109.649,4
3283.89,2,3287.45,1788504187.776611,16,b02-o04-spark-c16,,8,False,204.371,llama3.2:1b,etri-ser0002-cgnmsb,ACTIVE,3079.52,b3025d08-7df8-4d2d-a1aa-3653fa239e41,Edge computing reduces latency by processing data closer,spark,22,12.0,ok,spark,1788504184.489162,45.704,3108.145,4
3280.254,2,3284.492,1788504187.9798732,16,b02-o04-spark-c16,,8,False,202.546,llama3.2:1b,etri-ser0002-cgnmsb,ACTIVE,3077.708,f0a6b979-2669-4bef-b0bc-9cb71e08a8f4,Edge computing reduces latency by processing data closer,spark,22,12.0,ok,spark,1788504184.6953843,45.92,3105.75,4
3274.762,2,3277.541,1788504188.184172,16,b02-o04-spark-c16,,8,False,204.285,llama3.2:1b,etri-ser0002-cgnmsb,ACTIVE,3070.477,2d4008a7-74e1-46b7-a96c-5e1a8244dca9,Edge computing reduces latency by processing data closer,spark,22,12.0,ok,spark,1788504184.9066348,45.495,3098.481,4
3278.968,2,3282.208,1788504188.3906295,16,b02-o04-spark-c16,,8,False,205.853,llama3.2:1b,etri-ser0002-cgnmsb,ACTIVE,3073.116,18ebd425-b790-4c5b-b9c3-6d9fad24cb48,Edge computing reduces latency by processing data closer,spark,22,12.0,ok,spark,1788504185.1084263,45.998,3102.651,4
3284.135,2,3287.593,1788504188.6003213,16,b02-o04-spark-c16,,8,False,208.673,llama3.2:1b,etri-ser0002-cgnmsb,ACTIVE,3075.462,0f22d978-ee73-496c-8b45-4e9f587102d9,Edge computing reduces latency by processing data closer,spark,22,12.0,ok,spark,1788504185.312732,46.099,3107.911,4
3292.555,2,3296.5,1788504188.8116598,16,b02-o04-spark-c16,,8,False,210.829,llama3.2:1b,etri-ser0002-cgnmsb,ACTIVE,3081.726,a2f49c4f-0425-4b0a-b0bc-4356bddcdfe7,Edge computing reduces latency by processing data closer,spark,22,12.0,ok,spark,1788504185.515164,45.809,3115.811,4
3297.607,2,3302.57,1788504189.0201735,16,b02-o04-spark-c16,,8,False,209.793,llama3.2:1b,etri-ser0002-cgnmsb,ACTIVE,3087.814,153360f5-79db-4be8-94c3-8ffe023b6fb4,Edge computing reduces latency by processing data closer,spark,22,12.0,ok,spark,1788504185.7176046,45.702,3121.393,4
3298.628,2,3305.158,1788504189.2315328,16,b02-o04-spark-c16,,8,False,210.423,llama3.2:1b,etri-ser0002-cgnmsb,ACTIVE,3088.206,319e266c-c5a4-49a2-8ebf-e5052b2edea9,Edge computing reduces latency by processing data closer,spark,22,12.0,ok,spark,1788504185.926378,45.592,3121.134,4
3305.223,2,3307.983,1788504189.4419456,16,b02-o04-spark-c16,,8,False,209.911,llama3.2:1b,etri-ser0002-cgnmsb,ACTIVE,3095.313,c9375318-3f62-4d98-8d5a-a4350fbb17c6,Edge computing reduces latency by processing data closer,spark,22,12.0,ok,spark,1788504186.133965,45.654,3128.832,4
3305.868,2,3312.865,1788504189.6500607,16,b02-o04-spark-c16,,8,False,207.95,llama3.2:1b,etri-ser0002-cgnmsb,ACTIVE,3097.918,251dc762-a503-4d42-bd93-37f59fc341ab,Edge computing reduces latency by processing data closer,spark,22,12.0,ok,spark,1788504186.337196,45.72,3128.539,4
3309.056,2,3314.998,1788504189.8574498,16,b02-o04-spark-c16,,8,False,207.863,llama3.2:1b,etri-ser0002-cgnmsb,ACTIVE,3101.193,04574858-abdf-4001-8d06-d010f0f93724,Edge computing reduces latency by processing data closer,spark,22,12.0,ok,spark,1788504186.542453,46.005,3134.727,4
3307.291,2,3311.631,1788504190.0613601,16,b02-o04-spark-c16,,8,False,203.462,llama3.2:1b,etri-ser0002-cgnmsb,ACTIVE,3103.829,a0f573ce-4982-4005-8386-66aefbe87149,Edge computing reduces latency by processing data closer,spark,22,12.0,ok,spark,1788504186.7497296,45.927,3131.457,4
3307.858,2,3312.091,1788504190.2689247,16,b02-o04-spark-c16,,8,False,207.049,llama3.2:1b,etri-ser0002-cgnmsb,ACTIVE,3100.809,c56470fc-5ec4-4d87-9588-c66f2a9da621,Edge computing reduces latency by processing data closer,spark,22,12.0,ok,spark,1788504186.956834,46.148,3132.83,4
3315.424,2,3321.611,1788504190.4839165,16,b02-o04-spark-c16,,8,False,214.169,llama3.2:1b,etri-ser0002-cgnmsb,ACTIVE,3101.254,144773c3-a787-4f94-9dee-652c44569d91,Edge computing reduces latency by processing data closer,spark,22,12.0,ok,spark,1788504187.16231,44.312,3134.904,4
3316.41,2,3319.691,1788504190.6894543,16,b02-o04-spark-c16,,8,False,205.081,llama3.2:1b,etri-ser0002-cgnmsb,ACTIVE,3111.328,778d9b2e-865d-4a32-af1e-bbf20b45e618,Edge computing reduces latency by processing data closer,spark,22,12.0,ok,spark,1788504187.3697674,45.385,3139.099,4
3317.753,2,3321.036,1788504190.8937347,16,b02-o04-spark-c16,,8,False,204.607,llama3.2:1b,etri-ser0002-cgnmsb,ACTIVE,3113.146,b9e492f2-273f-496d-9589-aefc0f2dee66,Edge computing reduces latency by processing data closer,spark,22,12.0,ok,spark,1788504187.5727005,45.58,3141.623,4
3317.542,2,3319.504,1788504191.0961368,16,b02-o04-spark-c16,,8,False,202.063,llama3.2:1b,etri-ser0002-cgnmsb,ACTIVE,3115.479,19fae3ca-0853-45da-9dec-630de739fdb8,Edge computing reduces latency by processing data closer,spark,22,12.0,ok,spark,1788504187.7766345,45.953,3143.351,4
3318.269,2,3321.645,1788504191.3016067,16,b02-o04-spark-c16,,8,False,205.004,llama3.2:1b,etri-ser0002-cgnmsb,ACTIVE,3113.266,248fab6f-062d-4f22-8568-1eb56fa2e7e3,Edge computing reduces latency by processing data closer,spark,22,12.0,ok,spark,1788504187.9799628,45.541,3141.196,4
3322.998,2,3326.362,1788504191.5106373,16,b02-o04-spark-c16,,8,False,208.37,llama3.2:1b,etri-ser0002-cgnmsb,ACTIVE,3114.628,7e3b2c8a-0aac-4e41-81a9-b519293de9fe,Edge computing reduces latency by processing data closer,spark,22,12.0,ok,spark,1788504188.1842792,45.464,3145.019,4
3324.049,2,3333.31,1788504191.7240357,16,b02-o04-spark-c16,,8,False,209.791,llama3.2:1b,etri-ser0002-cgnmsb,ACTIVE,3114.258,bda7fdf2-31e9-46c1-a8da-6d98fb17cd16,Edge computing reduces latency by processing data closer,spark,22,12.0,ok,spark,1788504188.3907309,45.84,3147.983,4
3322.0,2,3328.195,1788504191.928601,16,b02-o04-spark-c16,,8,False,207.38,llama3.2:1b,etri-ser0002-cgnmsb,ACTIVE,3114.62,e34becde-4099-45ee-9517-2e128f4026a2,Edge computing reduces latency by processing data closer,spark,22,12.0,ok,spark,1788504188.6004102,46.046,3149.004,4
3314.24,2,3320.916,1788504192.132665,16,b02-o04-spark-c16,,8,False,203.971,llama3.2:1b,etri-ser0002-cgnmsb,ACTIVE,3110.269,840ca08e-f009-4795-816a-b9b168e45441,Edge computing reduces latency by processing data closer,spark,22,12.0,ok,spark,1788504188.8117492,46.208,3138.32,4
3314.548,2,3319.997,1788504192.340191,16,b02-o04-spark-c16,,8,False,207.535,llama3.2:1b,etri-ser0002-cgnmsb,ACTIVE,3107.012,9fdb7d68-d6eb-4340-a891-9407a979e829,Edge computing reduces latency by processing data closer,spark,22,12.0,ok,spark,1788504189.0201974,46.119,3141.064,4
3307.962,2,3313.145,1788504192.544758,16,b02-o04-spark-c16,,8,False,204.122,llama3.2:1b,etri-ser0002-cgnmsb,ACTIVE,3103.84,2ebd461f-3063-467d-ba4c-2dcecff39a75,Edge computing reduces latency by processing data closer,spark,22,12.0,ok,spark,1788504189.231616,46.127,3131.842,4
3307.88,2,3312.105,1788504192.7540972,16,b02-o04-spark-c16,,8,False,208.78,llama3.2:1b,etri-ser0002-cgnmsb,ACTIVE,3099.1,7d6ad6b5-9e4b-4613-bc57-4e83b7c290e4,Edge computing reduces latency by processing data closer,spark,22,12.0,ok,spark,1788504189.4419954,46.007,3132.644,4
3304.49,2,3309.983,1788504192.9600646,16,b02-o04-spark-c16,,8,False,205.899,llama3.2:1b,etri-ser0002-cgnmsb,ACTIVE,3098.591,2816017b-0fd7-46cc-850f-c3f161470394,Edge computing reduces latency by processing data closer,spark,22,12.0,ok,spark,1788504189.650084,45.894,3130.041,4
213.713,2,223.002,1788504196.2173805,2,b02-o05-spark-c2,,8,False,213.698,llama3.2:1b,etri-ser0002-cgnmsb,ACTIVE,0.015,2b52c9d7-e6a8-4118-b4f4-62dafff791cb,Edge computing reduces latency by processing data closer,spark,23,12.0,ok,spark,1788504195.9943805,45.64,38.689,5
419.457,2,430.271,1788504196.4248347,2,b02-o05-spark-c2,,8,False,206.215,llama3.2:1b,etri-ser0002-cgnmsb,ACTIVE,213.241,b9b38c9c-f855-45f5-8348-e48950511420,Edge computing reduces latency by processing data closer,spark,23,12.0,ok,spark,1788504195.9945698,45.69,241.779,5
414.473,2,417.838,1788504196.6352322,2,b02-o05-spark-c2,,8,False,210.464,llama3.2:1b,etri-ser0002-cgnmsb,ACTIVE,204.009,6b978af6-8850-432b-a231-8501cbedca9a,Edge computing reduces latency by processing data closer,spark,23,12.0,ok,spark,1788504196.2174191,45.585,236.698,5
411.321,2,417.598,1788504196.8425367,2,b02-o05-spark-c2,,8,False,207.652,llama3.2:1b,etri-ser0002-cgnmsb,ACTIVE,203.669,6edfc0ef-cec7-4b95-a934-40fe0066491a,Edge computing reduces latency by processing data closer,spark,23,12.0,ok,spark,1788504196.4249444,45.7,235.791,5
405.722,2,412.596,1788504197.0479414,2,b02-o05-spark-c2,,8,False,205.05,llama3.2:1b,etri-ser0002-cgnmsb,ACTIVE,200.672,19c83be2-1ba7-4310-889d-1c95502ab9c7,Edge computing reduces latency by processing data closer,spark,23,12.0,ok,spark,1788504196.6353486,45.681,228.631,5
410.55,2,414.115,1788504197.2567573,2,b02-o05-spark-c2,,8,False,208.099,llama3.2:1b,etri-ser0002-cgnmsb,ACTIVE,202.451,682fc961-5295-480d-a99c-97c1ce66d122,Edge computing reduces latency by processing data closer,spark,23,12.0,ok,spark,1788504196.8426478,45.492,232.432,5
409.448,2,414.81,1788504197.4628346,2,b02-o05-spark-c2,,8,False,206.493,llama3.2:1b,etri-ser0002-cgnmsb,ACTIVE,202.955,caa4ce3b-ae71-49ce-8758-96bede549960,Edge computing reduces latency by processing data closer,spark,23,12.0,ok,spark,1788504197.0480278,45.98,235.444,5
403.03,2,408.641,1788504197.6655042,2,b02-o05-spark-c2,,8,False,202.516,llama3.2:1b,etri-ser0002-cgnmsb,ACTIVE,200.515,450371df-4e35-461d-8d79-656e67aeb339,Edge computing reduces latency by processing data closer,spark,23,12.0,ok,spark,1788504197.2568686,46.015,228.868,5
404.101,2,408.149,1788504197.8710618,2,b02-o05-spark-c2,,8,False,205.116,llama3.2:1b,etri-ser0002-cgnmsb,ACTIVE,198.985,ee23c348-541f-4bc4-bc3f-4f30650e2c72,Edge computing reduces latency by processing data closer,spark,23,12.0,ok,spark,1788504197.4629157,46.057,227.923,5
410.636,2,414.219,1788504198.0798364,2,b02-o05-spark-c2,,8,False,208.648,llama3.2:1b,etri-ser0002-cgnmsb,ACTIVE,201.989,f600d08e-84c8-4d27-a9ec-c730eff6ec6a,Edge computing reduces latency by processing data closer,spark,23,12.0,ok,spark,1788504197.665621,46.063,235.224,5
411.506,2,417.048,1788504198.2881813,2,b02-o05-spark-c2,,8,False,208.435,llama3.2:1b,etri-ser0002-cgnmsb,ACTIVE,203.071,cb3d65a5-1965-43aa-b244-7e3e4dc39469,Edge computing reduces latency by processing data closer,spark,23,12.0,ok,spark,1788504197.871134,45.829,234.595,5
411.09,2,416.411,1788504198.4963362,2,b02-o05-spark-c2,,8,False,207.292,llama3.2:1b,etri-ser0002-cgnmsb,ACTIVE,203.798,90200d0b-cebc-461f-8fad-5c71dc8427a7,Edge computing reduces latency by processing data closer,spark,23,12.0,ok,spark,1788504198.079929,46.1,235.596,5
409.319,2,415.383,1788504198.703596,2,b02-o05-spark-c2,,8,False,206.689,llama3.2:1b,etri-ser0002-cgnmsb,ACTIVE,202.63,9b0d74b8-a18a-44e7-93df-1812cdb9e92b,Edge computing reduces latency by processing data closer,spark,23,12.0,ok,spark,1788504198.288217,46.061,234.275,5
407.803,2,415.287,1788504198.911731,2,b02-o05-spark-c2,,8,False,208.093,llama3.2:1b,etri-ser0002-cgnmsb,ACTIVE,199.709,665a8ee3-a66b-45c9-bad5-886a308e1838,Edge computing reduces latency by processing data closer,spark,23,12.0,ok,spark,1788504198.4964476,46.114,232.247,5
407.607,2,413.191,1788504199.116875,2,b02-o05-spark-c2,,8,False,205.553,llama3.2:1b,etri-ser0002-cgnmsb,ACTIVE,202.054,62f00db2-d3f4-4ea5-925b-22b2828b5b27,Edge computing reduces latency by processing data closer,spark,23,12.0,ok,spark,1788504198.703685,46.258,233.218,5
405.236,2,410.206,1788504199.3220346,2,b02-o05-spark-c2,,8,False,205.085,llama3.2:1b,etri-ser0002-cgnmsb,ACTIVE,200.151,6d03c3d7-c8b0-4edb-a52f-ea198a76e9df,Edge computing reduces latency by processing data closer,spark,23,12.0,ok,spark,1788504198.9118314,45.836,230.209,5
403.195,2,410.039,1788504199.5269496,2,b02-o05-spark-c2,,8,False,204.215,llama3.2:1b,etri-ser0002-cgnmsb,ACTIVE,198.98,7921ed37-8f6c-4336-8142-32e8a25081c5,Edge computing reduces latency by processing data closer,spark,23,12.0,ok,spark,1788504199.116916,46.086,226.98,5
409.268,2,412.23,1788504199.734363,2,b02-o05-spark-c2,,8,False,207.976,llama3.2:1b,etri-ser0002-cgnmsb,ACTIVE,201.292,8f009cb6-e3ca-4867-aebb-e5b3542e2d95,Edge computing reduces latency by processing data closer,spark,23,12.0,ok,spark,1788504199.3221345,45.985,234.911,5
406.379,2,412.723,1788504199.9397688,2,b02-o05-spark-c2,,8,False,204.813,llama3.2:1b,etri-ser0002-cgnmsb,ACTIVE,201.566,e5e925d4-7e9c-4b4c-aed1-910d3973e4cf,Edge computing reduces latency by processing data closer,spark,23,12.0,ok,spark,1788504199.5270495,46.153,231.645,5
408.751,2,413.21,1788504200.1476004,2,b02-o05-spark-c2,,8,False,207.379,llama3.2:1b,etri-ser0002-cgnmsb,ACTIVE,201.373,be63cc64-0292-4ea6-a598-9211757b750d,Edge computing reduces latency by processing data closer,spark,23,12.0,ok,spark,1788504199.7343931,45.903,232.784,5
410.214,2,416.332,1788504200.3561888,2,b02-o05-spark-c2,,8,False,208.35,llama3.2:1b,etri-ser0002-cgnmsb,ACTIVE,201.864,ed6a36b9-369c-400d-b250-921ecb011659,Edge computing reduces latency by processing data closer,spark,23,12.0,ok,spark,1788504199.9398594,46.016,234.459,5
413.424,2,418.864,1788504200.5665107,2,b02-o05-spark-c2,,8,False,209.623,llama3.2:1b,etri-ser0002-cgnmsb,ACTIVE,203.801,895032e5-da6d-4d7e-9c1e-83969a797983,Edge computing reduces latency by processing data closer,spark,23,12.0,ok,spark,1788504200.1476505,45.996,237.312,5
414.829,2,421.124,1788504200.7774277,2,b02-o05-spark-c2,,8,False,209.654,llama3.2:1b,etri-ser0002-cgnmsb,ACTIVE,205.175,c053c088-994c-4489-8e63-2f0cc5cfc19f,Edge computing reduces latency by processing data closer,spark,23,12.0,ok,spark,1788504200.3563075,45.925,237.569,5
416.142,2,422.741,1788504200.9893398,2,b02-o05-spark-c2,,8,False,212.248,llama3.2:1b,etri-ser0002-cgnmsb,ACTIVE,203.895,93f35fe3-40c5-4f17-bbe0-51b8d0fccf73,Edge computing reduces latency by processing data closer,spark,23,12.0,ok,spark,1788504200.5666025,45.606,237.537,5
413.337,2,419.67,1788504201.1971855,2,b02-o05-spark-c2,,8,False,207.324,llama3.2:1b,etri-ser0002-cgnmsb,ACTIVE,206.013,32b2200e-27f6-4756-befb-908379c12339,Edge computing reduces latency by processing data closer,spark,23,12.0,ok,spark,1788504200.7775183,46.086,237.998,5
407.42,2,412.985,1788504201.4024134,2,b02-o05-spark-c2,,8,False,205.331,llama3.2:1b,etri-ser0002-cgnmsb,ACTIVE,202.09,875f37b7-8fd8-4df6-af0a-37d1256fde10,Edge computing reduces latency by processing data closer,spark,23,12.0,ok,spark,1788504200.9894304,46.036,233.82,5
403.645,2,409.972,1788504201.6072774,2,b02-o05-spark-c2,,8,False,203.501,llama3.2:1b,etri-ser0002-cgnmsb,ACTIVE,200.143,6ff26e21-324e-45fb-a6ab-5073871c7f8e,Edge computing reduces latency by processing data closer,spark,23,12.0,ok,spark,1788504201.1973083,46.236,228.203,5
410.93,2,413.317,1788504201.815797,2,b02-o05-spark-c2,,8,False,209.229,llama3.2:1b,etri-ser0002-cgnmsb,ACTIVE,201.701,217d4abe-486e-458b-96fb-44785dd4b6e9,Edge computing reduces latency by processing data closer,spark,23,12.0,ok,spark,1788504201.402481,45.891,234.5,5
413.095,2,419.018,1788504202.0263827,2,b02-o05-spark-c2,,8,False,210.16,llama3.2:1b,etri-ser0002-cgnmsb,ACTIVE,202.935,a8b34d7f-c5ad-4099-b52b-ae5504c94704,Edge computing reduces latency by processing data closer,spark,23,12.0,ok,spark,1788504201.6073654,45.77,236.674,5
412.472,2,418.185,1788504202.2340138,2,b02-o05-spark-c2,,8,False,206.923,llama3.2:1b,etri-ser0002-cgnmsb,ACTIVE,205.549,4134a435-6e1b-46c1-9ed4-aa780dde173c,Edge computing reduces latency by processing data closer,spark,23,12.0,ok,spark,1788504201.8158307,46.003,236.758,5
409.372,2,415.66,1788504202.4420636,2,b02-o05-spark-c2,,8,False,206.943,llama3.2:1b,etri-ser0002-cgnmsb,ACTIVE,202.429,876532bf-a79f-4613-b4d0-7278471433ad,Edge computing reduces latency by processing data closer,spark,23,12.0,ok,spark,1788504202.0264077,46.041,234.078,5
408.52,2,413.489,1788504202.647535,2,b02-o05-spark-c2,,8,False,205.589,llama3.2:1b,etri-ser0002-cgnmsb,ACTIVE,202.931,20600fa8-f714-4045-8ff9-08c6e90a3802,Edge computing reduces latency by processing data closer,spark,23,12.0,ok,spark,1788504202.2340498,45.866,233.726,5
405.544,2,410.113,1788504202.852233,2,b02-o05-spark-c2,,8,False,204.6,llama3.2:1b,etri-ser0002-cgnmsb,ACTIVE,200.945,767804da-8319-4852-bbcf-76f508c46042,Edge computing reduces latency by processing data closer,spark,23,12.0,ok,spark,1788504202.4421597,45.866,229.22,5
409.117,2,412.02,1788504203.0596435,2,b02-o05-spark-c2,,8,False,207.502,llama3.2:1b,etri-ser0002-cgnmsb,ACTIVE,201.614,3a0679ea-e5d8-44b4-8904-8d0538521e49,Edge computing reduces latency by processing data closer,spark,23,12.0,ok,spark,1788504202.6476254,45.548,232.757,5
407.737,2,413.426,1788504203.2657785,2,b02-o05-spark-c2,,8,False,205.816,llama3.2:1b,etri-ser0002-cgnmsb,ACTIVE,201.922,30d60063-ffa9-4cdf-9fd3-6bf641bb735d,Edge computing reduces latency by processing data closer,spark,23,12.0,ok,spark,1788504202.8523533,45.631,230.643,5
412.924,2,416.294,1788504203.4759848,2,b02-o05-spark-c2,,8,False,209.471,llama3.2:1b,etri-ser0002-cgnmsb,ACTIVE,203.453,901dfb11-0fac-45f9-bad8-6479341d7edf,Edge computing reduces latency by processing data closer,spark,23,12.0,ok,spark,1788504203.0596945,45.28,236.226,5
408.547,2,414.22,1788504203.6800275,2,b02-o05-spark-c2,,8,False,203.928,llama3.2:1b,etri-ser0002-cgnmsb,ACTIVE,204.619,c0f2cbd9-0369-4f9a-b9aa-1c1a45e9eb6e,Edge computing reduces latency by processing data closer,spark,23,12.0,ok,spark,1788504203.2658117,45.569,232.875,5
405.731,2,408.863,1788504203.8849432,2,b02-o05-spark-c2,,8,False,204.579,llama3.2:1b,etri-ser0002-cgnmsb,ACTIVE,201.152,ca5ad886-fa98-4d19-b7f1-9088937b293d,Edge computing reduces latency by processing data closer,spark,23,12.0,ok,spark,1788504203.4760835,45.942,228.868,5
409.273,2,411.9,1788504204.092074,2,b02-o05-spark-c2,,8,False,206.962,llama3.2:1b,etri-ser0002-cgnmsb,ACTIVE,202.311,9936ab7b-0893-48fc-8107-7242fb91a8cb,Edge computing reduces latency by processing data closer,spark,23,12.0,ok,spark,1788504203.680176,46.155,233.114,5
407.708,2,413.73,1788504204.2987595,2,b02-o05-spark-c2,,8,False,205.778,llama3.2:1b,etri-ser0002-cgnmsb,ACTIVE,201.93,c24df52e-24d0-45a5-a521-9461ebc2b145,Edge computing reduces latency by processing data closer,spark,23,12.0,ok,spark,1788504203.8850334,45.663,231.783,5
405.185,2,411.675,1788504204.5037956,2,b02-o05-spark-c2,,8,False,204.675,llama3.2:1b,etri-ser0002-cgnmsb,ACTIVE,200.51,32e6cb3b-31e0-4a5b-888d-901ff5122374,Edge computing reduces latency by processing data closer,spark,23,12.0,ok,spark,1788504204.0921245,45.952,228.821,5
409.934,2,413.237,1788504204.7120838,2,b02-o05-spark-c2,,8,False,207.8,llama3.2:1b,etri-ser0002-cgnmsb,ACTIVE,202.134,797ae86c-7c90-47fa-bf9e-1b7202d6110c,Edge computing reduces latency by processing data closer,spark,23,12.0,ok,spark,1788504204.2988503,45.984,233.553,5
411.173,2,417.667,1788504204.9215503,2,b02-o05-spark-c2,,8,False,209.077,llama3.2:1b,etri-ser0002-cgnmsb,ACTIVE,202.096,75994d21-ad6c-4aff-9bc8-35d2023cb8ad,Edge computing reduces latency by processing data closer,spark,23,12.0,ok,spark,1788504204.5038872,45.715,233.116,5
413.102,2,417.464,1788504205.1296382,2,b02-o05-spark-c2,,8,False,207.292,llama3.2:1b,etri-ser0002-cgnmsb,ACTIVE,205.809,c6baf482-5c44-4b3e-883f-7b5dfde609a7,Edge computing reduces latency by processing data closer,spark,23,12.0,ok,spark,1788504204.7121754,46.069,237.719,5
410.498,2,416.93,1788504205.3385663,2,b02-o05-spark-c2,,8,False,208.779,llama3.2:1b,etri-ser0002-cgnmsb,ACTIVE,201.719,a14a53be-c9c8-46fe-8779-82c458351819,Edge computing reduces latency by processing data closer,spark,23,12.0,ok,spark,1788504204.9216394,46.125,234.738,5
409.579,2,416.173,1788504205.5458376,2,b02-o05-spark-c2,,8,False,206.535,llama3.2:1b,etri-ser0002-cgnmsb,ACTIVE,203.043,4e9e498e-c36a-43ba-991c-0fcf05a91020,Edge computing reduces latency by processing data closer,spark,23,12.0,ok,spark,1788504205.129669,46.272,233.996,5
410.812,2,416.348,1788504205.7550018,2,b02-o05-spark-c2,,8,False,209.768,llama3.2:1b,etri-ser0002-cgnmsb,ACTIVE,201.044,a8512511-f1f6-4e8b-9c6c-d3b586420075,Edge computing reduces latency by processing data closer,spark,23,12.0,ok,spark,1788504205.338655,45.882,234.888,5
409.886,2,416.647,1788504205.9626184,2,b02-o05-spark-c2,,8,False,206.435,llama3.2:1b,etri-ser0002-cgnmsb,ACTIVE,203.451,5fd78b81-8e45-45f8-b133-885d0dc39a15,Edge computing reduces latency by processing data closer,spark,23,12.0,ok,spark,1788504205.5459704,45.805,232.459,5
412.829,2,416.947,1788504206.171967,2,b02-o05-spark-c2,,8,False,209.223,llama3.2:1b,etri-ser0002-cgnmsb,ACTIVE,203.607,f8288081-9362-4d70-bef9-03b26d82cdf0,Edge computing reduces latency by processing data closer,spark,23,12.0,ok,spark,1788504205.7550251,46.068,236.922,5
411.461,2,416.133,1788504206.3787735,2,b02-o05-spark-c2,,8,False,206.379,llama3.2:1b,etri-ser0002-cgnmsb,ACTIVE,205.082,3761d407-1dca-454a-9743-81239475c07f,Edge computing reduces latency by processing data closer,spark,23,12.0,ok,spark,1788504205.9626443,46.155,236.081,5
408.098,2,414.912,1788504206.5869815,2,b02-o05-spark-c2,,8,False,207.89,llama3.2:1b,etri-ser0002-cgnmsb,ACTIVE,200.208,4241e70b-01cd-4bd8-a925-532ba8056996,Edge computing reduces latency by processing data closer,spark,23,12.0,ok,spark,1788504206.172073,46.153,233.699,5
409.93,2,416.068,1788504206.7949736,2,b02-o05-spark-c2,,8,False,207.616,llama3.2:1b,etri-ser0002-cgnmsb,ACTIVE,202.315,5db33302-69a7-4656-9e86-6955ed4a5f0f,Edge computing reduces latency by processing data closer,spark,23,12.0,ok,spark,1788504206.3789062,46.206,234.532,5
411.314,2,416.52,1788504207.0035899,2,b02-o05-spark-c2,,8,False,207.992,llama3.2:1b,etri-ser0002-cgnmsb,ACTIVE,203.321,b00607e8-b009-4082-bca3-fac1100c3e6a,Edge computing reduces latency by processing data closer,spark,23,12.0,ok,spark,1788504206.587071,45.572,235.293,5
408.858,2,413.603,1788504207.2086034,2,b02-o05-spark-c2,,8,False,204.489,llama3.2:1b,etri-ser0002-cgnmsb,ACTIVE,204.37,6ffe4083-3830-4d87-a9b6-c7e9b75f2630,Edge computing reduces latency by processing data closer,spark,23,12.0,ok,spark,1788504206.795001,46.101,233.706,5
409.574,2,413.257,1788504207.4168816,2,b02-o05-spark-c2,,8,False,208.588,llama3.2:1b,etri-ser0002-cgnmsb,ACTIVE,200.986,f865469d-e9e3-4e13-9478-da625b488240,Edge computing reduces latency by processing data closer,spark,23,12.0,ok,spark,1788504207.0036259,46.106,234.268,5
407.312,2,413.067,1788504207.621693,2,b02-o05-spark-c2,,8,False,204.175,llama3.2:1b,etri-ser0002-cgnmsb,ACTIVE,203.136,97535b58-9f3c-42ee-bb85-577a69a35f81,Edge computing reduces latency by processing data closer,spark,23,12.0,ok,spark,1788504207.208628,46.321,233.092,5
407.376,2,411.307,1788504207.8282182,2,b02-o05-spark-c2,,8,False,205.859,llama3.2:1b,etri-ser0002-cgnmsb,ACTIVE,201.516,d82f4246-d845-4179-a500-c317cdcf90d3,Edge computing reduces latency by processing data closer,spark,23,12.0,ok,spark,1788504207.416912,46.119,234.377,5
406.162,2,412.342,1788504208.0340796,2,b02-o05-spark-c2,,8,False,205.279,llama3.2:1b,etri-ser0002-cgnmsb,ACTIVE,200.883,36a61c69-9015-4b8b-9822-9b4e878e5de3,Edge computing reduces latency by processing data closer,spark,23,12.0,ok,spark,1788504207.6217384,45.796,228.752,5
412.395,2,415.156,1788504208.2434223,2,b02-o05-spark-c2,,8,False,208.8,llama3.2:1b,etri-ser0002-cgnmsb,ACTIVE,203.594,08f8eaee-b1fc-42bf-995e-ab4ed195afa4,Edge computing reduces latency by processing data closer,spark,23,12.0,ok,spark,1788504207.8282695,45.994,236.03,5
251.891,2,266.744,1788504211.5573633,8,b02-o06-agx-c8,,8,False,251.875,llama3.2:1b,etri-ser0001-cg0msb,ACTIVE,0.016,f742aee5-20ec-4406-9fa3-bc250e172c72,Edge computing reduces latency by processing data closer,agx,24,12.0,ok,agx,1788504211.2906203,42.373,63.544,6
459.955,2,479.922,1788504211.7695649,8,b02-o06-agx-c8,,8,False,212.274,llama3.2:1b,etri-ser0001-cg0msb,ACTIVE,247.681,4e911e7d-bc05-4567-8edb-e189b7b27f82,Edge computing reduces latency by processing data closer,agx,24,12.0,ok,agx,1788504211.2896433,43.534,275.943,6
663.712,2,686.187,1788504211.9777727,8,b02-o06-agx-c8,,8,False,207.932,llama3.2:1b,etri-ser0001-cg0msb,ACTIVE,455.78,be1c9781-c565-427d-91d7-e9dd597602c6,Edge computing reduces latency by processing data closer,agx,24,12.0,ok,agx,1788504211.2915874,44.536,483.966,6
871.566,2,892.875,1788504212.1862278,8,b02-o06-agx-c8,,8,False,208.449,llama3.2:1b,etri-ser0001-cg0msb,ACTIVE,663.117,3897d6f7-4215-4f45-896a-d66ee6c4be72,Edge computing reduces latency by processing data closer,agx,24,12.0,ok,agx,1788504211.2933543,44.105,689.923,6
1073.277,2,1096.122,1788504212.3907752,8,b02-o06-agx-c8,,8,False,204.317,llama3.2:1b,etri-ser0001-cg0msb,ACTIVE,868.96,af20c086-9b92-4aa4-bca5-f80c5a5e5b25,Edge computing reduces latency by processing data closer,agx,24,12.0,ok,agx,1788504211.2946544,45.528,897.232,6
1283.356,2,1305.523,1788504212.6016407,8,b02-o06-agx-c8,,8,False,210.793,llama3.2:1b,etri-ser0001-cg0msb,ACTIVE,1072.563,fc596a5e-5d86-4892-9245-2d05b8a0f530,Edge computing reduces latency by processing data closer,agx,24,12.0,ok,agx,1788504211.2961192,44.317,1102.637,6
1500.628,2,1528.881,1788504212.821258,8,b02-o06-agx-c8,,8,False,219.5,llama3.2:1b,etri-ser0001-cg0msb,ACTIVE,1281.129,5516614e-b77b-4750-87b1-dd6a8c0bb3bd,Edge computing reduces latency by processing data closer,agx,24,12.0,ok,agx,1788504211.2923787,42.074,1310.265,6
1714.776,2,1737.447,1788504213.035591,8,b02-o06-agx-c8,,8,False,214.201,llama3.2:1b,etri-ser0001-cg0msb,ACTIVE,1500.574,2813f0f3-cc0e-43b6-8db8-c6bdca4bd35d,Edge computing reduces latency by processing data closer,agx,24,12.0,ok,agx,1788504211.2981453,43.356,1530.01,6
1688.471,2,1690.253,1788504213.2476523,8,b02-o06-agx-c8,,8,False,211.997,llama3.2:1b,etri-ser0001-cg0msb,ACTIVE,1476.474,ea2bed80-d248-4012-bf5b-5fd8a5326713,Edge computing reduces latency by processing data closer,agx,24,12.0,ok,agx,1788504211.5574017,44.202,1507.174,6
1677.198,2,1678.733,1788504213.44832,8,b02-o06-agx-c8,,8,False,200.523,llama3.2:1b,etri-ser0001-cg0msb,ACTIVE,1476.675,f6e21559-1264-4701-8974-87e067d31af4,Edge computing reduces latency by processing data closer,agx,24,12.0,ok,agx,1788504211.7695892,46.17,1503.636,6
1673.849,2,1675.943,1788504213.6537485,8,b02-o06-agx-c8,,8,False,205.345,llama3.2:1b,etri-ser0001-cg0msb,ACTIVE,1468.504,3737af22-271b-4fb5-b048-71ed43a4b531,Edge computing reduces latency by processing data closer,agx,24,12.0,ok,agx,1788504211.9778085,45.192,1496.659,6
1674.851,2,1676.864,1788504213.8631313,8,b02-o06-agx-c8,,8,False,209.286,llama3.2:1b,etri-ser0001-cg0msb,ACTIVE,1465.565,24e789c4-5da3-4e93-be67-75da5a960f35,Edge computing reduces latency by processing data closer,agx,24,12.0,ok,agx,1788504212.18627,44.661,1495.529,6
1680.704,2,1682.81,1788504214.0736206,8,b02-o06-agx-c8,,8,False,210.32,llama3.2:1b,etri-ser0001-cg0msb,ACTIVE,1470.384,707e6050-63c2-4a8d-888a-cb3042e8f6e7,Edge computing reduces latency by processing data closer,agx,24,12.0,ok,agx,1788504212.3908129,43.97,1498.493,6
1675.249,2,1677.159,1788504214.278834,8,b02-o06-agx-c8,,8,False,205.216,llama3.2:1b,etri-ser0001-cg0msb,ACTIVE,1470.034,bad29c10-45c5-4cd7-a5c4-dbb56bf988c4,Edge computing reduces latency by processing data closer,agx,24,12.0,ok,agx,1788504212.6016777,45.406,1498.963,6
1672.704,2,1674.218,1788504214.4955091,8,b02-o06-agx-c8,,8,False,216.669,llama3.2:1b,etri-ser0001-cg0msb,ACTIVE,1456.035,45c51c40-e1d7-4c18-aada-4ba22361f2a3,Edge computing reduces latency by processing data closer,agx,24,12.0,ok,agx,1788504212.8212936,42.626,1484.576,6
1668.656,2,1670.519,1788504214.7061434,8,b02-o06-agx-c8,,8,False,210.287,llama3.2:1b,etri-ser0001-cg0msb,ACTIVE,1458.369,89237d78-2607-424c-8ac9-32351e65917b,Edge computing reduces latency by processing data closer,agx,24,12.0,ok,agx,1788504213.0356271,44.119,1487.067,6
1656.491,2,1658.222,1788504214.9059176,8,b02-o06-agx-c8,,8,False,199.888,llama3.2:1b,etri-ser0001-cg0msb,ACTIVE,1456.603,f34d4899-be1e-4028-97ea-9f31998fc7e2,Edge computing reduces latency by processing data closer,agx,24,12.0,ok,agx,1788504213.2476978,46.356,1483.624,6
1670.168,2,1672.151,1788504215.1205049,8,b02-o06-agx-c8,,8,False,214.26,llama3.2:1b,etri-ser0001-cg0msb,ACTIVE,1455.908,8836151e-6ae6-4b98-a637-1d8781ce1d3c,Edge computing reduces latency by processing data closer,agx,24,12.0,ok,agx,1788504213.4483562,43.217,1484.714,6
1666.864,2,1668.621,1788504215.3224027,8,b02-o06-agx-c8,,8,False,201.799,llama3.2:1b,etri-ser0001-cg0msb,ACTIVE,1465.065,1aadbe23-96bc-49c1-a90d-f0e37e667750,Edge computing reduces latency by processing data closer,agx,24,12.0,ok,agx,1788504213.653784,46.177,1493.453,6
1658.811,2,1660.731,1788504215.5238955,8,b02-o06-agx-c8,,8,False,201.359,llama3.2:1b,etri-ser0001-cg0msb,ACTIVE,1457.451,34a91345-ffe0-412d-83cd-00a694fb0423,Edge computing reduces latency by processing data closer,agx,24,12.0,ok,agx,1788504213.8631675,46.181,1485.399,6
1659.442,2,1661.375,1788504215.7350283,8,b02-o06-agx-c8,,8,False,211.053,llama3.2:1b,etri-ser0001-cg0msb,ACTIVE,1448.389,59549294-db15-405a-bffb-16a6fde9e97b,Edge computing reduces latency by processing data closer,agx,24,12.0,ok,agx,1788504214.0736554,43.648,1475.91,6
1654.504,2,1656.145,1788504215.9350135,8,b02-o06-agx-c8,,8,False,199.847,llama3.2:1b,etri-ser0001-cg0msb,ACTIVE,1454.657,ba0e67e8-62ac-4ee1-bee0-08096a6a8b05,Edge computing reduces latency by processing data closer,agx,24,12.0,ok,agx,1788504214.2788713,46.576,1482.518,6
1641.961,2,1643.839,1788504216.139386,8,b02-o06-agx-c8,,8,False,204.281,llama3.2:1b,etri-ser0001-cg0msb,ACTIVE,1437.679,80c47ec0-35c9-4a85-8321-90bfa431054f,Edge computing reduces latency by processing data closer,agx,24,12.0,ok,agx,1788504214.4955487,45.247,1464.946,6
1633.06,2,1634.924,1788504216.3411028,8,b02-o06-agx-c8,,8,False,201.623,llama3.2:1b,etri-ser0001-cg0msb,ACTIVE,1431.437,ac44f923-6dd4-49ef-b65b-f76a2e63f181,Edge computing reduces latency by processing data closer,agx,24,12.0,ok,agx,1788504214.7061806,45.98,1458.852,6
1638.595,2,1640.165,1788504216.5461166,8,b02-o06-agx-c8,,8,False,205.074,llama3.2:1b,etri-ser0001-cg0msb,ACTIVE,1433.522,8b30c43d-17e7-487c-bc1e-33e143ec81f5,Edge computing reduces latency by processing data closer,agx,24,12.0,ok,agx,1788504214.9059541,45.012,1460.558,6
1627.842,2,1629.427,1788504216.7499664,8,b02-o06-agx-c8,,8,False,203.606,llama3.2:1b,etri-ser0001-cg0msb,ACTIVE,1424.236,2f62ec3f-df6d-416e-81f1-2867419ad290,Edge computing reduces latency by processing data closer,agx,24,12.0,ok,agx,1788504215.1205418,45.537,1452.036,6
1631.307,2,1633.168,1788504216.955604,8,b02-o06-agx-c8,,8,False,205.421,llama3.2:1b,etri-ser0001-cg0msb,ACTIVE,1425.885,ed3fae9f-b022-4e64-80a7-aa3ea94d8ff3,Edge computing reduces latency by processing data closer,agx,24,12.0,ok,agx,1788504215.322439,45.224,1454.043,6
1638.194,2,1640.171,1788504217.1641004,8,b02-o06-agx-c8,,8,False,208.386,llama3.2:1b,etri-ser0001-cg0msb,ACTIVE,1429.807,7a25f172-63fa-4162-bc87-fde0fde80764,Edge computing reduces latency by processing data closer,agx,24,12.0,ok,agx,1788504215.5239322,44.298,1457.233,6
1629.794,2,1631.916,1788504217.3669763,8,b02-o06-agx-c8,,8,False,202.754,llama3.2:1b,etri-ser0001-cg0msb,ACTIVE,1427.041,388202e5-8885-4855-acb3-f689db3a9591,Edge computing reduces latency by processing data closer,agx,24,12.0,ok,agx,1788504215.7350628,45.916,1455.357,6
1629.757,2,1631.921,1788504217.5669675,8,b02-o06-agx-c8,,8,False,199.838,llama3.2:1b,etri-ser0001-cg0msb,ACTIVE,1429.919,d7f5e0e4-fcca-4bff-8560-042005e309ce,Edge computing reduces latency by processing data closer,agx,24,12.0,ok,agx,1788504215.935049,46.493,1457.364,6
1643.344,2,1645.32,1788504217.7847395,8,b02-o06-agx-c8,,8,False,217.786,llama3.2:1b,etri-ser0001-cg0msb,ACTIVE,1425.557,068939d8-f456-419a-b17c-53d5fea4140b,Edge computing reduces latency by processing data closer,agx,24,12.0,ok,agx,1788504216.1394222,42.115,1453.15,6
1644.086,2,1646.223,1788504217.9873655,8,b02-o06-agx-c8,,8,False,202.406,llama3.2:1b,etri-ser0001-cg0msb,ACTIVE,1441.68,6b3d452d-c273-4fa4-a13c-da0535e91894,Edge computing reduces latency by processing data closer,agx,24,12.0,ok,agx,1788504216.3411431,46.046,1470.016,6
1650.692,2,1652.708,1788504218.1988635,8,b02-o06-agx-c8,,8,False,211.487,llama3.2:1b,etri-ser0001-cg0msb,ACTIVE,1439.205,6e31480e-b2b7-475e-915f-4e12a51f0b61,Edge computing reduces latency by processing data closer,agx,24,12.0,ok,agx,1788504216.546158,43.524,1466.591,6
1651.475,2,1653.364,1788504218.4033623,8,b02-o06-agx-c8,,8,False,204.363,llama3.2:1b,etri-ser0001-cg0msb,ACTIVE,1447.111,26e9dc4d-2957-49db-bb36-157a209a8a9c,Edge computing reduces latency by processing data closer,agx,24,12.0,ok,agx,1788504216.750001,45.323,1474.652,6
1648.92,2,1650.782,1788504218.60642,8,b02-o06-agx-c8,,8,False,202.991,llama3.2:1b,etri-ser0001-cg0msb,ACTIVE,1445.929,6d2d2aae-ae45-4520-b6ee-a976fea683a5,Edge computing reduces latency by processing data closer,agx,24,12.0,ok,agx,1788504216.9556403,45.946,1474.498,6
1639.795,2,1641.472,1788504218.8056087,8,b02-o06-agx-c8,,8,False,199.044,llama3.2:1b,etri-ser0001-cg0msb,ACTIVE,1440.751,70f74942-2b14-4dff-908d-238e9fccb299,Edge computing reduces latency by processing data closer,agx,24,12.0,ok,agx,1788504217.1641386,46.649,1468.037,6
1642.398,2,1644.285,1788504219.011294,8,b02-o06-agx-c8,,8,False,205.619,llama3.2:1b,etri-ser0001-cg0msb,ACTIVE,1436.778,61c9de3e-67d8-49cc-b509-358c8d663cde,Edge computing reduces latency by processing data closer,agx,24,12.0,ok,agx,1788504217.3670115,45.298,1465.582,6
1652.55,2,1654.388,1788504219.2213924,8,b02-o06-agx-c8,,8,False,209.984,llama3.2:1b,etri-ser0001-cg0msb,ACTIVE,1442.566,b0710296-5e68-49d7-a17b-649a018e0d50,Edge computing reduces latency by processing data closer,agx,24,12.0,ok,agx,1788504217.5670075,44.371,1472.092,6
1633.624,2,1635.69,1788504219.420463,8,b02-o06-agx-c8,,8,False,198.852,llama3.2:1b,etri-ser0001-cg0msb,ACTIVE,1434.772,7d787698-4764-4ef4-a01d-b4518b1c9686,Edge computing reduces latency by processing data closer,agx,24,12.0,ok,agx,1788504217.7847753,46.681,1461.929,6
1630.414,2,1632.356,1788504219.6197445,8,b02-o06-agx-c8,,8,False,199.243,llama3.2:1b,etri-ser0001-cg0msb,ACTIVE,1431.171,12ad78f2-5760-4e47-8eba-9297c7257189,Edge computing reduces latency by processing data closer,agx,24,12.0,ok,agx,1788504217.9873903,46.615,1458.452,6
1631.042,2,1632.849,1788504219.8317463,8,b02-o06-agx-c8,,8,False,212.088,llama3.2:1b,etri-ser0001-cg0msb,ACTIVE,1418.955,fefa2a20-07ee-43d2-a554-d617caf717f6,Edge computing reduces latency by processing data closer,agx,24,12.0,ok,agx,1788504218.1988995,43.685,1447.551,6
1642.669,2,1644.621,1788504220.048018,8,b02-o06-agx-c8,,8,False,215.955,llama3.2:1b,etri-ser0001-cg0msb,ACTIVE,1426.714,bc2a3dd4-43d9-4fbc-bec9-69161a16d2e1,Edge computing reduces latency by processing data closer,agx,24,12.0,ok,agx,1788504218.4033992,42.729,1455.138,6
1656.166,2,1658.113,1788504220.2645664,8,b02-o06-agx-c8,,8,False,216.461,llama3.2:1b,etri-ser0001-cg0msb,ACTIVE,1439.705,da965cba-8b1d-485b-bbf4-6d9c6aa9d31d,Edge computing reduces latency by processing data closer,agx,24,12.0,ok,agx,1788504218.6064563,43.545,1472.325,6
1668.048,2,1669.982,1788504220.4756248,8,b02-o06-agx-c8,,8,False,210.961,llama3.2:1b,etri-ser0001-cg0msb,ACTIVE,1457.086,5051b5cd-16c0-4e87-a640-52fa394788f5,Edge computing reduces latency by processing data closer,agx,24,12.0,ok,agx,1788504218.8056452,44.048,1486.229,6
1665.281,2,1667.249,1788504220.6785781,8,b02-o06-agx-c8,,8,False,202.802,llama3.2:1b,etri-ser0001-cg0msb,ACTIVE,1462.479,f3c32f8b-11a6-4e15-ace1-bc9dcf81dd35,Edge computing reduces latency by processing data closer,agx,24,12.0,ok,agx,1788504219.0113313,45.947,1491.089,6
1657.057,2,1659.003,1788504220.8804293,8,b02-o06-agx-c8,,8,False,201.784,llama3.2:1b,etri-ser0001-cg0msb,ACTIVE,1455.273,a24e5196-5e56-47ed-b601-72674b1af9a3,Edge computing reduces latency by processing data closer,agx,24,12.0,ok,agx,1788504219.2214284,46.256,1483.882,6
1671.687,2,1673.719,1788504221.0942152,8,b02-o06-agx-c8,,8,False,213.635,llama3.2:1b,etri-ser0001-cg0msb,ACTIVE,1458.052,fd31f2e7-6263-4db8-ad2a-29a4cd8d0eef,Edge computing reduces latency by processing data closer,agx,24,12.0,ok,agx,1788504219.4204986,43.325,1486.845,6
1689.724,2,1691.656,1788504221.3114352,8,b02-o06-agx-c8,,8,False,217.252,llama3.2:1b,etri-ser0001-cg0msb,ACTIVE,1472.472,7469f1cf-8af6-4bb8-8255-9193c1f1d77d,Edge computing reduces latency by processing data closer,agx,24,12.0,ok,agx,1788504219.6197803,42.658,1501.855,6
1694.797,2,1696.671,1788504221.5284555,8,b02-o06-agx-c8,,8,False,216.841,llama3.2:1b,etri-ser0001-cg0msb,ACTIVE,1477.957,6767f5e1-ffef-4a39-9bb5-795b711cdaf0,Edge computing reduces latency by processing data closer,agx,24,12.0,ok,agx,1788504219.8317862,42.767,1507.485,6
1699.192,2,1701.231,1788504221.7492828,8,b02-o06-agx-c8,,8,False,220.676,llama3.2:1b,etri-ser0001-cg0msb,ACTIVE,1478.516,376e04a4-ebe8-4e96-9922-7812a6c2f5d9,Edge computing reduces latency by processing data closer,agx,24,12.0,ok,agx,1788504220.0480537,41.878,1507.961,6
1697.225,2,1699.197,1788504221.9637961,8,b02-o06-agx-c8,,8,False,214.4,llama3.2:1b,etri-ser0001-cg0msb,ACTIVE,1482.825,63161bb5-5f7f-41be-9915-338f04fd9430,Edge computing reduces latency by processing data closer,agx,24,12.0,ok,agx,1788504220.2646022,43.093,1511.368,6
1705.386,2,1707.36,1788504222.1830213,8,b02-o06-agx-c8,,8,False,219.167,llama3.2:1b,etri-ser0001-cg0msb,ACTIVE,1486.219,3276364a-3fb3-4ef0-910d-934075410755,Edge computing reduces latency by processing data closer,agx,24,12.0,ok,agx,1788504220.4756637,42.044,1514.879,6
1716.764,2,1718.823,1788504222.3974369,8,b02-o06-agx-c8,,8,False,214.256,llama3.2:1b,etri-ser0001-cg0msb,ACTIVE,1502.508,0e148fd4-7db9-41d7-a3dc-ed7b91a6c243,Edge computing reduces latency by processing data closer,agx,24,12.0,ok,agx,1788504220.678616,43.23,1531.551,6
1723.746,2,1725.669,1788504222.6061342,8,b02-o06-agx-c8,,8,False,208.641,llama3.2:1b,etri-ser0001-cg0msb,ACTIVE,1515.105,0afb36f1-673f-4481-b3ed-93a75c001824,Edge computing reduces latency by processing data closer,agx,24,12.0,ok,agx,1788504220.8804677,44.472,1543.643,6
1712.677,2,1714.693,1788504222.8089492,8,b02-o06-agx-c8,,8,False,202.773,llama3.2:1b,etri-ser0001-cg0msb,ACTIVE,1509.904,d0145ee1-dafb-40ee-bc3a-6e40e9426efe,Edge computing reduces latency by processing data closer,agx,24,12.0,ok,agx,1788504221.0942595,45.626,1537.014,6
1695.719,2,1697.298,1788504223.0087552,8,b02-o06-agx-c8,,8,False,199.615,llama3.2:1b,etri-ser0001-cg0msb,ACTIVE,1496.104,d19ac11f-c045-4137-bed9-6c091039e3f2,Edge computing reduces latency by processing data closer,agx,24,12.0,ok,agx,1788504221.3114595,46.651,1524.007,6
1683.872,2,1685.843,1788504223.2143323,8,b02-o06-agx-c8,,8,False,205.454,llama3.2:1b,etri-ser0001-cg0msb,ACTIVE,1478.418,01a16b37-ec72-4d55-bb06-737e498ee2d3,Edge computing reduces latency by processing data closer,agx,24,12.0,ok,agx,1788504221.5284913,44.978,1505.767,6
1661.837,2,1663.72,1788504223.413037,8,b02-o06-agx-c8,,8,False,198.614,llama3.2:1b,etri-ser0001-cg0msb,ACTIVE,1463.223,f0a9b3eb-0e5e-4f97-9b69-256e03cef470,Edge computing reduces latency by processing data closer,agx,24,12.0,ok,agx,1788504221.7493193,46.733,1490.389,6
1647.724,2,1649.754,1788504223.613584,8,b02-o06-agx-c8,,8,False,200.457,llama3.2:1b,etri-ser0001-cg0msb,ACTIVE,1447.267,8fa330c3-67c4-470c-b65b-c7ea94507495,Edge computing reduces latency by processing data closer,agx,24,12.0,ok,agx,1788504221.9638329,46.315,1474.709,6
1644.443,2,1646.342,1788504223.8293955,8,b02-o06-agx-c8,,8,False,215.707,llama3.2:1b,etri-ser0001-cg0msb,ACTIVE,1428.736,a42dc821-3f79-4acb-b130-31e8f7f5a1b3,Edge computing reduces latency by processing data closer,agx,24,12.0,ok,agx,1788504222.1830554,42.68,1456.736,6
1631.198,2,1633.221,1788504224.0306926,8,b02-o06-agx-c8,,8,False,201.212,llama3.2:1b,etri-ser0001-cg0msb,ACTIVE,1429.986,5fb0015a-914c-4733-8d56-eb64ee31b809,Edge computing reduces latency by processing data closer,agx,24,12.0,ok,agx,1788504222.3974736,46.399,1458.542,6
1636.088,2,1638.076,1788504224.244245,8,b02-o06-agx-c8,,8,False,213.433,llama3.2:1b,etri-ser0001-cg0msb,ACTIVE,1422.655,29492525-a224-45ad-8c95-00c12c0cadc3,Edge computing reduces latency by processing data closer,agx,24,12.0,ok,agx,1788504222.6061714,43.496,1452.096,6
1637.897,2,1639.68,1788504224.448664,8,b02-o06-agx-c8,,8,False,204.303,llama3.2:1b,etri-ser0001-cg0msb,ACTIVE,1433.595,69fe20a2-60e5-41d5-81b8-46d3781d1c92,Edge computing reduces latency by processing data closer,agx,24,12.0,ok,agx,1788504222.8089867,45.553,1462.108,6
1639.677,2,1641.637,1788504224.6504285,8,b02-o06-agx-c8,,8,False,201.674,llama3.2:1b,etri-ser0001-cg0msb,ACTIVE,1438.003,970976f3-e49f-4fef-8133-900f2526ad25,Edge computing reduces latency by processing data closer,agx,24,12.0,ok,agx,1788504223.0087934,45.886,1465.073,6
1641.443,2,1643.276,1788504224.8576405,8,b02-o06-agx-c8,,8,False,207.224,llama3.2:1b,etri-ser0001-cg0msb,ACTIVE,1434.219,1fe4d17f-35d9-450b-8876-0e088faea6ce,Edge computing reduces latency by processing data closer,agx,24,12.0,ok,agx,1788504223.214367,44.537,1461.447,6
222.968,2,237.469,1788504228.149458,32,b02-o07-agx-c32,,8,False,222.949,llama3.2:1b,etri-ser0001-cg0msb,ACTIVE,0.019,874fdaac-afbc-4754-8869-f6283b604daa,Edge computing reduces latency by processing data closer,agx,25,12.0,ok,agx,1788504227.911991,44.386,42.578,7
420.329,2,437.461,1788504228.3511329,32,b02-o07-agx-c32,,8,False,201.499,llama3.2:1b,etri-ser0001-cg0msb,ACTIVE,218.83,d49bac86-8fca-495a-b617-9d80213ae1d5,Edge computing reduces latency by processing data closer,agx,25,12.0,ok,agx,1788504227.9136739,46.157,246.719,7
628.153,2,648.983,1788504228.5614965,32,b02-o07-agx-c32,,8,False,210.343,llama3.2:1b,etri-ser0001-cg0msb,ACTIVE,417.81,3ca1cefe-7662-46ef-85c9-8c763940d98a,Edge computing reduces latency by processing data closer,agx,25,12.0,ok,agx,1788504227.9125154,43.798,445.249,7
845.581,2,864.828,1788504228.7790031,32,b02-o07-agx-c32,,8,False,217.601,llama3.2:1b,etri-ser0001-cg0msb,ACTIVE,627.98,af6afe23-e3f7-43cb-aa63-947ef6becba7,Edge computing reduces latency by processing data closer,agx,25,12.0,ok,agx,1788504227.914176,42.472,657.023,7
,2,1059.473,1788504228.9885912,32,b02-o07-agx-c32,ConnectionResetError:[Errno 104] Connection reset by peer,,False,,,,,,dbdaf6bb-2b6d-440e-83ca-183c4f0f993b,,,25,12.0,error,agx,1788504227.9291196,,,7
1067.482,2,1086.912,1788504229.00167,32,b02-o07-agx-c32,,8,False,222.283,llama3.2:1b,etri-ser0001-cg0msb,ACTIVE,845.199,5922f12e-14fe-4e00-b460-056cc5c6bf9c,Edge computing reduces latency by processing data closer,agx,25,12.0,ok,agx,1788504227.9147599,41.424,874.184,7
1281.536,2,1302.686,1788504229.2183158,32,b02-o07-agx-c32,,8,False,216.537,llama3.2:1b,etri-ser0001-cg0msb,ACTIVE,1064.998,82db98b8-a57e-4b63-b620-e6d6487146ea,Edge computing reduces latency by processing data closer,agx,25,12.0,ok,agx,1788504227.9156313,42.632,1093.657,7
1487.58,2,1511.442,1788504229.4244895,32,b02-o07-agx-c32,,8,False,206.228,llama3.2:1b,etri-ser0001-cg0msb,ACTIVE,1281.352,7b737254-e69c-46f5-8cf0-9812788c626f,Edge computing reduces latency by processing data closer,agx,25,12.0,ok,agx,1788504227.9130497,44.938,1309.246,7
1668.678,2,1711.122,1788504229.629646,32,b02-o07-agx-c32,,8,False,204.83,llama3.2:1b,etri-ser0001-cg0msb,ACTIVE,1463.847,40dab77f-5a7b-4ab1-a485-0ffd0be0fcd3,Edge computing reduces latency by processing data closer,agx,25,12.0,ok,agx,1788504227.918526,45.18,1491.324,7
1882.087,2,1927.183,1788504229.8450212,32,b02-o07-agx-c32,,8,False,215.209,llama3.2:1b,etri-ser0001-cg0msb,ACTIVE,1666.878,8964194d-9940-48d0-a420-6913fb0a8d01,Edge computing reduces latency by processing data closer,agx,25,12.0,ok,agx,1788504227.9178402,42.783,1694.684,7
2089.045,2,2126.987,1788504230.0551536,32,b02-o07-agx-c32,,8,False,210.085,llama3.2:1b,etri-ser0001-cg0msb,ACTIVE,1878.96,7c210d15-89ab-4296-9527-94d7557b8579,Edge computing reduces latency by processing data closer,agx,25,12.0,ok,agx,1788504227.9281685,43.979,1906.804,7
2299.312,2,2349.061,1788504230.2657392,32,b02-o07-agx-c32,,8,False,210.467,llama3.2:1b,etri-ser0001-cg0msb,ACTIVE,2088.845,26f6ddd9-4379-4695-beb6-5104e895b36a,Edge computing reduces latency by processing data closer,agx,25,12.0,ok,agx,1788504227.9166796,44.321,2118.721,7
2509.214,2,2558.659,1788504230.4760175,32,b02-o07-agx-c32,,8,False,210.179,llama3.2:1b,etri-ser0001-cg0msb,ACTIVE,2299.035,a0fe029f-1dac-4595-bf94-a7d081f9ac6c,Edge computing reduces latency by processing data closer,agx,25,12.0,ok,agx,1788504227.91736,44.153,2327.781,7
2717.85,2,2758.383,1788504230.6849432,32,b02-o07-agx-c32,,8,False,208.716,llama3.2:1b,etri-ser0001-cg0msb,ACTIVE,2509.134,2aa78907-a79f-42cf-b10e-feab01d3b497,Edge computing reduces latency by processing data closer,agx,25,12.0,ok,agx,1788504227.9265628,44.598,2538.122,7
2924.486,2,2971.677,1788504230.8923647,32,b02-o07-agx-c32,,8,False,207.432,llama3.2:1b,etri-ser0001-cg0msb,ACTIVE,2717.053,6657a4f4-d027-4928-93f8-9f880c1d7909,Edge computing reduces latency by processing data closer,agx,25,12.0,ok,agx,1788504227.9206893,44.97,2746.398,7
3137.742,2,3186.806,1788504231.105972,32,b02-o07-agx-c32,,8,False,213.528,llama3.2:1b,etri-ser0001-cg0msb,ACTIVE,2924.214,2e5e22ba-fd0b-4f8b-a24a-a1e3435e89bc,Edge computing reduces latency by processing data closer,agx,25,12.0,ok,agx,1788504227.9191675,43.407,2953.308,7
3348.207,2,3384.387,1788504231.3167915,32,b02-o07-agx-c32,,8,False,210.628,llama3.2:1b,etri-ser0001-cg0msb,ACTIVE,3137.579,f67a044f-ee1e-43b0-81ed-a79dd773065a,Edge computing reduces latency by processing data closer,agx,25,12.0,ok,agx,1788504227.9324057,43.899,3165.568,7
3556.789,2,3591.226,1788504231.5254505,32,b02-o07-agx-c32,,8,False,208.597,llama3.2:1b,etri-ser0001-cg0msb,ACTIVE,3348.192,e671978e-dcc8-44de-ac67-c6d56f9dd2f0,Edge computing reduces latency by processing data closer,agx,25,12.0,ok,agx,1788504227.9342268,44.524,3376.945,7
3586.558,2,3588.462,1788504231.7379522,32,b02-o07-agx-c32,,8,False,212.352,llama3.2:1b,etri-ser0001-cg0msb,ACTIVE,3374.206,7f7a299f-a513-4a75-90a2-d70f36da1d43,Edge computing reduces latency by processing data closer,agx,25,12.0,ok,agx,1788504228.149493,43.235,3401.344,7
3600.368,2,3602.403,1788504231.95357,32,b02-o07-agx-c32,,8,False,215.512,llama3.2:1b,etri-ser0001-cg0msb,ACTIVE,3384.856,ac1e940d-9bcd-4cbd-ac85-96c684a990cb,Edge computing reduces latency by processing data closer,agx,25,12.0,ok,agx,1788504228.351169,43.033,3414.163,7
3617.871,2,3619.814,1788504232.1813426,32,b02-o07-agx-c32,,8,False,227.659,llama3.2:1b,etri-ser0001-cg0msb,ACTIVE,3390.212,d6e858d4-bd00-4057-b8c6-2cbef3975ec5,Edge computing reduces latency by processing data closer,agx,25,12.0,ok,agx,1788504228.5615313,40.675,3420.976,7
3619.887,2,3621.605,1788504232.4006338,32,b02-o07-agx-c32,,8,False,219.195,llama3.2:1b,etri-ser0001-cg0msb,ACTIVE,3400.692,9c0689d3-93ca-486f-bdcf-f12398a7a688,Edge computing reduces latency by processing data closer,agx,25,12.0,ok,agx,1788504228.7790315,42.136,3429.798,7
3626.806,2,4692.115,1788504232.6193852,32,b02-o07-agx-c32,,8,False,218.676,llama3.2:1b,etri-ser0001-cg0msb,ACTIVE,3408.13,9c12dd8c-d288-472f-b0ab-8b5ff5626bec,Edge computing reduces latency by processing data closer,agx,25,12.0,ok,agx,1788504227.927271,42.263,3437.307,7
3836.826,2,4896.123,1788504232.8294928,32,b02-o07-agx-c32,,8,False,209.992,llama3.2:1b,etri-ser0001-cg0msb,ACTIVE,3626.834,90055937-3c9c-4e08-a252-c2a9c6625a77,Edge computing reduces latency by processing data closer,agx,25,12.0,ok,agx,1788504227.9333708,44.059,3655.242,7
4041.866,2,5110.406,1788504233.0355306,32,b02-o07-agx-c32,,8,False,205.844,llama3.2:1b,etri-ser0001-cg0msb,ACTIVE,3836.022,730b433b-b84f-48f6-bad1-f48666d92974,Edge computing reduces latency by processing data closer,agx,25,12.0,ok,agx,1788504227.9251263,45.119,3864.317,7
4256.07,2,5325.029,1788504233.2536633,32,b02-o07-agx-c32,,8,False,214.223,llama3.2:1b,etri-ser0001-cg0msb,ACTIVE,4041.847,1062533b-6c94-4f1c-beb7-e7018c6e2f7e,Edge computing reduces latency by processing data closer,agx,25,12.0,ok,agx,1788504227.9286385,43.92,4073.708,7
4462.923,2,5535.801,1788504233.4579618,32,b02-o07-agx-c32,,8,False,208.006,llama3.2:1b,etri-ser0001-cg0msb,ACTIVE,4254.917,aafa8225-e358-480d-856f-252aef979901,Edge computing reduces latency by processing data closer,agx,25,12.0,ok,agx,1788504227.9221618,44.593,4283.258,7
4662.595,2,5724.46,1788504233.6594117,32,b02-o07-agx-c32,,8,False,201.284,llama3.2:1b,etri-ser0001-cg0msb,ACTIVE,4461.311,f35dc738-34e5-48a2-8ef3-1b0813c1604e,Edge computing reduces latency by processing data closer,agx,25,12.0,ok,agx,1788504227.9349537,46.066,4488.589,7
4876.66,2,5946.794,1788504233.8736932,32,b02-o07-agx-c32,,8,False,214.125,llama3.2:1b,etri-ser0001-cg0msb,ACTIVE,4662.535,5bbfcc4b-5f22-451c-875b-256e5dc5a0ac,Edge computing reduces latency by processing data closer,agx,25,12.0,ok,agx,1788504227.9269018,43.566,4692.77,7
5089.96,2,6156.641,1788504234.0869527,32,b02-o07-agx-c32,,8,False,213.332,llama3.2:1b,etri-ser0001-cg0msb,ACTIVE,4876.627,129cf044-5498-4154-b185-ddfaf25c11f4,Edge computing reduces latency by processing data closer,agx,25,12.0,ok,agx,1788504227.9303114,43.426,4905.386,7
5302.191,2,6373.76,1788504234.299697,32,b02-o07-agx-c32,,8,False,212.459,llama3.2:1b,etri-ser0001-cg0msb,ACTIVE,5089.732,4a08fdb5-82fe-4d1e-8535-30d523edae5d,Edge computing reduces latency by processing data closer,agx,25,12.0,ok,agx,1788504227.9259384,43.649,5118.729,7
5507.877,2,6570.852,1788504234.5053937,32,b02-o07-agx-c32,,8,False,205.89,llama3.2:1b,etri-ser0001-cg0msb,ACTIVE,5301.987,8a004c43-d45a-4074-a32a-1c68787c4d75,Edge computing reduces latency by processing data closer,agx,25,12.0,ok,agx,1788504227.934543,44.86,5329.265,7
5716.281,2,5718.202,1788504234.7199063,32,b02-o07-agx-c32,,8,False,214.155,llama3.2:1b,etri-ser0001-cg0msb,ACTIVE,5502.126,e2b583bb-d7af-421a-a389-bc3c9be0f7df,Edge computing reduces latency by processing data closer,agx,25,12.0,ok,agx,1788504229.001707,42.917,5529.56,7
5723.688,2,6990.253,1788504234.9218943,32,b02-o07-agx-c32,,8,False,201.88,llama3.2:1b,etri-ser0001-cg0msb,ACTIVE,5521.808,9383a6cb-ea44-490c-8ef7-504bb28572f6,Edge computing reduces latency by processing data closer,agx,25,12.0,ok,agx,1788504227.9316428,46.08,5549.881,7
5931.637,2,7200.405,1788504235.1299257,32,b02-o07-agx-c32,,8,False,207.891,llama3.2:1b,etri-ser0001-cg0msb,ACTIVE,5723.746,05d86457-be08-4b17-898b-768f25368335,Edge computing reduces latency by processing data closer,agx,25,12.0,ok,agx,1788504227.9295232,44.706,5752.469,7
6140.084,2,7410.561,1788504235.338231,32,b02-o07-agx-c32,,8,False,208.377,llama3.2:1b,etri-ser0001-cg0msb,ACTIVE,5931.707,e2537b8f-2b37-4752-aa80-0615530075fa,Edge computing reduces latency by processing data closer,agx,25,12.0,ok,agx,1788504227.9276724,44.667,5960.848,7
6321.961,2,6323.783,1788504235.5421314,32,b02-o07-agx-c32,,8,False,203.637,llama3.2:1b,etri-ser0001-cg0msb,ACTIVE,6118.323,e370d5d4-a8bd-413e-b77d-044716befc77,Edge computing reduces latency by processing data closer,agx,25,12.0,ok,agx,1788504229.2183506,45.585,6146.313,7
6323.889,2,6325.816,1788504235.7503428,32,b02-o07-agx-c32,,8,False,207.865,llama3.2:1b,etri-ser0001-cg0msb,ACTIVE,6116.024,52c2099f-2b81-43ce-92f3-0eae5d70ab5c,Edge computing reduces latency by processing data closer,agx,25,12.0,ok,agx,1788504229.4245288,44.663,6144.484,7
6319.833,2,6321.609,1788504235.9512908,32,b02-o07-agx-c32,,8,False,200.923,llama3.2:1b,etri-ser0001-cg0msb,ACTIVE,6118.909,6c021abe-f6d1-4722-8d97-d5b4c23696d8,Edge computing reduces latency by processing data closer,agx,25,12.0,ok,agx,1788504229.6296842,46.226,6146.486,7
6312.126,2,6314.297,1788504236.159352,32,b02-o07-agx-c32,,8,False,207.9,llama3.2:1b,etri-ser0001-cg0msb,ACTIVE,6104.226,f4a453c3-8485-40c9-842e-a1528bccfea7,Edge computing reduces latency by processing data closer,agx,25,12.0,ok,agx,1788504229.8450568,44.293,6131.242,7
6346.03,2,8437.228,1788504236.3607438,32,b02-o07-agx-c32,,8,False,201.276,llama3.2:1b,etri-ser0001-cg0msb,ACTIVE,6144.754,ee81b26e-68c6-481e-8433-98f4a2691434,Edge computing reduces latency by processing data closer,agx,25,12.0,ok,agx,1788504227.923517,46.339,6173.184,7
6551.455,2,7577.525,1788504236.5661917,32,b02-o07-agx-c32,,8,False,205.368,llama3.2:1b,etri-ser0001-cg0msb,ACTIVE,6346.087,0e93fc22-f9b6-496f-8b1a-fd1c01e3e861,Edge computing reduces latency by processing data closer,agx,25,12.0,ok,agx,1788504228.9886692,45.1,6373.837,7
6720.355,2,6722.075,1788504236.7772632,32,b02-o07-agx-c32,,8,False,210.941,llama3.2:1b,etri-ser0001-cg0msb,ACTIVE,6509.414,b86f78ce-7024-4598-8384-15555473435d,Edge computing reduces latency by processing data closer,agx,25,12.0,ok,agx,1788504230.0551908,43.613,6536.707,7
6722.088,2,6724.103,1788504236.9898744,32,b02-o07-agx-c32,,8,False,212.461,llama3.2:1b,etri-ser0001-cg0msb,ACTIVE,6509.627,f1243041-683e-4e08-b136-d76d443522f0,Edge computing reduces latency by processing data closer,agx,25,12.0,ok,agx,1788504230.265774,43.832,6539.352,7
6723.422,2,6725.325,1788504237.201376,32,b02-o07-agx-c32,,8,False,211.429,llama3.2:1b,etri-ser0001-cg0msb,ACTIVE,6511.993,6e02b303-e76c-4038-94f0-c49c64d8dedb,Edge computing reduces latency by processing data closer,agx,25,12.0,ok,agx,1788504230.4760542,43.751,6540.286,7
6733.354,2,6735.325,1788504237.4203024,32,b02-o07-agx-c32,,8,False,218.876,llama3.2:1b,etri-ser0001-cg0msb,ACTIVE,6514.479,c10026df-1557-4a42-bb75-60ad1f455df4,Edge computing reduces latency by processing data closer,agx,25,12.0,ok,agx,1788504230.6849794,42.444,6544.609,7
6743.055,2,6745.035,1788504237.6374338,32,b02-o07-agx-c32,,8,False,216.97,llama3.2:1b,etri-ser0001-cg0msb,ACTIVE,6526.085,11fa7a1e-e356-4f28-9517-e6a8d7f8fcd1,Edge computing reduces latency by processing data closer,agx,25,12.0,ok,agx,1788504230.8924015,42.869,6556.105,7
6750.586,2,6752.484,1788504237.8584893,32,b02-o07-agx-c32,,8,False,221.026,llama3.2:1b,etri-ser0001-cg0msb,ACTIVE,6529.56,bc94eaca-d039-4181-a4ca-33fbe7807441,Edge computing reduces latency by processing data closer,agx,25,12.0,ok,agx,1788504231.1060076,41.816,6558.961,7
6752.719,2,6754.584,1788504238.0714104,32,b02-o07-agx-c32,,8,False,212.819,llama3.2:1b,etri-ser0001-cg0msb,ACTIVE,6539.9,4a9dea9e-0f3b-4920-abeb-5f61942a8662,Edge computing reduces latency by processing data closer,agx,25,12.0,ok,agx,1788504231.316827,43.555,6569.397,7
6767.402,2,6769.451,1788504238.2949364,32,b02-o07-agx-c32,,8,False,223.315,llama3.2:1b,etri-ser0001-cg0msb,ACTIVE,6544.087,757f3f35-f0fe-4f0c-85ef-46352c28e675,Edge computing reduces latency by processing data closer,agx,25,12.0,ok,agx,1788504231.5254877,41.53,6574.61,7
6771.295,2,6772.941,1788504238.5109265,32,b02-o07-agx-c32,,8,False,215.883,llama3.2:1b,etri-ser0001-cg0msb,ACTIVE,6555.412,0f867742-10c7-4044-9ed6-0ff742310c84,Edge computing reduces latency by processing data closer,agx,25,12.0,ok,agx,1788504231.737988,42.79,6584.093,7
6769.525,2,6771.415,1788504238.7250183,32,b02-o07-agx-c32,,8,False,214.056,llama3.2:1b,etri-ser0001-cg0msb,ACTIVE,6555.469,279111c9-f36d-4676-b999-494e9abe7e16,Edge computing reduces latency by processing data closer,agx,25,12.0,ok,agx,1788504231.9536057,43.209,6584.174,7
6754.773,2,6756.799,1788504238.9381793,32,b02-o07-agx-c32,,8,False,213.112,llama3.2:1b,etri-ser0001-cg0msb,ACTIVE,6541.661,243354e4-e8c9-4245-bf42-45c201c6d546,Edge computing reduces latency by processing data closer,agx,25,12.0,ok,agx,1788504232.181382,43.392,6570.164,7
6749.402,2,6751.31,1788504239.1519773,32,b02-o07-agx-c32,,8,False,213.641,llama3.2:1b,etri-ser0001-cg0msb,ACTIVE,6535.76,b331a6ec-943b-47c9-a443-5b05332d906f,Edge computing reduces latency by processing data closer,agx,25,12.0,ok,agx,1788504232.4006698,43.121,6563.603,7
6733.643,2,6735.237,1788504239.354644,32,b02-o07-agx-c32,,8,False,202.474,llama3.2:1b,etri-ser0001-cg0msb,ACTIVE,6531.169,6dc540f3-8817-4f11-8430-79fcbc268508,Edge computing reduces latency by processing data closer,agx,25,12.0,ok,agx,1788504232.619409,45.928,6559.267,7
6723.846,2,6725.916,1788504239.555442,32,b02-o07-agx-c32,,8,False,200.71,llama3.2:1b,etri-ser0001-cg0msb,ACTIVE,6523.136,b8863215-324e-4de6-bd2b-38b386a8ba79,Edge computing reduces latency by processing data closer,agx,25,12.0,ok,agx,1788504232.8295288,46.185,6550.243,7
6728.585,2,6730.51,1788504239.7660756,32,b02-o07-agx-c32,,8,False,210.567,llama3.2:1b,etri-ser0001-cg0msb,ACTIVE,6518.018,35e330a7-4e4b-4c5e-bfd8-84adbb41121b,Edge computing reduces latency by processing data closer,agx,25,12.0,ok,agx,1788504233.0355673,43.892,6546.146,7
6718.357,2,6720.787,1788504239.9745095,32,b02-o07-agx-c32,,8,False,208.285,llama3.2:1b,etri-ser0001-cg0msb,ACTIVE,6510.072,2d1805b7-4812-4937-91b8-5264049f7615,Edge computing reduces latency by processing data closer,agx,25,12.0,ok,agx,1788504233.2537253,44.571,6538.688,7
6725.104,2,6726.997,1788504240.1849906,32,b02-o07-agx-c32,,8,False,210.386,llama3.2:1b,etri-ser0001-cg0msb,ACTIVE,6514.718,0027519b-0635-4fed-ad3a-1aed13044966,Edge computing reduces latency by processing data closer,agx,25,12.0,ok,agx,1788504233.4579964,43.734,6541.895,7
6727.512,2,6729.374,1788504240.388819,32,b02-o07-agx-c32,,8,False,203.726,llama3.2:1b,etri-ser0001-cg0msb,ACTIVE,6523.786,6981af66-e58a-4375-b7cc-65995da68cb5,Edge computing reduces latency by processing data closer,agx,25,12.0,ok,agx,1788504233.659447,45.467,6551.363,7
6724.98,2,6726.921,1788504240.6006484,32,b02-o07-agx-c32,,8,False,211.729,llama3.2:1b,etri-ser0001-cg0msb,ACTIVE,6513.252,db0e49eb-68d0-4c85-9882-01c09baa4d78,Edge computing reduces latency by processing data closer,agx,25,12.0,ok,agx,1788504233.8737297,43.768,6541.923,7
6722.851,2,6724.647,1788504240.811622,32,b02-o07-agx-c32,,8,False,210.808,llama3.2:1b,etri-ser0001-cg0msb,ACTIVE,6512.043,e9d3b246-0824-4cb2-8b59-cec7ed5f6594,Edge computing reduces latency by processing data closer,agx,25,12.0,ok,agx,1788504234.0869772,44.378,6542.393,7
6723.586,2,6725.441,1788504241.0251727,32,b02-o07-agx-c32,,8,False,213.542,llama3.2:1b,etri-ser0001-cg0msb,ACTIVE,6510.044,e87addfa-87b7-4faa-a479-e762d97b90df,Edge computing reduces latency by processing data closer,agx,25,12.0,ok,agx,1788504234.2997322,43.578,6539.729,7
6736.991,2,6738.672,1788504241.2440987,32,b02-o07-agx-c32,,8,False,218.748,llama3.2:1b,etri-ser0001-cg0msb,ACTIVE,6518.244,a891cb1e-cc7a-46b9-b1ef-9ca110c3067a,Edge computing reduces latency by processing data closer,agx,25,12.0,ok,agx,1788504234.505429,42.368,6548.085,7
6734.748,2,6736.512,1788504241.4564521,32,b02-o07-agx-c32,,8,False,212.291,llama3.2:1b,etri-ser0001-cg0msb,ACTIVE,6522.457,cb475092-32cf-4126-89c8-1372fd72e08e,Edge computing reduces latency by processing data closer,agx,25,12.0,ok,agx,1788504234.7199423,43.826,6552.021,7
6734.105,2,6735.806,1788504241.6577349,32,b02-o07-agx-c32,,8,False,201.157,llama3.2:1b,etri-ser0001-cg0msb,ACTIVE,6532.948,fe68e221-4a7c-4df3-9e82-3c89c1d38174,Edge computing reduces latency by processing data closer,agx,25,12.0,ok,agx,1788504234.9219313,46.255,6560.995,7
6736.769,2,6738.512,1788504241.8684716,32,b02-o07-agx-c32,,8,False,210.739,llama3.2:1b,etri-ser0001-cg0msb,ACTIVE,6526.03,baae4d3b-eb0d-4ac0-b1f7-5564033e3d44,Edge computing reduces latency by processing data closer,agx,25,12.0,ok,agx,1788504235.1299613,44.12,6555.229,7
6734.776,2,6736.778,1788504242.0750546,32,b02-o07-agx-c32,,8,False,206.433,llama3.2:1b,etri-ser0001-cg0msb,ACTIVE,6528.343,7d6da314-b971-4c0e-845b-a6f82e889593,Edge computing reduces latency by processing data closer,agx,25,12.0,ok,agx,1788504235.3382797,44.79,6556.119,7
6734.426,2,6736.581,1788504242.2787464,32,b02-o07-agx-c32,,8,False,203.645,llama3.2:1b,etri-ser0001-cg0msb,ACTIVE,6530.781,4cd6c5ab-d6eb-4564-ab2c-02f54bde895e,Edge computing reduces latency by processing data closer,agx,25,12.0,ok,agx,1788504235.5421681,45.931,6560.163,7
6733.368,2,6735.351,1788504242.4857287,32,b02-o07-agx-c32,,8,False,206.823,llama3.2:1b,etri-ser0001-cg0msb,ACTIVE,6526.545,423e7a2f-5354-41f0-b554-a87bab106e46,Edge computing reduces latency by processing data closer,agx,25,12.0,ok,agx,1788504235.7503798,45.355,6556.698,7
6738.284,2,6740.246,1788504242.691569,32,b02-o07-agx-c32,,8,False,205.783,llama3.2:1b,etri-ser0001-cg0msb,ACTIVE,6532.501,c5305018-17cc-46df-a312-2a4c0f964734,Edge computing reduces latency by processing data closer,agx,25,12.0,ok,agx,1788504235.9513252,45.297,6561.551,7
6734.703,2,6736.432,1788504242.895816,32,b02-o07-agx-c32,,8,False,204.233,llama3.2:1b,etri-ser0001-cg0msb,ACTIVE,6530.47,9cb0f1e6-5332-4c9c-9ac2-b77b355618ef,Edge computing reduces latency by processing data closer,agx,25,12.0,ok,agx,1788504236.1593869,45.264,6557.701,7
6740.302,2,6742.289,1788504243.103065,32,b02-o07-agx-c32,,8,False,206.921,llama3.2:1b,etri-ser0001-cg0msb,ACTIVE,6533.381,d460898c-5c3f-4e97-90f7-0cf40c218fcc,Edge computing reduces latency by processing data closer,agx,25,12.0,ok,agx,1788504236.3607788,44.598,6560.703,7
6736.407,2,6738.335,1788504243.3045607,32,b02-o07-agx-c32,,8,False,201.401,llama3.2:1b,etri-ser0001-cg0msb,ACTIVE,6535.005,f111589c-8760-4bb0-8b3f-05369078dc27,Edge computing reduces latency by processing data closer,agx,25,12.0,ok,agx,1788504236.5662274,46.152,6562.77,7
6727.649,2,6729.449,1788504243.5067532,32,b02-o07-agx-c32,,8,False,202.133,llama3.2:1b,etri-ser0001-cg0msb,ACTIVE,6525.516,0486da6a-b49d-4290-8238-8f21abec5295,Edge computing reduces latency by processing data closer,agx,25,12.0,ok,agx,1788504236.7773066,45.794,6552.61,7
6726.835,2,6728.725,1788504243.718637,32,b02-o07-agx-c32,,8,False,211.716,llama3.2:1b,etri-ser0001-cg0msb,ACTIVE,6515.119,06e37f87-3ab3-4c2f-82a7-50562d8d1391,Edge computing reduces latency by processing data closer,agx,25,12.0,ok,agx,1788504236.9899147,43.589,6543.143,7
6719.416,2,6721.48,1788504243.922891,32,b02-o07-agx-c32,,8,False,204.24,llama3.2:1b,etri-ser0001-cg0msb,ACTIVE,6515.176,7af23065-5a31-4609-96cb-da1958f7a7b2,Edge computing reduces latency by processing data closer,agx,25,12.0,ok,agx,1788504237.2014132,45.734,6544.236,7
6719.761,2,6721.594,1788504244.141931,32,b02-o07-agx-c32,,8,False,218.937,llama3.2:1b,etri-ser0001-cg0msb,ACTIVE,6500.823,a8463c46-058a-4f50-aa92-2fb43d4dc691,Edge computing reduces latency by processing data closer,agx,25,12.0,ok,agx,1788504237.420339,42.198,6530.086,7
6714.689,2,6716.559,1788504244.3540287,32,b02-o07-agx-c32,,8,False,211.983,llama3.2:1b,etri-ser0001-cg0msb,ACTIVE,6502.706,205c4bad-1018-4e6e-a4d4-4ac5471c72ec,Edge computing reduces latency by processing data closer,agx,25,12.0,ok,agx,1788504237.6374717,43.881,6532.131,7
6700.705,2,6702.607,1788504244.56113,32,b02-o07-agx-c32,,8,False,206.99,llama3.2:1b,etri-ser0001-cg0msb,ACTIVE,6493.716,e2d45642-621b-4013-a857-d3efb91f4a69,Edge computing reduces latency by processing data closer,agx,25,12.0,ok,agx,1788504237.8585255,44.542,6520.826,7
6687.719,2,6689.606,1788504244.7610407,32,b02-o07-agx-c32,,8,False,199.814,llama3.2:1b,etri-ser0001-cg0msb,ACTIVE,6487.905,b7308b3a-067d-414a-a93e-434a1e21de6c,Edge computing reduces latency by processing data closer,agx,25,12.0,ok,agx,1788504238.0714371,46.449,6515.261,7
6663.948,2,6665.722,1788504244.9606922,32,b02-o07-agx-c32,,8,False,199.527,llama3.2:1b,etri-ser0001-cg0msb,ACTIVE,6464.422,e9292fc0-4563-4e35-a2e4-ce7addc9300e,Edge computing reduces latency by processing data closer,agx,25,12.0,ok,agx,1788504238.294973,46.619,6492.17,7
6662.841,2,6664.633,1788504245.175597,32,b02-o07-agx-c32,,8,False,214.963,llama3.2:1b,etri-ser0001-cg0msb,ACTIVE,6447.878,dc634ab7-42f9-4edf-85b6-a7f48b4b2103,Edge computing reduces latency by processing data closer,agx,25,12.0,ok,agx,1788504238.5109665,42.949,6476.255,7
6653.821,2,6655.745,1788504245.3807974,32,b02-o07-agx-c32,,8,False,204.876,llama3.2:1b,etri-ser0001-cg0msb,ACTIVE,6448.945,4c9c9fec-97da-450b-9654-f5e047706d84,Edge computing reduces latency by processing data closer,agx,25,12.0,ok,agx,1788504238.7250543,45.409,6477.219,7
6648.582,2,6650.518,1788504245.5887206,32,b02-o07-agx-c32,,8,False,207.852,llama3.2:1b,etri-ser0001-cg0msb,ACTIVE,6440.731,0d9f3f51-7b11-4635-a367-0e39121ae794,Edge computing reduces latency by processing data closer,agx,25,12.0,ok,agx,1788504238.9382048,44.419,6468.367,7
6649.21,2,6651.333,1788504245.8033433,32,b02-o07-agx-c32,,8,False,214.467,llama3.2:1b,etri-ser0001-cg0msb,ACTIVE,6434.743,5f4e9bc2-fb65-44f4-90d3-b898fcc11f36,Edge computing reduces latency by processing data closer,agx,25,12.0,ok,agx,1788504239.1520135,42.981,6462.805,7
6658.097,2,6659.959,1788504246.014636,32,b02-o07-agx-c32,,8,False,211.252,llama3.2:1b,etri-ser0001-cg0msb,ACTIVE,6446.845,25eda931-a92b-4fb3-b210-eb70123f3e82,Edge computing reduces latency by processing data closer,agx,25,12.0,ok,agx,1788504239.3546796,43.792,6475.151,7
6671.723,2,6673.605,1788504246.2290819,32,b02-o07-agx-c32,,8,False,214.317,llama3.2:1b,etri-ser0001-cg0msb,ACTIVE,6457.406,9549c9ee-0b02-4c78-afd5-73af9e0d0a02,Edge computing reduces latency by processing data closer,agx,25,12.0,ok,agx,1788504239.5554788,43.322,6486.756,7
6663.646,2,6665.4,1788504246.4315097,32,b02-o07-agx-c32,,8,False,202.483,llama3.2:1b,etri-ser0001-cg0msb,ACTIVE,6461.163,b9a1259d-88e4-4c73-baf0-364fd01cb5a3,Edge computing reduces latency by processing data closer,agx,25,12.0,ok,agx,1788504239.7661119,45.666,6488.188,7
552.487,2,574.017,1788504250.0638418,8,b02-o08-nano-c8,,8,False,552.445,llama3.2:1b,etri-dev0001-jetorn,ACTIVE,0.042,d3fc984a-b20c-4ac5-9c51-063b4c63a9ca,Edge computing reduces latency by processing data closer,nano,26,12.0,ok,nano,1788504249.489825,20.002,152.639,8
919.441,2,946.645,1788504250.4369867,8,b02-o08-nano-c8,,8,False,368.072,llama3.2:1b,etri-dev0001-jetorn,ACTIVE,551.368,96bcfa44-77b2-4e4b-8721-ebd80ba5bd7b,Edge computing reduces latency by processing data closer,nano,26,12.0,ok,nano,1788504249.4903471,25.86,607.904,8
1320.005,2,1347.109,1788504250.837989,8,b02-o08-nano-c8,,8,False,400.857,llama3.2:1b,etri-dev0001-jetorn,ACTIVE,919.148,c86a4762-c7b4-4a92-97de-c01b5a8d12ee,Edge computing reduces latency by processing data closer,nano,26,12.0,ok,nano,1788504249.490886,23.32,979.431,8
1669.998,2,1702.081,1788504251.1938686,8,b02-o08-nano-c8,,8,False,355.621,llama3.2:1b,etri-dev0001-jetorn,ACTIVE,1314.377,6ddc7401-a7c5-447a-b0ef-5e65ab73414c,Edge computing reduces latency by processing data closer,nano,26,12.0,ok,nano,1788504249.4917903,26.749,1377.226,8
2040.316,2,2072.888,1788504251.5642304,8,b02-o08-nano-c8,,8,False,370.434,llama3.2:1b,etri-dev0001-jetorn,ACTIVE,1669.882,6343d02e-346a-44e2-b705-c89d0a1b3b73,Edge computing reduces latency by processing data closer,nano,26,12.0,ok,nano,1788504249.4914176,25.749,1728.931,8
2452.458,2,2485.115,1788504251.9773192,8,b02-o08-nano-c8,,8,False,411.461,llama3.2:1b,etri-dev0001-jetorn,ACTIVE,2040.997,cdd3e339-73fe-48fe-8922-8c53e4270f52,Edge computing reduces latency by processing data closer,nano,26,12.0,ok,nano,1788504249.4922094,23.425,2112.548,8
2270.482,2,2286.461,1788504252.350326,8,b02-o08-nano-c8,,8,False,374.062,llama3.2:1b,etri-dev0001-jetorn,ACTIVE,1896.421,407cc140-b3fa-4bed-8a62-be45bf713473,Edge computing reduces latency by processing data closer,nano,26,12.0,ok,nano,1788504250.0638666,25.431,1956.164,8
2272.332,2,2283.49,1788504252.7205822,8,b02-o08-nano-c8,,8,False,368.892,llama3.2:1b,etri-dev0001-jetorn,ACTIVE,1903.44,fa017dd5-d1f3-4a90-811b-275b5b8599d6,Edge computing reduces latency by processing data closer,nano,26,12.0,ok,nano,1788504250.4370978,25.929,1972.287,8
2506.175,2,3589.675,1788504253.0827115,8,b02-o08-nano-c8,,8,False,358.519,llama3.2:1b,etri-dev0001-jetorn,ACTIVE,2147.656,487d8dee-24d5-49e3-8dc6-38b96cb56464,Edge computing reduces latency by processing data closer,nano,26,12.0,ok,nano,1788504249.4930387,26.155,2200.092,8
2859.923,2,3951.93,1788504253.4445298,8,b02-o08-nano-c8,,8,False,361.702,llama3.2:1b,etri-dev0001-jetorn,ACTIVE,2498.221,4116aa0a-5732-4694-bf6d-e56810051179,Edge computing reduces latency by processing data closer,nano,26,12.0,ok,nano,1788504249.492604,26.34,2555.905,8
3379.885,2,3401.58,1788504254.2396798,8,b02-o08-nano-c8,,8,False,795.153,llama3.2:1b,etri-dev0001-jetorn,ACTIVE,2584.732,718f52dd-91a2-4b54-9b10-a2465adf7827,Edge computing reduces latency by processing data closer,nano,26,12.0,ok,nano,1788504250.8381019,25.252,3056.256,8
3428.46,2,3434.143,1788504254.6281087,8,b02-o08-nano-c8,,8,False,386.424,llama3.2:1b,etri-dev0001-jetorn,ACTIVE,3042.036,3e9e95b2-0ee5-4a3a-8094-c27128ae78da,Edge computing reduces latency by processing data closer,nano,26,12.0,ok,nano,1788504251.1939697,24.757,3104.695,8
3467.775,2,3477.013,1788504255.0414195,8,b02-o08-nano-c8,,8,False,411.526,llama3.2:1b,etri-dev0001-jetorn,ACTIVE,3056.249,c3a11de3-b811-4de6-a482-11c9e7e6fccb,Edge computing reduces latency by processing data closer,nano,26,12.0,ok,nano,1788504251.5644116,24.899,3147.833,8
3436.413,2,3445.906,1788504255.4233325,8,b02-o08-nano-c8,,8,False,381.446,llama3.2:1b,etri-dev0001-jetorn,ACTIVE,3054.967,1447ad78-5b2d-4f51-9619-f20fc4e3dc0a,Edge computing reduces latency by processing data closer,nano,26,12.0,ok,nano,1788504251.9774323,24.612,3114.446,8
3467.922,2,3482.085,1788504255.8324401,8,b02-o08-nano-c8,,8,False,409.76,llama3.2:1b,etri-dev0001-jetorn,ACTIVE,3058.162,0e973782-0726-4794-94de-5f4b47fc2181,Edge computing reduces latency by processing data closer,nano,26,12.0,ok,nano,1788504252.350362,23.182,3119.939,8
3459.163,2,3470.536,1788504256.191225,8,b02-o08-nano-c8,,8,False,350.949,llama3.2:1b,etri-dev0001-jetorn,ACTIVE,3108.214,90e54ed4-1a7a-409a-a15a-5944b7376bc6,Edge computing reduces latency by processing data closer,nano,26,12.0,ok,nano,1788504252.7206905,26.705,3159.277,8
3436.551,2,3461.478,1788504256.5442324,8,b02-o08-nano-c8,,8,False,355.94,llama3.2:1b,etri-dev0001-jetorn,ACTIVE,3080.611,3882b1cb-f934-4483-b4ab-17ad0963e642,Edge computing reduces latency by processing data closer,nano,26,12.0,ok,nano,1788504253.0827563,27.259,3140.51,8
3490.968,2,3506.455,1788504256.9511259,8,b02-o08-nano-c8,,8,False,398.608,llama3.2:1b,etri-dev0001-jetorn,ACTIVE,3092.36,588139fe-a009-4039-af09-a93d0578bd65,Edge computing reduces latency by processing data closer,nano,26,12.0,ok,nano,1788504253.444674,23.873,3159.363,8
3118.879,2,3125.257,1788504257.3649683,8,b02-o08-nano-c8,,8,False,421.01,llama3.2:1b,etri-dev0001-jetorn,ACTIVE,2697.869,b8624eaf-529e-4359-907b-d7bbc399c3d0,Edge computing reduces latency by processing data closer,nano,26,12.0,ok,nano,1788504254.2397141,22.359,2766.084,8
3092.117,2,3110.906,1788504257.7391047,8,b02-o08-nano-c8,,8,False,365.566,llama3.2:1b,etri-dev0001-jetorn,ACTIVE,2726.552,6bd0a3d9-211f-4331-a994-fccbd3c7f1fe,Edge computing reduces latency by processing data closer,nano,26,12.0,ok,nano,1788504254.6281996,26.143,2784.951,8
3035.15,2,3058.019,1788504258.0995808,8,b02-o08-nano-c8,,8,False,367.503,llama3.2:1b,etri-dev0001-jetorn,ACTIVE,2667.647,4db90617-fb33-46c3-b69b-5cdd9c674f11,Edge computing reduces latency by processing data closer,nano,26,12.0,ok,nano,1788504255.0415647,26.261,2729.04,8
3010.157,2,3036.871,1788504258.4603095,8,b02-o08-nano-c8,,8,False,359.282,llama3.2:1b,etri-dev0001-jetorn,ACTIVE,2650.875,2006afd3-16c8-4901-a255-f9c45a147203,Edge computing reduces latency by processing data closer,nano,26,12.0,ok,nano,1788504255.4234443,27.149,2715.302,8
2978.375,2,2989.105,1788504258.82165,8,b02-o08-nano-c8,,8,False,362.025,llama3.2:1b,etri-dev0001-jetorn,ACTIVE,2616.35,0daf4055-a03f-4b80-9023-e7af827da2ca,Edge computing reduces latency by processing data closer,nano,26,12.0,ok,nano,1788504255.8325486,26.331,2672.962,8
2994.726,2,3007.67,1788504259.1989315,8,b02-o08-nano-c8,,8,False,375.119,llama3.2:1b,etri-dev0001-jetorn,ACTIVE,2619.607,07e89c11-2915-4b84-bf13-410dfa2aeb98,Edge computing reduces latency by processing data closer,nano,26,12.0,ok,nano,1788504256.1912658,26.243,2699.894,8
2984.031,2,3011.704,1788504259.5559762,8,b02-o08-nano-c8,,8,False,356.403,llama3.2:1b,etri-dev0001-jetorn,ACTIVE,2627.629,78eb171c-b928-4336-a8d3-fb343a3c20cd,Edge computing reduces latency by processing data closer,nano,26,12.0,ok,nano,1788504256.5442748,26.552,2680.049,8
2948.028,2,2965.919,1788504259.9171915,8,b02-o08-nano-c8,,8,False,356.407,llama3.2:1b,etri-dev0001-jetorn,ACTIVE,2591.621,f4c28a9e-fb51-4d87-995f-dcd86fa6cb08,Edge computing reduces latency by processing data closer,nano,26,12.0,ok,nano,1788504256.9512765,26.671,2644.073,8
2916.041,2,2927.613,1788504260.2926173,8,b02-o08-nano-c8,,8,False,375.528,llama3.2:1b,etri-dev0001-jetorn,ACTIVE,2540.513,3e3b534d-cc78-459c-811f-16ddabf1a99f,Edge computing reduces latency by processing data closer,nano,26,12.0,ok,nano,1788504257.36501,25.207,2600.145,8
2890.858,2,2911.516,1788504260.6506407,8,b02-o08-nano-c8,,8,False,353.998,llama3.2:1b,etri-dev0001-jetorn,ACTIVE,2536.86,e4474ca8-850d-4a31-9751-c424be5b617a,Edge computing reduces latency by processing data closer,nano,26,12.0,ok,nano,1788504257.7391286,26.966,2592.049,8
2908.435,2,2916.45,1788504261.0160587,8,b02-o08-nano-c8,,8,False,368.679,llama3.2:1b,etri-dev0001-jetorn,ACTIVE,2539.756,95c616ac-dd82-434c-92ec-a74fdfaaf88e,Edge computing reduces latency by processing data closer,nano,26,12.0,ok,nano,1788504258.0996122,25.936,2600.129,8
2903.779,2,2927.834,1788504261.3882537,8,b02-o08-nano-c8,,8,False,368.405,llama3.2:1b,etri-dev0001-jetorn,ACTIVE,2535.374,eb77ee5c-490b-4759-b7ac-6613b26715aa,Edge computing reduces latency by processing data closer,nano,26,12.0,ok,nano,1788504258.460423,25.426,2587.893,8
2931.623,2,2955.213,1788504261.7769485,8,b02-o08-nano-c8,,8,False,387.069,llama3.2:1b,etri-dev0001-jetorn,ACTIVE,2544.554,e0cef7d6-ab06-424c-8425-b56fec244d59,Edge computing reduces latency by processing data closer,nano,26,12.0,ok,nano,1788504258.821738,25.448,2615.788,8
2927.896,2,2944.631,1788504262.1436312,8,b02-o08-nano-c8,,8,False,367.485,llama3.2:1b,etri-dev0001-jetorn,ACTIVE,2560.411,f6b2b932-9509-42ea-a151-8bdf352a947a,Edge computing reduces latency by processing data closer,nano,26,12.0,ok,nano,1788504259.1990006,25.94,2620.142,8
3007.088,2,3021.662,1788504262.5776863,8,b02-o08-nano-c8,,8,False,424.357,llama3.2:1b,etri-dev0001-jetorn,ACTIVE,2582.731,e1355cb0-6a0c-47e0-b2ea-9db2ae02d39b,Edge computing reduces latency by processing data closer,nano,26,12.0,ok,nano,1788504259.5560284,21.774,2642.32,8
3049.434,2,3061.038,1788504262.9783893,8,b02-o08-nano-c8,,8,False,405.457,llama3.2:1b,etri-dev0001-jetorn,ACTIVE,2643.977,8462ebe3-d85b-49e2-907a-2a4c19f53a4b,Edge computing reduces latency by processing data closer,nano,26,12.0,ok,nano,1788504259.9173558,25.475,2734.961,8
3002.985,2,3033.049,1788504263.3257697,8,b02-o08-nano-c8,,8,False,344.171,llama3.2:1b,etri-dev0001-jetorn,ACTIVE,2658.814,1fc5909d-1e7e-4527-aee9-d9365587725c,Edge computing reduces latency by processing data closer,nano,26,12.0,ok,nano,1788504260.2927241,27.47,2712.068,8
3031.736,2,3054.422,1788504263.7051952,8,b02-o08-nano-c8,,8,False,384.471,llama3.2:1b,etri-dev0001-jetorn,ACTIVE,2647.265,8e4707e4-a4a2-4d00-bd23-bbe899b4f715,Edge computing reduces latency by processing data closer,nano,26,12.0,ok,nano,1788504260.6507778,24.405,2700.066,8
3031.331,2,3040.329,1788504264.0564716,8,b02-o08-nano-c8,,8,False,351.668,llama3.2:1b,etri-dev0001-jetorn,ACTIVE,2679.663,ff3353ef-8a8a-4bce-ad2e-6c58e3ba904e,Edge computing reduces latency by processing data closer,nano,26,12.0,ok,nano,1788504261.0161479,27.184,2739.444,8
3036.459,2,3048.024,1788504264.4363308,8,b02-o08-nano-c8,,8,False,379.309,llama3.2:1b,etri-dev0001-jetorn,ACTIVE,2657.151,77576506-3fb3-4ba2-9362-715947d110fd,Edge computing reduces latency by processing data closer,nano,26,12.0,ok,nano,1788504261.3883126,26.916,2736.787,8
729.664,2,737.727,1788504268.2320013,1,b02-o09-nano-c1,,8,False,729.645,llama3.2:1b,etri-dev0001-jetorn,ACTIVE,0.02,13efcbe9-6162-46d4-99bd-b683f8455dfe,Edge computing reduces latency by processing data closer,nano,27,12.0,ok,nano,1788504267.4942784,21.007,350.48,9
346.94,2,354.481,1788504268.5865571,1,b02-o09-nano-c1,,8,False,346.928,llama3.2:1b,etri-dev0001-jetorn,ACTIVE,0.012,d8203b42-98fd-469f-b4a8-7639d33b9aea,Edge computing reduces latency by processing data closer,nano,27,12.0,ok,nano,1788504268.232079,27.252,53.135,9
382.568,2,397.387,1788504268.9840271,1,b02-o09-nano-c1,,8,False,382.556,llama3.2:1b,etri-dev0001-jetorn,ACTIVE,0.012,22970afc-d6bf-4b76-a71c-2ea7c8290af6,Edge computing reduces latency by processing data closer,nano,27,12.0,ok,nano,1788504268.586645,25.943,75.001,9
357.016,2,368.021,1788504269.3521452,1,b02-o09-nano-c1,,8,False,357.005,llama3.2:1b,etri-dev0001-jetorn,ACTIVE,0.011,1d595554-3c38-4b51-85c0-893e7e5739f7,Edge computing reduces latency by processing data closer,nano,27,12.0,ok,nano,1788504268.9841275,26.369,53.075,9
361.04,2,371.219,1788504269.7235124,1,b02-o09-nano-c1,,8,False,361.03,llama3.2:1b,etri-dev0001-jetorn,ACTIVE,0.01,3c089c63-e9e6-495d-93b8-169db3223a56,Edge computing reduces latency by processing data closer,nano,27,12.0,ok,nano,1788504269.3522937,25.923,49.203,9
381.706,2,389.328,1788504270.1128645,1,b02-o09-nano-c1,,8,False,381.694,llama3.2:1b,etri-dev0001-jetorn,ACTIVE,0.012,b18643c2-58df-4536-86b0-8f2cf8ce28f6,Edge computing reduces latency by processing data closer,nano,27,12.0,ok,nano,1788504269.7235374,25.456,68.586,9
394.929,2,407.392,1788504270.5202749,1,b02-o09-nano-c1,,8,False,394.918,llama3.2:1b,etri-dev0001-jetorn,ACTIVE,0.011,fde500f5-ce3d-4957-8250-54f9704683ce,Edge computing reduces latency by processing data closer,nano,27,12.0,ok,nano,1788504270.1128876,24.127,58.92,9
482.961,2,490.168,1788504271.0105417,1,b02-o09-nano-c1,,8,False,482.949,llama3.2:1b,etri-dev0001-jetorn,ACTIVE,0.013,6ae54da1-30ca-4c90-9314-96c6555d3f05,Edge computing reduces latency by processing data closer,nano,27,12.0,ok,nano,1788504270.520374,19.205,68.514,9
444.883,2,452.262,1788504271.4628277,1,b02-o09-nano-c1,,8,False,444.872,llama3.2:1b,etri-dev0001-jetorn,ACTIVE,0.011,591cfe37-06aa-4bdb-a7d8-5f3a45b7630b,Edge computing reduces latency by processing data closer,nano,27,12.0,ok,nano,1788504271.0105684,21.244,66.076,9
464.929,2,479.689,1788504271.9425907,1,b02-o09-nano-c1,,8,False,464.915,llama3.2:1b,etri-dev0001-jetorn,ACTIVE,0.014,b09958f5-067b-4993-8169-0d3c9af752a6,Edge computing reduces latency by processing data closer,nano,27,12.0,ok,nano,1788504271.4629018,20.181,63.954,9
420.564,2,429.454,1788504272.372063,1,b02-o09-nano-c1,,8,False,420.552,llama3.2:1b,etri-dev0001-jetorn,ACTIVE,0.012,9480230b-9f92-494a-bb9f-4b3a35d82221,Edge computing reduces latency by processing data closer,nano,27,12.0,ok,nano,1788504271.9426126,23.999,84.561,9
357.471,2,367.389,1788504272.7395527,1,b02-o09-nano-c1,,8,False,357.459,llama3.2:1b,etri-dev0001-jetorn,ACTIVE,0.012,7d92ff68-d041-4fe0-b7d1-dc1a3577d21a,Edge computing reduces latency by processing data closer,nano,27,12.0,ok,nano,1788504272.372164,26.942,57.559,9
413.347,2,420.386,1788504273.15996,1,b02-o09-nano-c1,,8,False,413.335,llama3.2:1b,etri-dev0001-jetorn,ACTIVE,0.012,c6e33a4f-9b7f-4134-81fd-349f2b11ad16,Edge computing reduces latency by processing data closer,nano,27,12.0,ok,nano,1788504272.7395775,23.499,69.556,9
380.939,2,388.082,1788504273.5481408,1,b02-o09-nano-c1,,8,False,380.928,llama3.2:1b,etri-dev0001-jetorn,ACTIVE,0.011,5c371474-aa2e-44dd-af43-3308aebcbf41,Edge computing reduces latency by processing data closer,nano,27,12.0,ok,nano,1788504273.1600628,26.969,85.022,9
363.469,2,370.624,1788504273.9188514,1,b02-o09-nano-c1,,8,False,363.457,llama3.2:1b,etri-dev0001-jetorn,ACTIVE,0.012,54f95ec9-e022-42df-b1a7-c08df71a53a3,Edge computing reduces latency by processing data closer,nano,27,12.0,ok,nano,1788504273.5482295,25.752,53.067,9
391.172,2,397.166,1788504274.3161144,1,b02-o09-nano-c1,,8,False,391.16,llama3.2:1b,etri-dev0001-jetorn,ACTIVE,0.013,94e68963-c48d-46b0-be80-ed6cc7c306ba,Edge computing reduces latency by processing data closer,nano,27,12.0,ok,nano,1788504273.9189522,23.744,55.369,9
356.635,2,366.126,1788504274.6823199,1,b02-o09-nano-c1,,8,False,356.624,llama3.2:1b,etri-dev0001-jetorn,ACTIVE,0.011,3597b62d-e5b3-4d86-a808-5ccd001089e7,Edge computing reduces latency by processing data closer,nano,27,12.0,ok,nano,1788504274.3161974,26.784,58.555,9
444.884,2,453.16,1788504275.1355622,1,b02-o09-nano-c1,,8,False,444.872,llama3.2:1b,etri-dev0001-jetorn,ACTIVE,0.013,a46bb8af-7aef-4b1b-97f9-a6a4760cc474,Edge computing reduces latency by processing data closer,nano,27,12.0,ok,nano,1788504274.682403,26.294,136.969,9
376.301,2,384.78,1788504275.5203629,1,b02-o09-nano-c1,,8,False,376.288,llama3.2:1b,etri-dev0001-jetorn,ACTIVE,0.013,18a93f0f-b86d-45f2-8932-6c31089f9b1a,Edge computing reduces latency by processing data closer,nano,27,12.0,ok,nano,1788504275.1355865,25.178,60.367,9
432.248,2,439.448,1788504275.9598906,1,b02-o09-nano-c1,,8,False,432.235,llama3.2:1b,etri-dev0001-jetorn,ACTIVE,0.013,1d858a0a-08d5-44a4-a431-e6c0b80df15a,Edge computing reduces latency by processing data closer,nano,27,12.0,ok,nano,1788504275.5204453,21.275,52.457,9
373.288,2,380.156,1788504276.3401232,1,b02-o09-nano-c1,,8,False,373.276,llama3.2:1b,etri-dev0001-jetorn,ACTIVE,0.012,ce8d8ae9-bcb7-4d84-a6f0-00b795a72617,Edge computing reduces latency by processing data closer,nano,27,12.0,ok,nano,1788504275.9599705,25.715,61.382,9
360.518,2,365.58,1788504276.7058573,1,b02-o09-nano-c1,,8,False,360.507,llama3.2:1b,etri-dev0001-jetorn,ACTIVE,0.012,c8615a4d-0809-4150-9d24-0e728a0c01d9,Edge computing reduces latency by processing data closer,nano,27,12.0,ok,nano,1788504276.3402803,25.738,50.848,9
509.243,2,522.225,1788504277.2281616,1,b02-o09-nano-c1,,8,False,509.23,llama3.2:1b,etri-dev0001-jetorn,ACTIVE,0.013,7d565d90-781c-4dc1-88d5-9404d590ff37,Edge computing reduces latency by processing data closer,nano,27,12.0,ok,nano,1788504276.7059398,24.719,185.071,9
572.643,2,583.624,1788504277.811879,1,b02-o09-nano-c1,,8,False,572.634,llama3.2:1b,etri-dev0001-jetorn,ACTIVE,0.01,ebf6116b-30e1-44fe-9e00-7c47e3830020,Edge computing reduces latency by processing data closer,nano,27,12.0,ok,nano,1788504277.2282567,24.122,240.694,9
349.743,2,356.641,1788504278.168563,1,b02-o09-nano-c1,,8,False,349.731,llama3.2:1b,etri-dev0001-jetorn,ACTIVE,0.011,4b386fcf-17e5-4a57-9198-7989f787c3d2,Edge computing reduces latency by processing data closer,nano,27,12.0,ok,nano,1788504277.8119237,26.645,53.369,9
378.634,2,391.971,1788504278.5605836,1,b02-o09-nano-c1,,8,False,378.621,llama3.2:1b,etri-dev0001-jetorn,ACTIVE,0.013,97a2e997-661e-4928-ad4a-682770f589ce,Edge computing reduces latency by processing data closer,nano,27,12.0,ok,nano,1788504278.168617,24.886,58.223,9
368.878,2,374.992,1788504278.9357312,1,b02-o09-nano-c1,,8,False,368.868,llama3.2:1b,etri-dev0001-jetorn,ACTIVE,0.01,803f1e0d-d86d-4958-84ed-0b4e138922f3,Edge computing reduces latency by processing data closer,nano,27,12.0,ok,nano,1788504278.56074,25.438,53.028,9
360.576,2,372.259,1788504279.308021,1,b02-o09-nano-c1,,8,False,360.563,llama3.2:1b,etri-dev0001-jetorn,ACTIVE,0.012,dc570047-ab16-4c41-9e2b-26fb9aed5a09,Edge computing reduces latency by processing data closer,nano,27,12.0,ok,nano,1788504278.9357655,26.861,64.637,9
362.082,2,367.685,1788504279.675784,1,b02-o09-nano-c1,,8,False,362.071,llama3.2:1b,etri-dev0001-jetorn,ACTIVE,0.011,bb4e480a-6cb0-422b-b785-72d6698ccbc2,Edge computing reduces latency by processing data closer,nano,27,12.0,ok,nano,1788504279.3081017,25.825,50.197,9
217.581,2,234.625,1788504282.9969351,32,b02-o10-spark-c32,,8,False,217.565,llama3.2:1b,etri-ser0002-cgnmsb,ACTIVE,0.016,be3d3bd5-b405-4617-9f59-91a2801ddc21,Edge computing reduces latency by processing data closer,spark,28,12.0,ok,spark,1788504282.7623134,45.645,41.428,10
420.277,2,437.927,1788504283.201319,32,b02-o10-spark-c32,,8,False,203.913,llama3.2:1b,etri-ser0002-cgnmsb,ACTIVE,216.364,f302da01-e041-4134-be30-a416b754343c,Edge computing reduces latency by processing data closer,spark,28,12.0,ok,spark,1788504282.7633975,45.69,245.138,10
623.202,2,643.065,1788504283.407633,32,b02-o10-spark-c32,,8,False,205.383,llama3.2:1b,etri-ser0002-cgnmsb,ACTIVE,417.819,3e60fbbf-2957-4271-8c99-b2b0805d9d25,Edge computing reduces latency by processing data closer,spark,28,12.0,ok,spark,1788504282.7645733,45.783,445.713,10
834.789,2,853.573,1788504283.6193225,32,b02-o10-spark-c32,,8,False,211.62,llama3.2:1b,etri-ser0002-cgnmsb,ACTIVE,623.169,5c845727-feeb-4204-bf45-2ac5c26650ee,Edge computing reduces latency by processing data closer,spark,28,12.0,ok,spark,1788504282.7657545,45.679,657.779,10
1036.246,2,1068.533,1788504283.8298383,32,b02-o10-spark-c32,,8,False,210.612,llama3.2:1b,etri-ser0002-cgnmsb,ACTIVE,825.634,16f89050-75b6-43cf-87d9-e5894eccb6b9,Edge computing reduces latency by processing data closer,spark,28,12.0,ok,spark,1788504282.7613063,45.509,859.115,10
,2,1059.976,1788504283.8370674,32,b02-o10-spark-c32,ConnectionResetError:[Errno 104] Connection reset by peer,,False,,,,,,1b4da56d-832b-4dd6-bfbe-9e189f00ed18,,,28,12.0,error,spark,1788504282.7770932,,,10
,2,1051.401,1788504283.8378832,32,b02-o10-spark-c32,ConnectionResetError:[Errno 104] Connection reset by peer,,False,,,,,,33c5e45c-ebd2-4c2a-886a-031c3bd68246,,,28,12.0,error,spark,1788504282.7864823,,,10
1243.656,2,1270.759,1788504284.0376627,32,b02-o10-spark-c32,,8,False,207.611,llama3.2:1b,etri-ser0002-cgnmsb,ACTIVE,1036.045,9915c8f4-9bf5-4537-b0be-1031d213ad36,Edge computing reduces latency by processing data closer,spark,28,12.0,ok,spark,1788504282.766907,46.095,1067.32,10
1449.017,2,1474.409,1788504284.2443178,32,b02-o10-spark-c32,,8,False,206.509,llama3.2:1b,etri-ser0002-cgnmsb,ACTIVE,1242.507,3eabbbaf-8efe-4b91-ae00-b0ea05173dff,Edge computing reduces latency by processing data closer,spark,28,12.0,ok,spark,1788504282.7699134,46.115,1275.502,10
1653.224,2,1680.115,1788504284.448728,32,b02-o10-spark-c32,,8,False,204.141,llama3.2:1b,etri-ser0002-cgnmsb,ACTIVE,1449.083,f79638e0-d29d-497b-b5ed-ede5975971d1,Edge computing reduces latency by processing data closer,spark,28,12.0,ok,spark,1788504282.7686167,46.089,1476.773,10
1854.973,2,1882.773,1788504284.6548097,32,b02-o10-spark-c32,,8,False,205.234,llama3.2:1b,etri-ser0002-cgnmsb,ACTIVE,1649.739,1c0c131e-f4f3-4c38-b8ec-fbeac38e35fe,Edge computing reduces latency by processing data closer,spark,28,12.0,ok,spark,1788504282.7720397,45.97,1681.135,10
2057.307,2,2087.269,1788504284.8583405,32,b02-o10-spark-c32,,8,False,203.33,llama3.2:1b,etri-ser0002-cgnmsb,ACTIVE,1853.976,0808cbbc-bebe-4583-bbf2-75c8e5d55790,Edge computing reduces latency by processing data closer,spark,28,12.0,ok,spark,1788504282.7710774,45.846,1882.677,10
2261.528,2,2290.291,1788504285.0636666,32,b02-o10-spark-c32,,8,False,204.88,llama3.2:1b,etri-ser0002-cgnmsb,ACTIVE,2056.649,95c3bf1e-7804-4511-9b63-c43b95d37a06,Edge computing reduces latency by processing data closer,spark,28,12.0,ok,spark,1788504282.773377,46.036,2084.843,10
2468.651,2,2487.112,1788504285.271133,32,b02-o10-spark-c32,,8,False,207.923,llama3.2:1b,etri-ser0002-cgnmsb,ACTIVE,2260.728,905f8f66-bd28-4df0-8e4b-a268880cafab,Edge computing reduces latency by processing data closer,spark,28,12.0,ok,spark,1788504282.7840211,45.824,2293.809,10
2671.027,2,2699.014,1788504285.473761,32,b02-o10-spark-c32,,8,False,202.402,llama3.2:1b,etri-ser0002-cgnmsb,ACTIVE,2468.625,4eb02ecc-50d1-4c8b-b167-cf59c0fc814a,Edge computing reduces latency by processing data closer,spark,28,12.0,ok,spark,1788504282.7747467,45.939,2496.116,10
2875.195,2,2889.798,1788504285.6792178,32,b02-o10-spark-c32,,8,False,204.568,llama3.2:1b,etri-ser0002-cgnmsb,ACTIVE,2670.626,7aaa2ca6-e0c8-487d-818f-8fb152bfc177,Edge computing reduces latency by processing data closer,spark,28,12.0,ok,spark,1788504282.7894237,45.928,2699.16,10
3083.677,2,3104.915,1788504285.8879712,32,b02-o10-spark-c32,,8,False,207.848,llama3.2:1b,etri-ser0002-cgnmsb,ACTIVE,2875.829,a1ca3530-50d2-427b-95e0-e2da24c66848,Edge computing reduces latency by processing data closer,spark,28,12.0,ok,spark,1788504282.7830613,45.923,2907.942,10
3291.531,2,3308.652,1788504286.0964437,32,b02-o10-spark-c32,,8,False,208.686,llama3.2:1b,etri-ser0002-cgnmsb,ACTIVE,3082.844,0bf61915-c192-4f35-88e1-9162582ba3c9,Edge computing reduces latency by processing data closer,spark,28,12.0,ok,spark,1788504282.7877934,45.576,3116.002,10
3494.826,2,3507.853,1788504286.302,32,b02-o10-spark-c32,,8,False,204.464,llama3.2:1b,etri-ser0002-cgnmsb,ACTIVE,3290.362,3a3dfe5f-6b0e-4819-8abc-a8906922cb11,Edge computing reduces latency by processing data closer,spark,28,12.0,ok,spark,1788504282.7941525,46.009,3318.331,10
3701.945,2,3715.381,1788504286.5088923,32,b02-o10-spark-c32,,8,False,206.648,llama3.2:1b,etri-ser0002-cgnmsb,ACTIVE,3495.296,32862a44-5256-4411-83f2-039f331d104d,Edge computing reduces latency by processing data closer,spark,28,12.0,ok,spark,1788504282.793515,46.137,3528.241,10
3712.817,2,3927.29,1788504286.7124157,32,b02-o10-spark-c32,,8,False,203.115,llama3.2:1b,etri-ser0002-cgnmsb,ACTIVE,3509.702,394dcb8d-7970-4ff5-b476-f1db9efe70ff,Edge computing reduces latency by processing data closer,spark,28,12.0,ok,spark,1788504282.78513,46.023,3538.795,10
3916.663,2,3919.752,1788504286.9167733,32,b02-o10-spark-c32,,8,False,204.251,llama3.2:1b,etri-ser0002-cgnmsb,ACTIVE,3712.412,d9bbc16b-f4bd-4624-9e1c-2d0e7b22580a,Edge computing reduces latency by processing data closer,spark,28,12.0,ok,spark,1788504282.9970229,45.866,3741.728,10
3921.064,2,3923.476,1788504287.1249013,32,b02-o10-spark-c32,,8,False,208.304,llama3.2:1b,etri-ser0002-cgnmsb,ACTIVE,3712.76,e785d276-6374-427e-9861-5ab5703a0c2e,Edge computing reduces latency by processing data closer,spark,28,12.0,ok,spark,1788504283.201427,44.513,3740.477,10
3914.87,2,3921.177,1788504287.328919,32,b02-o10-spark-c32,,8,False,203.28,llama3.2:1b,etri-ser0002-cgnmsb,ACTIVE,3711.59,c054d161-5812-44e0-a154-d02ae2247f65,Edge computing reduces latency by processing data closer,spark,28,12.0,ok,spark,1788504283.407746,45.876,3739.313,10
3908.13,2,3914.345,1788504287.5337722,32,b02-o10-spark-c32,,8,False,205.029,llama3.2:1b,etri-ser0002-cgnmsb,ACTIVE,3703.101,4f8a4853-fdc1-4b73-b78c-a6b1081a9193,Edge computing reduces latency by processing data closer,spark,28,12.0,ok,spark,1788504283.6194327,45.947,3732.075,10
3906.312,2,3909.802,1788504287.739694,32,b02-o10-spark-c32,,8,False,205.593,llama3.2:1b,etri-ser0002-cgnmsb,ACTIVE,3700.719,d45e3bb1-9bd2-47c3-9f1b-9cbf27077155,Edge computing reduces latency by processing data closer,spark,28,12.0,ok,spark,1788504283.8298924,45.932,3729.896,10
4096.05,2,5153.768,1788504287.9442706,32,b02-o10-spark-c32,,8,False,204.057,llama3.2:1b,etri-ser0002-cgnmsb,ACTIVE,3891.993,fcb32480-3c62-43f1-a94d-479f8eb4f669,Edge computing reduces latency by processing data closer,spark,28,12.0,ok,spark,1788504282.790506,46.104,3922.551,10
4299.153,2,5368.744,1788504288.1495469,32,b02-o10-spark-c32,,8,False,204.616,llama3.2:1b,etri-ser0002-cgnmsb,ACTIVE,4094.537,f83d1358-e2f5-47c2-88a8-60d2cee3efbf,Edge computing reduces latency by processing data closer,spark,28,12.0,ok,spark,1788504282.780806,46.029,4122.82,10
4506.192,2,5577.504,1788504288.3591378,32,b02-o10-spark-c32,,8,False,208.868,llama3.2:1b,etri-ser0002-cgnmsb,ACTIVE,4297.325,4948a7d6-e2c5-4ba9-8518-4f9670b42102,Edge computing reduces latency by processing data closer,spark,28,12.0,ok,spark,1788504282.7816374,46.028,4330.63,10
4714.722,2,5772.93,1788504288.5680394,32,b02-o10-spark-c32,,8,False,209.092,llama3.2:1b,etri-ser0002-cgnmsb,ACTIVE,4505.63,5736bf6e-f77e-4842-803b-1a713c6ee1d6,Edge computing reduces latency by processing data closer,spark,28,12.0,ok,spark,1788504282.795115,45.983,4538.617,10
4920.745,2,6001.144,1788504288.776831,32,b02-o10-spark-c32,,8,False,208.103,llama3.2:1b,etri-ser0002-cgnmsb,ACTIVE,4712.642,c8b818c0-36e9-47c5-86bd-fc31e3eb1c13,Edge computing reduces latency by processing data closer,spark,28,12.0,ok,spark,1788504282.7756898,45.95,4745.045,10
5126.329,2,6203.346,1788504288.9823503,32,b02-o10-spark-c32,,8,False,205.842,llama3.2:1b,etri-ser0002-cgnmsb,ACTIVE,4920.487,7ac2e2f8-bdf6-483a-b5ff-1ae52f9480ac,Edge computing reduces latency by processing data closer,spark,28,12.0,ok,spark,1788504282.7790055,45.886,4951.948,10
5331.574,2,5351.078,1788504289.1890216,32,b02-o10-spark-c32,,8,False,205.981,llama3.2:1b,etri-ser0002-cgnmsb,ACTIVE,5125.592,85563a5d-9bf5-41d6-a340-dca44819486e,Edge computing reduces latency by processing data closer,spark,28,12.0,ok,spark,1788504283.8379462,45.611,5153.183,10
5540.609,2,6605.983,1788504289.397878,32,b02-o10-spark-c32,,8,False,208.715,llama3.2:1b,etri-ser0002-cgnmsb,ACTIVE,5331.894,2af17004-4d2f-43bd-902a-e935e644910e,Edge computing reduces latency by processing data closer,spark,28,12.0,ok,spark,1788504282.7918973,45.541,5364.985,10
5747.524,2,6825.319,1788504289.6052587,32,b02-o10-spark-c32,,8,False,207.053,llama3.2:1b,etri-ser0002-cgnmsb,ACTIVE,5540.471,68f60bc4-0e0e-4241-969b-258062834ca1,Edge computing reduces latency by processing data closer,spark,28,12.0,ok,spark,1788504282.7799406,45.656,5569.424,10
5771.162,2,5775.67,1788504289.813457,32,b02-o10-spark-c32,,8,False,208.631,llama3.2:1b,etri-ser0002-cgnmsb,ACTIVE,5562.531,06e4692d-17d8-47c2-8959-026aa8cbd269,Edge computing reduces latency by processing data closer,spark,28,12.0,ok,spark,1788504284.0377872,45.823,5595.366,10
5972.308,2,7231.533,1788504290.0242717,32,b02-o10-spark-c32,,8,False,210.077,llama3.2:1b,etri-ser0002-cgnmsb,ACTIVE,5762.231,ebb7f43b-0079-4e24-b2c8-4869622c114d,Edge computing reduces latency by processing data closer,spark,28,12.0,ok,spark,1788504282.7927406,46.011,5796.338,10
6180.32,2,7454.958,1788504290.2330203,32,b02-o10-spark-c32,,8,False,208.443,llama3.2:1b,etri-ser0002-cgnmsb,ACTIVE,5971.877,5e83f4cd-4fbd-4290-9ecc-a9d3cd7dd8e4,Edge computing reduces latency by processing data closer,spark,28,12.0,ok,spark,1788504282.7780635,45.97,6004.543,10
6387.422,2,7652.594,1788504290.4412987,32,b02-o10-spark-c32,,8,False,207.201,llama3.2:1b,etri-ser0002-cgnmsb,ACTIVE,6180.22,c587de1c-9585-4ffa-adad-e8631bc33185,Edge computing reduces latency by processing data closer,spark,28,12.0,ok,spark,1788504282.7887077,45.997,6211.657,10
6398.78,2,6402.086,1788504290.6465077,32,b02-o10-spark-c32,,8,False,205.142,llama3.2:1b,etri-ser0002-cgnmsb,ACTIVE,6193.638,6823fc6e-dcf3-4663-a9ba-963a4ef353af,Edge computing reduces latency by processing data closer,spark,28,12.0,ok,spark,1788504284.244427,46.098,6224.434,10
6397.408,2,6401.619,1788504290.8504336,32,b02-o10-spark-c32,,8,False,204.214,llama3.2:1b,etri-ser0002-cgnmsb,ACTIVE,6193.194,1f5b0d92-59af-4554-8df0-ab7d17ad3ed0,Edge computing reduces latency by processing data closer,spark,28,12.0,ok,spark,1788504284.4488184,45.75,6221.998,10
6395.924,2,6398.731,1788504291.053629,32,b02-o10-spark-c32,,8,False,203.122,llama3.2:1b,etri-ser0002-cgnmsb,ACTIVE,6192.802,b6e20005-7ac3-406d-a534-3ded4059b5f5,Edge computing reduces latency by processing data closer,spark,28,12.0,ok,spark,1788504284.6548991,46.158,6220.425,10
6398.81,2,7424.778,1788504291.2619536,32,b02-o10-spark-c32,,8,False,207.27,llama3.2:1b,etri-ser0002-cgnmsb,ACTIVE,6191.54,2b7bdc1a-b4f4-499c-9b5a-f712e97728c1,Edge computing reduces latency by processing data closer,spark,28,12.0,ok,spark,1788504283.8371797,45.843,6222.587,10
6605.153,2,6609.465,1788504291.4679034,32,b02-o10-spark-c32,,8,False,206.345,llama3.2:1b,etri-ser0002-cgnmsb,ACTIVE,6398.808,33a0a0f0-55b1-4067-ae76-8a518b0bee5d,Edge computing reduces latency by processing data closer,spark,28,12.0,ok,spark,1788504284.8584447,46.134,6432.07,10
6601.084,2,6607.17,1788504291.6708922,32,b02-o10-spark-c32,,8,False,202.801,llama3.2:1b,etri-ser0002-cgnmsb,ACTIVE,6398.283,b64f5108-4831-450e-a02d-70e35c6a5fff,Edge computing reduces latency by processing data closer,spark,28,12.0,ok,spark,1788504285.0637255,46.026,6426.876,10
6601.188,2,6603.59,1788504291.8747456,32,b02-o10-spark-c32,,8,False,203.98,llama3.2:1b,etri-ser0002-cgnmsb,ACTIVE,6397.208,265c8e86-f75f-42b9-8ebb-7ca006e649b0,Edge computing reduces latency by processing data closer,spark,28,12.0,ok,spark,1788504285.2711594,45.902,6425.885,10
6605.824,2,6607.967,1788504292.08175,32,b02-o10-spark-c32,,8,False,207.078,llama3.2:1b,etri-ser0002-cgnmsb,ACTIVE,6398.746,876f4844-2a35-4483-a1c4-b1a44ea375a9,Edge computing reduces latency by processing data closer,spark,28,12.0,ok,spark,1788504285.4737842,45.719,6430.717,10
6601.697,2,6607.477,1788504292.286799,32,b02-o10-spark-c32,,8,False,204.435,llama3.2:1b,etri-ser0002-cgnmsb,ACTIVE,6397.262,af205fb2-316e-43ce-ac0d-f767f37b8380,Edge computing reduces latency by processing data closer,spark,28,12.0,ok,spark,1788504285.679325,45.921,6426.669,10
6597.173,2,6603.504,1788504292.4915812,32,b02-o10-spark-c32,,8,False,204.483,llama3.2:1b,etri-ser0002-cgnmsb,ACTIVE,6392.69,242ffe73-870e-43e0-a06e-2cf2c52c1d3d,Edge computing reduces latency by processing data closer,spark,28,12.0,ok,spark,1788504285.8880801,46.148,6422.48,10
6601.145,2,6603.066,1788504292.699538,32,b02-o10-spark-c32,,8,False,207.971,llama3.2:1b,etri-ser0002-cgnmsb,ACTIVE,6393.174,40d1148f-262a-4ed5-a88c-562f11c69b9c,Edge computing reduces latency by processing data closer,spark,28,12.0,ok,spark,1788504286.0964756,45.923,6427.207,10
6595.301,2,6601.384,1788504292.9034877,32,b02-o10-spark-c32,,8,False,203.511,llama3.2:1b,etri-ser0002-cgnmsb,ACTIVE,6391.79,65ac21c0-4ebb-4733-82f2-8651ab9966c5,Edge computing reduces latency by processing data closer,spark,28,12.0,ok,spark,1788504286.3021097,45.8,6419.894,10
6596.795,2,6600.29,1788504293.1092706,32,b02-o10-spark-c32,,8,False,205.385,llama3.2:1b,etri-ser0002-cgnmsb,ACTIVE,6391.411,926aaeb3-52a2-4900-b350-5c42e2ad3d0e,Edge computing reduces latency by processing data closer,spark,28,12.0,ok,spark,1788504286.5089815,46.111,6421.536,10
6601.755,2,6605.464,1788504293.317981,32,b02-o10-spark-c32,,8,False,208.507,llama3.2:1b,etri-ser0002-cgnmsb,ACTIVE,6393.247,0f9f9ea4-34d2-4c15-85c8-2b5327610849,Edge computing reduces latency by processing data closer,spark,28,12.0,ok,spark,1788504286.7125196,46.052,6427.473,10
6602.627,2,6606.116,1788504293.5229447,32,b02-o10-spark-c32,,8,False,204.304,llama3.2:1b,etri-ser0002-cgnmsb,ACTIVE,6398.323,504ad450-7406-4701-a380-e5a600b98a91,Edge computing reduces latency by processing data closer,spark,28,12.0,ok,spark,1788504286.916832,46.215,6427.214,10
6601.974,2,6604.441,1788504293.7293782,32,b02-o10-spark-c32,,8,False,207.295,llama3.2:1b,etri-ser0002-cgnmsb,ACTIVE,6394.679,cfcb8471-6ca6-459c-bfcd-8c24fd02f89c,Edge computing reduces latency by processing data closer,spark,28,12.0,ok,spark,1788504287.1249394,45.972,6427.01,10
6604.016,2,6607.041,1788504293.9360464,32,b02-o10-spark-c32,,8,False,205.898,llama3.2:1b,etri-ser0002-cgnmsb,ACTIVE,6398.118,3a97ac64-21d3-4f82-80f9-a29a523cf0e7,Edge computing reduces latency by processing data closer,spark,28,12.0,ok,spark,1788504287.3290093,45.892,6427.592,10
6605.847,2,6609.299,1788504294.1431847,32,b02-o10-spark-c32,,8,False,207.312,llama3.2:1b,etri-ser0002-cgnmsb,ACTIVE,6398.535,efc5f370-acb6-4d11-9c3f-22059972e361,Edge computing reduces latency by processing data closer,spark,28,12.0,ok,spark,1788504287.5338871,46.081,6430.945,10
6606.627,2,6611.144,1788504294.3508594,32,b02-o10-spark-c32,,8,False,206.986,llama3.2:1b,etri-ser0002-cgnmsb,ACTIVE,6399.641,8d2e5475-96fc-4a36-ace9-58bff8e0947d,Edge computing reduces latency by processing data closer,spark,28,12.0,ok,spark,1788504287.7397196,45.934,6432.253,10
6606.131,2,6609.049,1788504294.5534475,32,b02-o10-spark-c32,,8,False,202.391,llama3.2:1b,etri-ser0002-cgnmsb,ACTIVE,6403.74,aeae3612-85cc-44cb-bae3-a9badfad3e81,Edge computing reduces latency by processing data closer,spark,28,12.0,ok,spark,1788504287.9444015,46.099,6432.018,10
6604.683,2,6609.082,1788504294.7587197,32,b02-o10-spark-c32,,8,False,204.892,llama3.2:1b,etri-ser0002-cgnmsb,ACTIVE,6399.791,43099315-9156-4e68-bdcf-4ab45c868085,Edge computing reduces latency by processing data closer,spark,28,12.0,ok,spark,1788504288.1496413,45.768,6429.419,10
6596.58,2,6602.28,1788504294.9615035,32,b02-o10-spark-c32,,8,False,203.269,llama3.2:1b,etri-ser0002-cgnmsb,ACTIVE,6393.311,cca7db66-cef4-4684-b835-5726c004123d,Edge computing reduces latency by processing data closer,spark,28,12.0,ok,spark,1788504288.3592246,45.73,6421.294,10
6593.371,2,6599.781,1788504295.1679304,32,b02-o10-spark-c32,,8,False,205.552,llama3.2:1b,etri-ser0002-cgnmsb,ACTIVE,6387.819,bbe4af88-aa74-4bf1-933d-ce26aef0b494,Edge computing reduces latency by processing data closer,spark,28,12.0,ok,spark,1788504288.5681517,45.746,6415.91,10
6593.98,2,6600.428,1788504295.3773515,32,b02-o10-spark-c32,,8,False,209.445,llama3.2:1b,etri-ser0002-cgnmsb,ACTIVE,6384.535,827df0e7-9fb7-47fe-b61a-bd6d7e56ff81,Edge computing reduces latency by processing data closer,spark,28,12.0,ok,spark,1788504288.7769268,45.441,6418.292,10
6596.741,2,6599.156,1788504295.5815523,32,b02-o10-spark-c32,,8,False,203.905,llama3.2:1b,etri-ser0002-cgnmsb,ACTIVE,6392.836,9c7533c8-26d9-4c41-8f5a-1e6be4084d7c,Edge computing reduces latency by processing data closer,spark,28,12.0,ok,spark,1788504288.9824011,45.658,6420.498,10
6593.843,2,6599.676,1788504295.7887583,32,b02-o10-spark-c32,,8,False,206.815,llama3.2:1b,etri-ser0002-cgnmsb,ACTIVE,6387.028,236ae9cc-6e4a-4e9f-a423-3b9ed20a8fc6,Edge computing reduces latency by processing data closer,spark,28,12.0,ok,spark,1788504289.189083,45.675,6416.83,10
6597.504,2,6600.642,1788504295.998567,32,b02-o10-spark-c32,,8,False,209.521,llama3.2:1b,etri-ser0002-cgnmsb,ACTIVE,6387.983,f770a982-f809-4ed4-a105-9539195ea1b9,Edge computing reduces latency by processing data closer,spark,28,12.0,ok,spark,1788504289.397929,45.804,6420.664,10
6595.728,2,6602.029,1788504296.2073152,32,b02-o10-spark-c32,,8,False,208.105,llama3.2:1b,etri-ser0002-cgnmsb,ACTIVE,6387.624,a5c00c11-b848-48f2-9fff-2128f29f8676,Edge computing reduces latency by processing data closer,spark,28,12.0,ok,spark,1788504289.6052926,45.959,6419.873,10
6595.653,2,6600.659,1788504296.4141355,32,b02-o10-spark-c32,,8,False,206.69,llama3.2:1b,etri-ser0002-cgnmsb,ACTIVE,6388.963,e207661c-d6d0-4901-b6d7-7eb8fc6775b3,Edge computing reduces latency by processing data closer,spark,28,12.0,ok,spark,1788504289.8134806,46.083,6422.371,10
6587.868,2,6594.087,1788504296.6183915,32,b02-o10-spark-c32,,8,False,203.641,llama3.2:1b,etri-ser0002-cgnmsb,ACTIVE,6384.227,abfc6c41-c395-4e51-b210-41bf040b3be7,Edge computing reduces latency by processing data closer,spark,28,12.0,ok,spark,1788504290.0243106,46.08,6411.747,10
6588.209,2,6594.243,1788504296.8273082,32,b02-o10-spark-c32,,8,False,208.735,llama3.2:1b,etri-ser0002-cgnmsb,ACTIVE,6379.474,9f884484-1454-4c89-be7b-6ba38176c674,Edge computing reduces latency by processing data closer,spark,28,12.0,ok,spark,1788504290.2330666,45.978,6412.768,10
6588.547,2,6595.157,1788504297.0365071,32,b02-o10-spark-c32,,8,False,208.873,llama3.2:1b,etri-ser0002-cgnmsb,ACTIVE,6379.674,39da1801-f664-40b9-a85e-d55567035306,Edge computing reduces latency by processing data closer,spark,28,12.0,ok,spark,1788504290.4413886,45.667,6411.776,10
6590.939,2,6594.593,1788504297.2412088,32,b02-o10-spark-c32,,8,False,204.601,llama3.2:1b,etri-ser0002-cgnmsb,ACTIVE,6386.338,59fbb5bb-4888-471f-91d3-c6f7cc6ce6a1,Edge computing reduces latency by processing data closer,spark,28,12.0,ok,spark,1788504290.6466184,46.208,6416.449,10
6593.621,2,6596.917,1788504297.4474378,32,b02-o10-spark-c32,,8,False,205.88,llama3.2:1b,etri-ser0002-cgnmsb,ACTIVE,6387.74,c1885c4e-51e1-4303-b6bc-513c9521cc6f,Edge computing reduces latency by processing data closer,spark,28,12.0,ok,spark,1788504290.8505247,46.112,6418.309,10
6594.682,2,6599.478,1788504297.6531289,32,b02-o10-spark-c32,,8,False,205.74,llama3.2:1b,etri-ser0002-cgnmsb,ACTIVE,6388.943,54a3e143-f570-4260-8f4d-4338f795e434,Edge computing reduces latency by processing data closer,spark,28,12.0,ok,spark,1788504291.0536556,46.128,6419.775,10
6592.347,2,6598.758,1788504297.8607974,32,b02-o10-spark-c32,,8,False,207.224,llama3.2:1b,etri-ser0002-cgnmsb,ACTIVE,6385.123,06d1e963-0141-452b-b801-f21cdb2f26b3,Edge computing reduces latency by processing data closer,spark,28,12.0,ok,spark,1788504291.2620432,46.111,6417.955,10
6599.195,2,6602.83,1788504298.0708606,32,b02-o10-spark-c32,,8,False,209.908,llama3.2:1b,etri-ser0002-cgnmsb,ACTIVE,6389.287,a1aa61fb-512f-4749-a897-615a098aa99f,Edge computing reduces latency by processing data closer,spark,28,12.0,ok,spark,1788504291.468031,45.865,6422.821,10
6603.538,2,6607.046,1788504298.2780142,32,b02-o10-spark-c32,,8,False,206.4,llama3.2:1b,etri-ser0002-cgnmsb,ACTIVE,6397.138,05711e35-998a-420e-8885-491fce15a633,Edge computing reduces latency by processing data closer,spark,28,12.0,ok,spark,1788504291.6709743,46.176,6427.775,10
6604.761,2,6610.689,1788504298.4855223,32,b02-o10-spark-c32,,8,False,207.415,llama3.2:1b,etri-ser0002-cgnmsb,ACTIVE,6397.346,f9f861e7-894b-43fd-913f-5e1064318d82,Edge computing reduces latency by processing data closer,spark,28,12.0,ok,spark,1788504291.8748367,46.168,6429.77,10
6608.912,2,6611.888,1788504298.6936615,32,b02-o10-spark-c32,,8,False,208.062,llama3.2:1b,etri-ser0002-cgnmsb,ACTIVE,6400.85,fd4f9dfe-bd78-426f-9f66-9424d607338d,Edge computing reduces latency by processing data closer,spark,28,12.0,ok,spark,1788504292.0817745,46.152,6433.33,10
6611.824,2,6615.712,1788504298.9026396,32,b02-o10-spark-c32,,8,False,208.509,llama3.2:1b,etri-ser0002-cgnmsb,ACTIVE,6403.314,1616be03-8043-4818-87c3-90d14972c128,Edge computing reduces latency by processing data closer,spark,28,12.0,ok,spark,1788504292.2869284,46.131,6436.565,10
6615.801,2,6621.633,1788504299.1132834,32,b02-o10-spark-c32,,8,False,209.799,llama3.2:1b,etri-ser0002-cgnmsb,ACTIVE,6406.002,5e968c93-abb3-41f0-8fa5-478ebb648f42,Edge computing reduces latency by processing data closer,spark,28,12.0,ok,spark,1788504292.4916513,45.864,6439.314,10
6621.209,2,6623.676,1788504299.32328,32,b02-o10-spark-c32,,8,False,208.997,llama3.2:1b,etri-ser0002-cgnmsb,ACTIVE,6412.212,c92f8778-c86a-43aa-a978-81310581aedc,Edge computing reduces latency by processing data closer,spark,28,12.0,ok,spark,1788504292.6996076,46.111,6445.601,10
6624.242,2,6629.704,1788504299.533305,32,b02-o10-spark-c32,,8,False,208.736,llama3.2:1b,etri-ser0002-cgnmsb,ACTIVE,6415.505,0b904142-59cd-412e-ad7a-4aee7f03d69d,Edge computing reduces latency by processing data closer,spark,28,12.0,ok,spark,1788504292.9036071,46.178,6448.942,10
6626.511,2,6630.661,1788504299.7399628,32,b02-o10-spark-c32,,8,False,207.031,llama3.2:1b,etri-ser0002-cgnmsb,ACTIVE,6419.48,c2c3a4d2-3dbf-4845-98ee-acad2d64bf0e,Edge computing reduces latency by processing data closer,spark,28,12.0,ok,spark,1788504293.1093028,46.17,6450.301,10
6625.46,2,6629.825,1788504299.9478855,32,b02-o10-spark-c32,,8,False,207.851,llama3.2:1b,etri-ser0002-cgnmsb,ACTIVE,6417.61,cefc4985-6f13-41a5-9441-ccbac9d134c9,Edge computing reduces latency by processing data closer,spark,28,12.0,ok,spark,1788504293.3180642,46.143,6450.038,10
6629.579,2,6635.482,1788504300.158513,32,b02-o10-spark-c32,,8,False,210.116,llama3.2:1b,etri-ser0002-cgnmsb,ACTIVE,6419.463,143ed48f-210b-442f-a597-833912fe290d,Edge computing reduces latency by processing data closer,spark,28,12.0,ok,spark,1788504293.523033,45.76,6453.125,10
6634.631,2,6638.699,1788504300.368105,32,b02-o10-spark-c32,,8,False,208.533,llama3.2:1b,etri-ser0002-cgnmsb,ACTIVE,6426.098,bdaf0b19-dc77-4975-8b42-dc8a9fca53d0,Edge computing reduces latency by processing data closer,spark,28,12.0,ok,spark,1788504293.729412,46.112,6459.061,10
6639.397,2,6645.986,1788504300.5821226,32,b02-o10-spark-c32,,8,False,213.534,llama3.2:1b,etri-ser0002-cgnmsb,ACTIVE,6425.864,7b32a5b9-a5c1-4d6b-a7bb-7d74a668bf1d,Edge computing reduces latency by processing data closer,spark,28,12.0,ok,spark,1788504293.9361398,46.352,6464.855,10
6641.235,2,6646.896,1788504300.7901149,32,b02-o10-spark-c32,,8,False,207.87,llama3.2:1b,etri-ser0002-cgnmsb,ACTIVE,6433.364,195b4c44-dbd1-43e1-a908-34547346f077,Edge computing reduces latency by processing data closer,spark,28,12.0,ok,spark,1788504294.1432197,46.111,6466.826,10
6642.815,2,6646.177,1788504300.9971333,32,b02-o10-spark-c32,,8,False,206.839,llama3.2:1b,etri-ser0002-cgnmsb,ACTIVE,6435.976,bd857432-2a1a-48b4-a920-d6ef99e1a276,Edge computing reduces latency by processing data closer,spark,28,12.0,ok,spark,1788504294.350957,45.993,6465.859,10
6647.03,2,6652.654,1788504301.2061815,32,b02-o10-spark-c32,,8,False,208.514,llama3.2:1b,etri-ser0002-cgnmsb,ACTIVE,6438.516,30394ed1-86c8-431d-81f9-53bcdbe2a51f,Edge computing reduces latency by processing data closer,spark,28,12.0,ok,spark,1788504294.5535297,45.783,6472.27,10
6650.458,2,6652.856,1788504301.4116666,32,b02-o10-spark-c32,,8,False,205.173,llama3.2:1b,etri-ser0002-cgnmsb,ACTIVE,6445.285,ccded6a3-9f43-493a-a7d2-c0ea18733641,Edge computing reduces latency by processing data closer,spark,28,12.0,ok,spark,1788504294.758814,45.591,6474.975,10
580.314,2,603.66,1788504305.0618262,16,b02-o11-nano-c16,,8,False,580.298,llama3.2:1b,etri-dev0001-jetorn,ACTIVE,0.016,2852b711-214e-4d93-b9f4-d7692818a366,Edge computing reduces latency by processing data closer,nano,29,12.0,ok,nano,1788504304.4581683,19.333,167.152,11
949.866,2,976.348,1788504305.4319239,16,b02-o11-nano-c16,,8,False,369.312,llama3.2:1b,etri-dev0001-jetorn,ACTIVE,580.554,11f60cf3-7a28-4b28-bd41-e8c4c30c37c2,Edge computing reduces latency by processing data closer,nano,29,12.0,ok,nano,1788504304.4555786,26.634,646.061,11
1373.152,2,1400.082,1788504305.8563063,16,b02-o11-nano-c16,,8,False,423.058,llama3.2:1b,etri-dev0001-jetorn,ACTIVE,950.095,a4e8e4eb-895d-48a2-bcfd-a19e2c1c16ed,Edge computing reduces latency by processing data closer,nano,29,12.0,ok,nano,1788504304.4562268,21.978,1009.868,11
1812.03,2,1847.613,1788504306.3022943,16,b02-o11-nano-c16,,8,False,440.847,llama3.2:1b,etri-dev0001-jetorn,ACTIVE,1371.183,32462c95-9585-43cb-ad59-999a5137e58d,Edge computing reduces latency by processing data closer,nano,29,12.0,ok,nano,1788504304.4546862,20.937,1427.147,11
2164.263,2,2195.852,1788504306.652957,16,b02-o11-nano-c16,,8,False,354.592,llama3.2:1b,etri-dev0001-jetorn,ACTIVE,1809.671,c78a8050-1537-4243-8a41-18991495800b,Edge computing reduces latency by processing data closer,nano,29,12.0,ok,nano,1788504304.4571087,27.331,1872.375,11
2568.97,2,2596.508,1788504307.0571294,16,b02-o11-nano-c16,,8,False,404.846,llama3.2:1b,etri-dev0001-jetorn,ACTIVE,2164.125,792478e3-ba62-498a-9c52-6c7b6fe5e875,Edge computing reduces latency by processing data closer,nano,29,12.0,ok,nano,1788504304.4606273,22.927,2219.975,11
2982.154,2,3016.163,1788504307.4791427,16,b02-o11-nano-c16,,8,False,420.777,llama3.2:1b,etri-dev0001-jetorn,ACTIVE,2561.377,befa0083-a163-45a6-a458-b098521cf1c4,Edge computing reduces latency by processing data closer,nano,29,12.0,ok,nano,1788504304.4629853,22.447,2628.016,11
3351.689,2,3386.868,1788504307.8485315,16,b02-o11-nano-c16,,8,False,369.335,llama3.2:1b,etri-dev0001-jetorn,ACTIVE,2982.354,97b3658f-eef6-4f6c-a67e-f8c687153e61,Edge computing reduces latency by processing data closer,nano,29,12.0,ok,nano,1788504304.4616673,25.748,3039.774,11
3736.718,2,3775.819,1788504308.243717,16,b02-o11-nano-c16,,8,False,391.963,llama3.2:1b,etri-dev0001-jetorn,ACTIVE,3344.756,d12b97b9-7770-4b01-81c5-d33819ec2b4a,Edge computing reduces latency by processing data closer,nano,29,12.0,ok,nano,1788504304.4679024,24.182,3405.174,11
4103.414,2,4154.617,1788504308.6185617,16,b02-o11-nano-c16,,8,False,368.641,llama3.2:1b,etri-dev0001-jetorn,ACTIVE,3734.773,24cca64d-177a-4320-8b40-566172138897,Edge computing reduces latency by processing data closer,nano,29,12.0,ok,nano,1788504304.4639497,26.139,3798.115,11
4456.163,2,4516.989,1788504308.9766603,16,b02-o11-nano-c16,,8,False,358.897,llama3.2:1b,etri-dev0001-jetorn,ACTIVE,4097.266,4c141989-c53f-41ec-95e7-bcb34094cdeb,Edge computing reduces latency by processing data closer,nano,29,12.0,ok,nano,1788504304.459675,26.713,4152.769,11
4825.738,2,4881.359,1788504309.3504913,16,b02-o11-nano-c16,,8,False,373.424,llama3.2:1b,etri-dev0001-jetorn,ACTIVE,4452.314,6da2335d-0b0c-4cdf-9874-c11f81510566,Edge computing reduces latency by processing data closer,nano,29,12.0,ok,nano,1788504304.4691377,25.499,4520.316,11
5190.051,2,5247.377,1788504309.7183125,16,b02-o11-nano-c16,,8,False,365.506,llama3.2:1b,etri-dev0001-jetorn,ACTIVE,4824.545,29460f69-d830-493e-b4f7-bf87fc5705a9,Edge computing reduces latency by processing data closer,nano,29,12.0,ok,nano,1788504304.4709363,25.812,4882.691,11
5575.529,2,5636.464,1788504310.1064584,16,b02-o11-nano-c16,,8,False,390.66,llama3.2:1b,etri-dev0001-jetorn,ACTIVE,5184.869,3c8c72c2-30ee-4049-b9a3-5e51cc3ceae9,Edge computing reduces latency by processing data closer,nano,29,12.0,ok,nano,1788504304.4699945,25.167,5257.254,11
5415.742,2,5421.919,1788504310.4838176,16,b02-o11-nano-c16,,8,False,374.936,llama3.2:1b,etri-dev0001-jetorn,ACTIVE,5040.805,4901a9f4-b042-4886-ace2-1613a039694d,Edge computing reduces latency by processing data closer,nano,29,12.0,ok,nano,1788504305.0619044,25.699,5104.28,11
557.184,2,564.003,1788504311.0479295,16,b02-o11-nano-c16,,8,False,557.173,llama3.2:1b,etri-dev0001-jetorn,ACTIVE,0.011,d61494b1-c34d-40c5-99fb-d8b85d3e3ce6,Edge computing reduces latency by processing data closer,nano,29,12.0,ok,nano,1788504310.4839303,24.409,229.984,11
5835.315,2,6937.205,1788504311.4028437,16,b02-o11-nano-c16,,8,False,355.822,llama3.2:1b,etri-dev0001-jetorn,ACTIVE,5479.493,6a9757a3-f9aa-43a5-b1e5-b82fa1640960,Edge computing reduces latency by processing data closer,nano,29,12.0,ok,nano,1788504304.4656386,27.007,5540.01,11
6223.687,2,7338.285,1788504311.8047626,16,b02-o11-nano-c16,,8,False,396.239,llama3.2:1b,etri-dev0001-jetorn,ACTIVE,5827.448,45fc0074-0a6e-4cc1-a19a-c955a428c549,Edge computing reduces latency by processing data closer,nano,29,12.0,ok,nano,1788504304.4664798,23.65,5883.913,11
6296.522,2,6305.687,1788504312.1620772,16,b02-o11-nano-c16,,8,False,358.452,llama3.2:1b,etri-dev0001-jetorn,ACTIVE,5938.07,bcdd0b18-d912-4c90-8226-fd45fc182c1e,Edge computing reduces latency by processing data closer,nano,29,12.0,ok,nano,1788504305.856392,26.266,5994.088,11
6218.644,2,6240.266,1788504312.5426657,16,b02-o11-nano-c16,,8,False,379.46,llama3.2:1b,etri-dev0001-jetorn,ACTIVE,5839.184,b8441c78-bd94-45ae-a608-5be44c15fc9b,Edge computing reduces latency by processing data closer,nano,29,12.0,ok,nano,1788504306.3024049,24.533,5896.033,11
6262.506,2,6269.725,1788504312.9227686,16,b02-o11-nano-c16,,8,False,379.356,llama3.2:1b,etri-dev0001-jetorn,ACTIVE,5883.15,0e099bc2-57cc-4ac7-9665-59ee454fe382,Edge computing reduces latency by processing data closer,nano,29,12.0,ok,nano,1788504306.6530473,24.671,5939.879,11
6216.253,2,6227.161,1788504313.2845857,16,b02-o11-nano-c16,,8,False,360.372,llama3.2:1b,etri-dev0001-jetorn,ACTIVE,5855.882,bfdd431e-0db0-4461-9dec-fc31d92bea70,Edge computing reduces latency by processing data closer,nano,29,12.0,ok,nano,1788504307.0574276,26.482,5912.317,11
6129.184,2,6149.776,1788504313.6290567,16,b02-o11-nano-c16,,8,False,344.982,llama3.2:1b,etri-dev0001-jetorn,ACTIVE,5784.202,ca81d909-e93f-413a-bb73-44f3c9ef90d6,Edge computing reduces latency by processing data closer,nano,29,12.0,ok,nano,1788504307.479284,27.25,5836.013,11
6153.458,2,6162.922,1788504314.0115402,16,b02-o11-nano-c16,,8,False,381.865,llama3.2:1b,etri-dev0001-jetorn,ACTIVE,5771.593,37a05bdd-5dfb-4f74-b19a-76e3bf36688b,Edge computing reduces latency by processing data closer,nano,29,12.0,ok,nano,1788504307.8486223,24.821,5829.825,11
6239.359,2,6252.861,1788504314.496679,16,b02-o11-nano-c16,,8,False,480.267,llama3.2:1b,etri-dev0001-jetorn,ACTIVE,5759.092,b8b14c05-b4d0-4a88-a6b3-589e09b786c9,Edge computing reduces latency by processing data closer,nano,29,12.0,ok,nano,1788504308.2438219,26.983,5943.538,11
6241.862,2,6255.365,1788504314.8740315,16,b02-o11-nano-c16,,8,False,377.797,llama3.2:1b,etri-dev0001-jetorn,ACTIVE,5864.065,a1e42023-dd0d-4146-b3bf-547fd180ab3e,Edge computing reduces latency by processing data closer,nano,29,12.0,ok,nano,1788504308.6186726,24.81,5915.874,11
6308.581,2,6336.285,1788504315.3130603,16,b02-o11-nano-c16,,8,False,437.935,llama3.2:1b,etri-dev0001-jetorn,ACTIVE,5870.647,e5b75385-375f-4489-9001-5ef5e7d140cc,Edge computing reduces latency by processing data closer,nano,29,12.0,ok,nano,1788504308.9767766,21.037,5928.017,11
6297.279,2,6311.137,1788504315.6617463,16,b02-o11-nano-c16,,8,False,348.307,llama3.2:1b,etri-dev0001-jetorn,ACTIVE,5948.972,0c402164-59b1-4e59-a065-2b77e4f5f0de,Edge computing reduces latency by processing data closer,nano,29,12.0,ok,nano,1788504309.3506126,27.477,6004.067,11
6294.359,2,6304.137,1788504316.0224824,16,b02-o11-nano-c16,,8,False,359.915,llama3.2:1b,etri-dev0001-jetorn,ACTIVE,5934.443,33932fe6-20af-4168-a95e-895b42c2289f,Edge computing reduces latency by processing data closer,nano,29,12.0,ok,nano,1788504309.7183468,26.216,5992.228,11
6364.491,2,6372.946,1788504316.4794302,16,b02-o11-nano-c16,,8,False,457.397,llama3.2:1b,etri-dev0001-jetorn,ACTIVE,5907.094,bca2a0b4-54b6-4b2e-a76e-bfbeba66713f,Edge computing reduces latency by processing data closer,nano,29,12.0,ok,nano,1788504310.1064847,23.15,6016.529,11
11418.97,2,11439.669,1788504316.8716738,16,b02-o11-nano-c16,,8,False,387.482,llama3.2:1b,etri-dev0001-jetorn,ACTIVE,11031.488,28588d43-1a23-427f-9caf-1bc9ffd7febe,Edge computing reduces latency by processing data closer,nano,29,12.0,ok,nano,1788504305.432008,25.166,11099.958,11
6182.866,2,6201.66,1788504317.2496927,16,b02-o11-nano-c16,,8,False,368.407,llama3.2:1b,etri-dev0001-jetorn,ACTIVE,5814.46,a9a24e27-70ee-48ae-a60d-802b8a6f16c5,Edge computing reduces latency by processing data closer,nano,29,12.0,ok,nano,1788504311.0480356,26.237,5874.919,11
6312.463,2,6322.172,1788504317.7250385,16,b02-o11-nano-c16,,8,False,478.075,llama3.2:1b,etri-dev0001-jetorn,ACTIVE,5834.388,fa8cd50e-bde6-4052-a8ff-d74562865f5e,Edge computing reduces latency by processing data closer,nano,29,12.0,ok,nano,1788504311.4028678,27.246,6018.818,11
6284.742,2,6307.524,1788504318.112365,16,b02-o11-nano-c16,,8,False,386.475,llama3.2:1b,etri-dev0001-jetorn,ACTIVE,5898.267,e0d02fbb-78cb-4fb0-b477-e30fb12d4e93,Edge computing reduces latency by processing data closer,nano,29,12.0,ok,nano,1788504311.8048422,25.13,5964.068,11
6307.643,2,6329.394,1788504318.4915159,16,b02-o11-nano-c16,,8,False,376.155,llama3.2:1b,etri-dev0001-jetorn,ACTIVE,5931.488,5b02809a-fa52-49ec-90c5-554ebc011135,Edge computing reduces latency by processing data closer,nano,29,12.0,ok,nano,1788504312.1621253,25.217,5987.97,11
6281.727,2,6299.772,1788504318.8425415,16,b02-o11-nano-c16,,8,False,349.413,llama3.2:1b,etri-dev0001-jetorn,ACTIVE,5932.314,f49abb7a-fbb7-4ed3-9340-413e1e587119,Edge computing reduces latency by processing data closer,nano,29,12.0,ok,nano,1788504312.5427754,27.226,5988.014,11
6249.263,2,6271.393,1788504319.1942508,16,b02-o11-nano-c16,,8,False,351.572,llama3.2:1b,etri-dev0001-jetorn,ACTIVE,5897.691,1066bfb4-406f-41ac-badb-d0da6366abac,Edge computing reduces latency by processing data closer,nano,29,12.0,ok,nano,1788504312.9228594,27.022,5951.751,11
6250.317,2,6266.371,1788504319.551089,16,b02-o11-nano-c16,,8,False,354.022,llama3.2:1b,etri-dev0001-jetorn,ACTIVE,5896.295,fe44c260-3ba7-461a-a2fa-58bd6d7aa9fd,Edge computing reduces latency by processing data closer,nano,29,12.0,ok,nano,1788504313.2847216,27.032,5950.547,11
6276.346,2,6296.07,1788504319.9252155,16,b02-o11-nano-c16,,8,False,376.321,llama3.2:1b,etri-dev0001-jetorn,ACTIVE,5900.024,0221467d-190d-4036-bf9e-0e0e0199ad1f,Edge computing reduces latency by processing data closer,nano,29,12.0,ok,nano,1788504313.629148,25.965,5983.9,11
6251.81,2,6270.665,1788504320.2823024,16,b02-o11-nano-c16,,8,False,356.287,llama3.2:1b,etri-dev0001-jetorn,ACTIVE,5895.523,8606e450-26e8-4a5f-b757-d9f95e18168e,Edge computing reduces latency by processing data closer,nano,29,12.0,ok,nano,1788504314.0116415,26.318,5950.537,11
6119.712,2,6142.099,1788504320.6388633,16,b02-o11-nano-c16,,8,False,354.095,llama3.2:1b,etri-dev0001-jetorn,ACTIVE,5765.617,97f008f0-6419-47fd-8665-0683c25730de,Edge computing reduces latency by processing data closer,nano,29,12.0,ok,nano,1788504314.4967666,27.031,5824.024,11
6115.842,2,6126.292,1788504321.0004315,16,b02-o11-nano-c16,,8,False,364.438,llama3.2:1b,etri-dev0001-jetorn,ACTIVE,5751.404,362271f1-f892-47b4-81ef-01546cfe7656,Edge computing reduces latency by processing data closer,nano,29,12.0,ok,nano,1788504314.874143,25.577,5803.5,11
6028.946,2,6043.286,1788504321.3564253,16,b02-o11-nano-c16,,8,False,355.651,llama3.2:1b,etri-dev0001-jetorn,ACTIVE,5673.295,bbebec2b-aba8-49e6-86aa-5008b3f3475e,Edge computing reduces latency by processing data closer,nano,29,12.0,ok,nano,1788504315.31314,26.636,5728.072,11
6084.783,2,6096.26,1788504321.7580972,16,b02-o11-nano-c16,,8,False,395.399,llama3.2:1b,etri-dev0001-jetorn,ACTIVE,5689.384,e55c8fe5-fa2e-4d84-b8ae-b58d2d078c0e,Edge computing reduces latency by processing data closer,nano,29,12.0,ok,nano,1788504315.6618376,23.62,5743.661,11
6104.694,2,6117.943,1788504322.1404562,16,b02-o11-nano-c16,,8,False,387.409,llama3.2:1b,etri-dev0001-jetorn,ACTIVE,5717.285,2bfe07a8-a075-4cb1-bba2-aef7e5a04237,Edge computing reduces latency by processing data closer,nano,29,12.0,ok,nano,1788504316.022514,24.428,5779.955,11
518.334,2,532.475,1788504325.7167017,32,b02-o12-nano-c32,,8,False,518.32,llama3.2:1b,etri-dev0001-jetorn,ACTIVE,0.014,6c1d2bd2-1b89-412b-be59-9974cafb2291,Edge computing reduces latency by processing data closer,nano,30,12.0,ok,nano,1788504325.184227,21.49,161.239,12
876.605,2,893.834,1788504326.0760314,32,b02-o12-nano-c32,,8,False,358.477,llama3.2:1b,etri-dev0001-jetorn,ACTIVE,518.128,6c1c6776-83be-4633-b516-40596ffddd3e,Edge computing reduces latency by processing data closer,nano,30,12.0,ok,nano,1788504325.1822004,27.105,580.637,12
1351.716,2,1371.356,1788504326.5526571,32,b02-o12-nano-c32,,8,False,474.473,llama3.2:1b,etri-dev0001-jetorn,ACTIVE,877.243,4a44b308-3cc4-45b2-8f13-dc1af385cc57,Edge computing reduces latency by processing data closer,nano,30,12.0,ok,nano,1788504325.181304,21.849,988.542,12
1774.988,2,1795.967,1788504326.9790826,32,b02-o12-nano-c32,,8,False,426.254,llama3.2:1b,etri-dev0001-jetorn,ACTIVE,1348.733,f5f0234f-13f5-4614-a6d4-06cb1d1f1304,Edge computing reduces latency by processing data closer,nano,30,12.0,ok,nano,1788504325.1831207,22.841,1428.956,12
2215.969,2,2240.439,1788504327.4257872,32,b02-o12-nano-c32,,8,False,445.175,llama3.2:1b,etri-dev0001-jetorn,ACTIVE,1770.794,126197c7-5e50-44d5-8d93-c4c74e7e433f,Edge computing reduces latency by processing data closer,nano,30,12.0,ok,nano,1788504325.185351,20.81,1828.143,12
2922.93,2,2984.178,1788504328.1751611,32,b02-o12-nano-c32,,8,False,751.707,llama3.2:1b,etri-dev0001-jetorn,ACTIVE,2171.224,b6056fa9-6c32-44ea-bed8-55bd2e1f575e,Edge computing reduces latency by processing data closer,nano,30,12.0,ok,nano,1788504325.1909835,19.757,2519.255,12
3273.033,2,3368.95,1788504328.5570364,32,b02-o12-nano-c32,,8,False,377.268,llama3.2:1b,etri-dev0001-jetorn,ACTIVE,2895.765,cc7528b7-f2a2-4704-94a6-28899495a7ae,Edge computing reduces latency by processing data closer,nano,30,12.0,ok,nano,1788504325.188092,26.061,2967.407,12
3571.287,2,3720.678,1788504328.9098678,32,b02-o12-nano-c32,,8,False,355.644,llama3.2:1b,etri-dev0001-jetorn,ACTIVE,3215.643,0f2950e6-2d8b-41b2-8976-cd125f5d1145,Edge computing reduces latency by processing data closer,nano,30,12.0,ok,nano,1788504325.1891901,26.869,3277.734,12
3934.655,2,4086.024,1788504329.2761302,32,b02-o12-nano-c32,,8,False,365.895,llama3.2:1b,etri-dev0001-jetorn,ACTIVE,3568.76,265f9827-b030-444c-9436-49d58043ce5f,Edge computing reduces latency by processing data closer,nano,30,12.0,ok,nano,1788504325.1901114,25.991,3630.634,12
4283.974,2,4445.158,1788504329.6318274,32,b02-o12-nano-c32,,8,False,352.435,llama3.2:1b,etri-dev0001-jetorn,ACTIVE,3931.538,8732b351-120a-48c7-b302-dd6675586345,Edge computing reduces latency by processing data closer,nano,30,12.0,ok,nano,1788504325.1866727,27.104,3987.964,12
4617.742,2,4792.149,1788504329.9867282,32,b02-o12-nano-c32,,8,False,350.451,llama3.2:1b,etri-dev0001-jetorn,ACTIVE,4267.291,886f924e-bf13-4b22-a281-a2bdda3bcd4a,Edge computing reduces latency by processing data closer,nano,30,12.0,ok,nano,1788504325.1945817,26.925,4327.871,12
5007.823,2,5182.379,1788504330.378057,32,b02-o12-nano-c32,,8,False,391.551,llama3.2:1b,etri-dev0001-jetorn,ACTIVE,4616.272,57b45673-f67a-4e9b-8613-6d181d56b58a,Edge computing reduces latency by processing data closer,nano,30,12.0,ok,nano,1788504325.1956813,23.805,4673.755,12
5363.677,2,5546.936,1788504330.739059,32,b02-o12-nano-c32,,8,False,356.394,llama3.2:1b,etri-dev0001-jetorn,ACTIVE,5007.283,a78e2b06-0e16-41c4-9968-178a44d509dc,Edge computing reduces latency by processing data closer,nano,30,12.0,ok,nano,1788504325.1921263,27.132,5067.746,12
5663.374,2,5896.068,1788504331.096407,32,b02-o12-nano-c32,,8,False,359.545,llama3.2:1b,etri-dev0001-jetorn,ACTIVE,5303.83,cead8abd-ddc8-4a02-adde-6257007e2c03,Edge computing reduces latency by processing data closer,nano,30,12.0,ok,nano,1788504325.2003028,27.492,5363.471,12
6038.981,2,6276.903,1788504331.479981,32,b02-o12-nano-c32,,8,False,383.77,llama3.2:1b,etri-dev0001-jetorn,ACTIVE,5655.211,272e8f4f-c4c9-4a3f-8beb-01b3b0fa3b5f,Edge computing reduces latency by processing data closer,nano,30,12.0,ok,nano,1788504325.203084,24.357,5711.031,12
365.641,2,372.627,1788504331.852715,32,b02-o12-nano-c32,,8,False,365.63,llama3.2:1b,etri-dev0001-jetorn,ACTIVE,0.011,4da277be-88f4-46f9-afeb-82f3d8fb4276,Edge computing reduces latency by processing data closer,nano,30,12.0,ok,nano,1788504331.4800894,25.53,56.426,12
423.532,2,430.116,1788504332.2828672,32,b02-o12-nano-c32,,8,False,423.521,llama3.2:1b,etri-dev0001-jetorn,ACTIVE,0.011,bcc5a3fe-b370-494a-912b-d51734ef768f,Edge computing reduces latency by processing data closer,nano,30,12.0,ok,nano,1788504331.8527527,23.398,84.977,12
6636.753,2,6647.782,1788504332.7238934,32,b02-o12-nano-c32,,8,False,440.252,llama3.2:1b,etri-dev0001-jetorn,ACTIVE,6196.501,2ed30924-c754-46f9-a1ff-add67c3b0bb6,Edge computing reduces latency by processing data closer,nano,30,12.0,ok,nano,1788504326.0761144,22.273,6281.637,12
6973.403,2,7998.64,1788504333.1980393,32,b02-o12-nano-c32,,8,False,473.746,llama3.2:1b,etri-dev0001-jetorn,ACTIVE,6499.657,009257a0-30e3-4f75-9cf4-2339180f0aee,Edge computing reduces latency by processing data closer,nano,30,12.0,ok,nano,1788504325.199401,19.815,6572.136,12
7435.811,2,8472.899,1788504333.6741655,32,b02-o12-nano-c32,,8,False,476.648,llama3.2:1b,etri-dev0001-jetorn,ACTIVE,6959.163,a5ff881f-70f7-4d5f-87b7-045b40f2a2f4,Edge computing reduces latency by processing data closer,nano,30,12.0,ok,nano,1788504325.2012699,19.587,7029.553,12
7890.808,2,8958.58,1788504334.1550558,32,b02-o12-nano-c32,,8,False,479.753,llama3.2:1b,etri-dev0001-jetorn,ACTIVE,7411.056,52c67395-75dd-4f8b-a639-8576d3af5240,Edge computing reduces latency by processing data closer,nano,30,12.0,ok,nano,1788504325.1964777,19.85,7476.994,12
8288.23,2,9359.252,1788504334.5576766,32,b02-o12-nano-c32,,8,False,402.696,llama3.2:1b,etri-dev0001-jetorn,ACTIVE,7885.534,2789a10b-7410-4e59-be4b-690043fdb2a8,Edge computing reduces latency by processing data closer,nano,30,12.0,ok,nano,1788504325.1984277,26.89,7994.477,12
8672.905,2,9773.591,1788504334.9668686,32,b02-o12-nano-c32,,8,False,406.33,llama3.2:1b,etri-dev0001-jetorn,ACTIVE,8266.575,6242e265-5118-4f60-bf32-04d990e5b7c0,Edge computing reduces latency by processing data closer,nano,30,12.0,ok,nano,1788504325.1932817,22.855,8323.095,12
9243.889,2,10338.918,1788504335.553024,32,b02-o12-nano-c32,,8,False,585.688,llama3.2:1b,etri-dev0001-jetorn,ACTIVE,8658.201,5457c75d-a48a-4351-ab07-b27ecdc2e937,Edge computing reduces latency by processing data closer,nano,30,12.0,ok,nano,1788504325.2141123,26.888,8947.442,12
9619.883,2,10724.168,1788504335.93603,32,b02-o12-nano-c32,,8,False,382.914,llama3.2:1b,etri-dev0001-jetorn,ACTIVE,9236.969,fc7c4a47-d6b0-4419-9d4f-146922db6fc6,Edge computing reduces latency by processing data closer,nano,30,12.0,ok,nano,1788504325.2118654,24.613,9292.549,12
10048.307,2,11166.507,1788504336.363965,32,b02-o12-nano-c32,,8,False,428.455,llama3.2:1b,etri-dev0001-jetorn,ACTIVE,9619.851,964f0398-04f2-495b-b341-f70cea62b31b,Edge computing reduces latency by processing data closer,nano,30,12.0,ok,nano,1788504325.1974604,22.269,9696.022,12
10388.971,2,11507.763,1788504336.7208238,32,b02-o12-nano-c32,,8,False,355.371,llama3.2:1b,etri-dev0001-jetorn,ACTIVE,10033.601,0e607fd9-c614-44a9-ae39-45928b60a9e4,Edge computing reduces latency by processing data closer,nano,30,12.0,ok,nano,1788504325.2130663,27.223,10093.001,12
10907.486,2,12032.417,1788504337.2410853,32,b02-o12-nano-c32,,8,False,520.587,llama3.2:1b,etri-dev0001-jetorn,ACTIVE,10386.899,005caf3d-be2d-4e4f-9fa2-70e971848452,Edge computing reduces latency by processing data closer,nano,30,12.0,ok,nano,1788504325.2086706,23.851,10574.489,12
11333.773,2,12461.154,1788504337.668739,32,b02-o12-nano-c32,,8,False,425.445,llama3.2:1b,etri-dev0001-jetorn,ACTIVE,10908.328,560957a4-f741-4e4d-b92e-33659e0e2c06,Edge computing reduces latency by processing data closer,nano,30,12.0,ok,nano,1788504325.207588,25.155,11013.791,12
11685.564,2,12816.86,1788504338.0226312,32,b02-o12-nano-c32,,8,False,352.238,llama3.2:1b,etri-dev0001-jetorn,ACTIVE,11333.326,6a4762dd-70a5-43b5-818d-ee165067e719,Edge computing reduces latency by processing data closer,nano,30,12.0,ok,nano,1788504325.2057743,26.507,11387.554,12
11910.363,2,13203.231,1788504338.412654,32,b02-o12-nano-c32,,8,False,389.55,llama3.2:1b,etri-dev0001-jetorn,ACTIVE,11520.813,f35f5fa9-9e7b-478a-b9fe-6d54ce2a8ea4,Edge computing reduces latency by processing data closer,nano,30,12.0,ok,nano,1788504325.2094254,23.845,11574.627,12
12275.17,2,13590.978,1788504338.795362,32,b02-o12-nano-c32,,8,False,377.906,llama3.2:1b,etri-dev0001-jetorn,ACTIVE,11897.264,b32c3dd8-d5ef-47f3-8f0d-9095de8f86f8,Edge computing reduces latency by processing data closer,nano,30,12.0,ok,nano,1788504325.204389,24.578,11949.198,12
12619.241,2,13930.732,1788504339.1415071,32,b02-o12-nano-c32,,8,False,348.73,llama3.2:1b,etri-dev0001-jetorn,ACTIVE,12270.512,9b529b9d-4376-457b-babf-a004f1c7d782,Edge computing reduces latency by processing data closer,nano,30,12.0,ok,nano,1788504325.2107766,27.127,12324.302,12
12992.252,2,14307.717,1788504339.5144558,32,b02-o12-nano-c32,,8,False,374.483,llama3.2:1b,etri-dev0001-jetorn,ACTIVE,12617.77,fcca6b90-bd89-44d6-95b6-ec94f6f3969d,Edge computing reduces latency by processing data closer,nano,30,12.0,ok,nano,1788504325.2067416,25.212,12674.494,12
13314.714,2,13338.51,1788504339.8912659,32,b02-o12-nano-c32,,8,False,376.397,llama3.2:1b,etri-dev0001-jetorn,ACTIVE,12938.317,9fedd017-f84d-48e9-b4eb-c15635db808b,Edge computing reduces latency by processing data closer,nano,30,12.0,ok,nano,1788504326.552758,24.85,12991.404,12
13250.954,2,13275.255,1788504340.254442,32,b02-o12-nano-c32,,8,False,364.023,llama3.2:1b,etri-dev0001-jetorn,ACTIVE,12886.931,92fbe516-1a4d-4932-90d2-2c1cc7826a49,Edge computing reduces latency by processing data closer,nano,30,12.0,ok,nano,1788504326.9791875,25.586,12940.1,12
13191.741,2,13201.165,1788504340.627033,32,b02-o12-nano-c32,,8,False,372.136,llama3.2:1b,etri-dev0001-jetorn,ACTIVE,12819.604,6d1702c4-787f-4484-9b79-f447985c016d,Edge computing reduces latency by processing data closer,nano,30,12.0,ok,nano,1788504327.4258695,25.479,12872.07,12
12797.385,2,12808.034,1788504340.9832194,32,b02-o12-nano-c32,,8,False,351.209,llama3.2:1b,etri-dev0001-jetorn,ACTIVE,12446.177,f9df0159-1f35-41f6-99a6-dd495d884cc5,Edge computing reduces latency by processing data closer,nano,30,12.0,ok,nano,1788504328.1751897,27.007,12502.811,12
12780.028,2,12788.328,1788504341.3454804,32,b02-o12-nano-c32,,8,False,360.7,llama3.2:1b,etri-dev0001-jetorn,ACTIVE,12419.328,6084951c-ff66-42a2-a1ce-bc3a8e5c9b1d,Edge computing reduces latency by processing data closer,nano,30,12.0,ok,nano,1788504328.5571525,26.385,12476.359,12
13066.934,2,13073.817,1788504341.983711,32,b02-o12-nano-c32,,8,False,639.941,llama3.2:1b,etri-dev0001-jetorn,ACTIVE,12426.993,91813dd9-ad18-499e-ab5a-b2f40bf833f4,Edge computing reduces latency by processing data closer,nano,30,12.0,ok,nano,1788504328.9098978,24.884,12742.941,12
13093.219,2,13103.758,1788504342.3800304,32,b02-o12-nano-c32,,8,False,395.384,llama3.2:1b,etri-dev0001-jetorn,ACTIVE,12697.836,c31e8d3b-dd05-4e0d-ad24-2f5f1f91edac,Edge computing reduces latency by processing data closer,nano,30,12.0,ok,nano,1788504329.2762766,23.636,12753.317,12
13100.651,2,13121.475,1788504342.7533844,32,b02-o12-nano-c32,,8,False,369.309,llama3.2:1b,etri-dev0001-jetorn,ACTIVE,12731.342,27892693-d79e-4c81-8eca-912ecc380f5e,Edge computing reduces latency by processing data closer,nano,30,12.0,ok,nano,1788504329.6319134,25.173,12783.901,12
13142.408,2,13152.908,1788504343.1397078,32,b02-o12-nano-c32,,8,False,386.552,llama3.2:1b,etri-dev0001-jetorn,ACTIVE,12755.856,c83128c7-0754-48f0-aed2-38f728d91983,Edge computing reduces latency by processing data closer,nano,30,12.0,ok,nano,1788504329.9868007,25.8,12830.715,12
13111.017,2,13120.319,1788504343.498459,32,b02-o12-nano-c32,,8,False,358.185,llama3.2:1b,etri-dev0001-jetorn,ACTIVE,12752.833,5073a925-730d-46d6-bce5-78c2dcf1cec6,Edge computing reduces latency by processing data closer,nano,30,12.0,ok,nano,1788504330.3781443,26.223,12805.127,12
13095.238,2,13113.998,1788504343.8531423,32,b02-o12-nano-c32,,8,False,352.473,llama3.2:1b,etri-dev0001-jetorn,ACTIVE,12742.765,288f68f0-8599-47ad-aeee-9e788c2dc9a6,Edge computing reduces latency by processing data closer,nano,30,12.0,ok,nano,1788504330.7391477,26.619,12796.387,12
13123.91,2,13129.26,1788504344.2258015,32,b02-o12-nano-c32,,8,False,374.187,llama3.2:1b,etri-dev0001-jetorn,ACTIVE,12749.723,db226a21-147a-4217-8aff-9aedfc0c1ccd,Edge computing reduces latency by processing data closer,nano,30,12.0,ok,nano,1788504331.0965455,24.858,12802.278,12
19299.777,2,19545.458,1788504344.747755,32,b02-o12-nano-c32,,8,False,520.442,llama3.2:1b,etri-dev0001-jetorn,ACTIVE,18779.335,9d1267c0-d3f6-48bc-825d-b26c4e746124,Edge computing reduces latency by processing data closer,nano,30,12.0,ok,nano,1788504325.2022998,17.058,18827.762,12
19495.948,2,19514.746,1788504345.2314665,32,b02-o12-nano-c32,,8,False,483.187,llama3.2:1b,etri-dev0001-jetorn,ACTIVE,19012.761,11b3831e-000f-4c18-b4c8-3e4bc93cb5b1,Edge computing reduces latency by processing data closer,nano,30,12.0,ok,nano,1788504325.716724,23.218,19151.325,12
13287.316,2,13307.327,1788504345.5902214,32,b02-o12-nano-c32,,8,False,357.527,llama3.2:1b,etri-dev0001-jetorn,ACTIVE,12929.789,6080ddb2-1db5-4ae4-939e-7170259c8e34,Edge computing reduces latency by processing data closer,nano,30,12.0,ok,nano,1788504332.2828999,26.89,12985.435,12
13222.183,2,13234.049,1788504345.9580238,32,b02-o12-nano-c32,,8,False,366.792,llama3.2:1b,etri-dev0001-jetorn,ACTIVE,12855.391,9807f82a-1ac4-481d-977d-5b4963a3c8ad,Edge computing reduces latency by processing data closer,nano,30,12.0,ok,nano,1788504332.7239752,25.985,12912.362,12
13169.311,2,13187.801,1788504346.3859355,32,b02-o12-nano-c32,,8,False,427.05,llama3.2:1b,etri-dev0001-jetorn,ACTIVE,12742.262,4538f302-5dca-4d58-a4fd-8f6bc7b86d10,Edge computing reduces latency by processing data closer,nano,30,12.0,ok,nano,1788504333.1981385,21.257,12792.13,12
13048.298,2,13066.871,1788504346.741127,32,b02-o12-nano-c32,,8,False,354.945,llama3.2:1b,etri-dev0001-jetorn,ACTIVE,12693.353,4dc31e7b-52aa-4e84-a902-acf0560dcfb1,Edge computing reduces latency by processing data closer,nano,30,12.0,ok,nano,1788504333.6742601,26.683,12751.686,12
12936.741,2,12950.057,1788504347.1051457,32,b02-o12-nano-c32,,8,False,363.676,llama3.2:1b,etri-dev0001-jetorn,ACTIVE,12573.066,631d6c65-5f35-47fb-82a9-6eb0bec0a690,Edge computing reduces latency by processing data closer,nano,30,12.0,ok,nano,1788504334.155091,26.442,12635.938,12
12966.571,2,12978.34,1788504347.5361106,32,b02-o12-nano-c32,,8,False,431.551,llama3.2:1b,etri-dev0001-jetorn,ACTIVE,12535.02,1e9e638a-e658-4d57-825f-c1f3f358d0bc,Edge computing reduces latency by processing data closer,nano,30,12.0,ok,nano,1788504334.5577707,21.016,12589.76,12
12905.087,2,12924.112,1788504347.891076,32,b02-o12-nano-c32,,8,False,352.231,llama3.2:1b,etri-dev0001-jetorn,ACTIVE,12552.856,0cf773e5-f1a7-445c-af25-818db6d0565b,Edge computing reduces latency by processing data closer,nano,30,12.0,ok,nano,1788504334.966965,26.679,12605.292,12
13196.475,2,13224.181,1788504348.7773218,32,b02-o12-nano-c32,,8,False,881.101,llama3.2:1b,etri-dev0001-jetorn,ACTIVE,12315.374,eb39c121-da6a-4dd2-a5f8-da8af2babc49,Edge computing reduces latency by processing data closer,nano,30,12.0,ok,nano,1788504335.5531442,23.575,12858.263,12
13176.503,2,13191.592,1788504349.1277118,32,b02-o12-nano-c32,,8,False,347.917,llama3.2:1b,etri-dev0001-jetorn,ACTIVE,12828.586,f7750a24-e656-4053-a07f-5f5d398a9991,Edge computing reduces latency by processing data closer,nano,30,12.0,ok,nano,1788504335.9361205,26.998,12879.467,12
13137.09,2,13152.71,1788504349.5167332,32,b02-o12-nano-c32,,8,False,391.706,llama3.2:1b,etri-dev0001-jetorn,ACTIVE,12745.383,b0baded9-825a-45ab-90ef-75bdfaade01d,Edge computing reduces latency by processing data closer,nano,30,12.0,ok,nano,1788504336.364026,26.935,12840.107,12
13159.624,2,13177.36,1788504349.8982978,32,b02-o12-nano-c32,,8,False,377.503,llama3.2:1b,etri-dev0001-jetorn,ACTIVE,12782.122,3830325c-4ca9-4e4d-b72b-a95f6c1a3c27,Edge computing reduces latency by processing data closer,nano,30,12.0,ok,nano,1788504336.7209382,25.168,12837.913,12
212.816,2,224.748,1788504353.1684968,8,b02-o13-spark-c8,,8,False,212.802,llama3.2:1b,etri-ser0002-cgnmsb,ACTIVE,0.014,34d9a86f-9c20-406e-af39-5d82d5e0d101,Edge computing reduces latency by processing data closer,spark,31,12.0,ok,spark,1788504352.9437523,45.527,34.555,13
415.718,2,430.528,1788504353.3755605,8,b02-o13-spark-c8,,8,False,206.579,llama3.2:1b,etri-ser0002-cgnmsb,ACTIVE,209.14,01c1bcdf-b45d-44ac-953f-12c7f3d115b7,Edge computing reduces latency by processing data closer,spark,31,12.0,ok,spark,1788504352.9450376,45.745,240.557,13
617.536,2,634.326,1788504353.5815258,8,b02-o13-spark-c8,,8,False,205.803,llama3.2:1b,etri-ser0002-cgnmsb,ACTIVE,411.733,ce69834b-2bda-4985-8445-3d3842d0b9f2,Edge computing reduces latency by processing data closer,spark,31,12.0,ok,spark,1788504352.9472034,45.635,440.023,13
825.714,2,840.309,1788504353.7911022,8,b02-o13-spark-c8,,8,False,209.905,llama3.2:1b,etri-ser0002-cgnmsb,ACTIVE,615.808,73304db4-da36-445d-9f00-2c956053a091,Edge computing reduces latency by processing data closer,spark,31,12.0,ok,spark,1788504352.950795,46.019,650.33,13
1037.142,2,1054.529,1788504354.0036867,8,b02-o13-spark-c8,,8,False,211.352,llama3.2:1b,etri-ser0002-cgnmsb,ACTIVE,825.79,9c114498-124b-45f7-b857-0ebf04f93132,Edge computing reduces latency by processing data closer,spark,31,12.0,ok,spark,1788504352.9491632,45.803,858.239,13
1244.915,2,1263.635,1788504354.2117395,8,b02-o13-spark-c8,,8,False,207.864,llama3.2:1b,etri-ser0002-cgnmsb,ACTIVE,1037.051,2059835d-0268-40fd-b107-452c064b8ce6,Edge computing reduces latency by processing data closer,spark,31,12.0,ok,spark,1788504352.9481075,46.168,1069.045,13
1452.11,2,1468.778,1788504354.4187984,8,b02-o13-spark-c8,,8,False,206.918,llama3.2:1b,etri-ser0002-cgnmsb,ACTIVE,1245.192,08fff96c-71bb-4baf-a607-242cb93e894e,Edge computing reduces latency by processing data closer,spark,31,12.0,ok,spark,1788504352.9500234,45.823,1277.531,13
1654.973,2,1676.264,1788504354.622682,8,b02-o13-spark-c8,,8,False,203.134,llama3.2:1b,etri-ser0002-cgnmsb,ACTIVE,1451.839,eac23076-3565-4e99-aab6-0ed760a38ed1,Edge computing reduces latency by processing data closer,spark,31,12.0,ok,spark,1788504352.9464219,46.148,1479.037,13
1656.223,2,1662.548,1788504354.8311417,8,b02-o13-spark-c8,,8,False,208.951,llama3.2:1b,etri-ser0002-cgnmsb,ACTIVE,1447.272,df9f3d0d-0908-4a24-9a13-68c5d871f75f,Edge computing reduces latency by processing data closer,spark,31,12.0,ok,spark,1788504353.168597,45.68,1479.938,13
1659.789,2,1663.81,1788504355.039472,8,b02-o13-spark-c8,,8,False,207.174,llama3.2:1b,etri-ser0002-cgnmsb,ACTIVE,1452.615,b6d605f6-b624-46c4-9c8a-b2492aaa3ecf,Edge computing reduces latency by processing data closer,spark,31,12.0,ok,spark,1788504353.3756685,45.804,1482.588,13
1658.724,2,1664.844,1788504355.246478,8,b02-o13-spark-c8,,8,False,207.768,llama3.2:1b,etri-ser0002-cgnmsb,ACTIVE,1450.955,59750ce6-57e2-4144-bf38-e692d2757eb9,Edge computing reduces latency by processing data closer,spark,31,12.0,ok,spark,1788504353.5816386,46.011,1484.388,13
1653.385,2,1659.238,1788504355.4503706,8,b02-o13-spark-c8,,8,False,203.254,llama3.2:1b,etri-ser0002-cgnmsb,ACTIVE,1450.13,4b25e185-3509-41b8-b860-c89832b13d4e,Edge computing reduces latency by processing data closer,spark,31,12.0,ok,spark,1788504353.7911355,46.297,1478.529,13
1645.74,2,1651.342,1788504355.655183,8,b02-o13-spark-c8,,8,False,204.865,llama3.2:1b,etri-ser0002-cgnmsb,ACTIVE,1440.875,926f76bb-79c9-4b87-9ee7-0181e8dfe117,Edge computing reduces latency by processing data closer,spark,31,12.0,ok,spark,1788504354.0038445,45.945,1471.276,13
1640.378,2,1646.419,1788504355.8582742,8,b02-o13-spark-c8,,8,False,202.848,llama3.2:1b,etri-ser0002-cgnmsb,ACTIVE,1437.53,ee674992-4ed6-4ac3-92d4-092773b71f12,Edge computing reduces latency by processing data closer,spark,31,12.0,ok,spark,1788504354.211858,46.14,1467.198,13
1640.13,2,1642.677,1788504356.061565,8,b02-o13-spark-c8,,8,False,203.473,llama3.2:1b,etri-ser0002-cgnmsb,ACTIVE,1436.657,6b186e06-4937-460e-8920-decf5aa1975f,Edge computing reduces latency by processing data closer,spark,31,12.0,ok,spark,1788504354.4188898,45.926,1465.291,13
1637.294,2,1643.513,1788504356.2662818,8,b02-o13-spark-c8,,8,False,204.337,llama3.2:1b,etri-ser0002-cgnmsb,ACTIVE,1432.957,6eaf5a1c-e253-4bcf-9f0b-eb9445fe47f1,Edge computing reduces latency by processing data closer,spark,31,12.0,ok,spark,1788504354.6227705,45.858,1462.989,13
1633.115,2,1639.16,1788504356.470385,8,b02-o13-spark-c8,,8,False,203.565,llama3.2:1b,etri-ser0002-cgnmsb,ACTIVE,1429.55,555e9168-0a50-40a7-8f4d-271cf8d39703,Edge computing reduces latency by processing data closer,spark,31,12.0,ok,spark,1788504354.8312287,46.148,1456.885,13
1630.84,2,1637.053,1788504356.6766315,8,b02-o13-spark-c8,,8,False,205.651,llama3.2:1b,etri-ser0002-cgnmsb,ACTIVE,1425.188,98f34dac-4aff-4723-bbbe-e559b35b5c01,Edge computing reduces latency by processing data closer,spark,31,12.0,ok,spark,1788504355.039584,46.328,1455.722,13
1634.743,2,1637.585,1788504356.88415,8,b02-o13-spark-c8,,8,False,207.45,llama3.2:1b,etri-ser0002-cgnmsb,ACTIVE,1427.293,e166e97b-e9da-4f11-b0aa-86fd9adc410c,Edge computing reduces latency by processing data closer,spark,31,12.0,ok,spark,1788504355.2465658,46.162,1459.523,13
1640.061,2,1644.497,1788504357.0949235,8,b02-o13-spark-c8,,8,False,209.747,llama3.2:1b,etri-ser0002-cgnmsb,ACTIVE,1430.315,d5f9b01b-9ee7-421d-aa06-467f96e1489a,Edge computing reduces latency by processing data closer,spark,31,12.0,ok,spark,1788504355.450428,45.898,1463.081,13
1643.469,2,1646.79,1788504357.3020856,8,b02-o13-spark-c8,,8,False,207.584,llama3.2:1b,etri-ser0002-cgnmsb,ACTIVE,1435.885,f56f9ee8-dd76-4734-aef0-7664029bad88,Edge computing reduces latency by processing data closer,spark,31,12.0,ok,spark,1788504355.6552963,46.158,1468.371,13
1647.924,2,1650.951,1788504357.5093064,8,b02-o13-spark-c8,,8,False,206.801,llama3.2:1b,etri-ser0002-cgnmsb,ACTIVE,1441.123,712fe6ba-82d5-42fb-bca0-cbd7de52231c,Edge computing reduces latency by processing data closer,spark,31,12.0,ok,spark,1788504355.8583567,46.073,1471.537,13
1653.147,2,1657.138,1788504357.7187366,8,b02-o13-spark-c8,,8,False,208.325,llama3.2:1b,etri-ser0002-cgnmsb,ACTIVE,1444.822,15a7e19e-a088-4afb-a07f-0e3ad73820b5,Edge computing reduces latency by processing data closer,spark,31,12.0,ok,spark,1788504356.061604,46.073,1477.806,13
1659.154,2,1661.377,1788504357.9277084,8,b02-o13-spark-c8,,8,False,208.978,llama3.2:1b,etri-ser0002-cgnmsb,ACTIVE,1450.176,c75d2fca-91b8-4975-84d5-3aba47e5ac3f,Edge computing reduces latency by processing data closer,spark,31,12.0,ok,spark,1788504356.2663329,46.206,1484.131,13
1661.377,2,1667.328,1788504358.137805,8,b02-o13-spark-c8,,8,False,209.578,llama3.2:1b,etri-ser0002-cgnmsb,ACTIVE,1451.799,10261ec0-2268-4182-8e85-75e33bdfb09a,Edge computing reduces latency by processing data closer,spark,31,12.0,ok,spark,1788504356.470477,45.903,1485.031,13
1664.616,2,1671.156,1788504358.3478954,8,b02-o13-spark-c8,,8,False,208.755,llama3.2:1b,etri-ser0002-cgnmsb,ACTIVE,1455.861,eb35746b-2dc9-42b5-bfba-9ae0fa2bc415,Edge computing reduces latency by processing data closer,spark,31,12.0,ok,spark,1788504356.676745,46.119,1488.439,13
1666.649,2,1672.644,1788504358.5568259,8,b02-o13-spark-c8,,8,False,208.432,llama3.2:1b,etri-ser0002-cgnmsb,ACTIVE,1458.217,362d7f7f-335b-4997-8588-c5e92481a404,Edge computing reduces latency by processing data closer,spark,31,12.0,ok,spark,1788504356.8841856,46.1,1490.89,13
1665.127,2,1671.11,1788504358.7660728,8,b02-o13-spark-c8,,8,False,208.177,llama3.2:1b,etri-ser0002-cgnmsb,ACTIVE,1456.95,6af3057a-9671-4139-998f-ee4003aa1707,Edge computing reduces latency by processing data closer,spark,31,12.0,ok,spark,1788504357.094967,46.267,1490.155,13
1663.696,2,1672.347,1788504358.974453,8,b02-o13-spark-c8,,8,False,208.081,llama3.2:1b,etri-ser0002-cgnmsb,ACTIVE,1455.615,5c883b6f-3a61-4318-9360-d5bd98e8a840,Edge computing reduces latency by processing data closer,spark,31,12.0,ok,spark,1788504357.302108,45.797,1489.102,13
1666.13,2,1672.147,1788504359.181494,8,b02-o13-spark-c8,,8,False,206.546,llama3.2:1b,etri-ser0002-cgnmsb,ACTIVE,1459.585,c29037d1-a608-4b55-b7d5-655916507543,Edge computing reduces latency by processing data closer,spark,31,12.0,ok,spark,1788504357.5093498,45.397,1486.941,13
1666.9,2,1673.202,1788504359.3920488,8,b02-o13-spark-c8,,8,False,210.425,llama3.2:1b,etri-ser0002-cgnmsb,ACTIVE,1456.474,7f05285c-1d16-4aa5-a5d4-de5cfd1ee31f,Edge computing reduces latency by processing data closer,spark,31,12.0,ok,spark,1788504357.71885,45.619,1491.137,13
1663.306,2,1669.452,1788504359.5972102,8,b02-o13-spark-c8,,8,False,204.761,llama3.2:1b,etri-ser0002-cgnmsb,ACTIVE,1458.545,aa46f1c9-c96d-4136-a3f9-090f11eb6aba,Edge computing reduces latency by processing data closer,spark,31,12.0,ok,spark,1788504357.92776,45.669,1487.946,13
1660.458,2,1666.183,1788504359.8040087,8,b02-o13-spark-c8,,8,False,206.659,llama3.2:1b,etri-ser0002-cgnmsb,ACTIVE,1453.8,58224fe5-6f16-4055-a6f8-fa70f03ff0fe,Edge computing reduces latency by processing data closer,spark,31,12.0,ok,spark,1788504358.1378272,45.801,1482.983,13
1659.01,2,1665.624,1788504360.013628,8,b02-o13-spark-c8,,8,False,207.977,llama3.2:1b,etri-ser0002-cgnmsb,ACTIVE,1451.032,0d1307be-2826-48f0-88ce-787309c7f802,Edge computing reduces latency by processing data closer,spark,31,12.0,ok,spark,1788504358.3480096,46.166,1483.452,13
1659.288,2,1664.894,1788504360.2217958,8,b02-o13-spark-c8,,8,False,208.856,llama3.2:1b,etri-ser0002-cgnmsb,ACTIVE,1450.431,64b28301-a575-450b-8da5-c2217abd9edd,Edge computing reduces latency by processing data closer,spark,31,12.0,ok,spark,1788504358.5569057,45.901,1483.432,13
1655.194,2,1661.818,1788504360.4279785,8,b02-o13-spark-c8,,8,False,206.179,llama3.2:1b,etri-ser0002-cgnmsb,ACTIVE,1449.015,ff089980-e577-49db-b062-811dd2c27f2f,Edge computing reduces latency by processing data closer,spark,31,12.0,ok,spark,1788504358.7661645,46.171,1481.428,13
1655.019,2,1657.658,1788504360.6321635,8,b02-o13-spark-c8,,8,False,203.744,llama3.2:1b,etri-ser0002-cgnmsb,ACTIVE,1451.275,371d45d1-b782-4f7f-b882-e88cb69e9111,Edge computing reduces latency by processing data closer,spark,31,12.0,ok,spark,1788504358.9745088,46.159,1479.555,13
1649.054,2,1655.428,1788504360.8369842,8,b02-o13-spark-c8,,8,False,204.136,llama3.2:1b,etri-ser0002-cgnmsb,ACTIVE,1444.918,2617dcad-c401-4407-907f-16044a00d454,Edge computing reduces latency by processing data closer,spark,31,12.0,ok,spark,1788504359.1815593,46.041,1475.542,13
1642.294,2,1646.792,1788504361.0389032,8,b02-o13-spark-c8,,8,False,201.929,llama3.2:1b,etri-ser0002-cgnmsb,ACTIVE,1440.365,85a9edf1-4c90-4cd0-80d8-28ac63d7cb12,Edge computing reduces latency by processing data closer,spark,31,12.0,ok,spark,1788504359.3921146,46.245,1468.503,13
1643.308,2,1646.566,1788504361.2438283,8,b02-o13-spark-c8,,8,False,204.698,llama3.2:1b,etri-ser0002-cgnmsb,ACTIVE,1438.61,13abb0b1-b135-4bb1-b18e-24b8978c5b68,Edge computing reduces latency by processing data closer,spark,31,12.0,ok,spark,1788504359.5972672,45.889,1467.92,13
1640.324,2,1645.519,1788504361.4495537,8,b02-o13-spark-c8,,8,False,205.575,llama3.2:1b,etri-ser0002-cgnmsb,ACTIVE,1434.749,3613e8b9-1d14-4ab7-9266-b1ae00c655a3,Edge computing reduces latency by processing data closer,spark,31,12.0,ok,spark,1788504359.8040369,46.134,1466.588,13
1634.912,2,1641.325,1788504361.6550608,8,b02-o13-spark-c8,,8,False,204.452,llama3.2:1b,etri-ser0002-cgnmsb,ACTIVE,1430.46,df4e2e45-1d90-4895-b7b5-f2cb1705a77f,Edge computing reduces latency by processing data closer,spark,31,12.0,ok,spark,1788504360.0137413,46.065,1458.937,13
1631.429,2,1636.771,1788504361.8586502,8,b02-o13-spark-c8,,8,False,204.231,llama3.2:1b,etri-ser0002-cgnmsb,ACTIVE,1427.198,a0ad6b6e-4b74-4d04-bd1c-5c4f4dad2a4b,Edge computing reduces latency by processing data closer,spark,31,12.0,ok,spark,1788504360.221882,46.177,1457.43,13
1634.622,2,1638.415,1788504362.0664809,8,b02-o13-spark-c8,,8,False,206.768,llama3.2:1b,etri-ser0002-cgnmsb,ACTIVE,1427.854,79cd19f5-db9d-481c-af32-8282b1feec5c,Edge computing reduces latency by processing data closer,spark,31,12.0,ok,spark,1788504360.4280696,45.798,1457.453,13
1634.757,2,1641.59,1788504362.2739096,8,b02-o13-spark-c8,,8,False,207.082,llama3.2:1b,etri-ser0002-cgnmsb,ACTIVE,1427.675,013646ac-98c0-4831-b58e-6b45788047b6,Edge computing reduces latency by processing data closer,spark,31,12.0,ok,spark,1788504360.6323225,45.946,1458.5,13
1642.598,2,1646.474,1788504362.483537,8,b02-o13-spark-c8,,8,False,209.386,llama3.2:1b,etri-ser0002-cgnmsb,ACTIVE,1433.212,b88ed38f-6bfc-4065-b921-61526f5ee156,Edge computing reduces latency by processing data closer,spark,31,12.0,ok,spark,1788504360.837066,46.018,1465.894,13
1648.291,2,1651.03,1788504362.690034,8,b02-o13-spark-c8,,8,False,207.489,llama3.2:1b,etri-ser0002-cgnmsb,ACTIVE,1440.802,efa108d4-9b11-427c-8bb6-8c3ab7e9325c,Edge computing reduces latency by processing data closer,spark,31,12.0,ok,spark,1788504361.0390043,45.936,1474.405,13
1645.502,2,1649.672,1788504362.893606,8,b02-o13-spark-c8,,8,False,203.477,llama3.2:1b,etri-ser0002-cgnmsb,ACTIVE,1442.025,0290289c-b54e-4e6d-8015-31cc4222d045,Edge computing reduces latency by processing data closer,spark,31,12.0,ok,spark,1788504361.2439344,46.27,1470.533,13
1648.949,2,1651.336,1788504363.1009538,8,b02-o13-spark-c8,,8,False,206.959,llama3.2:1b,etri-ser0002-cgnmsb,ACTIVE,1441.99,0db246f3-53a3-4b5c-80a8-d9809db0f8cf,Edge computing reduces latency by processing data closer,spark,31,12.0,ok,spark,1788504361.4496183,46.063,1473.696,13
1645.827,2,1649.807,1788504363.30498,8,b02-o13-spark-c8,,8,False,203.181,llama3.2:1b,etri-ser0002-cgnmsb,ACTIVE,1442.646,4b860a21-a9fb-4ad6-8fdc-b3b11e0b2794,Edge computing reduces latency by processing data closer,spark,31,12.0,ok,spark,1788504361.655173,45.935,1470.555,13
1648.146,2,1651.619,1788504363.5103438,8,b02-o13-spark-c8,,8,False,205.811,llama3.2:1b,etri-ser0002-cgnmsb,ACTIVE,1442.335,cbefcf17-f07e-486f-b59e-823a41bd12d8,Edge computing reduces latency by processing data closer,spark,31,12.0,ok,spark,1788504361.8587255,46.146,1473.996,13
1648.237,2,1653.247,1788504363.719828,8,b02-o13-spark-c8,,8,False,208.494,llama3.2:1b,etri-ser0002-cgnmsb,ACTIVE,1439.743,bd1b6f6f-9e11-461d-bbde-dd099635459b,Edge computing reduces latency by processing data closer,spark,31,12.0,ok,spark,1788504362.0665817,45.817,1471.719,13
1648.204,2,1654.412,1788504363.9284034,8,b02-o13-spark-c8,,8,False,208.217,llama3.2:1b,etri-ser0002-cgnmsb,ACTIVE,1439.987,826d9d2a-d5e6-42bb-a42e-a6139255684e,Edge computing reduces latency by processing data closer,spark,31,12.0,ok,spark,1788504362.2739923,45.9,1472.102,13
1643.663,2,1649.245,1788504364.1328614,8,b02-o13-spark-c8,,8,False,204.865,llama3.2:1b,etri-ser0002-cgnmsb,ACTIVE,1438.798,80785569-b669-44bf-9e4c-16d5b24dfd6b,Edge computing reduces latency by processing data closer,spark,31,12.0,ok,spark,1788504362.4836178,46.014,1469.127,13
1645.054,2,1648.112,1788504364.3381655,8,b02-o13-spark-c8,,8,False,204.479,llama3.2:1b,etri-ser0002-cgnmsb,ACTIVE,1440.575,1bac0661-76e1-4dbf-9ee3-ce80dc95757e,Edge computing reduces latency by processing data closer,spark,31,12.0,ok,spark,1788504362.6900575,45.384,1468.384,13
1644.515,2,1650.389,1788504364.5440137,8,b02-o13-spark-c8,,8,False,205.668,llama3.2:1b,etri-ser0002-cgnmsb,ACTIVE,1438.846,f26dfa74-db9d-4590-8803-d231326f0863,Edge computing reduces latency by processing data closer,spark,31,12.0,ok,spark,1788504362.8936288,45.712,1466.64,13
1645.196,2,1648.66,1788504364.7496345,8,b02-o13-spark-c8,,8,False,205.298,llama3.2:1b,etri-ser0002-cgnmsb,ACTIVE,1439.898,a94faffe-42d3-4e4a-bd97-a1727564fd6c,Edge computing reduces latency by processing data closer,spark,31,12.0,ok,spark,1788504363.1009786,45.712,1470.12,13
1643.843,2,1647.91,1788504364.9529274,8,b02-o13-spark-c8,,8,False,203.196,llama3.2:1b,etri-ser0002-cgnmsb,ACTIVE,1440.647,1a855400-2a44-4359-b8f1-37f0bf2147ac,Edge computing reduces latency by processing data closer,spark,31,12.0,ok,spark,1788504363.3050206,45.71,1468.43,13
1644.035,2,1648.356,1788504365.1587207,8,b02-o13-spark-c8,,8,False,205.514,llama3.2:1b,etri-ser0002-cgnmsb,ACTIVE,1438.52,93779efe-e585-4f9f-9b05-e86927c44873,Edge computing reduces latency by processing data closer,spark,31,12.0,ok,spark,1788504363.5103676,45.708,1466.422,13
1642.961,2,1648.925,1788504365.368776,8,b02-o13-spark-c8,,8,False,209.149,llama3.2:1b,etri-ser0002-cgnmsb,ACTIVE,1433.813,5c0e7c8e-eb3c-46e1-9bc0-7109d55f2e1d,Edge computing reduces latency by processing data closer,spark,31,12.0,ok,spark,1788504363.7198534,45.588,1465.799,13
1643.232,2,1646.886,1788504365.5753233,8,b02-o13-spark-c8,,8,False,206.595,llama3.2:1b,etri-ser0002-cgnmsb,ACTIVE,1436.637,e5476161-f240-4a7d-b994-c2ff059520c3,Edge computing reduces latency by processing data closer,spark,31,12.0,ok,spark,1788504363.928441,45.785,1468.097,13
1645.623,2,1648.208,1788504365.7810981,8,b02-o13-spark-c8,,8,False,205.396,llama3.2:1b,etri-ser0002-cgnmsb,ACTIVE,1440.227,58b524cc-c54c-4f95-9333-752639f88c88,Edge computing reduces latency by processing data closer,spark,31,12.0,ok,spark,1788504364.132892,45.648,1468.316,13
1646.714,2,1648.936,1788504365.9872034,8,b02-o13-spark-c8,,8,False,206.048,llama3.2:1b,etri-ser0002-cgnmsb,ACTIVE,1440.666,a85b1043-75f9-4b86-a62e-de03a68e2cf5,Edge computing reduces latency by processing data closer,spark,31,12.0,ok,spark,1788504364.33827,45.976,1472.452,13
1643.164,2,1647.966,1788504366.192067,8,b02-o13-spark-c8,,8,False,204.076,llama3.2:1b,etri-ser0002-cgnmsb,ACTIVE,1439.087,fc8e91e5-cff5-44c4-89c2-026d394d1e4c,Edge computing reduces latency by processing data closer,spark,31,12.0,ok,spark,1788504364.544104,45.946,1466.947,13
1643.41,2,1646.176,1788504366.3958883,8,b02-o13-spark-c8,,8,False,203.92,llama3.2:1b,etri-ser0002-cgnmsb,ACTIVE,1439.49,979ebb4f-874f-4be1-b333-aa0e39a31082,Edge computing reduces latency by processing data closer,spark,31,12.0,ok,spark,1788504364.7497163,46.039,1470.181,13
577.45,2,596.214,1788504370.0478938,4,b02-o14-nano-c4,,8,False,577.428,llama3.2:1b,etri-dev0001-jetorn,ACTIVE,0.022,44419c92-916e-4da0-afbe-8df1603137fc,Edge computing reduces latency by processing data closer,nano,32,12.0,ok,nano,1788504369.4516797,18.798,153.213,14
1026.961,2,1047.094,1788504370.4999895,4,b02-o14-nano-c4,,8,False,450.449,llama3.2:1b,etri-dev0001-jetorn,ACTIVE,576.512,9c9976cb-b3eb-42ed-8c0a-1452e49e5717,Edge computing reduces latency by processing data closer,nano,32,12.0,ok,nano,1788504369.452897,21.617,659.188,14
1410.411,2,1432.647,1788504370.8833745,4,b02-o14-nano-c4,,8,False,383.342,llama3.2:1b,etri-dev0001-jetorn,ACTIVE,1027.069,24430908-f800-4e3b-9144-972cc094f0c7,Edge computing reduces latency by processing data closer,nano,32,12.0,ok,nano,1788504369.4507308,24.7,1086.798,14
1759.907,2,1783.081,1788504371.2375734,4,b02-o14-nano-c4,,8,False,349.915,llama3.2:1b,etri-dev0001-jetorn,ACTIVE,1409.992,7c4a27fb-80a4-4177-9b3b-7170c958a8a4,Edge computing reduces latency by processing data closer,nano,32,12.0,ok,nano,1788504369.454493,27.314,1466.442,14
1539.426,2,1549.185,1788504371.5971,4,b02-o14-nano-c4,,8,False,359.349,llama3.2:1b,etri-dev0001-jetorn,ACTIVE,1180.076,b084cf81-82cc-4d2e-9b99-e185dfe4a5e9,Edge computing reduces latency by processing data closer,nano,32,12.0,ok,nano,1788504370.0479186,26.587,1238.112,14
1473.272,2,1484.574,1788504371.9845912,4,b02-o14-nano-c4,,8,False,385.484,llama3.2:1b,etri-dev0001-jetorn,ACTIVE,1087.787,f6420d3b-8838-48cd-9b95-08b4f122ec4e,Edge computing reduces latency by processing data closer,nano,32,12.0,ok,nano,1788504370.5000238,24.333,1145.647,14
1468.056,2,1479.237,1788504372.3626978,4,b02-o14-nano-c4,,8,False,378.99,llama3.2:1b,etri-dev0001-jetorn,ACTIVE,1089.066,35a5025e-f6a0-4083-b73c-6d825bfe422b,Edge computing reduces latency by processing data closer,nano,32,12.0,ok,nano,1788504370.8834634,24.911,1149.144,14
1469.808,2,1480.394,1788504372.7179914,4,b02-o14-nano-c4,,8,False,350.832,llama3.2:1b,etri-dev0001-jetorn,ACTIVE,1118.976,91cd9acd-a813-47a2-9aba-697ed3180c94,Edge computing reduces latency by processing data closer,nano,32,12.0,ok,nano,1788504371.2376003,27.178,1175.37,14
1485.307,2,1500.634,1788504373.0978103,4,b02-o14-nano-c4,,8,False,378.093,llama3.2:1b,etri-dev0001-jetorn,ACTIVE,1107.214,d35c785e-503e-4b5d-9ecc-4e756ac966eb,Edge computing reduces latency by processing data closer,nano,32,12.0,ok,nano,1788504371.597179,24.727,1159.848,14
1455.799,2,1464.761,1788504373.4494693,4,b02-o14-nano-c4,,8,False,351.732,llama3.2:1b,etri-dev0001-jetorn,ACTIVE,1104.067,a19e030f-8288-4aaa-bde9-3d1025f62c71,Edge computing reduces latency by processing data closer,nano,32,12.0,ok,nano,1788504371.9847114,27.077,1166.174,14
1414.616,2,1444.742,1788504373.8075264,4,b02-o14-nano-c4,,8,False,350.94,llama3.2:1b,etri-dev0001-jetorn,ACTIVE,1063.676,3ffcf6bd-309a-4509-b118-9b8688b5e24f,Edge computing reduces latency by processing data closer,nano,32,12.0,ok,nano,1788504372.362785,26.985,1116.118,14
1461.168,2,1475.568,1788504374.1936119,4,b02-o14-nano-c4,,8,False,390.311,llama3.2:1b,etri-dev0001-jetorn,ACTIVE,1070.857,86cd894b-c5b3-4342-be79-e011dd6f933c,Edge computing reduces latency by processing data closer,nano,32,12.0,ok,nano,1788504372.7180474,23.918,1132.108,14
1458.798,2,1469.687,1788504374.5675602,4,b02-o14-nano-c4,,8,False,374.242,llama3.2:1b,etri-dev0001-jetorn,ACTIVE,1084.556,d754f4a7-4159-4e8d-91e4-641ab81f25fd,Edge computing reduces latency by processing data closer,nano,32,12.0,ok,nano,1788504373.0978773,25.429,1155.198,14
1560.48,2,1575.017,1788504375.024567,4,b02-o14-nano-c4,,8,False,456.046,llama3.2:1b,etri-dev0001-jetorn,ACTIVE,1104.434,b87c739b-b3fb-44cd-ad93-fef4c3fb94f4,Edge computing reduces latency by processing data closer,nano,32,12.0,ok,nano,1788504373.4495535,24.88,1239.887,14
1603.427,2,1619.868,1788504375.4274197,4,b02-o14-nano-c4,,8,False,402.878,llama3.2:1b,etri-dev0001-jetorn,ACTIVE,1200.549,cd44d2ea-edd3-474b-9d96-1332d7c44394,Edge computing reduces latency by processing data closer,nano,32,12.0,ok,nano,1788504373.8075566,23.108,1254.571,14
1587.5,2,1606.574,1788504375.80032,4,b02-o14-nano-c4,,8,False,363.549,llama3.2:1b,etri-dev0001-jetorn,ACTIVE,1223.951,a5228d6e-67c5-410c-a87a-58128c42df2f,Edge computing reduces latency by processing data closer,nano,32,12.0,ok,nano,1788504374.1937473,26.23,1279.665,14
1573.155,2,1582.146,1788504376.1498044,4,b02-o14-nano-c4,,8,False,358.334,llama3.2:1b,etri-dev0001-jetorn,ACTIVE,1214.821,2fda4a9d-ab05-406d-acd6-350050c8866e,Edge computing reduces latency by processing data closer,nano,32,12.0,ok,nano,1788504374.5676584,26.873,1274.714,14
1558.105,2,1566.036,1788504376.5907302,4,b02-o14-nano-c4,,8,False,437.361,llama3.2:1b,etri-dev0001-jetorn,ACTIVE,1120.744,72670d7a-9a32-4a7b-836b-a8dee0c9c792,Edge computing reduces latency by processing data closer,nano,32,12.0,ok,nano,1788504375.0246978,21.225,1185.395,14
1541.121,2,1561.436,1788504376.9889605,4,b02-o14-nano-c4,,8,False,400.137,llama3.2:1b,etri-dev0001-jetorn,ACTIVE,1140.984,2d0b4b10-70c5-4315-a831-057b8896d267,Edge computing reduces latency by processing data closer,nano,32,12.0,ok,nano,1788504375.4275272,25.448,1223.993,14
1575.918,2,1587.092,1788504377.387442,4,b02-o14-nano-c4,,8,False,397.801,llama3.2:1b,etri-dev0001-jetorn,ACTIVE,1178.117,cfbd405d-dfab-4135-8e87-48f386192dc0,Edge computing reduces latency by processing data closer,nano,32,12.0,ok,nano,1788504375.8003523,23.418,1232.347,14
1598.738,2,1610.434,1788504377.7602608,4,b02-o14-nano-c4,,8,False,372.773,llama3.2:1b,etri-dev0001-jetorn,ACTIVE,1225.965,2a6caa3e-4568-4572-a851-61614288358d,Edge computing reduces latency by processing data closer,nano,32,12.0,ok,nano,1788504376.1498282,25.267,1281.793,14
1516.085,2,1528.21,1788504378.1190224,4,b02-o14-nano-c4,,8,False,357.923,llama3.2:1b,etri-dev0001-jetorn,ACTIVE,1158.162,36ae7b91-8f2a-49ff-9d33-dc8fed1d3100,Edge computing reduces latency by processing data closer,nano,32,12.0,ok,nano,1788504376.590813,26.819,1216.214,14
361.59,2,367.295,1788504378.4863453,4,b02-o14-nano-c4,,8,False,361.579,llama3.2:1b,etri-dev0001-jetorn,ACTIVE,0.011,55d6964d-f644-42b5-870b-558ecd25c68a,Edge computing reduces latency by processing data closer,nano,32,12.0,ok,nano,1788504378.1190531,26.463,58.788,14
1467.14,2,1483.785,1788504378.8712833,4,b02-o14-nano-c4,,8,False,383.526,llama3.2:1b,etri-dev0001-jetorn,ACTIVE,1083.614,dceb56c6-c5ff-4465-9c8a-21d2fa002999,Edge computing reduces latency by processing data closer,nano,32,12.0,ok,nano,1788504377.3874998,24.793,1144.002,14
1454.601,2,1463.435,1788504379.223719,4,b02-o14-nano-c4,,8,False,350.477,llama3.2:1b,etri-dev0001-jetorn,ACTIVE,1104.124,99fe49ac-fc63-4f93-b915-b8fc0f913d64,Edge computing reduces latency by processing data closer,nano,32,12.0,ok,nano,1788504377.7602854,27.18,1160.448,14
2580.572,2,2590.415,1788504379.579479,4,b02-o14-nano-c4,,8,False,357.584,llama3.2:1b,etri-dev0001-jetorn,ACTIVE,2222.988,835317fe-3bcb-4c7b-a728-4b7d8d9ace7f,Edge computing reduces latency by processing data closer,nano,32,12.0,ok,nano,1788504376.9890645,26.575,2280.588,14
1458.28,2,1476.28,1788504379.9626727,4,b02-o14-nano-c4,,8,False,380.578,llama3.2:1b,etri-dev0001-jetorn,ACTIVE,1077.701,fcb90c6d-5e78-478e-bd6c-959e167b6a07,Edge computing reduces latency by processing data closer,nano,32,12.0,ok,nano,1788504378.4863973,25.377,1144.08,14
1454.228,2,1474.505,1788504380.345814,4,b02-o14-nano-c4,,8,False,383.53,llama3.2:1b,etri-dev0001-jetorn,ACTIVE,1070.698,23a79d12-caad-4485-aacb-eb1647784c03,Edge computing reduces latency by processing data closer,nano,32,12.0,ok,nano,1788504378.8713121,24.507,1132.066,14
1495.745,2,1506.049,1788504380.7297945,4,b02-o14-nano-c4,,8,False,382.85,llama3.2:1b,etri-dev0001-jetorn,ACTIVE,1112.895,38bc7f25-b63e-4103-beba-e34367585c49,Edge computing reduces latency by processing data closer,nano,32,12.0,ok,nano,1788504379.2237487,24.859,1173.793,14
1511.44,2,1528.605,1788504381.1081116,4,b02-o14-nano-c4,,8,False,372.341,llama3.2:1b,etri-dev0001-jetorn,ACTIVE,1139.098,78fe73c6-8d1c-4dc2-b50b-967154134766,Edge computing reduces latency by processing data closer,nano,32,12.0,ok,nano,1788504379.5795102,25.282,1196.205,14
1497.539,2,1508.207,1788504381.4709718,4,b02-o14-nano-c4,,8,False,367.485,llama3.2:1b,etri-dev0001-jetorn,ACTIVE,1130.054,180faf1b-ecba-4ec7-ab68-234f117ad046,Edge computing reduces latency by processing data closer,nano,32,12.0,ok,nano,1788504379.9627693,25.689,1186.523,14
1485.995,2,1504.12,1788504381.8500326,4,b02-o14-nano-c4,,8,False,372.12,llama3.2:1b,etri-dev0001-jetorn,ACTIVE,1113.875,80f3dc30-9814-4197-8746-808a664baffa,Edge computing reduces latency by processing data closer,nano,32,12.0,ok,nano,1788504380.345914,25.265,1169.924,14
1475.156,2,1492.976,1788504382.2228515,4,b02-o14-nano-c4,,8,False,378.685,llama3.2:1b,etri-dev0001-jetorn,ACTIVE,1096.471,58929fa8-b3c4-4123-b8bd-9c4ff51fcc60,Edge computing reduces latency by processing data closer,nano,32,12.0,ok,nano,1788504380.729878,24.706,1148.057,14
1489.255,2,1508.824,1788504382.6171181,4,b02-o14-nano-c4,,8,False,392.984,llama3.2:1b,etri-dev0001-jetorn,ACTIVE,1096.271,ac9c4c56-fc9e-4b45-8212-424785b3a0f5,Edge computing reduces latency by processing data closer,nano,32,12.0,ok,nano,1788504381.1082976,24.841,1170.45,14
214.482,2,234.7,1788504385.9121997,16,b02-o15-agx-c16,,8,False,214.471,llama3.2:1b,etri-ser0001-cg0msb,ACTIVE,0.011,90f2aa8a-6cde-4db4-ac34-985e11d97b64,Edge computing reduces latency by processing data closer,agx,33,12.0,ok,agx,1788504385.677501,45.206,62.666,15
418.939,2,434.962,1788504386.1172433,16,b02-o15-agx-c16,,8,False,204.889,llama3.2:1b,etri-ser0001-cg0msb,ACTIVE,214.05,292603ab-f30a-4e92-a4a9-f9e7ebc191d8,Edge computing reduces latency by processing data closer,agx,33,12.0,ok,agx,1788504385.6822832,45.104,241.202,15
632.444,2,651.636,1788504386.3313622,16,b02-o15-agx-c16,,8,False,213.981,llama3.2:1b,etri-ser0001-cg0msb,ACTIVE,418.463,b6e59f9b-1e3a-4142-9278-158230f872b4,Edge computing reduces latency by processing data closer,agx,33,12.0,ok,agx,1788504385.6797278,43.305,447.44,15
832.544,2,854.222,1788504386.532962,16,b02-o15-agx-c16,,8,False,201.527,llama3.2:1b,etri-ser0001-cg0msb,ACTIVE,631.017,252bd1b7-7331-448d-83ec-3012db987e15,Edge computing reduces latency by processing data closer,agx,33,12.0,ok,agx,1788504385.6787407,46.345,659.726,15
1035.853,2,1051.147,1788504386.7395945,16,b02-o15-agx-c16,,8,False,206.495,llama3.2:1b,etri-ser0001-cg0msb,ACTIVE,829.358,082acf95-9cff-46a4-ac5a-18636daa4712,Edge computing reduces latency by processing data closer,agx,33,12.0,ok,agx,1788504385.6884499,44.781,856.939,15
1249.401,2,1266.836,1788504386.9565554,16,b02-o15-agx-c16,,8,False,216.864,llama3.2:1b,etri-ser0001-cg0msb,ACTIVE,1032.537,f9b04133-8fca-4076-9ced-cc019f01a53e,Edge computing reduces latency by processing data closer,agx,33,12.0,ok,agx,1788504385.6897204,42.744,1062.09,15
1461.93,2,1478.765,1788504387.1712985,16,b02-o15-agx-c16,,8,False,214.687,llama3.2:1b,etri-ser0001-cg0msb,ACTIVE,1247.243,700b67c8-06ac-4797-a027-e1404c532406,Edge computing reduces latency by processing data closer,agx,33,12.0,ok,agx,1788504385.6925354,42.796,1274.777,15
1679.112,2,1695.56,1788504387.388756,16,b02-o15-agx-c16,,8,False,217.384,llama3.2:1b,etri-ser0001-cg0msb,ACTIVE,1461.728,9132736d-23f7-4654-99d8-433d8a815eb2,Edge computing reduces latency by processing data closer,agx,33,12.0,ok,agx,1788504385.6931973,42.553,1490.879,15
1891.87,2,1910.205,1788504387.6019278,16,b02-o15-agx-c16,,8,False,213.195,llama3.2:1b,etri-ser0001-cg0msb,ACTIVE,1678.675,909fcf34-2497-46df-ab82-5fd2a78153b1,Edge computing reduces latency by processing data closer,agx,33,12.0,ok,agx,1788504385.6917229,43.508,1708.013,15
2104.027,2,2121.351,1788504387.815422,16,b02-o15-agx-c16,,8,False,213.249,llama3.2:1b,etri-ser0001-cg0msb,ACTIVE,1890.778,c5c095ee-dc56-43dd-b109-4a49cefa77a1,Edge computing reduces latency by processing data closer,agx,33,12.0,ok,agx,1788504385.6940725,43.05,1917.983,15
2316.873,2,2335.596,1788504388.0316827,16,b02-o15-agx-c16,,8,False,216.206,llama3.2:1b,etri-ser0001-cg0msb,ACTIVE,2100.667,a87bdde0-5897-4ea1-af01-abfb01dfa240,Edge computing reduces latency by processing data closer,agx,33,12.0,ok,agx,1788504385.6960883,42.855,2129.995,15
2537.171,2,2555.811,1788504388.2545407,16,b02-o15-agx-c16,,8,False,222.676,llama3.2:1b,etri-ser0001-cg0msb,ACTIVE,2314.495,7c1638da-4953-4f7b-aeb5-afbfce173e7c,Edge computing reduces latency by processing data closer,agx,33,12.0,ok,agx,1788504385.6987312,41.284,2343.063,15
2748.066,2,2767.75,1788504388.4655445,16,b02-o15-agx-c16,,8,False,210.879,llama3.2:1b,etri-ser0001-cg0msb,ACTIVE,2537.187,987ba9d2-62d8-4431-9f9d-1d52b75101bb,Edge computing reduces latency by processing data closer,agx,33,12.0,ok,agx,1788504385.6977956,44.016,2566.137,15
2954.321,2,2976.663,1788504388.6720035,16,b02-o15-agx-c16,,8,False,206.36,llama3.2:1b,etri-ser0001-cg0msb,ACTIVE,2747.961,cca8ca61-36a9-4bb4-bc10-922fd76c1c33,Edge computing reduces latency by processing data closer,agx,33,12.0,ok,agx,1788504385.6953425,44.888,2775.822,15
3155.18,2,3171.821,1788504388.8727605,16,b02-o15-agx-c16,,8,False,200.808,llama3.2:1b,etri-ser0001-cg0msb,ACTIVE,2954.371,23237aaa-9600-4483-8b69-bbec60b7bbee,Edge computing reduces latency by processing data closer,agx,33,12.0,ok,agx,1788504385.700941,46.44,2982.691,15
3178.241,2,3180.19,1788504389.0924227,16,b02-o15-agx-c16,,8,False,219.351,llama3.2:1b,etri-ser0001-cg0msb,ACTIVE,2958.89,09042240-f720-44b7-8718-7e7764a3b735,Edge computing reduces latency by processing data closer,agx,33,12.0,ok,agx,1788504385.912235,41.982,2987.489,15
3193.517,2,3195.409,1788504389.312688,16,b02-o15-agx-c16,,8,False,220.135,llama3.2:1b,etri-ser0001-cg0msb,ACTIVE,2973.382,b606a488-3fc0-42ca-b371-e0119cae458d,Edge computing reduces latency by processing data closer,agx,33,12.0,ok,agx,1788504386.117281,42.317,3004.427,15
3185.824,2,3187.568,1788504389.518966,16,b02-o15-agx-c16,,8,False,206.363,llama3.2:1b,etri-ser0001-cg0msb,ACTIVE,2979.46,437a00d6-7424-42cd-b7af-4f8ee74507f1,Edge computing reduces latency by processing data closer,agx,33,12.0,ok,agx,1788504386.3314002,44.79,3006.904,15
3197.76,2,3199.624,1788504389.7326202,16,b02-o15-agx-c16,,8,False,213.352,llama3.2:1b,etri-ser0001-cg0msb,ACTIVE,2984.408,32eeb183-a567-42df-b768-9da7919af165,Edge computing reduces latency by processing data closer,agx,33,12.0,ok,agx,1788504386.532998,43.092,3011.836,15
3194.379,2,3196.317,1788504389.935945,16,b02-o15-agx-c16,,8,False,203.188,llama3.2:1b,etri-ser0001-cg0msb,ACTIVE,2991.191,fc0deb84-57f8-4368-bb1e-2a101870de33,Edge computing reduces latency by processing data closer,agx,33,12.0,ok,agx,1788504386.73963,45.755,3019.293,15
3396.658,2,4447.148,1788504390.147029,16,b02-o15-agx-c16,,8,False,210.898,llama3.2:1b,etri-ser0001-cg0msb,ACTIVE,3185.76,ecc92eb6-de45-49b0-b46a-29475fc35c5d,Edge computing reduces latency by processing data closer,agx,33,12.0,ok,agx,1788504385.699882,43.588,3212.733,15
3392.543,2,3394.527,1788504390.3511162,16,b02-o15-agx-c16,,8,False,204.039,llama3.2:1b,etri-ser0001-cg0msb,ACTIVE,3188.505,285fe23d-359f-4507-ae57-7b09452435ce,Edge computing reduces latency by processing data closer,agx,33,12.0,ok,agx,1788504386.9565914,45.712,3217.309,15
3377.513,2,3379.292,1788504390.5506244,16,b02-o15-agx-c16,,8,False,199.465,llama3.2:1b,etri-ser0001-cg0msb,ACTIVE,3178.048,e4348281-3706-420f-a159-79649be0acfc,Edge computing reduces latency by processing data closer,agx,33,12.0,ok,agx,1788504387.171335,46.502,3205.22,15
3361.76,2,3363.755,1788504390.7525463,16,b02-o15-agx-c16,,8,False,201.742,llama3.2:1b,etri-ser0001-cg0msb,ACTIVE,3160.018,bcd6b587-a839-49ca-93dc-d5aaf375159a,Edge computing reduces latency by processing data closer,agx,33,12.0,ok,agx,1788504387.388794,45.919,3187.201,15
3352.297,2,3354.127,1788504390.9560776,16,b02-o15-agx-c16,,8,False,203.428,llama3.2:1b,etri-ser0001-cg0msb,ACTIVE,3148.868,e0dc8e84-6fcd-4fa3-8636-5ddb00f76dff,Edge computing reduces latency by processing data closer,agx,33,12.0,ok,agx,1788504387.601953,45.681,3176.941,15
3348.837,2,3350.598,1788504391.166052,16,b02-o15-agx-c16,,8,False,209.888,llama3.2:1b,etri-ser0001-cg0msb,ACTIVE,3138.949,1d8a937a-c7b9-4d5c-bc07-e8c3d1431bc7,Edge computing reduces latency by processing data closer,agx,33,12.0,ok,agx,1788504387.8154569,43.825,3166.056,15
3352.1,2,3354.028,1788504391.385747,16,b02-o15-agx-c16,,8,False,219.584,llama3.2:1b,etri-ser0001-cg0msb,ACTIVE,3132.516,1b1fb4fc-5d2c-4f51-86d2-96dab8b2ea6b,Edge computing reduces latency by processing data closer,agx,33,12.0,ok,agx,1788504388.0317214,42.258,3162.673,15
3336.827,2,3338.633,1788504391.5932086,16,b02-o15-agx-c16,,8,False,207.546,llama3.2:1b,etri-ser0001-cg0msb,ACTIVE,3129.281,03fff04b-8149-4fbf-8be4-fdcf051fa18c,Edge computing reduces latency by processing data closer,agx,33,12.0,ok,agx,1788504388.2545779,45.055,3159.121,15
3350.493,2,3352.524,1788504391.8181696,16,b02-o15-agx-c16,,8,False,224.61,llama3.2:1b,etri-ser0001-cg0msb,ACTIVE,3125.883,5b8e0247-1c3f-48a3-b4dd-13807ea34f63,Edge computing reduces latency by processing data closer,agx,33,12.0,ok,agx,1788504388.465648,40.849,3154.36,15
3357.553,2,3359.507,1788504392.0315435,16,b02-o15-agx-c16,,8,False,213.302,llama3.2:1b,etri-ser0001-cg0msb,ACTIVE,3144.251,f11812c9-ebbd-4df0-83bb-1ec6debb3bad,Edge computing reduces latency by processing data closer,agx,33,12.0,ok,agx,1788504388.6720393,43.552,3173.596,15
3374.382,2,3376.345,1788504392.2491455,16,b02-o15-agx-c16,,8,False,217.476,llama3.2:1b,etri-ser0001-cg0msb,ACTIVE,3156.906,0a342a75-0088-4fc5-a25c-fee12602012d,Edge computing reduces latency by processing data closer,agx,33,12.0,ok,agx,1788504388.872803,42.372,3185.403,15
3367.93,2,3369.881,1788504392.4623377,16,b02-o15-agx-c16,,8,False,213.073,llama3.2:1b,etri-ser0001-cg0msb,ACTIVE,3154.857,929e382d-5670-4bcf-801c-1b85e5305b73,Edge computing reduces latency by processing data closer,agx,33,12.0,ok,agx,1788504389.0924594,43.558,3184.05,15
3353.992,2,3356.202,1788504392.6689239,16,b02-o15-agx-c16,,8,False,206.414,llama3.2:1b,etri-ser0001-cg0msb,ACTIVE,3147.577,01ac1acb-83aa-4dff-ad5d-6596ee562288,Edge computing reduces latency by processing data closer,agx,33,12.0,ok,agx,1788504389.3127239,45.309,3177.187,15
3347.341,2,3349.359,1788504392.8683603,16,b02-o15-agx-c16,,8,False,199.323,llama3.2:1b,etri-ser0001-cg0msb,ACTIVE,3148.018,93d8cab3-8a49-4dca-a793-b5731727e35d,Edge computing reduces latency by processing data closer,agx,33,12.0,ok,agx,1788504389.5190036,46.719,3175.929,15
3333.824,2,3335.62,1788504393.0682733,16,b02-o15-agx-c16,,8,False,199.817,llama3.2:1b,etri-ser0001-cg0msb,ACTIVE,3134.007,7f05166f-d2e5-40ba-981d-6f760370ad3e,Edge computing reduces latency by processing data closer,agx,33,12.0,ok,agx,1788504389.7326555,46.484,3161.509,15
3346.183,2,3348.038,1788504393.2840178,16,b02-o15-agx-c16,,8,False,215.798,llama3.2:1b,etri-ser0001-cg0msb,ACTIVE,3130.385,ead1d2b5-15b0-44c9-8875-e0221e855c1e,Edge computing reduces latency by processing data closer,agx,33,12.0,ok,agx,1788504389.9359818,43.143,3160.681,15
3336.825,2,3338.426,1788504393.4854898,16,b02-o15-agx-c16,,8,False,201.232,llama3.2:1b,etri-ser0001-cg0msb,ACTIVE,3135.593,c45a7ca2-a0ba-4e99-830b-0b368ed01bd5,Edge computing reduces latency by processing data closer,agx,33,12.0,ok,agx,1788504390.1470656,46.344,3163.918,15
3334.685,2,3336.613,1788504393.6877632,16,b02-o15-agx-c16,,8,False,202.2,llama3.2:1b,etri-ser0001-cg0msb,ACTIVE,3132.485,62566329-0d9b-4918-bcd4-778af0aea7c4,Edge computing reduces latency by processing data closer,agx,33,12.0,ok,agx,1788504390.3511531,45.776,3159.737,15
3343.94,2,3345.863,1788504393.8965209,16,b02-o15-agx-c16,,8,False,208.577,llama3.2:1b,etri-ser0001-cg0msb,ACTIVE,3135.362,771c0dd5-8957-44e9-adfd-17c83372a24b,Edge computing reduces latency by processing data closer,agx,33,12.0,ok,agx,1788504390.5506601,44.917,3165.645,15
3358.865,2,3360.812,1788504394.113392,16,b02-o15-agx-c16,,8,False,216.773,llama3.2:1b,etri-ser0001-cg0msb,ACTIVE,3142.092,fd6d0110-f7f3-44c6-ad11-3b0ab4ca5409,Edge computing reduces latency by processing data closer,agx,33,12.0,ok,agx,1788504390.752583,42.694,3171.227,15
3368.603,2,3370.548,1788504394.3266618,16,b02-o15-agx-c16,,8,False,213.126,llama3.2:1b,etri-ser0001-cg0msb,ACTIVE,3155.477,d72ef6e7-1716-4be1-9634-e3e24c76582f,Edge computing reduces latency by processing data closer,agx,33,12.0,ok,agx,1788504390.956116,43.788,3185.622,15
3369.822,2,3371.707,1788504394.537792,16,b02-o15-agx-c16,,8,False,211.069,llama3.2:1b,etri-ser0001-cg0msb,ACTIVE,3158.753,e6853957-0635-46e9-8737-9ddb76eaa994,Edge computing reduces latency by processing data closer,agx,33,12.0,ok,agx,1788504391.1660872,43.996,3187.488,15
3365.179,2,3366.719,1788504394.7525015,16,b02-o15-agx-c16,,8,False,214.744,llama3.2:1b,etri-ser0001-cg0msb,ACTIVE,3150.434,8b878f9a-bb18-4a19-9107-3503178e99e1,Edge computing reduces latency by processing data closer,agx,33,12.0,ok,agx,1788504391.385785,42.961,3178.943,15
3362.137,2,3364.1,1788504394.9573543,16,b02-o15-agx-c16,,8,False,204.649,llama3.2:1b,etri-ser0001-cg0msb,ACTIVE,3157.488,c588caac-218e-4c8d-b168-f223a8fb7710,Edge computing reduces latency by processing data closer,agx,33,12.0,ok,agx,1788504391.5932574,45.4,3185.776,15
3348.012,2,3349.638,1788504395.1678429,16,b02-o15-agx-c16,,8,False,210.377,llama3.2:1b,etri-ser0001-cg0msb,ACTIVE,3137.635,66b32182-c214-4f42-a7ae-1fec5d807874,Edge computing reduces latency by processing data closer,agx,33,12.0,ok,agx,1788504391.818207,43.801,3165.124,15
3352.176,2,3354.1,1788504395.3856769,16,b02-o15-agx-c16,,8,False,217.71,llama3.2:1b,etri-ser0001-cg0msb,ACTIVE,3134.466,1450ada9-a97f-49da-93f1-09c534aaf3b6,Edge computing reduces latency by processing data closer,agx,33,12.0,ok,agx,1788504392.0315797,42.621,3164.203,15
3349.853,2,3351.746,1788504395.6009254,16,b02-o15-agx-c16,,8,False,215.222,llama3.2:1b,etri-ser0001-cg0msb,ACTIVE,3134.63,a7c5ec08-98df-44ee-b608-ae4d672001ab,Edge computing reduces latency by processing data closer,agx,33,12.0,ok,agx,1788504392.2491815,42.932,3163.147,15
3359.774,2,3361.312,1788504395.823683,16,b02-o15-agx-c16,,8,False,222.56,llama3.2:1b,etri-ser0001-cg0msb,ACTIVE,3137.213,dc183a51-259e-469f-a784-b2ab4555d4bd,Edge computing reduces latency by processing data closer,agx,33,12.0,ok,agx,1788504392.462374,41.301,3166.01,15
3365.053,2,3367.046,1788504396.0360057,16,b02-o15-agx-c16,,8,False,212.202,llama3.2:1b,etri-ser0001-cg0msb,ACTIVE,3152.851,c8a35696-1bd9-4c3f-9468-b585e1877f88,Edge computing reduces latency by processing data closer,agx,33,12.0,ok,agx,1788504392.6689615,43.734,3181.913,15
3378.87,2,3380.679,1788504396.2490718,16,b02-o15-agx-c16,,8,False,213.024,llama3.2:1b,etri-ser0001-cg0msb,ACTIVE,3165.846,973976e1-be80-417d-8aed-57af5d3b232e,Edge computing reduces latency by processing data closer,agx,33,12.0,ok,agx,1788504392.8683958,43.433,3194.516,15
3385.671,2,3387.468,1788504396.4557753,16,b02-o15-agx-c16,,8,False,206.768,llama3.2:1b,etri-ser0001-cg0msb,ACTIVE,3178.904,860f400a-3faa-49c9-ba2d-f0c719b7b779,Edge computing reduces latency by processing data closer,agx,33,12.0,ok,agx,1788504393.0683095,44.648,3206.117,15
3381.616,2,3383.408,1788504396.6674592,16,b02-o15-agx-c16,,8,False,211.507,llama3.2:1b,etri-ser0001-cg0msb,ACTIVE,3170.109,09b728ca-b9ea-46cb-80dd-02a762235b92,Edge computing reduces latency by processing data closer,agx,33,12.0,ok,agx,1788504393.2840543,44.027,3199.374,15
3392.938,2,3394.866,1788504396.8803885,16,b02-o15-agx-c16,,8,False,212.61,llama3.2:1b,etri-ser0001-cg0msb,ACTIVE,3180.329,60f12e1a-69c9-4a39-b721-f1803d7b5578,Edge computing reduces latency by processing data closer,agx,33,12.0,ok,agx,1788504393.4855247,43.483,3208.725,15
3397.118,2,3398.812,1788504397.086609,16,b02-o15-agx-c16,,8,False,206.238,llama3.2:1b,etri-ser0001-cg0msb,ACTIVE,3190.88,69de92f5-9db1-4882-831b-202a251d11b1,Edge computing reduces latency by processing data closer,agx,33,12.0,ok,agx,1788504393.6877992,45.227,3219.859,15
3399.34,2,3401.133,1788504397.2976892,16,b02-o15-agx-c16,,8,False,210.991,llama3.2:1b,etri-ser0001-cg0msb,ACTIVE,3188.35,2028bf63-123f-4d94-84fd-fb69acab76dd,Edge computing reduces latency by processing data closer,agx,33,12.0,ok,agx,1788504393.8965588,44.19,3217.673,15
3392.547,2,3394.4,1788504397.5078242,16,b02-o15-agx-c16,,8,False,209.922,llama3.2:1b,etri-ser0001-cg0msb,ACTIVE,3182.626,f5cc7c89-0dc1-444e-9d7c-67a4eb5f9528,Edge computing reduces latency by processing data closer,agx,33,12.0,ok,agx,1788504394.113426,44.173,3211.231,15
3389.565,2,3391.029,1788504397.7177262,16,b02-o15-agx-c16,,8,False,209.802,llama3.2:1b,etri-ser0001-cg0msb,ACTIVE,3179.763,7573394c-e1ca-46c2-bbe0-3c40ea06fbe9,Edge computing reduces latency by processing data closer,agx,33,12.0,ok,agx,1788504394.3266983,44.22,3208.408,15
3387.857,2,3389.852,1788504397.9276752,16,b02-o15-agx-c16,,8,False,209.713,llama3.2:1b,etri-ser0001-cg0msb,ACTIVE,3178.144,cc1347ec-acfa-4df3-bfa2-8e7984b75828,Edge computing reduces latency by processing data closer,agx,33,12.0,ok,agx,1788504394.5378256,44.331,3207.194,15
3393.843,2,3395.344,1788504398.1478806,16,b02-o15-agx-c16,,8,False,220.147,llama3.2:1b,etri-ser0001-cg0msb,ACTIVE,3173.696,cd6b375d-ba18-4577-a3f0-d2ce1a35f077,Edge computing reduces latency by processing data closer,agx,33,12.0,ok,agx,1788504394.752539,41.799,3202.174,15
3387.975,2,3389.878,1788504398.3472662,16,b02-o15-agx-c16,,8,False,199.306,llama3.2:1b,etri-ser0001-cg0msb,ACTIVE,3188.669,bc171190-26d8-4f8f-9602-580689524da1,Edge computing reduces latency by processing data closer,agx,33,12.0,ok,agx,1788504394.9573903,46.731,3216.599,15
3385.68,2,3387.497,1788504398.555377,16,b02-o15-agx-c16,,8,False,207.942,llama3.2:1b,etri-ser0001-cg0msb,ACTIVE,3177.739,7d7fca97-42cd-4e60-9c4c-c435494186e0,Edge computing reduces latency by processing data closer,agx,33,12.0,ok,agx,1788504395.167882,44.257,3204.67,15
3369.414,2,3371.286,1788504398.7570004,16,b02-o15-agx-c16,,8,False,201.574,llama3.2:1b,etri-ser0001-cg0msb,ACTIVE,3167.84,4eb40ac5-e627-4240-b0ec-508b65fefac0,Edge computing reduces latency by processing data closer,agx,33,12.0,ok,agx,1788504395.3857164,46.217,3196.107,15
3354.833,2,3356.47,1788504398.957428,16,b02-o15-agx-c16,,8,False,200.278,llama3.2:1b,etri-ser0001-cg0msb,ACTIVE,3154.555,3d825d5d-b1e1-4dca-b8d1-c420495ce0e3,Edge computing reduces latency by processing data closer,agx,33,12.0,ok,agx,1788504395.6009603,46.484,3182.5,15
3339.745,2,3341.739,1788504399.165458,16,b02-o15-agx-c16,,8,False,207.982,llama3.2:1b,etri-ser0001-cg0msb,ACTIVE,3131.763,fc24a881-0f98-4a63-92d4-e7ff7e989076,Edge computing reduces latency by processing data closer,agx,33,12.0,ok,agx,1788504395.8237212,44.308,3158.982,15
3331.44,2,3333.265,1788504399.3693063,16,b02-o15-agx-c16,,8,False,203.704,llama3.2:1b,etri-ser0001-cg0msb,ACTIVE,3127.736,50adb45e-b7ae-4061-80b0-4592a2fd5f3b,Edge computing reduces latency by processing data closer,agx,33,12.0,ok,agx,1788504396.036044,45.518,3155.464,15
3322.021,2,3323.837,1788504399.5729434,16,b02-o15-agx-c16,,8,False,203.568,llama3.2:1b,etri-ser0001-cg0msb,ACTIVE,3118.453,5d573458-4ef2-4763-ab08-153555f97b17,Edge computing reduces latency by processing data closer,agx,33,12.0,ok,agx,1788504396.2491086,45.362,3145.361,15
3325.448,2,3327.329,1788504399.78314,16,b02-o15-agx-c16,,8,False,210.095,llama3.2:1b,etri-ser0001-cg0msb,ACTIVE,3115.353,60749706-c273-40cf-9083-192c8c390add,Edge computing reduces latency by processing data closer,agx,33,12.0,ok,agx,1788504396.455813,43.726,3142.19,15
3316.492,2,3318.23,1788504399.985727,16,b02-o15-agx-c16,,8,False,202.395,llama3.2:1b,etri-ser0001-cg0msb,ACTIVE,3114.097,3a9a174b-f47e-4fae-9b8f-9a1ed57584be,Edge computing reduces latency by processing data closer,agx,33,12.0,ok,agx,1788504396.6674995,45.721,3141.25,15
3319.254,2,3321.186,1788504400.2016082,16,b02-o15-agx-c16,,8,False,215.734,llama3.2:1b,etri-ser0001-cg0msb,ACTIVE,3103.52,613ad181-f14a-4732-9570-cdf3f11f87fe,Edge computing reduces latency by processing data closer,agx,33,12.0,ok,agx,1788504396.880425,42.811,3132.091,15
3312.951,2,3314.712,1788504400.4013577,16,b02-o15-agx-c16,,8,False,199.705,llama3.2:1b,etri-ser0001-cg0msb,ACTIVE,3113.246,e209582f-ec3f-4129-a8bf-8a0a390cc2d6,Edge computing reduces latency by processing data closer,agx,33,12.0,ok,agx,1788504397.0866475,46.468,3140.537,15
3315.308,2,3317.698,1788504400.6154232,16,b02-o15-agx-c16,,8,False,213.973,llama3.2:1b,etri-ser0001-cg0msb,ACTIVE,3101.334,dca0ce7f-a326-42fc-a6eb-cdb341dd5fbe,Edge computing reduces latency by processing data closer,agx,33,12.0,ok,agx,1788504397.2977276,43.333,3130.436,15
3323.122,2,3324.861,1788504400.8327193,16,b02-o15-agx-c16,,8,False,217.398,llama3.2:1b,etri-ser0001-cg0msb,ACTIVE,3105.724,5be6dbbb-cef9-4bbf-aa3d-d7611134f001,Edge computing reduces latency by processing data closer,agx,33,12.0,ok,agx,1788504397.5078602,42.508,3134.56,15
531.781,2,550.644,1788504404.4493313,2,b02-o16-nano-c2,,8,False,531.761,llama3.2:1b,etri-dev0001-jetorn,ACTIVE,0.02,4fcc002d-75cf-48a5-b632-8d864387f4d7,Edge computing reduces latency by processing data closer,nano,34,12.0,ok,nano,1788504403.8986897,19.93,128.574,16
931.826,2,948.108,1788504404.8481812,2,b02-o16-nano-c2,,8,False,400.516,llama3.2:1b,etri-dev0001-jetorn,ACTIVE,531.31,7667e5f2-bea0-4ac3-a738-f054f35457d0,Edge computing reduces latency by processing data closer,nano,34,12.0,ok,nano,1788504403.9000762,23.881,595.269,16
805.458,2,814.666,1788504405.2640855,2,b02-o16-nano-c2,,8,False,414.945,llama3.2:1b,etri-dev0001-jetorn,ACTIVE,390.513,8aa83e96-c902-458c-9eb7-bbfb49521607,Edge computing reduces latency by processing data closer,nano,34,12.0,ok,nano,1788504404.4494228,22.269,445.462,16
761.754,2,768.789,1788504405.6170793,2,b02-o16-nano-c2,,8,False,352.312,llama3.2:1b,etri-dev0001-jetorn,ACTIVE,409.443,b960f857-6dfc-46fd-8e5b-58b73caf3e6c,Edge computing reduces latency by processing data closer,nano,34,12.0,ok,nano,1788504404.8482935,26.936,468.068,16
696.997,2,712.264,1788504405.9764392,2,b02-o16-nano-c2,,8,False,359.057,llama3.2:1b,etri-dev0001-jetorn,ACTIVE,337.939,7a633ed2-e9ec-44a0-9bbb-27d10cbf6848,Edge computing reduces latency by processing data closer,nano,34,12.0,ok,nano,1788504405.2641757,26.589,399.626,16
727.957,2,746.584,1788504406.3637502,2,b02-o16-nano-c2,,8,False,384.385,llama3.2:1b,etri-dev0001-jetorn,ACTIVE,343.573,517cf41b-6f02-4127-8361-a9d6c8aa772a,Edge computing reduces latency by processing data closer,nano,34,12.0,ok,nano,1788504405.6171694,24.241,396.02,16
737.376,2,743.405,1788504406.7198644,2,b02-o16-nano-c2,,8,False,356.256,llama3.2:1b,etri-dev0001-jetorn,ACTIVE,381.12,7fa72aed-fa42-4476-bda6-edd939c1089b,Edge computing reduces latency by processing data closer,nano,34,12.0,ok,nano,1788504405.9764633,26.728,437.01,16
782.012,2,797.301,1788504407.1611397,2,b02-o16-nano-c2,,8,False,438.415,llama3.2:1b,etri-dev0001-jetorn,ACTIVE,343.597,22281f23-97fe-4523-8aeb-08972a5eb5a3,Edge computing reduces latency by processing data closer,nano,34,12.0,ok,nano,1788504406.3638396,21.354,416.058,16
844.825,2,855.83,1788504407.5757847,2,b02-o16-nano-c2,,8,False,414.108,llama3.2:1b,etri-dev0001-jetorn,ACTIVE,430.717,a4ee77cd-f43a-4405-ac62-19c6951f59d5,Edge computing reduces latency by processing data closer,nano,34,12.0,ok,nano,1788504406.7199552,22.59,491.935,16
787.82,2,800.29,1788504407.9614675,2,b02-o16-nano-c2,,8,False,384.849,llama3.2:1b,etri-dev0001-jetorn,ACTIVE,402.971,509fd214-82ce-4c3e-9efd-a14aa6fd1a06,Edge computing reduces latency by processing data closer,nano,34,12.0,ok,nano,1788504407.161179,25.038,473.458,16
736.9,2,743.862,1788504408.3196666,2,b02-o16-nano-c2,,8,False,356.306,llama3.2:1b,etri-dev0001-jetorn,ACTIVE,380.594,d9b2de3e-4bc9-4a4e-9a80-a044a5736ccf,Edge computing reduces latency by processing data closer,nano,34,12.0,ok,nano,1788504407.5758083,26.604,432.991,16
731.818,2,749.654,1788504408.7111678,2,b02-o16-nano-c2,,8,False,390.965,llama3.2:1b,etri-dev0001-jetorn,ACTIVE,340.853,11de8b95-37b4-469f-89ff-55fb96ed1929,Edge computing reduces latency by processing data closer,nano,34,12.0,ok,nano,1788504407.9615178,24.944,412.006,16
740.316,2,751.574,1788504409.0713265,2,b02-o16-nano-c2,,8,False,359.442,llama3.2:1b,etri-dev0001-jetorn,ACTIVE,380.874,a142f47a-9508-4a6d-b2b8-2578607c1c1e,Edge computing reduces latency by processing data closer,nano,34,12.0,ok,nano,1788504408.319756,26.533,440.395,16
703.716,2,714.713,1788504409.4260128,2,b02-o16-nano-c2,,8,False,354.023,llama3.2:1b,etri-dev0001-jetorn,ACTIVE,349.693,4b0a5319-6923-459e-a5a0-9991ae3412ce,Edge computing reduces latency by processing data closer,nano,34,12.0,ok,nano,1788504408.711301,26.838,413.105,16
722.08,2,729.162,1788504409.8006175,2,b02-o16-nano-c2,,8,False,372.79,llama3.2:1b,etri-dev0001-jetorn,ACTIVE,349.29,cc6a92f0-7d24-4f3e-99b8-6009cf9e3874,Edge computing reduces latency by processing data closer,nano,34,12.0,ok,nano,1788504409.0714562,25.066,400.643,16
745.732,2,754.842,1788504410.1809,2,b02-o16-nano-c2,,8,False,378.154,llama3.2:1b,etri-dev0001-jetorn,ACTIVE,367.578,8a3f54bf-fe47-491f-9a1e-98b0525a1dad,Edge computing reduces latency by processing data closer,nano,34,12.0,ok,nano,1788504409.4260616,25.342,437.161,16
740.262,2,751.806,1788504410.5524437,2,b02-o16-nano-c2,,8,False,371.538,llama3.2:1b,etri-dev0001-jetorn,ACTIVE,368.724,b4868717-8b92-4247-a70d-4d597ab6d897,Edge computing reduces latency by processing data closer,nano,34,12.0,ok,nano,1788504409.8006415,25.35,423.62,16
742.697,2,761.28,1788504410.9422672,2,b02-o16-nano-c2,,8,False,389.028,llama3.2:1b,etri-dev0001-jetorn,ACTIVE,353.669,7c60d69c-2684-4941-a552-b553ec6a2150,Edge computing reduces latency by processing data closer,nano,34,12.0,ok,nano,1788504410.1809905,24.689,412.081,16
723.108,2,738.2,1788504411.2907465,2,b02-o16-nano-c2,,8,False,347.535,llama3.2:1b,etri-dev0001-jetorn,ACTIVE,375.573,3939b4a3-234a-4554-a1be-da73489f8820,Edge computing reduces latency by processing data closer,nano,34,12.0,ok,nano,1788504410.552547,27.25,436.01,16
693.982,2,710.898,1788504411.653252,2,b02-o16-nano-c2,,8,False,361.613,llama3.2:1b,etri-dev0001-jetorn,ACTIVE,332.37,8d994c3d-21fa-4576-8fb9-f238d97a8c72,Edge computing reduces latency by processing data closer,nano,34,12.0,ok,nano,1788504410.9423547,26.662,396.108,16
795.932,2,816.839,1788504412.1076193,2,b02-o16-nano-c2,,8,False,452.426,llama3.2:1b,etri-dev0001-jetorn,ACTIVE,343.506,9a44e72e-89c7-41a9-97d0-465c9195722e,Edge computing reduces latency by processing data closer,nano,34,12.0,ok,nano,1788504411.2907813,20.606,410.32,16
856.087,2,864.687,1788504412.5179644,2,b02-o16-nano-c2,,8,False,410.192,llama3.2:1b,etri-dev0001-jetorn,ACTIVE,445.895,57bcb11e-f6c7-4baa-b443-922f3b17c081,Edge computing reduces latency by processing data closer,nano,34,12.0,ok,nano,1788504411.653281,22.492,501.752,16
820.74,2,827.79,1788504412.9354315,2,b02-o16-nano-c2,,8,False,416.461,llama3.2:1b,etri-dev0001-jetorn,ACTIVE,404.279,ac9d76a6-7066-4c50-8912-5f7c98abe3e6,Edge computing reduces latency by processing data closer,nano,34,12.0,ok,nano,1788504412.1076446,22.454,464.985,16
799.753,2,821.131,1788504413.3391802,2,b02-o16-nano-c2,,8,False,402.949,llama3.2:1b,etri-dev0001-jetorn,ACTIVE,396.804,100adfec-1fe2-49f2-9ff7-06f26f09188f,Edge computing reduces latency by processing data closer,nano,34,12.0,ok,nano,1788504412.518052,23.77,460.123,16
752.043,2,768.097,1788504413.7036066,2,b02-o16-nano-c2,,8,False,361.71,llama3.2:1b,etri-dev0001-jetorn,ACTIVE,390.332,a84f06f5-b866-4994-b9cb-30004c330427,Edge computing reduces latency by processing data closer,nano,34,12.0,ok,nano,1788504412.935514,26.66,452.006,16
713.036,2,719.781,1788504414.059053,2,b02-o16-nano-c2,,8,False,354.415,llama3.2:1b,etri-dev0001-jetorn,ACTIVE,358.622,d08401bf-f0bc-42f4-9cbc-ff541bfa19d3,Edge computing reduces latency by processing data closer,nano,34,12.0,ok,nano,1788504413.339274,26.916,414.225,16
740.116,2,751.647,1788504414.455365,2,b02-o16-nano-c2,,8,False,396.4,llama3.2:1b,etri-dev0001-jetorn,ACTIVE,343.716,fc4d4abb-e0af-4c0d-84ca-660a9dde0544,Edge computing reduces latency by processing data closer,nano,34,12.0,ok,nano,1788504413.7037218,23.849,404.13,16
756.749,2,773.483,1788504414.8325837,2,b02-o16-nano-c2,,8,False,373.304,llama3.2:1b,etri-dev0001-jetorn,ACTIVE,383.445,b105c6a1-e545-4de3-955a-02b19077e5cf,Edge computing reduces latency by processing data closer,nano,34,12.0,ok,nano,1788504414.059105,25.16,435.86,16
730.298,2,744.029,1788504415.1994884,2,b02-o16-nano-c2,,8,False,366.079,llama3.2:1b,etri-dev0001-jetorn,ACTIVE,364.219,2019083a-d0df-4fcb-8ada-6322113cfe8c,Edge computing reduces latency by processing data closer,nano,34,12.0,ok,nano,1788504414.4554634,25.602,418.446,16
728.231,2,749.205,1788504415.5818775,2,b02-o16-nano-c2,,8,False,379.259,llama3.2:1b,etri-dev0001-jetorn,ACTIVE,348.973,881d5a9b-4099-49b9-81e6-9afc47d82c3f,Edge computing reduces latency by processing data closer,nano,34,12.0,ok,nano,1788504414.8326764,24.657,404.348,16
737.603,2,748.004,1788504415.9476264,2,b02-o16-nano-c2,,8,False,367.373,llama3.2:1b,etri-dev0001-jetorn,ACTIVE,370.23,6e46802f-c766-4b94-9d6f-b417471a81b6,Edge computing reduces latency by processing data closer,nano,34,12.0,ok,nano,1788504415.1996262,26.126,433.916,16
705.556,2,716.201,1788504416.2981656,2,b02-o16-nano-c2,,8,False,350.165,llama3.2:1b,etri-dev0001-jetorn,ACTIVE,355.39,71e9731a-ad44-4c7a-9566-06933f344309,Edge computing reduces latency by processing data closer,nano,34,12.0,ok,nano,1788504415.5819683,26.912,406.708,16
237.419,2,250.969,1788504419.625636,4,b02-o17-agx-c4,,8,False,237.402,llama3.2:1b,etri-ser0001-cg0msb,ACTIVE,0.017,4f6c660f-5f8c-4746-b7ce-0123463e9358,Edge computing reduces latency by processing data closer,agx,35,12.0,ok,agx,1788504419.3746684,43.388,54.122,17
448.144,2,464.301,1788504419.8369648,4,b02-o17-agx-c4,,8,False,211.252,llama3.2:1b,etri-ser0001-cg0msb,ACTIVE,236.892,65c8e008-3ed3-4564-931e-710712a38d80,Edge computing reduces latency by processing data closer,agx,35,12.0,ok,agx,1788504419.3726654,43.849,265.096,17
673.755,2,689.589,1788504420.0632977,4,b02-o17-agx-c4,,8,False,226.239,llama3.2:1b,etri-ser0001-cg0msb,ACTIVE,447.516,55576f8e-ed53-4276-b684-6eefe13f5e43,Edge computing reduces latency by processing data closer,agx,35,12.0,ok,agx,1788504419.373709,40.392,475.543,17
883.472,2,898.64,1788504420.2743015,4,b02-o17-agx-c4,,8,False,210.855,llama3.2:1b,etri-ser0001-cg0msb,ACTIVE,672.617,40f3d160-4872-4694-9d0c-cc16e68243a9,Edge computing reduces latency by processing data closer,agx,35,12.0,ok,agx,1788504419.3756626,44.411,703.02,17
846.939,2,849.023,1788504420.4746907,4,b02-o17-agx-c4,,8,False,200.289,llama3.2:1b,etri-ser0001-cg0msb,ACTIVE,646.65,6fe827c0-1ef9-438b-a9ef-a120333432fb,Edge computing reduces latency by processing data closer,agx,35,12.0,ok,agx,1788504419.6256702,46.315,673.874,17
837.263,2,839.145,1788504420.676144,4,b02-o17-agx-c4,,8,False,201.427,llama3.2:1b,etri-ser0001-cg0msb,ACTIVE,635.836,96c00816-acea-4dcb-9377-08df77ec71b1,Edge computing reduces latency by processing data closer,agx,35,12.0,ok,agx,1788504419.8370008,46.079,663.159,17
811.916,2,813.519,1788504420.8768463,4,b02-o17-agx-c4,,8,False,200.71,llama3.2:1b,etri-ser0001-cg0msb,ACTIVE,611.206,b422df59-c8de-4156-877c-13e420358b85,Edge computing reduces latency by processing data closer,agx,35,12.0,ok,agx,1788504420.06333,46.495,639.664,17
802.789,2,804.752,1788504421.0790882,4,b02-o17-agx-c4,,8,False,201.856,llama3.2:1b,etri-ser0001-cg0msb,ACTIVE,600.933,5b9eb87e-dad1-4c4f-902a-b832180e12e9,Edge computing reduces latency by processing data closer,agx,35,12.0,ok,agx,1788504420.2743378,45.986,628.536,17
809.45,2,811.465,1788504421.2861884,4,b02-o17-agx-c4,,8,False,206.97,llama3.2:1b,etri-ser0001-cg0msb,ACTIVE,602.479,a2d7fb35-50b5-421e-9b25-97eb3f2eef01,Edge computing reduces latency by processing data closer,agx,35,12.0,ok,agx,1788504420.4747262,45.125,631.915,17
814.669,2,816.578,1788504421.4927537,4,b02-o17-agx-c4,,8,False,206.543,llama3.2:1b,etri-ser0001-cg0msb,ACTIVE,608.126,dd753a34-1d3d-410d-810e-59afa162f9f2,Edge computing reduces latency by processing data closer,agx,35,12.0,ok,agx,1788504420.6761787,44.638,635.201,17
820.499,2,822.174,1788504421.6990569,4,b02-o17-agx-c4,,8,False,206.154,llama3.2:1b,etri-ser0001-cg0msb,ACTIVE,614.345,d116d5f1-2f99-4e21-91c6-70bfea1df974,Edge computing reduces latency by processing data closer,agx,35,12.0,ok,agx,1788504420.8768847,44.692,641.346,17
829.753,2,831.74,1788504421.9108617,4,b02-o17-agx-c4,,8,False,211.647,llama3.2:1b,etri-ser0001-cg0msb,ACTIVE,618.106,424e886c-17d5-498e-934c-f11b7c1a0f3e,Edge computing reduces latency by processing data closer,agx,35,12.0,ok,agx,1788504421.0791237,44.191,648.485,17
824.335,2,826.416,1788504422.1126397,4,b02-o17-agx-c4,,8,False,201.659,llama3.2:1b,etri-ser0001-cg0msb,ACTIVE,622.676,10a4861a-ab02-4e2d-acf0-f6cd43e02af5,Edge computing reduces latency by processing data closer,agx,35,12.0,ok,agx,1788504421.286226,45.929,649.827,17
830.107,2,832.049,1788504422.3248374,4,b02-o17-agx-c4,,8,False,212.194,llama3.2:1b,etri-ser0001-cg0msb,ACTIVE,617.913,d3aea66e-196a-4bb5-9afb-78bd43c86dff,Edge computing reduces latency by processing data closer,agx,35,12.0,ok,agx,1788504421.4927905,43.89,647.723,17
827.562,2,829.538,1788504422.5286286,4,b02-o17-agx-c4,,8,False,203.624,llama3.2:1b,etri-ser0001-cg0msb,ACTIVE,623.938,8fbdd4e4-5b3d-4e3d-8251-03c59ccb97d7,Edge computing reduces latency by processing data closer,agx,35,12.0,ok,agx,1788504421.6990924,45.667,652.045,17
819.999,2,821.987,1788504422.732884,4,b02-o17-agx-c4,,8,False,204.187,llama3.2:1b,etri-ser0001-cg0msb,ACTIVE,615.812,fb6a67d4-3335-4d58-9ca5-06d0d7849856,Edge computing reduces latency by processing data closer,agx,35,12.0,ok,agx,1788504421.9108987,45.394,643.533,17
822.811,2,824.974,1788504422.9376497,4,b02-o17-agx-c4,,8,False,204.547,llama3.2:1b,etri-ser0001-cg0msb,ACTIVE,618.264,025d31d3-3e70-4e7b-8f55-b1aeb0b47be1,Edge computing reduces latency by processing data closer,agx,35,12.0,ok,agx,1788504422.112678,45.496,646.734,17
839.331,2,841.189,1788504423.1660585,4,b02-o17-agx-c4,,8,False,228.484,llama3.2:1b,etri-ser0001-cg0msb,ACTIVE,610.847,4cf514cb-f277-4a5e-ad65-d1c378484e92,Edge computing reduces latency by processing data closer,agx,35,12.0,ok,agx,1788504422.3248723,39.842,638.251,17
844.064,2,846.076,1788504423.3747394,4,b02-o17-agx-c4,,8,False,208.503,llama3.2:1b,etri-ser0001-cg0msb,ACTIVE,635.561,fee8e23b-a838-4895-996b-3fe5f3935bf8,Edge computing reduces latency by processing data closer,agx,35,12.0,ok,agx,1788504422.5286658,44.623,664.673,17
841.298,2,843.139,1788504423.5760562,4,b02-o17-agx-c4,,8,False,201.261,llama3.2:1b,etri-ser0001-cg0msb,ACTIVE,640.037,9f31efb2-5df3-4a5d-8753-d8201b8820ac,Edge computing reduces latency by processing data closer,agx,35,12.0,ok,agx,1788504422.732919,46.575,669.39,17
854.845,2,856.945,1788504423.7946289,4,b02-o17-agx-c4,,8,False,218.39,llama3.2:1b,etri-ser0001-cg0msb,ACTIVE,636.455,249bcea3-0c9e-4c5d-9128-b3a78bfa627f,Edge computing reduces latency by processing data closer,agx,35,12.0,ok,agx,1788504422.937686,41.876,663.427,17
831.241,2,833.133,1788504423.9992259,4,b02-o17-agx-c4,,8,False,204.564,llama3.2:1b,etri-ser0001-cg0msb,ACTIVE,626.677,dba96a88-43a1-48bc-b215-5f988f8c78b1,Edge computing reduces latency by processing data closer,agx,35,12.0,ok,agx,1788504423.1660957,45.172,653.814,17
839.815,2,841.585,1788504424.2163577,4,b02-o17-agx-c4,,8,False,217.075,llama3.2:1b,etri-ser0001-cg0msb,ACTIVE,622.74,f9435c0a-9646-4a3d-b1cf-5449bb340d17,Edge computing reduces latency by processing data closer,agx,35,12.0,ok,agx,1788504423.374776,42.617,651.937,17
854.901,2,856.946,1788504424.4330359,4,b02-o17-agx-c4,,8,False,216.331,llama3.2:1b,etri-ser0001-cg0msb,ACTIVE,638.57,5635e9f8-63b1-4694-9319-8d303e3e58a9,Edge computing reduces latency by processing data closer,agx,35,12.0,ok,agx,1788504423.576092,42.992,670.626,17
840.725,2,842.631,1788504424.6372914,4,b02-o17-agx-c4,,8,False,204.181,llama3.2:1b,etri-ser0001-cg0msb,ACTIVE,636.544,8702d4f9-1201-4184-9fe2-be3f4000f328,Edge computing reduces latency by processing data closer,agx,35,12.0,ok,agx,1788504423.7946634,45.726,665.565,17
854.266,2,856.152,1788504424.8554206,4,b02-o17-agx-c4,,8,False,218.02,llama3.2:1b,etri-ser0001-cg0msb,ACTIVE,636.246,63c375ea-f038-47a8-830d-6f65f213de50,Edge computing reduces latency by processing data closer,agx,35,12.0,ok,agx,1788504423.9992712,42.48,666.048,17
851.924,2,853.852,1788504425.0702477,4,b02-o17-agx-c4,,8,False,214.76,llama3.2:1b,etri-ser0001-cg0msb,ACTIVE,637.164,c49e40dd-4b84-4b9a-a9d8-8355817a83ba,Edge computing reduces latency by processing data closer,agx,35,12.0,ok,agx,1788504424.2163982,43.244,666.863,17
841.92,2,843.819,1788504425.2768903,4,b02-o17-agx-c4,,8,False,206.507,llama3.2:1b,etri-ser0001-cg0msb,ACTIVE,635.413,6bc16aad-6044-4f02-acd6-c8184112646f,Edge computing reduces latency by processing data closer,agx,35,12.0,ok,agx,1788504424.4330735,44.903,663.481,17
841.703,2,843.515,1788504425.4808404,4,b02-o17-agx-c4,,8,False,204.002,llama3.2:1b,etri-ser0001-cg0msb,ACTIVE,637.701,a21f25b2-24ef-4af1-9bf2-e796c489602d,Edge computing reduces latency by processing data closer,agx,35,12.0,ok,agx,1788504424.6373277,45.62,665.987,17
832.791,2,834.808,1788504425.6902628,4,b02-o17-agx-c4,,8,False,209.205,llama3.2:1b,etri-ser0001-cg0msb,ACTIVE,623.586,4ae19312-4e13-4cdd-af02-8914b8460077,Edge computing reduces latency by processing data closer,agx,35,12.0,ok,agx,1788504424.8554573,44.005,650.416,17
835.806,2,837.46,1788504425.9077451,4,b02-o17-agx-c4,,8,False,217.294,llama3.2:1b,etri-ser0001-cg0msb,ACTIVE,618.512,aef0103f-928e-47d5-b39a-f8feeac8c26f,Edge computing reduces latency by processing data closer,agx,35,12.0,ok,agx,1788504425.0702875,42.792,648.422,17
840.105,2,842.003,1788504426.1189275,4,b02-o17-agx-c4,,8,False,211.097,llama3.2:1b,etri-ser0001-cg0msb,ACTIVE,629.008,6199523d-d1d7-4179-8a5b-b81f0fe7f434,Edge computing reduces latency by processing data closer,agx,35,12.0,ok,agx,1788504425.2769248,43.795,657.074,17
841.365,2,843.354,1788504426.3242288,4,b02-o17-agx-c4,,8,False,205.243,llama3.2:1b,etri-ser0001-cg0msb,ACTIVE,636.121,92cd9b80-b80c-4fb7-8f1d-f75b639e1ccf,Edge computing reduces latency by processing data closer,agx,35,12.0,ok,agx,1788504425.4808774,45.255,664.294,17
837.554,2,839.096,1788504426.529397,4,b02-o17-agx-c4,,8,False,204.976,llama3.2:1b,etri-ser0001-cg0msb,ACTIVE,632.578,e8d16ba8-eb0e-413b-ae6a-2adcfb0d4faf,Edge computing reduces latency by processing data closer,agx,35,12.0,ok,agx,1788504425.690303,45.458,661.154,17
827.782,2,829.662,1788504426.737441,4,b02-o17-agx-c4,,8,False,208.074,llama3.2:1b,etri-ser0001-cg0msb,ACTIVE,619.707,c69d8a41-bf22-4552-9c6a-628510d7bf30,Edge computing reduces latency by processing data closer,agx,35,12.0,ok,agx,1788504425.90778,44.712,648.714,17
823.751,2,825.511,1788504426.9444604,4,b02-o17-agx-c4,,8,False,206.88,llama3.2:1b,etri-ser0001-cg0msb,ACTIVE,616.871,a205611f-1fbe-4b9f-94c8-58b248de9f76,Edge computing reduces latency by processing data closer,agx,35,12.0,ok,agx,1788504426.1189513,44.747,644.876,17
826.193,2,827.911,1788504427.1521902,4,b02-o17-agx-c4,,8,False,207.589,llama3.2:1b,etri-ser0001-cg0msb,ACTIVE,618.604,9c4bb2d2-2f0a-49cf-ad5f-5025fc8a8a06,Edge computing reduces latency by processing data closer,agx,35,12.0,ok,agx,1788504426.3242815,44.475,645.671,17
835.529,2,837.278,1788504427.366709,4,b02-o17-agx-c4,,8,False,214.415,llama3.2:1b,etri-ser0001-cg0msb,ACTIVE,621.114,78ed4163-09fd-4db9-ab41-017f9752586f,Edge computing reduces latency by processing data closer,agx,35,12.0,ok,agx,1788504426.5294328,43.105,649.569,17
842.143,2,843.443,1788504427.5809076,4,b02-o17-agx-c4,,8,False,214.266,llama3.2:1b,etri-ser0001-cg0msb,ACTIVE,627.877,c5c761b8-a576-48ba-8aa9-d9e11308ed95,Edge computing reduces latency by processing data closer,agx,35,12.0,ok,agx,1788504426.7374668,43.276,657.086,17
854.097,2,855.977,1788504427.800472,4,b02-o17-agx-c4,,8,False,219.185,llama3.2:1b,etri-ser0001-cg0msb,ACTIVE,634.912,6822ee02-2517-4c71-ae6f-79c3cd55842b,Edge computing reduces latency by processing data closer,agx,35,12.0,ok,agx,1788504426.9444973,42.094,663.818,17
858.814,2,860.741,1788504428.012966,4,b02-o17-agx-c4,,8,False,212.459,llama3.2:1b,etri-ser0001-cg0msb,ACTIVE,646.356,06435efa-02ac-41bb-badf-6b89b18158ac,Edge computing reduces latency by processing data closer,agx,35,12.0,ok,agx,1788504427.152226,43.558,674.907,17
864.246,2,866.174,1788504428.2329154,4,b02-o17-agx-c4,,8,False,219.835,llama3.2:1b,etri-ser0001-cg0msb,ACTIVE,644.41,808234a3-0572-45cd-983f-398e93bc724f,Edge computing reduces latency by processing data closer,agx,35,12.0,ok,agx,1788504427.3667436,42.641,676.405,17
861.721,2,863.529,1788504428.4444733,4,b02-o17-agx-c4,,8,False,211.457,llama3.2:1b,etri-ser0001-cg0msb,ACTIVE,650.265,68684a4b-fd31-4381-a61b-2f0e5142458e,Edge computing reduces latency by processing data closer,agx,35,12.0,ok,agx,1788504427.5809453,43.856,679.074,17
847.171,2,848.808,1788504428.6493242,4,b02-o17-agx-c4,,8,False,204.735,llama3.2:1b,etri-ser0001-cg0msb,ACTIVE,642.436,9e09dbca-eaa5-4371-9b44-6ec431d1b56a,Edge computing reduces latency by processing data closer,agx,35,12.0,ok,agx,1788504427.800518,45.139,669.736,17
837.533,2,839.473,1788504428.8524644,4,b02-o17-agx-c4,,8,False,203.0,llama3.2:1b,etri-ser0001-cg0msb,ACTIVE,634.533,df5f0f2b-06ff-4f1b-8fa9-c5c8bb9fb000,Edge computing reduces latency by processing data closer,agx,35,12.0,ok,agx,1788504428.0129936,45.817,662.677,17
833.909,2,835.673,1788504429.0686214,4,b02-o17-agx-c4,,8,False,216.253,llama3.2:1b,etri-ser0001-cg0msb,ACTIVE,617.656,d8958f24-ff90-4d3d-911f-0b1365906b2d,Edge computing reduces latency by processing data closer,agx,35,12.0,ok,agx,1788504428.2329507,42.457,645.235,17
833.724,2,835.432,1788504429.2799268,4,b02-o17-agx-c4,,8,False,211.091,llama3.2:1b,etri-ser0001-cg0msb,ACTIVE,622.632,b311f8f7-2a50-45d4-b9e2-18ba91faa6b3,Edge computing reduces latency by processing data closer,agx,35,12.0,ok,agx,1788504428.4444966,44.24,652.69,17
839.366,2,841.395,1788504429.4907537,4,b02-o17-agx-c4,,8,False,210.624,llama3.2:1b,etri-ser0001-cg0msb,ACTIVE,628.741,014e28c1-2914-412f-90e4-d1513ca395a2,Edge computing reduces latency by processing data closer,agx,35,12.0,ok,agx,1788504428.649361,44.104,657.775,17
852.181,2,854.15,1788504429.7066462,4,b02-o17-agx-c4,,8,False,215.74,llama3.2:1b,etri-ser0001-cg0msb,ACTIVE,636.441,8d249917-632d-4656-bb40-eacde6b185ed,Edge computing reduces latency by processing data closer,agx,35,12.0,ok,agx,1788504428.8524988,42.9,665.496,17
842.696,2,845.054,1788504429.9137115,4,b02-o17-agx-c4,,8,False,206.953,llama3.2:1b,etri-ser0001-cg0msb,ACTIVE,635.742,822de198-0a88-4af0-bd58-5ec17a0741d0,Edge computing reduces latency by processing data closer,agx,35,12.0,ok,agx,1788504429.0686598,44.985,664.414,17
852.743,2,854.568,1788504430.1345177,4,b02-o17-agx-c4,,8,False,220.678,llama3.2:1b,etri-ser0001-cg0msb,ACTIVE,632.065,501d9dcc-edef-4661-ada8-dbf9faac080e,Edge computing reduces latency by processing data closer,agx,35,12.0,ok,agx,1788504429.2799525,42.003,661.993,17
860.524,2,862.629,1788504430.3534167,4,b02-o17-agx-c4,,8,False,218.813,llama3.2:1b,etri-ser0001-cg0msb,ACTIVE,641.711,b855f94d-d4a0-43fd-894d-ce1bfb077c98,Edge computing reduces latency by processing data closer,agx,35,12.0,ok,agx,1788504429.4907897,42.365,671.444,17
858.235,2,859.99,1788504430.5666711,4,b02-o17-agx-c4,,8,False,213.13,llama3.2:1b,etri-ser0001-cg0msb,ACTIVE,645.105,09fefcdf-b7b0-4cbe-b9e7-f338abfd1d79,Edge computing reduces latency by processing data closer,agx,35,12.0,ok,agx,1788504429.7066839,43.527,674.333,17
859.685,2,861.659,1788504430.775404,4,b02-o17-agx-c4,,8,False,208.654,llama3.2:1b,etri-ser0001-cg0msb,ACTIVE,651.031,40746725-6a1f-4bb1-9fa3-7e0cff5fed3a,Edge computing reduces latency by processing data closer,agx,35,12.0,ok,agx,1788504429.913748,44.729,680.615,17
842.11,2,844.676,1788504430.9792283,4,b02-o17-agx-c4,,8,False,203.662,llama3.2:1b,etri-ser0001-cg0msb,ACTIVE,638.448,4dd23489-6932-42f8-a244-f1823d878f11,Edge computing reduces latency by processing data closer,agx,35,12.0,ok,agx,1788504430.1345544,46.085,668.287,17
840.697,2,842.85,1788504431.1963012,4,b02-o17-agx-c4,,8,False,216.966,llama3.2:1b,etri-ser0001-cg0msb,ACTIVE,623.731,ff018330-5b9a-4c54-82fa-8f1a2fead443,Edge computing reduces latency by processing data closer,agx,35,12.0,ok,agx,1788504430.353454,42.574,652.495,17
853.073,2,855.004,1788504431.421708,4,b02-o17-agx-c4,,8,False,225.361,llama3.2:1b,etri-ser0001-cg0msb,ACTIVE,627.712,cb1e89f0-1434-419d-8345-76c72cecdd2f,Edge computing reduces latency by processing data closer,agx,35,12.0,ok,agx,1788504430.566707,40.731,656.127,17
855.019,2,856.978,1788504431.632416,4,b02-o17-agx-c4,,8,False,210.599,llama3.2:1b,etri-ser0001-cg0msb,ACTIVE,644.419,5b87c2da-76d5-432f-9002-ed3703e5177b,Edge computing reduces latency by processing data closer,agx,35,12.0,ok,agx,1788504430.775441,44.199,673.779,17
861.824,2,863.848,1788504431.8431194,4,b02-o17-agx-c4,,8,False,210.619,llama3.2:1b,etri-ser0001-cg0msb,ACTIVE,651.205,04cb8518-382f-43fb-afcc-ecf39e045030,Edge computing reduces latency by processing data closer,agx,35,12.0,ok,agx,1788504430.9792743,43.66,678.245,17
851.761,2,853.626,1788504432.049962,4,b02-o17-agx-c4,,8,False,206.894,llama3.2:1b,etri-ser0001-cg0msb,ACTIVE,644.867,3a790f43-d99f-4f31-a1d9-558425bdf416,Edge computing reduces latency by processing data closer,agx,35,12.0,ok,agx,1788504431.1963387,44.566,672.086,17
212.735,2,215.27,1788504435.3214638,2,b02-o18-agx-c2,,8,False,212.732,llama3.2:1b,etri-ser0001-cg0msb,ACTIVE,0.003,bbaccb09-f7e2-4940-83fd-f38ff68c63ad,Edge computing reduces latency by processing data closer,agx,36,12.0,ok,agx,1788504435.1061966,44.173,31.397,18
416.972,2,419.251,1788504435.5256484,2,b02-o18-agx-c2,,8,False,204.231,llama3.2:1b,etri-ser0001-cg0msb,ACTIVE,212.741,38e4f5aa-2cfe-463a-9fa1-b4271f88a9ba,Edge computing reduces latency by processing data closer,agx,36,12.0,ok,agx,1788504435.1063995,45.405,240.803,18
410.876,2,412.822,1788504435.7343206,2,b02-o18-agx-c2,,8,False,208.376,llama3.2:1b,etri-ser0001-cg0msb,ACTIVE,202.501,cfdf8de8-2193-4686-9c0d-b6c20748f26a,Edge computing reduces latency by processing data closer,agx,36,12.0,ok,agx,1788504435.321501,44.204,229.573,18
411.885,2,413.674,1788504435.939356,2,b02-o18-agx-c2,,8,False,205.016,llama3.2:1b,etri-ser0001-cg0msb,ACTIVE,206.868,303fe212-06c1-48c1-b01e-df9ec62ee68c,Edge computing reduces latency by processing data closer,agx,36,12.0,ok,agx,1788504435.5256836,45.422,235.501,18
420.677,2,422.565,1788504436.1569207,2,b02-o18-agx-c2,,8,False,217.389,llama3.2:1b,etri-ser0001-cg0msb,ACTIVE,203.288,474ce9df-4662-4d85-9b40-39c0f9e99ff7,Edge computing reduces latency by processing data closer,agx,36,12.0,ok,agx,1788504435.734358,42.346,231.962,18
420.659,2,422.545,1788504436.3619328,2,b02-o18-agx-c2,,8,False,204.855,llama3.2:1b,etri-ser0001-cg0msb,ACTIVE,215.804,dc8218f9-6a82-48a5-9dc8-c018806ad9fb,Edge computing reduces latency by processing data closer,agx,36,12.0,ok,agx,1788504435.9393902,45.495,244.593,18
405.873,2,407.605,1788504436.5645585,2,b02-o18-agx-c2,,8,False,202.744,llama3.2:1b,etri-ser0001-cg0msb,ACTIVE,203.129,edba9781-6852-4d19-a27e-a303492616f8,Edge computing reduces latency by processing data closer,agx,36,12.0,ok,agx,1788504436.1569562,45.926,231.357,18
407.304,2,409.346,1788504436.7713132,2,b02-o18-agx-c2,,8,False,206.395,llama3.2:1b,etri-ser0001-cg0msb,ACTIVE,200.908,039fc96c-81a6-45da-9b6e-c6ed84e9d980,Edge computing reduces latency by processing data closer,agx,36,12.0,ok,agx,1788504436.3619695,44.616,227.815,18
408.901,2,410.802,1788504436.975398,2,b02-o18-agx-c2,,8,False,203.986,llama3.2:1b,etri-ser0001-cg0msb,ACTIVE,204.914,50fd89d9-f1da-4760-914f-191b9fe1442f,Edge computing reduces latency by processing data closer,agx,36,12.0,ok,agx,1788504436.5645988,45.75,233.694,18
413.733,2,415.675,1788504437.1870236,2,b02-o18-agx-c2,,8,False,211.527,llama3.2:1b,etri-ser0001-cg0msb,ACTIVE,202.206,a9182d40-31a0-45eb-83cf-9101b0e134c8,Edge computing reduces latency by processing data closer,agx,36,12.0,ok,agx,1788504436.7713513,43.519,229.667,18
417.775,2,419.746,1788504437.395178,2,b02-o18-agx-c2,,8,False,208.059,llama3.2:1b,etri-ser0001-cg0msb,ACTIVE,209.716,06d3cf73-5545-4d22-a1e3-e8daadb4213a,Edge computing reduces latency by processing data closer,agx,36,12.0,ok,agx,1788504436.9754343,44.771,238.809,18
410.293,2,412.258,1788504437.5993156,2,b02-o18-agx-c2,,8,False,204.046,llama3.2:1b,etri-ser0001-cg0msb,ACTIVE,206.247,6a4a920d-4ade-4ed6-a894-776d6ded3cdb,Edge computing reduces latency by processing data closer,agx,36,12.0,ok,agx,1788504437.1870594,45.938,235.737,18
411.45,2,413.456,1788504437.8086677,2,b02-o18-agx-c2,,8,False,209.239,llama3.2:1b,etri-ser0001-cg0msb,ACTIVE,202.211,9cb96b67-a063-4e8a-a391-ed4cdfcc7e7a,Edge computing reduces latency by processing data closer,agx,36,12.0,ok,agx,1788504437.3952136,43.941,228.935,18
412.484,2,414.479,1788504438.0138283,2,b02-o18-agx-c2,,8,False,205.052,llama3.2:1b,etri-ser0001-cg0msb,ACTIVE,207.432,b889fe68-c958-47c7-846c-2474c39ca8b0,Edge computing reduces latency by processing data closer,agx,36,12.0,ok,agx,1788504437.5993514,45.348,235.875,18
407.821,2,409.625,1788504438.2183251,2,b02-o18-agx-c2,,8,False,204.422,llama3.2:1b,etri-ser0001-cg0msb,ACTIVE,203.399,c1b52382-def8-473a-bf21-a1778d16fa6a,Edge computing reduces latency by processing data closer,agx,36,12.0,ok,agx,1788504437.808702,45.75,232.884,18
405.284,2,407.233,1788504438.4210954,2,b02-o18-agx-c2,,8,False,202.639,llama3.2:1b,etri-ser0001-cg0msb,ACTIVE,202.645,0bc3b922-04f9-47f7-a74a-7071460b6a08,Edge computing reduces latency by processing data closer,agx,36,12.0,ok,agx,1788504438.013865,45.784,230.27,18
404.992,2,406.971,1788504438.6253273,2,b02-o18-agx-c2,,8,False,204.106,llama3.2:1b,etri-ser0001-cg0msb,ACTIVE,200.886,1d862957-75fb-4692-b2f7-2c31249c0a93,Edge computing reduces latency by processing data closer,agx,36,12.0,ok,agx,1788504438.2183588,45.602,229.301,18
404.843,2,406.762,1788504438.8278909,2,b02-o18-agx-c2,,8,False,202.509,llama3.2:1b,etri-ser0001-cg0msb,ACTIVE,202.334,94d7b649-8de3-4ba8-afee-621c657678ec,Edge computing reduces latency by processing data closer,agx,36,12.0,ok,agx,1788504438.421131,46.098,231.102,18
405.448,2,406.958,1788504439.0323212,2,b02-o18-agx-c2,,8,False,204.581,llama3.2:1b,etri-ser0001-cg0msb,ACTIVE,200.867,de87bd0b-5f1e-498a-ae3a-b1241277a02f,Edge computing reduces latency by processing data closer,agx,36,12.0,ok,agx,1788504438.6253643,45.114,227.904,18
414.6,2,416.558,1788504439.244483,2,b02-o18-agx-c2,,8,False,211.816,llama3.2:1b,etri-ser0001-cg0msb,ACTIVE,202.785,b8b2af19-f7e2-4988-92d7-dd230894062c,Edge computing reduces latency by processing data closer,agx,36,12.0,ok,agx,1788504438.8279276,44.004,232.508,18
412.819,2,414.344,1788504439.4466891,2,b02-o18-agx-c2,,8,False,202.091,llama3.2:1b,etri-ser0001-cg0msb,ACTIVE,210.729,51440a7c-3c4d-4f42-8956-53c27dcd115e,Edge computing reduces latency by processing data closer,agx,36,12.0,ok,agx,1788504439.0323472,45.818,237.711,18
402.818,2,404.732,1788504439.6492987,2,b02-o18-agx-c2,,8,False,202.649,llama3.2:1b,etri-ser0001-cg0msb,ACTIVE,200.169,60da09cb-45a7-49f0-9dec-cb37c1bdb81f,Edge computing reduces latency by processing data closer,agx,36,12.0,ok,agx,1788504439.2445679,45.715,227.571,18
414.692,2,416.559,1788504439.8632803,2,b02-o18-agx-c2,,8,False,213.677,llama3.2:1b,etri-ser0001-cg0msb,ACTIVE,201.015,1e868b37-3f9d-41cd-be05-6b0e6e22794d,Edge computing reduces latency by processing data closer,agx,36,12.0,ok,agx,1788504439.4467242,43.697,231.223,18
417.151,2,419.058,1788504440.0683796,2,b02-o18-agx-c2,,8,False,205.011,llama3.2:1b,etri-ser0001-cg0msb,ACTIVE,212.14,82f37bec-0b9e-4c1a-babe-a8ee1084058d,Edge computing reduces latency by processing data closer,agx,36,12.0,ok,agx,1788504439.6493237,45.087,239.44,18
408.275,2,410.21,1788504440.2735257,2,b02-o18-agx-c2,,8,False,205.091,llama3.2:1b,etri-ser0001-cg0msb,ACTIVE,203.184,c1a2eb9e-1c93-4803-8c8d-30d257759931,Edge computing reduces latency by processing data closer,agx,36,12.0,ok,agx,1788504439.8633182,45.473,232.051,18
404.12,2,406.25,1788504440.4746623,2,b02-o18-agx-c2,,8,False,201.004,llama3.2:1b,etri-ser0001-cg0msb,ACTIVE,203.115,4f404646-e9ed-480c-af8e-bb07b8563a93,Edge computing reduces latency by processing data closer,agx,36,12.0,ok,agx,1788504440.0684144,46.382,231.363,18
399.589,2,401.511,1788504440.675074,2,b02-o18-agx-c2,,8,False,200.354,llama3.2:1b,etri-ser0001-cg0msb,ACTIVE,199.236,7179cabe-ccbc-4c14-bf9a-89d48eaf7494,Edge computing reduces latency by processing data closer,agx,36,12.0,ok,agx,1788504440.2735653,46.349,226.528,18
400.837,2,402.612,1788504440.8773081,2,b02-o18-agx-c2,,8,False,202.088,llama3.2:1b,etri-ser0001-cg0msb,ACTIVE,198.749,c13feaca-5369-41b5-99c5-c078f1810a0b,Edge computing reduces latency by processing data closer,agx,36,12.0,ok,agx,1788504440.4746983,45.967,226.519,18
403.69,2,405.59,1788504441.0807,2,b02-o18-agx-c2,,8,False,203.299,llama3.2:1b,etri-ser0001-cg0msb,ACTIVE,200.391,e129d0ce-d1b1-40fb-bbcb-9d8221a56d8f,Edge computing reduces latency by processing data closer,agx,36,12.0,ok,agx,1788504440.675112,45.485,227.597,18
401.197,2,403.138,1788504441.2804785,2,b02-o18-agx-c2,,8,False,199.638,llama3.2:1b,etri-ser0001-cg0msb,ACTIVE,201.56,b5452f28-5361-40a2-bfca-9980ac3aeaaf,Edge computing reduces latency by processing data closer,agx,36,12.0,ok,agx,1788504440.8773427,46.502,228.745,18
405.137,2,407.096,1788504441.487829,2,b02-o18-agx-c2,,8,False,207.288,llama3.2:1b,etri-ser0001-cg0msb,ACTIVE,197.85,72d70b1a-0c88-4402-8115-46455460eb1d,Edge computing reduces latency by processing data closer,agx,36,12.0,ok,agx,1788504441.0807357,44.524,225.135,18
408.577,2,410.534,1788504441.6910484,2,b02-o18-agx-c2,,8,False,203.105,llama3.2:1b,etri-ser0001-cg0msb,ACTIVE,205.472,8ae85bae-ced5-4573-97f9-a2e20af870a7,Edge computing reduces latency by processing data closer,agx,36,12.0,ok,agx,1788504441.2805164,45.532,232.573,18
412.542,2,414.338,1788504441.9022021,2,b02-o18-agx-c2,,8,False,211.232,llama3.2:1b,etri-ser0001-cg0msb,ACTIVE,201.31,12bd03f9-c841-4454-9eaf-023e12436625,Edge computing reduces latency by processing data closer,agx,36,12.0,ok,agx,1788504441.4878664,44.401,232.189,18
426.79,2,428.547,1788504442.1196272,2,b02-o18-agx-c2,,8,False,217.055,llama3.2:1b,etri-ser0001-cg0msb,ACTIVE,209.734,c6134e10-a483-4f41-b1b0-eda67c95d59f,Edge computing reduces latency by processing data closer,agx,36,12.0,ok,agx,1788504441.6910832,42.689,239.148,18
429.503,2,431.513,1788504442.3337555,2,b02-o18-agx-c2,,8,False,214.01,llama3.2:1b,etri-ser0001-cg0msb,ACTIVE,215.493,e1bd643e-7e74-4f08-8a88-46ff5c400837,Edge computing reduces latency by processing data closer,agx,36,12.0,ok,agx,1788504441.902245,43.342,244.573,18
414.908,2,416.906,1788504442.5365703,2,b02-o18-agx-c2,,8,False,202.741,llama3.2:1b,etri-ser0001-cg0msb,ACTIVE,212.167,8734a6d9-8c8f-47f5-aea0-7eeb1a864cbc,Edge computing reduces latency by processing data closer,agx,36,12.0,ok,agx,1788504442.1196666,46.212,241.624,18
401.523,2,403.963,1788504442.7377574,2,b02-o18-agx-c2,,8,False,201.037,llama3.2:1b,etri-ser0001-cg0msb,ACTIVE,200.486,1745aa02-1dc5-44b3-9094-f0e0b3fbd5fd,Edge computing reduces latency by processing data closer,agx,36,12.0,ok,agx,1788504442.3337965,46.099,227.764,18
401.308,2,403.242,1788504442.9398458,2,b02-o18-agx-c2,,8,False,202.04,llama3.2:1b,etri-ser0001-cg0msb,ACTIVE,199.268,a7fecf8b-3bfd-4ac1-844e-a6c4ec297a13,Edge computing reduces latency by processing data closer,agx,36,12.0,ok,agx,1788504442.5366066,45.867,226.555,18
406.707,2,408.699,1788504443.1464899,2,b02-o18-agx-c2,,8,False,206.475,llama3.2:1b,etri-ser0001-cg0msb,ACTIVE,200.232,ee627da7-74c4-4101-a5cb-6f747cabc46b,Edge computing reduces latency by processing data closer,agx,36,12.0,ok,agx,1788504442.737793,44.647,227.328,18
414.508,2,416.529,1788504443.356408,2,b02-o18-agx-c2,,8,False,209.76,llama3.2:1b,etri-ser0001-cg0msb,ACTIVE,204.748,41eea655-bf28-4746-a92b-d36136a9acde,Edge computing reduces latency by processing data closer,agx,36,12.0,ok,agx,1788504442.9398813,44.202,233.33,18
429.669,2,431.608,1788504443.5781348,2,b02-o18-agx-c2,,8,False,221.69,llama3.2:1b,etri-ser0001-cg0msb,ACTIVE,207.978,2a640dbd-1285-4858-8170-2d14fa5f93f6,Edge computing reduces latency by processing data closer,agx,36,12.0,ok,agx,1788504443.1465297,41.723,237.654,18
437.775,2,439.498,1788504443.795941,2,b02-o18-agx-c2,,8,False,217.79,llama3.2:1b,etri-ser0001-cg0msb,ACTIVE,219.985,0403cf95-c610-4338-a953-58598ab1b56a,Edge computing reduces latency by processing data closer,agx,36,12.0,ok,agx,1788504443.356446,42.292,248.323,18
430.361,2,432.298,1788504444.010467,2,b02-o18-agx-c2,,8,False,214.36,llama3.2:1b,etri-ser0001-cg0msb,ACTIVE,216.001,498c6eb9-7c68-4805-aaf9-c16317a27529,Edge computing reduces latency by processing data closer,agx,36,12.0,ok,agx,1788504443.5781722,43.276,245.122,18
432.837,2,434.849,1788504444.230824,2,b02-o18-agx-c2,,8,False,220.191,llama3.2:1b,etri-ser0001-cg0msb,ACTIVE,212.645,1c699d4a-41a7-4ca5-8606-d4829043ce70,Edge computing reduces latency by processing data closer,agx,36,12.0,ok,agx,1788504443.795977,42.147,242.82,18
433.197,2,435.028,1788504444.4455304,2,b02-o18-agx-c2,,8,False,214.636,llama3.2:1b,etri-ser0001-cg0msb,ACTIVE,218.561,7383fbba-7582-4b6a-8cb8-3921471d5c6a,Edge computing reduces latency by processing data closer,agx,36,12.0,ok,agx,1788504444.0105047,43.197,247.664,18
424.506,2,426.371,1788504444.6572282,2,b02-o18-agx-c2,,8,False,211.667,llama3.2:1b,etri-ser0001-cg0msb,ACTIVE,212.839,c0d10f67-c188-4bd1-a25e-1448cf12caa6,Edge computing reduces latency by processing data closer,agx,36,12.0,ok,agx,1788504444.2308602,43.816,241.774,18
413.268,2,415.108,1788504444.8606799,2,b02-o18-agx-c2,,8,False,203.275,llama3.2:1b,etri-ser0001-cg0msb,ACTIVE,209.993,1c882074-acf4-4f1a-b0cc-7644a1002941,Edge computing reduces latency by processing data closer,agx,36,12.0,ok,agx,1788504444.4455743,45.816,238.418,18
414.464,2,416.353,1788504445.0736237,2,b02-o18-agx-c2,,8,False,212.914,llama3.2:1b,etri-ser0001-cg0msb,ACTIVE,201.55,38d13af1-1bcf-4fbe-a999-38096df670f6,Edge computing reduces latency by processing data closer,agx,36,12.0,ok,agx,1788504444.6572714,43.135,228.726,18
413.28,2,415.265,1788504445.2759807,2,b02-o18-agx-c2,,8,False,202.209,llama3.2:1b,etri-ser0001-cg0msb,ACTIVE,211.071,2d1443c4-2730-4c6f-90be-288930b720c8,Edge computing reduces latency by processing data closer,agx,36,12.0,ok,agx,1788504444.8607178,46.026,239.186,18
403.469,2,405.181,1788504445.4788263,2,b02-o18-agx-c2,,8,False,202.715,llama3.2:1b,etri-ser0001-cg0msb,ACTIVE,200.754,e38f756b-009a-496a-9f16-4a2056065838,Edge computing reduces latency by processing data closer,agx,36,12.0,ok,agx,1788504445.073648,45.643,227.914,18
424.398,2,426.288,1788504445.7023017,2,b02-o18-agx-c2,,8,False,223.443,llama3.2:1b,etri-ser0001-cg0msb,ACTIVE,200.955,abb346ee-3ab0-49ff-94f1-d8c6e1968a6e,Edge computing reduces latency by processing data closer,agx,36,12.0,ok,agx,1788504445.2760165,41.532,231.738,18
432.232,2,433.934,1788504445.9127944,2,b02-o18-agx-c2,,8,False,210.497,llama3.2:1b,etri-ser0001-cg0msb,ACTIVE,221.735,119ba2fa-a6c7-498a-b00c-79a386e24104,Edge computing reduces latency by processing data closer,agx,36,12.0,ok,agx,1788504445.4788625,44.048,250.312,18
424.211,2,425.765,1788504446.1281023,2,b02-o18-agx-c2,,8,False,215.128,llama3.2:1b,etri-ser0001-cg0msb,ACTIVE,209.082,f790aeaf-c99f-4ac5-9bdf-d70c77af0ba9,Edge computing reduces latency by processing data closer,agx,36,12.0,ok,agx,1788504445.7023394,43.207,238.742,18
420.096,2,422.332,1788504446.3351588,2,b02-o18-agx-c2,,8,False,206.929,llama3.2:1b,etri-ser0001-cg0msb,ACTIVE,213.166,feff6427-529a-4d05-920b-623467153c8f,Edge computing reduces latency by processing data closer,agx,36,12.0,ok,agx,1788504445.912829,44.686,240.697,18
409.366,2,411.318,1788504446.539453,2,b02-o18-agx-c2,,8,False,204.189,llama3.2:1b,etri-ser0001-cg0msb,ACTIVE,205.178,05106ca0-73f1-4cd4-aaef-a0d7ef7bad22,Edge computing reduces latency by processing data closer,agx,36,12.0,ok,agx,1788504446.128137,45.33,232.75,18
413.034,2,414.855,1788504446.7500467,2,b02-o18-agx-c2,,8,False,210.659,llama3.2:1b,etri-ser0001-cg0msb,ACTIVE,202.375,c96647cd-67f1-4333-b95b-61c0226c5769,Edge computing reduces latency by processing data closer,agx,36,12.0,ok,agx,1788504446.3351946,44.032,231.141,18
427.93,2,429.816,1788504446.9693024,2,b02-o18-agx-c2,,8,False,218.908,llama3.2:1b,etri-ser0001-cg0msb,ACTIVE,209.022,196546ee-d49b-40d6-b701-1893eaa1c975,Edge computing reduces latency by processing data closer,agx,36,12.0,ok,agx,1788504446.5394888,42.368,238.879,18
437.008,2,438.862,1788504447.1889486,2,b02-o18-agx-c2,,8,False,219.705,llama3.2:1b,etri-ser0001-cg0msb,ACTIVE,217.303,d8d64b55-a86d-4ca4-b761-8800b1f6cc8f,Edge computing reduces latency by processing data closer,agx,36,12.0,ok,agx,1788504446.7500885,42.036,246.416,18
434.754,2,436.37,1788504447.4057052,2,b02-o18-agx-c2,,8,False,216.69,llama3.2:1b,etri-ser0001-cg0msb,ACTIVE,218.064,db32b7d2-ba53-492e-8bfe-d9eb7636c442,Edge computing reduces latency by processing data closer,agx,36,12.0,ok,agx,1788504446.9693377,42.615,246.877,18
211.006,3,217.136,1788504450.6733336,2,b03-o01-spark-c2,,8,False,210.987,llama3.2:1b,etri-ser0002-cgnmsb,ACTIVE,0.019,0c31b7df-21e0-4799-bb9e-27d6be90f712,Edge computing reduces latency by processing data closer,spark,37,12.0,ok,spark,1788504450.4561994,45.535,33.991,1
418.289,3,424.555,1788504450.8815665,2,b03-o01-spark-c2,,8,False,207.832,llama3.2:1b,etri-ser0002-cgnmsb,ACTIVE,210.457,a4ad4839-1d7f-4c4e-9788-a52b81c3de67,Edge computing reduces latency by processing data closer,spark,37,12.0,ok,spark,1788504450.4570327,45.723,242.954,1
408.474,3,412.654,1788504451.0860333,2,b03-o01-spark-c2,,8,False,204.302,llama3.2:1b,etri-ser0002-cgnmsb,ACTIVE,204.171,d874a28b-ffbb-4857-a14a-a9a68efeab54,Edge computing reduces latency by processing data closer,spark,37,12.0,ok,spark,1788504450.6733813,45.663,232.933,1
409.024,3,412.805,1788504451.2944353,2,b03-o01-spark-c2,,8,False,207.193,llama3.2:1b,etri-ser0002-cgnmsb,ACTIVE,201.831,3385efcc-1ac3-492e-ad94-51e6755484e3,Edge computing reduces latency by processing data closer,spark,37,12.0,ok,spark,1788504450.8816333,45.442,231.11,1
415.86,3,418.695,1788504451.5047824,2,b03-o01-spark-c2,,8,False,211.087,llama3.2:1b,etri-ser0002-cgnmsb,ACTIVE,204.772,9a41852d-aae6-4548-bc81-e4c37c8a2609,Edge computing reduces latency by processing data closer,spark,37,12.0,ok,spark,1788504451.0860884,45.587,238.22,1
416.977,3,423.388,1788504451.7178895,2,b03-o01-spark-c2,,8,False,211.954,llama3.2:1b,etri-ser0002-cgnmsb,ACTIVE,205.023,2156bbb6-489f-4e08-90db-4924e8442734,Edge computing reduces latency by processing data closer,spark,37,12.0,ok,spark,1788504451.2945063,44.97,238.123,1
413.876,3,418.237,1788504451.9230444,2,b03-o01-spark-c2,,8,False,205.053,llama3.2:1b,etri-ser0002-cgnmsb,ACTIVE,208.823,42f5311a-2079-4e54-a7ac-7e869601973b,Edge computing reduces latency by processing data closer,spark,37,12.0,ok,spark,1788504451.504811,45.984,240.308,1
401.563,3,407.969,1788504452.125977,2,b03-o01-spark-c2,,8,False,202.494,llama3.2:1b,etri-ser0002-cgnmsb,ACTIVE,199.069,7281998b-bd04-4808-be97-cc4e3f71ba25,Edge computing reduces latency by processing data closer,spark,37,12.0,ok,spark,1788504451.7180114,46.398,226.635,1
407.312,3,409.453,1788504452.3325863,2,b03-o01-spark-c2,,8,False,206.9,llama3.2:1b,etri-ser0002-cgnmsb,ACTIVE,200.412,4092c096-ca12-44b5-a956-ad908e08f03d,Edge computing reduces latency by processing data closer,spark,37,12.0,ok,spark,1788504451.9231336,46.009,233.891,1
405.136,3,411.446,1788504452.5375106,2,b03-o01-spark-c2,,8,False,203.912,llama3.2:1b,etri-ser0002-cgnmsb,ACTIVE,201.224,9f5662b0-919b-4d79-af8a-fa0623d9f271,Edge computing reduces latency by processing data closer,spark,37,12.0,ok,spark,1788504452.1260679,46.167,229.238,1
408.822,3,411.248,1788504452.7438715,2,b03-o01-spark-c2,,8,False,206.267,llama3.2:1b,etri-ser0002-cgnmsb,ACTIVE,202.556,5a569601-1910-4c2a-944b-ccac40a5b94c,Edge computing reduces latency by processing data closer,spark,37,12.0,ok,spark,1788504452.3326278,46.279,236.581,1
405.77,3,411.233,1788504452.9488275,2,b03-o01-spark-c2,,8,False,204.853,llama3.2:1b,etri-ser0002-cgnmsb,ACTIVE,200.917,cff9fcea-f5f7-436c-98b1-8e46959b5f6a,Edge computing reduces latency by processing data closer,spark,37,12.0,ok,spark,1788504452.5375981,45.99,229.681,1
410.313,3,413.576,1788504453.1575348,2,b03-o01-spark-c2,,8,False,208.251,llama3.2:1b,etri-ser0002-cgnmsb,ACTIVE,202.062,608591a4-2833-43ed-8234-98dc9c5a8cc8,Edge computing reduces latency by processing data closer,spark,37,12.0,ok,spark,1788504452.7439601,46.179,234.358,1
409.521,3,415.977,1788504453.3648887,2,b03-o01-spark-c2,,8,False,206.675,llama3.2:1b,etri-ser0002-cgnmsb,ACTIVE,202.845,3b715e8f-7945-4f46-afd1-3229236bfab5,Edge computing reduces latency by processing data closer,spark,37,12.0,ok,spark,1788504452.9489145,46.08,234.765,1
405.235,3,411.249,1788504453.5688329,2,b03-o01-spark-c2,,8,False,203.922,llama3.2:1b,etri-ser0002-cgnmsb,ACTIVE,201.313,eb92722d-2f68-4e2b-886f-eb226137f885,Edge computing reduces latency by processing data closer,spark,37,12.0,ok,spark,1788504453.1575887,46.085,230.963,1
404.043,3,409.783,1788504453.774761,2,b03-o01-spark-c2,,8,False,206.167,llama3.2:1b,etri-ser0002-cgnmsb,ACTIVE,197.876,4053d34d-a4bd-4e8a-8362-7fc45ff58a63,Edge computing reduces latency by processing data closer,spark,37,12.0,ok,spark,1788504453.3649783,45.848,228.777,1
407.74,3,411.757,1788504453.9806767,2,b03-o01-spark-c2,,8,False,205.299,llama3.2:1b,etri-ser0002-cgnmsb,ACTIVE,202.441,bc2a6c28-89bb-43ed-959e-0706da848208,Edge computing reduces latency by processing data closer,spark,37,12.0,ok,spark,1788504453.5689209,45.964,232.281,1
407.783,3,412.168,1788504454.186952,2,b03-o01-spark-c2,,8,False,205.747,llama3.2:1b,etri-ser0002-cgnmsb,ACTIVE,202.036,9c312a0b-38a7-4677-a1df-ebc7ad4cb79a,Edge computing reduces latency by processing data closer,spark,37,12.0,ok,spark,1788504453.7747853,46.189,232.976,1
410.321,3,414.797,1788504454.3954966,2,b03-o01-spark-c2,,8,False,207.538,llama3.2:1b,etri-ser0002-cgnmsb,ACTIVE,202.783,3c08569d-391a-49f9-a89f-3263fea6061f,Edge computing reduces latency by processing data closer,spark,37,12.0,ok,spark,1788504453.980703,45.795,235.168,1
408.822,3,413.598,1788504454.6005695,2,b03-o01-spark-c2,,8,False,204.699,llama3.2:1b,etri-ser0002-cgnmsb,ACTIVE,204.122,a0f9c580-3f0a-4959-a131-f5ba73b79a07,Edge computing reduces latency by processing data closer,spark,37,12.0,ok,spark,1788504454.186976,46.153,233.199,1
412.079,3,415.365,1788504454.8109493,2,b03-o01-spark-c2,,8,False,210.011,llama3.2:1b,etri-ser0002-cgnmsb,ACTIVE,202.068,dca11082-7306-4d4e-80e2-7706dcb6158c,Edge computing reduces latency by processing data closer,spark,37,12.0,ok,spark,1788504454.395586,45.793,235.564,1
412.378,3,416.951,1788504455.0176086,2,b03-o01-spark-c2,,8,False,206.19,llama3.2:1b,etri-ser0002-cgnmsb,ACTIVE,206.188,197b91cc-6e9f-4eca-9888-587e37d82f3d,Edge computing reduces latency by processing data closer,spark,37,12.0,ok,spark,1788504454.6006608,46.066,236.214,1
410.603,3,414.387,1788504455.225424,2,b03-o01-spark-c2,,8,False,208.348,llama3.2:1b,etri-ser0002-cgnmsb,ACTIVE,202.255,fa1b6a09-92b4-4abd-95ba-a48fcbb4efe0,Edge computing reduces latency by processing data closer,spark,37,12.0,ok,spark,1788504454.8110383,45.594,234.638,1
408.023,3,412.902,1788504455.430595,2,b03-o01-spark-c2,,8,False,204.223,llama3.2:1b,etri-ser0002-cgnmsb,ACTIVE,203.8,9a876375-63df-48c6-bbb8-a82169726f49,Edge computing reduces latency by processing data closer,spark,37,12.0,ok,spark,1788504455.0176966,45.8,232.14,1
409.595,3,412.512,1788504455.6379564,2,b03-o01-spark-c2,,8,False,206.346,llama3.2:1b,etri-ser0002-cgnmsb,ACTIVE,203.249,2952c407-32b1-4ba9-8e99-6d53e5ee8b73,Edge computing reduces latency by processing data closer,spark,37,12.0,ok,spark,1788504455.2254481,46.063,233.278,1
409.234,3,414.547,1788504455.84523,2,b03-o01-spark-c2,,8,False,207.329,llama3.2:1b,etri-ser0002-cgnmsb,ACTIVE,201.906,f3820013-3fde-40fc-a9fb-bf6b9afad0d5,Edge computing reduces latency by processing data closer,spark,37,12.0,ok,spark,1788504455.4306858,45.955,232.567,1
408.599,3,412.685,1788504456.0507293,2,b03-o01-spark-c2,,8,False,205.789,llama3.2:1b,etri-ser0002-cgnmsb,ACTIVE,202.81,fb793c88-c489-4146-9cb0-2539b4591aec,Edge computing reduces latency by processing data closer,spark,37,12.0,ok,spark,1788504455.638048,46.205,233.589,1
405.244,3,410.484,1788504456.2558308,2,b03-o01-spark-c2,,8,False,204.456,llama3.2:1b,etri-ser0002-cgnmsb,ACTIVE,200.788,7ce39190-1b0d-4661-917f-556e4a3603a4,Edge computing reduces latency by processing data closer,spark,37,12.0,ok,spark,1788504455.8453496,46.073,230.761,1
404.15,3,410.41,1788504456.4612272,2,b03-o01-spark-c2,,8,False,205.568,llama3.2:1b,etri-ser0002-cgnmsb,ACTIVE,198.581,84c1ad11-778a-4b9e-9b47-c95bc0f85c0e,Edge computing reduces latency by processing data closer,spark,37,12.0,ok,spark,1788504456.0508213,46.026,228.504,1
410.069,3,413.392,1788504456.6692996,2,b03-o01-spark-c2,,8,False,208.115,llama3.2:1b,etri-ser0002-cgnmsb,ACTIVE,201.954,f86de21d-9a80-41bd-8870-29bb8fcb9f4e,Edge computing reduces latency by processing data closer,spark,37,12.0,ok,spark,1788504456.2559104,46.183,234.847,1
410.0,3,415.996,1788504456.877327,2,b03-o01-spark-c2,,8,False,207.251,llama3.2:1b,etri-ser0002-cgnmsb,ACTIVE,202.749,5ba64f1e-a80a-4f3f-81e3-cf8369039105,Edge computing reduces latency by processing data closer,spark,37,12.0,ok,spark,1788504456.4613352,45.862,234.208,1
407.948,3,413.136,1788504457.0824964,2,b03-o01-spark-c2,,8,False,205.562,llama3.2:1b,etri-ser0002-cgnmsb,ACTIVE,202.386,c8dd65d6-db53-4a1e-be8d-d684616c5923,Edge computing reduces latency by processing data closer,spark,37,12.0,ok,spark,1788504456.6693616,45.667,232.283,1
406.614,3,410.693,1788504457.2881157,2,b03-o01-spark-c2,,8,False,205.203,llama3.2:1b,etri-ser0002-cgnmsb,ACTIVE,201.41,20cacd3f-bbf5-4276-b28c-b29da8eab3c2,Edge computing reduces latency by processing data closer,spark,37,12.0,ok,spark,1788504456.8774238,45.697,229.199,1
413.823,3,416.011,1788504457.4985304,2,b03-o01-spark-c2,,8,False,209.792,llama3.2:1b,etri-ser0002-cgnmsb,ACTIVE,204.031,9d7678c2-206c-43f8-9257-7cc5dbe41e28,Edge computing reduces latency by processing data closer,spark,37,12.0,ok,spark,1788504457.0825207,45.52,237.677,1
410.725,3,416.384,1788504457.7045367,2,b03-o01-spark-c2,,8,False,205.81,llama3.2:1b,etri-ser0002-cgnmsb,ACTIVE,204.915,61753f66-bbc9-41b7-a74a-de7d24eb021c,Edge computing reduces latency by processing data closer,spark,37,12.0,ok,spark,1788504457.2881567,45.41,233.676,1
411.863,3,414.204,1788504457.912768,2,b03-o01-spark-c2,,8,False,208.106,llama3.2:1b,etri-ser0002-cgnmsb,ACTIVE,203.758,88f603fc-16e9-4c89-81e1-686888c21e9c,Edge computing reduces latency by processing data closer,spark,37,12.0,ok,spark,1788504457.4985673,45.915,237.235,1
410.738,3,415.796,1788504458.1204188,2,b03-o01-spark-c2,,8,False,206.87,llama3.2:1b,etri-ser0002-cgnmsb,ACTIVE,203.868,368c0d72-4c4a-4861-a111-34a1e2517c23,Edge computing reduces latency by processing data closer,spark,37,12.0,ok,spark,1788504457.7046273,45.824,235.283,1
406.482,3,412.202,1788504458.3250492,2,b03-o01-spark-c2,,8,False,204.665,llama3.2:1b,etri-ser0002-cgnmsb,ACTIVE,201.816,d8ed03d3-6466-49e3-977d-7281bf089f73,Edge computing reduces latency by processing data closer,spark,37,12.0,ok,spark,1788504457.9128501,46.168,232.411,1
407.256,3,411.057,1788504458.5315585,2,b03-o01-spark-c2,,8,False,206.463,llama3.2:1b,etri-ser0002-cgnmsb,ACTIVE,200.793,17a64ffe-709e-4fda-8f3f-af4deb91f25c,Edge computing reduces latency by processing data closer,spark,37,12.0,ok,spark,1788504458.1205032,45.91,231.813,1
404.829,3,411.329,1788504458.7364547,2,b03-o01-spark-c2,,8,False,204.461,llama3.2:1b,etri-ser0002-cgnmsb,ACTIVE,200.368,9666c713-5c68-4249-96d8-636c2367b41a,Edge computing reduces latency by processing data closer,spark,37,12.0,ok,spark,1788504458.3251271,46.206,230.043,1
407.042,3,412.558,1788504458.944166,2,b03-o01-spark-c2,,8,False,207.679,llama3.2:1b,etri-ser0002-cgnmsb,ACTIVE,199.363,83a9ebe8-cb50-40a5-9b12-e2c4bb7ff5a9,Edge computing reduces latency by processing data closer,spark,37,12.0,ok,spark,1788504458.5316112,45.671,230.306,1
410.453,3,415.397,1788504459.1518817,2,b03-o01-spark-c2,,8,False,207.369,llama3.2:1b,etri-ser0002-cgnmsb,ACTIVE,203.084,57ce6e64-bcce-45b4-ad7f-8e80d557e899,Edge computing reduces latency by processing data closer,spark,37,12.0,ok,spark,1788504458.736488,45.891,235.661,1
406.031,3,411.633,1788504459.355924,2,b03-o01-spark-c2,,8,False,203.839,llama3.2:1b,etri-ser0002-cgnmsb,ACTIVE,202.192,903fd33c-63bc-4fde-b186-0d732816cbab,Edge computing reduces latency by processing data closer,spark,37,12.0,ok,spark,1788504458.944292,45.998,230.426,1
411.125,3,414.656,1788504459.566617,2,b03-o01-spark-c2,,8,False,209.51,llama3.2:1b,etri-ser0002-cgnmsb,ACTIVE,201.615,ea84c01e-2624-4833-a85e-8e1d58a0e74f,Edge computing reduces latency by processing data closer,spark,37,12.0,ok,spark,1788504459.1519644,46.02,234.395,1
413.127,3,418.485,1788504459.774452,2,b03-o01-spark-c2,,8,False,208.449,llama3.2:1b,etri-ser0002-cgnmsb,ACTIVE,204.679,1cca2ec7-e936-48d7-ba25-c3df8e9296d4,Edge computing reduces latency by processing data closer,spark,37,12.0,ok,spark,1788504459.3559682,45.918,236.416,1
414.699,3,420.103,1788504459.9868443,2,b03-o01-spark-c2,,8,False,211.766,llama3.2:1b,etri-ser0002-cgnmsb,ACTIVE,202.933,07a51236-124c-4717-aaff-38c4165a1da0,Edge computing reduces latency by processing data closer,spark,37,12.0,ok,spark,1788504459.5667417,45.804,238.064,1
419.584,3,425.001,1788504460.199477,2,b03-o01-spark-c2,,8,False,211.746,llama3.2:1b,etri-ser0002-cgnmsb,ACTIVE,207.837,dffe1b14-5952-4f2f-9b06-925751e817b4,Edge computing reduces latency by processing data closer,spark,37,12.0,ok,spark,1788504459.774477,45.701,241.822,1
413.674,3,420.404,1788504460.4072773,2,b03-o01-spark-c2,,8,False,206.641,llama3.2:1b,etri-ser0002-cgnmsb,ACTIVE,207.033,0ac8e240-f16c-40f9-bbd0-a526d28783ba,Edge computing reduces latency by processing data closer,spark,37,12.0,ok,spark,1788504459.986874,46.377,239.132,1
411.304,3,417.089,1788504460.6165903,2,b03-o01-spark-c2,,8,False,209.626,llama3.2:1b,etri-ser0002-cgnmsb,ACTIVE,201.679,d8f6b8f5-9003-4247-be94-42e4acba44f2,Edge computing reduces latency by processing data closer,spark,37,12.0,ok,spark,1788504460.1995032,45.974,235.223,1
413.651,3,419.071,1788504460.8263683,2,b03-o01-spark-c2,,8,False,208.921,llama3.2:1b,etri-ser0002-cgnmsb,ACTIVE,204.731,49435427-1a42-485c-9dd6-ed7535f21097,Edge computing reduces latency by processing data closer,spark,37,12.0,ok,spark,1788504460.4073012,45.766,238.701,1
408.366,3,414.617,1788504461.0312245,2,b03-o01-spark-c2,,8,False,203.751,llama3.2:1b,etri-ser0002-cgnmsb,ACTIVE,204.615,482690dc-1281-4753-8e09-d993af36e977,Edge computing reduces latency by processing data closer,spark,37,12.0,ok,spark,1788504460.6166143,46.177,232.709,1
409.633,3,412.547,1788504461.2389977,2,b03-o01-spark-c2,,8,False,208.307,llama3.2:1b,etri-ser0002-cgnmsb,ACTIVE,201.327,70005d18-c409-4e35-b606-c8c860acf5df,Edge computing reduces latency by processing data closer,spark,37,12.0,ok,spark,1788504460.8264549,45.738,231.927,1
415.158,3,420.086,1788504461.4514542,2,b03-o01-spark-c2,,8,False,212.511,llama3.2:1b,etri-ser0002-cgnmsb,ACTIVE,202.648,6a6177d1-2690-41be-b627-dadce13bbf4f,Edge computing reduces latency by processing data closer,spark,37,12.0,ok,spark,1788504461.03137,44.704,236.496,1
412.085,3,418.232,1788504461.6573174,2,b03-o01-spark-c2,,8,False,204.941,llama3.2:1b,etri-ser0002-cgnmsb,ACTIVE,207.144,0320008d-3b7c-40a6-8a8f-effb6be47931,Edge computing reduces latency by processing data closer,spark,37,12.0,ok,spark,1788504461.2390864,45.882,235.237,1
413.251,3,415.958,1788504461.8674455,2,b03-o01-spark-c2,,8,False,210.112,llama3.2:1b,etri-ser0002-cgnmsb,ACTIVE,203.139,38665604-24b6-4bc6-bc7d-b6a5235d971b,Edge computing reduces latency by processing data closer,spark,37,12.0,ok,spark,1788504461.4514904,45.794,237.051,1
412.512,3,418.511,1788504462.0758603,2,b03-o01-spark-c2,,8,False,207.527,llama3.2:1b,etri-ser0002-cgnmsb,ACTIVE,204.985,a44af2e2-5cab-494c-884f-3b8b713bcd4f,Edge computing reduces latency by processing data closer,spark,37,12.0,ok,spark,1788504461.657351,46.186,237.029,1
411.413,3,416.439,1788504462.2839355,2,b03-o01-spark-c2,,8,False,207.998,llama3.2:1b,etri-ser0002-cgnmsb,ACTIVE,203.415,6a048180-0b95-4b40-ab9c-754fbfe25314,Edge computing reduces latency by processing data closer,spark,37,12.0,ok,spark,1788504461.8675003,46.078,235.5,1
411.263,3,416.979,1788504462.4928727,2,b03-o01-spark-c2,,8,False,208.252,llama3.2:1b,etri-ser0002-cgnmsb,ACTIVE,203.01,aef2560f-026d-4ecb-ad50-248612ce8653,Edge computing reduces latency by processing data closer,spark,37,12.0,ok,spark,1788504462.0758953,46.36,235.651,1
410.118,3,415.116,1788504462.6991231,2,b03-o01-spark-c2,,8,False,206.607,llama3.2:1b,etri-ser0002-cgnmsb,ACTIVE,203.511,cb49837c-2c44-4f44-bd27-ebdd94336462,Edge computing reduces latency by processing data closer,spark,37,12.0,ok,spark,1788504462.2840083,46.063,236.863,1
214.934,3,219.491,1788504465.9686885,16,b03-o02-agx-c16,,8,False,214.932,llama3.2:1b,etri-ser0001-cg0msb,ACTIVE,0.003,101fff10-396c-49ab-8dca-b7821af6df6f,Edge computing reduces latency by processing data closer,agx,38,12.0,ok,agx,1788504465.7491999,43.458,30.51,2
433.785,3,438.32,1788504466.1878908,16,b03-o02-agx-c16,,8,False,219.052,llama3.2:1b,etri-ser0001-cg0msb,ACTIVE,214.732,12ea04f0-60d6-426c-a1cc-c0b43c2113aa,Edge computing reduces latency by processing data closer,agx,38,12.0,ok,agx,1788504465.7495732,42.35,244.659,2
643.187,3,649.4,1788504466.398815,16,b03-o02-agx-c16,,8,False,210.792,llama3.2:1b,etri-ser0001-cg0msb,ACTIVE,432.395,58690c64-add5-4407-9a85-edaba1402230,Edge computing reduces latency by processing data closer,agx,38,12.0,ok,agx,1788504465.7494166,44.029,461.137,2
851.302,3,856.838,1788504466.6068947,16,b03-o02-agx-c16,,8,False,208.055,llama3.2:1b,etri-ser0001-cg0msb,ACTIVE,643.247,39106608-b55b-4655-91b0-988bf35ed471,Edge computing reduces latency by processing data closer,agx,38,12.0,ok,agx,1788504465.7500587,44.782,672.425,2
1059.311,3,1065.771,1788504466.8155477,16,b03-o02-agx-c16,,8,False,208.547,llama3.2:1b,etri-ser0001-cg0msb,ACTIVE,850.764,01cb007b-8796-4c9c-bf67-2542fc37e8b9,Edge computing reduces latency by processing data closer,agx,38,12.0,ok,agx,1788504465.74978,44.304,878.576,2
1266.713,3,1272.98,1788504467.0232794,16,b03-o02-agx-c16,,8,False,207.594,llama3.2:1b,etri-ser0001-cg0msb,ACTIVE,1059.119,aee80c9a-8f3a-4504-8bfe-d5af849b17ad,Edge computing reduces latency by processing data closer,agx,38,12.0,ok,agx,1788504465.7503011,44.707,1087.619,2
1473.875,3,1479.917,1788504467.2304463,16,b03-o02-agx-c16,,8,False,207.135,llama3.2:1b,etri-ser0001-cg0msb,ACTIVE,1266.74,b1ce26be-d877-4733-8691-817936f80fd9,Edge computing reduces latency by processing data closer,agx,38,12.0,ok,agx,1788504465.7505314,45.36,1297.126,2
1672.321,3,1679.885,1788504467.4306839,16,b03-o02-agx-c16,,8,False,200.039,llama3.2:1b,etri-ser0001-cg0msb,ACTIVE,1472.281,86b24a9f-338b-4c17-84e5-d791e1a2e9df,Edge computing reduces latency by processing data closer,agx,38,12.0,ok,agx,1788504465.7508013,46.281,1499.155,2
1879.356,3,1887.099,1788504467.6385112,16,b03-o02-agx-c16,,8,False,207.961,llama3.2:1b,etri-ser0001-cg0msb,ACTIVE,1671.395,bbf93102-f5e0-4575-99ba-f54acab36ce7,Edge computing reduces latency by processing data closer,agx,38,12.0,ok,agx,1788504465.751413,44.289,1698.576,2
2091.103,3,2099.393,1788504467.8510246,16,b03-o02-agx-c16,,8,False,212.267,llama3.2:1b,etri-ser0001-cg0msb,ACTIVE,1878.836,c4ba7aa4-f516-4046-9a5f-4b7965ab607f,Edge computing reduces latency by processing data closer,agx,38,12.0,ok,agx,1788504465.7516341,43.684,1907.704,2
2309.02,3,2317.193,1788504468.0690556,16,b03-o02-agx-c16,,8,False,217.987,llama3.2:1b,etri-ser0001-cg0msb,ACTIVE,2091.033,3531f8a8-9876-4543-885a-727c93126bf9,Edge computing reduces latency by processing data closer,agx,38,12.0,ok,agx,1788504465.7518632,42.303,2119.673,2
2513.964,3,2522.952,1788504468.2741356,16,b03-o02-agx-c16,,8,False,204.891,llama3.2:1b,etri-ser0001-cg0msb,ACTIVE,2309.074,f53fa29d-b68f-4cd6-ae2c-27dee460c235,Edge computing reduces latency by processing data closer,agx,38,12.0,ok,agx,1788504465.7511857,45.554,2338.21,2
2715.217,3,2723.215,1788504468.4756927,16,b03-o02-agx-c16,,8,False,201.582,llama3.2:1b,etri-ser0001-cg0msb,ACTIVE,2513.635,ae6f37e6-42a7-4da9-a2af-0d74b0dcfd00,Edge computing reduces latency by processing data closer,agx,38,12.0,ok,agx,1788504465.7524784,46.083,2541.326,2
2921.517,3,2930.079,1788504468.6821256,16,b03-o02-agx-c16,,8,False,206.227,llama3.2:1b,etri-ser0001-cg0msb,ACTIVE,2715.29,df2694a7-1956-46e9-85e8-311340462c0a,Edge computing reduces latency by processing data closer,agx,38,12.0,ok,agx,1788504465.752049,44.938,2743.385,2
3123.683,3,3132.135,1788504468.8844273,16,b03-o02-agx-c16,,8,False,202.176,llama3.2:1b,etri-ser0001-cg0msb,ACTIVE,2921.507,55e410e5-9af2-42cf-9cd0-a15e1c5ee42e,Edge computing reduces latency by processing data closer,agx,38,12.0,ok,agx,1788504465.752295,45.743,2948.497,2
3136.777,3,3138.317,1788504469.1070383,16,b03-o02-agx-c16,,8,False,222.667,llama3.2:1b,etri-ser0001-cg0msb,ACTIVE,2914.11,a52768f9-5c76-46ef-b5fa-9c3e5c5490ef,Edge computing reduces latency by processing data closer,agx,38,12.0,ok,agx,1788504465.9687233,41.256,2942.777,2
3131.263,3,3133.445,1788504469.3213694,16,b03-o02-agx-c16,,8,False,213.982,llama3.2:1b,etri-ser0001-cg0msb,ACTIVE,2917.281,25b8b590-933c-49d3-ab41-728148ec47a0,Edge computing reduces latency by processing data closer,agx,38,12.0,ok,agx,1788504466.187926,43.125,2945.513,2
3131.024,3,3132.948,1788504469.5317967,16,b03-o02-agx-c16,,8,False,210.339,llama3.2:1b,etri-ser0001-cg0msb,ACTIVE,2920.685,847b8089-da40-4472-9fc5-dc3c1a376f9c,Edge computing reduces latency by processing data closer,agx,38,12.0,ok,agx,1788504466.3988512,43.963,2948.857,2
3143.29,3,3145.327,1788504469.7522542,16,b03-o02-agx-c16,,8,False,220.346,llama3.2:1b,etri-ser0001-cg0msb,ACTIVE,2922.945,e907b38b-a0a5-413e-8340-662c3e3331a3,Edge computing reduces latency by processing data closer,agx,38,12.0,ok,agx,1788504466.60693,41.805,2951.678,2
3145.346,3,4206.828,1788504469.9594939,16,b03-o02-agx-c16,,8,False,207.092,llama3.2:1b,etri-ser0001-cg0msb,ACTIVE,2938.255,392a0f01-06af-4409-b53a-a5ea04c02fbd,Edge computing reduces latency by processing data closer,agx,38,12.0,ok,agx,1788504465.752668,45.07,2967.559,2
3352.758,3,3354.689,1788504470.1702743,16,b03-o02-agx-c16,,8,False,210.695,llama3.2:1b,etri-ser0001-cg0msb,ACTIVE,3142.063,785c4616-6004-44df-8a92-140a27215ca4,Edge computing reduces latency by processing data closer,agx,38,12.0,ok,agx,1788504466.8155878,43.735,3169.628,2
3348.605,3,3350.569,1788504470.3738809,16,b03-o02-agx-c16,,8,False,203.579,llama3.2:1b,etri-ser0001-cg0msb,ACTIVE,3145.027,6c840fba-1e05-4867-8fef-2570fda4783c,Edge computing reduces latency by processing data closer,agx,38,12.0,ok,agx,1788504467.0233142,46.27,3175.458,2
3344.106,3,3346.08,1788504470.5765605,16,b03-o02-agx-c16,,8,False,202.505,llama3.2:1b,etri-ser0001-cg0msb,ACTIVE,3141.601,098ec546-7e8c-45cc-870e-6c1df4a28745,Edge computing reduces latency by processing data closer,agx,38,12.0,ok,agx,1788504467.230483,45.819,3169.264,2
3348.933,3,3350.935,1788504470.7816546,16,b03-o02-agx-c16,,8,False,205.01,llama3.2:1b,etri-ser0001-cg0msb,ACTIVE,3143.923,82a0ca61-c8bb-4c34-96ca-483f3b20cb1f,Edge computing reduces latency by processing data closer,agx,38,12.0,ok,agx,1788504467.4307218,45.067,3171.278,2
3345.259,3,3346.897,1788504470.9854317,16,b03-o02-agx-c16,,8,False,203.615,llama3.2:1b,etri-ser0001-cg0msb,ACTIVE,3141.645,c51eb2e3-f79c-4634-bf30-148165194c80,Edge computing reduces latency by processing data closer,agx,38,12.0,ok,agx,1788504467.6385374,45.805,3170.338,2
3347.639,3,3349.401,1788504471.2004592,16,b03-o02-agx-c16,,8,False,214.997,llama3.2:1b,etri-ser0001-cg0msb,ACTIVE,3132.642,359d142d-5739-4247-9e98-e2847d94637d,Edge computing reduces latency by processing data closer,agx,38,12.0,ok,agx,1788504467.8510613,42.999,3161.427,2
3335.15,3,3336.722,1788504471.4058068,16,b03-o02-agx-c16,,8,False,205.219,llama3.2:1b,etri-ser0001-cg0msb,ACTIVE,3129.932,83c1ebcd-6f95-4889-8875-8f9e8de2a7ca,Edge computing reduces latency by processing data closer,agx,38,12.0,ok,agx,1788504468.0690868,45.233,3158.089,2
3338.035,3,3339.974,1788504471.6141417,16,b03-o02-agx-c16,,8,False,208.237,llama3.2:1b,etri-ser0001-cg0msb,ACTIVE,3129.798,5547f28a-8279-488c-a283-3dc146edce37,Edge computing reduces latency by processing data closer,agx,38,12.0,ok,agx,1788504468.2741697,44.432,3157.746,2
3352.736,3,3354.58,1788504471.830299,16,b03-o02-agx-c16,,8,False,216.035,llama3.2:1b,etri-ser0001-cg0msb,ACTIVE,3136.701,08468513-b7fd-449a-9685-91ce8a71278f,Edge computing reduces latency by processing data closer,agx,38,12.0,ok,agx,1788504468.475721,42.718,3165.172,2
3364.959,3,3366.842,1788504472.048999,16,b03-o02-agx-c16,,8,False,218.611,llama3.2:1b,etri-ser0001-cg0msb,ACTIVE,3146.349,1627faa2-738a-49b8-ba8e-2fd15e83948d,Edge computing reduces latency by processing data closer,agx,38,12.0,ok,agx,1788504468.6821597,42.19,3174.973,2
3388.663,3,3390.485,1788504472.2749462,16,b03-o02-agx-c16,,8,False,225.864,llama3.2:1b,etri-ser0001-cg0msb,ACTIVE,3162.799,5828c599-55e2-4fb9-9856-58cb45478a78,Edge computing reduces latency by processing data closer,agx,38,12.0,ok,agx,1788504468.8844638,41.016,3193.405,2
3379.0,3,3380.801,1788504472.487874,16,b03-o02-agx-c16,,8,False,212.833,llama3.2:1b,etri-ser0001-cg0msb,ACTIVE,3166.167,0d46229c-bc24-462f-809d-10e5b58d3ca9,Edge computing reduces latency by processing data closer,agx,38,12.0,ok,agx,1788504469.1070747,43.846,3196.238,2
3368.655,3,3370.585,1788504472.6919875,16,b03-o02-agx-c16,,8,False,203.988,llama3.2:1b,etri-ser0001-cg0msb,ACTIVE,3164.668,f0244fd1-4bdf-40f3-b010-b635d26e5ed4,Edge computing reduces latency by processing data closer,agx,38,12.0,ok,agx,1788504469.321405,45.638,3193.1,2
3362.566,3,3364.669,1788504472.8964982,16,b03-o02-agx-c16,,8,False,204.338,llama3.2:1b,etri-ser0001-cg0msb,ACTIVE,3158.228,f1f1dcb0-7df2-4073-a213-7eb826447ad0,Edge computing reduces latency by processing data closer,agx,38,12.0,ok,agx,1788504469.5318315,45.342,3185.832,2
3349.35,3,3351.277,1788504473.103566,16,b03-o02-agx-c16,,8,False,207.038,llama3.2:1b,etri-ser0001-cg0msb,ACTIVE,3142.312,c16829cf-9d90-434d-921f-0a969e75c814,Edge computing reduces latency by processing data closer,agx,38,12.0,ok,agx,1788504469.7522917,44.564,3169.681,2
3342.329,3,3344.286,1788504473.3038135,16,b03-o02-agx-c16,,8,False,200.121,llama3.2:1b,etri-ser0001-cg0msb,ACTIVE,3142.208,50e06c1a-cb0e-4682-b871-00642701e257,Edge computing reduces latency by processing data closer,agx,38,12.0,ok,agx,1788504469.959529,46.582,3170.445,2
3330.052,3,3332.038,1788504473.5023463,16,b03-o02-agx-c16,,8,False,198.44,llama3.2:1b,etri-ser0001-cg0msb,ACTIVE,3131.613,74fb4ce5-f532-4d7b-a879-5b42a9bc1354,Edge computing reduces latency by processing data closer,agx,38,12.0,ok,agx,1788504470.1703107,46.834,3158.855,2
3348.545,3,3350.283,1788504473.7242012,16,b03-o02-agx-c16,,8,False,222.052,llama3.2:1b,etri-ser0001-cg0msb,ACTIVE,3126.493,a49dcf18-2883-4777-9599-51e2b8903552,Edge computing reduces latency by processing data closer,agx,38,12.0,ok,agx,1788504470.373919,41.08,3153.752,2
3366.169,3,3367.826,1788504473.94442,16,b03-o02-agx-c16,,8,False,220.12,llama3.2:1b,etri-ser0001-cg0msb,ACTIVE,3146.049,595924b5-4e07-4af0-b6bc-d8c4fe77b73d,Edge computing reduces latency by processing data closer,agx,38,12.0,ok,agx,1788504470.5765948,42.179,3176.332,2
3385.375,3,3387.194,1788504474.168884,16,b03-o02-agx-c16,,8,False,224.199,llama3.2:1b,etri-ser0001-cg0msb,ACTIVE,3161.176,eba8bd01-fcc9-4532-b7cd-8b1b203cc6c6,Edge computing reduces latency by processing data closer,agx,38,12.0,ok,agx,1788504470.7816908,41.216,3191.041,2
3383.129,3,3385.287,1788504474.3707545,16,b03-o02-agx-c16,,8,False,201.868,llama3.2:1b,etri-ser0001-cg0msb,ACTIVE,3181.261,aae50470-98ff-49cc-94f7-7cacdb06054c,Edge computing reduces latency by processing data closer,agx,38,12.0,ok,agx,1788504470.9854696,46.173,3209.779,2
3368.973,3,3371.061,1788504474.5715559,16,b03-o02-agx-c16,,8,False,200.454,llama3.2:1b,etri-ser0001-cg0msb,ACTIVE,3168.519,403b1cb1-c5de-4a8d-87bd-96e375467d9c,Edge computing reduces latency by processing data closer,agx,38,12.0,ok,agx,1788504471.2004972,46.219,3195.565,2
3363.663,3,3365.716,1788504474.7715561,16,b03-o02-agx-c16,,8,False,199.846,llama3.2:1b,etri-ser0001-cg0msb,ACTIVE,3163.817,b7727bc3-d026-4893-8534-0fe9dde84f19,Edge computing reduces latency by processing data closer,agx,38,12.0,ok,agx,1788504471.405843,46.451,3191.198,2
3361.967,3,3363.964,1788504474.978139,16,b03-o02-agx-c16,,8,False,206.51,llama3.2:1b,etri-ser0001-cg0msb,ACTIVE,3155.457,5399419d-6e3e-49a0-aaf1-c2c63bec12e1,Edge computing reduces latency by processing data closer,agx,38,12.0,ok,agx,1788504471.6141772,44.843,3183.451,2
3354.664,3,3356.476,1788504475.18681,16,b03-o02-agx-c16,,8,False,208.736,llama3.2:1b,etri-ser0001-cg0msb,ACTIVE,3145.929,fd32bc4f-8e9f-45b1-afa1-fb655fb2edea,Edge computing reduces latency by processing data closer,agx,38,12.0,ok,agx,1788504471.8303354,44.46,3174.388,2
3341.903,3,3343.564,1788504475.392599,16,b03-o02-agx-c16,,8,False,205.581,llama3.2:1b,etri-ser0001-cg0msb,ACTIVE,3136.322,0332a73d-720a-41b8-a676-bde017e35949,Edge computing reduces latency by processing data closer,agx,38,12.0,ok,agx,1788504472.049037,45.153,3164.545,2
3316.343,3,3318.089,1788504475.5930703,16,b03-o02-agx-c16,,8,False,200.339,llama3.2:1b,etri-ser0001-cg0msb,ACTIVE,3116.004,7b4c1217-16dc-4ee9-9067-35acaeb67371,Edge computing reduces latency by processing data closer,agx,38,12.0,ok,agx,1788504472.274984,46.347,3143.456,2
3315.633,3,3317.643,1788504475.8055508,16,b03-o02-agx-c16,,8,False,212.338,llama3.2:1b,etri-ser0001-cg0msb,ACTIVE,3103.294,c7cd22f0-e4de-4fee-a3ee-8744b42dbea5,Edge computing reduces latency by processing data closer,agx,38,12.0,ok,agx,1788504472.4879107,43.518,3131.335,2
3326.536,3,3328.518,1788504476.0205386,16,b03-o02-agx-c16,,8,False,214.951,llama3.2:1b,etri-ser0001-cg0msb,ACTIVE,3111.584,dbfa26c9-4ba4-415b-b8cb-eea85af4f252,Edge computing reduces latency by processing data closer,agx,38,12.0,ok,agx,1788504472.6920228,43.414,3142.091,2
3340.35,3,3342.312,1788504476.2388437,16,b03-o02-agx-c16,,8,False,218.286,llama3.2:1b,etri-ser0001-cg0msb,ACTIVE,3122.064,b3ce971a-464a-445e-ae16-82170c282d2b,Edge computing reduces latency by processing data closer,agx,38,12.0,ok,agx,1788504472.8965335,42.881,3153.497,2
3344.466,3,3346.377,1788504476.4499779,16,b03-o02-agx-c16,,8,False,211.048,llama3.2:1b,etri-ser0001-cg0msb,ACTIVE,3133.418,4da8c6e3-eaf9-4ab0-a578-445b823ce8a4,Edge computing reduces latency by processing data closer,agx,38,12.0,ok,agx,1788504473.103603,43.895,3162.0,2
3360.878,3,3362.773,1788504476.666626,16,b03-o02-agx-c16,,8,False,216.423,llama3.2:1b,etri-ser0001-cg0msb,ACTIVE,3144.455,1799b587-3894-4c7d-89c5-5e8f3f3554bb,Edge computing reduces latency by processing data closer,agx,38,12.0,ok,agx,1788504473.3038561,42.772,3173.717,2
3385.448,3,3387.356,1788504476.8897364,16,b03-o02-agx-c16,,8,False,223.06,llama3.2:1b,etri-ser0001-cg0msb,ACTIVE,3162.388,15a1ff28-4357-4aa9-8801-c58dd1c01f86,Edge computing reduces latency by processing data closer,agx,38,12.0,ok,agx,1788504473.5023828,41.178,3190.981,2
3371.005,3,3372.243,1788504477.0964658,16,b03-o02-agx-c16,,8,False,206.927,llama3.2:1b,etri-ser0001-cg0msb,ACTIVE,3164.078,52ceecf4-79aa-43cf-9c92-9c370376b3a2,Edge computing reduces latency by processing data closer,agx,38,12.0,ok,agx,1788504473.7242246,44.752,3192.038,2
3355.092,3,3356.759,1788504477.301205,16,b03-o02-agx-c16,,8,False,204.258,llama3.2:1b,etri-ser0001-cg0msb,ACTIVE,3150.834,d2000b4f-ea60-477d-8e51-7793f3de6161,Edge computing reduces latency by processing data closer,agx,38,12.0,ok,agx,1788504473.944449,45.547,3179.279,2
3338.76,3,3340.648,1788504477.5095537,16,b03-o02-agx-c16,,8,False,208.256,llama3.2:1b,etri-ser0001-cg0msb,ACTIVE,3130.504,ecabf752-c170-4be0-94f2-689738645074,Edge computing reduces latency by processing data closer,agx,38,12.0,ok,agx,1788504474.168908,44.354,3158.162,2
3345.455,3,3347.161,1788504477.7179518,16,b03-o02-agx-c16,,8,False,208.409,llama3.2:1b,etri-ser0001-cg0msb,ACTIVE,3137.046,68193968-74f3-4cec-b13a-7216fcd77533,Edge computing reduces latency by processing data closer,agx,38,12.0,ok,agx,1788504474.370792,44.154,3164.002,2
3356.919,3,3358.804,1788504477.930392,16,b03-o02-agx-c16,,8,False,212.237,llama3.2:1b,etri-ser0001-cg0msb,ACTIVE,3144.682,bff1f8b4-2895-4968-9159-2e8e31407b61,Edge computing reduces latency by processing data closer,agx,38,12.0,ok,agx,1788504474.5715904,43.822,3173.997,2
3375.929,3,3377.906,1788504478.1495,16,b03-o02-agx-c16,,8,False,218.985,llama3.2:1b,etri-ser0001-cg0msb,ACTIVE,3156.944,5ff08a60-715a-4bdf-8413-bba3f91ec865,Edge computing reduces latency by processing data closer,agx,38,12.0,ok,agx,1788504474.771596,42.013,3185.304,2
3384.662,3,3386.702,1788504478.3648782,16,b03-o02-agx-c16,,8,False,215.284,llama3.2:1b,etri-ser0001-cg0msb,ACTIVE,3169.379,a8931f8d-221a-4fe5-bc08-306ca9e66554,Edge computing reduces latency by processing data closer,agx,38,12.0,ok,agx,1788504474.978178,42.964,3198.218,2
3392.083,3,3393.896,1788504478.5807338,16,b03-o02-agx-c16,,8,False,215.729,llama3.2:1b,etri-ser0001-cg0msb,ACTIVE,3176.354,fd95d014-b8f3-4ac8-ba44-2bd7519f39e2,Edge computing reduces latency by processing data closer,agx,38,12.0,ok,agx,1788504475.18684,43.007,3205.764,2
3387.54,3,3389.721,1788504478.7823563,16,b03-o02-agx-c16,,8,False,201.528,llama3.2:1b,etri-ser0001-cg0msb,ACTIVE,3186.012,87fd31bd-b6a8-4901-8937-ce2396cb8c32,Edge computing reduces latency by processing data closer,agx,38,12.0,ok,agx,1788504475.3926377,46.044,3213.62,2
3393.877,3,3395.807,1788504478.9889097,16,b03-o02-agx-c16,,8,False,206.452,llama3.2:1b,etri-ser0001-cg0msb,ACTIVE,3187.425,a0631859-26fc-448b-a3f3-e4a08b36d36f,Edge computing reduces latency by processing data closer,agx,38,12.0,ok,agx,1788504475.593105,45.12,3216.288,2
3387.853,3,3389.997,1788504479.1955824,16,b03-o02-agx-c16,,8,False,206.532,llama3.2:1b,etri-ser0001-cg0msb,ACTIVE,3181.32,8c8e1238-16a6-43de-96dc-6bbf015de157,Edge computing reduces latency by processing data closer,agx,38,12.0,ok,agx,1788504475.805588,44.861,3209.164,2
3375.015,3,3376.974,1788504479.397551,16,b03-o02-agx-c16,,8,False,201.897,llama3.2:1b,etri-ser0001-cg0msb,ACTIVE,3173.118,c08f774c-7479-4a0c-899d-3374fd4d0ea5,Edge computing reduces latency by processing data closer,agx,38,12.0,ok,agx,1788504476.020579,46.013,3200.871,2
3356.504,3,3358.373,1788504479.5972502,16,b03-o02-agx-c16,,8,False,199.589,llama3.2:1b,etri-ser0001-cg0msb,ACTIVE,3156.915,e906bcf7-a635-442e-a8cd-d5bb83404a6b,Edge computing reduces latency by processing data closer,agx,38,12.0,ok,agx,1788504476.2388797,46.451,3183.955,2
3356.725,3,3358.684,1788504479.8086956,16,b03-o02-agx-c16,,8,False,211.338,llama3.2:1b,etri-ser0001-cg0msb,ACTIVE,3145.387,018e39ed-4dc2-40b2-b88f-2407d4293214,Edge computing reduces latency by processing data closer,agx,38,12.0,ok,agx,1788504476.4500144,43.85,3174.061,2
3342.499,3,3343.955,1788504480.010617,16,b03-o02-agx-c16,,8,False,202.023,llama3.2:1b,etri-ser0001-cg0msb,ACTIVE,3140.476,3006005c-b156-48b1-93b3-6af091b88d44,Edge computing reduces latency by processing data closer,agx,38,12.0,ok,agx,1788504476.6666641,46.026,3168.461,2
3322.898,3,3324.432,1788504480.2141984,16,b03-o02-agx-c16,,8,False,203.257,llama3.2:1b,etri-ser0001-cg0msb,ACTIVE,3119.64,d6173317-87f3-4fb0-81e1-c6a32059a5bf,Edge computing reduces latency by processing data closer,agx,38,12.0,ok,agx,1788504476.8897686,45.879,3148.298,2
3317.222,3,3318.997,1788504480.415487,16,b03-o02-agx-c16,,8,False,201.203,llama3.2:1b,etri-ser0001-cg0msb,ACTIVE,3116.019,982c9ae2-e477-48be-943d-e9c7c5668cc4,Edge computing reduces latency by processing data closer,agx,38,12.0,ok,agx,1788504477.0964916,45.891,3142.708,2
3311.454,3,3313.334,1788504480.6145804,16,b03-o02-agx-c16,,8,False,198.997,llama3.2:1b,etri-ser0001-cg0msb,ACTIVE,3112.457,e0f1b601-ed96-47f8-975e-a1691d0689d4,Edge computing reduces latency by processing data closer,agx,38,12.0,ok,agx,1788504477.301249,46.632,3139.573,2
3303.134,3,3304.861,1788504480.8144467,16,b03-o02-agx-c16,,8,False,199.758,llama3.2:1b,etri-ser0001-cg0msb,ACTIVE,3103.376,113d917a-3eb1-4d74-9b76-dda2255fbe3b,Edge computing reduces latency by processing data closer,agx,38,12.0,ok,agx,1788504477.5095882,46.371,3130.482,2
3295.972,3,3297.374,1788504481.0153475,16,b03-o02-agx-c16,,8,False,200.931,llama3.2:1b,etri-ser0001-cg0msb,ACTIVE,3095.041,0dc572e7-b6a8-4a82-9c84-da08d98985c7,Edge computing reduces latency by processing data closer,agx,38,12.0,ok,agx,1788504477.7179759,46.073,3121.967,2
211.852,3,231.207,1788504484.3317552,32,b03-o03-spark-c32,,8,False,211.839,llama3.2:1b,etri-ser0002-cgnmsb,ACTIVE,0.014,b4b2cefb-6a70-4c26-9def-b51340d4c888,Edge computing reduces latency by processing data closer,spark,39,12.0,ok,spark,1788504484.1005936,46.367,38.057,3
413.476,3,436.477,1788504484.5373604,32,b03-o03-spark-c32,,8,False,204.626,llama3.2:1b,etri-ser0002-cgnmsb,ACTIVE,208.85,a6d8f545-9841-4049-99ab-4f5f4e7211e5,Edge computing reduces latency by processing data closer,spark,39,12.0,ok,spark,1788504484.1008897,46.467,239.278,3
621.16,3,645.217,1788504484.7459424,32,b03-o03-spark-c32,,8,False,208.335,llama3.2:1b,etri-ser0002-cgnmsb,ACTIVE,412.825,8d6f7e9d-d94f-43e7-b7da-0771788c9775,Edge computing reduces latency by processing data closer,spark,39,12.0,ok,spark,1788504484.1007314,45.958,447.529,3
822.971,3,850.315,1788504484.950652,32,b03-o03-spark-c32,,8,False,204.043,llama3.2:1b,etri-ser0002-cgnmsb,ACTIVE,618.928,6185c3c9-2d03-406c-a54c-e48cfb1e1705,Edge computing reduces latency by processing data closer,spark,39,12.0,ok,spark,1788504484.100341,46.078,646.775,3
,3,1011.485,1788504485.1161716,32,b03-o03-spark-c32,ConnectionResetError:[Errno 104] Connection reset by peer,,False,,,,,,513f68da-6e2f-4255-8831-c16e6acc1f7b,,,39,12.0,error,spark,1788504484.104688,,,3
,3,1016.244,1788504485.1173112,32,b03-o03-spark-c32,ConnectionResetError:[Errno 104] Connection reset by peer,,False,,,,,,939484dd-ad17-4966-a9bc-7ad965fc645a,,,39,12.0,error,spark,1788504484.1010685,,,3
,3,1014.379,1788504485.1181,32,b03-o03-spark-c32,ConnectionResetError:[Errno 104] Connection reset by peer,,False,,,,,,a033fd25-2717-458b-a481-e93a4d5efdf5,,,39,12.0,error,spark,1788504484.1037223,,,3
,3,1014.39,1788504485.1186295,32,b03-o03-spark-c32,ConnectionResetError:[Errno 104] Connection reset by peer,,False,,,,,,9b9ffab6-cfa4-45fe-a79d-893eae97d084,,,39,12.0,error,spark,1788504484.10424,,,3
,3,1016.909,1788504485.1190796,32,b03-o03-spark-c32,ConnectionResetError:[Errno 104] Connection reset by peer,,False,,,,,,92b5f408-3a62-4ce6-8eb6-a6f336dabe95,,,39,12.0,error,spark,1788504484.102172,,,3
,3,1014.427,1788504485.1192906,32,b03-o03-spark-c32,ConnectionResetError:[Errno 104] Connection reset by peer,,False,,,,,,01b1cb38-7740-4d5e-9be2-0f527f63e812,,,39,12.0,error,spark,1788504484.1048648,,,3
,3,1015.316,1788504485.1198604,32,b03-o03-spark-c32,ConnectionResetError:[Errno 104] Connection reset by peer,,False,,,,,,0f4a9a73-7ccf-4d9d-87de-959ce65bd4ad,,,39,12.0,error,spark,1788504484.104545,,,3
,3,1016.607,1788504485.120154,32,b03-o03-spark-c32,ConnectionResetError:[Errno 104] Connection reset by peer,,False,,,,,,c1e93b0e-4266-42f2-8a84-7e71c24c39f5,,,39,12.0,error,spark,1788504484.1035478,,,3
,3,1017.883,1788504485.1202126,32,b03-o03-spark-c32,ConnectionResetError:[Errno 104] Connection reset by peer,,False,,,,,,b5c0e43d-9d08-4062-8a03-c6ddb849e34b,,,39,12.0,error,spark,1788504484.10233,,,3
1030.217,3,1058.588,1788504485.158481,32,b03-o03-spark-c32,,8,False,207.834,llama3.2:1b,etri-ser0002-cgnmsb,ACTIVE,822.383,e39c59db-2717-4560-938d-5f1aa55ffb76,Edge computing reduces latency by processing data closer,spark,39,12.0,ok,spark,1788504484.099897,46.144,854.832,3
1234.906,3,1264.317,1788504485.364414,32,b03-o03-spark-c32,,8,False,206.128,llama3.2:1b,etri-ser0002-cgnmsb,ACTIVE,1028.779,43f78438-2787-4698-80a2-c827d6507688,Edge computing reduces latency by processing data closer,spark,39,12.0,ok,spark,1788504484.100103,45.937,1060.76,3
1438.244,3,1468.306,1788504485.569592,32,b03-o03-spark-c32,,8,False,205.176,llama3.2:1b,etri-ser0002-cgnmsb,ACTIVE,1233.068,f7eea098-5f25-4989-9f5a-2b4b3d4a1d2b,Edge computing reduces latency by processing data closer,spark,39,12.0,ok,spark,1788504484.1012914,45.404,1261.494,3
1644.052,3,1672.462,1788504485.7755153,32,b03-o03-spark-c32,,8,False,205.714,llama3.2:1b,etri-ser0002-cgnmsb,ACTIVE,1438.338,553914c7-457c-4db6-8e06-807929efb89a,Edge computing reduces latency by processing data closer,spark,39,12.0,ok,spark,1788504484.103054,46.332,1466.744,3
1852.866,3,1880.276,1788504485.9853792,32,b03-o03-spark-c32,,8,False,209.068,llama3.2:1b,etri-ser0002-cgnmsb,ACTIVE,1643.798,b6603d5b-e24c-45d8-abc6-777dbea5c8dc,Edge computing reduces latency by processing data closer,spark,39,12.0,ok,spark,1788504484.1051075,46.106,1677.302,3
,3,1021.185,1788504486.1410818,32,b03-o03-spark-c32,ConnectionResetError:[Errno 104] Connection reset by peer,,False,,,,,,c93ccb6a-c546-40f5-8a47-9353b2a6d773,,,39,12.0,error,spark,1788504485.1198988,,,3
1873.241,3,2090.339,1788504486.1937087,32,b03-o03-spark-c32,,8,False,207.566,llama3.2:1b,etri-ser0002-cgnmsb,ACTIVE,1665.675,0d378f9d-6456-477a-aac2-55eef455f08c,Edge computing reduces latency by processing data closer,spark,39,12.0,ok,spark,1788504484.103373,46.138,1698.599,3
2079.208,3,2296.653,1788504486.399855,32,b03-o03-spark-c32,,8,False,206.521,llama3.2:1b,etri-ser0002-cgnmsb,ACTIVE,1872.687,863d31b9-011b-4711-adfc-6999b424c70f,Edge computing reduces latency by processing data closer,spark,39,12.0,ok,spark,1788504484.103207,45.951,1903.131,3
2273.925,3,2278.21,1788504486.6100938,32,b03-o03-spark-c32,,8,False,209.535,llama3.2:1b,etri-ser0002-cgnmsb,ACTIVE,2064.39,d48952df-0f83-4a7d-ac3c-8950cb683fb3,Edge computing reduces latency by processing data closer,spark,39,12.0,ok,spark,1788504484.3318872,46.11,2098.157,3
2275.203,3,2281.901,1788504486.8193696,32,b03-o03-spark-c32,,8,False,208.54,llama3.2:1b,etri-ser0002-cgnmsb,ACTIVE,2066.663,7e0b6f9b-dc4a-42f1-85da-75fcd1ff2999,Edge computing reduces latency by processing data closer,spark,39,12.0,ok,spark,1788504484.537472,46.095,2098.686,3
2277.454,3,2280.547,1788504487.0265965,32,b03-o03-spark-c32,,8,False,207.398,llama3.2:1b,etri-ser0002-cgnmsb,ACTIVE,2070.056,1e8cdbec-f911-471c-9fd6-57921a0e44d1,Edge computing reduces latency by processing data closer,spark,39,12.0,ok,spark,1788504484.746052,45.757,2102.808,3
2275.261,3,2280.675,1788504487.2314186,32,b03-o03-spark-c32,,8,False,204.885,llama3.2:1b,etri-ser0002-cgnmsb,ACTIVE,2070.375,d85da41a-fad7-42ac-9c1e-9bca5ed635b7,Edge computing reduces latency by processing data closer,spark,39,12.0,ok,spark,1788504484.9507456,45.851,2098.542,3
2309.736,3,3337.553,1788504487.4395819,32,b03-o03-spark-c32,,8,False,207.618,llama3.2:1b,etri-ser0002-cgnmsb,ACTIVE,2102.119,bf0c740b-ede1-4fe4-b371-9310d56e8e09,Edge computing reduces latency by processing data closer,spark,39,12.0,ok,spark,1788504484.1020305,45.781,2134.23,3
2517.685,3,3548.003,1788504487.6495183,32,b03-o03-spark-c32,,8,False,209.328,llama3.2:1b,etri-ser0002-cgnmsb,ACTIVE,2308.357,4888376f-c9cb-43e3-8bc9-5176e6d3f19b,Edge computing reduces latency by processing data closer,spark,39,12.0,ok,spark,1788504484.1015215,45.551,2340.217,3
2722.804,3,3752.548,1788504487.8575277,32,b03-o03-spark-c32,,8,False,207.578,llama3.2:1b,etri-ser0002-cgnmsb,ACTIVE,2515.226,e4046d54-0ad1-4525-8b2d-acafd5e2a8e1,Edge computing reduces latency by processing data closer,spark,39,12.0,ok,spark,1788504484.1049836,45.675,2547.848,3
2925.444,3,3955.35,1788504488.0607097,32,b03-o03-spark-c32,,8,False,203.464,llama3.2:1b,etri-ser0002-cgnmsb,ACTIVE,2721.981,05776dcc-13a7-40fb-a377-7453ea3f2d60,Edge computing reduces latency by processing data closer,spark,39,12.0,ok,spark,1788504484.1053624,46.011,2750.797,3
3128.358,3,4163.526,1788504488.2674022,32,b03-o03-spark-c32,,8,False,205.575,llama3.2:1b,etri-ser0002-cgnmsb,ACTIVE,2922.783,b8d5fea8-75f2-447b-bab6-1c4778630ab9,Edge computing reduces latency by processing data closer,spark,39,12.0,ok,spark,1788504484.1038802,46.168,2952.354,3
3336.226,3,4372.728,1788504488.4754434,32,b03-o03-spark-c32,,8,False,208.253,llama3.2:1b,etri-ser0002-cgnmsb,ACTIVE,3127.974,877a0dc8-d629-4ce3-a17e-c2f980ef1b33,Edge computing reduces latency by processing data closer,spark,39,12.0,ok,spark,1788504484.1027215,46.142,3159.257,3
3544.849,3,4579.807,1788504488.6841946,32,b03-o03-spark-c32,,8,False,207.812,llama3.2:1b,etri-ser0002-cgnmsb,ACTIVE,3337.038,003a3eb4-0f25-44a5-996f-10d4145cf934,Edge computing reduces latency by processing data closer,spark,39,12.0,ok,spark,1788504484.1043925,45.901,3368.314,3
3751.423,3,4789.347,1788504488.8919225,32,b03-o03-spark-c32,,8,False,206.954,llama3.2:1b,etri-ser0002-cgnmsb,ACTIVE,3544.469,581ff9aa-59c2-4b5a-ab63-8a8a8c9c0b0c,Edge computing reduces latency by processing data closer,spark,39,12.0,ok,spark,1788504484.102579,45.988,3577.536,3
3954.566,3,4993.467,1788504489.0952816,32,b03-o03-spark-c32,,8,False,203.822,llama3.2:1b,etri-ser0002-cgnmsb,ACTIVE,3750.743,c4920adf-ff5c-4701-b18e-627b53b36911,Edge computing reduces latency by processing data closer,spark,39,12.0,ok,spark,1788504484.1018152,46.018,3778.502,3
4141.396,3,4146.683,1788504489.305249,32,b03-o03-spark-c32,,8,False,209.441,llama3.2:1b,etri-ser0002-cgnmsb,ACTIVE,3931.955,cf7ac21f-1b29-4f86-9ddf-0c6c6b301604,Edge computing reduces latency by processing data closer,spark,39,12.0,ok,spark,1788504485.1585665,46.014,3965.094,3
4187.596,3,4395.676,1788504489.5130472,32,b03-o03-spark-c32,,8,False,207.24,llama3.2:1b,etri-ser0002-cgnmsb,ACTIVE,3980.357,dba7f4a6-0852-4df5-9b4f-bd091f1efa39,Edge computing reduces latency by processing data closer,spark,39,12.0,ok,spark,1788504485.1173732,46.185,4012.333,3
4354.8,3,4357.557,1788504489.7220826,32,b03-o03-spark-c32,,8,False,207.981,llama3.2:1b,etri-ser0002-cgnmsb,ACTIVE,4146.819,c82455c8-74d2-41eb-a116-5c1e9783108a,Edge computing reduces latency by processing data closer,spark,39,12.0,ok,spark,1788504485.364531,45.992,4179.595,3
4358.572,3,4361.962,1788504489.931664,32,b03-o03-spark-c32,,8,False,208.793,llama3.2:1b,etri-ser0002-cgnmsb,ACTIVE,4149.779,b0eb8097-16b1-4ef8-abde-720cc6f5639c,Edge computing reduces latency by processing data closer,spark,39,12.0,ok,spark,1788504485.5697043,46.014,4182.682,3
4358.317,3,4363.47,1788504490.1390085,32,b03-o03-spark-c32,,8,False,207.546,llama3.2:1b,etri-ser0002-cgnmsb,ACTIVE,4150.772,db66f5f8-b77c-47de-849c-ad0b7a3f213b,Edge computing reduces latency by processing data closer,spark,39,12.0,ok,spark,1788504485.7755394,45.977,4182.956,3
4356.796,3,4362.744,1788504490.3482118,32,b03-o03-spark-c32,,8,False,208.863,llama3.2:1b,etri-ser0002-cgnmsb,ACTIVE,4147.933,6deda58e-0224-492b-a205-ac90b04341bf,Edge computing reduces latency by processing data closer,spark,39,12.0,ok,spark,1788504485.9854708,46.193,4181.264,3
4403.488,3,5437.545,1788504490.5578005,32,b03-o03-spark-c32,,8,False,208.125,llama3.2:1b,etri-ser0002-cgnmsb,ACTIVE,4195.363,4eb248e7-1774-4866-955d-ac5e04ef9f71,Edge computing reduces latency by processing data closer,spark,39,12.0,ok,spark,1788504485.1202595,46.168,4228.527,3
4606.601,3,5646.857,1788504490.765978,32,b03-o03-spark-c32,,8,False,208.532,llama3.2:1b,etri-ser0002-cgnmsb,ACTIVE,4398.069,e80b8bcc-579f-4a93-be67-e0c747996633,Edge computing reduces latency by processing data closer,spark,39,12.0,ok,spark,1788504485.1191266,46.152,4430.534,3
4815.271,3,6872.052,1788504490.9749207,32,b03-o03-spark-c32,,8,False,208.565,llama3.2:1b,etri-ser0002-cgnmsb,ACTIVE,4606.705,c1317443-2e74-4eff-a44e-94155912c9d1,Edge computing reduces latency by processing data closer,spark,39,12.0,ok,spark,1788504484.1028728,45.836,4638.458,3
5023.178,3,7080.026,1788504491.1841223,32,b03-o03-spark-c32,,8,False,208.775,llama3.2:1b,etri-ser0002-cgnmsb,ACTIVE,4814.403,2a778d3c-7a1b-4d33-a49d-1107feab510c,Edge computing reduces latency by processing data closer,spark,39,12.0,ok,spark,1788504484.1041005,45.728,4846.042,3
5235.507,3,6276.942,1788504491.39629,32,b03-o03-spark-c32,,8,False,212.18,llama3.2:1b,etri-ser0002-cgnmsb,ACTIVE,5023.327,c6d1a025-7bdd-436a-9dfc-f0d5bc876ad7,Edge computing reduces latency by processing data closer,spark,39,12.0,ok,spark,1788504485.1193523,44.816,5055.995,3
5438.391,3,6482.358,1788504491.6005309,32,b03-o03-spark-c32,,8,False,203.589,llama3.2:1b,etri-ser0002-cgnmsb,ACTIVE,5234.802,72592729-7c89-4720-ac8c-c116dde35eb6,Edge computing reduces latency by processing data closer,spark,39,12.0,ok,spark,1788504485.118176,45.961,5262.838,3
5644.476,3,6688.338,1788504491.8070142,32,b03-o03-spark-c32,,8,False,206.273,llama3.2:1b,etri-ser0002-cgnmsb,ACTIVE,5438.203,4b9ad00b-06d4-4254-81b1-ab4e9cfb8a75,Edge computing reduces latency by processing data closer,spark,39,12.0,ok,spark,1788504485.1186771,46.054,5468.853,3
5853.789,3,6900.411,1788504492.0166614,32,b03-o03-spark-c32,,8,False,208.988,llama3.2:1b,etri-ser0002-cgnmsb,ACTIVE,5644.801,14204c77-6d62-46a9-adcf-353327061b1f,Edge computing reduces latency by processing data closer,spark,39,12.0,ok,spark,1788504485.1162517,45.87,5677.422,3
6024.58,3,6029.651,1788504492.223441,32,b03-o03-spark-c32,,8,False,207.145,llama3.2:1b,etri-ser0002-cgnmsb,ACTIVE,5817.435,b19b2866-b984-4b56-9b79-339764a3acbe,Edge computing reduces latency by processing data closer,spark,39,12.0,ok,spark,1788504486.1937902,46.0,5849.218,3
6081.545,3,8327.951,1788504492.433171,32,b03-o03-spark-c32,,8,False,209.12,llama3.2:1b,etri-ser0002-cgnmsb,ACTIVE,5872.425,f23cff0e-8e4a-4702-94ea-55b0e80177d0,Edge computing reduces latency by processing data closer,spark,39,12.0,ok,spark,1788504484.1052208,45.971,5905.938,3
6283.311,3,7521.05,1788504492.6414452,32,b03-o03-spark-c32,,8,False,207.337,llama3.2:1b,etri-ser0002-cgnmsb,ACTIVE,6075.974,53930e28-cc7a-439e-b19f-c7669ce98178,Edge computing reduces latency by processing data closer,spark,39,12.0,ok,spark,1788504485.1204011,45.977,6109.679,3
6435.745,3,6441.295,1788504492.8412552,32,b03-o03-spark-c32,,8,False,199.611,llama3.2:1b,etri-ser0002-cgnmsb,ACTIVE,6236.134,af762d22-3a74-4fd1-ad4c-f3c9098c9bee,Edge computing reduces latency by processing data closer,spark,39,12.0,ok,spark,1788504486.3999639,46.563,6263.349,3
6429.086,3,6434.892,1788504493.0450745,32,b03-o03-spark-c32,,8,False,203.409,llama3.2:1b,etri-ser0002-cgnmsb,ACTIVE,6225.677,05f44335-8062-43c0-a303-379f296d6996,Edge computing reduces latency by processing data closer,spark,39,12.0,ok,spark,1788504486.610187,45.868,6253.696,3
6423.605,3,6429.625,1788504493.2491226,32,b03-o03-spark-c32,,8,False,203.863,llama3.2:1b,etri-ser0002-cgnmsb,ACTIVE,6219.742,f9a28297-5b3d-4b50-b347-3c936b797991,Edge computing reduces latency by processing data closer,spark,39,12.0,ok,spark,1788504486.8195004,45.827,6247.927,3
6429.854,3,6432.306,1788504493.459026,32,b03-o03-spark-c32,,8,False,210.154,llama3.2:1b,etri-ser0002-cgnmsb,ACTIVE,6219.7,f699e672-441f-4366-813b-016a14f33683,Edge computing reduces latency by processing data closer,spark,39,12.0,ok,spark,1788504487.026721,45.567,6253.405,3
6496.732,3,7524.531,1788504493.665723,32,b03-o03-spark-c32,,8,False,205.685,llama3.2:1b,etri-ser0002-cgnmsb,ACTIVE,6291.048,fb92a752-d5c6-4737-9bfc-d0530f13cab8,Edge computing reduces latency by processing data closer,spark,39,12.0,ok,spark,1788504486.1411948,45.939,6320.023,3
6634.451,3,6639.657,1788504493.8711252,32,b03-o03-spark-c32,,8,False,205.841,llama3.2:1b,etri-ser0002-cgnmsb,ACTIVE,6428.61,7ff8a238-b09d-4afc-bfb8-79b0cbfdd9bc,Edge computing reduces latency by processing data closer,spark,39,12.0,ok,spark,1788504487.2314699,45.959,6459.895,3
6629.715,3,6637.079,1788504494.0767004,32,b03-o03-spark-c32,,8,False,204.862,llama3.2:1b,etri-ser0002-cgnmsb,ACTIVE,6424.853,aca94ce1-db15-4179-888a-f53ad4c18110,Edge computing reduces latency by processing data closer,spark,39,12.0,ok,spark,1788504487.4396255,46.132,6455.685,3
6628.069,3,6634.305,1788504494.2839293,32,b03-o03-spark-c32,,8,False,206.696,llama3.2:1b,etri-ser0002-cgnmsb,ACTIVE,6421.372,a9f15195-66c4-4ee5-8981-cb0a1d00419d,Edge computing reduces latency by processing data closer,spark,39,12.0,ok,spark,1788504487.64963,45.984,6454.661,3
6627.744,3,6632.331,1788504494.490077,32,b03-o03-spark-c32,,8,False,205.192,llama3.2:1b,etri-ser0002-cgnmsb,ACTIVE,6422.553,8179b1c5-9ce4-4b3a-8344-1f619a715e97,Edge computing reduces latency by processing data closer,spark,39,12.0,ok,spark,1788504487.85775,45.652,6451.036,3
6632.611,3,6636.205,1788504494.696976,32,b03-o03-spark-c32,,8,False,207.694,llama3.2:1b,etri-ser0002-cgnmsb,ACTIVE,6424.917,b2063183-db21-4a1c-b624-4a1cdb6ac57b,Edge computing reduces latency by processing data closer,spark,39,12.0,ok,spark,1788504488.0607748,46.001,6457.606,3
6629.008,3,6634.738,1788504494.9022524,32,b03-o03-spark-c32,,8,False,204.673,llama3.2:1b,etri-ser0002-cgnmsb,ACTIVE,6424.335,31202373-edf5-4c17-bd8b-2f0642566c61,Edge computing reduces latency by processing data closer,spark,39,12.0,ok,spark,1788504488.2675183,46.016,6454.316,3
6627.464,3,6634.233,1788504495.1097875,32,b03-o03-spark-c32,,8,False,206.447,llama3.2:1b,etri-ser0002-cgnmsb,ACTIVE,6421.017,74486ef8-6e82-4783-aa94-ece1e6a09538,Edge computing reduces latency by processing data closer,spark,39,12.0,ok,spark,1788504488.4755569,45.905,6450.641,3
6627.169,3,6633.46,1788504495.3177867,32,b03-o03-spark-c32,,8,False,208.12,llama3.2:1b,etri-ser0002-cgnmsb,ACTIVE,6419.049,e6517a0d-0f91-4788-8da2-3833222e02d9,Edge computing reduces latency by processing data closer,spark,39,12.0,ok,spark,1788504488.684332,46.284,6452.443,3
6630.408,3,6633.253,1788504495.5253117,32,b03-o03-spark-c32,,8,False,207.236,llama3.2:1b,etri-ser0002-cgnmsb,ACTIVE,6423.172,36dcf6d0-7251-4ba5-a62f-b342037a0d7a,Edge computing reduces latency by processing data closer,spark,39,12.0,ok,spark,1788504488.8920624,45.9,6456.064,3
6628.911,3,6633.432,1788504495.7286935,32,b03-o03-spark-c32,,8,False,202.804,llama3.2:1b,etri-ser0002-cgnmsb,ACTIVE,6426.108,ee90f3b4-50c3-44c1-ace1-599c8cf9fc6e,Edge computing reduces latency by processing data closer,spark,39,12.0,ok,spark,1788504489.0953045,46.386,6454.193,3
6626.111,3,6631.113,1788504495.9363945,32,b03-o03-spark-c32,,8,False,208.205,llama3.2:1b,etri-ser0002-cgnmsb,ACTIVE,6417.906,4ef11f6d-2aac-400e-8861-092d0ce9bfe7,Edge computing reduces latency by processing data closer,spark,39,12.0,ok,spark,1788504489.3052828,45.63,6450.606,3
6622.805,3,6628.281,1788504496.1413665,32,b03-o03-spark-c32,,8,False,204.48,llama3.2:1b,etri-ser0002-cgnmsb,ACTIVE,6418.324,7907fa06-30ff-49c8-9f8f-2580bed7a777,Edge computing reduces latency by processing data closer,spark,39,12.0,ok,spark,1788504489.5130868,46.082,6446.817,3
6621.084,3,6628.271,1788504496.3504612,32,b03-o03-spark-c32,,8,False,207.298,llama3.2:1b,etri-ser0002-cgnmsb,ACTIVE,6413.786,1ecac857-f01a-4468-bdb5-a1559aa9810f,Edge computing reduces latency by processing data closer,spark,39,12.0,ok,spark,1788504489.7221956,46.026,6445.794,3
6622.194,3,6627.676,1788504496.5593958,32,b03-o03-spark-c32,,8,False,209.11,llama3.2:1b,etri-ser0002-cgnmsb,ACTIVE,6413.084,8294b1cc-b2b4-4eee-9855-19d0bd43a287,Edge computing reduces latency by processing data closer,spark,39,12.0,ok,spark,1788504489.9317262,46.061,6446.582,3
6622.507,3,6628.047,1788504496.7670758,32,b03-o03-spark-c32,,8,False,207.891,llama3.2:1b,etri-ser0002-cgnmsb,ACTIVE,6414.616,5ee01a01-4776-453a-9f89-3cec4dee8bd5,Edge computing reduces latency by processing data closer,spark,39,12.0,ok,spark,1788504490.1390326,46.124,6447.348,3
6621.851,3,6627.732,1788504496.9760406,32,b03-o03-spark-c32,,8,False,208.415,llama3.2:1b,etri-ser0002-cgnmsb,ACTIVE,6413.436,f5c9cfe7-ff40-4493-9b70-608d1a664db7,Edge computing reduces latency by processing data closer,spark,39,12.0,ok,spark,1788504490.3483124,45.623,6445.923,3
6617.288,3,6622.445,1788504497.1803277,32,b03-o03-spark-c32,,8,False,204.36,llama3.2:1b,etri-ser0002-cgnmsb,ACTIVE,6412.929,5a6c82ee-962f-4303-adce-c4eeae7fdd7e,Edge computing reduces latency by processing data closer,spark,39,12.0,ok,spark,1788504490.5578842,45.72,6440.927,3
6615.131,3,6621.016,1788504497.3870966,32,b03-o03-spark-c32,,8,False,205.772,llama3.2:1b,etri-ser0002-cgnmsb,ACTIVE,6409.359,cd03d47d-dd6e-413b-881d-afe6d608baaf,Edge computing reduces latency by processing data closer,spark,39,12.0,ok,spark,1788504490.7660844,46.087,6439.381,3
6614.489,3,6620.473,1788504497.5954835,32,b03-o03-spark-c32,,8,False,207.633,llama3.2:1b,etri-ser0002-cgnmsb,ACTIVE,6406.856,48529914-5eca-4757-97a2-9e37b798a8f4,Edge computing reduces latency by processing data closer,spark,39,12.0,ok,spark,1788504490.9750144,46.247,6438.943,3
6615.26,3,6620.849,1788504497.8050575,32,b03-o03-spark-c32,,8,False,209.285,llama3.2:1b,etri-ser0002-cgnmsb,ACTIVE,6405.975,f16eebcd-270e-4be7-a5ca-3ad786cc0476,Edge computing reduces latency by processing data closer,spark,39,12.0,ok,spark,1788504491.1842122,46.055,6439.211,3
6611.111,3,6613.83,1788504498.0102055,32,b03-o03-spark-c32,,8,False,204.412,llama3.2:1b,etri-ser0002-cgnmsb,ACTIVE,6406.699,3fd1edf9-9d02-4fb4-9fc4-81be3475559a,Edge computing reduces latency by processing data closer,spark,39,12.0,ok,spark,1788504491.396379,45.762,6435.909,3
6608.532,3,6613.932,1788504498.2145488,32,b03-o03-spark-c32,,8,False,203.986,llama3.2:1b,etri-ser0002-cgnmsb,ACTIVE,6404.546,28ca2c68-17d7-4070-b56a-7401a0d51721,Edge computing reduces latency by processing data closer,spark,39,12.0,ok,spark,1788504491.6006198,46.063,6432.4,3
6611.057,3,6616.925,1788504498.4239633,32,b03-o03-spark-c32,,8,False,208.239,llama3.2:1b,etri-ser0002-cgnmsb,ACTIVE,6402.818,f58055bb-8651-4772-a6eb-001021e019c1,Edge computing reduces latency by processing data closer,spark,39,12.0,ok,spark,1788504491.8070428,46.216,6436.038,3
6609.158,3,6614.567,1788504498.6312327,32,b03-o03-spark-c32,,8,False,207.608,llama3.2:1b,etri-ser0002-cgnmsb,ACTIVE,6401.55,68b3c7b2-0689-434b-aff6-5e8d8ac21dc8,Edge computing reduces latency by processing data closer,spark,39,12.0,ok,spark,1788504492.0166867,46.206,6434.075,3
6609.633,3,6615.548,1788504498.8390107,32,b03-o03-spark-c32,,8,False,207.322,llama3.2:1b,etri-ser0002-cgnmsb,ACTIVE,6402.31,46c92141-22f0-4d95-8609-7d20b116bb91,Edge computing reduces latency by processing data closer,spark,39,12.0,ok,spark,1788504492.2234664,46.127,6435.227,3
6606.809,3,6611.808,1788504499.0449991,32,b03-o03-spark-c32,,8,False,206.548,llama3.2:1b,etri-ser0002-cgnmsb,ACTIVE,6400.261,962e7377-37fa-441e-a010-c9c1cdde824f,Edge computing reduces latency by processing data closer,spark,39,12.0,ok,spark,1788504492.433193,45.49,6430.904,3
6608.006,3,6611.183,1788504499.2527354,32,b03-o03-spark-c32,,8,False,206.762,llama3.2:1b,etri-ser0002-cgnmsb,ACTIVE,6401.244,1ecd4ea8-1dd6-4db1-9290-0b56e5ec3827,Edge computing reduces latency by processing data closer,spark,39,12.0,ok,spark,1788504492.6415577,45.532,6430.017,3
6616.927,3,6620.106,1788504499.4614294,32,b03-o03-spark-c32,,8,False,208.442,llama3.2:1b,etri-ser0002-cgnmsb,ACTIVE,6408.485,a5b2b642-71fc-45df-915c-5f3fc9cdc4fb,Edge computing reduces latency by processing data closer,spark,39,12.0,ok,spark,1788504492.8413293,45.618,6441.794,3
6616.53,3,6619.512,1788504499.6646755,32,b03-o03-spark-c32,,8,False,203.017,llama3.2:1b,etri-ser0002-cgnmsb,ACTIVE,6413.513,f5857e9d-7606-4576-a298-daddcebae862,Edge computing reduces latency by processing data closer,spark,39,12.0,ok,spark,1788504493.0451672,46.256,6441.502,3
6614.242,3,6619.871,1788504499.8691163,32,b03-o03-spark-c32,,8,False,203.953,llama3.2:1b,etri-ser0002-cgnmsb,ACTIVE,6410.289,eadb4c97-d451-4a05-bc99-2bd066ca1749,Edge computing reduces latency by processing data closer,spark,39,12.0,ok,spark,1788504493.249249,45.965,6438.902,3
6612.446,3,6615.587,1788504500.074646,32,b03-o03-spark-c32,,8,False,205.406,llama3.2:1b,etri-ser0002-cgnmsb,ACTIVE,6407.04,909988eb-540b-4658-b6ba-bb5303c64dcd,Edge computing reduces latency by processing data closer,spark,39,12.0,ok,spark,1788504493.4590628,45.899,6438.417,3
6608.616,3,6613.766,1788504500.2795575,32,b03-o03-spark-c32,,8,False,204.557,llama3.2:1b,etri-ser0002-cgnmsb,ACTIVE,6404.058,062b09e8-3c9a-422f-aec7-0a8f2a1dc5aa,Edge computing reduces latency by processing data closer,spark,39,12.0,ok,spark,1788504493.665795,46.145,6433.135,3
6610.784,3,6616.847,1788504500.4880023,32,b03-o03-spark-c32,,8,False,207.747,llama3.2:1b,etri-ser0002-cgnmsb,ACTIVE,6403.037,90f693f0-25b8-4e0b-ae8d-fcecf1a9085f,Edge computing reduces latency by processing data closer,spark,39,12.0,ok,spark,1788504493.8711588,45.986,6435.285,3
6611.845,3,6618.296,1788504500.6950817,32,b03-o03-spark-c32,,8,False,206.883,llama3.2:1b,etri-ser0002-cgnmsb,ACTIVE,6404.962,7c851e62-f8ab-48fe-ac15-e6e571eb528e,Edge computing reduces latency by processing data closer,spark,39,12.0,ok,spark,1788504494.0767896,46.084,6436.167,3
6616.765,3,6620.683,1788504500.9047203,32,b03-o03-spark-c32,,8,False,208.788,llama3.2:1b,etri-ser0002-cgnmsb,ACTIVE,6407.977,449d98a0-77e0-4b43-971c-a4154faabf92,Edge computing reduces latency by processing data closer,spark,39,12.0,ok,spark,1788504494.284043,45.871,6440.471,3
6614.59,3,6619.829,1788504501.1100204,32,b03-o03-spark-c32,,8,False,205.271,llama3.2:1b,etri-ser0002-cgnmsb,ACTIVE,6409.319,1a3a1305-45a7-47a7-879c-37db05d74b00,Edge computing reduces latency by processing data closer,spark,39,12.0,ok,spark,1788504494.4901927,46.061,6439.915,3
6613.365,3,6617.633,1788504501.314752,32,b03-o03-spark-c32,,8,False,204.229,llama3.2:1b,etri-ser0002-cgnmsb,ACTIVE,6409.136,34a0f12e-08cf-4467-926c-ecd110a6ecfd,Edge computing reduces latency by processing data closer,spark,39,12.0,ok,spark,1788504494.6971228,46.063,6438.097,3
6613.405,3,6617.523,1788504501.5198703,32,b03-o03-spark-c32,,8,False,204.567,llama3.2:1b,etri-ser0002-cgnmsb,ACTIVE,6408.838,ce4f225e-e96a-4337-964c-9a3d9b064fd6,Edge computing reduces latency by processing data closer,spark,39,12.0,ok,spark,1788504494.9023497,46.084,6438.378,3
6609.328,3,6614.768,1788504501.7246208,32,b03-o03-spark-c32,,8,False,205.243,llama3.2:1b,etri-ser0002-cgnmsb,ACTIVE,6404.086,576972d4-9a0a-4795-9682-a46df8eb9acb,Edge computing reduces latency by processing data closer,spark,39,12.0,ok,spark,1788504495.109854,46.074,6434.208,3
6607.532,3,6611.35,1788504501.9292493,32,b03-o03-spark-c32,,8,False,204.34,llama3.2:1b,etri-ser0002-cgnmsb,ACTIVE,6403.191,7032a545-ee8a-4878-9c72-c7ae218f0748,Edge computing reduces latency by processing data closer,spark,39,12.0,ok,spark,1788504495.3179011,45.989,6432.929,3
6604.687,3,6607.635,1788504502.1330578,32,b03-o03-spark-c32,,8,False,203.45,llama3.2:1b,etri-ser0002-cgnmsb,ACTIVE,6401.237,9599a5f1-b4c1-4d8e-bc55-98a5c7947545,Edge computing reduces latency by processing data closer,spark,39,12.0,ok,spark,1788504495.5254228,46.094,6429.303,3
6603.912,3,6608.012,1788504502.3368351,32,b03-o03-spark-c32,,8,False,203.447,llama3.2:1b,etri-ser0002-cgnmsb,ACTIVE,6400.465,fc87f825-900f-4e44-b65c-15666ca98245,Edge computing reduces latency by processing data closer,spark,39,12.0,ok,spark,1788504495.728825,46.07,6430.325,3
6601.069,3,6603.788,1788504502.5402055,32,b03-o03-spark-c32,,8,False,202.743,llama3.2:1b,etri-ser0002-cgnmsb,ACTIVE,6398.326,2dee9ee8-5a4f-42de-bfd4-456769a242ec,Edge computing reduces latency by processing data closer,spark,39,12.0,ok,spark,1788504495.9364212,46.19,6426.445,3
211.857,3,222.086,1788504505.9181156,4,b03-o04-spark-c4,,8,False,211.842,llama3.2:1b,etri-ser0002-cgnmsb,ACTIVE,0.015,39630d3a-6458-4894-b8d0-3abd828a199a,Edge computing reduces latency by processing data closer,spark,40,12.0,ok,spark,1788504505.6960332,46.278,37.235,4
412.989,3,430.183,1788504506.1263866,4,b03-o04-spark-c4,,8,False,207.335,llama3.2:1b,etri-ser0002-cgnmsb,ACTIVE,205.654,7bf584fe-5602-4fd1-9270-1525da82883d,Edge computing reduces latency by processing data closer,spark,40,12.0,ok,spark,1788504505.69621,46.09,237.707,4
618.192,3,634.454,1788504506.3309474,4,b03-o04-spark-c4,,8,False,205.107,llama3.2:1b,etri-ser0002-cgnmsb,ACTIVE,413.085,be0e077c-9024-4ae3-8678-1ae7afdfd708,Edge computing reduces latency by processing data closer,spark,40,12.0,ok,spark,1788504505.6964974,45.863,442.982,4
822.56,3,841.079,1788504506.5374105,4,b03-o04-spark-c4,,8,False,205.152,llama3.2:1b,etri-ser0002-cgnmsb,ACTIVE,617.409,a2e60b3d-6d2b-4bd3-b384-83abbe8d558c,Edge computing reduces latency by processing data closer,spark,40,12.0,ok,spark,1788504505.6963375,46.018,646.023,4
822.084,3,827.749,1788504506.7459505,4,b03-o04-spark-c4,,8,False,209.093,llama3.2:1b,etri-ser0002-cgnmsb,ACTIVE,612.99,f94940ff-0a39-4fd8-b182-b354d3ab95a3,Edge computing reduces latency by processing data closer,spark,40,12.0,ok,spark,1788504505.918205,45.959,646.309,4
819.82,3,826.032,1788504506.95254,4,b03-o04-spark-c4,,8,False,206.315,llama3.2:1b,etri-ser0002-cgnmsb,ACTIVE,613.505,0e08d7d7-5dec-4823-99d6-8d77a54e94e8,Edge computing reduces latency by processing data closer,spark,40,12.0,ok,spark,1788504506.1265118,45.839,645.947,4
821.291,3,824.477,1788504507.1555116,4,b03-o04-spark-c4,,8,False,202.999,llama3.2:1b,etri-ser0002-cgnmsb,ACTIVE,618.292,3a046c3c-cf08-4005-a5bb-9e2aa61d5ce3,Edge computing reduces latency by processing data closer,spark,40,12.0,ok,spark,1788504506.3310378,46.1,645.523,4
821.259,3,828.118,1788504507.3656366,4,b03-o04-spark-c4,,8,False,209.226,llama3.2:1b,etri-ser0002-cgnmsb,ACTIVE,612.033,7e2b1e38-2400-458e-ac58-b451a314dcac,Edge computing reduces latency by processing data closer,spark,40,12.0,ok,spark,1788504506.5375214,45.869,645.887,4
821.533,3,827.946,1788504507.573985,4,b03-o04-spark-c4,,8,False,208.407,llama3.2:1b,etri-ser0002-cgnmsb,ACTIVE,613.126,d7b53d3c-8aa3-44e8-bbd0-f7248ae72799,Edge computing reduces latency by processing data closer,spark,40,12.0,ok,spark,1788504506.746043,46.035,645.228,4
826.341,3,828.506,1788504507.781134,4,b03-o04-spark-c4,,8,False,206.938,llama3.2:1b,etri-ser0002-cgnmsb,ACTIVE,619.403,58b778f9-1818-4458-96dc-da807ed7f32d,Edge computing reduces latency by processing data closer,spark,40,12.0,ok,spark,1788504506.9526289,45.977,651.437,4
824.155,3,829.458,1788504507.9850457,4,b03-o04-spark-c4,,8,False,203.807,llama3.2:1b,etri-ser0002-cgnmsb,ACTIVE,620.348,b97599e9-751b-4381-86f0-42b9c3253fe1,Edge computing reduces latency by processing data closer,spark,40,12.0,ok,spark,1788504507.1555886,46.03,649.129,4
821.53,3,826.132,1788504508.191847,4,b03-o04-spark-c4,,8,False,206.382,llama3.2:1b,etri-ser0002-cgnmsb,ACTIVE,615.147,17719c07-3421-417b-92b5-ca79ceafafe4,Edge computing reduces latency by processing data closer,spark,40,12.0,ok,spark,1788504507.3657153,45.854,646.917,4
815.715,3,821.765,1788504508.3958418,4,b03-o04-spark-c4,,8,False,203.594,llama3.2:1b,etri-ser0002-cgnmsb,ACTIVE,612.121,b37b9edb-c928-4cd6-963e-a3b99932c422,Edge computing reduces latency by processing data closer,spark,40,12.0,ok,spark,1788504507.5740774,45.908,641.668,4
814.564,3,817.851,1788504508.5990095,4,b03-o04-spark-c4,,8,False,203.037,llama3.2:1b,etri-ser0002-cgnmsb,ACTIVE,611.528,fdcc0e1c-4913-48f6-9ac0-6f0a49e0ac7c,Edge computing reduces latency by processing data closer,spark,40,12.0,ok,spark,1788504507.7811599,46.124,639.412,4
816.165,3,821.032,1788504508.8060958,4,b03-o04-spark-c4,,8,False,205.801,llama3.2:1b,etri-ser0002-cgnmsb,ACTIVE,610.364,9901809f-fe26-4936-bf9b-73bd4a08caad,Edge computing reduces latency by processing data closer,spark,40,12.0,ok,spark,1788504507.985068,46.028,639.615,4
819.055,3,822.759,1788504509.0146284,4,b03-o04-spark-c4,,8,False,208.672,llama3.2:1b,etri-ser0002-cgnmsb,ACTIVE,610.384,3a372ca0-e743-4048-858e-a6e5223466ce,Edge computing reduces latency by processing data closer,spark,40,12.0,ok,spark,1788504508.1918707,45.969,643.172,4
824.009,3,826.64,1788504509.2225046,4,b03-o04-spark-c4,,8,False,207.848,llama3.2:1b,etri-ser0002-cgnmsb,ACTIVE,616.161,05bdfdcd-3f59-47e3-9c82-31b9c2317d1f,Edge computing reduces latency by processing data closer,spark,40,12.0,ok,spark,1788504508.3958688,45.952,648.105,4
826.172,3,829.905,1788504509.4289372,4,b03-o04-spark-c4,,8,False,206.409,llama3.2:1b,etri-ser0002-cgnmsb,ACTIVE,619.763,d4debc5e-47f7-4f14-b167-c66ab29960f6,Edge computing reduces latency by processing data closer,spark,40,12.0,ok,spark,1788504508.5990357,45.83,652.038,4
821.057,3,826.994,1788504509.6331742,4,b03-o04-spark-c4,,8,False,203.747,llama3.2:1b,etri-ser0002-cgnmsb,ACTIVE,617.31,dc4e3cc1-44b8-4f3d-bff7-3653aa474861,Edge computing reduces latency by processing data closer,spark,40,12.0,ok,spark,1788504508.8061833,46.133,644.91,4
821.47,3,826.617,1788504509.8412654,4,b03-o04-spark-c4,,8,False,207.14,llama3.2:1b,etri-ser0002-cgnmsb,ACTIVE,614.33,9ac3e2ab-2a05-4762-ae14-09b4309e93b3,Edge computing reduces latency by processing data closer,spark,40,12.0,ok,spark,1788504509.014652,45.958,644.709,4
820.327,3,826.457,1788504510.0490544,4,b03-o04-spark-c4,,8,False,208.408,llama3.2:1b,etri-ser0002-cgnmsb,ACTIVE,611.918,81dcc662-9af8-4b4b-8d45-3fa0f88cf274,Edge computing reduces latency by processing data closer,spark,40,12.0,ok,spark,1788504509.2226005,45.922,644.86,4
824.321,3,827.051,1788504510.2560618,4,b03-o04-spark-c4,,8,False,206.099,llama3.2:1b,etri-ser0002-cgnmsb,ACTIVE,618.222,925a3063-60a1-4c37-a76a-f8c98e2d86d8,Edge computing reduces latency by processing data closer,spark,40,12.0,ok,spark,1788504509.429015,45.987,649.274,4
819.421,3,824.81,1788504510.4580886,4,b03-o04-spark-c4,,8,False,202.041,llama3.2:1b,etri-ser0002-cgnmsb,ACTIVE,617.379,1902801e-c7c6-444c-8db8-360dbd418f5f,Edge computing reduces latency by processing data closer,spark,40,12.0,ok,spark,1788504509.6332824,46.096,645.803,4
812.706,3,818.731,1788504510.6600614,4,b03-o04-spark-c4,,8,False,201.813,llama3.2:1b,etri-ser0002-cgnmsb,ACTIVE,610.893,d1452d7f-5a5d-4247-ac79-1d5437ba4ab0,Edge computing reduces latency by processing data closer,spark,40,12.0,ok,spark,1788504509.8413334,46.049,638.569,4
809.921,3,815.064,1788504510.864195,4,b03-o04-spark-c4,,8,False,203.827,llama3.2:1b,etri-ser0002-cgnmsb,ACTIVE,606.094,f29ebfb7-8054-4bc1-875c-24fedb92d6ac,Edge computing reduces latency by processing data closer,spark,40,12.0,ok,spark,1788504510.0491338,45.774,634.715,4
807.39,3,810.921,1788504511.0670714,4,b03-o04-spark-c4,,8,False,203.202,llama3.2:1b,etri-ser0002-cgnmsb,ACTIVE,604.188,50b2f665-0c48-415e-871d-031515a77293,Edge computing reduces latency by processing data closer,spark,40,12.0,ok,spark,1788504510.2561526,45.837,632.515,4
811.415,3,814.331,1788504511.272508,4,b03-o04-spark-c4,,8,False,204.805,llama3.2:1b,etri-ser0002-cgnmsb,ACTIVE,606.611,f2a97966-d240-4b08-9256-1ef45d38f8c2,Edge computing reduces latency by processing data closer,spark,40,12.0,ok,spark,1788504510.4581802,45.659,634.904,4
817.65,3,821.558,1788504511.4817038,4,b03-o04-spark-c4,,8,False,208.531,llama3.2:1b,etri-ser0002-cgnmsb,ACTIVE,609.118,2684c3cb-4e55-480d-83bc-fc4d3fd15466,Edge computing reduces latency by processing data closer,spark,40,12.0,ok,spark,1788504510.6601498,45.655,641.79,4
821.611,3,825.001,1788504511.6893024,4,b03-o04-spark-c4,,8,False,207.38,llama3.2:1b,etri-ser0002-cgnmsb,ACTIVE,614.232,4018df0b-7f37-42eb-8afa-4f2b382c5ed5,Edge computing reduces latency by processing data closer,spark,40,12.0,ok,spark,1788504510.8643057,45.76,644.156,4
827.014,3,829.975,1788504511.8970737,4,b03-o04-spark-c4,,8,False,207.735,llama3.2:1b,etri-ser0002-cgnmsb,ACTIVE,619.279,6c8f3aea-64a2-453a-8121-7d7568326c2f,Edge computing reduces latency by processing data closer,spark,40,12.0,ok,spark,1788504511.0671391,46.023,652.28,4
826.409,3,832.61,1788504512.1052036,4,b03-o04-spark-c4,,8,False,207.815,llama3.2:1b,etri-ser0002-cgnmsb,ACTIVE,618.594,ce69e6e5-7f41-4ca3-9b5c-19c34804a67b,Edge computing reduces latency by processing data closer,spark,40,12.0,ok,spark,1788504511.2725966,46.191,650.185,4
824.367,3,828.111,1788504512.3099084,4,b03-o04-spark-c4,,8,False,204.584,llama3.2:1b,etri-ser0002-cgnmsb,ACTIVE,619.783,edfbd1cc-4147-4037-98bf-7e144da11e10,Edge computing reduces latency by processing data closer,spark,40,12.0,ok,spark,1788504511.481802,46.17,651.064,4
817.627,3,824.333,1788504512.513744,4,b03-o04-spark-c4,,8,False,203.111,llama3.2:1b,etri-ser0002-cgnmsb,ACTIVE,614.516,527b3988-a1a6-4246-ad08-86411241f447,Edge computing reduces latency by processing data closer,spark,40,12.0,ok,spark,1788504511.6894145,46.219,642.275,4
816.306,3,821.949,1788504512.7191486,4,b03-o04-spark-c4,,8,False,205.709,llama3.2:1b,etri-ser0002-cgnmsb,ACTIVE,610.597,2ec44eb5-2604-43d6-bcc8-0cec6c2f998c,Edge computing reduces latency by processing data closer,spark,40,12.0,ok,spark,1788504511.8972025,46.344,641.967,4
813.227,3,818.547,1788504512.9238567,4,b03-o04-spark-c4,,8,False,204.174,llama3.2:1b,etri-ser0002-cgnmsb,ACTIVE,609.052,e9082844-2c12-4e4f-9aac-178f9ee87049,Edge computing reduces latency by processing data closer,spark,40,12.0,ok,spark,1788504512.1053128,46.247,638.053,4
819.992,3,823.473,1788504513.1334927,4,b03-o04-spark-c4,,8,False,209.045,llama3.2:1b,etri-ser0002-cgnmsb,ACTIVE,610.948,0af190bc-b935-43e9-98b6-53f719e04a76,Edge computing reduces latency by processing data closer,spark,40,12.0,ok,spark,1788504512.3100202,46.069,644.219,4
822.247,3,828.091,1788504513.3419209,4,b03-o04-spark-c4,,8,False,208.315,llama3.2:1b,etri-ser0002-cgnmsb,ACTIVE,613.932,440fd1a6-8072-4ee7-8b26-4046e8ed7c41,Edge computing reduces latency by processing data closer,spark,40,12.0,ok,spark,1788504512.5138335,46.275,647.973,4
824.946,3,831.32,1788504513.5506,4,b03-o04-spark-c4,,8,False,207.206,llama3.2:1b,etri-ser0002-cgnmsb,ACTIVE,617.739,c6a6928b-57d9-4d32-9524-7cb791b1b4b6,Edge computing reduces latency by processing data closer,spark,40,12.0,ok,spark,1788504512.7192838,46.184,649.245,4
826.424,3,832.573,1788504513.7565184,4,b03-o04-spark-c4,,8,False,206.901,llama3.2:1b,etri-ser0002-cgnmsb,ACTIVE,619.523,04f4d810-6f03-4efb-b64f-504dc92192dd,Edge computing reduces latency by processing data closer,spark,40,12.0,ok,spark,1788504512.9239457,45.906,650.771,4
825.401,3,830.641,1788504513.9641566,4,b03-o04-spark-c4,,8,False,207.33,llama3.2:1b,etri-ser0002-cgnmsb,ACTIVE,618.07,6a2a9435-5a7f-48cb-8855-4f8eb27f84b3,Edge computing reduces latency by processing data closer,spark,40,12.0,ok,spark,1788504513.1335168,45.962,650.191,4
824.205,3,830.414,1788504514.172424,4,b03-o04-spark-c4,,8,False,207.828,llama3.2:1b,etri-ser0002-cgnmsb,ACTIVE,616.377,a5ba7f86-a7e4-4b95-9c00-7b9c0020ec17,Edge computing reduces latency by processing data closer,spark,40,12.0,ok,spark,1788504513.3420103,45.779,647.589,4
825.067,3,832.767,1788504514.3834534,4,b03-o04-spark-c4,,8,False,209.249,llama3.2:1b,etri-ser0002-cgnmsb,ACTIVE,615.818,7a931c85-03f6-48f6-b92d-81750feaa1c9,Edge computing reduces latency by processing data closer,spark,40,12.0,ok,spark,1788504513.5506907,46.141,649.863,4
829.967,3,836.088,1788504514.592625,4,b03-o04-spark-c4,,8,False,209.565,llama3.2:1b,etri-ser0002-cgnmsb,ACTIVE,620.402,c4aba3ad-a9f3-4b43-a294-ea78d057903f,Edge computing reduces latency by processing data closer,spark,40,12.0,ok,spark,1788504513.756541,46.099,653.752,4
831.387,3,835.762,1788504514.7999415,4,b03-o04-spark-c4,,8,False,207.031,llama3.2:1b,etri-ser0002-cgnmsb,ACTIVE,624.355,d5714c39-0234-4959-8f78-d55a64e6e01b,Edge computing reduces latency by processing data closer,spark,40,12.0,ok,spark,1788504513.964184,45.704,655.203,4
825.29,3,831.011,1788504515.0034535,4,b03-o04-spark-c4,,8,False,203.146,llama3.2:1b,etri-ser0002-cgnmsb,ACTIVE,622.145,7efd756e-1210-4f62-915d-b0a6f2f101ef,Edge computing reduces latency by processing data closer,spark,40,12.0,ok,spark,1788504514.172446,45.996,651.273,4
816.669,3,823.42,1788504515.2069602,4,b03-o04-spark-c4,,8,False,203.084,llama3.2:1b,etri-ser0002-cgnmsb,ACTIVE,613.584,ca985326-fae8-4e74-bbce-447d38e1a9f8,Edge computing reduces latency by processing data closer,spark,40,12.0,ok,spark,1788504514.3835433,45.968,640.462,4
816.794,3,822.737,1788504515.4154463,4,b03-o04-spark-c4,,8,False,208.113,llama3.2:1b,etri-ser0002-cgnmsb,ACTIVE,608.681,139bd6f9-9c9c-4470-8ca3-ecef3c89633b,Edge computing reduces latency by processing data closer,spark,40,12.0,ok,spark,1788504514.5927129,46.144,641.435,4
819.562,3,824.004,1788504515.6240325,4,b03-o04-spark-c4,,8,False,208.509,llama3.2:1b,etri-ser0002-cgnmsb,ACTIVE,611.054,df7da601-cbae-4d03-aba6-213fe283c8ff,Edge computing reduces latency by processing data closer,spark,40,12.0,ok,spark,1788504514.800032,45.528,644.064,4
820.229,3,822.88,1788504515.826417,4,b03-o04-spark-c4,,8,False,202.261,llama3.2:1b,etri-ser0002-cgnmsb,ACTIVE,617.967,19bb2d16-74b6-472f-a2ff-edb8f5d337c2,Edge computing reduces latency by processing data closer,spark,40,12.0,ok,spark,1788504515.0035405,45.846,645.278,4
817.684,3,824.091,1788504516.0311346,4,b03-o04-spark-c4,,8,False,204.647,llama3.2:1b,etri-ser0002-cgnmsb,ACTIVE,613.037,7a890f4d-7c93-4e25-85db-cf8469d29b24,Edge computing reduces latency by processing data closer,spark,40,12.0,ok,spark,1788504515.2070498,45.717,641.011,4
818.344,3,824.671,1788504516.2402055,4,b03-o04-spark-c4,,8,False,208.253,llama3.2:1b,etri-ser0002-cgnmsb,ACTIVE,610.09,e8c4bbe8-13a7-48a9-bd39-01c676b1023f,Edge computing reduces latency by processing data closer,spark,40,12.0,ok,spark,1788504515.4155378,45.974,642.608,4
820.694,3,824.603,1788504516.4487216,4,b03-o04-spark-c4,,8,False,207.785,llama3.2:1b,etri-ser0002-cgnmsb,ACTIVE,612.908,f92ae3e5-084a-406b-b5eb-d8d6ea036748,Edge computing reduces latency by processing data closer,spark,40,12.0,ok,spark,1788504515.624122,45.984,645.004,4
827.06,3,830.08,1788504516.6565742,4,b03-o04-spark-c4,,8,False,208.315,llama3.2:1b,etri-ser0002-cgnmsb,ACTIVE,618.745,c8cc3766-0b06-423d-a4a0-4fa367fa01c6,Edge computing reduces latency by processing data closer,spark,40,12.0,ok,spark,1788504515.826498,46.112,652.188,4
825.192,3,831.364,1788504516.8626451,4,b03-o04-spark-c4,,8,False,206.134,llama3.2:1b,etri-ser0002-cgnmsb,ACTIVE,619.058,3ca55a94-7618-4242-bb42-09ad91545ca5,Edge computing reduces latency by processing data closer,spark,40,12.0,ok,spark,1788504516.0312877,45.817,650.988,4
819.735,3,824.643,1788504517.0649552,4,b03-o04-spark-c4,,8,False,202.386,llama3.2:1b,etri-ser0002-cgnmsb,ACTIVE,617.349,439082f6-5cc4-41d0-bf6b-931a41f011a0,Edge computing reduces latency by processing data closer,spark,40,12.0,ok,spark,1788504516.2403154,45.906,645.091,4
813.317,3,819.573,1788504517.268384,4,b03-o04-spark-c4,,8,False,202.93,llama3.2:1b,etri-ser0002-cgnmsb,ACTIVE,610.387,bbed8120-0363-4c73-954c-b96e9e78309a,Edge computing reduces latency by processing data closer,spark,40,12.0,ok,spark,1788504516.4488149,45.834,638.197,4
813.326,3,817.887,1788504517.474549,4,b03-o04-spark-c4,,8,False,206.612,llama3.2:1b,etri-ser0002-cgnmsb,ACTIVE,606.714,5d9c4ca2-511f-4258-a75e-d5fbf799fd07,Edge computing reduces latency by processing data closer,spark,40,12.0,ok,spark,1788504516.656664,45.559,636.155,4
818.559,3,821.681,1788504517.6844494,4,b03-o04-spark-c4,,8,False,209.157,llama3.2:1b,etri-ser0002-cgnmsb,ACTIVE,609.402,c50dad0d-f9cb-4dad-a656-730b31967e5e,Edge computing reduces latency by processing data closer,spark,40,12.0,ok,spark,1788504516.8627698,45.579,641.172,4
824.11,3,826.811,1788504517.8918478,4,b03-o04-spark-c4,,8,False,207.262,llama3.2:1b,etri-ser0002-cgnmsb,ACTIVE,616.848,fd1680c1-c0ec-4f77-95f9-b28d66b1628c,Edge computing reduces latency by processing data closer,spark,40,12.0,ok,spark,1788504517.06504,45.738,648.744,4
824.495,3,827.576,1788504518.0960467,4,b03-o04-spark-c4,,8,False,203.733,llama3.2:1b,etri-ser0002-cgnmsb,ACTIVE,620.762,31882a7b-c485-4692-bbb6-fc20f5244364,Edge computing reduces latency by processing data closer,spark,40,12.0,ok,spark,1788504517.2684736,46.126,648.857,4
824.164,3,828.104,1788504518.3026967,4,b03-o04-spark-c4,,8,False,206.393,llama3.2:1b,etri-ser0002-cgnmsb,ACTIVE,617.77,dcd4be05-f991-411c-8b7a-225b0f67c6b9,Edge computing reduces latency by processing data closer,spark,40,12.0,ok,spark,1788504517.4745963,45.844,649.895,4
816.994,3,822.316,1788504518.5068169,4,b03-o04-spark-c4,,8,False,203.404,llama3.2:1b,etri-ser0002-cgnmsb,ACTIVE,613.59,a218d660-8c47-4fca-92c5-6cec1701ab68,Edge computing reduces latency by processing data closer,spark,40,12.0,ok,spark,1788504517.6845038,46.115,641.026,4
254.384,3,269.285,1788504521.8573372,32,b03-o05-agx-c32,,8,False,254.371,llama3.2:1b,etri-ser0001-cg0msb,ACTIVE,0.013,ea00e0fb-0c45-4989-bab1-80b138a60044,Edge computing reduces latency by processing data closer,agx,41,12.0,ok,agx,1788504521.5880527,41.234,64.13,5
447.289,3,468.717,1788504522.058736,32,b03-o05-agx-c32,,8,False,201.241,llama3.2:1b,etri-ser0001-cg0msb,ACTIVE,246.048,8568f168-718a-46c9-9004-eb32f549308c,Edge computing reduces latency by processing data closer,agx,41,12.0,ok,agx,1788504521.5900202,46.222,274.062,5
655.517,3,681.578,1788504522.2704573,32,b03-o05-agx-c32,,8,False,211.684,llama3.2:1b,etri-ser0001-cg0msb,ACTIVE,443.833,6b98448e-0709-4ede-9c00-aabd5a7b9228,Edge computing reduces latency by processing data closer,agx,41,12.0,ok,agx,1788504521.5888805,44.065,473.583,5
853.516,3,880.467,1788504522.473262,32,b03-o05-agx-c32,,8,False,202.655,llama3.2:1b,etri-ser0001-cg0msb,ACTIVE,650.861,098d1469-c96d-471c-ab8f-47179bc0314c,Edge computing reduces latency by processing data closer,agx,41,12.0,ok,agx,1788504521.5927966,46.029,679.386,5
1047.987,3,1077.943,1788504522.672129,32,b03-o05-agx-c32,,8,False,198.789,llama3.2:1b,etri-ser0001-cg0msb,ACTIVE,849.198,362a3220-9490-4042-bec5-7dbca63e75d1,Edge computing reduces latency by processing data closer,agx,41,12.0,ok,agx,1788504521.5941877,46.705,876.461,5
,3,1065.566,1788504522.6839688,32,b03-o05-agx-c32,ConnectionResetError:[Errno 104] Connection reset by peer,,False,,,,,,8f81c50f-4385-40e5-b302-bf47a31d408c,,,41,12.0,error,agx,1788504521.6184034,,,5
1209.17,3,1281.158,1788504522.8729532,32,b03-o05-agx-c32,,8,False,200.728,llama3.2:1b,etri-ser0001-cg0msb,ACTIVE,1008.441,812bb13a-c6de-4b05-bb95-c3f75cb6a0a0,Edge computing reduces latency by processing data closer,agx,41,12.0,ok,agx,1788504521.5917962,46.462,1036.382,5
1408.502,3,1478.723,1788504523.0750484,32,b03-o05-agx-c32,,8,False,201.949,llama3.2:1b,etri-ser0001-cg0msb,ACTIVE,1206.553,bd27a842-9b1d-4aec-92a5-40783966bfd7,Edge computing reduces latency by processing data closer,agx,41,12.0,ok,agx,1788504521.596326,45.904,1233.914,5
1614.569,3,1686.778,1788504523.2819495,32,b03-o05-agx-c32,,8,False,206.822,llama3.2:1b,etri-ser0001-cg0msb,ACTIVE,1407.747,0bffb619-246f-4f11-99e0-bc79d9a87486,Edge computing reduces latency by processing data closer,agx,41,12.0,ok,agx,1788504521.5951726,44.974,1436.323,5
1819.093,3,1886.967,1788504523.486797,32,b03-o05-agx-c32,,8,False,204.687,llama3.2:1b,etri-ser0001-cg0msb,ACTIVE,1614.406,a382ad0c-2859-4be5-8942-031f1507deb5,Edge computing reduces latency by processing data closer,agx,41,12.0,ok,agx,1788504521.5998318,45.774,1644.137,5
2015.436,3,2094.123,1788504523.6919575,32,b03-o05-agx-c32,,8,False,205.234,llama3.2:1b,etri-ser0001-cg0msb,ACTIVE,1810.202,1441e2ed-9324-4919-b72b-ae31b1a0199a,Edge computing reduces latency by processing data closer,agx,41,12.0,ok,agx,1788504521.5978346,44.95,1837.365,5
2236.819,3,2313.717,1788504523.914765,32,b03-o05-agx-c32,,8,False,222.526,llama3.2:1b,etri-ser0001-cg0msb,ACTIVE,2014.293,3e8a8758-0e7c-44d3-94d8-508558df18ce,Edge computing reduces latency by processing data closer,agx,41,12.0,ok,agx,1788504521.6010494,41.966,2045.971,5
2454.263,3,2529.651,1788504524.1345122,32,b03-o05-agx-c32,,8,False,219.635,llama3.2:1b,etri-ser0001-cg0msb,ACTIVE,2234.627,868113e7-b847-46b2-8ea7-615ef20f9b87,Edge computing reduces latency by processing data closer,agx,41,12.0,ok,agx,1788504521.6048625,42.062,2263.836,5
2659.363,3,2737.456,1788504524.339801,32,b03-o05-agx-c32,,8,False,205.133,llama3.2:1b,etri-ser0001-cg0msb,ACTIVE,2454.23,8953ca8b-3e76-4006-84b7-57008abaa0ae,Edge computing reduces latency by processing data closer,agx,41,12.0,ok,agx,1788504521.6023464,45.428,2483.093,5
2861.136,3,2936.908,1788504524.5429814,32,b03-o05-agx-c32,,8,False,203.06,llama3.2:1b,etri-ser0001-cg0msb,ACTIVE,2658.077,3af81e0b-0781-40ae-b977-586ac6a6da5b,Edge computing reduces latency by processing data closer,agx,41,12.0,ok,agx,1788504521.606075,45.926,2686.791,5
3066.695,3,3146.147,1788504524.7498097,32,b03-o05-agx-c32,,8,False,206.754,llama3.2:1b,etri-ser0001-cg0msb,ACTIVE,2859.941,6bf1b9ec-766f-4d94-a6f5-e3a084cea0f5,Edge computing reduces latency by processing data closer,agx,41,12.0,ok,agx,1788504521.6036644,45.245,2889.61,5
3265.907,3,3338.883,1788504524.9504614,32,b03-o05-agx-c32,,8,False,200.559,llama3.2:1b,etri-ser0001-cg0msb,ACTIVE,3065.348,477eb62f-2da0-4cf7-b357-581476f2e358,Edge computing reduces latency by processing data closer,agx,41,12.0,ok,agx,1788504521.61158,46.239,3092.637,5
3478.909,3,3550.273,1788504525.1656227,32,b03-o05-agx-c32,,8,False,214.996,llama3.2:1b,etri-ser0001-cg0msb,ACTIVE,3263.913,2ef4338a-91c6-4b18-a4e6-01a3f2be9398,Edge computing reduces latency by processing data closer,agx,41,12.0,ok,agx,1788504521.6153514,42.757,3291.528,5
3680.869,3,3743.783,1788504525.3677602,32,b03-o05-agx-c32,,8,False,202.258,llama3.2:1b,etri-ser0001-cg0msb,ACTIVE,3478.611,d3469c73-f1d1-4422-8ac4-8c8ede5a9671,Edge computing reduces latency by processing data closer,agx,41,12.0,ok,agx,1788504521.623979,45.992,3506.833,5
3881.93,3,3946.922,1788504525.5690913,32,b03-o05-agx-c32,,8,False,200.96,llama3.2:1b,etri-ser0001-cg0msb,ACTIVE,3680.97,4002d5e9-ba83-4547-834d-68f3fda8cbec,Edge computing reduces latency by processing data closer,agx,41,12.0,ok,agx,1788504521.622171,46.337,3709.146,5
3915.785,3,3917.526,1788504525.7748945,32,b03-o05-agx-c32,,8,False,205.865,llama3.2:1b,etri-ser0001-cg0msb,ACTIVE,3709.92,9b7f764e-1059-4df0-b2b8-08e07d0668db,Edge computing reduces latency by processing data closer,agx,41,12.0,ok,agx,1788504521.8573694,44.783,3736.882,5
3928.206,3,3930.234,1788504525.9890044,32,b03-o05-agx-c32,,8,False,213.868,llama3.2:1b,etri-ser0001-cg0msb,ACTIVE,3714.338,e5f66af0-5ec0-4dc5-bdfd-e0832b1d3ba5,Edge computing reduces latency by processing data closer,agx,41,12.0,ok,agx,1788504522.0587726,43.177,3742.69,5
3928.047,3,3930.286,1788504526.2007792,32,b03-o05-agx-c32,,8,False,211.57,llama3.2:1b,etri-ser0001-cg0msb,ACTIVE,3716.478,9b43f6e5-3521-487d-8d83-8dae2da5feba,Edge computing reduces latency by processing data closer,agx,41,12.0,ok,agx,1788504522.2704957,43.629,3744.562,5
3926.13,3,3928.178,1788504526.4014761,32,b03-o05-agx-c32,,8,False,200.615,llama3.2:1b,etri-ser0001-cg0msb,ACTIVE,3725.515,3e0e8687-5159-4978-8665-4ad93b946605,Edge computing reduces latency by processing data closer,agx,41,12.0,ok,agx,1788504522.4733,46.246,3752.982,5
3979.231,3,4989.197,1788504526.6027505,32,b03-o05-agx-c32,,8,False,201.235,llama3.2:1b,etri-ser0001-cg0msb,ACTIVE,3777.996,4b06c83d-eccf-43df-9662-5888777db173,Edge computing reduces latency by processing data closer,agx,41,12.0,ok,agx,1788504521.613555,46.136,3805.587,5
4180.517,3,5187.846,1788504526.8045275,32,b03-o05-agx-c32,,8,False,201.654,llama3.2:1b,etri-ser0001-cg0msb,ACTIVE,3978.864,281f610f-c868-4452-8c4a-79dfa014efec,Edge computing reduces latency by processing data closer,agx,41,12.0,ok,agx,1788504521.6166828,46.283,4007.527,5
4382.281,3,5394.234,1788504527.0067244,32,b03-o05-agx-c32,,8,False,202.094,llama3.2:1b,etri-ser0001-cg0msb,ACTIVE,4180.186,6cfd425a-7371-4b11-82e5-34c8c7b1f378,Edge computing reduces latency by processing data closer,agx,41,12.0,ok,agx,1788504521.6124916,46.112,4208.538,5
4587.509,3,5602.461,1788504527.2124374,32,b03-o05-agx-c32,,8,False,205.64,llama3.2:1b,etri-ser0001-cg0msb,ACTIVE,4381.869,93866679-e6f1-484d-b55b-cda5a80dbb1b,Edge computing reduces latency by processing data closer,agx,41,12.0,ok,agx,1788504521.6099787,45.204,4410.269,5
4786.279,3,5803.656,1788504527.4114618,32,b03-o05-agx-c32,,8,False,198.915,llama3.2:1b,etri-ser0001-cg0msb,ACTIVE,4587.364,a0be0780-6ac5-46b9-9826-afe7000535db,Edge computing reduces latency by processing data closer,agx,41,12.0,ok,agx,1788504521.607808,46.662,4614.502,5
4943.973,3,4946.023,1788504527.6181855,32,b03-o05-agx-c32,,8,False,206.79,llama3.2:1b,etri-ser0001-cg0msb,ACTIVE,4737.183,6e62ba60-1386-44d4-af21-07761d909acc,Edge computing reduces latency by processing data closer,agx,41,12.0,ok,agx,1788504522.6721652,45.005,4765.948,5
5139.138,3,6207.552,1788504527.8271368,32,b03-o05-agx-c32,,8,False,208.617,llama3.2:1b,etri-ser0001-cg0msb,ACTIVE,4930.521,6e207981-9233-4ff5-9e0d-ebaee5acd389,Edge computing reduces latency by processing data closer,agx,41,12.0,ok,agx,1788504521.6195855,44.182,4957.753,5
5343.308,3,6411.365,1788504528.0322506,32,b03-o05-agx-c32,,8,False,205.098,llama3.2:1b,etri-ser0001-cg0msb,ACTIVE,5138.21,0a34d126-60b6-4a9b-a93e-d83fb149f24e,Edge computing reduces latency by processing data closer,agx,41,12.0,ok,agx,1788504521.6208873,45.455,5167.208,5
5549.657,3,6609.689,1788504528.2390149,32,b03-o05-agx-c32,,8,False,206.549,llama3.2:1b,etri-ser0001-cg0msb,ACTIVE,5343.108,ecf76405-6209-4553-987b-f912ff8b7814,Edge computing reduces latency by processing data closer,agx,41,12.0,ok,agx,1788504521.6293273,44.775,5370.727,5
5753.518,3,6815.828,1788504528.4429238,32,b03-o05-agx-c32,,8,False,203.995,llama3.2:1b,etri-ser0001-cg0msb,ACTIVE,5549.523,edebbde5-59ce-4eda-87e8-d6956d513654,Edge computing reduces latency by processing data closer,agx,41,12.0,ok,agx,1788504521.627098,45.34,5576.86,5
5955.312,3,7013.31,1788504528.6453865,32,b03-o05-agx-c32,,8,False,202.128,llama3.2:1b,etri-ser0001-cg0msb,ACTIVE,5753.184,4db99ace-2ef0-4c00-a8d2-a6302e812606,Edge computing reduces latency by processing data closer,agx,41,12.0,ok,agx,1788504521.632078,46.373,5782.543,5
6153.871,3,7213.639,1788504528.8444774,32,b03-o05-agx-c32,,8,False,198.97,llama3.2:1b,etri-ser0001-cg0msb,ACTIVE,5954.902,f68d64eb-249d-4e79-bc43-0e7e09d057fb,Edge computing reduces latency by processing data closer,agx,41,12.0,ok,agx,1788504521.6308398,46.642,5982.17,5
6360.371,3,7426.005,1788504529.0516322,32,b03-o05-agx-c32,,8,False,207.035,llama3.2:1b,etri-ser0001-cg0msb,ACTIVE,6153.336,0cd1b121-0ca4-4c6b-977a-b37c985e2027,Edge computing reduces latency by processing data closer,agx,41,12.0,ok,agx,1788504521.6256287,44.848,6181.721,5
6383.911,3,6385.795,1788504529.2587836,32,b03-o05-agx-c32,,8,False,207.182,llama3.2:1b,etri-ser0001-cg0msb,ACTIVE,6176.729,9e1d0f60-d148-4edc-913e-e0bda236fa55,Edge computing reduces latency by processing data closer,agx,41,12.0,ok,agx,1788504522.8729894,44.851,6205.358,5
6381.09,3,6382.92,1788504529.4580011,32,b03-o05-agx-c32,,8,False,199.028,llama3.2:1b,etri-ser0001-cg0msb,ACTIVE,6182.062,32d29811-6910-448f-b433-3464a2121c45,Edge computing reduces latency by processing data closer,agx,41,12.0,ok,agx,1788504523.075084,46.68,6209.495,5
6385.046,3,6387.147,1788504529.6691306,32,b03-o05-agx-c32,,8,False,210.966,llama3.2:1b,etri-ser0001-cg0msb,ACTIVE,6174.081,e8715ed9-1b1b-4e88-a18a-f3875eb7e2b8,Edge computing reduces latency by processing data closer,agx,41,12.0,ok,agx,1788504523.2819867,43.771,6204.482,5
6393.6,3,6395.618,1788504529.882448,32,b03-o05-agx-c32,,8,False,213.239,llama3.2:1b,etri-ser0001-cg0msb,ACTIVE,6180.361,a916dd79-4e0b-452e-9174-2c2661195465,Edge computing reduces latency by processing data closer,agx,41,12.0,ok,agx,1788504523.4868326,44.138,6212.168,5
6393.536,3,6395.179,1788504530.0871587,32,b03-o05-agx-c32,,8,False,204.642,llama3.2:1b,etri-ser0001-cg0msb,ACTIVE,6188.894,7ecb03a3-47d6-4e7c-b6aa-2ef92d329440,Edge computing reduces latency by processing data closer,agx,41,12.0,ok,agx,1788504523.6919825,45.629,6218.077,5
6586.963,3,7614.274,1788504530.2983267,32,b03-o05-agx-c32,,8,False,210.947,llama3.2:1b,etri-ser0001-cg0msb,ACTIVE,6376.016,5e77e4de-2b10-4aca-b6ca-7f1dd581d3aa,Edge computing reduces latency by processing data closer,agx,41,12.0,ok,agx,1788504522.6840553,44.259,6405.95,5
6582.334,3,6584.386,1788504530.4991846,32,b03-o05-agx-c32,,8,False,200.849,llama3.2:1b,etri-ser0001-cg0msb,ACTIVE,6381.485,5b54fa3f-d556-41a2-b37f-d31642852a2c,Edge computing reduces latency by processing data closer,agx,41,12.0,ok,agx,1788504523.9148006,46.236,6408.968,5
6565.471,3,6567.157,1788504530.7017052,32,b03-o05-agx-c32,,8,False,202.331,llama3.2:1b,etri-ser0001-cg0msb,ACTIVE,6363.141,71527779-5b5f-468b-b905-08576a6c31b2,Edge computing reduces latency by processing data closer,agx,41,12.0,ok,agx,1788504524.1345508,46.072,6391.537,5
6559.767,3,6561.616,1788504530.9014516,32,b03-o05-agx-c32,,8,False,199.685,llama3.2:1b,etri-ser0001-cg0msb,ACTIVE,6360.083,680296e9-a733-4b50-a551-ea78430e39b0,Edge computing reduces latency by processing data closer,agx,41,12.0,ok,agx,1788504524.3398376,46.487,6387.323,5
6561.946,3,6563.965,1788504531.1069815,32,b03-o05-agx-c32,,8,False,205.648,llama3.2:1b,etri-ser0001-cg0msb,ACTIVE,6356.298,be5b481b-1eee-4e5e-b91c-c962791b8370,Edge computing reduces latency by processing data closer,agx,41,12.0,ok,agx,1788504524.54302,44.996,6383.825,5
6558.916,3,6560.981,1788504531.3108268,32,b03-o05-agx-c32,,8,False,203.464,llama3.2:1b,etri-ser0001-cg0msb,ACTIVE,6355.452,ce6a57f4-4403-4dbc-bf20-713d1fd2d6ac,Edge computing reduces latency by processing data closer,agx,41,12.0,ok,agx,1788504524.7498481,45.658,6383.574,5
6563.618,3,6565.587,1788504531.516084,32,b03-o05-agx-c32,,8,False,205.197,llama3.2:1b,etri-ser0001-cg0msb,ACTIVE,6358.421,d11c1791-ca16-4c0f-aafe-21aaabf44304,Edge computing reduces latency by processing data closer,agx,41,12.0,ok,agx,1788504524.9504995,45.33,6386.919,5
6552.81,3,6554.366,1788504531.7200253,32,b03-o05-agx-c32,,8,False,203.806,llama3.2:1b,etri-ser0001-cg0msb,ACTIVE,6349.004,ddea031e-9159-4a46-bfde-3b9a8fd46e84,Edge computing reduces latency by processing data closer,agx,41,12.0,ok,agx,1788504525.1656618,45.404,6376.393,5
6558.503,3,6560.61,1788504531.9284081,32,b03-o05-agx-c32,,8,False,208.248,llama3.2:1b,etri-ser0001-cg0msb,ACTIVE,6350.255,4afdbe89-6d0d-420d-a487-d0a8c30814d2,Edge computing reduces latency by processing data closer,agx,41,12.0,ok,agx,1788504525.367801,44.442,6378.2,5
6576.63,3,6578.691,1788504532.147819,32,b03-o05-agx-c32,,8,False,219.296,llama3.2:1b,etri-ser0001-cg0msb,ACTIVE,6357.334,22f0479d-daf0-4f82-bad1-da71e863061e,Edge computing reduces latency by processing data closer,agx,41,12.0,ok,agx,1788504525.56913,42.23,6386.942,5
6581.137,3,6582.972,1788504532.3578918,32,b03-o05-agx-c32,,8,False,209.995,llama3.2:1b,etri-ser0001-cg0msb,ACTIVE,6371.142,229a22de-ace4-4b1f-b8d1-805b09a4f90f,Edge computing reduces latency by processing data closer,agx,41,12.0,ok,agx,1788504525.7749226,43.859,6398.62,5
6585.091,3,6587.034,1788504532.5760722,32,b03-o05-agx-c32,,8,False,218.027,llama3.2:1b,etri-ser0001-cg0msb,ACTIVE,6367.064,1088bba2-b84d-47ce-8e89-2e6bee9a2002,Edge computing reduces latency by processing data closer,agx,41,12.0,ok,agx,1788504525.9890413,42.584,6396.899,5
6582.046,3,6584.011,1788504532.7848253,32,b03-o05-agx-c32,,8,False,208.863,llama3.2:1b,etri-ser0001-cg0msb,ACTIVE,6373.184,3b0b6606-81cb-410d-b1d7-910d7d427525,Edge computing reduces latency by processing data closer,agx,41,12.0,ok,agx,1788504526.2008164,44.807,6403.294,5
6583.516,3,6585.43,1788504532.9869418,32,b03-o05-agx-c32,,8,False,201.759,llama3.2:1b,etri-ser0001-cg0msb,ACTIVE,6381.756,efcadb4a-7552-4652-bb94-96fd84e0d64b,Edge computing reduces latency by processing data closer,agx,41,12.0,ok,agx,1788504526.401514,46.17,6409.959,5
6589.514,3,6591.483,1788504533.1942682,32,b03-o05-agx-c32,,8,False,207.194,llama3.2:1b,etri-ser0001-cg0msb,ACTIVE,6382.319,0e1422bd-368e-4bec-9bd7-e277007834e1,Edge computing reduces latency by processing data closer,agx,41,12.0,ok,agx,1788504526.602787,44.529,6409.643,5
6589.222,3,6591.239,1788504533.3958037,32,b03-o05-agx-c32,,8,False,201.548,llama3.2:1b,etri-ser0001-cg0msb,ACTIVE,6387.674,deea382f-c04a-4d05-a745-e078a9e0cd88,Edge computing reduces latency by processing data closer,agx,41,12.0,ok,agx,1788504526.8045669,45.914,6414.825,5
6588.708,3,6590.636,1788504533.5973964,32,b03-o05-agx-c32,,8,False,201.43,llama3.2:1b,etri-ser0001-cg0msb,ACTIVE,6387.278,66cdda97-29e3-410d-ab16-4af813bfe772,Edge computing reduces latency by processing data closer,agx,41,12.0,ok,agx,1788504527.0067625,45.987,6414.48,5
6592.042,3,6593.978,1788504533.8064532,32,b03-o05-agx-c32,,8,False,209.029,llama3.2:1b,etri-ser0001-cg0msb,ACTIVE,6383.012,0c9c68e3-8169-424e-85aa-97b78c7f75d8,Edge computing reduces latency by processing data closer,agx,41,12.0,ok,agx,1788504527.2124755,44.218,6410.941,5
6595.021,3,6597.007,1788504534.008503,32,b03-o05-agx-c32,,8,False,201.933,llama3.2:1b,etri-ser0001-cg0msb,ACTIVE,6393.087,1b3097ed-42a7-49a8-bfa6-f801fd5217ad,Edge computing reduces latency by processing data closer,agx,41,12.0,ok,agx,1788504527.4114983,45.81,6420.177,5
6592.683,3,6594.631,1788504534.212854,32,b03-o05-agx-c32,,8,False,204.204,llama3.2:1b,etri-ser0001-cg0msb,ACTIVE,6388.479,f4e8ba97-d751-480c-9df1-ccec2704ff43,Edge computing reduces latency by processing data closer,agx,41,12.0,ok,agx,1788504527.6182253,45.218,6415.475,5
6582.539,3,6584.466,1788504534.4116359,32,b03-o05-agx-c32,,8,False,198.653,llama3.2:1b,etri-ser0001-cg0msb,ACTIVE,6383.885,723b1e16-fdbd-4725-bd58-dfa87a68baed,Edge computing reduces latency by processing data closer,agx,41,12.0,ok,agx,1788504527.8271718,46.642,6410.803,5
6576.062,3,6578.01,1788504534.6102934,32,b03-o05-agx-c32,,8,False,198.537,llama3.2:1b,etri-ser0001-cg0msb,ACTIVE,6377.526,c27714fb-54bd-4c5a-9a35-c496c101711a,Edge computing reduces latency by processing data closer,agx,41,12.0,ok,agx,1788504528.0322857,46.733,6404.532,5
6569.087,3,6571.094,1788504534.8101432,32,b03-o05-agx-c32,,8,False,199.78,llama3.2:1b,etri-ser0001-cg0msb,ACTIVE,6369.307,64cfa868-e317-4452-8bb7-cc1c79aad6a8,Edge computing reduces latency by processing data closer,agx,41,12.0,ok,agx,1788504528.2390518,46.377,6396.397,5
6564.885,3,6566.809,1788504535.009768,32,b03-o05-agx-c32,,8,False,199.549,llama3.2:1b,etri-ser0001-cg0msb,ACTIVE,6365.336,18bec16f-bfc0-4775-ad02-4ab08936615e,Edge computing reduces latency by processing data closer,agx,41,12.0,ok,agx,1788504528.4429615,46.457,6392.385,5
6568.245,3,6570.261,1788504535.2156808,32,b03-o05-agx-c32,,8,False,205.733,llama3.2:1b,etri-ser0001-cg0msb,ACTIVE,6362.512,f71abeca-0718-4a12-9072-e50e72be0931,Edge computing reduces latency by processing data closer,agx,41,12.0,ok,agx,1788504528.6454227,44.988,6390.113,5
6574.361,3,6576.401,1788504535.4209137,32,b03-o05-agx-c32,,8,False,205.153,llama3.2:1b,etri-ser0001-cg0msb,ACTIVE,6369.208,ceecb305-3420-490f-bcfe-dd10af4c46fd,Edge computing reduces latency by processing data closer,agx,41,12.0,ok,agx,1788504528.8445148,45.183,6397.123,5
6577.47,3,6579.397,1788504535.631063,32,b03-o05-agx-c32,,8,False,209.978,llama3.2:1b,etri-ser0001-cg0msb,ACTIVE,6367.493,1fc5163e-aab2-4812-b186-76c7253a5a10,Edge computing reduces latency by processing data closer,agx,41,12.0,ok,agx,1788504529.0516684,44.071,6395.797,5
6601.109,3,6603.579,1788504535.8623848,32,b03-o05-agx-c32,,8,False,231.266,llama3.2:1b,etri-ser0001-cg0msb,ACTIVE,6369.843,91d2cd6a-4736-4323-bfce-98bff2521204,Edge computing reduces latency by processing data closer,agx,41,12.0,ok,agx,1788504529.2588089,39.576,6398.753,5
6607.682,3,6609.586,1788504536.0676205,32,b03-o05-agx-c32,,8,False,205.148,llama3.2:1b,etri-ser0001-cg0msb,ACTIVE,6402.534,6222da3f-2a12-456e-8fdf-a549945d19a0,Edge computing reduces latency by processing data closer,agx,41,12.0,ok,agx,1788504529.4580376,45.543,6431.751,5
6605.612,3,6607.649,1788504536.2768264,32,b03-o05-agx-c32,,8,False,209.146,llama3.2:1b,etri-ser0001-cg0msb,ACTIVE,6396.466,c0ffab7f-4514-4848-a351-5a2b17c62754,Edge computing reduces latency by processing data closer,agx,41,12.0,ok,agx,1788504529.6691797,44.754,6426.506,5
6591.595,3,6593.584,1788504536.476066,32,b03-o05-agx-c32,,8,False,199.132,llama3.2:1b,etri-ser0001-cg0msb,ACTIVE,6392.463,f9208392-1d21-4dc1-9920-4176423c2299,Edge computing reduces latency by processing data closer,agx,41,12.0,ok,agx,1788504529.8824844,46.647,6419.821,5
6591.771,3,6593.609,1788504536.6808023,32,b03-o05-agx-c32,,8,False,204.608,llama3.2:1b,etri-ser0001-cg0msb,ACTIVE,6387.163,c0608b11-62d1-4b01-a853-411162562aa1,Edge computing reduces latency by processing data closer,agx,41,12.0,ok,agx,1788504530.087196,45.164,6414.271,5
6596.382,3,6598.315,1788504536.8967133,32,b03-o05-agx-c32,,8,False,215.795,llama3.2:1b,etri-ser0001-cg0msb,ACTIVE,6380.587,90259ed7-8556-43a3-af32-05c278edde07,Edge computing reduces latency by processing data closer,agx,41,12.0,ok,agx,1788504530.2984002,42.895,6409.777,5
6602.963,3,6604.778,1788504537.103997,32,b03-o05-agx-c32,,8,False,207.358,llama3.2:1b,etri-ser0001-cg0msb,ACTIVE,6395.605,84dce0b8-35c9-4006-b2a6-1ff6b1353154,Edge computing reduces latency by processing data closer,agx,41,12.0,ok,agx,1788504530.4992213,44.507,6423.123,5
6611.207,3,6613.098,1788504537.3148367,32,b03-o05-agx-c32,,8,False,210.61,llama3.2:1b,etri-ser0001-cg0msb,ACTIVE,6400.596,863a1b74-41f0-4d14-ba48-f784941ee82a,Edge computing reduces latency by processing data closer,agx,41,12.0,ok,agx,1788504530.701741,44.193,6429.936,5
6620.226,3,6622.325,1788504537.5238087,32,b03-o05-agx-c32,,8,False,208.774,llama3.2:1b,etri-ser0001-cg0msb,ACTIVE,6411.452,46d9fb0d-2f66-4693-8538-3bde62c707b1,Edge computing reduces latency by processing data closer,agx,41,12.0,ok,agx,1788504530.9014864,44.325,6439.611,5
6628.742,3,6630.768,1788504537.737789,32,b03-o05-agx-c32,,8,False,213.862,llama3.2:1b,etri-ser0001-cg0msb,ACTIVE,6414.88,c6d39d76-599e-4a26-b70a-077d33d68ce0,Edge computing reduces latency by processing data closer,agx,41,12.0,ok,agx,1788504531.1070235,43.203,6443.289,5
6641.709,3,6643.691,1788504537.9545507,32,b03-o05-agx-c32,,8,False,216.678,llama3.2:1b,etri-ser0001-cg0msb,ACTIVE,6425.031,a5597219-e78d-40d3-a833-fb85dd3e0b74,Edge computing reduces latency by processing data closer,agx,41,12.0,ok,agx,1788504531.310862,43.073,6455.808,5
6653.155,3,6655.093,1788504538.171212,32,b03-o05-agx-c32,,8,False,216.545,llama3.2:1b,etri-ser0001-cg0msb,ACTIVE,6436.61,2aec0f2e-cc9f-4a5e-b686-03ecaa7575ee,Edge computing reduces latency by processing data closer,agx,41,12.0,ok,agx,1788504531.5161216,42.538,6464.862,5
6655.761,3,6657.706,1788504538.3777657,32,b03-o05-agx-c32,,8,False,206.41,llama3.2:1b,etri-ser0001-cg0msb,ACTIVE,6449.351,a597ceff-2ad3-4bb6-a900-c1d637097c51,Edge computing reduces latency by processing data closer,agx,41,12.0,ok,agx,1788504531.720062,45.194,6478.505,5
6661.892,3,6663.867,1788504538.5923097,32,b03-o05-agx-c32,,8,False,214.49,llama3.2:1b,etri-ser0001-cg0msb,ACTIVE,6447.402,d85c70ea-3e90-40f8-94d6-c57af4901878,Edge computing reduces latency by processing data closer,agx,41,12.0,ok,agx,1788504531.928445,43.116,6476.024,5
6654.433,3,6656.215,1788504538.8040695,32,b03-o05-agx-c32,,8,False,211.709,llama3.2:1b,etri-ser0001-cg0msb,ACTIVE,6442.724,ba6f5aa1-6298-4332-aa1b-f9b506e8d808,Edge computing reduces latency by processing data closer,agx,41,12.0,ok,agx,1788504532.1478565,43.827,6471.531,5
6651.188,3,6653.053,1788504539.0109773,32,b03-o05-agx-c32,,8,False,206.79,llama3.2:1b,etri-ser0001-cg0msb,ACTIVE,6444.398,ca21c0b3-ce91-4dda-9be4-36ae74518df4,Edge computing reduces latency by processing data closer,agx,41,12.0,ok,agx,1788504532.3579268,44.751,6472.409,5
6646.762,3,6648.423,1788504539.224532,32,b03-o05-agx-c32,,8,False,213.395,llama3.2:1b,etri-ser0001-cg0msb,ACTIVE,6433.367,589e412a-d8a1-44cc-9fdd-1bc4b493dad6,Edge computing reduces latency by processing data closer,agx,41,12.0,ok,agx,1788504532.5761116,43.136,6461.066,5
6639.955,3,6641.914,1788504539.4267726,32,b03-o05-agx-c32,,8,False,202.116,llama3.2:1b,etri-ser0001-cg0msb,ACTIVE,6437.84,8b5f5fa5-8982-476a-9c29-cf3154a446a5,Edge computing reduces latency by processing data closer,agx,41,12.0,ok,agx,1788504532.7848608,45.948,6465.58,5
6637.451,3,6639.69,1788504539.6266668,32,b03-o05-agx-c32,,8,False,199.762,llama3.2:1b,etri-ser0001-cg0msb,ACTIVE,6437.689,7c80aaa3-9e91-470d-a2f9-f06b3fe02870,Edge computing reduces latency by processing data closer,agx,41,12.0,ok,agx,1788504532.9869792,46.363,6464.657,5
6642.416,3,6644.356,1788504539.8386593,32,b03-o05-agx-c32,,8,False,211.958,llama3.2:1b,etri-ser0001-cg0msb,ACTIVE,6430.458,fa5a4621-4e68-4b09-8cd8-fb9b2dc3a9e4,Edge computing reduces latency by processing data closer,agx,41,12.0,ok,agx,1788504533.194305,43.444,6458.066,5
6650.148,3,6651.67,1788504540.0475078,32,b03-o05-agx-c32,,8,False,208.685,llama3.2:1b,etri-ser0001-cg0msb,ACTIVE,6441.462,2a4a3374-0e71-48d9-8583-793bc00d6d1e,Edge computing reduces latency by processing data closer,agx,41,12.0,ok,agx,1788504533.39584,44.459,6469.812,5
522.14,3,544.091,1788504543.687989,16,b03-o06-nano-c16,,8,False,522.119,llama3.2:1b,etri-dev0001-jetorn,ACTIVE,0.02,a40728d5-7b5e-451c-81dc-24becc616a1b,Edge computing reduces latency by processing data closer,nano,42,12.0,ok,nano,1788504543.143902,20.738,141.777,6
892.955,3,914.285,1788504544.0589454,16,b03-o06-nano-c16,,8,False,370.886,llama3.2:1b,etri-dev0001-jetorn,ACTIVE,522.069,ebdba5cd-41ea-4e29-9544-807014219e89,Edge computing reduces latency by processing data closer,nano,42,12.0,ok,nano,1788504543.144662,25.754,581.052,6
1302.599,3,1327.634,1788504544.4710157,16,b03-o06-nano-c16,,8,False,411.149,llama3.2:1b,etri-dev0001-jetorn,ACTIVE,891.451,cb664b1e-416f-4546-8f08-e527d1abd492,Edge computing reduces latency by processing data closer,nano,42,12.0,ok,nano,1788504543.143387,23.13,959.18,6
1668.477,3,1692.808,1788504544.8371332,16,b03-o06-nano-c16,,8,False,366.358,llama3.2:1b,etri-dev0001-jetorn,ACTIVE,1302.119,9753faba-540e-49ea-a1b7-38c37938eb07,Edge computing reduces latency by processing data closer,nano,42,12.0,ok,nano,1788504543.1443284,26.43,1374.292,6
2013.479,3,2060.764,1788504545.2063391,16,b03-o06-nano-c16,,8,False,367.998,llama3.2:1b,etri-dev0001-jetorn,ACTIVE,1645.48,832bfb60-bf34-4819-9f5b-b82c5804d958,Edge computing reduces latency by processing data closer,nano,42,12.0,ok,nano,1788504543.1455765,25.723,1701.682,6
2301.804,3,2433.24,1788504545.5783691,16,b03-o06-nano-c16,,8,False,370.936,llama3.2:1b,etri-dev0001-jetorn,ACTIVE,1930.868,4cf5b399-062f-44fd-ab89-8fa2667ad22b,Edge computing reduces latency by processing data closer,nano,42,12.0,ok,nano,1788504543.145135,25.359,1987.194,6
2718.354,3,2854.706,1788504546.0029776,16,b03-o06-nano-c16,,8,False,424.112,llama3.2:1b,etri-dev0001-jetorn,ACTIVE,2294.241,78db68e5-d4dd-4e3a-97a5-6ba86ec6c9a5,Edge computing reduces latency by processing data closer,nano,42,12.0,ok,nano,1788504543.1482766,22.561,2364.786,6
3083.667,3,3222.584,1788504546.3709528,16,b03-o06-nano-c16,,8,False,367.916,llama3.2:1b,etri-dev0001-jetorn,ACTIVE,2715.752,dd4d424b-de51-4f20-a4b7-95add1eddba4,Edge computing reduces latency by processing data closer,nano,42,12.0,ok,nano,1788504543.1483724,25.679,2770.398,6
3249.624,3,3261.869,1788504546.9499488,16,b03-o06-nano-c16,,8,False,575.969,llama3.2:1b,etri-dev0001-jetorn,ACTIVE,2673.655,83d828ef-d5c8-4b52-9dd6-322814430f01,Edge computing reduces latency by processing data closer,nano,42,12.0,ok,nano,1788504543.6880836,23.376,2905.872,6
3294.504,3,3307.491,1788504547.3664577,16,b03-o06-nano-c16,,8,False,412.041,llama3.2:1b,etri-dev0001-jetorn,ACTIVE,2882.464,9fd5d0ce-efd4-4176-96e1-3113b3f1554b,Edge computing reduces latency by processing data closer,nano,42,12.0,ok,nano,1788504544.0589705,23.08,2938.697,6
3520.943,3,4587.51,1788504547.736786,16,b03-o06-nano-c16,,8,False,368.024,llama3.2:1b,etri-dev0001-jetorn,ACTIVE,3152.919,94ff640e-a1ae-46e6-8f60-52cca042a242,Edge computing reduces latency by processing data closer,nano,42,12.0,ok,nano,1788504543.149277,26.15,3214.305,6
3940.884,3,5019.113,1788504548.1666162,16,b03-o06-nano-c16,,8,False,425.951,llama3.2:1b,etri-dev0001-jetorn,ACTIVE,3514.933,b09c28c6-d10a-4d09-9280-6c64d9b0b015,Edge computing reduces latency by processing data closer,nano,42,12.0,ok,nano,1788504543.147505,21.568,3575.633,6
4416.862,3,5505.811,1788504548.6518352,16,b03-o06-nano-c16,,8,False,486.517,llama3.2:1b,etri-dev0001-jetorn,ACTIVE,3930.345,13ffb352-ed75-4619-a949-032aba487f74,Edge computing reduces latency by processing data closer,nano,42,12.0,ok,nano,1788504543.1460283,19.17,4004.871,6
5351.69,3,6453.169,1788504549.599763,16,b03-o06-nano-c16,,8,False,947.777,llama3.2:1b,etri-dev0001-jetorn,ACTIVE,4403.913,8cf9445c-befc-4fac-811a-a5ef4e219d69,Edge computing reduces latency by processing data closer,nano,42,12.0,ok,nano,1788504543.1465964,24.72,5023.406,6
5743.748,3,6842.505,1788504549.9920328,16,b03-o06-nano-c16,,8,False,392.201,llama3.2:1b,etri-dev0001-jetorn,ACTIVE,5351.547,99fa36ae-160b-452e-a8ee-b63ba75ce319,Edge computing reduces latency by processing data closer,nano,42,12.0,ok,nano,1788504543.149528,24.677,5420.821,6
6106.493,3,7224.988,1788504550.373933,16,b03-o06-nano-c16,,8,False,381.019,llama3.2:1b,etri-dev0001-jetorn,ACTIVE,5725.474,75caf55d-334e-4b45-86b6-f738077eb7d7,Edge computing reduces latency by processing data closer,nano,42,12.0,ok,nano,1788504543.1489484,24.536,5780.045,6
6676.352,3,7804.119,1788504550.9519515,16,b03-o06-nano-c16,,8,False,577.54,llama3.2:1b,etri-dev0001-jetorn,ACTIVE,6098.812,bfd200c0-d72f-401b-b0e2-5048e4867a96,Edge computing reduces latency by processing data closer,nano,42,12.0,ok,nano,1788504543.1478362,24.264,6348.105,6
6919.057,3,8176.623,1788504551.3237128,16,b03-o06-nano-c16,,8,False,372.059,llama3.2:1b,etri-dev0001-jetorn,ACTIVE,6546.999,d69816c8-f9b1-46c6-a870-02c2cd80f037,Edge computing reduces latency by processing data closer,nano,42,12.0,ok,nano,1788504543.1470907,27.04,6626.39,6
7219.702,3,7236.63,1788504551.7077532,16,b03-o06-nano-c16,,8,False,382.444,llama3.2:1b,etri-dev0001-jetorn,ACTIVE,6837.258,bf4602ba-d51d-4722-aa60-54c3bc87b80b,Edge computing reduces latency by processing data closer,nano,42,12.0,ok,nano,1788504544.4711277,25.443,6908.031,6
7257.304,3,7268.44,1788504552.1057363,16,b03-o06-nano-c16,,8,False,398.745,llama3.2:1b,etri-dev0001-jetorn,ACTIVE,6858.559,5685327d-2308-490c-a5b4-abe83cb865a3,Edge computing reduces latency by processing data closer,nano,42,12.0,ok,nano,1788504544.8372998,24.172,6930.378,6
7405.674,3,7416.449,1788504552.6228182,16,b03-o06-nano-c16,,8,False,515.952,llama3.2:1b,etri-dev0001-jetorn,ACTIVE,6889.722,1500fd78-b6be-4cc9-adba-b8c6715214a6,Edge computing reduces latency by processing data closer,nano,42,12.0,ok,nano,1788504545.2063732,24.052,7077.774,6
7503.859,3,7520.644,1788504553.0991192,16,b03-o06-nano-c16,,8,False,472.216,llama3.2:1b,etri-dev0001-jetorn,ACTIVE,7031.643,f103a3e8-eff2-4c9f-b639-f173d3ec655a,Edge computing reduces latency by processing data closer,nano,42,12.0,ok,nano,1788504545.5784786,26.878,7200.09,6
7437.377,3,7447.547,1788504553.4506316,16,b03-o06-nano-c16,,8,False,351.927,llama3.2:1b,etri-dev0001-jetorn,ACTIVE,7085.45,a2981da8-27d1-4e3e-ad66-8fedee36feb7,Edge computing reduces latency by processing data closer,nano,42,12.0,ok,nano,1788504546.0030882,27.319,7141.401,6
7456.851,3,7463.454,1788504553.8344948,16,b03-o06-nano-c16,,8,False,383.334,llama3.2:1b,etri-dev0001-jetorn,ACTIVE,7073.518,dff92805-829a-4196-999d-5f08371c1b41,Edge computing reduces latency by processing data closer,nano,42,12.0,ok,nano,1788504546.3710442,24.399,7124.896,6
7247.969,3,7257.553,1788504554.2075856,16,b03-o06-nano-c16,,8,False,371.369,llama3.2:1b,etri-dev0001-jetorn,ACTIVE,6876.599,5aea5439-cfb2-4295-8b0e-c94950b29906,Edge computing reduces latency by processing data closer,nano,42,12.0,ok,nano,1788504546.9500358,25.363,6932.032,6
7358.394,3,7372.763,1788504554.7393072,16,b03-o06-nano-c16,,8,False,531.302,llama3.2:1b,etri-dev0001-jetorn,ACTIVE,6827.092,cf4716a4-3df9-4b42-abc8-b0a4bf92c3fd,Edge computing reduces latency by processing data closer,nano,42,12.0,ok,nano,1788504547.3665483,25.384,7038.695,6
7407.994,3,7421.41,1788504555.1582248,16,b03-o06-nano-c16,,8,False,419.736,llama3.2:1b,etri-dev0001-jetorn,ACTIVE,6988.257,62ebe48a-f90d-4cb3-bc16-2002e457ab39,Edge computing reduces latency by processing data closer,nano,42,12.0,ok,nano,1788504547.7368166,23.464,7063.989,6
7335.083,3,7344.519,1788504555.5111725,16,b03-o06-nano-c16,,8,False,348.242,llama3.2:1b,etri-dev0001-jetorn,ACTIVE,6986.841,56789a2e-0ada-4f80-a659-a6b881a81659,Edge computing reduces latency by processing data closer,nano,42,12.0,ok,nano,1788504548.1666572,27.261,7039.342,6
7212.902,3,7227.06,1788504555.8790276,16,b03-o06-nano-c16,,8,False,367.23,llama3.2:1b,etri-dev0001-jetorn,ACTIVE,6845.672,f8338449-37de-4021-9b59-4320a747d843,Edge computing reduces latency by processing data closer,nano,42,12.0,ok,nano,1788504548.6519709,25.433,6897.643,6
6660.231,3,6671.321,1788504556.2711382,16,b03-o06-nano-c16,,8,False,392.512,llama3.2:1b,etri-dev0001-jetorn,ACTIVE,6267.719,b57e9662-dfee-4881-8c41-8b288b8fa3d6,Edge computing reduces latency by processing data closer,nano,42,12.0,ok,nano,1788504549.599819,23.563,6319.343,6
6632.54,3,6649.452,1788504556.6415112,16,b03-o06-nano-c16,,8,False,363.384,llama3.2:1b,etri-dev0001-jetorn,ACTIVE,6269.156,170f5436-add4-4484-9202-0b2a5b2330aa,Edge computing reduces latency by processing data closer,nano,42,12.0,ok,nano,1788504549.9920607,26.192,6328.665,6
6641.584,3,6654.14,1788504557.028195,16,b03-o06-nano-c16,,8,False,392.61,llama3.2:1b,etri-dev0001-jetorn,ACTIVE,6248.974,4dac22c2-b282-41e6-acf9-3b1d77dc3934,Edge computing reduces latency by processing data closer,nano,42,12.0,ok,nano,1788504550.3740594,24.95,6320.892,6
6463.798,3,6490.129,1788504557.4421666,16,b03-o06-nano-c16,,8,False,414.923,llama3.2:1b,etri-dev0001-jetorn,ACTIVE,6048.875,f3d13d1e-eba7-48e4-943e-56d9865dba76,Edge computing reduces latency by processing data closer,nano,42,12.0,ok,nano,1788504550.952038,22.353,6105.495,6
6465.447,3,6480.294,1788504557.8040276,16,b03-o06-nano-c16,,8,False,360.831,llama3.2:1b,etri-dev0001-jetorn,ACTIVE,6104.616,89ed7427-8037-4c9a-b4b6-2407bf1c9275,Edge computing reduces latency by processing data closer,nano,42,12.0,ok,nano,1788504551.3237355,26.279,6159.971,6
6434.357,3,6455.056,1788504558.1629152,16,b03-o06-nano-c16,,8,False,356.501,llama3.2:1b,etri-dev0001-jetorn,ACTIVE,6077.856,f878d5c0-000a-4e91-83d4-6a59b31f51dd,Edge computing reduces latency by processing data closer,nano,42,12.0,ok,nano,1788504551.7078607,26.609,6130.795,6
6488.813,3,6504.025,1788504558.6098938,16,b03-o06-nano-c16,,8,False,443.944,llama3.2:1b,etri-dev0001-jetorn,ACTIVE,6044.869,5b555db9-f091-4d67-98e0-e3a1ebf4fe05,Edge computing reduces latency by processing data closer,nano,42,12.0,ok,nano,1788504552.105872,20.586,6097.002,6
6330.922,3,6340.616,1788504558.963517,16,b03-o06-nano-c16,,8,False,356.488,llama3.2:1b,etri-dev0001-jetorn,ACTIVE,5974.434,dfd85e1b-1508-4f2c-9888-132d611dfecd,Edge computing reduces latency by processing data closer,nano,42,12.0,ok,nano,1788504552.6229043,26.244,6026.378,6
6214.193,3,6221.639,1788504559.3208451,16,b03-o06-nano-c16,,8,False,355.925,llama3.2:1b,etri-dev0001-jetorn,ACTIVE,5858.268,0f13c46d-046c-49e4-921d-55e361ecf074,Edge computing reduces latency by processing data closer,nano,42,12.0,ok,nano,1788504553.09921,26.899,5920.907,6
6231.148,3,6248.396,1788504559.6991155,16,b03-o06-nano-c16,,8,False,377.463,llama3.2:1b,etri-dev0001-jetorn,ACTIVE,5853.685,0deaf39d-62ae-4c7a-a228-77f5cdae79fd,Edge computing reduces latency by processing data closer,nano,42,12.0,ok,nano,1788504553.4507253,24.654,5904.246,6
6203.861,3,6219.91,1788504560.0544875,16,b03-o06-nano-c16,,8,False,356.261,llama3.2:1b,etri-dev0001-jetorn,ACTIVE,5847.6,a8e4d400-703c-4624-ab04-b5769a74aee9,Edge computing reduces latency by processing data closer,nano,42,12.0,ok,nano,1788504553.83458,26.52,5899.931,6
8473.903,3,8482.964,1788504562.6906376,16,b03-o06-nano-c16,,8,False,2632.439,llama3.2:1b,etri-dev0001-jetorn,ACTIVE,5841.464,b13545d5-46ff-4052-b7b9-92aec2ed705a,Edge computing reduces latency by processing data closer,nano,42,12.0,ok,nano,1788504554.2076774,22.0,8109.889,6
8362.855,3,8382.034,1788504563.121433,16,b03-o06-nano-c16,,8,False,427.292,llama3.2:1b,etri-dev0001-jetorn,ACTIVE,7935.563,6905d13d-60b8-4a04-b263-6357ea4af5da,Edge computing reduces latency by processing data closer,nano,42,12.0,ok,nano,1788504554.7394001,23.367,8024.018,6
552.868,3,577.224,1788504566.7739496,8,b03-o07-nano-c8,,8,False,552.852,llama3.2:1b,etri-dev0001-jetorn,ACTIVE,0.017,cb94155f-5ed1-41a3-bef2-667c162fce53,Edge computing reduces latency by processing data closer,nano,43,12.0,ok,nano,1788504566.1967268,19.385,137.458,7
929.412,3,952.255,1788504567.1500797,8,b03-o07-nano-c8,,8,False,374.603,llama3.2:1b,etri-dev0001-jetorn,ACTIVE,554.808,f5076e28-4a27-4aac-8b1a-8bd2ddbcea3c,Edge computing reduces latency by processing data closer,nano,43,12.0,ok,nano,1788504566.1978285,26.285,626.301,7
1327.907,3,1352.193,1788504567.5507624,8,b03-o07-nano-c8,,8,False,399.101,llama3.2:1b,etri-dev0001-jetorn,ACTIVE,928.806,8fc0f5c6-ac2e-4929-8ac3-f1228f761d1c,Edge computing reduces latency by processing data closer,nano,43,12.0,ok,nano,1788504566.1985729,23.195,984.647,7
1681.604,3,1722.038,1788504567.9216564,8,b03-o07-nano-c8,,8,False,369.996,llama3.2:1b,etri-dev0001-jetorn,ACTIVE,1311.608,738770a3-ce30-45dd-b159-0e6dd01bb9a8,Edge computing reduces latency by processing data closer,nano,43,12.0,ok,nano,1788504566.199618,26.096,1371.359,7
2016.049,3,2093.271,1788504568.294909,8,b03-o07-nano-c8,,8,False,372.862,llama3.2:1b,etri-dev0001-jetorn,ACTIVE,1643.186,870ce322-0aad-45b7-b95c-52cad83c4fa5,Edge computing reduces latency by processing data closer,nano,43,12.0,ok,nano,1788504566.2016387,25.415,1703.664,7
2403.688,3,2490.695,1788504568.6942225,8,b03-o07-nano-c8,,8,False,389.127,llama3.2:1b,etri-dev0001-jetorn,ACTIVE,2014.561,073bbfa1-6e89-4621-95a9-cee4b0450d22,Edge computing reduces latency by processing data closer,nano,43,12.0,ok,nano,1788504566.2035286,23.828,2067.695,7
2783.313,3,2873.836,1788504569.0744147,8,b03-o07-nano-c8,,8,False,379.302,llama3.2:1b,etri-dev0001-jetorn,ACTIVE,2404.011,f67ae62e-efcd-4fba-9183-d1650d814ea9,Edge computing reduces latency by processing data closer,nano,43,12.0,ok,nano,1788504566.2005816,25.518,2471.24,7
3090.668,3,3236.257,1788504569.4387467,8,b03-o07-nano-c8,,8,False,363.041,llama3.2:1b,etri-dev0001-jetorn,ACTIVE,2727.627,19cb6e62-1e61-4297-b400-646cbb54ec38,Edge computing reduces latency by processing data closer,nano,43,12.0,ok,nano,1788504566.2024913,26.418,2787.023,7
3020.257,3,3027.887,1788504569.8018675,8,b03-o07-nano-c8,,8,False,363.136,llama3.2:1b,etri-dev0001-jetorn,ACTIVE,2657.121,eef9139e-17eb-4830-9f68-86dcadf8b2b7,Edge computing reduces latency by processing data closer,nano,43,12.0,ok,nano,1788504566.773983,26.615,2717.127,7
3022.729,3,3043.157,1788504570.1933331,8,b03-o07-nano-c8,,8,False,391.147,llama3.2:1b,etri-dev0001-jetorn,ACTIVE,2631.582,998f852e-ae39-4119-8c27-be577282b6d0,Edge computing reduces latency by processing data closer,nano,43,12.0,ok,nano,1788504567.150179,24.374,2696.279,7
2979.704,3,2995.498,1788504570.5463417,8,b03-o07-nano-c8,,8,False,348.222,llama3.2:1b,etri-dev0001-jetorn,ACTIVE,2631.482,46ffdbae-c623-4367-812a-004cdc007d03,Edge computing reduces latency by processing data closer,nano,43,12.0,ok,nano,1788504567.5508468,27.345,2683.942,7
2965.095,3,2975.016,1788504570.8966932,8,b03-o07-nano-c8,,8,False,348.179,llama3.2:1b,etri-dev0001-jetorn,ACTIVE,2616.916,6be73644-4182-471b-a0be-c740412d533b,Edge computing reduces latency by processing data closer,nano,43,12.0,ok,nano,1788504567.9216793,27.052,2674.959,7
2984.55,3,2998.609,1788504571.2935467,8,b03-o07-nano-c8,,8,False,394.851,llama3.2:1b,etri-dev0001-jetorn,ACTIVE,2589.699,fefda0c8-0ba4-4555-92fc-6f5eac2964fc,Edge computing reduces latency by processing data closer,nano,43,12.0,ok,nano,1788504568.2949386,24.468,2658.473,7
2934.391,3,2948.213,1788504571.6424947,8,b03-o07-nano-c8,,8,False,348.952,llama3.2:1b,etri-dev0001-jetorn,ACTIVE,2585.439,0e9010fd-e92e-4072-9bd6-27abe29d7e60,Edge computing reduces latency by processing data closer,nano,43,12.0,ok,nano,1788504568.6942859,27.44,2642.507,7
2960.318,3,2976.944,1788504572.0514212,8,b03-o07-nano-c8,,8,False,404.695,llama3.2:1b,etri-dev0001-jetorn,ACTIVE,2555.623,5a5b60a3-108d-477a-a98c-540b1eac8bda,Edge computing reduces latency by processing data closer,nano,43,12.0,ok,nano,1788504569.074479,23.125,2616.105,7
3016.277,3,3027.884,1788504572.4666977,8,b03-o07-nano-c8,,8,False,415.537,llama3.2:1b,etri-dev0001-jetorn,ACTIVE,2600.74,7f3aa77b-6857-4026-a179-1999cf984249,Edge computing reduces latency by processing data closer,nano,43,12.0,ok,nano,1788504569.438814,22.763,2663.973,7
3011.254,3,3019.88,1788504572.821775,8,b03-o07-nano-c8,,8,False,353.756,llama3.2:1b,etri-dev0001-jetorn,ACTIVE,2657.498,14e9539c-024f-4ba5-9a08-5ce4122dfe1f,Edge computing reduces latency by processing data closer,nano,43,12.0,ok,nano,1788504569.8019013,26.698,2712.245,7
3529.543,3,3540.62,1788504573.7340074,8,b03-o07-nano-c8,,8,False,908.37,llama3.2:1b,etri-dev0001-jetorn,ACTIVE,2621.172,8db67cdf-79b1-4907-9d23-6ba5b0ab9107,Edge computing reduces latency by processing data closer,nano,43,12.0,ok,nano,1788504570.1933882,23.972,3193.697,7
367.529,3,376.451,1788504574.1104858,8,b03-o07-nano-c8,,8,False,367.518,llama3.2:1b,etri-dev0001-jetorn,ACTIVE,0.012,09f00b4e-da59-4934-bf25-be94b3038533,Edge computing reduces latency by processing data closer,nano,43,12.0,ok,nano,1788504573.7340362,25.347,52.98,7
3574.91,3,3588.532,1788504574.4852698,8,b03-o07-nano-c8,,8,False,376.663,llama3.2:1b,etri-dev0001-jetorn,ACTIVE,3198.247,c317d33d-4355-49fb-a1d8-3eebe70d85c6,Edge computing reduces latency by processing data closer,nano,43,12.0,ok,nano,1788504570.8967414,25.567,3265.252,7
3558.015,3,3568.079,1788504574.8616514,8,b03-o07-nano-c8,,8,False,374.868,llama3.2:1b,etri-dev0001-jetorn,ACTIVE,3183.147,de037106-e552-4e36-bd31-d8f8ada8f99a,Edge computing reduces latency by processing data closer,nano,43,12.0,ok,nano,1788504571.2935743,25.18,3242.169,7
3586.754,3,3597.638,1788504575.2402315,8,b03-o07-nano-c8,,8,False,376.902,llama3.2:1b,etri-dev0001-jetorn,ACTIVE,3209.852,80bb765c-aa65-499d-92ea-02dd85b29b5a,Edge computing reduces latency by processing data closer,nano,43,12.0,ok,nano,1788504571.642597,25.044,3272.367,7
3520.275,3,3539.74,1788504575.59119,8,b03-o07-nano-c8,,8,False,353.562,llama3.2:1b,etri-dev0001-jetorn,ACTIVE,3166.713,fa5b688a-c268-4516-8c6b-4ab0f278ec88,Edge computing reduces latency by processing data closer,nano,43,12.0,ok,nano,1788504572.051456,27.187,3228.015,7
3886.985,3,3911.074,1788504576.3777936,8,b03-o07-nano-c8,,8,False,785.986,llama3.2:1b,etri-dev0001-jetorn,ACTIVE,3100.999,45753612-46d3-444f-ba62-d127730a2930,Edge computing reduces latency by processing data closer,nano,43,12.0,ok,nano,1788504572.4667227,11.817,3219.752,7
3900.232,3,3913.127,1788504576.7349799,8,b03-o07-nano-c8,,8,False,351.584,llama3.2:1b,etri-dev0001-jetorn,ACTIVE,3548.649,46949c2c-75c2-47b2-a60a-2fba0d6dd9cf,Edge computing reduces latency by processing data closer,nano,43,12.0,ok,nano,1788504572.8218584,26.836,3601.068,7
6590.357,3,6599.512,1788504577.1459374,8,b03-o07-nano-c8,,8,False,411.774,llama3.2:1b,etri-dev0001-jetorn,ACTIVE,6178.583,f6189006-2189-4df3-8d1e-b87a80c25292,Edge computing reduces latency by processing data closer,nano,43,12.0,ok,nano,1788504570.5464263,22.69,6246.889,7
3434.746,3,3450.916,1788504577.561429,8,b03-o07-nano-c8,,8,False,411.295,llama3.2:1b,etri-dev0001-jetorn,ACTIVE,3023.451,66f773f3-7ab3-4c8e-acf5-b73d7412a799,Edge computing reduces latency by processing data closer,nano,43,12.0,ok,nano,1788504574.1105173,22.85,3083.906,7
3421.834,3,3439.151,1788504577.9245152,8,b03-o07-nano-c8,,8,False,362.181,llama3.2:1b,etri-dev0001-jetorn,ACTIVE,3059.653,3c1cf5bc-a317-4b2b-a452-185ee68425cf,Edge computing reduces latency by processing data closer,nano,43,12.0,ok,nano,1788504574.4853675,26.263,3116.054,7
3430.625,3,3447.567,1788504578.309233,8,b03-o07-nano-c8,,8,False,383.79,llama3.2:1b,etri-dev0001-jetorn,ACTIVE,3046.834,f74e18cf-c58c-4de8-98e8-5332eeb3e2de,Edge computing reduces latency by processing data closer,nano,43,12.0,ok,nano,1788504574.8616936,24.95,3108.725,7
3403.963,3,3423.137,1788504578.6634986,8,b03-o07-nano-c8,,8,False,348.385,llama3.2:1b,etri-dev0001-jetorn,ACTIVE,3055.578,22d2887b-4ace-4831-8ec5-daff50f03d7f,Edge computing reduces latency by processing data closer,nano,43,12.0,ok,nano,1788504575.2403653,27.263,3108.047,7
3476.141,3,3491.528,1788504579.0828547,8,b03-o07-nano-c8,,8,False,415.382,llama3.2:1b,etri-dev0001-jetorn,ACTIVE,3060.759,bb9c1e8b-9ef7-4183-a319-c8e3b8b1651a,Edge computing reduces latency by processing data closer,nano,43,12.0,ok,nano,1788504575.5913315,26.408,3168.586,7
3181.381,3,3192.499,1788504579.5703783,8,b03-o07-nano-c8,,8,False,487.659,llama3.2:1b,etri-dev0001-jetorn,ACTIVE,2693.722,10dfef1f-b757-4f10-b871-60dceb3f02ab,Edge computing reduces latency by processing data closer,nano,43,12.0,ok,nano,1788504576.3778825,19.929,2777.382,7
3275.717,3,3301.898,1788504580.0369916,8,b03-o07-nano-c8,,8,False,463.311,llama3.2:1b,etri-dev0001-jetorn,ACTIVE,2812.406,3fcd53e6-4502-445f-898f-8c7913147e03,Edge computing reduces latency by processing data closer,nano,43,12.0,ok,nano,1788504576.7350953,20.927,2891.786,7
3583.788,3,3601.07,1788504580.7470345,8,b03-o07-nano-c8,,8,False,711.463,llama3.2:1b,etri-dev0001-jetorn,ACTIVE,2872.326,38e4c0c2-ca04-4f0b-a217-86513a3f785c,Edge computing reduces latency by processing data closer,nano,43,12.0,ok,nano,1788504577.1459684,25.755,3272.206,7
3533.539,3,3550.989,1788504581.1125185,8,b03-o07-nano-c8,,8,False,365.425,llama3.2:1b,etri-dev0001-jetorn,ACTIVE,3168.114,5bd51518-630c-461c-a7b0-40627826a384,Edge computing reduces latency by processing data closer,nano,43,12.0,ok,nano,1788504577.5615313,26.929,3236.074,7
3541.947,3,3555.863,1788504581.4804595,8,b03-o07-nano-c8,,8,False,368.182,llama3.2:1b,etri-dev0001-jetorn,ACTIVE,3173.765,91306209-550f-426b-9645-e7df6cf63f20,Edge computing reduces latency by processing data closer,nano,43,12.0,ok,nano,1788504577.9246004,25.159,3224.067,7
248.061,3,266.74,1788504584.8248684,8,b03-o08-agx-c8,,8,False,248.046,llama3.2:1b,etri-ser0001-cg0msb,ACTIVE,0.016,47d66878-52b4-4f95-a1f0-ddb7737914be,Edge computing reduces latency by processing data closer,agx,44,12.0,ok,agx,1788504584.558129,43.412,83.841,8
452.674,3,469.112,1788504585.030911,8,b03-o08-agx-c8,,8,False,205.913,llama3.2:1b,etri-ser0001-cg0msb,ACTIVE,246.761,ade77494-6da1-4201-9609-764c319071f1,Edge computing reduces latency by processing data closer,agx,44,12.0,ok,agx,1788504584.561801,44.948,274.684,8
654.526,3,677.878,1788504585.237599,8,b03-o08-agx-c8,,8,False,206.574,llama3.2:1b,etri-ser0001-cg0msb,ACTIVE,447.952,94548f0c-d0ba-4bf8-8feb-b801d0e4d47f,Edge computing reduces latency by processing data closer,agx,44,12.0,ok,agx,1788504584.5597227,44.712,475.345,8
857.902,3,881.682,1788504585.444396,8,b03-o08-agx-c8,,8,False,206.688,llama3.2:1b,etri-ser0001-cg0msb,ACTIVE,651.214,db0705f5-b417-4488-9309-203dee445329,Edge computing reduces latency by processing data closer,agx,44,12.0,ok,agx,1788504584.5627155,45.172,680.494,8
1055.487,3,1082.329,1788504585.643173,8,b03-o08-agx-c8,,8,False,198.676,llama3.2:1b,etri-ser0001-cg0msb,ACTIVE,856.812,94e78de4-4dff-4403-9282-828e5bb2b051,Edge computing reduces latency by processing data closer,agx,44,12.0,ok,agx,1788504584.5608456,46.612,883.512,8
1268.21,3,1297.26,1788504585.8562226,8,b03-o08-agx-c8,,8,False,212.946,llama3.2:1b,etri-ser0001-cg0msb,ACTIVE,1055.264,4306ed81-b9f0-40f9-ae1e-a6fbda0e4e40,Edge computing reduces latency by processing data closer,agx,44,12.0,ok,agx,1788504584.558964,43.693,1084.987,8
1474.773,3,1498.73,1788504586.0633285,8,b03-o08-agx-c8,,8,False,207.006,llama3.2:1b,etri-ser0001-cg0msb,ACTIVE,1267.767,c6c1a0e2-fe7a-4eff-b897-dba190c69dd6,Edge computing reduces latency by processing data closer,agx,44,12.0,ok,agx,1788504584.5646,44.554,1294.952,8
1685.015,3,1709.028,1788504586.274639,8,b03-o08-agx-c8,,8,False,211.238,llama3.2:1b,etri-ser0001-cg0msb,ACTIVE,1473.778,ff9f4f3d-1e1f-406f-a2df-d31e9e529709,Edge computing reduces latency by processing data closer,agx,44,12.0,ok,agx,1788504584.565612,44.348,1504.396,8
1652.317,3,1654.271,1788504586.4791753,8,b03-o08-agx-c8,,8,False,204.343,llama3.2:1b,etri-ser0001-cg0msb,ACTIVE,1447.974,9be5562e-2115-4c0d-b166-10c708917217,Edge computing reduces latency by processing data closer,agx,44,12.0,ok,agx,1788504584.8249066,45.805,1477.422,8
1646.902,3,1648.926,1788504586.679867,8,b03-o08-agx-c8,,8,False,200.545,llama3.2:1b,etri-ser0001-cg0msb,ACTIVE,1446.357,8b997564-bb99-472d-b57d-f2f5405658df,Edge computing reduces latency by processing data closer,agx,44,12.0,ok,agx,1788504585.0309463,46.203,1473.509,8
1646.122,3,1648.106,1788504586.885738,8,b03-o08-agx-c8,,8,False,205.788,llama3.2:1b,etri-ser0001-cg0msb,ACTIVE,1440.334,a0a37022-9053-4aa9-85e9-5caf0673346a,Edge computing reduces latency by processing data closer,agx,44,12.0,ok,agx,1788504585.2376344,44.897,1467.644,8
1644.48,3,1646.203,1788504587.090632,8,b03-o08-agx-c8,,8,False,204.991,llama3.2:1b,etri-ser0001-cg0msb,ACTIVE,1439.489,6fd2fe94-a857-4348-ba23-f9a43bb3ddf4,Edge computing reduces latency by processing data closer,agx,44,12.0,ok,agx,1788504585.4444318,45.32,1467.702,8
1650.742,3,1652.726,1788504587.295934,8,b03-o08-agx-c8,,8,False,204.971,llama3.2:1b,etri-ser0001-cg0msb,ACTIVE,1445.771,522276b4-4dec-4b6c-8b2e-40f3e46597d4,Edge computing reduces latency by processing data closer,agx,44,12.0,ok,agx,1788504585.6432102,45.594,1475.156,8
1639.041,3,1641.064,1788504587.497329,8,b03-o08-agx-c8,,8,False,201.287,llama3.2:1b,etri-ser0001-cg0msb,ACTIVE,1437.754,b84af8ff-03ed-4b1f-9bea-d85ea6989b7d,Edge computing reduces latency by processing data closer,agx,44,12.0,ok,agx,1788504585.856267,46.467,1466.662,8
1644.697,3,1646.43,1788504587.7097921,8,b03-o08-agx-c8,,8,False,212.526,llama3.2:1b,etri-ser0001-cg0msb,ACTIVE,1432.172,54f566a8-862b-4f75-b086-a52707061446,Edge computing reduces latency by processing data closer,agx,44,12.0,ok,agx,1788504586.0633657,43.286,1459.484,8
1648.495,3,1650.512,1788504587.9251854,8,b03-o08-agx-c8,,8,False,215.102,llama3.2:1b,etri-ser0001-cg0msb,ACTIVE,1433.393,04326028-744e-43d3-b803-5e0fa4387c0f,Edge computing reduces latency by processing data closer,agx,44,12.0,ok,agx,1788504586.2746763,43.334,1463.538,8
1665.362,3,1667.222,1788504588.146445,8,b03-o08-agx-c8,,8,False,221.099,llama3.2:1b,etri-ser0001-cg0msb,ACTIVE,1444.263,670fa804-1e75-46be-839a-d8d432c8c9ca,Edge computing reduces latency by processing data closer,agx,44,12.0,ok,agx,1788504586.4792254,41.694,1473.073,8
1678.469,3,1680.178,1788504588.3600843,8,b03-o08-agx-c8,,8,False,213.715,llama3.2:1b,etri-ser0001-cg0msb,ACTIVE,1464.753,70f3136c-7950-45c1-8d18-e4a8e642a015,Edge computing reduces latency by processing data closer,agx,44,12.0,ok,agx,1788504586.679907,43.422,1493.904,8
1687.133,3,1689.197,1788504588.5749674,8,b03-o08-agx-c8,,8,False,214.426,llama3.2:1b,etri-ser0001-cg0msb,ACTIVE,1472.707,67ee9dd9-ebfb-4b9d-9b1e-6ed1299fb0c9,Edge computing reduces latency by processing data closer,agx,44,12.0,ok,agx,1788504586.885773,43.448,1502.771,8
1694.092,3,1695.867,1788504588.7865329,8,b03-o08-agx-c8,,8,False,211.468,llama3.2:1b,etri-ser0001-cg0msb,ACTIVE,1482.624,7ab6bd79-9ed0-4e6e-ad0b-cb777b9355a5,Edge computing reduces latency by processing data closer,agx,44,12.0,ok,agx,1788504587.090669,44.042,1512.135,8
1706.492,3,1708.407,1788504589.0043755,8,b03-o08-agx-c8,,8,False,217.793,llama3.2:1b,etri-ser0001-cg0msb,ACTIVE,1488.699,adcf3d49-6d05-4d82-b0b8-2b16457b369e,Edge computing reduces latency by processing data closer,agx,44,12.0,ok,agx,1788504587.2959707,42.606,1518.495,8
1724.358,3,1726.296,1788504589.223661,8,b03-o08-agx-c8,,8,False,219.151,llama3.2:1b,etri-ser0001-cg0msb,ACTIVE,1505.207,af9b2374-c8c2-445b-81bf-104873a9cbd6,Edge computing reduces latency by processing data closer,agx,44,12.0,ok,agx,1788504587.4973676,41.95,1533.423,8
1721.721,3,1723.652,1788504589.4334826,8,b03-o08-agx-c8,,8,False,209.734,llama3.2:1b,etri-ser0001-cg0msb,ACTIVE,1511.986,83dd9da2-36a4-42c2-b5f5-77e95bda58d0,Edge computing reduces latency by processing data closer,agx,44,12.0,ok,agx,1788504587.7098331,44.08,1539.943,8
1715.79,3,1717.718,1788504589.6429372,8,b03-o08-agx-c8,,8,False,209.4,llama3.2:1b,etri-ser0001-cg0msb,ACTIVE,1506.39,ccd27d1d-964c-4987-b212-5a20b941eabb,Edge computing reduces latency by processing data closer,agx,44,12.0,ok,agx,1788504587.9252217,44.286,1534.966,8
1707.247,3,1708.968,1788504589.8554468,8,b03-o08-agx-c8,,8,False,212.371,llama3.2:1b,etri-ser0001-cg0msb,ACTIVE,1494.876,9f13c1f3-d3cb-43c1-bac0-6ce2064ae89d,Edge computing reduces latency by processing data closer,agx,44,12.0,ok,agx,1788504588.146481,43.803,1524.459,8
1702.715,3,1704.584,1788504590.0646958,8,b03-o08-agx-c8,,8,False,209.15,llama3.2:1b,etri-ser0001-cg0msb,ACTIVE,1493.566,c560f719-67e7-40f3-8b97-469882a3e77e,Edge computing reduces latency by processing data closer,agx,44,12.0,ok,agx,1788504588.3601143,44.38,1522.336,8
1706.85,3,1708.582,1788504590.2835877,8,b03-o08-agx-c8,,8,False,219.049,llama3.2:1b,etri-ser0001-cg0msb,ACTIVE,1487.801,9481a42c-960a-4a79-a55a-250b7a6fe9db,Edge computing reduces latency by processing data closer,agx,44,12.0,ok,agx,1788504588.575006,42.765,1518.24,8
1703.319,3,1705.364,1788504590.4919312,8,b03-o08-agx-c8,,8,False,207.894,llama3.2:1b,etri-ser0001-cg0msb,ACTIVE,1495.424,75deaa33-dc67-4cde-a08e-6b0b17131b34,Edge computing reduces latency by processing data closer,agx,44,12.0,ok,agx,1788504588.7865705,44.631,1523.706,8
1702.967,3,1704.645,1788504590.7090538,8,b03-o08-agx-c8,,8,False,217.117,llama3.2:1b,etri-ser0001-cg0msb,ACTIVE,1485.851,ca613197-eb14-4a22-b2d0-fd6decb669dd,Edge computing reduces latency by processing data closer,agx,44,12.0,ok,agx,1788504589.0044112,42.601,1514.779,8
1697.05,3,1698.604,1788504590.9222972,8,b03-o08-agx-c8,,8,False,213.105,llama3.2:1b,etri-ser0001-cg0msb,ACTIVE,1483.944,6897e5dd-d1d3-4cee-b8f1-b5659db2b98a,Edge computing reduces latency by processing data closer,agx,44,12.0,ok,agx,1788504589.2236958,43.549,1512.99,8
1701.643,3,1703.48,1788504591.1369977,8,b03-o08-agx-c8,,8,False,214.568,llama3.2:1b,etri-ser0001-cg0msb,ACTIVE,1487.075,7e6a64fa-a295-422e-baa1-394a02b96770,Edge computing reduces latency by processing data closer,agx,44,12.0,ok,agx,1788504589.4335196,42.972,1515.317,8
1699.74,3,1701.478,1788504591.3444495,8,b03-o08-agx-c8,,8,False,207.325,llama3.2:1b,etri-ser0001-cg0msb,ACTIVE,1492.415,f67422fd-e895-4c28-8ec2-8c1871e3810e,Edge computing reduces latency by processing data closer,agx,44,12.0,ok,agx,1788504589.642974,44.889,1521.28,8
1698.064,3,1700.108,1788504591.555589,8,b03-o08-agx-c8,,8,False,211.118,llama3.2:1b,etri-ser0001-cg0msb,ACTIVE,1486.946,aa78a505-c165-401d-8781-5cf71b386b17,Edge computing reduces latency by processing data closer,agx,44,12.0,ok,agx,1788504589.8554823,44.053,1516.248,8
1705.244,3,1707.175,1788504591.7719052,8,b03-o08-agx-c8,,8,False,216.128,llama3.2:1b,etri-ser0001-cg0msb,ACTIVE,1489.116,2fb9da19-7ff9-408e-8b48-9d5eb32568e8,Edge computing reduces latency by processing data closer,agx,44,12.0,ok,agx,1788504590.0647333,42.805,1518.268,8
1700.144,3,1701.756,1788504591.9853675,8,b03-o08-agx-c8,,8,False,213.55,llama3.2:1b,etri-ser0001-cg0msb,ACTIVE,1486.593,5e182ce9-625c-4adf-93b8-d27bb6e214b6,Edge computing reduces latency by processing data closer,agx,44,12.0,ok,agx,1788504590.2836125,43.34,1515.169,8
1713.952,3,1715.603,1788504592.2075696,8,b03-o08-agx-c8,,8,False,221.851,llama3.2:1b,etri-ser0001-cg0msb,ACTIVE,1492.101,bde07956-a711-45bb-96be-862910010737,Edge computing reduces latency by processing data closer,agx,44,12.0,ok,agx,1788504590.4919693,42.326,1524.617,8
1707.564,3,1709.566,1788504592.4186547,8,b03-o08-agx-c8,,8,False,211.063,llama3.2:1b,etri-ser0001-cg0msb,ACTIVE,1496.501,e188bc3c-671e-4434-a092-51e1469bc0dd,Edge computing reduces latency by processing data closer,agx,44,12.0,ok,agx,1788504590.7090907,44.044,1525.673,8
1702.425,3,1704.018,1788504592.626351,8,b03-o08-agx-c8,,8,False,207.588,llama3.2:1b,etri-ser0001-cg0msb,ACTIVE,1494.837,0bba199d-5c27-4251-81ad-37af644794ef,Edge computing reduces latency by processing data closer,agx,44,12.0,ok,agx,1788504590.9223347,44.798,1523.546,8
1691.015,3,1692.878,1788504592.8299146,8,b03-o08-agx-c8,,8,False,203.533,llama3.2:1b,etri-ser0001-cg0msb,ACTIVE,1487.481,360cf041-8fcf-4a05-8311-7062b71cf06c,Edge computing reduces latency by processing data closer,agx,44,12.0,ok,agx,1788504591.1370394,45.462,1514.728,8
1689.681,3,1691.437,1788504593.0359216,8,b03-o08-agx-c8,,8,False,205.897,llama3.2:1b,etri-ser0001-cg0msb,ACTIVE,1483.785,1eae751b-634d-4f64-8760-6118ce74f031,Edge computing reduces latency by processing data closer,agx,44,12.0,ok,agx,1788504591.3444865,45.104,1512.079,8
1690.69,3,1692.583,1788504593.2482047,8,b03-o08-agx-c8,,8,False,212.105,llama3.2:1b,etri-ser0001-cg0msb,ACTIVE,1478.585,0a27a462-d954-46cf-a9b5-2f9ef04be9e8,Edge computing reduces latency by processing data closer,agx,44,12.0,ok,agx,1788504591.555625,44.474,1510.403,8
1677.609,3,1679.452,1788504593.451391,8,b03-o08-agx-c8,,8,False,203.095,llama3.2:1b,etri-ser0001-cg0msb,ACTIVE,1474.514,6357c655-d285-4528-b0bf-f7027d381140,Edge computing reduces latency by processing data closer,agx,44,12.0,ok,agx,1788504591.771942,45.834,1502.78,8
1668.436,3,1670.429,1788504593.6558235,8,b03-o08-agx-c8,,8,False,204.368,llama3.2:1b,etri-ser0001-cg0msb,ACTIVE,1464.068,fdc2dc4f-9aea-4edd-9b2e-19ee51728bc2,Edge computing reduces latency by processing data closer,agx,44,12.0,ok,agx,1788504591.9853966,45.394,1492.009,8
1653.267,3,1655.126,1788504593.8627307,8,b03-o08-agx-c8,,8,False,206.954,llama3.2:1b,etri-ser0001-cg0msb,ACTIVE,1446.313,0ce3eb8e-0371-459e-8067-7bc29f8696e1,Edge computing reduces latency by processing data closer,agx,44,12.0,ok,agx,1788504592.2076066,45.085,1475.634,8
1644.761,3,1646.987,1788504594.0656772,8,b03-o08-agx-c8,,8,False,202.581,llama3.2:1b,etri-ser0001-cg0msb,ACTIVE,1442.18,d43cad29-36ad-4555-9e00-911e95aece6d,Edge computing reduces latency by processing data closer,agx,44,12.0,ok,agx,1788504592.4186924,45.68,1469.479,8
1645.017,3,1646.841,1788504594.273225,8,b03-o08-agx-c8,,8,False,207.546,llama3.2:1b,etri-ser0001-cg0msb,ACTIVE,1437.472,6fe627bf-9374-4c2a-b16d-7f7006b21180,Edge computing reduces latency by processing data closer,agx,44,12.0,ok,agx,1788504592.6263862,44.782,1466.342,8
1644.035,3,1645.974,1788504594.475922,8,b03-o08-agx-c8,,8,False,202.536,llama3.2:1b,etri-ser0001-cg0msb,ACTIVE,1441.499,df8436ce-ca90-4d98-8a5f-828d5fc48fab,Edge computing reduces latency by processing data closer,agx,44,12.0,ok,agx,1788504592.8299506,45.762,1469.031,8
1645.842,3,1647.838,1788504594.6837926,8,b03-o08-agx-c8,,8,False,207.75,llama3.2:1b,etri-ser0001-cg0msb,ACTIVE,1438.092,26bffeb4-7bec-40dc-8bcd-fdbe0f35f488,Edge computing reduces latency by processing data closer,agx,44,12.0,ok,agx,1788504593.0359561,44.483,1465.702,8
1640.992,3,1643.378,1788504594.8916276,8,b03-o08-agx-c8,,8,False,207.745,llama3.2:1b,etri-ser0001-cg0msb,ACTIVE,1433.248,72ab025f-8ef0-4d84-863d-a36ca0c3e247,Edge computing reduces latency by processing data closer,agx,44,12.0,ok,agx,1788504593.2482517,44.826,1462.378,8
1646.339,3,1648.066,1788504595.0994923,8,b03-o08-agx-c8,,8,False,207.869,llama3.2:1b,etri-ser0001-cg0msb,ACTIVE,1438.47,d5567231-13ae-4d37-9e6e-40c5f8788e54,Edge computing reduces latency by processing data closer,agx,44,12.0,ok,agx,1788504593.4514277,44.693,1467.128,8
1643.338,3,1645.34,1788504595.3011956,8,b03-o08-agx-c8,,8,False,201.509,llama3.2:1b,etri-ser0001-cg0msb,ACTIVE,1441.829,ee4807a5-18df-4772-814a-af9ec0481fdb,Edge computing reduces latency by processing data closer,agx,44,12.0,ok,agx,1788504593.6558576,46.018,1469.216,8
1637.489,3,1639.307,1788504595.502074,8,b03-o08-agx-c8,,8,False,200.898,llama3.2:1b,etri-ser0001-cg0msb,ACTIVE,1436.591,788133b3-67e3-4060-99bf-8fd9858dc476,Edge computing reduces latency by processing data closer,agx,44,12.0,ok,agx,1788504593.8627687,46.36,1464.757,8
1639.123,3,1640.801,1788504595.7065141,8,b03-o08-agx-c8,,8,False,204.296,llama3.2:1b,etri-ser0001-cg0msb,ACTIVE,1434.827,7dce05c7-4a70-4e79-a157-f190469ccb6e,Edge computing reduces latency by processing data closer,agx,44,12.0,ok,agx,1788504594.0657141,45.157,1461.703,8
1632.024,3,1633.786,1788504595.9070518,8,b03-o08-agx-c8,,8,False,200.503,llama3.2:1b,etri-ser0001-cg0msb,ACTIVE,1431.521,ee2a5624-f983-44bb-a84f-3e37f6ddca17,Edge computing reduces latency by processing data closer,agx,44,12.0,ok,agx,1788504594.2732663,46.454,1459.606,8
1633.1,3,1635.043,1788504596.1109993,8,b03-o08-agx-c8,,8,False,203.758,llama3.2:1b,etri-ser0001-cg0msb,ACTIVE,1429.343,e80e299a-e2a2-48fb-8ff5-28de570a55b6,Edge computing reduces latency by processing data closer,agx,44,12.0,ok,agx,1788504594.4759588,45.341,1456.375,8
1626.636,3,1628.503,1788504596.312329,8,b03-o08-agx-c8,,8,False,201.204,llama3.2:1b,etri-ser0001-cg0msb,ACTIVE,1425.432,07989c95-b2ba-412c-9372-3e2b416129a5,Edge computing reduces latency by processing data closer,agx,44,12.0,ok,agx,1788504594.683828,46.365,1453.85,8
1617.754,3,1619.9,1788504596.5115616,8,b03-o08-agx-c8,,8,False,199.131,llama3.2:1b,etri-ser0001-cg0msb,ACTIVE,1418.623,9578f609-ceb8-4c4e-8330-187a8db0596d,Edge computing reduces latency by processing data closer,agx,44,12.0,ok,agx,1788504594.8916633,46.6,1445.77,8
1613.119,3,1614.742,1788504596.714257,8,b03-o08-agx-c8,,8,False,202.846,llama3.2:1b,etri-ser0001-cg0msb,ACTIVE,1410.274,1a3b50f5-fead-41e2-9294-f722c8fb26d5,Edge computing reduces latency by processing data closer,agx,44,12.0,ok,agx,1788504595.0995164,45.568,1437.22,8
1631.573,3,1633.654,1788504596.9348836,8,b03-o08-agx-c8,,8,False,220.129,llama3.2:1b,etri-ser0001-cg0msb,ACTIVE,1411.443,0f09e16b-f1fd-40f8-a55e-f543374bfd1d,Edge computing reduces latency by processing data closer,agx,44,12.0,ok,agx,1788504595.3012316,41.977,1440.876,8
1652.928,3,1654.832,1788504597.1569276,8,b03-o08-agx-c8,,8,False,222.025,llama3.2:1b,etri-ser0001-cg0msb,ACTIVE,1430.903,61914032-7869-446e-8535-678c9211ba61,Edge computing reduces latency by processing data closer,agx,44,12.0,ok,agx,1788504595.5020983,41.723,1460.951,8
1666.074,3,1667.889,1788504597.3744285,8,b03-o08-agx-c8,,8,False,217.507,llama3.2:1b,etri-ser0001-cg0msb,ACTIVE,1448.567,c092059d-ebe7-4406-90a9-c989703f521e,Edge computing reduces latency by processing data closer,agx,44,12.0,ok,agx,1788504595.7065403,42.803,1478.89,8
1676.32,3,1677.942,1788504597.585015,8,b03-o08-agx-c8,,8,False,210.396,llama3.2:1b,etri-ser0001-cg0msb,ACTIVE,1465.924,ca807e65-57c4-4b22-907b-2ed4775cc7f2,Edge computing reduces latency by processing data closer,agx,44,12.0,ok,agx,1788504595.907076,44.12,1494.765,8
1686.795,3,1688.862,1788504597.799895,8,b03-o08-agx-c8,,8,False,214.75,llama3.2:1b,etri-ser0001-cg0msb,ACTIVE,1472.045,db4cdd52-e485-4788-a1c3-c273234cba94,Edge computing reduces latency by processing data closer,agx,44,12.0,ok,agx,1788504596.111035,43.1,1500.785,8
1703.116,3,1705.136,1788504598.0174994,8,b03-o08-agx-c8,,8,False,217.514,llama3.2:1b,etri-ser0001-cg0msb,ACTIVE,1485.602,7aa8f2c6-aaac-4f05-b5e4-7e8f6e927d2d,Edge computing reduces latency by processing data closer,agx,44,12.0,ok,agx,1788504596.3123655,42.412,1514.187,8
1712.112,3,1713.734,1788504598.2253299,8,b03-o08-agx-c8,,8,False,207.915,llama3.2:1b,etri-ser0001-cg0msb,ACTIVE,1504.197,ce1caa48-9550-4d0b-b00d-9178b630fd69,Edge computing reduces latency by processing data closer,agx,44,12.0,ok,agx,1788504596.511598,45.131,1534.624,8
577.464,3,599.607,1788504601.8983173,32,b03-o09-nano-c32,,8,False,577.448,llama3.2:1b,etri-dev0001-jetorn,ACTIVE,0.016,fd42c0cd-f072-4209-87b5-8ebc158c62cf,Edge computing reduces latency by processing data closer,nano,45,12.0,ok,nano,1788504601.2987144,19.052,157.611,9
980.819,3,1006.646,1788504602.3044207,32,b03-o09-nano-c32,,8,False,405.559,llama3.2:1b,etri-dev0001-jetorn,ACTIVE,575.259,da794197-7aed-4f15-a944-80d55ddb8c4b,Edge computing reduces latency by processing data closer,nano,45,12.0,ok,nano,1788504601.2977774,23.945,646.829,9
,3,1052.72,1788504602.3654525,32,b03-o09-nano-c32,ConnectionResetError:[Errno 104] Connection reset by peer,,False,,,,,,862750ae-2467-4e57-aa9b-4a0a80b65e52,,,45,12.0,error,nano,1788504601.312735,,,9
,3,1051.77,1788504602.3679473,32,b03-o09-nano-c32,ConnectionResetError:[Errno 104] Connection reset by peer,,False,,,,,,7db840ab-3a1c-4536-a03e-7a5ba277cef3,,,45,12.0,error,nano,1788504601.316178,,,9
,3,1042.337,1788504602.3688245,32,b03-o09-nano-c32,ConnectionResetError:[Errno 104] Connection reset by peer,,False,,,,,,ccf050cd-9b2d-4ce5-b206-2c8c02d55957,,,45,12.0,error,nano,1788504601.326489,,,9
,3,1058.585,1788504602.3693728,32,b03-o09-nano-c32,ConnectionResetError:[Errno 104] Connection reset by peer,,False,,,,,,eefa680a-73d7-45d3-bc5c-4fc2b2c00b96,,,45,12.0,error,nano,1788504601.3107898,,,9
,3,1046.297,1788504602.370347,32,b03-o09-nano-c32,ConnectionResetError:[Errno 104] Connection reset by peer,,False,,,,,,10ed27af-9b2e-49b1-99c7-a20e551f68de,,,45,12.0,error,nano,1788504601.324051,,,9
,3,1050.117,1788504602.371305,32,b03-o09-nano-c32,ConnectionResetError:[Errno 104] Connection reset by peer,,False,,,,,,2c8aa345-3309-46fc-970c-90d6db2b3f8f,,,45,12.0,error,nano,1788504601.3211887,,,9
,3,1044.734,1788504602.3719292,32,b03-o09-nano-c32,ConnectionResetError:[Errno 104] Connection reset by peer,,False,,,,,,e39b9540-e9ae-43cd-a932-feefc2d2bfeb,,,45,12.0,error,nano,1788504601.3271964,,,9
,3,1054.433,1788504602.372534,32,b03-o09-nano-c32,ConnectionResetError:[Errno 104] Connection reset by peer,,False,,,,,,dbd20708-c42a-4d96-87af-0a3706b7623e,,,45,12.0,error,nano,1788504601.3181028,,,9
,3,1048.804,1788504602.3738236,32,b03-o09-nano-c32,ConnectionResetError:[Errno 104] Connection reset by peer,,False,,,,,,de3a053d-651e-4f32-829f-45d2e5b08408,,,45,12.0,error,nano,1788504601.325022,,,9
,3,1055.01,1788504602.3744626,32,b03-o09-nano-c32,ConnectionResetError:[Errno 104] Connection reset by peer,,False,,,,,,238defbd-87af-4b4b-9673-e196aaf279f4,,,45,12.0,error,nano,1788504601.3194532,,,9
,3,1063.068,1788504602.3749568,32,b03-o09-nano-c32,ConnectionResetError:[Errno 104] Connection reset by peer,,False,,,,,,0cd04226-2c4d-4273-b94b-989e24cadc0c,,,45,12.0,error,nano,1788504601.311889,,,9
1385.745,3,1414.786,1788504602.7145786,32,b03-o09-nano-c32,,8,False,408.401,llama3.2:1b,etri-dev0001-jetorn,ACTIVE,977.344,172462b5-8dcc-4997-b512-3832a364c1b6,Edge computing reduces latency by processing data closer,nano,45,12.0,ok,nano,1788504601.2997985,23.763,1060.289,9
1749.773,3,1775.42,1788504603.0789435,32,b03-o09-nano-c32,,8,False,364.455,llama3.2:1b,etri-dev0001-jetorn,ACTIVE,1385.318,c14df1ac-509a-4689-98f9-b7c7456a0812,Edge computing reduces latency by processing data closer,nano,45,12.0,ok,nano,1788504601.3035245,26.189,1445.129,9
,3,1014.982,1788504603.388941,32,b03-o09-nano-c32,ConnectionResetError:[Errno 104] Connection reset by peer,,False,,,,,,1b67ab9f-3aaf-4f4d-8670-d2ae85524054,,,45,12.0,error,nano,1788504602.3739607,,,9
,3,1020.148,1788504603.3896637,32,b03-o09-nano-c32,ConnectionResetError:[Errno 104] Connection reset by peer,,False,,,,,,9843c9cd-a68b-4835-a1f0-392d93f5383a,,,45,12.0,error,nano,1788504602.3695154,,,9
,3,1017.274,1788504603.389948,32,b03-o09-nano-c32,ConnectionResetError:[Errno 104] Connection reset by peer,,False,,,,,,aae8bfe0-e7af-4915-9be9-98ba0b776815,,,45,12.0,error,nano,1788504602.3726737,,,9
2330.311,3,2372.59,1788504603.674186,32,b03-o09-nano-c32,,8,False,594.205,llama3.2:1b,etri-dev0001-jetorn,ACTIVE,1736.105,b83a07f7-468f-49c0-95f7-e6a75cdf7755,Edge computing reduces latency by processing data closer,nano,45,12.0,ok,nano,1788504601.3015993,22.96,1978.702,9
2683.555,3,2756.987,1788504604.0621831,32,b03-o09-nano-c32,,8,False,386.836,llama3.2:1b,etri-dev0001-jetorn,ACTIVE,2296.719,f0dc4fcf-c510-4485-acd1-080651e81679,Edge computing reduces latency by processing data closer,nano,45,12.0,ok,nano,1788504601.305197,24.401,2356.322,9
3184.54,3,3256.873,1788504604.5630438,32,b03-o09-nano-c32,,8,False,501.212,llama3.2:1b,etri-dev0001-jetorn,ACTIVE,2683.328,21af986d-c8f9-457f-9293-f300d6f61fca,Edge computing reduces latency by processing data closer,nano,45,12.0,ok,nano,1788504601.3061705,23.327,2840.024,9
3515.053,3,3624.611,1788504604.9337616,32,b03-o09-nano-c32,,8,False,368.297,llama3.2:1b,etri-dev0001-jetorn,ACTIVE,3146.756,974f91c6-7ebd-423c-aa6d-76c02a46ba31,Edge computing reduces latency by processing data closer,nano,45,12.0,ok,nano,1788504601.309151,25.861,3203.255,9
4220.69,3,4342.137,1788504605.6445448,32,b03-o09-nano-c32,,8,False,707.748,llama3.2:1b,etri-dev0001-jetorn,ACTIVE,3512.942,90c89fa9-b6a6-4f4b-866c-06565e19bf10,Edge computing reduces latency by processing data closer,nano,45,12.0,ok,nano,1788504601.302411,25.683,3910.81,9
4592.078,3,4727.854,1788504606.032316,32,b03-o09-nano-c32,,8,False,382.21,llama3.2:1b,etri-dev0001-jetorn,ACTIVE,4209.868,9765b470-da6b-4b48-a671-a33d2a767b7f,Edge computing reduces latency by processing data closer,nano,45,12.0,ok,nano,1788504601.3044648,24.682,4271.469,9
4954.975,3,5099.657,1788504606.4096138,32,b03-o09-nano-c32,,8,False,382.152,llama3.2:1b,etri-dev0001-jetorn,ACTIVE,4572.823,f1528a0a-e9ad-40e1-9925-773756e53ac0,Edge computing reduces latency by processing data closer,nano,45,12.0,ok,nano,1788504601.3099618,26.912,4655.881,9
5293.564,3,5450.166,1788504606.7722952,32,b03-o09-nano-c32,,8,False,362.107,llama3.2:1b,etri-dev0001-jetorn,ACTIVE,4931.456,42339771-b605-4eec-a4f4-f2b2dfec2c1c,Edge computing reduces latency by processing data closer,nano,45,12.0,ok,nano,1788504601.3221316,25.994,4983.598,9
5643.923,3,5816.631,1788504607.1304448,32,b03-o09-nano-c32,,8,False,356.44,llama3.2:1b,etri-dev0001-jetorn,ACTIVE,5287.482,efbe7df3-7d37-4345-a96b-ef4fd80945c7,Edge computing reduces latency by processing data closer,nano,45,12.0,ok,nano,1788504601.3138168,26.687,5339.923,9
5642.946,3,5655.89,1788504607.554304,32,b03-o09-nano-c32,,8,False,423.096,llama3.2:1b,etri-dev0001-jetorn,ACTIVE,5219.851,015e694d-840a-4f04-918b-a30cdbbe4b70,Edge computing reduces latency by processing data closer,nano,45,12.0,ok,nano,1788504601.8984182,22.534,5303.234,9
5588.181,3,5600.747,1788504607.905235,32,b03-o09-nano-c32,,8,False,350.476,llama3.2:1b,etri-dev0001-jetorn,ACTIVE,5237.706,b85ad9a5-b6e5-463f-98b6-dbdd5b2910c8,Edge computing reduces latency by processing data closer,nano,45,12.0,ok,nano,1788504602.3045046,26.756,5289.299,9
6556.447,3,7635.749,1788504608.9507065,32,b03-o09-nano-c32,,8,False,1044.993,llama3.2:1b,etri-dev0001-jetorn,ACTIVE,5511.454,47109efa-7b34-4543-932d-3c91503aa05e,Edge computing reduces latency by processing data closer,nano,45,12.0,ok,nano,1788504601.3149588,24.969,6236.045,9
7528.724,3,8606.686,1788504609.9270935,32,b03-o09-nano-c32,,8,False,976.035,llama3.2:1b,etri-dev0001-jetorn,ACTIVE,6552.689,ffd64608-001d-4c10-8c0a-53bd9da26af7,Edge computing reduces latency by processing data closer,nano,45,12.0,ok,nano,1788504601.3204076,18.886,7103.487,9
7922.27,3,8996.804,1788504610.3247683,32,b03-o09-nano-c32,,8,False,396.404,llama3.2:1b,etri-dev0001-jetorn,ACTIVE,7525.866,a849b342-9039-40e3-bec9-f30691049611,Edge computing reduces latency by processing data closer,nano,45,12.0,ok,nano,1788504601.3279698,24.172,7592.016,9
8519.708,3,9627.443,1788504610.9505956,32,b03-o09-nano-c32,,8,False,623.583,llama3.2:1b,etri-dev0001-jetorn,ACTIVE,7896.125,046108ae-8a90-45d9-a10d-67788459f547,Edge computing reduces latency by processing data closer,nano,45,12.0,ok,nano,1788504601.3231578,14.396,7965.204,9
9397.253,3,10508.664,1788504611.8345764,32,b03-o09-nano-c32,,8,False,884.511,llama3.2:1b,etri-dev0001-jetorn,ACTIVE,8512.742,1724196e-d9ff-4db0-89a3-a110a2fe87dd,Edge computing reduces latency by processing data closer,nano,45,12.0,ok,nano,1788504601.3259168,22.644,9041.752,9
9757.218,3,10899.872,1788504612.2076564,32,b03-o09-nano-c32,,8,False,369.661,llama3.2:1b,etri-dev0001-jetorn,ACTIVE,9387.557,4c17066d-c9bc-409e-8d8a-fe0f3a2750e1,Edge computing reduces latency by processing data closer,nano,45,12.0,ok,nano,1788504601.307788,25.779,9456.082,9
10124.042,3,11265.398,1788504612.5825634,32,b03-o09-nano-c32,,8,False,372.419,llama3.2:1b,etri-dev0001-jetorn,ACTIVE,9751.624,865f1160-1212-4dba-81da-4fc5f4b89657,Edge computing reduces latency by processing data closer,nano,45,12.0,ok,nano,1788504601.3171697,26.103,9816.024,9
10785.307,3,10909.07,1788504613.277119,32,b03-o09-nano-c32,,8,False,693.432,llama3.2:1b,etri-dev0001-jetorn,ACTIVE,10091.875,ba13e48d-bb2e-4750-aa1f-8fdfcc0cdfb1,Edge computing reduces latency by processing data closer,nano,45,12.0,ok,nano,1788504602.3680525,20.665,10398.909,9
11042.326,3,12296.241,1788504613.6249042,32,b03-o09-nano-c32,,8,False,348.056,llama3.2:1b,etri-dev0001-jetorn,ACTIVE,10694.27,962fd40f-6077-45b2-a955-05e7de709685,Edge computing reduces latency by processing data closer,nano,45,12.0,ok,nano,1788504601.328713,27.316,10748.128,9
11238.069,3,11262.049,1788504613.9768705,32,b03-o09-nano-c32,,8,False,350.937,llama3.2:1b,etri-dev0001-jetorn,ACTIVE,10887.132,e6d9927f-3324-4be1-a0e8-f6a1898b0a9d,Edge computing reduces latency by processing data closer,nano,45,12.0,ok,nano,1788504602.714827,26.89,10940.027,9
11542.267,3,11555.52,1788504614.6344914,32,b03-o09-nano-c32,,8,False,656.378,llama3.2:1b,etri-dev0001-jetorn,ACTIVE,10885.888,f2585730-8f2c-4bf2-9927-ee6c1d2e32db,Edge computing reduces latency by processing data closer,nano,45,12.0,ok,nano,1788504603.0789778,24.643,11214.344,9
11622.486,3,12654.363,1788504615.029403,32,b03-o09-nano-c32,,8,False,390.864,llama3.2:1b,etri-dev0001-jetorn,ACTIVE,11231.623,d8ddd37c-d6d4-4848-a548-f888c58dc701,Edge computing reduces latency by processing data closer,nano,45,12.0,ok,nano,1788504602.3750417,25.929,11316.098,9
12031.596,3,13086.083,1788504615.4550178,32,b03-o09-nano-c32,,8,False,425.253,llama3.2:1b,etri-dev0001-jetorn,ACTIVE,11606.343,97f8d433-8e9b-44c1-b17f-afee51190f5b,Edge computing reduces latency by processing data closer,nano,45,12.0,ok,nano,1788504602.3689373,21.705,11664.117,9
12383.723,3,13439.745,1788504615.811181,32,b03-o09-nano-c32,,8,False,355.983,llama3.2:1b,etri-dev0001-jetorn,ACTIVE,12027.74,5bbe463a-6298-4bcb-9470-44fe41b5d07a,Edge computing reduces latency by processing data closer,nano,45,12.0,ok,nano,1788504602.3714368,26.532,12083.346,9
12750.786,3,13820.473,1788504616.186086,32,b03-o09-nano-c32,,8,False,374.993,llama3.2:1b,etri-dev0001-jetorn,ACTIVE,12375.793,5130f32b-062e-4c22-b92e-9668316fcc44,Edge computing reduces latency by processing data closer,nano,45,12.0,ok,nano,1788504602.365615,24.847,12430.974,9
13361.3,3,14445.64,1788504616.820205,32,b03-o09-nano-c32,,8,False,629.229,llama3.2:1b,etri-dev0001-jetorn,ACTIVE,12732.071,11774e7a-adfc-4b28-8721-2ca493450500,Edge computing reduces latency by processing data closer,nano,45,12.0,ok,nano,1788504602.374569,25.284,13043.791,9
13712.3,3,14806.678,1788504617.1787121,32,b03-o09-nano-c32,,8,False,357.944,llama3.2:1b,etri-dev0001-jetorn,ACTIVE,13354.356,80e9189c-4968-4614-ab8a-028e16f2508c,Edge computing reduces latency by processing data closer,nano,45,12.0,ok,nano,1788504602.3720376,26.229,13408.079,9
14099.456,3,15216.215,1788504617.5866559,32,b03-o09-nano-c32,,8,False,406.71,llama3.2:1b,etri-dev0001-jetorn,ACTIVE,13692.746,1c86f3c0-52aa-4fa6-8258-261092cf0cbe,Edge computing reduces latency by processing data closer,nano,45,12.0,ok,nano,1788504602.370444,22.584,13747.511,9
14259.854,3,14268.587,1788504617.9428985,32,b03-o09-nano-c32,,8,False,352.972,llama3.2:1b,etri-dev0001-jetorn,ACTIVE,13906.881,4f2e1725-dc36-43bb-a7d7-ddf718878e72,Edge computing reduces latency by processing data closer,nano,45,12.0,ok,nano,1788504603.6743147,27.253,13959.325,9
14243.849,3,14255.859,1788504618.3180687,32,b03-o09-nano-c32,,8,False,370.97,llama3.2:1b,etri-dev0001-jetorn,ACTIVE,13872.879,cf5e8648-0183-4383-9fa3-941c29002cab,Edge computing reduces latency by processing data closer,nano,45,12.0,ok,nano,1788504604.062215,25.649,13931.905,9
14255.961,3,15302.171,1788504618.69217,32,b03-o09-nano-c32,,8,False,374.182,llama3.2:1b,etri-dev0001-jetorn,ACTIVE,13881.779,c54d0021-f5b1-4f68-8d27-905dc9cce446,Edge computing reduces latency by processing data closer,nano,45,12.0,ok,nano,1788504603.3900049,25.102,13937.52,9
14607.928,3,15658.119,1788504619.0478415,32,b03-o09-nano-c32,,8,False,355.335,llama3.2:1b,etri-dev0001-jetorn,ACTIVE,14252.593,67f3f3b8-5310-4434-8e01-2430680dd16d,Edge computing reduces latency by processing data closer,nano,45,12.0,ok,nano,1788504603.389726,26.554,14303.296,9
14999.899,3,16060.871,1788504619.4499097,32,b03-o09-nano-c32,,8,False,398.802,llama3.2:1b,etri-dev0001-jetorn,ACTIVE,14601.097,ad77688c-9463-48db-bf86-e5a32d415d5b,Edge computing reduces latency by processing data closer,nano,45,12.0,ok,nano,1788504603.3890445,26.146,14692.11,9
15241.299,3,15246.605,1788504619.80967,32,b03-o09-nano-c32,,8,False,362.632,llama3.2:1b,etri-dev0001-jetorn,ACTIVE,14878.667,8a759f92-21e3-4fc0-be8f-a033927d909a,Edge computing reduces latency by processing data closer,nano,45,12.0,ok,nano,1788504604.563066,25.854,14934.437,9
15247.41,3,15257.256,1788504620.19104,32,b03-o09-nano-c32,,8,False,379.872,llama3.2:1b,etri-dev0001-jetorn,ACTIVE,14867.538,6449e192-9a93-4d49-a203-618cde5ea81a,Edge computing reduces latency by processing data closer,nano,45,12.0,ok,nano,1788504604.9337845,25.15,14936.505,9
14899.985,3,14914.844,1788504620.5594711,32,b03-o09-nano-c32,,8,False,369.62,llama3.2:1b,etri-dev0001-jetorn,ACTIVE,14530.366,ff4e574b-ed9f-4d18-86a9-d9eb54b4b081,Edge computing reduces latency by processing data closer,nano,45,12.0,ok,nano,1788504605.6446276,25.61,14587.385,9
14894.163,3,14914.439,1788504620.946834,32,b03-o09-nano-c32,,8,False,386.783,llama3.2:1b,etri-dev0001-jetorn,ACTIVE,14507.38,ebf65030-007b-47a7-b578-f31c5e9d32c2,Edge computing reduces latency by processing data closer,nano,45,12.0,ok,nano,1788504606.0323982,25.355,14578.277,9
14892.03,3,14913.357,1788504621.323074,32,b03-o09-nano-c32,,8,False,375.809,llama3.2:1b,etri-dev0001-jetorn,ACTIVE,14516.221,56ede321-d1e9-46ea-8eaf-3273a4acafee,Edge computing reduces latency by processing data closer,nano,45,12.0,ok,nano,1788504606.4097216,25.671,14580.0,9
14877.861,3,14902.122,1788504621.6745,32,b03-o09-nano-c32,,8,False,346.308,llama3.2:1b,etri-dev0001-jetorn,ACTIVE,14531.553,8f31b71d-8d94-462b-b8ec-97b9668fbc9a,Edge computing reduces latency by processing data closer,nano,45,12.0,ok,nano,1788504606.7723794,27.141,14583.048,9
14900.399,3,14919.641,1788504622.0501769,32,b03-o09-nano-c32,,8,False,378.228,llama3.2:1b,etri-dev0001-jetorn,ACTIVE,14522.171,6ae1436c-5952-43d5-886b-45382389eb9c,Edge computing reduces latency by processing data closer,nano,45,12.0,ok,nano,1788504607.1305358,25.208,14595.907,9
14894.149,3,14914.382,1788504622.4687765,32,b03-o09-nano-c32,,8,False,417.092,llama3.2:1b,etri-dev0001-jetorn,ACTIVE,14477.057,4afd05fe-3a73-462e-be24-a350c32a90da,Edge computing reduces latency by processing data closer,nano,45,12.0,ok,nano,1788504607.5543985,22.636,14543.977,9
14908.129,3,14917.539,1788504622.822868,32,b03-o09-nano-c32,,8,False,353.024,llama3.2:1b,etri-dev0001-jetorn,ACTIVE,14555.105,20d2930b-47f5-4b88-a3c0-1ab42ee9f9e0,Edge computing reduces latency by processing data closer,nano,45,12.0,ok,nano,1788504607.905333,26.95,14612.297,9
14256.631,3,14264.466,1788504623.2152247,32,b03-o09-nano-c32,,8,False,391.961,llama3.2:1b,etri-dev0001-jetorn,ACTIVE,13864.671,54ddc34c-f4b8-4316-b2ca-cf01986aa61d,Edge computing reduces latency by processing data closer,nano,45,12.0,ok,nano,1788504608.9507618,25.234,13936.578,9
13627.87,3,13643.391,1788504623.5705028,32,b03-o09-nano-c32,,8,False,355.442,llama3.2:1b,etri-dev0001-jetorn,ACTIVE,13272.429,0e93040f-e40d-463f-8388-dca90207ec88,Edge computing reduces latency by processing data closer,nano,45,12.0,ok,nano,1788504609.9271164,26.765,13327.96,9
13580.726,3,13595.039,1788504623.9199107,32,b03-o09-nano-c32,,8,False,347.881,llama3.2:1b,etri-dev0001-jetorn,ACTIVE,13232.845,6a36d3b9-21df-4677-ab17-e18ea4858658,Edge computing reduces latency by processing data closer,nano,45,12.0,ok,nano,1788504610.3248763,27.081,13284.328,9
13314.106,3,13327.581,1788504624.2782824,32,b03-o09-nano-c32,,8,False,358.929,llama3.2:1b,etri-dev0001-jetorn,ACTIVE,12955.177,a5ec3212-2bde-4df5-8f90-2a22b0edd270,Edge computing reduces latency by processing data closer,nano,45,12.0,ok,nano,1788504610.9507058,26.389,13010.265,9
12857.589,3,12868.027,1788504624.7026994,32,b03-o09-nano-c32,,8,False,423.854,llama3.2:1b,etri-dev0001-jetorn,ACTIVE,12433.736,3b28a12b-6d0c-4c38-8a86-8f014850703c,Edge computing reduces latency by processing data closer,nano,45,12.0,ok,nano,1788504611.8346763,22.44,12501.167,9
12814.874,3,12837.472,1788504625.0452144,32,b03-o09-nano-c32,,8,False,341.802,llama3.2:1b,etri-dev0001-jetorn,ACTIVE,12473.072,c8c800f3-3812-48ae-809f-7d7dbe020ae8,Edge computing reduces latency by processing data closer,nano,45,12.0,ok,nano,1788504612.2077458,27.301,12524.042,9
12844.003,3,12854.477,1788504625.4371493,32,b03-o09-nano-c32,,8,False,388.703,llama3.2:1b,etri-dev0001-jetorn,ACTIVE,12455.3,b58baaa9-307f-4caf-8874-219a862ed6c5,Edge computing reduces latency by processing data closer,nano,45,12.0,ok,nano,1788504612.582675,25.64,12532.247,9
12508.802,3,12537.748,1788504625.8149555,32,b03-o09-nano-c32,,8,False,380.562,llama3.2:1b,etri-dev0001-jetorn,ACTIVE,12128.241,7e71cc50-30d5-4a0f-bdd9-696be6f28056,Edge computing reduces latency by processing data closer,nano,45,12.0,ok,nano,1788504613.2772086,24.883,12191.814,9
564.23,3,579.397,1788504629.4651978,1,b03-o10-nano-c1,,8,False,564.206,llama3.2:1b,etri-dev0001-jetorn,ACTIVE,0.024,4c3133df-beac-4db0-bcd8-b05293d56d36,Edge computing reduces latency by processing data closer,nano,46,12.0,ok,nano,1788504628.8858058,19.381,154.982,10
346.817,3,354.615,1788504629.8199482,1,b03-o10-nano-c1,,8,False,346.806,llama3.2:1b,etri-dev0001-jetorn,ACTIVE,0.011,58d47686-ea71-4a9d-acf8-770a66819b6c,Edge computing reduces latency by processing data closer,nano,46,12.0,ok,nano,1788504629.4653358,27.171,52.971,10
387.197,3,392.6,1788504630.212591,1,b03-o10-nano-c1,,8,False,387.186,llama3.2:1b,etri-dev0001-jetorn,ACTIVE,0.011,14006968-a0a7-4e80-9885-6bd033e4a78e,Edge computing reduces latency by processing data closer,nano,46,12.0,ok,nano,1788504629.8199954,23.929,53.161,10
362.164,3,373.738,1788504630.5864186,1,b03-o10-nano-c1,,8,False,362.153,llama3.2:1b,etri-dev0001-jetorn,ACTIVE,0.011,7849fcf0-103e-4be4-ac16-e60901e23580,Edge computing reduces latency by processing data closer,nano,46,12.0,ok,nano,1788504630.212686,25.852,54.188,10
349.328,3,356.337,1788504630.9428623,1,b03-o10-nano-c1,,8,False,349.317,llama3.2:1b,etri-dev0001-jetorn,ACTIVE,0.012,f445667d-c1d3-4dd0-a232-0b289a35e8a5,Edge computing reduces latency by processing data closer,nano,46,12.0,ok,nano,1788504630.5865288,27.077,52.77,10
392.736,3,398.848,1788504631.341797,1,b03-o10-nano-c1,,8,False,392.724,llama3.2:1b,etri-dev0001-jetorn,ACTIVE,0.011,1bc559af-0f20-4dfe-8d98-2f30bfad8c88,Edge computing reduces latency by processing data closer,nano,46,12.0,ok,nano,1788504630.942951,24.021,57.059,10
350.941,3,359.286,1788504631.701117,1,b03-o10-nano-c1,,8,False,350.93,llama3.2:1b,etri-dev0001-jetorn,ACTIVE,0.01,a5037206-5384-40d6-a6d0-cc1e65ea0989,Edge computing reduces latency by processing data closer,nano,46,12.0,ok,nano,1788504631.3418355,27.242,60.295,10
515.969,3,529.101,1788504632.2303245,1,b03-o10-nano-c1,,8,False,515.957,llama3.2:1b,etri-dev0001-jetorn,ACTIVE,0.012,3286c843-7826-41df-942a-d33281771773,Edge computing reduces latency by processing data closer,nano,46,12.0,ok,nano,1788504631.7012265,25.787,203.963,10
409.147,3,415.682,1788504632.6460917,1,b03-o10-nano-c1,,8,False,409.136,llama3.2:1b,etri-dev0001-jetorn,ACTIVE,0.01,3bfae53b-49a8-4ffa-b323-1c607f173e36,Edge computing reduces latency by processing data closer,nano,46,12.0,ok,nano,1788504632.2304142,25.273,93.339,10
350.452,3,357.513,1788504633.003701,1,b03-o10-nano-c1,,8,False,350.441,llama3.2:1b,etri-dev0001-jetorn,ACTIVE,0.011,7c4c21a7-fdcf-48ff-b9ce-fbcb7a232732,Edge computing reduces latency by processing data closer,nano,46,12.0,ok,nano,1788504632.6461911,26.894,53.105,10
401.301,3,406.418,1788504633.410218,1,b03-o10-nano-c1,,8,False,401.29,llama3.2:1b,etri-dev0001-jetorn,ACTIVE,0.011,8120579e-1eba-4487-a76a-62feb8d3cff1,Edge computing reduces latency by processing data closer,nano,46,12.0,ok,nano,1788504633.003802,27.071,105.346,10
597.96,3,605.06,1788504634.0153651,1,b03-o10-nano-c1,,8,False,597.948,llama3.2:1b,etri-dev0001-jetorn,ACTIVE,0.012,08a4761c-0336-4eaa-994b-b72198569322,Edge computing reduces latency by processing data closer,nano,46,12.0,ok,nano,1788504633.4103065,26.273,296.515,10
412.245,3,422.872,1788504634.4382336,1,b03-o10-nano-c1,,8,False,412.233,llama3.2:1b,etri-dev0001-jetorn,ACTIVE,0.012,476c7bdb-180b-4380-83f9-b2dbf5ac87a8,Edge computing reduces latency by processing data closer,nano,46,12.0,ok,nano,1788504634.0153897,25.748,104.371,10
377.133,3,383.686,1788504634.8220422,1,b03-o10-nano-c1,,8,False,377.122,llama3.2:1b,etri-dev0001-jetorn,ACTIVE,0.01,ae645eff-3911-40d0-9d13-e4baa4e69d65,Edge computing reduces latency by processing data closer,nano,46,12.0,ok,nano,1788504634.438359,24.995,56.345,10
366.913,3,375.203,1788504635.1973178,1,b03-o10-nano-c1,,8,False,366.902,llama3.2:1b,etri-dev0001-jetorn,ACTIVE,0.012,cdca684c-8db5-4613-8c68-717c2dcef3f0,Edge computing reduces latency by processing data closer,nano,46,12.0,ok,nano,1788504634.82212,25.296,48.27,10
354.978,3,361.151,1788504635.5585816,1,b03-o10-nano-c1,,8,False,354.966,llama3.2:1b,etri-dev0001-jetorn,ACTIVE,0.012,b30fdfa9-6362-40b6-be32-f6bcf27587c1,Edge computing reduces latency by processing data closer,nano,46,12.0,ok,nano,1788504635.1974342,26.417,50.794,10
380.101,3,390.922,1788504635.9496064,1,b03-o10-nano-c1,,8,False,380.091,llama3.2:1b,etri-dev0001-jetorn,ACTIVE,0.011,ac4a41b8-642a-45ee-900d-ed5f771366a3,Edge computing reduces latency by processing data closer,nano,46,12.0,ok,nano,1788504635.5586843,24.712,52.324,10
390.213,3,399.948,1788504636.3495827,1,b03-o10-nano-c1,,8,False,390.201,llama3.2:1b,etri-dev0001-jetorn,ACTIVE,0.011,237caa54-c6c2-4b22-ab51-77ffbbc34231,Edge computing reduces latency by processing data closer,nano,46,12.0,ok,nano,1788504635.9496357,24.319,58.434,10
381.919,3,386.881,1788504636.736485,1,b03-o10-nano-c1,,8,False,381.908,llama3.2:1b,etri-dev0001-jetorn,ACTIVE,0.011,25beb115-852b-4afb-be1e-4630009048ed,Edge computing reduces latency by processing data closer,nano,46,12.0,ok,nano,1788504636.349608,24.739,59.99,10
391.016,3,398.616,1788504637.1352012,1,b03-o10-nano-c1,,8,False,391.005,llama3.2:1b,etri-dev0001-jetorn,ACTIVE,0.011,b8539452-0a2c-410a-b12a-8856b88cc0db,Edge computing reduces latency by processing data closer,nano,46,12.0,ok,nano,1788504636.7365856,23.651,57.704,10
409.131,3,421.471,1788504637.5566962,1,b03-o10-nano-c1,,8,False,409.119,llama3.2:1b,etri-dev0001-jetorn,ACTIVE,0.012,caedd2aa-4cd9-4327-8255-9315b4a30ab7,Edge computing reduces latency by processing data closer,nano,46,12.0,ok,nano,1788504637.1352296,22.812,59.044,10
351.119,3,357.429,1788504637.914228,1,b03-o10-nano-c1,,8,False,351.108,llama3.2:1b,etri-dev0001-jetorn,ACTIVE,0.011,d81c9af3-8efc-4109-9371-664930f304ff,Edge computing reduces latency by processing data closer,nano,46,12.0,ok,nano,1788504637.5568004,26.58,51.204,10
402.916,3,415.831,1788504638.3301086,1,b03-o10-nano-c1,,8,False,402.904,llama3.2:1b,etri-dev0001-jetorn,ACTIVE,0.011,9f969a32-c6cf-4ae4-8d4d-0b6378862e7c,Edge computing reduces latency by processing data closer,nano,46,12.0,ok,nano,1788504637.9142818,23.449,55.22,10
347.276,3,352.577,1788504638.6827793,1,b03-o10-nano-c1,,8,False,347.265,llama3.2:1b,etri-dev0001-jetorn,ACTIVE,0.011,8d9c53f0-9cb3-499c-bb79-cf27981c8727,Edge computing reduces latency by processing data closer,nano,46,12.0,ok,nano,1788504638.3302028,26.912,50.411,10
512.043,3,522.119,1788504639.2049189,1,b03-o10-nano-c1,,8,False,512.031,llama3.2:1b,etri-dev0001-jetorn,ACTIVE,0.012,df32984c-d96d-4984-b669-8bd39c68d3b8,Edge computing reduces latency by processing data closer,nano,46,12.0,ok,nano,1788504638.6828032,25.789,192.579,10
396.301,3,402.062,1788504639.6070662,1,b03-o10-nano-c1,,8,False,396.29,llama3.2:1b,etri-dev0001-jetorn,ACTIVE,0.012,2caf9258-c6cb-4af7-81b5-47f44d5ed042,Edge computing reduces latency by processing data closer,nano,46,12.0,ok,nano,1788504639.2050095,26.785,95.691,10
360.471,3,370.538,1788504639.9778085,1,b03-o10-nano-c1,,8,False,360.442,llama3.2:1b,etri-dev0001-jetorn,ACTIVE,0.029,a1baa3ba-9bba-42de-91a9-09d2b8e386f9,Edge computing reduces latency by processing data closer,nano,46,12.0,ok,nano,1788504639.6072707,26.112,52.517,10
402.301,3,415.913,1788504640.3937428,1,b03-o10-nano-c1,,8,False,402.289,llama3.2:1b,etri-dev0001-jetorn,ACTIVE,0.012,538e475f-680d-46c4-94be-6b82f29b362f,Edge computing reduces latency by processing data closer,nano,46,12.0,ok,nano,1788504639.9778354,23.66,65.239,10
353.918,3,358.876,1788504640.75273,1,b03-o10-nano-c1,,8,False,353.907,llama3.2:1b,etri-dev0001-jetorn,ACTIVE,0.011,7492b865-bee2-4463-b316-bdf67aea197e,Edge computing reduces latency by processing data closer,nano,46,12.0,ok,nano,1788504640.393857,26.202,47.443,10
351.188,3,356.031,1788504641.108848,1,b03-o10-nano-c1,,8,False,351.177,llama3.2:1b,etri-dev0001-jetorn,ACTIVE,0.011,543df00a-370c-4053-96ed-2a883fdf2faa,Edge computing reduces latency by processing data closer,nano,46,12.0,ok,nano,1788504640.7528186,26.596,52.204,10
237.387,3,247.034,1788504644.4206922,2,b03-o11-agx-c2,,8,False,237.37,llama3.2:1b,etri-ser0001-cg0msb,ACTIVE,0.017,8ecf0358-83d1-4064-8ad5-6cefb0c80871,Edge computing reduces latency by processing data closer,agx,47,12.0,ok,agx,1788504644.1736593,43.245,52.832,11
439.071,3,450.022,1788504644.624537,2,b03-o11-agx-c2,,8,False,203.728,llama3.2:1b,etri-ser0001-cg0msb,ACTIVE,235.343,b0e5335f-c4d3-4bc4-b006-e00afebe23dd,Edge computing reduces latency by processing data closer,agx,47,12.0,ok,agx,1788504644.1745164,45.937,264.652,11
403.28,3,405.171,1788504644.8258965,2,b03-o11-agx-c2,,8,False,201.281,llama3.2:1b,etri-ser0001-cg0msb,ACTIVE,201.999,776846a4-4446-4eee-a199-34cf95759e45,Edge computing reduces latency by processing data closer,agx,47,12.0,ok,agx,1788504644.420728,45.979,229.017,11
399.001,3,400.974,1788504645.0255442,2,b03-o11-agx-c2,,8,False,199.501,llama3.2:1b,etri-ser0001-cg0msb,ACTIVE,199.5,d2e26014-b5f9-44b7-83ff-66371fdb36b2,Edge computing reduces latency by processing data closer,agx,47,12.0,ok,agx,1788504644.6245728,46.535,226.993,11
405.329,3,407.28,1788504645.2332113,2,b03-o11-agx-c2,,8,False,207.601,llama3.2:1b,etri-ser0001-cg0msb,ACTIVE,197.728,28d08a14-298c-4150-ad41-135387ddeb38,Edge computing reduces latency by processing data closer,agx,47,12.0,ok,agx,1788504644.8259342,44.5,225.316,11
412.113,3,414.128,1788504645.4397066,2,b03-o11-agx-c2,,8,False,206.4,llama3.2:1b,etri-ser0001-cg0msb,ACTIVE,205.713,20be11f4-7efd-40c7-b952-a2d62343d9ae,Edge computing reduces latency by processing data closer,agx,47,12.0,ok,agx,1788504645.025581,44.936,233.966,11
411.865,3,413.904,1788504645.6471565,2,b03-o11-agx-c2,,8,False,207.369,llama3.2:1b,etri-ser0001-cg0msb,ACTIVE,204.496,358732ad-86e7-426e-8aa8-ece154845b79,Edge computing reduces latency by processing data closer,agx,47,12.0,ok,agx,1788504645.2332542,44.613,232.333,11
414.944,3,417.003,1788504645.856742,2,b03-o11-agx-c2,,8,False,209.456,llama3.2:1b,etri-ser0001-cg0msb,ACTIVE,205.489,b8dd0ce5-a24b-4735-912b-d576ada9d84f,Edge computing reduces latency by processing data closer,agx,47,12.0,ok,agx,1788504645.439741,44.441,234.736,11
417.992,3,419.836,1788504646.0670257,2,b03-o11-agx-c2,,8,False,210.164,llama3.2:1b,etri-ser0001-cg0msb,ACTIVE,207.828,9570ce7e-3706-4351-bcc1-96d02dabc905,Edge computing reduces latency by processing data closer,agx,47,12.0,ok,agx,1788504645.647192,43.77,234.894,11
427.131,3,429.075,1788504646.2858527,2,b03-o11-agx-c2,,8,False,218.708,llama3.2:1b,etri-ser0001-cg0msb,ACTIVE,208.423,b5b24f99-4146-4da0-a135-5309a2318693,Edge computing reduces latency by processing data closer,agx,47,12.0,ok,agx,1788504645.8567793,42.815,240.136,11
424.86,3,426.828,1788504646.4938927,2,b03-o11-agx-c2,,8,False,207.953,llama3.2:1b,etri-ser0001-cg0msb,ACTIVE,216.907,c4ca7e13-6435-4e0b-957a-1538ef3d39df,Edge computing reduces latency by processing data closer,agx,47,12.0,ok,agx,1788504646.0670667,44.732,245.857,11
405.46,3,407.448,1788504646.693335,2,b03-o11-agx-c2,,8,False,199.337,llama3.2:1b,etri-ser0001-cg0msb,ACTIVE,206.124,b73fa69b-61eb-46ff-84c1-1ad35e4d2447,Edge computing reduces latency by processing data closer,agx,47,12.0,ok,agx,1788504646.2858887,46.517,233.088,11
398.751,3,400.606,1788504646.8945327,2,b03-o11-agx-c2,,8,False,201.258,llama3.2:1b,etri-ser0001-cg0msb,ACTIVE,197.493,55d710a5-f402-486e-9760-f8c7cbd73227,Edge computing reduces latency by processing data closer,agx,47,12.0,ok,agx,1788504646.4939287,46.202,225.266,11
399.217,3,401.145,1788504647.0945165,2,b03-o11-agx-c2,,8,False,199.577,llama3.2:1b,etri-ser0001-cg0msb,ACTIVE,199.64,ffee64dc-26b5-42ef-a376-dbb599ba5553,Edge computing reduces latency by processing data closer,agx,47,12.0,ok,agx,1788504646.6933742,46.452,226.79,11
406.214,3,408.075,1788504647.3026452,2,b03-o11-agx-c2,,8,False,208.159,llama3.2:1b,etri-ser0001-cg0msb,ACTIVE,198.055,12b0b12e-aca1-4858-ad16-3b18f814ffe4,Edge computing reduces latency by processing data closer,agx,47,12.0,ok,agx,1788504646.8945723,44.826,227.605,11
405.915,3,407.482,1788504647.502037,2,b03-o11-agx-c2,,8,False,199.244,llama3.2:1b,etri-ser0001-cg0msb,ACTIVE,206.671,f00245ac-5c31-4bdb-b8be-7f04f9d0e1b8,Edge computing reduces latency by processing data closer,agx,47,12.0,ok,agx,1788504647.094557,46.485,233.56,11
400.294,3,402.442,1788504647.7051203,2,b03-o11-agx-c2,,8,False,202.869,llama3.2:1b,etri-ser0001-cg0msb,ACTIVE,197.425,8608b38f-46a5-4bb2-839c-154b6f718fed,Edge computing reduces latency by processing data closer,agx,47,12.0,ok,agx,1788504647.3026805,45.6,224.544,11
400.952,3,402.935,1788504647.9050045,2,b03-o11-agx-c2,,8,False,199.841,llama3.2:1b,etri-ser0001-cg0msb,ACTIVE,201.112,74dd0eac-0eec-4cc5-8710-f093ec61fb33,Edge computing reduces latency by processing data closer,agx,47,12.0,ok,agx,1788504647.502072,46.723,229.246,11
398.447,3,400.245,1788504648.1053984,2,b03-o11-agx-c2,,8,False,200.334,llama3.2:1b,etri-ser0001-cg0msb,ACTIVE,198.113,d276913d-d94a-4792-a403-8c3c2dc25a24,Edge computing reduces latency by processing data closer,agx,47,12.0,ok,agx,1788504647.7051558,46.263,225.241,11
405.0,3,406.881,1788504648.311922,2,b03-o11-agx-c2,,8,False,206.449,llama3.2:1b,etri-ser0001-cg0msb,ACTIVE,198.551,45eb6626-37ce-41a2-9a68-f4c106d6f6d9,Edge computing reduces latency by processing data closer,agx,47,12.0,ok,agx,1788504647.9050434,45.499,228.76,11
403.295,3,405.031,1788504648.5104637,2,b03-o11-agx-c2,,8,False,198.377,llama3.2:1b,etri-ser0001-cg0msb,ACTIVE,204.918,ee191b84-3ba0-499c-b843-18b82dc7855f,Edge computing reduces latency by processing data closer,agx,47,12.0,ok,agx,1788504648.1054351,46.673,231.627,11
396.07,3,397.992,1788504648.709947,2,b03-o11-agx-c2,,8,False,199.419,llama3.2:1b,etri-ser0001-cg0msb,ACTIVE,196.651,36f3aa96-54fe-4f53-a40b-28d74edeb3fa,Edge computing reduces latency by processing data closer,agx,47,12.0,ok,agx,1788504648.3119578,46.653,224.038,11
397.715,3,399.31,1788504648.9098096,2,b03-o11-agx-c2,,8,False,199.736,llama3.2:1b,etri-ser0001-cg0msb,ACTIVE,197.979,b21f25c8-4314-4f67-8de0-14940d9fdeed,Edge computing reduces latency by processing data closer,agx,47,12.0,ok,agx,1788504648.5105019,46.387,224.938,11
407.891,3,409.738,1788504649.1197197,2,b03-o11-agx-c2,,8,False,209.751,llama3.2:1b,etri-ser0001-cg0msb,ACTIVE,198.14,f8b341c1-b858-499d-8bf2-ac6d87825827,Edge computing reduces latency by processing data closer,agx,47,12.0,ok,agx,1788504648.7099838,44.232,226.89,11
416.208,3,418.11,1788504649.3279574,2,b03-o11-agx-c2,,8,False,208.212,llama3.2:1b,etri-ser0001-cg0msb,ACTIVE,207.996,8ddcc042-961c-40ba-a9e7-f852d7dfa600,Edge computing reduces latency by processing data closer,agx,47,12.0,ok,agx,1788504648.9098492,44.742,237.205,11
405.981,3,407.734,1788504649.5274913,2,b03-o11-agx-c2,,8,False,199.374,llama3.2:1b,etri-ser0001-cg0msb,ACTIVE,206.607,e7bcc85d-047d-4300-8bfb-353533908d85,Edge computing reduces latency by processing data closer,agx,47,12.0,ok,agx,1788504649.1197596,46.614,234.091,11
410.79,3,412.793,1788504649.7407854,2,b03-o11-agx-c2,,8,False,213.134,llama3.2:1b,etri-ser0001-cg0msb,ACTIVE,197.655,65174136-0da3-4432-bbe8-ca1340827bb5,Edge computing reduces latency by processing data closer,agx,47,12.0,ok,agx,1788504649.327994,43.353,226.05,11
416.191,3,418.071,1788504649.9456007,2,b03-o11-agx-c2,,8,False,204.813,llama3.2:1b,etri-ser0001-cg0msb,ACTIVE,211.378,089cdc7b-1a4b-429e-aacd-3db6eb5bfc16,Edge computing reduces latency by processing data closer,agx,47,12.0,ok,agx,1788504649.5275319,45.281,239.381,11
412.799,3,414.668,1788504650.155486,2,b03-o11-agx-c2,,8,False,209.762,llama3.2:1b,etri-ser0001-cg0msb,ACTIVE,203.037,1c2fc603-2372-4ea6-8f05-b8036c7d03d9,Edge computing reduces latency by processing data closer,agx,47,12.0,ok,agx,1788504649.7408204,43.909,230.277,11
414.303,3,416.244,1788504650.3618782,2,b03-o11-agx-c2,,8,False,206.28,llama3.2:1b,etri-ser0001-cg0msb,ACTIVE,208.023,cbb52e82-e433-46f4-bf66-a7e829816071,Edge computing reduces latency by processing data closer,agx,47,12.0,ok,agx,1788504649.9456367,45.077,236.436,11
405.63,3,407.587,1788504650.5631065,2,b03-o11-agx-c2,,8,False,201.13,llama3.2:1b,etri-ser0001-cg0msb,ACTIVE,204.5,51be81db-2b26-4517-8958-ae44482e3286,Edge computing reduces latency by processing data closer,agx,47,12.0,ok,agx,1788504650.1555219,46.179,232.164,11
399.795,3,401.662,1788504650.7635748,2,b03-o11-agx-c2,,8,False,200.374,llama3.2:1b,etri-ser0001-cg0msb,ACTIVE,199.421,547688ed-b619-4d81-b60c-01d4c4a354b3,Edge computing reduces latency by processing data closer,agx,47,12.0,ok,agx,1788504650.3619146,46.225,226.408,11
401.112,3,402.932,1788504650.9660711,2,b03-o11-agx-c2,,8,False,202.392,llama3.2:1b,etri-ser0001-cg0msb,ACTIVE,198.719,e5ff4dae-922b-4e45-8292-83df7e02bf81,Edge computing reduces latency by processing data closer,agx,47,12.0,ok,agx,1788504650.5631418,45.999,226.99,11
410.28,3,412.138,1788504651.175746,2,b03-o11-agx-c2,,8,False,209.667,llama3.2:1b,etri-ser0001-cg0msb,ACTIVE,200.613,8e3cf4b5-522c-4148-890f-ee43d7f7ed33,Edge computing reduces latency by processing data closer,agx,47,12.0,ok,agx,1788504650.7636104,43.953,228.274,11
422.229,3,424.176,1788504651.3902807,2,b03-o11-agx-c2,,8,False,214.315,llama3.2:1b,etri-ser0001-cg0msb,ACTIVE,207.914,eed2aa77-0be3-4075-beb8-a4e2ffe95f52,Edge computing reduces latency by processing data closer,agx,47,12.0,ok,agx,1788504650.9661076,43.16,236.614,11
419.165,3,420.891,1788504651.5966713,2,b03-o11-agx-c2,,8,False,206.251,llama3.2:1b,etri-ser0001-cg0msb,ACTIVE,212.913,19b9a092-1d97-4434-9a34-e2cb9186ea12,Edge computing reduces latency by processing data closer,agx,47,12.0,ok,agx,1788504651.1757827,45.294,242.274,11
418.772,3,420.731,1788504651.8110497,2,b03-o11-agx-c2,,8,False,214.368,llama3.2:1b,etri-ser0001-cg0msb,ACTIVE,204.404,5ac47d0b-708e-4d0a-a2db-1b49f4f173c9,Edge computing reduces latency by processing data closer,agx,47,12.0,ok,agx,1788504651.3903215,43.078,233.076,11
412.94,3,414.767,1788504652.0114722,2,b03-o11-agx-c2,,8,False,200.275,llama3.2:1b,etri-ser0001-cg0msb,ACTIVE,212.666,a072554f-fc3e-49fb-8d67-a1d0c15a59a5,Edge computing reduces latency by processing data closer,agx,47,12.0,ok,agx,1788504651.5967076,46.412,240.374,11
419.553,3,421.496,1788504652.2325811,2,b03-o11-agx-c2,,8,False,221.061,llama3.2:1b,etri-ser0001-cg0msb,ACTIVE,198.492,08b6d4c2-af7c-4269-b0f4-cc2b4c49409b,Edge computing reduces latency by processing data closer,agx,47,12.0,ok,agx,1788504651.8110876,41.598,227.197,11
431.511,3,433.542,1788504652.4450471,2,b03-o11-agx-c2,,8,False,212.357,llama3.2:1b,etri-ser0001-cg0msb,ACTIVE,219.154,d98ba61b-95ea-4d6a-89c3-fb5f31f4eb3f,Edge computing reduces latency by processing data closer,agx,47,12.0,ok,agx,1788504652.011508,43.548,247.547,11
420.342,3,422.228,1788504652.6548455,2,b03-o11-agx-c2,,8,False,209.721,llama3.2:1b,etri-ser0001-cg0msb,ACTIVE,210.621,6b27a7df-f492-47b9-8279-cceefd3d3a70,Edge computing reduces latency by processing data closer,agx,47,12.0,ok,agx,1788504652.2326193,44.224,239.157,11
410.637,3,412.6,1788504652.8576818,2,b03-o11-agx-c2,,8,False,202.751,llama3.2:1b,etri-ser0001-cg0msb,ACTIVE,207.886,39f0c97a-bbb7-4bbf-b2d4-9d1d8861924e,Edge computing reduces latency by processing data closer,agx,47,12.0,ok,agx,1788504652.4450836,45.653,235.311,11
408.358,3,410.245,1788504653.0651248,2,b03-o11-agx-c2,,8,False,207.323,llama3.2:1b,etri-ser0001-cg0msb,ACTIVE,201.036,b1d121ca-a5ed-46bd-a261-489f1b640bff,Edge computing reduces latency by processing data closer,agx,47,12.0,ok,agx,1788504652.654882,45.263,231.396,11
418.676,3,420.826,1788504653.2785418,2,b03-o11-agx-c2,,8,False,213.311,llama3.2:1b,etri-ser0001-cg0msb,ACTIVE,205.365,2a38406a-8b22-40d8-9fa5-45cbf9a57b58,Edge computing reduces latency by processing data closer,agx,47,12.0,ok,agx,1788504652.8577185,43.612,235.091,11
418.136,3,420.159,1788504653.485318,2,b03-o11-agx-c2,,8,False,206.649,llama3.2:1b,etri-ser0001-cg0msb,ACTIVE,211.487,514635f9-2bfc-4c4b-9762-a79030dd5b9e,Edge computing reduces latency by processing data closer,agx,47,12.0,ok,agx,1788504653.065161,44.639,238.653,11
409.141,3,410.94,1788504653.6895144,2,b03-o11-agx-c2,,8,False,204.283,llama3.2:1b,etri-ser0001-cg0msb,ACTIVE,204.858,f7d87074-393b-488a-ae9b-608590df71f5,Edge computing reduces latency by processing data closer,agx,47,12.0,ok,agx,1788504653.2785764,45.25,232.024,11
407.958,3,409.857,1788504653.895209,2,b03-o11-agx-c2,,8,False,205.392,llama3.2:1b,etri-ser0001-cg0msb,ACTIVE,202.565,efb93954-4152-4566-89b3-48582e8fdf6a,Edge computing reduces latency by processing data closer,agx,47,12.0,ok,agx,1788504653.4853544,45.857,233.242,11
410.576,3,412.367,1788504654.1019216,2,b03-o11-agx-c2,,8,False,206.727,llama3.2:1b,etri-ser0001-cg0msb,ACTIVE,203.849,b81878be-3a19-441e-ad1d-4700008e0cab,Edge computing reduces latency by processing data closer,agx,47,12.0,ok,agx,1788504653.6895556,44.693,231.188,11
414.218,3,415.992,1788504654.3112352,2,b03-o11-agx-c2,,8,False,209.314,llama3.2:1b,etri-ser0001-cg0msb,ACTIVE,204.904,f8c81f89-7b6d-44f6-a6fd-8561bd2e39fc,Edge computing reduces latency by processing data closer,agx,47,12.0,ok,agx,1788504653.8952508,44.549,234.484,11
413.568,3,415.368,1788504654.5173116,2,b03-o11-agx-c2,,8,False,205.637,llama3.2:1b,etri-ser0001-cg0msb,ACTIVE,207.931,a607890b-8bc0-408d-89ed-a5eba1779b48,Edge computing reduces latency by processing data closer,agx,47,12.0,ok,agx,1788504654.101946,45.185,236.242,11
403.199,3,405.015,1788504654.7162929,2,b03-o11-agx-c2,,8,False,198.934,llama3.2:1b,etri-ser0001-cg0msb,ACTIVE,204.264,4b7c13b0-20fd-4ed7-a6d3-d77b1f0cadc1,Edge computing reduces latency by processing data closer,agx,47,12.0,ok,agx,1788504654.31128,46.56,231.091,11
395.248,3,397.435,1788504654.914782,2,b03-o11-agx-c2,,8,False,198.42,llama3.2:1b,etri-ser0001-cg0msb,ACTIVE,196.828,885902cf-5051-49cb-a00f-0300370e134b,Edge computing reduces latency by processing data closer,agx,47,12.0,ok,agx,1788504654.517349,46.735,223.802,11
400.434,3,402.4,1788504655.118727,2,b03-o11-agx-c2,,8,False,203.839,llama3.2:1b,etri-ser0001-cg0msb,ACTIVE,196.594,a5c7294a-3438-4d05-af9e-49c844c4b16a,Edge computing reduces latency by processing data closer,agx,47,12.0,ok,agx,1788504654.7163296,45.332,223.678,11
403.64,3,405.511,1788504655.3203275,2,b03-o11-agx-c2,,8,False,201.483,llama3.2:1b,etri-ser0001-cg0msb,ACTIVE,202.157,37dc0382-7d0b-4666-a9a0-5fc49d80cbd5,Edge computing reduces latency by processing data closer,agx,47,12.0,ok,agx,1788504654.914819,46.679,232.043,11
399.075,3,400.903,1788504655.519663,2,b03-o11-agx-c2,,8,False,199.425,llama3.2:1b,etri-ser0001-cg0msb,ACTIVE,199.65,e8dcdfda-c785-47ac-ae60-6e8131880335,Edge computing reduces latency by processing data closer,agx,47,12.0,ok,agx,1788504655.1187625,46.672,227.495,11
401.704,3,403.592,1788504655.7239556,2,b03-o11-agx-c2,,8,False,204.07,llama3.2:1b,etri-ser0001-cg0msb,ACTIVE,197.634,9524b594-7056-4c70-864b-734c27c56cf0,Edge computing reduces latency by processing data closer,agx,47,12.0,ok,agx,1788504655.3203647,45.213,224.475,11
402.39,3,404.276,1788504655.9239774,2,b03-o11-agx-c2,,8,False,199.831,llama3.2:1b,etri-ser0001-cg0msb,ACTIVE,202.559,b353eed8-37d5-4574-a3c3-d0f64533dc1f,Edge computing reduces latency by processing data closer,agx,47,12.0,ok,agx,1788504655.5197039,46.643,230.728,11
401.519,3,403.486,1788504656.1274645,2,b03-o11-agx-c2,,8,False,203.333,llama3.2:1b,etri-ser0001-cg0msb,ACTIVE,198.185,0d85f01c-0b1e-46b1-bc13-cab266c5bd93,Edge computing reduces latency by processing data closer,agx,47,12.0,ok,agx,1788504655.72398,45.474,225.259,11
401.524,3,403.58,1788504656.32759,2,b03-o11-agx-c2,,8,False,200.04,llama3.2:1b,etri-ser0001-cg0msb,ACTIVE,201.484,dee51b81-f19e-481b-ae9c-d1db8abec4eb,Edge computing reduces latency by processing data closer,agx,47,12.0,ok,agx,1788504655.9240131,46.617,229.671,11
398.326,3,400.074,1788504656.5275717,2,b03-o11-agx-c2,,8,False,200.063,llama3.2:1b,etri-ser0001-cg0msb,ACTIVE,198.263,138f923b-ba57-40fe-8a2d-4f5334a9a992,Edge computing reduces latency by processing data closer,agx,47,12.0,ok,agx,1788504656.1274998,46.261,225.063,11
213.145,3,223.356,1788504659.8307142,16,b03-o12-spark-c16,,8,False,213.131,llama3.2:1b,etri-ser0002-cgnmsb,ACTIVE,0.014,b36ead9b-b897-4e27-bc21-9df1515d449c,Edge computing reduces latency by processing data closer,spark,48,12.0,ok,spark,1788504659.6073651,45.048,32.917,12
414.832,3,428.98,1788504660.0365622,16,b03-o12-spark-c16,,8,False,205.485,llama3.2:1b,etri-ser0002-cgnmsb,ACTIVE,209.347,af338727-76fa-4788-a73f-7e56fd4b39a3,Edge computing reduces latency by processing data closer,spark,48,12.0,ok,spark,1788504659.6075885,45.897,240.253,12
616.085,3,632.321,1788504660.2394466,16,b03-o12-spark-c16,,8,False,202.794,llama3.2:1b,etri-ser0002-cgnmsb,ACTIVE,413.291,78921e12-139c-4398-95f4-cb5c3350fe7c,Edge computing reduces latency by processing data closer,spark,48,12.0,ok,spark,1788504659.6071281,46.191,441.063,12
824.623,3,841.073,1788504660.4492035,16,b03-o12-spark-c16,,8,False,208.765,llama3.2:1b,etri-ser0002-cgnmsb,ACTIVE,615.858,ff5408b8-2693-4785-a697-4dc85dea8c58,Edge computing reduces latency by processing data closer,spark,48,12.0,ok,spark,1788504659.6081362,46.209,649.432,12
1032.388,3,1050.756,1788504660.6586602,16,b03-o12-spark-c16,,8,False,208.966,llama3.2:1b,etri-ser0002-cgnmsb,ACTIVE,823.422,2cc0f406-5ca5-42cd-852d-7e3d900eb7c1,Edge computing reduces latency by processing data closer,spark,48,12.0,ok,spark,1788504659.6079104,46.125,856.702,12
1239.425,3,1257.202,1788504660.8655822,16,b03-o12-spark-c16,,8,False,207.093,llama3.2:1b,etri-ser0002-cgnmsb,ACTIVE,1032.332,bf97f9f8-c00e-41e6-a4c0-87e9d092a6b6,Edge computing reduces latency by processing data closer,spark,48,12.0,ok,spark,1788504659.6083834,46.087,1065.432,12
1442.394,3,1460.22,1788504661.0690742,16,b03-o12-spark-c16,,8,False,202.774,llama3.2:1b,etri-ser0002-cgnmsb,ACTIVE,1239.62,9e00e083-eead-4960-98d4-4736dd50457d,Edge computing reduces latency by processing data closer,spark,48,12.0,ok,spark,1788504659.6088574,46.089,1268.505,12
1647.083,3,1664.542,1788504661.2739859,16,b03-o12-spark-c16,,8,False,205.23,llama3.2:1b,etri-ser0002-cgnmsb,ACTIVE,1441.853,6848d0ab-5a07-4e91-904d-05b29b707f8f,Edge computing reduces latency by processing data closer,spark,48,12.0,ok,spark,1788504659.6094456,46.127,1471.093,12
1854.071,3,1870.729,1788504661.481758,16,b03-o12-spark-c16,,8,False,206.778,llama3.2:1b,etri-ser0002-cgnmsb,ACTIVE,1647.293,1ccf006d-0f3d-41a4-b251-be766aa11d1d,Edge computing reduces latency by processing data closer,spark,48,12.0,ok,spark,1788504659.6110353,46.297,1680.598,12
1862.806,3,2078.685,1788504661.6878927,16,b03-o12-spark-c16,,8,False,205.708,llama3.2:1b,etri-ser0002-cgnmsb,ACTIVE,1657.099,cb522bd9-7235-4b85-b971-caf3afbb4176,Edge computing reduces latency by processing data closer,spark,48,12.0,ok,spark,1788504659.6092103,46.1,1687.301,12
2069.587,3,2285.586,1788504661.8968654,16,b03-o12-spark-c16,,8,False,207.957,llama3.2:1b,etri-ser0002-cgnmsb,ACTIVE,1861.63,62a1cbe2-88b7-403c-bda3-a4253f9e9e64,Edge computing reduces latency by processing data closer,spark,48,12.0,ok,spark,1788504659.6112852,46.157,1894.513,12
2269.041,3,2273.074,1788504662.1039002,16,b03-o12-spark-c16,,8,False,206.854,llama3.2:1b,etri-ser0002-cgnmsb,ACTIVE,2062.187,68badf04-f6cc-4f40-9adb-e48e07919599,Edge computing reduces latency by processing data closer,spark,48,12.0,ok,spark,1788504659.8308313,46.21,2093.632,12
2274.549,3,2277.572,1788504662.314332,16,b03-o12-spark-c16,,8,False,209.976,llama3.2:1b,etri-ser0002-cgnmsb,ACTIVE,2064.573,44dc30da-5cf9-415c-a8ab-c427a3eace77,Edge computing reduces latency by processing data closer,spark,48,12.0,ok,spark,1788504660.0367618,45.988,2097.88,12
2278.581,3,2284.631,1788504662.5241487,16,b03-o12-spark-c16,,8,False,210.114,llama3.2:1b,etri-ser0002-cgnmsb,ACTIVE,2068.466,b7de4406-2f14-4b75-92cc-9ef73d90f70d,Edge computing reduces latency by processing data closer,spark,48,12.0,ok,spark,1788504660.239519,44.786,2098.304,12
2277.161,3,2284.453,1788504662.733795,16,b03-o12-spark-c16,,8,False,208.014,llama3.2:1b,etri-ser0002-cgnmsb,ACTIVE,2069.147,0b2a76e4-ae1e-4aad-b31f-f405e6c97cb7,Edge computing reduces latency by processing data closer,spark,48,12.0,ok,spark,1788504660.4493468,46.213,2102.614,12
2274.751,3,2281.284,1788504662.940054,16,b03-o12-spark-c16,,8,False,205.918,llama3.2:1b,etri-ser0002-cgnmsb,ACTIVE,2068.833,1ca84058-d472-4b02-9fc4-6a5213cb9d3b,Edge computing reduces latency by processing data closer,spark,48,12.0,ok,spark,1788504660.658773,46.132,2099.187,12
2476.228,3,3544.112,1788504663.154602,16,b03-o12-spark-c16,,8,False,212.637,llama3.2:1b,etri-ser0002-cgnmsb,ACTIVE,2263.591,19aa71c8-f77a-4645-8f09-e7ea8a214971,Edge computing reduces latency by processing data closer,spark,48,12.0,ok,spark,1788504659.610492,45.94,2299.42,12
2684.377,3,3753.817,1788504663.3635015,16,b03-o12-spark-c16,,8,False,207.985,llama3.2:1b,etri-ser0002-cgnmsb,ACTIVE,2476.392,e7dabc86-7bba-44bd-8181-0e7483666ace,Edge computing reduces latency by processing data closer,spark,48,12.0,ok,spark,1788504659.6096885,46.187,2508.683,12
2891.953,3,3961.693,1788504663.5724754,16,b03-o12-spark-c16,,8,False,208.148,llama3.2:1b,etri-ser0002-cgnmsb,ACTIVE,2683.804,4c63603e-db04-46ea-93d4-c07673818f84,Edge computing reduces latency by processing data closer,spark,48,12.0,ok,spark,1788504659.6107862,46.082,2716.527,12
3099.254,3,4169.319,1788504663.7795227,16,b03-o12-spark-c16,,8,False,206.956,llama3.2:1b,etri-ser0002-cgnmsb,ACTIVE,2892.298,4a297947-fa76-475b-9810-269d58c416af,Edge computing reduces latency by processing data closer,spark,48,12.0,ok,spark,1788504659.610206,45.891,2924.74,12
3303.152,3,4375.281,1788504663.9852695,16,b03-o12-spark-c16,,8,False,204.062,llama3.2:1b,etri-ser0002-cgnmsb,ACTIVE,3099.09,e7f5ed7b-861a-4dee-8a9d-d30744630f5e,Edge computing reduces latency by processing data closer,spark,48,12.0,ok,spark,1788504659.6099944,46.128,3128.091,12
3321.903,3,3324.834,1788504664.190495,16,b03-o12-spark-c16,,8,False,205.81,llama3.2:1b,etri-ser0002-cgnmsb,ACTIVE,3116.094,7d5ca4a3-2b75-490b-bb92-933105f73e96,Edge computing reduces latency by processing data closer,spark,48,12.0,ok,spark,1788504660.865664,46.386,3147.596,12
3323.79,3,3327.735,1788504664.3968976,16,b03-o12-spark-c16,,8,False,205.947,llama3.2:1b,etri-ser0002-cgnmsb,ACTIVE,3117.843,39d8b59e-3579-4ede-aa8d-a1725fe5fa56,Edge computing reduces latency by processing data closer,spark,48,12.0,ok,spark,1788504661.0691662,46.118,3150.132,12
3319.892,3,3326.425,1788504664.6004486,16,b03-o12-spark-c16,,8,False,203.518,llama3.2:1b,etri-ser0002-cgnmsb,ACTIVE,3116.374,8ca88c9d-af0a-4c56-a997-338e7e9e27cc,Edge computing reduces latency by processing data closer,spark,48,12.0,ok,spark,1788504661.27403,46.035,3144.124,12
3322.081,3,3327.18,1788504664.8090448,16,b03-o12-spark-c16,,8,False,208.186,llama3.2:1b,etri-ser0002-cgnmsb,ACTIVE,3113.894,b0bc100b-6f37-4da0-b85e-bfd68746b4bb,Edge computing reduces latency by processing data closer,spark,48,12.0,ok,spark,1788504661.4818704,46.105,3147.12,12
3321.749,3,3327.271,1788504665.0152018,16,b03-o12-spark-c16,,8,False,206.506,llama3.2:1b,etri-ser0002-cgnmsb,ACTIVE,3115.243,87df2cf6-5148-4cfa-9740-efbb519b2984,Edge computing reduces latency by processing data closer,spark,48,12.0,ok,spark,1788504661.6879323,46.131,3147.463,12
3319.366,3,3325.599,1788504665.2225754,16,b03-o12-spark-c16,,8,False,206.34,llama3.2:1b,etri-ser0002-cgnmsb,ACTIVE,3113.026,3eacfd35-ccec-4577-94ec-200b04ffdb3b,Edge computing reduces latency by processing data closer,spark,48,12.0,ok,spark,1788504661.896978,46.123,3143.862,12
3321.397,3,3328.143,1788504665.4321482,16,b03-o12-spark-c16,,8,False,209.026,llama3.2:1b,etri-ser0002-cgnmsb,ACTIVE,3112.371,9af567eb-9650-47ba-a80f-d465d97c98b3,Edge computing reduces latency by processing data closer,spark,48,12.0,ok,spark,1788504662.1040096,46.107,3145.324,12
3322.608,3,3327.53,1788504665.6419482,16,b03-o12-spark-c16,,8,False,208.918,llama3.2:1b,etri-ser0002-cgnmsb,ACTIVE,3113.689,77ddf927-856e-4820-8d45-335bebecfa1c,Edge computing reduces latency by processing data closer,spark,48,12.0,ok,spark,1788504662.3144221,46.071,3147.293,12
3321.515,3,3326.723,1788504665.850898,16,b03-o12-spark-c16,,8,False,209.321,llama3.2:1b,etri-ser0002-cgnmsb,ACTIVE,3112.195,0af3df88-4766-404a-8227-477d3539ba4c,Edge computing reduces latency by processing data closer,spark,48,12.0,ok,spark,1788504662.524179,46.135,3145.701,12
3320.229,3,3325.716,1788504666.0596201,16,b03-o12-spark-c16,,8,False,208.181,llama3.2:1b,etri-ser0002-cgnmsb,ACTIVE,3112.048,bcd2fa3f-7244-44e2-a5e0-85d8a35db98a,Edge computing reduces latency by processing data closer,spark,48,12.0,ok,spark,1788504662.7339067,45.798,3145.721,12
3316.825,3,3325.597,1788504666.2657638,16,b03-o12-spark-c16,,8,False,206.076,llama3.2:1b,etri-ser0002-cgnmsb,ACTIVE,3110.749,6865609c-b4c6-45de-b058-146e4de4a820,Edge computing reduces latency by processing data closer,spark,48,12.0,ok,spark,1788504662.940168,45.581,3138.451,12
3315.31,3,3322.498,1788504666.477128,16,b03-o12-spark-c16,,8,False,209.792,llama3.2:1b,etri-ser0002-cgnmsb,ACTIVE,3105.518,6fbdad23-07db-4e32-a288-46dd62331071,Edge computing reduces latency by processing data closer,spark,48,12.0,ok,spark,1788504663.1546361,45.699,3137.67,12
3316.711,3,3322.886,1788504666.6864688,16,b03-o12-spark-c16,,8,False,209.718,llama3.2:1b,etri-ser0002-cgnmsb,ACTIVE,3106.993,bdaf8ba7-c506-45ec-a93c-f477ea912975,Edge computing reduces latency by processing data closer,spark,48,12.0,ok,spark,1788504663.3635862,45.259,3139.586,12
3314.272,3,3320.437,1788504666.8929982,16,b03-o12-spark-c16,,8,False,206.401,llama3.2:1b,etri-ser0002-cgnmsb,ACTIVE,3107.871,67943e8c-8e72-4d34-b4f1-b90de5887230,Edge computing reduces latency by processing data closer,spark,48,12.0,ok,spark,1788504663.572567,45.631,3136.994,12
3318.687,3,3322.114,1788504667.1016684,16,b03-o12-spark-c16,,8,False,208.609,llama3.2:1b,etri-ser0002-cgnmsb,ACTIVE,3110.079,3a6a9441-d753-4bc8-a176-75b709a84256,Edge computing reduces latency by processing data closer,spark,48,12.0,ok,spark,1788504663.7795563,46.001,3141.724,12
3318.798,3,3324.961,1788504667.3103366,16,b03-o12-spark-c16,,8,False,208.231,llama3.2:1b,etri-ser0002-cgnmsb,ACTIVE,3110.567,94ccfd2f-73c9-4717-99eb-988952cbb37e,Edge computing reduces latency by processing data closer,spark,48,12.0,ok,spark,1788504663.985379,45.619,3144.023,12
3320.508,3,3326.182,1788504667.5167577,16,b03-o12-spark-c16,,8,False,206.241,llama3.2:1b,etri-ser0002-cgnmsb,ACTIVE,3114.267,c1bd90ae-a93c-46c7-834c-9c63f96a5ef8,Edge computing reduces latency by processing data closer,spark,48,12.0,ok,spark,1788504664.1905794,45.52,3142.516,12
3325.372,3,3327.901,1788504667.7248874,16,b03-o12-spark-c16,,8,False,207.497,llama3.2:1b,etri-ser0002-cgnmsb,ACTIVE,3117.875,88eb03d9-666f-4d1c-a5cb-be6ddaec8e60,Edge computing reduces latency by processing data closer,spark,48,12.0,ok,spark,1788504664.396989,46.074,3149.517,12
3326.362,3,3333.247,1788504667.933801,16,b03-o12-spark-c16,,8,False,208.045,llama3.2:1b,etri-ser0002-cgnmsb,ACTIVE,3118.318,0c31732a-e9dc-4b18-9fad-8d7bd18804e6,Edge computing reduces latency by processing data closer,spark,48,12.0,ok,spark,1788504664.600557,46.145,3151.117,12
3327.527,3,3333.938,1788504668.14309,16,b03-o12-spark-c16,,8,False,208.661,llama3.2:1b,etri-ser0002-cgnmsb,ACTIVE,3118.865,f13ad02e-edc7-40db-9a47-a865c4dc6d5b,Edge computing reduces latency by processing data closer,spark,48,12.0,ok,spark,1788504664.809154,46.156,3152.505,12
3332.511,3,3336.82,1788504668.352048,16,b03-o12-spark-c16,,8,False,209.118,llama3.2:1b,etri-ser0002-cgnmsb,ACTIVE,3123.393,8cecbeac-27d3-48a7-ad55-6e5390f23740,Edge computing reduces latency by processing data closer,spark,48,12.0,ok,spark,1788504665.0152314,46.196,3157.445,12
3331.97,3,3337.897,1788504668.5605123,16,b03-o12-spark-c16,,8,False,207.767,llama3.2:1b,etri-ser0002-cgnmsb,ACTIVE,3124.202,b2fc4b4c-3a51-4b92-a670-60d74603e6f5,Edge computing reduces latency by processing data closer,spark,48,12.0,ok,spark,1788504665.22262,46.099,3156.727,12
3330.306,3,3337.201,1788504668.7695184,16,b03-o12-spark-c16,,8,False,208.676,llama3.2:1b,etri-ser0002-cgnmsb,ACTIVE,3121.63,27d82632-89f3-4724-a007-ec6f9561b4ae,Edge computing reduces latency by processing data closer,spark,48,12.0,ok,spark,1788504665.43232,46.23,3155.522,12
3330.518,3,3336.613,1788504668.9786522,16,b03-o12-spark-c16,,8,False,209.423,llama3.2:1b,etri-ser0002-cgnmsb,ACTIVE,3121.096,6eb03696-8d49-4e7d-b5ea-eb7f24114aae,Edge computing reduces latency by processing data closer,spark,48,12.0,ok,spark,1788504665.6420395,46.0,3154.771,12
3329.013,3,3334.925,1788504669.1859045,16,b03-o12-spark-c16,,8,False,206.585,llama3.2:1b,etri-ser0002-cgnmsb,ACTIVE,3122.429,8fa77b11-38d4-4d14-a105-6c54b3e1b3bb,Edge computing reduces latency by processing data closer,spark,48,12.0,ok,spark,1788504665.8509798,46.057,3154.924,12
3327.82,3,3332.296,1788504669.391977,16,b03-o12-spark-c16,,8,False,203.773,llama3.2:1b,etri-ser0002-cgnmsb,ACTIVE,3124.046,62287ded-0c43-4265-a40d-ee64b06aa2b4,Edge computing reduces latency by processing data closer,spark,48,12.0,ok,spark,1788504666.059682,46.087,3153.479,12
3326.756,3,3332.2,1788504669.5980082,16,b03-o12-spark-c16,,8,False,207.165,llama3.2:1b,etri-ser0002-cgnmsb,ACTIVE,3119.591,13364680-0610-4cf9-be35-f0332d2b3676,Edge computing reduces latency by processing data closer,spark,48,12.0,ok,spark,1788504666.2658086,46.089,3152.702,12
3319.089,3,3325.176,1788504669.8024027,16,b03-o12-spark-c16,,8,False,203.798,llama3.2:1b,etri-ser0002-cgnmsb,ACTIVE,3115.291,88b3c4ba-8401-4c1c-8944-397cff5d502a,Edge computing reduces latency by processing data closer,spark,48,12.0,ok,spark,1788504666.4772267,46.054,3143.119,12
3321.518,3,3323.975,1788504670.010527,16,b03-o12-spark-c16,,8,False,207.374,llama3.2:1b,etri-ser0002-cgnmsb,ACTIVE,3114.144,b33e6442-7ea2-45c2-b2a6-ccde322c183e,Edge computing reduces latency by processing data closer,spark,48,12.0,ok,spark,1788504666.686553,46.147,3147.333,12
3317.182,3,3322.606,1788504670.2157137,16,b03-o12-spark-c16,,8,False,204.858,llama3.2:1b,etri-ser0002-cgnmsb,ACTIVE,3112.324,9b45884e-520f-4e7d-b9e6-01100747e60d,Edge computing reduces latency by processing data closer,spark,48,12.0,ok,spark,1788504666.8931105,45.943,3142.193,12
3313.112,3,3318.082,1788504670.4198403,16,b03-o12-spark-c16,,8,False,203.879,llama3.2:1b,etri-ser0002-cgnmsb,ACTIVE,3109.232,ee12fed6-7d61-4229-922b-9625eba4743b,Edge computing reduces latency by processing data closer,spark,48,12.0,ok,spark,1788504667.10176,46.118,3137.171,12
3316.525,3,3319.134,1788504670.629556,16,b03-o12-spark-c16,,8,False,208.999,llama3.2:1b,etri-ser0002-cgnmsb,ACTIVE,3107.527,e8f9e343-8774-4e4e-a080-05521a368043,Edge computing reduces latency by processing data closer,spark,48,12.0,ok,spark,1788504667.3104248,46.047,3140.076,12
3314.648,3,3320.369,1788504670.8372047,16,b03-o12-spark-c16,,8,False,207.048,llama3.2:1b,etri-ser0002-cgnmsb,ACTIVE,3107.6,439fd624-d368-40a8-94bf-8381d32a2ffd,Edge computing reduces latency by processing data closer,spark,48,12.0,ok,spark,1788504667.5168393,45.879,3140.49,12
3307.925,3,3313.585,1788504671.038566,16,b03-o12-spark-c16,,8,False,201.437,llama3.2:1b,etri-ser0002-cgnmsb,ACTIVE,3106.488,e9abba81-d988-4a82-99e4-d5fef8037b94,Edge computing reduces latency by processing data closer,spark,48,12.0,ok,spark,1788504667.7249818,46.169,3134.038,12
3303.444,3,3309.453,1788504671.243342,16,b03-o12-spark-c16,,8,False,204.439,llama3.2:1b,etri-ser0002-cgnmsb,ACTIVE,3099.005,6160e717-a31e-44d6-b4ff-14fa34ae07db,Edge computing reduces latency by processing data closer,spark,48,12.0,ok,spark,1788504667.93389,45.54,3127.039,12
3301.021,3,3307.329,1788504671.4504557,16,b03-o12-spark-c16,,8,False,206.427,llama3.2:1b,etri-ser0002-cgnmsb,ACTIVE,3094.594,c316e18a-42b7-4417-a621-64b979664b10,Edge computing reduces latency by processing data closer,spark,48,12.0,ok,spark,1788504668.1431293,45.422,3123.348,12
3301.365,3,3307.335,1788504671.659469,16,b03-o12-spark-c16,,8,False,208.262,llama3.2:1b,etri-ser0002-cgnmsb,ACTIVE,3093.103,d06bfd6f-b632-4182-94f0-07d30e037ba6,Edge computing reduces latency by processing data closer,spark,48,12.0,ok,spark,1788504668.3521373,45.918,3124.914,12
3301.224,3,3307.923,1788504671.8685255,16,b03-o12-spark-c16,,8,False,208.679,llama3.2:1b,etri-ser0002-cgnmsb,ACTIVE,3092.545,5fe17c45-4d90-49be-8f17-10eaa69f5574,Edge computing reduces latency by processing data closer,spark,48,12.0,ok,spark,1788504668.5606062,46.098,3125.258,12
3302.207,3,3308.624,1788504672.0781915,16,b03-o12-spark-c16,,8,False,209.069,llama3.2:1b,etri-ser0002-cgnmsb,ACTIVE,3093.139,f53fe304-f159-4f2e-b8bd-424e74be86bd,Edge computing reduces latency by processing data closer,spark,48,12.0,ok,spark,1788504668.7695732,45.758,3126.923,12
3299.966,3,3304.758,1788504672.2834303,16,b03-o12-spark-c16,,8,False,205.609,llama3.2:1b,etri-ser0002-cgnmsb,ACTIVE,3094.356,2260fdff-90ff-400a-a194-f5e42a316dc2,Edge computing reduces latency by processing data closer,spark,48,12.0,ok,spark,1788504668.9786766,45.533,3121.976,12
3303.724,3,3306.7,1788504672.4926264,16,b03-o12-spark-c16,,8,False,208.876,llama3.2:1b,etri-ser0002-cgnmsb,ACTIVE,3094.849,1717e32a-686a-4ce3-acd9-7bfdaa1cd755,Edge computing reduces latency by processing data closer,spark,48,12.0,ok,spark,1788504669.1859288,45.739,3126.092,12
3301.219,3,3307.854,1788504672.6998527,16,b03-o12-spark-c16,,8,False,206.361,llama3.2:1b,etri-ser0002-cgnmsb,ACTIVE,3094.858,f3752666-2d57-461e-9de7-46a73f3d8008,Edge computing reduces latency by processing data closer,spark,48,12.0,ok,spark,1788504669.3920023,45.804,3126.213,12
3303.038,3,3304.738,1788504672.902768,16,b03-o12-spark-c16,,8,False,203.58,llama3.2:1b,etri-ser0002-cgnmsb,ACTIVE,3099.458,9727e304-eee9-42e6-a577-273c8d104ee3,Edge computing reduces latency by processing data closer,spark,48,12.0,ok,spark,1788504669.5980308,46.202,3127.365,12
3300.027,3,3305.956,1788504673.1083782,16,b03-o12-spark-c16,,8,False,204.913,llama3.2:1b,etri-ser0002-cgnmsb,ACTIVE,3095.114,514899ce-ab2c-4068-9e8b-da1667e40aee,Edge computing reduces latency by processing data closer,spark,48,12.0,ok,spark,1788504669.802424,45.89,3124.481,12
3299.832,3,3303.802,1788504673.3143542,16,b03-o12-spark-c16,,8,False,204.865,llama3.2:1b,etri-ser0002-cgnmsb,ACTIVE,3094.967,68bc6dbe-b759-4093-958f-24385a3dc880,Edge computing reduces latency by processing data closer,spark,48,12.0,ok,spark,1788504670.010556,46.09,3124.725,12
3304.275,3,3307.37,1788504673.52313,16,b03-o12-spark-c16,,8,False,208.34,llama3.2:1b,etri-ser0002-cgnmsb,ACTIVE,3095.935,d05c49bd-a84f-4733-ab98-1f829868a5a9,Edge computing reduces latency by processing data closer,spark,48,12.0,ok,spark,1788504670.2157629,46.149,3129.154,12
3306.121,3,3311.185,1788504673.7310731,16,b03-o12-spark-c16,,8,False,207.704,llama3.2:1b,etri-ser0002-cgnmsb,ACTIVE,3098.417,c33f6296-85a1-4ba3-8ab6-9e9da63cba6b,Edge computing reduces latency by processing data closer,spark,48,12.0,ok,spark,1788504670.4198942,46.054,3129.734,12
3303.941,3,3310.298,1788504673.9399257,16,b03-o12-spark-c16,,8,False,208.595,llama3.2:1b,etri-ser0002-cgnmsb,ACTIVE,3095.346,5c86bc44-4028-42af-a21c-e19f345f6ef7,Edge computing reduces latency by processing data closer,spark,48,12.0,ok,spark,1788504670.6296315,46.165,3128.817,12
3307.96,3,3310.062,1788504674.147354,16,b03-o12-spark-c16,,8,False,207.35,llama3.2:1b,etri-ser0002-cgnmsb,ACTIVE,3100.61,012fffa4-81a4-483f-9684-0c95ba94c17e,Edge computing reduces latency by processing data closer,spark,48,12.0,ok,spark,1788504670.8372943,46.059,3133.519,12
3311.071,3,3313.524,1788504674.3521132,16,b03-o12-spark-c16,,8,False,204.334,llama3.2:1b,etri-ser0002-cgnmsb,ACTIVE,3106.737,26cd7542-828f-43d5-a16e-f315c923380e,Edge computing reduces latency by processing data closer,spark,48,12.0,ok,spark,1788504671.03859,46.084,3135.606,12
3316.116,3,3319.49,1788504674.5628643,16,b03-o12-spark-c16,,8,False,209.755,llama3.2:1b,etri-ser0002-cgnmsb,ACTIVE,3106.36,6b36069c-f70d-4f28-b5be-46791cd0b794,Edge computing reduces latency by processing data closer,spark,48,12.0,ok,spark,1788504671.2433782,46.033,3139.263,12
3314.674,3,3320.798,1788504674.7713077,16,b03-o12-spark-c16,,8,False,208.1,llama3.2:1b,etri-ser0002-cgnmsb,ACTIVE,3106.574,93c47b7d-a533-4235-88e2-85f25c1a04f1,Edge computing reduces latency by processing data closer,spark,48,12.0,ok,spark,1788504671.4505134,45.946,3140.188,12
236.391,3,242.91,1788504678.098981,1,b03-o13-agx-c1,,8,False,236.375,llama3.2:1b,etri-ser0001-cg0msb,ACTIVE,0.016,db163c76-ea67-4be2-a821-fecdc8463cad,Edge computing reduces latency by processing data closer,agx,49,12.0,ok,agx,1788504677.8560722,44.083,55.312,13
205.384,3,207.249,1788504678.3062627,1,b03-o13-agx-c1,,8,False,205.38,llama3.2:1b,etri-ser0001-cg0msb,ACTIVE,0.004,c421ef7c-8205-4ba3-8a25-b25ab87cec73,Edge computing reduces latency by processing data closer,agx,49,12.0,ok,agx,1788504678.0990155,45.444,29.096,13
197.955,3,199.73,1788504678.5060256,1,b03-o13-agx-c1,,8,False,197.951,llama3.2:1b,etri-ser0001-cg0msb,ACTIVE,0.004,fb3a0b99-4c96-47c9-ad07-f6dbcca8652f,Edge computing reduces latency by processing data closer,agx,49,12.0,ok,agx,1788504678.3062973,46.795,26.769,13
198.846,3,200.744,1788504678.706806,1,b03-o13-agx-c1,,8,False,198.842,llama3.2:1b,etri-ser0001-cg0msb,ACTIVE,0.004,ba2dd568-3647-4a13-9716-090a0f6a2752,Edge computing reduces latency by processing data closer,agx,49,12.0,ok,agx,1788504678.506064,46.796,27.625,13
198.196,3,200.089,1788504678.9069273,1,b03-o13-agx-c1,,8,False,198.192,llama3.2:1b,etri-ser0001-cg0msb,ACTIVE,0.004,64c361e3-9f7a-427d-8c63-ed292f0a8bf1,Edge computing reduces latency by processing data closer,agx,49,12.0,ok,agx,1788504678.7068403,46.73,26.793,13
204.116,3,205.947,1788504679.1129088,1,b03-o13-agx-c1,,8,False,204.114,llama3.2:1b,etri-ser0001-cg0msb,ACTIVE,0.002,1d85f504-dec2-4828-a84d-fc725a8df4b1,Edge computing reduces latency by processing data closer,agx,49,12.0,ok,agx,1788504678.9069643,45.24,26.99,13
202.905,3,204.715,1788504679.3176563,1,b03-o13-agx-c1,,8,False,202.901,llama3.2:1b,etri-ser0001-cg0msb,ACTIVE,0.004,74e2cea2-cab2-458f-93af-2ef86b87aae1,Edge computing reduces latency by processing data closer,agx,49,12.0,ok,agx,1788504679.112944,45.759,27.826,13
199.155,3,200.968,1788504679.5186577,1,b03-o13-agx-c1,,8,False,199.152,llama3.2:1b,etri-ser0001-cg0msb,ACTIVE,0.004,6d7d7ee6-e37d-4236-bd5b-7d32b5161acd,Edge computing reduces latency by processing data closer,agx,49,12.0,ok,agx,1788504679.317692,46.63,27.316,13
202.662,3,204.517,1788504679.7232068,1,b03-o13-agx-c1,,8,False,202.658,llama3.2:1b,etri-ser0001-cg0msb,ACTIVE,0.004,d7ac3703-4802-44ef-92f5-70563c6d667d,Edge computing reduces latency by processing data closer,agx,49,12.0,ok,agx,1788504679.5186915,45.608,26.974,13
198.19,3,199.972,1788504679.9232206,1,b03-o13-agx-c1,,8,False,198.186,llama3.2:1b,etri-ser0001-cg0msb,ACTIVE,0.004,533f808a-6fe4-4fc8-963a-78c1592c86ea,Edge computing reduces latency by processing data closer,agx,49,12.0,ok,agx,1788504679.7232509,46.829,27.122,13
203.623,3,205.46,1788504680.1287203,1,b03-o13-agx-c1,,8,False,203.618,llama3.2:1b,etri-ser0001-cg0msb,ACTIVE,0.004,e0f70de7-1cdc-4d7a-8f2d-908c12037b2b,Edge computing reduces latency by processing data closer,agx,49,12.0,ok,agx,1788504679.9232624,45.309,26.824,13
204.475,3,206.284,1788504680.3350363,1,b03-o13-agx-c1,,8,False,204.471,llama3.2:1b,etri-ser0001-cg0msb,ACTIVE,0.004,91db29fe-abd2-416b-8a8f-85d66447097b,Edge computing reduces latency by processing data closer,agx,49,12.0,ok,agx,1788504680.1287546,45.128,27.03,13
199.387,3,201.329,1788504680.5363991,1,b03-o13-agx-c1,,8,False,199.383,llama3.2:1b,etri-ser0001-cg0msb,ACTIVE,0.004,7a6283b4-e69a-409d-81a5-710b084d79ac,Edge computing reduces latency by processing data closer,agx,49,12.0,ok,agx,1788504680.3350713,46.692,27.77,13
199.598,3,201.293,1788504680.7377133,1,b03-o13-agx-c1,,8,False,199.596,llama3.2:1b,etri-ser0001-cg0msb,ACTIVE,0.002,ff1277d7-4db5-44f5-8e9f-3738277518c9,Edge computing reduces latency by processing data closer,agx,49,12.0,ok,agx,1788504680.5364225,46.661,28.089,13
200.486,3,202.349,1788504680.9400954,1,b03-o13-agx-c1,,8,False,200.482,llama3.2:1b,etri-ser0001-cg0msb,ACTIVE,0.004,d980ef3b-180e-4b70-abce-c52cf04e0e4f,Edge computing reduces latency by processing data closer,agx,49,12.0,ok,agx,1788504680.7377486,46.215,26.866,13
202.385,3,204.244,1788504681.1443722,1,b03-o13-agx-c1,,8,False,202.381,llama3.2:1b,etri-ser0001-cg0msb,ACTIVE,0.004,916cb823-9af3-48b3-a13d-12fb901833f4,Edge computing reduces latency by processing data closer,agx,49,12.0,ok,agx,1788504680.9401305,45.667,26.958,13
201.037,3,202.886,1788504681.3472915,1,b03-o13-agx-c1,,8,False,201.033,llama3.2:1b,etri-ser0001-cg0msb,ACTIVE,0.004,3d821d9d-b7f5-41e7-815e-0646add175a2,Edge computing reduces latency by processing data closer,agx,49,12.0,ok,agx,1788504681.1444073,46.176,27.357,13
201.251,3,202.997,1788504681.5503228,1,b03-o13-agx-c1,,8,False,201.247,llama3.2:1b,etri-ser0001-cg0msb,ACTIVE,0.004,71ea9edb-02b5-497f-85a8-2ad5e6d67d9f,Edge computing reduces latency by processing data closer,agx,49,12.0,ok,agx,1788504681.347328,46.487,28.917,13
202.921,3,204.684,1788504681.7550402,1,b03-o13-agx-c1,,8,False,202.918,llama3.2:1b,etri-ser0001-cg0msb,ACTIVE,0.004,07cb4a33-c02a-4ba7-8ac4-7dda30bee6b2,Edge computing reduces latency by processing data closer,agx,49,12.0,ok,agx,1788504681.5503588,45.492,26.836,13
200.539,3,202.42,1788504681.957493,1,b03-o13-agx-c1,,8,False,200.535,llama3.2:1b,etri-ser0001-cg0msb,ACTIVE,0.004,7c7f9008-517f-455b-b95c-314a0685eb6b,Edge computing reduces latency by processing data closer,agx,49,12.0,ok,agx,1788504681.7550752,46.094,26.805,13
206.845,3,208.701,1788504682.1662326,1,b03-o13-agx-c1,,8,False,206.84,llama3.2:1b,etri-ser0001-cg0msb,ACTIVE,0.004,2fca6599-ce20-4581-adce-efdcc75b2ce7,Edge computing reduces latency by processing data closer,agx,49,12.0,ok,agx,1788504681.9575343,44.494,26.817,13
203.724,3,205.613,1788504682.3718863,1,b03-o13-agx-c1,,8,False,203.722,llama3.2:1b,etri-ser0001-cg0msb,ACTIVE,0.002,e32295f4-4b93-46a5-877b-90e7d5dee84e,Edge computing reduces latency by processing data closer,agx,49,12.0,ok,agx,1788504682.1662748,45.316,26.984,13
198.69,3,200.507,1788504682.5724258,1,b03-o13-agx-c1,,8,False,198.686,llama3.2:1b,etri-ser0001-cg0msb,ACTIVE,0.004,8e5002a6-d8c3-40df-91ef-eeabc7e8688c,Edge computing reduces latency by processing data closer,agx,49,12.0,ok,agx,1788504682.371921,46.572,26.613,13
198.958,3,200.841,1788504682.7732985,1,b03-o13-agx-c1,,8,False,198.954,llama3.2:1b,etri-ser0001-cg0msb,ACTIVE,0.004,a33a0a30-3239-4169-8018-0d384e656ab5,Edge computing reduces latency by processing data closer,agx,49,12.0,ok,agx,1788504682.57246,46.679,27.338,13
202.267,3,204.3,1788504682.9776318,1,b03-o13-agx-c1,,8,False,202.263,llama3.2:1b,etri-ser0001-cg0msb,ACTIVE,0.004,08d8c67c-3ec9-4ec7-8f37-8e5b00e29d3b,Edge computing reduces latency by processing data closer,agx,49,12.0,ok,agx,1788504682.773334,45.711,26.86,13
206.233,3,208.106,1788504683.1857734,1,b03-o13-agx-c1,,8,False,206.229,llama3.2:1b,etri-ser0001-cg0msb,ACTIVE,0.004,63bbc16b-ce40-43e9-8ab8-24d4a0e812ca,Edge computing reduces latency by processing data closer,agx,49,12.0,ok,agx,1788504682.9776688,44.959,28.066,13
207.609,3,209.484,1788504683.3952906,1,b03-o13-agx-c1,,8,False,207.598,llama3.2:1b,etri-ser0001-cg0msb,ACTIVE,0.012,7eeae010-de27-4a30-9450-83a945a738aa,Edge computing reduces latency by processing data closer,agx,49,12.0,ok,agx,1788504683.1858084,44.405,27.185,13
200.802,3,202.68,1788504683.5980022,1,b03-o13-agx-c1,,8,False,200.799,llama3.2:1b,etri-ser0001-cg0msb,ACTIVE,0.004,835f2409-f875-4b9c-b4f3-1f1bf77e1a4b,Edge computing reduces latency by processing data closer,agx,49,12.0,ok,agx,1788504683.395325,46.188,27.339,13
204.098,3,205.983,1788504683.8040187,1,b03-o13-agx-c1,,8,False,204.094,llama3.2:1b,etri-ser0001-cg0msb,ACTIVE,0.004,0f0831e4-3172-45dc-ae34-3454f444e2c7,Edge computing reduces latency by processing data closer,agx,49,12.0,ok,agx,1788504683.5980375,45.191,26.774,13
197.89,3,199.92,1788504684.0039716,1,b03-o13-agx-c1,,8,False,197.886,llama3.2:1b,etri-ser0001-cg0msb,ACTIVE,0.003,75ae1ef3-1628-48e9-8b76-21588d58f1d0,Edge computing reduces latency by processing data closer,agx,49,12.0,ok,agx,1788504683.8040535,46.894,27.052,13
202.762,3,204.655,1788504684.20866,1,b03-o13-agx-c1,,8,False,202.757,llama3.2:1b,etri-ser0001-cg0msb,ACTIVE,0.004,b05e3895-c0a6-419a-a295-5e8be6385450,Edge computing reduces latency by processing data closer,agx,49,12.0,ok,agx,1788504684.0040076,45.595,27.026,13
201.433,3,203.311,1788504684.4120076,1,b03-o13-agx-c1,,8,False,201.429,llama3.2:1b,etri-ser0001-cg0msb,ACTIVE,0.004,3bbd8f75-b2d5-4db0-93bb-58648c2abb1d,Edge computing reduces latency by processing data closer,agx,49,12.0,ok,agx,1788504684.2086995,45.944,27.074,13
202.487,3,204.298,1788504684.6163387,1,b03-o13-agx-c1,,8,False,202.484,llama3.2:1b,etri-ser0001-cg0msb,ACTIVE,0.004,65315bcc-6ca5-4bc4-8fb8-e71d03d48f54,Edge computing reduces latency by processing data closer,agx,49,12.0,ok,agx,1788504684.4120429,45.684,27.06,13
206.067,3,208.047,1788504684.8244197,1,b03-o13-agx-c1,,8,False,206.063,llama3.2:1b,etri-ser0001-cg0msb,ACTIVE,0.004,d533da82-c6c4-41b5-9c07-8866299749f0,Edge computing reduces latency by processing data closer,agx,49,12.0,ok,agx,1788504684.6163754,45.252,29.023,13
202.054,3,203.936,1788504685.0283911,1,b03-o13-agx-c1,,8,False,202.05,llama3.2:1b,etri-ser0001-cg0msb,ACTIVE,0.004,eec3c875-e653-4f75-bac4-c40af0e87d30,Edge computing reduces latency by processing data closer,agx,49,12.0,ok,agx,1788504684.8244572,45.792,27.103,13
214.95,3,216.672,1788504685.2450955,1,b03-o13-agx-c1,,8,False,214.946,llama3.2:1b,etri-ser0001-cg0msb,ACTIVE,0.004,4e18ac0f-a9c5-4cbe-a357-b5f1d79abab7,Edge computing reduces latency by processing data closer,agx,49,12.0,ok,agx,1788504685.0284255,42.816,27.843,13
216.675,3,218.37,1788504685.4635005,1,b03-o13-agx-c1,,8,False,216.671,llama3.2:1b,etri-ser0001-cg0msb,ACTIVE,0.004,645241c6-b352-4d1e-9d47-45e85ba31d49,Edge computing reduces latency by processing data closer,agx,49,12.0,ok,agx,1788504685.245131,42.46,28.033,13
211.949,3,213.795,1788504685.6773186,1,b03-o13-agx-c1,,8,False,211.945,llama3.2:1b,etri-ser0001-cg0msb,ACTIVE,0.004,0b1536af-50e1-45a7-b2c1-060380a617f3,Edge computing reduces latency by processing data closer,agx,49,12.0,ok,agx,1788504685.4635262,43.832,29.015,13
211.417,3,213.102,1788504685.8904555,1,b03-o13-agx-c1,,8,False,211.414,llama3.2:1b,etri-ser0001-cg0msb,ACTIVE,0.003,6caad687-18d4-4466-b558-7fb67a54753b,Edge computing reduces latency by processing data closer,agx,49,12.0,ok,agx,1788504685.677356,43.949,29.211,13
200.454,3,202.354,1788504686.0928435,1,b03-o13-agx-c1,,8,False,200.45,llama3.2:1b,etri-ser0001-cg0msb,ACTIVE,0.004,348ebae0-8e67-4643-8d38-b6ae1406c97c,Edge computing reduces latency by processing data closer,agx,49,12.0,ok,agx,1788504685.8904917,46.164,26.848,13
200.887,3,202.705,1788504686.2955832,1,b03-o13-agx-c1,,8,False,200.884,llama3.2:1b,etri-ser0001-cg0msb,ACTIVE,0.003,a7a5c2ba-7b43-4583-8412-1638f9590d45,Edge computing reduces latency by processing data closer,agx,49,12.0,ok,agx,1788504686.0928798,46.343,28.347,13
202.959,3,204.76,1788504686.5003774,1,b03-o13-agx-c1,,8,False,202.954,llama3.2:1b,etri-ser0001-cg0msb,ACTIVE,0.005,1fdd3da5-26a7-4263-a280-3b141ad847a5,Edge computing reduces latency by processing data closer,agx,49,12.0,ok,agx,1788504686.2956195,45.511,26.88,13
198.927,3,200.697,1788504686.7011075,1,b03-o13-agx-c1,,8,False,198.922,llama3.2:1b,etri-ser0001-cg0msb,ACTIVE,0.004,45ebf107-d9ef-4060-b38f-a3f51779f87a,Edge computing reduces latency by processing data closer,agx,49,12.0,ok,agx,1788504686.5004132,46.68,27.289,13
207.62,3,209.39,1788504686.9105375,1,b03-o13-agx-c1,,8,False,207.614,llama3.2:1b,etri-ser0001-cg0msb,ACTIVE,0.005,39acadce-c059-4f70-be53-ce860a132115,Edge computing reduces latency by processing data closer,agx,49,12.0,ok,agx,1788504686.7011485,45.162,30.303,13
202.9,3,204.465,1788504687.1150258,1,b03-o13-agx-c1,,8,False,202.896,llama3.2:1b,etri-ser0001-cg0msb,ACTIVE,0.004,d00ee8a4-0e8e-4e2c-8e7a-8c2fd1cf9bd1,Edge computing reduces latency by processing data closer,agx,49,12.0,ok,agx,1788504686.9105616,45.654,27.454,13
212.817,3,214.769,1788504687.3298185,1,b03-o13-agx-c1,,8,False,212.812,llama3.2:1b,etri-ser0001-cg0msb,ACTIVE,0.005,5427624e-707f-4734-8ed4-70cc7b262d8d,Edge computing reduces latency by processing data closer,agx,49,12.0,ok,agx,1788504687.1150517,43.949,30.427,13
209.373,3,211.184,1788504687.5410376,1,b03-o13-agx-c1,,8,False,209.368,llama3.2:1b,etri-ser0001-cg0msb,ACTIVE,0.005,2786d0ce-ad67-41a9-9e15-cbde3d580ca0,Edge computing reduces latency by processing data closer,agx,49,12.0,ok,agx,1788504687.3298564,44.582,29.29,13
216.093,3,218.206,1788504687.7592802,1,b03-o13-agx-c1,,8,False,216.09,llama3.2:1b,etri-ser0001-cg0msb,ACTIVE,0.003,5006844f-2575-4fdc-8606-dd909b4b2f5a,Edge computing reduces latency by processing data closer,agx,49,12.0,ok,agx,1788504687.5410752,42.781,28.754,13
208.152,3,209.857,1788504687.9691641,1,b03-o13-agx-c1,,8,False,208.148,llama3.2:1b,etri-ser0001-cg0msb,ACTIVE,0.004,e1151084-c253-4541-8aca-c7a543eef7e5,Edge computing reduces latency by processing data closer,agx,49,12.0,ok,agx,1788504687.7593098,44.605,28.642,13
212.514,3,214.423,1788504688.1836247,1,b03-o13-agx-c1,,8,False,212.51,llama3.2:1b,etri-ser0001-cg0msb,ACTIVE,0.004,70f878ec-944e-4147-b7be-2a0092ea4472,Edge computing reduces latency by processing data closer,agx,49,12.0,ok,agx,1788504687.9692042,43.478,28.301,13
207.352,3,209.17,1788504688.3928297,1,b03-o13-agx-c1,,8,False,207.348,llama3.2:1b,etri-ser0001-cg0msb,ACTIVE,0.004,491c44dc-ada9-4b8c-9e3d-208797bb6681,Edge computing reduces latency by processing data closer,agx,49,12.0,ok,agx,1788504688.1836622,44.793,28.51,13
216.767,3,218.756,1788504688.6116204,1,b03-o13-agx-c1,,8,False,216.763,llama3.2:1b,etri-ser0001-cg0msb,ACTIVE,0.004,a2d91c89-be06-47f9-af75-7efe744292da,Edge computing reduces latency by processing data closer,agx,49,12.0,ok,agx,1788504688.3928661,42.496,28.185,13
219.132,3,220.783,1788504688.8324397,1,b03-o13-agx-c1,,8,False,219.129,llama3.2:1b,etri-ser0001-cg0msb,ACTIVE,0.003,ae15564a-9e19-4df4-b91d-fd34e21bd8a9,Edge computing reduces latency by processing data closer,agx,49,12.0,ok,agx,1788504688.611659,42.295,29.758,13
224.037,3,225.71,1788504689.0581834,1,b03-o13-agx-c1,,8,False,224.033,llama3.2:1b,etri-ser0001-cg0msb,ACTIVE,0.004,32c3726e-d654-42cb-983e-77f0b169fce8,Edge computing reduces latency by processing data closer,agx,49,12.0,ok,agx,1788504688.8324757,41.079,29.039,13
220.134,3,222.119,1788504689.2803369,1,b03-o13-agx-c1,,8,False,220.13,llama3.2:1b,etri-ser0001-cg0msb,ACTIVE,0.004,60778b20-7fb2-417b-8b3b-3f5103ade530,Edge computing reduces latency by processing data closer,agx,49,12.0,ok,agx,1788504689.0582204,42.026,29.679,13
214.263,3,216.118,1788504689.4964874,1,b03-o13-agx-c1,,8,False,214.258,llama3.2:1b,etri-ser0001-cg0msb,ACTIVE,0.005,453f7778-ae4e-4786-aeba-53f069ccd9c2,Edge computing reduces latency by processing data closer,agx,49,12.0,ok,agx,1788504689.2803721,43.371,29.481,13
214.52,3,216.339,1788504689.7128627,1,b03-o13-agx-c1,,8,False,214.516,llama3.2:1b,etri-ser0001-cg0msb,ACTIVE,0.004,5b3ff065-5072-4893-a884-b5daa24615b5,Edge computing reduces latency by processing data closer,agx,49,12.0,ok,agx,1788504689.496525,43.141,28.924,13
212.407,3,214.011,1788504689.9268956,1,b03-o13-agx-c1,,8,False,212.403,llama3.2:1b,etri-ser0001-cg0msb,ACTIVE,0.004,ed4d3d93-b69c-49ac-9e0a-0a7e536636c0,Edge computing reduces latency by processing data closer,agx,49,12.0,ok,agx,1788504689.7128866,43.735,29.131,13
211.138,3,216.454,1788504693.226964,1,b03-o14-spark-c1,,8,False,211.131,llama3.2:1b,etri-ser0002-cgnmsb,ACTIVE,0.007,30cf507f-8374-4e32-9ecd-48de562385a3,Edge computing reduces latency by processing data closer,spark,50,12.0,ok,spark,1788504693.0105145,45.801,34.741,14
208.704,3,215.611,1788504693.442679,1,b03-o14-spark-c1,,8,False,208.691,llama3.2:1b,etri-ser0002-cgnmsb,ACTIVE,0.014,1ce2b6ea-66a9-4f42-b810-569b1a239f9b,Edge computing reduces latency by processing data closer,spark,50,12.0,ok,spark,1788504693.2270732,45.737,31.877,14
204.103,3,210.073,1788504693.6528592,1,b03-o14-spark-c1,,8,False,204.09,llama3.2:1b,etri-ser0002-cgnmsb,ACTIVE,0.013,6fe7e955-238b-4ca5-becb-98433df5f948,Edge computing reduces latency by processing data closer,spark,50,12.0,ok,spark,1788504693.44279,46.021,30.15,14
202.701,3,205.547,1788504693.858479,1,b03-o14-spark-c1,,8,False,202.699,llama3.2:1b,etri-ser0002-cgnmsb,ACTIVE,0.003,c53ddc60-7a82-4365-99f7-21f56e2f398e,Edge computing reduces latency by processing data closer,spark,50,12.0,ok,spark,1788504693.6529381,45.915,27.979,14
204.542,3,207.977,1788504694.066565,1,b03-o14-spark-c1,,8,False,204.538,llama3.2:1b,etri-ser0002-cgnmsb,ACTIVE,0.004,7f2e629d-df38-4da2-a8a6-813a5b7f15c5,Edge computing reduces latency by processing data closer,spark,50,12.0,ok,spark,1788504693.8585913,45.95,28.698,14
207.861,3,214.16,1788504694.2808096,1,b03-o14-spark-c1,,8,False,207.848,llama3.2:1b,etri-ser0002-cgnmsb,ACTIVE,0.014,e7d3ea44-3363-45aa-9b63-34214153e2e7,Edge computing reduces latency by processing data closer,spark,50,12.0,ok,spark,1788504694.0666542,45.865,31.439,14
207.615,3,214.186,1788504694.495104,1,b03-o14-spark-c1,,8,False,207.601,llama3.2:1b,etri-ser0002-cgnmsb,ACTIVE,0.014,221339c2-3f15-40b9-8034-cd0122cba1bc,Edge computing reduces latency by processing data closer,spark,50,12.0,ok,spark,1788504694.2809217,45.772,30.813,14
208.99,3,215.602,1788504694.710791,1,b03-o14-spark-c1,,8,False,208.976,llama3.2:1b,etri-ser0002-cgnmsb,ACTIVE,0.013,729b8e55-8511-415a-8b5a-47b6d7e7224a,Edge computing reduces latency by processing data closer,spark,50,12.0,ok,spark,1788504694.495193,45.881,32.14,14
205.561,3,210.059,1788504694.9209404,1,b03-o14-spark-c1,,8,False,205.557,llama3.2:1b,etri-ser0002-cgnmsb,ACTIVE,0.003,38bae537-7992-4b4c-add2-ce76d14295b0,Edge computing reduces latency by processing data closer,spark,50,12.0,ok,spark,1788504694.7108834,45.899,30.508,14
203.894,3,206.737,1788504695.1277227,1,b03-o14-spark-c1,,8,False,203.892,llama3.2:1b,etri-ser0002-cgnmsb,ACTIVE,0.002,e4315190-6fa1-478a-92bf-6a6c7904aa21,Edge computing reduces latency by processing data closer,spark,50,12.0,ok,spark,1788504694.920987,45.948,28.044,14
209.586,3,214.887,1788504695.3426316,1,b03-o14-spark-c1,,8,False,209.573,llama3.2:1b,etri-ser0002-cgnmsb,ACTIVE,0.013,be62e1b5-70c1-473a-ad57-011bb3c4439d,Edge computing reduces latency by processing data closer,spark,50,12.0,ok,spark,1788504695.1277463,45.21,32.467,14
208.305,3,212.245,1788504695.5548959,1,b03-o14-spark-c1,,8,False,208.299,llama3.2:1b,etri-ser0002-cgnmsb,ACTIVE,0.007,84708da2-de8a-4a00-bc84-4fb46a67b81e,Edge computing reduces latency by processing data closer,spark,50,12.0,ok,spark,1788504695.3426554,45.414,29.271,14
205.679,3,208.185,1788504695.763234,1,b03-o14-spark-c1,,8,False,205.677,llama3.2:1b,etri-ser0002-cgnmsb,ACTIVE,0.003,e768189d-fed2-4306-9ab2-2adffd6712bc,Edge computing reduces latency by processing data closer,spark,50,12.0,ok,spark,1788504695.5550492,45.454,27.955,14
208.714,3,215.122,1788504695.978381,1,b03-o14-spark-c1,,8,False,208.7,llama3.2:1b,etri-ser0002-cgnmsb,ACTIVE,0.014,b6db1e2d-37b1-42d8-aa1a-b8388dcc6c2a,Edge computing reduces latency by processing data closer,spark,50,12.0,ok,spark,1788504695.7632632,45.648,31.587,14
208.354,3,214.444,1788504696.1929166,1,b03-o14-spark-c1,,8,False,208.341,llama3.2:1b,etri-ser0002-cgnmsb,ACTIVE,0.013,6e33af5a-e243-458a-b34b-7008b810dadb,Edge computing reduces latency by processing data closer,spark,50,12.0,ok,spark,1788504695.9784758,45.812,32.057,14
207.621,3,214.323,1788504696.4073186,1,b03-o14-spark-c1,,8,False,207.608,llama3.2:1b,etri-ser0002-cgnmsb,ACTIVE,0.013,f3a289b3-c67d-403c-a24f-e4b2bdf8f495,Edge computing reduces latency by processing data closer,spark,50,12.0,ok,spark,1788504696.1929998,45.86,31.188,14
207.819,3,214.283,1788504696.6216974,1,b03-o14-spark-c1,,8,False,207.806,llama3.2:1b,etri-ser0002-cgnmsb,ACTIVE,0.014,1defc630-6bcb-4ac1-b27c-874f3719a75e,Edge computing reduces latency by processing data closer,spark,50,12.0,ok,spark,1788504696.4074178,45.832,30.793,14
208.122,3,214.767,1788504696.836557,1,b03-o14-spark-c1,,8,False,208.109,llama3.2:1b,etri-ser0002-cgnmsb,ACTIVE,0.013,c9d818b4-796d-4db5-854c-ee2f6212ed22,Edge computing reduces latency by processing data closer,spark,50,12.0,ok,spark,1788504696.6217933,45.733,30.971,14
208.873,3,214.85,1788504697.0514934,1,b03-o14-spark-c1,,8,False,208.86,llama3.2:1b,etri-ser0002-cgnmsb,ACTIVE,0.013,8ca3f10d-2a90-438c-87a2-57a56806da87,Edge computing reduces latency by processing data closer,spark,50,12.0,ok,spark,1788504696.8366466,45.914,33.553,14
205.933,3,212.454,1788504697.2640336,1,b03-o14-spark-c1,,8,False,205.92,llama3.2:1b,etri-ser0002-cgnmsb,ACTIVE,0.014,3ef4fa38-c3fb-46c3-91ab-fd47d35155e7,Edge computing reduces latency by processing data closer,spark,50,12.0,ok,spark,1788504697.0515826,45.983,29.939,14
206.898,3,212.928,1788504697.4770396,1,b03-o14-spark-c1,,8,False,206.884,llama3.2:1b,etri-ser0002-cgnmsb,ACTIVE,0.014,749df5a5-eba3-48a5-9f9b-341ff56a3f79,Edge computing reduces latency by processing data closer,spark,50,12.0,ok,spark,1788504697.2641146,45.948,32.775,14
204.156,3,206.922,1788504697.6840467,1,b03-o14-spark-c1,,8,False,204.153,llama3.2:1b,etri-ser0002-cgnmsb,ACTIVE,0.003,f6fb382f-b45e-4f91-a75c-df8fae6f2785,Edge computing reduces latency by processing data closer,spark,50,12.0,ok,spark,1788504697.4771285,45.545,28.074,14
203.026,3,206.028,1788504697.8901534,1,b03-o14-spark-c1,,8,False,203.023,llama3.2:1b,etri-ser0002-cgnmsb,ACTIVE,0.003,359c4c60-5763-45f1-a917-ac0068059efc,Edge computing reduces latency by processing data closer,spark,50,12.0,ok,spark,1788504697.6841297,45.812,27.814,14
203.141,3,206.512,1788504698.096774,1,b03-o14-spark-c1,,8,False,203.138,llama3.2:1b,etri-ser0002-cgnmsb,ACTIVE,0.003,1850357f-3eca-4e13-8d06-cc0352a2c3c2,Edge computing reduces latency by processing data closer,spark,50,12.0,ok,spark,1788504697.890266,46.215,28.57,14
206.298,3,212.677,1788504698.309542,1,b03-o14-spark-c1,,8,False,206.295,llama3.2:1b,etri-ser0002-cgnmsb,ACTIVE,0.003,46a682ff-13c9-4d6f-8974-7c67d07eb498,Edge computing reduces latency by processing data closer,spark,50,12.0,ok,spark,1788504698.0968678,46.047,31.18,14
208.18,3,214.488,1788504698.5241303,1,b03-o14-spark-c1,,8,False,208.167,llama3.2:1b,etri-ser0002-cgnmsb,ACTIVE,0.013,daa89a4d-ef76-43a5-9435-ec684b6c4f6f,Edge computing reduces latency by processing data closer,spark,50,12.0,ok,spark,1788504698.3096464,45.997,33.684,14
201.767,3,204.935,1788504698.729146,1,b03-o14-spark-c1,,8,False,201.764,llama3.2:1b,etri-ser0002-cgnmsb,ACTIVE,0.002,21f3d2a1-97cd-4459-bbbb-ebcdd153d200,Edge computing reduces latency by processing data closer,spark,50,12.0,ok,spark,1788504698.524215,46.212,27.401,14
207.307,3,214.198,1788504698.9434195,1,b03-o14-spark-c1,,8,False,207.293,llama3.2:1b,etri-ser0002-cgnmsb,ACTIVE,0.013,d40e8284-87df-4f22-a7f7-9e1385788f3a,Edge computing reduces latency by processing data closer,spark,50,12.0,ok,spark,1788504698.729225,46.007,30.957,14
203.785,3,208.195,1788504699.1517005,1,b03-o14-spark-c1,,8,False,203.776,llama3.2:1b,etri-ser0002-cgnmsb,ACTIVE,0.009,b30e8893-8158-4552-a6b0-e01368b7decb,Edge computing reduces latency by processing data closer,spark,50,12.0,ok,spark,1788504698.943507,45.982,29.639,14
202.008,3,204.226,1788504699.3559532,1,b03-o14-spark-c1,,8,False,202.006,llama3.2:1b,etri-ser0002-cgnmsb,ACTIVE,0.003,8191c567-0548-41e3-8204-6b8286943cd0,Edge computing reduces latency by processing data closer,spark,50,12.0,ok,spark,1788504699.1517305,46.042,27.697,14
203.563,3,206.789,1788504699.5628211,1,b03-o14-spark-c1,,8,False,203.559,llama3.2:1b,etri-ser0002-cgnmsb,ACTIVE,0.004,e6eb818f-1077-4244-9f66-3a94efdc13ee,Edge computing reduces latency by processing data closer,spark,50,12.0,ok,spark,1788504699.3560362,46.071,29.718,14
205.868,3,211.776,1788504699.7746792,1,b03-o14-spark-c1,,8,False,205.854,llama3.2:1b,etri-ser0002-cgnmsb,ACTIVE,0.014,9576abee-cef4-4d86-9567-82581e684d2b,Edge computing reduces latency by processing data closer,spark,50,12.0,ok,spark,1788504699.5629036,45.847,28.83,14
208.094,3,214.186,1788504699.9888854,1,b03-o14-spark-c1,,8,False,208.081,llama3.2:1b,etri-ser0002-cgnmsb,ACTIVE,0.013,7912e68a-b27c-4fc3-a523-c1f94ed6aeb5,Edge computing reduces latency by processing data closer,spark,50,12.0,ok,spark,1788504699.7747025,45.969,32.737,14
208.179,3,214.657,1788504700.2036214,1,b03-o14-spark-c1,,8,False,208.166,llama3.2:1b,etri-ser0002-cgnmsb,ACTIVE,0.014,0465391a-806e-43ba-b359-c5b888524206,Edge computing reduces latency by processing data closer,spark,50,12.0,ok,spark,1788504699.9889672,45.927,31.876,14
207.566,3,213.96,1788504700.417662,1,b03-o14-spark-c1,,8,False,207.552,llama3.2:1b,etri-ser0002-cgnmsb,ACTIVE,0.013,e755117b-7e60-4ccc-a2a3-b2ebd4a3a162,Edge computing reduces latency by processing data closer,spark,50,12.0,ok,spark,1788504700.2037048,45.992,31.724,14
206.699,3,212.671,1788504700.6304133,1,b03-o14-spark-c1,,8,False,206.686,llama3.2:1b,etri-ser0002-cgnmsb,ACTIVE,0.013,2553ca7b-a023-4e66-aaba-f5144b8e46cb,Edge computing reduces latency by processing data closer,spark,50,12.0,ok,spark,1788504700.4177442,45.764,32.246,14
203.099,3,205.057,1788504700.835519,1,b03-o14-spark-c1,,8,False,203.097,llama3.2:1b,etri-ser0002-cgnmsb,ACTIVE,0.003,a7f17024-bae2-464d-be8a-20ee529abf8d,Edge computing reduces latency by processing data closer,spark,50,12.0,ok,spark,1788504700.6304636,45.743,27.655,14
201.914,3,203.877,1788504701.0394208,1,b03-o14-spark-c1,,8,False,201.911,llama3.2:1b,etri-ser0002-cgnmsb,ACTIVE,0.002,90cc4753-c2a0-4dc3-a79c-2fba6954a95c,Edge computing reduces latency by processing data closer,spark,50,12.0,ok,spark,1788504700.8355453,46.048,27.689,14
205.633,3,207.751,1788504701.2471962,1,b03-o14-spark-c1,,8,False,205.63,llama3.2:1b,etri-ser0002-cgnmsb,ACTIVE,0.003,cb2ab607-9c73-42cf-87bb-c8a63ea12f58,Edge computing reduces latency by processing data closer,spark,50,12.0,ok,spark,1788504701.039446,45.072,27.678,14
207.526,3,209.752,1788504701.4569724,1,b03-o14-spark-c1,,8,False,207.523,llama3.2:1b,etri-ser0002-cgnmsb,ACTIVE,0.003,8a565c41-57ef-4095-9a64-9ba784dfbb24,Edge computing reduces latency by processing data closer,spark,50,12.0,ok,spark,1788504701.2472212,45.309,29.149,14
206.802,3,212.054,1788504701.6690564,1,b03-o14-spark-c1,,8,False,206.789,llama3.2:1b,etri-ser0002-cgnmsb,ACTIVE,0.013,2d3932aa-4215-4914-89b0-65a90815eb17,Edge computing reduces latency by processing data closer,spark,50,12.0,ok,spark,1788504701.457004,45.92,32.129,14
204.939,3,208.069,1788504701.8771548,1,b03-o14-spark-c1,,8,False,204.934,llama3.2:1b,etri-ser0002-cgnmsb,ACTIVE,0.005,255d5edb-d854-4c2e-862a-58514b6761e5,Edge computing reduces latency by processing data closer,spark,50,12.0,ok,spark,1788504701.6690903,45.907,29.109,14
208.964,3,215.45,1788504702.0927162,1,b03-o14-spark-c1,,8,False,208.951,llama3.2:1b,etri-ser0002-cgnmsb,ACTIVE,0.014,5c05fa53-5caf-4ad4-b01c-67a6ffe2fb2a,Edge computing reduces latency by processing data closer,spark,50,12.0,ok,spark,1788504701.8772697,46.038,33.029,14
210.224,3,216.081,1788504702.3088853,1,b03-o14-spark-c1,,8,False,210.21,llama3.2:1b,etri-ser0002-cgnmsb,ACTIVE,0.014,2f1d8232-4d66-44de-88ee-c2292bcb4027,Edge computing reduces latency by processing data closer,spark,50,12.0,ok,spark,1788504702.0928082,45.553,32.709,14
205.567,3,209.413,1788504702.5183842,1,b03-o14-spark-c1,,8,False,205.565,llama3.2:1b,etri-ser0002-cgnmsb,ACTIVE,0.003,61ab8c3c-4fef-44d6-a537-8c76599ace52,Edge computing reduces latency by processing data closer,spark,50,12.0,ok,spark,1788504702.3089733,45.622,29.434,14
209.587,3,215.794,1788504702.7342284,1,b03-o14-spark-c1,,8,False,209.573,llama3.2:1b,etri-ser0002-cgnmsb,ACTIVE,0.013,7d0f3526-03d5-4824-994d-164cb3d63d8f,Edge computing reduces latency by processing data closer,spark,50,12.0,ok,spark,1788504702.518439,45.62,33.485,14
209.089,3,215.147,1788504702.94951,1,b03-o14-spark-c1,,8,False,209.077,llama3.2:1b,etri-ser0002-cgnmsb,ACTIVE,0.012,7f63003a-b90c-4b96-a2b5-4da2a635fe37,Edge computing reduces latency by processing data closer,spark,50,12.0,ok,spark,1788504702.7343667,45.683,31.678,14
206.338,3,211.974,1788504703.1615782,1,b03-o14-spark-c1,,8,False,206.329,llama3.2:1b,etri-ser0002-cgnmsb,ACTIVE,0.01,ee154402-c9cb-442a-8ef1-356ee4814322,Edge computing reduces latency by processing data closer,spark,50,12.0,ok,spark,1788504702.9496043,45.839,30.481,14
205.711,3,211.863,1788504703.3734148,1,b03-o14-spark-c1,,8,False,205.698,llama3.2:1b,etri-ser0002-cgnmsb,ACTIVE,0.013,691ad8c0-c017-4c14-9ae9-743b2f8bbcd2,Edge computing reduces latency by processing data closer,spark,50,12.0,ok,spark,1788504703.161603,45.87,30.099,14
204.332,3,209.428,1788504703.5829785,1,b03-o14-spark-c1,,8,False,204.322,llama3.2:1b,etri-ser0002-cgnmsb,ACTIVE,0.01,d46e27ba-1eec-4c3f-b571-5d7447a57221,Edge computing reduces latency by processing data closer,spark,50,12.0,ok,spark,1788504703.3735538,46.036,28.93,14
204.434,3,210.596,1788504703.7936711,1,b03-o14-spark-c1,,8,False,204.421,llama3.2:1b,etri-ser0002-cgnmsb,ACTIVE,0.013,98d1c819-c06f-45aa-ba5e-3a259454eb48,Edge computing reduces latency by processing data closer,spark,50,12.0,ok,spark,1788504703.5830774,46.026,28.032,14
207.926,3,213.3,1788504704.0070205,1,b03-o14-spark-c1,,8,False,207.912,llama3.2:1b,etri-ser0002-cgnmsb,ACTIVE,0.014,50b1f02d-4b98-4ae7-b615-7ac7a3b6716b,Edge computing reduces latency by processing data closer,spark,50,12.0,ok,spark,1788504703.7937214,45.111,29.677,14
205.921,3,210.822,1788504704.2178657,1,b03-o14-spark-c1,,8,False,205.909,llama3.2:1b,etri-ser0002-cgnmsb,ACTIVE,0.012,ab171250-ce71-483c-ba43-28b5e3ccb06c,Edge computing reduces latency by processing data closer,spark,50,12.0,ok,spark,1788504704.0070474,46.011,30.296,14
206.373,3,213.003,1788504704.4309552,1,b03-o14-spark-c1,,8,False,206.36,llama3.2:1b,etri-ser0002-cgnmsb,ACTIVE,0.014,b600347f-c1fb-4311-9194-4ce637002d0a,Edge computing reduces latency by processing data closer,spark,50,12.0,ok,spark,1788504704.2179558,45.97,31.225,14
206.191,3,211.767,1788504704.642811,1,b03-o14-spark-c1,,8,False,206.178,llama3.2:1b,etri-ser0002-cgnmsb,ACTIVE,0.013,064f9961-63b2-4c01-95d9-aae404340b08,Edge computing reduces latency by processing data closer,spark,50,12.0,ok,spark,1788504704.431048,46.224,30.311,14
205.911,3,211.94,1788504704.8548403,1,b03-o14-spark-c1,,8,False,205.897,llama3.2:1b,etri-ser0002-cgnmsb,ACTIVE,0.014,cb835062-9c55-43e1-84cd-1448cbdd5749,Edge computing reduces latency by processing data closer,spark,50,12.0,ok,spark,1788504704.6429038,45.725,29.985,14
205.036,3,209.025,1788504705.0639603,1,b03-o14-spark-c1,,8,False,205.031,llama3.2:1b,etri-ser0002-cgnmsb,ACTIVE,0.006,70c3c5bc-f11d-4432-a96e-6fe736bc639c,Edge computing reduces latency by processing data closer,spark,50,12.0,ok,spark,1788504704.854939,45.926,29.038,14
527.502,3,543.664,1788504708.69468,2,b03-o15-nano-c2,,8,False,527.48,llama3.2:1b,etri-dev0001-jetorn,ACTIVE,0.022,db7e3cb5-f306-4495-a940-fbe77b720780,Edge computing reduces latency by processing data closer,nano,51,12.0,ok,nano,1788504708.1510956,20.782,144.087,15
901.904,3,918.774,1788504709.0700676,2,b03-o15-nano-c2,,8,False,375.035,llama3.2:1b,etri-dev0001-jetorn,ACTIVE,526.869,03f9bd0d-8cc5-4db6-9d88-127c0da4f186,Edge computing reduces latency by processing data closer,nano,51,12.0,ok,nano,1788504708.1512983,25.957,594.157,15
763.415,3,773.961,1788504709.4688268,2,b03-o15-nano-c2,,8,False,393.652,llama3.2:1b,etri-dev0001-jetorn,ACTIVE,369.763,0608fa6c-cf56-4645-a8b7-2122961fba5b,Edge computing reduces latency by processing data closer,nano,51,12.0,ok,nano,1788504708.6948693,23.55,431.55,15
737.402,3,747.181,1788504709.8173425,2,b03-o15-nano-c2,,8,False,347.994,llama3.2:1b,etri-dev0001-jetorn,ACTIVE,389.408,389d368b-5a50-4774-aad7-07edcb074fc1,Edge computing reduces latency by processing data closer,nano,51,12.0,ok,nano,1788504709.0701637,27.102,446.087,15
734.189,3,742.806,1788504710.2117214,2,b03-o15-nano-c2,,8,False,393.557,llama3.2:1b,etri-dev0001-jetorn,ACTIVE,340.632,21d88fef-a0fa-43fd-9c71-778468059f1e,Edge computing reduces latency by processing data closer,nano,51,12.0,ok,nano,1788504709.468916,23.37,392.327,15
771.468,3,777.308,1788504710.5946782,2,b03-o15-nano-c2,,8,False,381.577,llama3.2:1b,etri-dev0001-jetorn,ACTIVE,389.891,2f809b20-21f2-4d68-aedf-239f6db0fe8c,Edge computing reduces latency by processing data closer,nano,51,12.0,ok,nano,1788504709.8173764,24.544,447.195,15
728.001,3,742.322,1788504710.9540653,2,b03-o15-nano-c2,,8,False,356.407,llama3.2:1b,etri-dev0001-jetorn,ACTIVE,371.594,8cc9b954-21e9-40b5-8bd2-8427e6dcb803,Edge computing reduces latency by processing data closer,nano,51,12.0,ok,nano,1788504710.2117474,26.422,424.267,15
718.859,3,726.925,1788504711.3217106,2,b03-o15-nano-c2,,8,False,365.392,llama3.2:1b,etri-dev0001-jetorn,ACTIVE,353.467,7bcfc3c9-2fd4-4718-8d21-dfb578ce7174,Edge computing reduces latency by processing data closer,nano,51,12.0,ok,nano,1788504710.5947883,27.21,423.062,15
389.023,3,399.882,1788504711.7216535,2,b03-o15-nano-c2,,8,False,389.011,llama3.2:1b,etri-dev0001-jetorn,ACTIVE,0.012,43471a75-3609-4250-bbdf-3795648d02de,Edge computing reduces latency by processing data closer,nano,51,12.0,ok,nano,1788504711.3217754,24.208,59.025,15
1155.174,3,1166.755,1788504712.1209095,2,b03-o15-nano-c2,,8,False,404.798,llama3.2:1b,etri-dev0001-jetorn,ACTIVE,750.376,e7a3247b-5cf2-4527-bff6-650dd6b4a86c,Edge computing reduces latency by processing data closer,nano,51,12.0,ok,nano,1788504710.9541566,24.019,820.136,15
754.251,3,794.955,1788504712.5166886,2,b03-o15-nano-c2,,8,False,394.522,llama3.2:1b,etri-dev0001-jetorn,ACTIVE,359.729,6d224086-79e3-4471-b417-5df8226d327d,Edge computing reduces latency by processing data closer,nano,51,12.0,ok,nano,1788504711.7217371,23.68,415.639,15
770.22,3,782.991,1788504712.90395,2,b03-o15-nano-c2,,8,False,386.611,llama3.2:1b,etri-dev0001-jetorn,ACTIVE,383.609,5cdce3e1-67ee-4a22-a63f-643e536bfc4a,Edge computing reduces latency by processing data closer,nano,51,12.0,ok,nano,1788504712.1209598,24.062,436.023,15
762.193,3,773.173,1788504713.289953,2,b03-o15-nano-c2,,8,False,384.306,llama3.2:1b,etri-dev0001-jetorn,ACTIVE,377.887,63317a3e-db9a-4744-a3c3-cb7686eb299a,Edge computing reduces latency by processing data closer,nano,51,12.0,ok,nano,1788504712.5167818,24.567,442.376,15
739.069,3,757.489,1788504713.6614623,2,b03-o15-nano-c2,,8,False,367.487,llama3.2:1b,etri-dev0001-jetorn,ACTIVE,371.582,007d6a5e-5925-48cd-9402-afc3bfe03d9e,Edge computing reduces latency by processing data closer,nano,51,12.0,ok,nano,1788504712.9039774,25.661,423.965,15
742.166,3,752.745,1788504714.0427537,2,b03-o15-nano-c2,,8,False,378.989,llama3.2:1b,etri-dev0001-jetorn,ACTIVE,363.177,93cac1a6-2979-49dc-8322-0c7e5085702d,Edge computing reduces latency by processing data closer,nano,51,12.0,ok,nano,1788504713.2900124,24.592,417.458,15
738.012,3,747.123,1788504714.4087248,2,b03-o15-nano-c2,,8,False,364.568,llama3.2:1b,etri-dev0001-jetorn,ACTIVE,373.443,6e1108e2-3cab-459a-8324-dfa02e78966e,Edge computing reduces latency by processing data closer,nano,51,12.0,ok,nano,1788504713.6616054,26.465,432.073,15
758.275,3,777.611,1788504714.8204944,2,b03-o15-nano-c2,,8,False,412.091,llama3.2:1b,etri-dev0001-jetorn,ACTIVE,346.184,fe8abf4f-9d0c-4a9f-b3af-ee33eeac7279,Edge computing reduces latency by processing data closer,nano,51,12.0,ok,nano,1788504714.0428863,23.607,420.088,15
821.158,3,838.838,1788504715.247651,2,b03-o15-nano-c2,,8,False,426.027,llama3.2:1b,etri-dev0001-jetorn,ACTIVE,395.131,5a1b1cee-2e8b-49df-9659-42ba7d46d787,Edge computing reduces latency by processing data closer,nano,51,12.0,ok,nano,1788504714.4088144,21.907,460.004,15
759.355,3,780.993,1788504715.6015658,2,b03-o15-nano-c2,,8,False,353.718,llama3.2:1b,etri-dev0001-jetorn,ACTIVE,405.637,d5279509-4fc5-4e59-b13a-adf7bde499e2,Edge computing reduces latency by processing data closer,nano,51,12.0,ok,nano,1788504714.8205774,26.781,460.087,15
693.401,3,712.006,1788504715.9596982,2,b03-o15-nano-c2,,8,False,357.165,llama3.2:1b,etri-dev0001-jetorn,ACTIVE,336.236,df53d67b-6797-4d1a-9fc4-3801be7149df,Edge computing reduces latency by processing data closer,nano,51,12.0,ok,nano,1788504715.2476964,26.743,395.979,15
752.552,3,764.069,1788504716.3657677,2,b03-o15-nano-c2,,8,False,405.436,llama3.2:1b,etri-dev0001-jetorn,ACTIVE,347.116,12126b35-8dea-40e2-9cba-e9b5b7cb7305,Edge computing reduces latency by processing data closer,nano,51,12.0,ok,nano,1788504715.6017025,23.142,404.953,15
774.283,3,786.028,1788504716.7458577,2,b03-o15-nano-c2,,8,False,379.568,llama3.2:1b,etri-dev0001-jetorn,ACTIVE,394.715,2aa75abc-56ae-494e-9012-eb3d97721821,Edge computing reduces latency by processing data closer,nano,51,12.0,ok,nano,1788504715.959833,25.51,454.468,15
750.057,3,759.906,1788504717.1257575,2,b03-o15-nano-c2,,8,False,378.787,llama3.2:1b,etri-dev0001-jetorn,ACTIVE,371.27,b0be4288-a484-4854-beb2-dd77115cdcb8,Edge computing reduces latency by processing data closer,nano,51,12.0,ok,nano,1788504716.3658526,25.601,438.913,15
800.127,3,809.531,1788504717.5554643,2,b03-o15-nano-c2,,8,False,429.849,llama3.2:1b,etri-dev0001-jetorn,ACTIVE,370.278,cfcd8ecc-8c97-4c4c-a2c8-5f9c0dc7406a,Edge computing reduces latency by processing data closer,nano,51,12.0,ok,nano,1788504716.7459352,21.45,426.63,15
794.857,3,812.195,1788504717.937972,2,b03-o15-nano-c2,,8,False,380.566,llama3.2:1b,etri-dev0001-jetorn,ACTIVE,414.291,80e44628-3a66-4dcd-a11d-6a50f2f9f262,Edge computing reduces latency by processing data closer,nano,51,12.0,ok,nano,1788504717.125781,24.633,467.879,15
714.111,3,732.696,1788504718.2882054,2,b03-o15-nano-c2,,8,False,350.714,llama3.2:1b,etri-dev0001-jetorn,ACTIVE,363.396,4b7e36e6-de01-4964-aaa0-819047892449,Edge computing reduces latency by processing data closer,nano,51,12.0,ok,nano,1788504717.5555124,26.909,416.001,15
736.078,3,744.094,1788504718.6821465,2,b03-o15-nano-c2,,8,False,392.605,llama3.2:1b,etri-dev0001-jetorn,ACTIVE,343.472,abbcff20-4ae1-4dad-b8bb-8907026ddfc7,Edge computing reduces latency by processing data closer,nano,51,12.0,ok,nano,1788504717.9380558,23.795,404.736,15
757.102,3,765.356,1788504719.0536633,2,b03-o15-nano-c2,,8,False,368.864,llama3.2:1b,etri-dev0001-jetorn,ACTIVE,388.238,b2ecf799-63da-4d9d-81ef-ae22783ba178,Edge computing reduces latency by processing data closer,nano,51,12.0,ok,nano,1788504718.2883084,26.511,453.206,15
724.082,3,733.711,1788504719.4159393,2,b03-o15-nano-c2,,8,False,361.152,llama3.2:1b,etri-dev0001-jetorn,ACTIVE,362.931,bd7e3730-2aef-4793-915f-45203be796fd,Edge computing reduces latency by processing data closer,nano,51,12.0,ok,nano,1788504718.682232,26.031,418.168,15
706.562,3,714.789,1788504719.7684746,2,b03-o15-nano-c2,,8,False,352.405,llama3.2:1b,etri-dev0001-jetorn,ACTIVE,354.157,f8edfafa-f1cc-4be7-90f3-c31411a519c1,Edge computing reduces latency by processing data closer,nano,51,12.0,ok,nano,1788504719.0536873,26.498,407.617,15
760.165,3,774.321,1788504720.1903381,2,b03-o15-nano-c2,,8,False,420.524,llama3.2:1b,etri-dev0001-jetorn,ACTIVE,339.641,f694a2f0-8cc6-4845-8780-42b00393dbdb,Edge computing reduces latency by processing data closer,nano,51,12.0,ok,nano,1788504719.4160197,22.474,403.836,15
747.991,3,769.441,1788504720.5379364,2,b03-o15-nano-c2,,8,False,346.76,llama3.2:1b,etri-dev0001-jetorn,ACTIVE,401.231,4ce628bb-6aaf-4578-a1d3-afc4851815f0,Edge computing reduces latency by processing data closer,nano,51,12.0,ok,nano,1788504719.768499,27.308,452.163,15
544.205,3,562.079,1788504724.1895118,4,b03-o16-nano-c4,,8,False,544.133,llama3.2:1b,etri-dev0001-jetorn,ACTIVE,0.072,9b702f0a-0720-42c3-9130-407a0809d82a,Edge computing reduces latency by processing data closer,nano,52,12.0,ok,nano,1788504723.627434,19.331,128.583,16
891.092,3,909.927,1788504724.5380673,4,b03-o16-nano-c4,,8,False,346.694,llama3.2:1b,etri-dev0001-jetorn,ACTIVE,544.398,2fe59734-4bb1-4083-8673-25862530f11b,Edge computing reduces latency by processing data closer,nano,52,12.0,ok,nano,1788504723.628146,27.333,603.87,16
1256.784,3,1276.098,1788504724.9039366,4,b03-o16-nano-c4,,8,False,366.053,llama3.2:1b,etri-dev0001-jetorn,ACTIVE,890.731,35b60f46-978c-41b0-8055-28afba50fd7a,Edge computing reduces latency by processing data closer,nano,52,12.0,ok,nano,1788504723.6278408,25.595,951.273,16
1647.914,3,1667.761,1788504725.2954051,4,b03-o16-nano-c4,,8,False,391.107,llama3.2:1b,etri-dev0001-jetorn,ACTIVE,1256.807,5ac6067f-8f9c-4597-9acc-aeecc114ddb2,Edge computing reduces latency by processing data closer,nano,52,12.0,ok,nano,1788504723.6276493,24.586,1320.128,16
1455.881,3,1472.463,1788504725.6620088,4,b03-o16-nano-c4,,8,False,364.373,llama3.2:1b,etri-dev0001-jetorn,ACTIVE,1091.508,35d599d3-44f1-4cd1-b72a-194886adc451,Edge computing reduces latency by processing data closer,nano,52,12.0,ok,nano,1788504724.1895502,26.038,1152.009,16
1491.816,3,1503.702,1788504726.041873,4,b03-o16-nano-c4,,8,False,376.187,llama3.2:1b,etri-dev0001-jetorn,ACTIVE,1115.629,e668b159-3f5b-4530-8473-65efa362cd70,Edge computing reduces latency by processing data closer,nano,52,12.0,ok,nano,1788504724.5381763,25.387,1172.058,16
1476.63,3,1507.066,1788504726.4110327,4,b03-o16-nano-c4,,8,False,368.616,llama3.2:1b,etri-dev0001-jetorn,ACTIVE,1108.014,b79d7600-d487-40d5-a701-c746ec7dafb8,Edge computing reduces latency by processing data closer,nano,52,12.0,ok,nano,1788504724.9039721,27.193,1189.118,16
1470.815,3,1481.35,1788504726.77686,4,b03-o16-nano-c4,,8,False,365.297,llama3.2:1b,etri-dev0001-jetorn,ACTIVE,1105.518,4cea017a-0dbd-4103-94ff-40223b1af6c6,Edge computing reduces latency by processing data closer,nano,52,12.0,ok,nano,1788504725.2955132,26.045,1160.341,16
1467.241,3,1472.503,1788504727.134655,4,b03-o16-nano-c4,,8,False,358.38,llama3.2:1b,etri-dev0001-jetorn,ACTIVE,1108.861,c2261e37-ff17-4957-8a0d-6e6c24694816,Edge computing reduces latency by processing data closer,nano,52,12.0,ok,nano,1788504725.6621532,26.414,1162.181,16
1502.616,3,1512.132,1788504727.5541167,4,b03-o16-nano-c4,,8,False,418.166,llama3.2:1b,etri-dev0001-jetorn,ACTIVE,1084.45,2b9a7439-f45f-4027-9d8c-ec41b21dccbb,Edge computing reduces latency by processing data closer,nano,52,12.0,ok,nano,1788504726.041986,22.84,1150.638,16
1504.349,3,1527.427,1788504727.9385643,4,b03-o16-nano-c4,,8,False,384.36,llama3.2:1b,etri-dev0001-jetorn,ACTIVE,1119.989,e3a6d845-12da-43bd-9dce-c001c125f66e,Edge computing reduces latency by processing data closer,nano,52,12.0,ok,nano,1788504726.4111404,24.656,1180.109,16
1543.994,3,1552.911,1788504728.3298347,4,b03-o16-nano-c4,,8,False,388.228,llama3.2:1b,etri-dev0001-jetorn,ACTIVE,1155.766,434e3ab6-9481-4310-a933-42b2c473fece,Edge computing reduces latency by processing data closer,nano,52,12.0,ok,nano,1788504726.7769275,24.255,1212.209,16
1528.701,3,1560.431,1788504728.6951182,4,b03-o16-nano-c4,,8,False,364.22,llama3.2:1b,etri-dev0001-jetorn,ACTIVE,1164.48,f8942431-9b54-483b-99c3-5592185cb4ce,Edge computing reduces latency by processing data closer,nano,52,12.0,ok,nano,1788504727.1346912,26.036,1221.464,16
1500.434,3,1518.006,1788504729.0721767,4,b03-o16-nano-c4,,8,False,368.95,llama3.2:1b,etri-dev0001-jetorn,ACTIVE,1131.484,e9eedca9-b99a-4f36-b642-24489c2615a8,Edge computing reduces latency by processing data closer,nano,52,12.0,ok,nano,1788504727.554173,25.464,1189.828,16
1494.605,3,1506.513,1788504729.4452076,4,b03-o16-nano-c4,,8,False,379.204,llama3.2:1b,etri-dev0001-jetorn,ACTIVE,1115.401,844d297f-b53a-4626-a91c-216713b55cfe,Edge computing reduces latency by processing data closer,nano,52,12.0,ok,nano,1788504727.9386978,25.269,1181.036,16
1475.901,3,1500.403,1788504729.8303237,4,b03-o16-nano-c4,,8,False,385.291,llama3.2:1b,etri-dev0001-jetorn,ACTIVE,1090.61,48ed42cc-a619-46a9-ab8e-5fccb91bbd31,Edge computing reduces latency by processing data closer,nano,52,12.0,ok,nano,1788504728.3299232,25.121,1158.821,16
1557.987,3,1565.812,1788504730.2610295,4,b03-o16-nano-c4,,8,False,429.9,llama3.2:1b,etri-dev0001-jetorn,ACTIVE,1128.087,f3b78e55-fe8f-4dc1-90b6-a3bd8fe18f96,Edge computing reduces latency by processing data closer,nano,52,12.0,ok,nano,1788504728.6952205,21.71,1195.221,16
1529.826,3,1547.275,1788504730.619499,4,b03-o16-nano-c4,,8,False,358.223,llama3.2:1b,etri-dev0001-jetorn,ACTIVE,1171.603,079df729-b8cf-40b3-9e54-4ddf8619ec1a,Edge computing reduces latency by processing data closer,nano,52,12.0,ok,nano,1788504729.072226,27.186,1224.002,16
1528.056,3,1544.116,1788504730.9894962,4,b03-o16-nano-c4,,8,False,369.56,llama3.2:1b,etri-dev0001-jetorn,ACTIVE,1158.496,ca0d517a-7ab0-43a5-8f34-c21b7f64f158,Edge computing reduces latency by processing data closer,nano,52,12.0,ok,nano,1788504729.4453812,25.785,1221.308,16
1513.685,3,1523.079,1788504731.3534796,4,b03-o16-nano-c4,,8,False,360.421,llama3.2:1b,etri-dev0001-jetorn,ACTIVE,1153.264,94aaef2b-e7ef-4269-a64d-665914bbae6b,Edge computing reduces latency by processing data closer,nano,52,12.0,ok,nano,1788504729.8304021,26.173,1205.7,16
1428.02,3,1441.923,1788504731.7030437,4,b03-o16-nano-c4,,8,False,347.409,llama3.2:1b,etri-dev0001-jetorn,ACTIVE,1080.611,6ba91763-f3ab-45d1-9fb9-cbcaf258c1fd,Edge computing reduces latency by processing data closer,nano,52,12.0,ok,nano,1788504730.2611241,27.348,1136.023,16
1477.476,3,1483.517,1788504732.1030612,4,b03-o16-nano-c4,,8,False,400.344,llama3.2:1b,etri-dev0001-jetorn,ACTIVE,1077.133,a30432a2-987a-44c6-a7b9-9940f684efb0,Edge computing reduces latency by processing data closer,nano,52,12.0,ok,nano,1788504730.6195483,25.295,1160.742,16
1471.843,3,1489.265,1788504732.4787817,4,b03-o16-nano-c4,,8,False,374.401,llama3.2:1b,etri-dev0001-jetorn,ACTIVE,1097.443,c6fbf280-7963-4816-8689-528c3a59ec7e,Edge computing reduces latency by processing data closer,nano,52,12.0,ok,nano,1788504730.9895205,25.06,1151.8,16
1472.007,3,1488.897,1788504732.8423975,4,b03-o16-nano-c4,,8,False,363.607,llama3.2:1b,etri-dev0001-jetorn,ACTIVE,1108.4,a320052c-a289-4e1c-80f8-8c7c7f09ca68,Edge computing reduces latency by processing data closer,nano,52,12.0,ok,nano,1788504731.3535018,26.671,1168.117,16
1588.472,3,1598.31,1788504733.3014889,4,b03-o16-nano-c4,,8,False,458.613,llama3.2:1b,etri-dev0001-jetorn,ACTIVE,1129.859,61af4208-5630-44b7-bf15-74e8969c3ed9,Edge computing reduces latency by processing data closer,nano,52,12.0,ok,nano,1788504731.7031791,20.325,1197.66,16
1631.137,3,1642.088,1788504733.745286,4,b03-o16-nano-c4,,8,False,444.363,llama3.2:1b,etri-dev0001-jetorn,ACTIVE,1186.774,c7af7575-13cb-4be6-a2c5-3125f1f29b6a,Edge computing reduces latency by processing data closer,nano,52,12.0,ok,nano,1788504732.103198,21.599,1258.978,16
1783.426,3,1799.343,1788504734.2782037,4,b03-o16-nano-c4,,8,False,530.952,llama3.2:1b,etri-dev0001-jetorn,ACTIVE,1252.474,79d42731-a3ca-447e-bf48-0ebe9785b76b,Edge computing reduces latency by processing data closer,nano,52,12.0,ok,nano,1788504732.4788637,18.998,1364.583,16
1903.98,3,1919.788,1788504734.7622118,4,b03-o16-nano-c4,,8,False,484.323,llama3.2:1b,etri-dev0001-jetorn,ACTIVE,1419.657,91988784-1227-46e9-ba26-f127b6b99923,Edge computing reduces latency by processing data closer,nano,52,12.0,ok,nano,1788504732.8424275,19.614,1496.582,16
2028.353,3,2040.526,1788504735.3420374,4,b03-o16-nano-c4,,8,False,579.01,llama3.2:1b,etri-dev0001-jetorn,ACTIVE,1449.343,67d81dd9-2b9f-40d2-a009-8b0df3b2b2d5,Edge computing reduces latency by processing data closer,nano,52,12.0,ok,nano,1788504733.3015158,20.363,1636.562,16
1938.02,3,1956.738,1788504735.7020433,4,b03-o16-nano-c4,,8,False,357.448,llama3.2:1b,etri-dev0001-jetorn,ACTIVE,1580.572,77555e99-4eb3-4068-800a-a103598d9d08,Edge computing reduces latency by processing data closer,nano,52,12.0,ok,nano,1788504733.74531,26.847,1639.988,16
1762.666,3,1778.137,1788504736.056436,4,b03-o16-nano-c4,,8,False,356.373,llama3.2:1b,etri-dev0001-jetorn,ACTIVE,1406.294,ef11c849-0800-436d-a592-eec99a227fd9,Edge computing reduces latency by processing data closer,nano,52,12.0,ok,nano,1788504734.2783012,26.302,1456.02,16
1661.271,3,1668.373,1788504736.430689,4,b03-o16-nano-c4,,8,False,373.041,llama3.2:1b,etri-dev0001-jetorn,ACTIVE,1288.229,80a8fae5-b97e-4eba-838a-e0cfc1d93f96,Edge computing reduces latency by processing data closer,nano,52,12.0,ok,nano,1788504734.7623198,25.305,1344.851,16
1475.813,3,1503.803,1788504736.8459373,4,b03-o16-nano-c4,,8,False,414.218,llama3.2:1b,etri-dev0001-jetorn,ACTIVE,1061.595,27ff0ca0-11ca-4ded-b5fa-17550da7e991,Edge computing reduces latency by processing data closer,nano,52,12.0,ok,nano,1788504735.3421383,25.947,1168.046,16
248.877,3,261.639,1788504740.1966357,4,b03-o17-agx-c4,,8,False,248.865,llama3.2:1b,etri-ser0001-cg0msb,ACTIVE,0.013,8685302f-1099-4d20-be35-ac47788a5ec0,Edge computing reduces latency by processing data closer,agx,53,12.0,ok,agx,1788504739.934998,42.173,59.456,17
454.588,3,471.003,1788504740.4050386,4,b03-o17-agx-c4,,8,False,208.193,llama3.2:1b,etri-ser0001-cg0msb,ACTIVE,246.395,dd82fcb7-f83b-4c03-af6a-98263de86476,Edge computing reduces latency by processing data closer,agx,53,12.0,ok,agx,1788504739.9340372,44.407,274.214,17
661.31,3,678.841,1788504740.6119878,4,b03-o17-agx-c4,,8,False,206.855,llama3.2:1b,etri-ser0001-cg0msb,ACTIVE,454.455,d490de62-4148-4ee9-89df-b2471cb319a3,Edge computing reduces latency by processing data closer,agx,53,12.0,ok,agx,1788504739.9331484,44.932,483.03,17
861.015,3,876.389,1788504740.8124921,4,b03-o17-agx-c4,,8,False,200.391,llama3.2:1b,etri-ser0001-cg0msb,ACTIVE,660.624,0c776d94-788f-4fc9-9f2d-f03a40cc0fb9,Edge computing reduces latency by processing data closer,agx,53,12.0,ok,agx,1788504739.9361053,46.436,688.457,17
824.53,3,826.253,1788504741.0229216,4,b03-o17-agx-c4,,8,False,210.509,llama3.2:1b,etri-ser0001-cg0msb,ACTIVE,614.022,3e7b73eb-4c1f-4efb-a7f1-241973e202b4,Edge computing reduces latency by processing data closer,agx,53,12.0,ok,agx,1788504740.196671,44.018,642.631,17
828.191,3,830.288,1788504741.2353594,4,b03-o17-agx-c4,,8,False,212.084,llama3.2:1b,etri-ser0001-cg0msb,ACTIVE,616.107,bde68ed4-1976-4b32-8c9e-677b0fcd9a9e,Edge computing reduces latency by processing data closer,agx,53,12.0,ok,agx,1788504740.405074,43.459,643.882,17
823.366,3,825.462,1788504741.4374847,4,b03-o17-agx-c4,,8,False,202.033,llama3.2:1b,etri-ser0001-cg0msb,ACTIVE,621.333,deaf4db3-dea3-4721-8294-c4594634ddc9,Edge computing reduces latency by processing data closer,agx,53,12.0,ok,agx,1788504740.6120245,46.008,649.185,17
822.127,3,824.172,1788504741.6366978,4,b03-o17-agx-c4,,8,False,199.075,llama3.2:1b,etri-ser0001-cg0msb,ACTIVE,623.052,3f14e4c3-8570-4725-bf5c-6298939e6978,Edge computing reduces latency by processing data closer,agx,53,12.0,ok,agx,1788504740.8125281,46.664,650.446,17
823.009,3,824.893,1788504741.847851,4,b03-o17-agx-c4,,8,False,211.143,llama3.2:1b,etri-ser0001-cg0msb,ACTIVE,611.866,afb30884-acb2-436e-b8ff-4cb6e823f0db,Edge computing reduces latency by processing data closer,agx,53,12.0,ok,agx,1788504741.0229602,43.695,639.723,17
813.989,3,815.859,1788504742.0512536,4,b03-o17-agx-c4,,8,False,203.269,llama3.2:1b,etri-ser0001-cg0msb,ACTIVE,610.721,b93e1eef-f164-4005-8564-11ff08d7af29,Edge computing reduces latency by processing data closer,agx,53,12.0,ok,agx,1788504741.2353964,46.146,640.353,17
821.204,3,823.126,1788504742.2606442,4,b03-o17-agx-c4,,8,False,209.243,llama3.2:1b,etri-ser0001-cg0msb,ACTIVE,611.961,30984be3-2997-4710-8113-d2d85b34d707,Edge computing reduces latency by processing data closer,agx,53,12.0,ok,agx,1788504741.4375198,43.926,638.758,17
824.478,3,826.293,1788504742.4630249,4,b03-o17-agx-c4,,8,False,202.341,llama3.2:1b,etri-ser0001-cg0msb,ACTIVE,622.136,b03cf656-58a2-4655-80ac-bcf1c23ce80f,Edge computing reduces latency by processing data closer,agx,53,12.0,ok,agx,1788504741.6367342,45.835,649.37,17
818.772,3,820.793,1788504742.6686769,4,b03-o17-agx-c4,,8,False,205.491,llama3.2:1b,etri-ser0001-cg0msb,ACTIVE,613.282,d4db0a34-03d7-4ffc-aacf-9147837fb849,Edge computing reduces latency by processing data closer,agx,53,12.0,ok,agx,1788504741.8478863,45.594,643.053,17
817.755,3,819.768,1788504742.87106,4,b03-o17-agx-c4,,8,False,202.306,llama3.2:1b,etri-ser0001-cg0msb,ACTIVE,615.45,0b027b6d-7de5-4a5a-aa3c-722e95b44948,Edge computing reduces latency by processing data closer,agx,53,12.0,ok,agx,1788504742.0512943,45.803,642.804,17
821.995,3,823.91,1788504743.0845888,4,b03-o17-agx-c4,,8,False,213.378,llama3.2:1b,etri-ser0001-cg0msb,ACTIVE,608.617,434ab284-bd0c-43b4-98b4-50631b85235a,Edge computing reduces latency by processing data closer,agx,53,12.0,ok,agx,1788504742.2606816,43.276,636.964,17
835.555,3,837.523,1788504743.3005812,4,b03-o17-agx-c4,,8,False,215.892,llama3.2:1b,etri-ser0001-cg0msb,ACTIVE,619.663,efc333e0-fa5f-49b7-bdc8-b77928260ee4,Edge computing reduces latency by processing data closer,agx,53,12.0,ok,agx,1788504742.4630604,43.056,649.586,17
835.348,3,837.268,1788504743.5059774,4,b03-o17-agx-c4,,8,False,205.379,llama3.2:1b,etri-ser0001-cg0msb,ACTIVE,629.969,6582a850-a305-4075-84bf-f07040cc9ddc,Edge computing reduces latency by processing data closer,agx,53,12.0,ok,agx,1788504742.6687117,45.311,658.557,17
838.058,3,840.276,1788504743.7113693,4,b03-o17-agx-c4,,8,False,205.252,llama3.2:1b,etri-ser0001-cg0msb,ACTIVE,632.806,03fd947e-f287-43c6-b2b2-dddc4d0bd49d,Edge computing reduces latency by processing data closer,agx,53,12.0,ok,agx,1788504742.8710961,45.083,660.168,17
827.433,3,828.966,1788504743.913589,4,b03-o17-agx-c4,,8,False,202.273,llama3.2:1b,etri-ser0001-cg0msb,ACTIVE,625.16,984d3060-4e85-4761-851c-8bfbb4d184f5,Edge computing reduces latency by processing data closer,agx,53,12.0,ok,agx,1788504743.0846252,46.022,653.505,17
817.066,3,819.037,1788504744.1196527,4,b03-o17-agx-c4,,8,False,205.745,llama3.2:1b,etri-ser0001-cg0msb,ACTIVE,611.321,80b0e28c-9e14-4043-bb15-c5f4e8fcad85,Edge computing reduces latency by processing data closer,agx,53,12.0,ok,agx,1788504743.300618,44.839,638.398,17
819.738,3,821.685,1788504744.3276975,4,b03-o17-agx-c4,,8,False,207.899,llama3.2:1b,etri-ser0001-cg0msb,ACTIVE,611.839,1f766209-a468-4007-b179-0bd991072a05,Edge computing reduces latency by processing data closer,agx,53,12.0,ok,agx,1788504743.506014,44.743,640.787,17
819.202,3,821.158,1788504744.532564,4,b03-o17-agx-c4,,8,False,204.774,llama3.2:1b,etri-ser0001-cg0msb,ACTIVE,614.428,3c2f2837-d342-4368-9d73-1e1425a05dd7,Edge computing reduces latency by processing data closer,agx,53,12.0,ok,agx,1788504743.711408,45.317,642.399,17
816.274,3,818.255,1788504744.7318802,4,b03-o17-agx-c4,,8,False,199.229,llama3.2:1b,etri-ser0001-cg0msb,ACTIVE,617.046,8a0dc0e1-2c7d-465a-b236-5e6ba1a749d6,Edge computing reduces latency by processing data closer,agx,53,12.0,ok,agx,1788504743.9136274,46.699,644.665,17
812.799,3,814.506,1788504744.9341927,4,b03-o17-agx-c4,,8,False,202.158,llama3.2:1b,etri-ser0001-cg0msb,ACTIVE,610.64,c762315d-ae09-4ada-a688-60e284602e9d,Edge computing reduces latency by processing data closer,agx,53,12.0,ok,agx,1788504744.1196885,45.918,638.345,17
816.594,3,818.455,1788504745.146188,4,b03-o17-agx-c4,,8,False,212.107,llama3.2:1b,etri-ser0001-cg0msb,ACTIVE,604.487,631b03aa-2849-4553-9e86-14b339bb7096,Edge computing reduces latency by processing data closer,agx,53,12.0,ok,agx,1788504744.327734,43.517,632.702,17
820.535,3,822.323,1788504745.3549209,4,b03-o17-agx-c4,,8,False,208.605,llama3.2:1b,etri-ser0001-cg0msb,ACTIVE,611.93,8f9fe049-c4a2-4775-a0b4-34edda095efb,Edge computing reduces latency by processing data closer,agx,53,12.0,ok,agx,1788504744.5326002,44.327,639.963,17
824.839,3,826.741,1788504745.5586586,4,b03-o17-agx-c4,,8,False,203.707,llama3.2:1b,etri-ser0001-cg0msb,ACTIVE,621.132,a91b56b3-2548-463e-b234-767735387f54,Edge computing reduces latency by processing data closer,agx,53,12.0,ok,agx,1788504744.7319198,45.786,649.762,17
830.549,3,832.617,1788504745.7668638,4,b03-o17-agx-c4,,8,False,207.843,llama3.2:1b,etri-ser0001-cg0msb,ACTIVE,622.705,2acf4b9f-cfde-4de0-81cd-c069a45a0d7d,Edge computing reduces latency by processing data closer,agx,53,12.0,ok,agx,1788504744.9342494,44.457,650.42,17
822.606,3,824.342,1788504745.9705532,4,b03-o17-agx-c4,,8,False,203.589,llama3.2:1b,etri-ser0001-cg0msb,ACTIVE,619.017,e0db2d36-0eeb-447c-a830-1ecc270c7bcf,Edge computing reduces latency by processing data closer,agx,53,12.0,ok,agx,1788504745.1462128,45.65,647.188,17
821.939,3,823.96,1788504746.1789155,4,b03-o17-agx-c4,,8,False,208.274,llama3.2:1b,etri-ser0001-cg0msb,ACTIVE,613.665,524f6a16-5d41-4a6f-acda-edd10cd2ff0b,Edge computing reduces latency by processing data closer,agx,53,12.0,ok,agx,1788504745.3549578,44.319,641.142,17
828.477,3,830.29,1788504746.388987,4,b03-o17-agx-c4,,8,False,209.993,llama3.2:1b,etri-ser0001-cg0msb,ACTIVE,618.484,a0bb6934-5833-49ce-847c-b5d2cc7edb5b,Edge computing reduces latency by processing data closer,agx,53,12.0,ok,agx,1788504745.558699,44.06,646.646,17
828.181,3,829.915,1788504746.5968144,4,b03-o17-agx-c4,,8,False,207.864,llama3.2:1b,etri-ser0001-cg0msb,ACTIVE,620.317,e591a846-fd73-4489-86d9-ac7f501fabe9,Edge computing reduces latency by processing data closer,agx,53,12.0,ok,agx,1788504745.7669022,44.763,648.877,17
833.813,3,835.711,1788504746.8062987,4,b03-o17-agx-c4,,8,False,209.219,llama3.2:1b,etri-ser0001-cg0msb,ACTIVE,624.594,6cd3158e-5df9-4edc-8fd9-feb7d7c30f8f,Edge computing reduces latency by processing data closer,agx,53,12.0,ok,agx,1788504745.9705887,43.918,651.432,17
836.055,3,837.917,1788504747.0168672,4,b03-o17-agx-c4,,8,False,210.415,llama3.2:1b,etri-ser0001-cg0msb,ACTIVE,625.64,02d68e24-708d-48a0-bca1-5ffd5a88174c,Edge computing reduces latency by processing data closer,agx,53,12.0,ok,agx,1788504746.178953,44.221,654.682,17
841.103,3,842.66,1788504747.2316823,4,b03-o17-agx-c4,,8,False,214.814,llama3.2:1b,etri-ser0001-cg0msb,ACTIVE,626.289,05536d4f-651f-4e1b-86ee-0bbdb1e049da,Edge computing reduces latency by processing data closer,agx,53,12.0,ok,agx,1788504746.3890235,42.903,654.508,17
845.67,3,847.664,1788504747.444516,4,b03-o17-agx-c4,,8,False,212.63,llama3.2:1b,etri-ser0001-cg0msb,ACTIVE,633.04,a630c896-25e5-494e-8d90-99c6964fa2b3,Edge computing reduces latency by processing data closer,agx,53,12.0,ok,agx,1788504746.5968544,43.349,660.786,17
847.028,3,848.638,1788504747.6549592,4,b03-o17-agx-c4,,8,False,210.3,llama3.2:1b,etri-ser0001-cg0msb,ACTIVE,636.729,0427b5a0-8a08-4bbd-80ec-b68b3cea6957,Edge computing reduces latency by processing data closer,agx,53,12.0,ok,agx,1788504746.8063235,44.044,665.115,17
852.974,3,854.769,1788504747.8716695,4,b03-o17-agx-c4,,8,False,216.648,llama3.2:1b,etri-ser0001-cg0msb,ACTIVE,636.326,67afaddb-15b4-4931-9859-227608f063fe,Edge computing reduces latency by processing data closer,agx,53,12.0,ok,agx,1788504747.0169034,43.238,667.753,17
849.028,3,850.494,1788504748.0821996,4,b03-o17-agx-c4,,8,False,210.374,llama3.2:1b,etri-ser0001-cg0msb,ACTIVE,638.654,49a5c156-beef-4981-ba15-f63499d58574,Edge computing reduces latency by processing data closer,agx,53,12.0,ok,agx,1788504747.2317085,44.215,667.874,17
848.908,3,850.764,1788504748.295315,4,b03-o17-agx-c4,,8,False,213.167,llama3.2:1b,etri-ser0001-cg0msb,ACTIVE,635.742,16717262-197e-4be5-b79c-2141aea70233,Edge computing reduces latency by processing data closer,agx,53,12.0,ok,agx,1788504747.4445522,43.82,666.102,17
854.23,3,856.15,1788504748.5111454,4,b03-o17-agx-c4,,8,False,215.636,llama3.2:1b,etri-ser0001-cg0msb,ACTIVE,638.594,047f92e7-2791-4861-b32e-1d5b2905ad5e,Edge computing reduces latency by processing data closer,agx,53,12.0,ok,agx,1788504747.6549978,42.756,666.756,17
851.703,3,853.266,1788504748.7249708,4,b03-o17-agx-c4,,8,False,213.643,llama3.2:1b,etri-ser0001-cg0msb,ACTIVE,638.06,d89ded2f-a57d-4123-8ff9-6d23e3f9b88b,Edge computing reduces latency by processing data closer,agx,53,12.0,ok,agx,1788504747.8717074,43.367,666.928,17
858.368,3,860.008,1788504748.9422498,4,b03-o17-agx-c4,,8,False,217.235,llama3.2:1b,etri-ser0001-cg0msb,ACTIVE,641.134,1ea641b2-3f8d-4658-97e0-2da180ad0cf6,Edge computing reduces latency by processing data closer,agx,53,12.0,ok,agx,1788504748.082244,42.364,669.318,17
865.831,3,867.663,1788504749.163002,4,b03-o17-agx-c4,,8,False,220.597,llama3.2:1b,etri-ser0001-cg0msb,ACTIVE,645.234,42761812-1747-417a-a575-0177a5685e63,Edge computing reduces latency by processing data closer,agx,53,12.0,ok,agx,1788504748.2953417,41.861,674.322,17
869.055,3,870.888,1788504749.382069,4,b03-o17-agx-c4,,8,False,219.015,llama3.2:1b,etri-ser0001-cg0msb,ACTIVE,650.041,8ac42d83-9e86-43e1-ac2b-a1aac313a592,Edge computing reduces latency by processing data closer,agx,53,12.0,ok,agx,1788504748.5111835,42.464,680.303,17
873.354,3,875.337,1788504749.6003458,4,b03-o17-agx-c4,,8,False,218.142,llama3.2:1b,etri-ser0001-cg0msb,ACTIVE,655.212,0dad2d46-e077-49f2-99b6-2ce04c5ac32b,Edge computing reduces latency by processing data closer,agx,53,12.0,ok,agx,1788504748.7250113,42.612,685.311,17
889.83,3,891.753,1788504749.8340392,4,b03-o17-agx-c4,,8,False,233.717,llama3.2:1b,etri-ser0001-cg0msb,ACTIVE,656.113,414f59f0-b7cf-4754-8332-41b36c3d1010,Edge computing reduces latency by processing data closer,agx,53,12.0,ok,agx,1788504748.9422872,39.469,686.797,17
890.637,3,892.518,1788504750.055556,4,b03-o17-agx-c4,,8,False,221.307,llama3.2:1b,etri-ser0001-cg0msb,ACTIVE,669.33,9dd2fe4d-0d08-49cd-b15d-0effbde0e49c,Edge computing reduces latency by processing data closer,agx,53,12.0,ok,agx,1788504749.1630409,41.802,699.113,17
887.913,3,890.085,1788504750.2721908,4,b03-o17-agx-c4,,8,False,216.582,llama3.2:1b,etri-ser0001-cg0msb,ACTIVE,671.331,e37116e7-fb60-452d-b5b5-3e94206f6345,Edge computing reduces latency by processing data closer,agx,53,12.0,ok,agx,1788504749.3821082,43.375,703.321,17
870.639,3,872.555,1788504750.4729393,4,b03-o17-agx-c4,,8,False,200.602,llama3.2:1b,etri-ser0001-cg0msb,ACTIVE,670.037,bac62050-2c64-4602-b9d1-bd759064f6aa,Edge computing reduces latency by processing data closer,agx,53,12.0,ok,agx,1788504749.6003864,46.196,697.282,17
837.902,3,839.809,1788504750.6738708,4,b03-o17-agx-c4,,8,False,200.766,llama3.2:1b,etri-ser0001-cg0msb,ACTIVE,637.135,8f3420a8-df80-40bb-a09d-c9b40ccd53e3,Edge computing reduces latency by processing data closer,agx,53,12.0,ok,agx,1788504749.8340642,46.418,665.347,17
818.552,3,820.22,1788504750.8758137,4,b03-o17-agx-c4,,8,False,201.988,llama3.2:1b,etri-ser0001-cg0msb,ACTIVE,616.564,9cb9c780-bea7-49de-878e-99961ccea431,Edge computing reduces latency by processing data closer,agx,53,12.0,ok,agx,1788504750.055596,46.022,644.472,17
807.08,3,809.034,1788504751.081257,4,b03-o17-agx-c4,,8,False,205.111,llama3.2:1b,etri-ser0001-cg0msb,ACTIVE,601.969,8c6a50d1-1d6c-461b-b176-e7e5aa56e194,Edge computing reduces latency by processing data closer,agx,53,12.0,ok,agx,1788504750.2722254,45.472,630.73,17
819.882,3,821.836,1788504751.294808,4,b03-o17-agx-c4,,8,False,213.36,llama3.2:1b,etri-ser0001-cg0msb,ACTIVE,606.522,f20eaca2-b9cc-4a4b-8780-af78dfb1dda8,Edge computing reduces latency by processing data closer,agx,53,12.0,ok,agx,1788504750.4729738,43.679,636.536,17
839.239,3,841.142,1788504751.515045,4,b03-o17-agx-c4,,8,False,220.205,llama3.2:1b,etri-ser0001-cg0msb,ACTIVE,619.034,62f6f464-5a30-404e-8af5-b2357d4f423f,Edge computing reduces latency by processing data closer,agx,53,12.0,ok,agx,1788504750.673905,41.738,647.463,17
846.08,3,847.846,1788504751.7236981,4,b03-o17-agx-c4,,8,False,208.648,llama3.2:1b,etri-ser0001-cg0msb,ACTIVE,637.431,c1f7cea5-5447-49ec-89bd-ba9e3d1b577d,Edge computing reduces latency by processing data closer,agx,53,12.0,ok,agx,1788504750.875853,44.099,664.426,17
854.26,3,856.206,1788504751.9374993,4,b03-o17-agx-c4,,8,False,213.593,llama3.2:1b,etri-ser0001-cg0msb,ACTIVE,640.667,99fa5492-2d92-472c-bb91-f815ac45a933,Edge computing reduces latency by processing data closer,agx,53,12.0,ok,agx,1788504751.081296,43.394,669.663,17
849.536,3,851.384,1788504752.1462271,4,b03-o17-agx-c4,,8,False,208.682,llama3.2:1b,etri-ser0001-cg0msb,ACTIVE,640.854,50059d4a-c279-465a-a7ba-77dd8797dfa5,Edge computing reduces latency by processing data closer,agx,53,12.0,ok,agx,1788504751.294846,44.394,669.067,17
838.942,3,841.0,1788504752.3560793,4,b03-o17-agx-c4,,8,False,209.698,llama3.2:1b,etri-ser0001-cg0msb,ACTIVE,629.245,ee91d670-bff4-4b20-a04f-05a5eb5a7130,Edge computing reduces latency by processing data closer,agx,53,12.0,ok,agx,1788504751.5150816,44.164,657.488,17
840.821,3,842.332,1788504752.5660536,4,b03-o17-agx-c4,,8,False,210.127,llama3.2:1b,etri-ser0001-cg0msb,ACTIVE,630.694,9a256151-6861-4ee5-b003-07af7ba6b25e,Edge computing reduces latency by processing data closer,agx,53,12.0,ok,agx,1788504751.7237234,44.175,659.592,17
209.722,3,224.337,1788504755.868025,8,b03-o18-spark-c8,,8,False,209.712,llama3.2:1b,etri-ser0002-cgnmsb,ACTIVE,0.01,acc4a3b6-9fea-444a-a3e3-9bc5d94d6450,Edge computing reduces latency by processing data closer,spark,54,12.0,ok,spark,1788504755.643694,45.994,35.446,18
410.446,3,425.762,1788504756.0704625,8,b03-o18-spark-c8,,8,False,202.858,llama3.2:1b,etri-ser0002-cgnmsb,ACTIVE,207.587,4e13b800-3bd4-43eb-86e2-738dc237fac5,Edge computing reduces latency by processing data closer,spark,54,12.0,ok,spark,1788504755.6447024,45.984,235.861,18
614.919,3,630.166,1788504756.2766182,8,b03-o18-spark-c8,,8,False,205.411,llama3.2:1b,etri-ser0002-cgnmsb,ACTIVE,409.508,7973933b-91b4-4466-bccd-ad32b0660d12,Edge computing reduces latency by processing data closer,spark,54,12.0,ok,spark,1788504755.646458,45.872,439.842,18
821.803,3,839.405,1788504756.484965,8,b03-o18-spark-c8,,8,False,207.412,llama3.2:1b,etri-ser0002-cgnmsb,ACTIVE,614.391,7d23f399-33d7-4b9c-8535-981571b0d343,Edge computing reduces latency by processing data closer,spark,54,12.0,ok,spark,1788504755.6455634,45.883,646.261,18
1025.735,3,1043.644,1788504756.6918905,8,b03-o18-spark-c8,,8,False,207.344,llama3.2:1b,etri-ser0002-cgnmsb,ACTIVE,818.391,77931ae7-09cf-4213-9556-57d9a2517b67,Edge computing reduces latency by processing data closer,spark,54,12.0,ok,spark,1788504755.6482525,45.874,849.981,18
1233.395,3,1249.529,1788504756.9007452,8,b03-o18-spark-c8,,8,False,208.614,llama3.2:1b,etri-ser0002-cgnmsb,ACTIVE,1024.781,39179ce8-6184-4ca3-b38c-b829685d5cba,Edge computing reduces latency by processing data closer,spark,54,12.0,ok,spark,1788504755.6512194,45.625,1055.887,18
1441.317,3,1459.028,1788504757.1089377,8,b03-o18-spark-c8,,8,False,207.933,llama3.2:1b,etri-ser0002-cgnmsb,ACTIVE,1233.384,c6ead5bb-41ad-43d1-8597-be79b8620893,Edge computing reduces latency by processing data closer,spark,54,12.0,ok,spark,1788504755.6499143,45.718,1264.316,18
1649.196,3,1665.613,1788504757.317796,8,b03-o18-spark-c8,,8,False,208.396,llama3.2:1b,etri-ser0002-cgnmsb,ACTIVE,1440.799,2d6be49c-4f9c-49f9-92e4-dfcbc1df94d5,Edge computing reduces latency by processing data closer,spark,54,12.0,ok,spark,1788504755.652227,45.887,1473.473,18
1652.561,3,1655.511,1788504757.5236447,8,b03-o18-spark-c8,,8,False,206.054,llama3.2:1b,etri-ser0002-cgnmsb,ACTIVE,1446.507,74540211-e806-4150-8aaf-fe7f86b95efe,Edge computing reduces latency by processing data closer,spark,54,12.0,ok,spark,1788504755.8681364,45.777,1476.136,18
1659.268,3,1662.897,1788504757.7333949,8,b03-o18-spark-c8,,8,False,209.663,llama3.2:1b,etri-ser0002-cgnmsb,ACTIVE,1449.605,5a493c03-6f3c-4104-b78e-b2a36016ded3,Edge computing reduces latency by processing data closer,spark,54,12.0,ok,spark,1788504756.0705004,45.831,1482.882,18
1659.284,3,1664.079,1788504757.9408078,8,b03-o18-spark-c8,,8,False,206.537,llama3.2:1b,etri-ser0002-cgnmsb,ACTIVE,1452.746,675ce000-23de-4cee-b708-4ca7c6a88ac2,Edge computing reduces latency by processing data closer,spark,54,12.0,ok,spark,1788504756.2767308,45.761,1483.903,18
1656.005,3,1662.187,1788504758.1472492,8,b03-o18-spark-c8,,8,False,206.618,llama3.2:1b,etri-ser0002-cgnmsb,ACTIVE,1449.386,33afbf06-2a89-4f76-9506-cefb522bae8f,Edge computing reduces latency by processing data closer,spark,54,12.0,ok,spark,1788504756.4850645,45.619,1480.118,18
1655.406,3,1660.369,1788504758.3523645,8,b03-o18-spark-c8,,8,False,204.199,llama3.2:1b,etri-ser0002-cgnmsb,ACTIVE,1451.207,c6b734b7-952a-4694-9cb8-68dd66b0d9c6,Edge computing reduces latency by processing data closer,spark,54,12.0,ok,spark,1788504756.6919994,45.447,1478.804,18
1652.955,3,1657.978,1788504758.5588064,8,b03-o18-spark-c8,,8,False,206.422,llama3.2:1b,etri-ser0002-cgnmsb,ACTIVE,1446.532,5405fdea-ba12-43f6-a4ad-2ebf8ca56940,Edge computing reduces latency by processing data closer,spark,54,12.0,ok,spark,1788504756.9008305,45.495,1474.452,18
1652.8,3,1659.309,1788504758.7683463,8,b03-o18-spark-c8,,8,False,208.682,llama3.2:1b,etri-ser0002-cgnmsb,ACTIVE,1444.118,7b8ae0a4-9d18-48ff-ad3c-21ff6fdb5820,Edge computing reduces latency by processing data closer,spark,54,12.0,ok,spark,1788504757.1090434,45.652,1476.132,18
1652.619,3,1656.887,1788504758.9748137,8,b03-o18-spark-c8,,8,False,206.472,llama3.2:1b,etri-ser0002-cgnmsb,ACTIVE,1446.147,3f77fe00-69f7-4e52-9163-e5520cf3b883,Edge computing reduces latency by processing data closer,spark,54,12.0,ok,spark,1788504757.3179307,45.894,1477.825,18
1650.105,3,1655.394,1788504759.1791358,8,b03-o18-spark-c8,,8,False,204.427,llama3.2:1b,etri-ser0002-cgnmsb,ACTIVE,1445.678,81ee7894-c07c-4463-b830-08c85b1239b5,Edge computing reduces latency by processing data closer,spark,54,12.0,ok,spark,1788504757.5237427,46.076,1475.688,18
1645.682,3,1652.358,1788504759.3857799,8,b03-o18-spark-c8,,8,False,205.32,llama3.2:1b,etri-ser0002-cgnmsb,ACTIVE,1440.362,22632c3c-a319-4fe5-aa2a-a342c4600c18,Edge computing reduces latency by processing data closer,spark,54,12.0,ok,spark,1788504757.733429,46.148,1469.136,18
1649.383,3,1653.3,1788504759.5941708,8,b03-o18-spark-c8,,8,False,207.536,llama3.2:1b,etri-ser0002-cgnmsb,ACTIVE,1441.848,4dd187ce-a408-410e-9b13-8e0f4a2abb87,Edge computing reduces latency by processing data closer,spark,54,12.0,ok,spark,1788504757.9408746,45.83,1472.29,18
1654.984,3,1657.253,1788504759.804571,8,b03-o18-spark-c8,,8,False,210.574,llama3.2:1b,etri-ser0002-cgnmsb,ACTIVE,1444.411,108c6ddf-f6a2-4122-a50e-230ebd4654e8,Edge computing reduces latency by processing data closer,spark,54,12.0,ok,spark,1788504758.147319,45.788,1478.171,18
1659.517,3,1662.451,1788504760.0149343,8,b03-o18-spark-c8,,8,False,209.666,llama3.2:1b,etri-ser0002-cgnmsb,ACTIVE,1449.851,f9ed6005-bd24-409f-9d11-3e83ddd82553,Edge computing reduces latency by processing data closer,spark,54,12.0,ok,spark,1788504758.3524868,45.952,1483.663,18
1661.499,3,1667.258,1788504760.2261136,8,b03-o18-spark-c8,,8,False,210.686,llama3.2:1b,etri-ser0002-cgnmsb,ACTIVE,1450.813,0233f7a7-2c30-4b0b-9763-713a4ac7773e,Edge computing reduces latency by processing data closer,spark,54,12.0,ok,spark,1788504758.558859,45.901,1484.408,18
1661.246,3,1668.185,1788504760.4366424,8,b03-o18-spark-c8,,8,False,209.659,llama3.2:1b,etri-ser0002-cgnmsb,ACTIVE,1451.586,e3be83a2-4718-4778-8646-00c02c2994a8,Edge computing reduces latency by processing data closer,spark,54,12.0,ok,spark,1788504758.7684608,46.061,1485.065,18
1667.212,3,1671.819,1788504760.6467562,8,b03-o18-spark-c8,,8,False,209.84,llama3.2:1b,etri-ser0002-cgnmsb,ACTIVE,1457.373,a91ceb1d-7511-4a0e-8bb3-46e757eacea5,Edge computing reduces latency by processing data closer,spark,54,12.0,ok,spark,1788504758.9749413,45.931,1490.648,18
1673.073,3,1675.718,1788504760.8548899,8,b03-o18-spark-c8,,8,False,207.746,llama3.2:1b,etri-ser0002-cgnmsb,ACTIVE,1465.327,b5a2a758-688f-4b76-9ec8-39f0d881023d,Edge computing reduces latency by processing data closer,spark,54,12.0,ok,spark,1788504759.1791751,45.61,1497.595,18
1665.299,3,1671.538,1788504761.0574224,8,b03-o18-spark-c8,,8,False,202.448,llama3.2:1b,etri-ser0002-cgnmsb,ACTIVE,1462.851,b9beaa5e-6b2d-4566-acdc-c1a282286011,Edge computing reduces latency by processing data closer,spark,54,12.0,ok,spark,1788504759.385888,46.104,1491.475,18
1662.254,3,1668.064,1788504761.2623637,8,b03-o18-spark-c8,,8,False,205.264,llama3.2:1b,etri-ser0002-cgnmsb,ACTIVE,1456.99,edce3d3b-1756-4ff9-9a51-f22fab1a88a3,Edge computing reduces latency by processing data closer,spark,54,12.0,ok,spark,1788504759.594301,45.551,1485.221,18
1662.654,3,1667.344,1788504761.4719422,8,b03-o18-spark-c8,,8,False,208.851,llama3.2:1b,etri-ser0002-cgnmsb,ACTIVE,1453.803,5720b3eb-c1e6-4b54-831d-848babcfacfc,Edge computing reduces latency by processing data closer,spark,54,12.0,ok,spark,1788504759.8046014,45.112,1483.385,18
1661.905,3,1667.676,1788504761.6826973,8,b03-o18-spark-c8,,8,False,209.911,llama3.2:1b,etri-ser0002-cgnmsb,ACTIVE,1451.994,f7d2693f-268e-42f7-963c-9bfee3d9d5c4,Edge computing reduces latency by processing data closer,spark,54,12.0,ok,spark,1788504760.0150247,45.881,1485.414,18
1660.004,3,1666.468,1788504761.8926675,8,b03-o18-spark-c8,,8,False,209.169,llama3.2:1b,etri-ser0002-cgnmsb,ACTIVE,1450.835,a6067224-f33b-45c8-b9bd-b6e117e9025f,Edge computing reduces latency by processing data closer,spark,54,12.0,ok,spark,1788504760.2262006,45.912,1484.149,18
1660.098,3,1665.962,1788504762.1026893,8,b03-o18-spark-c8,,8,False,210.337,llama3.2:1b,etri-ser0002-cgnmsb,ACTIVE,1449.761,b33a86df-c41a-48ad-970e-3e1096d5756b,Edge computing reduces latency by processing data closer,spark,54,12.0,ok,spark,1788504760.4367278,45.773,1482.484,18
1660.376,3,1666.236,1788504762.3130817,8,b03-o18-spark-c8,,8,False,209.887,llama3.2:1b,etri-ser0002-cgnmsb,ACTIVE,1450.489,2d8bd16e-aafe-4741-aee7-af8f0c9618a5,Edge computing reduces latency by processing data closer,spark,54,12.0,ok,spark,1788504760.646847,45.726,1484.729,18
1661.022,3,1664.429,1788504762.5194433,8,b03-o18-spark-c8,,8,False,204.841,llama3.2:1b,etri-ser0002-cgnmsb,ACTIVE,1456.181,4b22a81a-351c-41a5-b2c7-740f8145602d,Edge computing reduces latency by processing data closer,spark,54,12.0,ok,spark,1788504760.855017,46.014,1484.851,18
1668.342,3,1671.808,1788504762.7293096,8,b03-o18-spark-c8,,8,False,209.701,llama3.2:1b,etri-ser0002-cgnmsb,ACTIVE,1458.641,cea61082-1590-417f-bbb9-874beacc4263,Edge computing reduces latency by processing data closer,spark,54,12.0,ok,spark,1788504761.0575047,45.744,1491.748,18
1670.375,3,1674.566,1788504762.9369519,8,b03-o18-spark-c8,,8,False,208.149,llama3.2:1b,etri-ser0002-cgnmsb,ACTIVE,1462.226,1ee091a3-45b1-4a4c-bd39-c04a705540c6,Edge computing reduces latency by processing data closer,spark,54,12.0,ok,spark,1788504761.26239,45.949,1494.539,18
1667.715,3,1673.428,1788504763.1454496,8,b03-o18-spark-c8,,8,False,208.195,llama3.2:1b,etri-ser0002-cgnmsb,ACTIVE,1459.52,e151da2d-16ac-4721-8266-01ab73d665e7,Edge computing reduces latency by processing data closer,spark,54,12.0,ok,spark,1788504761.4720228,45.871,1490.68,18
1664.624,3,1670.845,1788504763.3536386,8,b03-o18-spark-c8,,8,False,207.546,llama3.2:1b,etri-ser0002-cgnmsb,ACTIVE,1457.077,89c8d1ca-932a-4aad-bec7-5fbdbbcfb171,Edge computing reduces latency by processing data closer,spark,54,12.0,ok,spark,1788504761.6827965,45.962,1488.111,18
1666.103,3,1672.166,1788504763.5648549,8,b03-o18-spark-c8,,8,False,210.064,llama3.2:1b,etri-ser0002-cgnmsb,ACTIVE,1456.039,c5256dae-06e8-43ae-9105-1ba06f381231,Edge computing reduces latency by processing data closer,spark,54,12.0,ok,spark,1788504761.8926926,45.923,1490.94,18
1660.499,3,1666.883,1788504763.7695992,8,b03-o18-spark-c8,,8,False,204.988,llama3.2:1b,etri-ser0002-cgnmsb,ACTIVE,1455.511,e979f705-0258-4f38-b585-9cc04679ad19,Edge computing reduces latency by processing data closer,spark,54,12.0,ok,spark,1788504762.1027179,45.898,1485.289,18
1660.055,3,1662.939,1788504763.976047,8,b03-o18-spark-c8,,8,False,205.937,llama3.2:1b,etri-ser0002-cgnmsb,ACTIVE,1454.118,a9432da9-25e5-406f-b4dd-f6f59bbc5d9a,Edge computing reduces latency by processing data closer,spark,54,12.0,ok,spark,1788504762.313113,45.896,1483.888,18
1659.944,3,1666.43,1788504764.1859517,8,b03-o18-spark-c8,,8,False,209.27,llama3.2:1b,etri-ser0002-cgnmsb,ACTIVE,1450.674,6d5b11e4-1187-4b59-8575-db75cf9da288,Edge computing reduces latency by processing data closer,spark,54,12.0,ok,spark,1788504762.5195255,45.952,1483.237,18
1658.791,3,1664.951,1788504764.3943384,8,b03-o18-spark-c8,,8,False,208.033,llama3.2:1b,etri-ser0002-cgnmsb,ACTIVE,1450.758,5a00dc55-5980-4167-9561-7e6c10b6febb,Edge computing reduces latency by processing data closer,spark,54,12.0,ok,spark,1788504762.7293906,45.912,1482.481,18
1658.282,3,1664.888,1788504764.6019213,8,b03-o18-spark-c8,,8,False,207.372,llama3.2:1b,etri-ser0002-cgnmsb,ACTIVE,1450.91,916aa125-e248-4620-a54e-662ef3937230,Edge computing reduces latency by processing data closer,spark,54,12.0,ok,spark,1788504762.937037,45.786,1480.831,18
1659.838,3,1665.361,1788504764.8108423,8,b03-o18-spark-c8,,8,False,208.82,llama3.2:1b,etri-ser0002-cgnmsb,ACTIVE,1451.018,088ac7d4-842f-4e65-aff2-5ad6a2da822c,Edge computing reduces latency by processing data closer,spark,54,12.0,ok,spark,1788504763.1454847,45.996,1483.835,18
1656.808,3,1664.229,1788504765.0179548,8,b03-o18-spark-c8,,8,False,206.905,llama3.2:1b,etri-ser0002-cgnmsb,ACTIVE,1449.902,ff70a23f-b2ae-4f67-8e27-7b66da0633c1,Edge computing reduces latency by processing data closer,spark,54,12.0,ok,spark,1788504763.3537283,45.969,1482.075,18
1655.228,3,1658.236,1788504765.2231784,8,b03-o18-spark-c8,,8,False,205.33,llama3.2:1b,etri-ser0002-cgnmsb,ACTIVE,1449.898,a3b542f8-eaac-47d4-a02e-cb43faa236c5,Edge computing reduces latency by processing data closer,spark,54,12.0,ok,spark,1788504763.5649433,45.732,1478.885,18
1654.826,3,1657.599,1788504765.427226,8,b03-o18-spark-c8,,8,False,203.955,llama3.2:1b,etri-ser0002-cgnmsb,ACTIVE,1450.872,55e5d352-67d3-4669-b4b7-14a56b16ef8e,Edge computing reduces latency by processing data closer,spark,54,12.0,ok,spark,1788504763.7696285,45.785,1479.454,18
1650.675,3,1656.327,1788504765.6324718,8,b03-o18-spark-c8,,8,False,204.787,llama3.2:1b,etri-ser0002-cgnmsb,ACTIVE,1445.888,52e9c06e-b082-49de-899c-2036473016c0,Edge computing reduces latency by processing data closer,spark,54,12.0,ok,spark,1788504763.9761453,45.966,1473.944,18
1650.983,3,1657.491,1788504765.8435283,8,b03-o18-spark-c8,,8,False,210.215,llama3.2:1b,etri-ser0002-cgnmsb,ACTIVE,1440.767,a0f9be4d-5bfa-4e6c-a915-6250dd57026b,Edge computing reduces latency by processing data closer,spark,54,12.0,ok,spark,1788504764.1860378,45.814,1473.801,18
1652.784,3,1656.576,1788504766.050996,8,b03-o18-spark-c8,,8,False,207.563,llama3.2:1b,etri-ser0002-cgnmsb,ACTIVE,1445.22,a90a8ded-1419-4a32-afbd-b448d1f07049,Edge computing reduces latency by processing data closer,spark,54,12.0,ok,spark,1788504764.3944213,45.655,1477.588,18
1651.039,3,1657.178,1788504766.2591872,8,b03-o18-spark-c8,,8,False,207.79,llama3.2:1b,etri-ser0002-cgnmsb,ACTIVE,1443.25,a6ac99e0-5b16-4358-8ea0-6f978bcfcb6e,Edge computing reduces latency by processing data closer,spark,54,12.0,ok,spark,1788504764.602012,45.464,1472.624,18
1652.443,3,1659.498,1788504766.4704177,8,b03-o18-spark-c8,,8,False,209.565,llama3.2:1b,etri-ser0002-cgnmsb,ACTIVE,1442.878,d3ccd85a-4da1-4c92-9772-dc549630d9cd,Edge computing reduces latency by processing data closer,spark,54,12.0,ok,spark,1788504764.8109233,45.755,1475.01,18
1657.512,3,1661.57,1788504766.6795847,8,b03-o18-spark-c8,,8,False,209.33,llama3.2:1b,etri-ser0002-cgnmsb,ACTIVE,1448.183,d007a88d-21ec-495f-b975-863efbc549fc,Edge computing reduces latency by processing data closer,spark,54,12.0,ok,spark,1788504765.0180187,45.992,1481.153,18
1660.681,3,1663.563,1788504766.8867595,8,b03-o18-spark-c8,,8,False,207.286,llama3.2:1b,etri-ser0002-cgnmsb,ACTIVE,1453.395,3ca3a4b9-8213-4837-85de-a4cb64df186b,Edge computing reduces latency by processing data closer,spark,54,12.0,ok,spark,1788504765.2232008,45.871,1486.418,18
1662.547,3,1664.847,1788504767.0921013,8,b03-o18-spark-c8,,8,False,205.264,llama3.2:1b,etri-ser0002-cgnmsb,ACTIVE,1457.284,0125b9a5-4848-44dc-bf29-c0044dfad199,Edge computing reduces latency by processing data closer,spark,54,12.0,ok,spark,1788504765.4272587,45.312,1485.603,18
1658.394,3,1665.39,1788504767.297882,8,b03-o18-spark-c8,,8,False,204.36,llama3.2:1b,etri-ser0002-cgnmsb,ACTIVE,1454.035,697f40ef-fa3b-4202-b606-a1a8b729b49b,Edge computing reduces latency by processing data closer,spark,54,12.0,ok,spark,1788504765.6324968,46.02,1481.88,18
1658.625,3,1665.063,1788504767.5086098,8,b03-o18-spark-c8,,8,False,210.39,llama3.2:1b,etri-ser0002-cgnmsb,ACTIVE,1448.236,be43c013-a53d-48be-9bd4-d579d80fb277,Edge computing reduces latency by processing data closer,spark,54,12.0,ok,spark,1788504765.8435516,45.615,1480.362,18
1663.506,3,1665.982,1788504767.7170458,8,b03-o18-spark-c8,,8,False,209.202,llama3.2:1b,etri-ser0002-cgnmsb,ACTIVE,1454.304,fdfda914-ba9d-43f3-8acc-55750a041dbc,Edge computing reduces latency by processing data closer,spark,54,12.0,ok,spark,1788504766.0510676,45.919,1488.032,18
1660.829,3,1666.52,1788504767.925823,8,b03-o18-spark-c8,,8,False,208.056,llama3.2:1b,etri-ser0002-cgnmsb,ACTIVE,1452.773,33c84e68-3e29-495e-bced-d2bbcdc022be,Edge computing reduces latency by processing data closer,spark,54,12.0,ok,spark,1788504766.2593036,45.864,1484.258,18
1658.51,3,1664.023,1788504768.1345246,8,b03-o18-spark-c8,,8,False,209.382,llama3.2:1b,etri-ser0002-cgnmsb,ACTIVE,1449.128,603f6766-cec1-4bfd-a73b-23780c778488,Edge computing reduces latency by processing data closer,spark,54,12.0,ok,spark,1788504766.4705026,45.976,1482.954,18
1659.854,3,1665.221,1788504768.3448994,8,b03-o18-spark-c8,,8,False,209.909,llama3.2:1b,etri-ser0002-cgnmsb,ACTIVE,1449.945,545956ae-c105-43c5-b35c-0db5b61ea5de,Edge computing reduces latency by processing data closer,spark,54,12.0,ok,spark,1788504766.6796784,45.971,1483.77,18
1663.55,3,1667.204,1788504768.5540497,8,b03-o18-spark-c8,,8,False,207.643,llama3.2:1b,etri-ser0002-cgnmsb,ACTIVE,1455.907,6faf39a0-9d56-400d-8868-154d73918f4e,Edge computing reduces latency by processing data closer,spark,54,12.0,ok,spark,1788504766.8868492,45.804,1486.565,18
1669.447,3,1672.431,1788504768.76462,8,b03-o18-spark-c8,,8,False,209.907,llama3.2:1b,etri-ser0002-cgnmsb,ACTIVE,1459.541,336ab36b-e80a-4289-94de-575287831fac,Edge computing reduces latency by processing data closer,spark,54,12.0,ok,spark,1788504767.0921931,45.909,1493.246,18
1669.119,3,1675.874,1788504768.9739041,8,b03-o18-spark-c8,,8,False,208.157,llama3.2:1b,etri-ser0002-cgnmsb,ACTIVE,1460.962,9fc1bea4-bf55-47e0-a2c8-e1898de2834c,Edge computing reduces latency by processing data closer,spark,54,12.0,ok,spark,1788504767.2980351,45.956,1494.218,18
1664.77,3,1670.664,1788504769.179354,8,b03-o18-spark-c8,,8,False,205.887,llama3.2:1b,etri-ser0002-cgnmsb,ACTIVE,1458.882,f85a0828-9d4c-4304-af76-45edb2a0df27,Edge computing reduces latency by processing data closer,spark,54,12.0,ok,spark,1788504767.508693,45.824,1490.089,18
