actual_input_tokens,actual_output_tokens,cache_prompt,case,completed_at,concurrency,decode_tokens_per_second,device,fallback,first_at,generator_delay_ms,ignore_eos,input_tokens,input_tokens_requested,latency_ms,offered_rps,output_tokens_requested,partial_response,pattern,phase,planned_at,pure_network_ms,reason,request_id,requester,retry,run_id,selected_node,sent_at,server_timings,source_run,status,stop_type,target_output_tokens,tokens_cached,ttft_ms,zero_prefix_reuse_verified
512,128,False,i512-o128-c1,1788845242.2205174,1,40.94182971938405,Nano,False,1788845239.117977,4.277467727661133,True,512,512,3383.848208002746,,128,True,wave,measure,1788845238.832392,,,i512-o128-c1-0,etri-dev0001-jetorn,False,sweep,etri-dev0001-jetorn,1788845238.8366694,"{'cache_n': 0, 'prompt_n': 512, 'prompt_ms': 279.044, 'prompt_per_token_ms': 0.5450078125, 'prompt_per_second': 1834.8360831983487, 'predicted_n': 128, 'predicted_ms': 3101.962, 'predicted_per_token_ms': 24.424897637795276, 'predicted_per_second': 40.94182971938405}",sweep-nano-session-a/benchmark/sweep,ok,limit,128,639,281.3083848450333,True
512,128,False,i512-o128-c2,1788845245.6088827,2,40.92488961558316,Nano,False,1788845242.504305,1.117706298828125,True,512,512,3386.726442957297,,128,True,wave,measure,1788845242.2210386,,,i512-o128-c2-1,etri-dev0001-jetorn,False,sweep,etri-dev0001-jetorn,1788845242.2221563,"{'cache_n': 0, 'prompt_n': 512, 'prompt_ms': 279.895, 'prompt_per_token_ms': 0.546669921875, 'prompt_per_second': 1829.2574000964648, 'predicted_n': 128, 'predicted_ms': 3103.246, 'predicted_per_token_ms': 24.43500787401575, 'predicted_per_second': 40.92488961558316}",sweep-nano-session-a/benchmark/sweep,ok,limit,128,639,282.15003409422934,True
512,128,False,i512-o128-c2,1788845248.9969032,2,40.889524232677495,Nano,False,1788845245.890473,0.37026405334472656,True,512,512,6775.494175031781,,128,True,wave,measure,1788845242.2210386,,,i512-o128-c2-0,etri-dev0001-jetorn,False,sweep,etri-dev0001-jetorn,1788845242.2214088,"{'cache_n': 0, 'prompt_n': 512, 'prompt_ms': 281.896, 'prompt_per_token_ms': 0.550578125, 'prompt_per_second': 1816.2726679342736, 'predicted_n': 128, 'predicted_ms': 3105.93, 'predicted_per_token_ms': 24.456141732283463, 'predicted_per_second': 40.889524232677495}",sweep-nano-session-a/benchmark/sweep,ok,limit,128,639,3669.06505683437,True
512,128,False,i512-o128-c4,1788845252.38832,4,40.89063012139044,Nano,False,1788845249.281137,0.7262229919433594,True,512,512,3390.14123310335,,128,True,wave,measure,1788845248.9974525,,,i512-o128-c4-1,etri-dev0001-jetorn,False,sweep,etri-dev0001-jetorn,1788845248.9981787,"{'cache_n': 0, 'prompt_n': 512, 'prompt_ms': 279.102, 'prompt_per_token_ms': 0.54512109375, 'prompt_per_second': 1834.4547871387524, 'predicted_n': 128, 'predicted_ms': 3105.846, 'predicted_per_token_ms': 24.45548031496063, 'predicted_per_second': 40.89063012139044}",sweep-nano-session-a/benchmark/sweep,ok,limit,128,639,282.9582111444324,True
512,128,False,i512-o128-c4,1788845255.7693317,4,40.95890274002159,Nano,False,1788845252.667053,1.8918514251708984,True,512,512,6769.987344043329,,128,True,wave,measure,1788845248.9974525,,,i512-o128-c4-2,etri-dev0001-jetorn,False,sweep,etri-dev0001-jetorn,1788845248.9993443,"{'cache_n': 0, 'prompt_n': 512, 'prompt_ms': 279.419, 'prompt_per_token_ms': 0.545740234375, 'prompt_per_second': 1832.3736037993121, 'predicted_n': 128, 'predicted_ms': 3100.669, 'predicted_per_token_ms': 24.41471653543307, 'predicted_per_second': 40.95890274002159}",sweep-nano-session-a/benchmark/sweep,ok,limit,128,639,3667.7096060011536,True
512,128,False,i512-o128-c4,1788845259.1542265,4,40.92144789749145,Nano,False,1788845256.0497153,0.4985332489013672,True,512,512,10156.275474000722,,128,True,wave,measure,1788845248.9974525,,,i512-o128-c4-0,etri-dev0001-jetorn,False,sweep,etri-dev0001-jetorn,1788845248.997951,"{'cache_n': 0, 'prompt_n': 512, 'prompt_ms': 281.461, 'prompt_per_token_ms': 0.549728515625, 'prompt_per_second': 1819.0797304066994, 'predicted_n': 128, 'predicted_ms': 3103.507, 'predicted_per_token_ms': 24.437062992125984, 'predicted_per_second': 40.92144789749145}",sweep-nano-session-a/benchmark/sweep,ok,limit,128,639,7051.765402080491,True
512,128,False,i512-o128-c4,1788845262.5375416,4,40.95450438277692,Nano,False,1788845259.4362307,2.5548934936523438,True,512,512,13537.534476956353,,128,True,wave,measure,1788845248.9974525,,,i512-o128-c4-3,etri-dev0001-jetorn,False,sweep,etri-dev0001-jetorn,1788845249.0000074,"{'cache_n': 0, 'prompt_n': 512, 'prompt_ms': 281.86, 'prompt_per_token_ms': 0.5505078125, 'prompt_per_second': 1816.5046476974383, 'predicted_n': 128, 'predicted_ms': 3101.002, 'predicted_per_token_ms': 24.417338582677164, 'predicted_per_second': 40.95450438277692}",sweep-nano-session-a/benchmark/sweep,ok,limit,128,639,10436.224598903209,True
512,128,False,i512-o128-c8,1788845265.9290195,8,40.90281202001597,Nano,False,1788845262.8226132,0.5810260772705078,True,512,512,3390.1968491263688,,128,True,wave,measure,1788845262.5382416,,,i512-o128-c8-0,etri-dev0001-jetorn,False,sweep,etri-dev0001-jetorn,1788845262.5388227,"{'cache_n': 0, 'prompt_n': 512, 'prompt_ms': 277.988, 'prompt_per_token_ms': 0.5429453125, 'prompt_per_second': 1841.8061211275308, 'predicted_n': 128, 'predicted_ms': 3104.921, 'predicted_per_token_ms': 24.4481968503937, 'predicted_per_second': 40.90281202001597}",sweep-nano-session-a/benchmark/sweep,ok,limit,128,639,283.7916030548513,True
512,128,False,i512-o128-c8,1788845269.3197331,8,40.842250826090805,Nano,False,1788845266.2094858,0.8244514465332031,True,512,512,6780.66704981029,,128,True,wave,measure,1788845262.5382416,,,i512-o128-c8-1,etri-dev0001-jetorn,False,sweep,etri-dev0001-jetorn,1788845262.539066,"{'cache_n': 0, 'prompt_n': 512, 'prompt_ms': 281.262, 'prompt_per_token_ms': 0.54933984375, 'prompt_per_second': 1820.3667754620246, 'predicted_n': 128, 'predicted_ms': 3109.525, 'predicted_per_token_ms': 24.48444881889764, 'predicted_per_second': 40.842250826090805}",sweep-nano-session-a/benchmark/sweep,ok,limit,128,639,3670.4208608716726,True
512,128,False,i512-o128-c8,1788845272.707154,8,40.91569980505441,Nano,False,1788845269.602042,2.8455257415771484,True,512,512,10166.066905017942,,128,True,wave,measure,1788845262.5382416,,,i512-o128-c8-3,etri-dev0001-jetorn,False,sweep,etri-dev0001-jetorn,1788845262.5410872,"{'cache_n': 0, 'prompt_n': 512, 'prompt_ms': 282.215, 'prompt_per_token_ms': 0.551201171875, 'prompt_per_second': 1814.2196552273977, 'predicted_n': 128, 'predicted_ms': 3103.943, 'predicted_per_token_ms': 24.44049606299213, 'predicted_per_second': 40.91569980505441}",sweep-nano-session-a/benchmark/sweep,ok,limit,128,639,7060.955828987062,True
512,128,False,i512-o128-c8,1788845276.1001077,8,40.81704802752419,Nano,False,1788845272.9880912,2.039670944213867,True,512,512,13559.826388023794,,128,True,wave,measure,1788845262.5382416,,,i512-o128-c8-2,etri-dev0001-jetorn,False,sweep,etri-dev0001-jetorn,1788845262.5402813,"{'cache_n': 0, 'prompt_n': 512, 'prompt_ms': 281.463, 'prompt_per_token_ms': 0.549732421875, 'prompt_per_second': 1819.066804517823, 'predicted_n': 128, 'predicted_ms': 3111.445, 'predicted_per_token_ms': 24.49956692913386, 'predicted_per_second': 40.81704802752419}",sweep-nano-session-a/benchmark/sweep,ok,limit,128,639,10447.811427060515,True
512,128,False,i512-o128-c8,1788845279.4854248,8,40.949393965091126,Nano,False,1788845276.3825066,4.452228546142578,True,512,512,16942.73070502095,,128,True,wave,measure,1788845262.5382416,,,i512-o128-c8-5,etri-dev0001-jetorn,False,sweep,etri-dev0001-jetorn,1788845262.5426939,"{'cache_n': 0, 'prompt_n': 512, 'prompt_ms': 282.426, 'prompt_per_token_ms': 0.55161328125, 'prompt_per_second': 1812.8642547074278, 'predicted_n': 128, 'predicted_ms': 3101.389, 'predicted_per_token_ms': 24.420385826771653, 'predicted_per_second': 40.949393965091126}",sweep-nano-session-a/benchmark/sweep,ok,limit,128,639,13839.813817990944,True
512,128,False,i512-o128-c8,1788845282.876538,8,40.84085860991224,Nano,False,1788845279.765703,3.7424564361572266,True,512,512,20334.554084111005,,128,True,wave,measure,1788845262.5382416,,,i512-o128-c8-4,etri-dev0001-jetorn,False,sweep,etri-dev0001-jetorn,1788845262.541984,"{'cache_n': 0, 'prompt_n': 512, 'prompt_ms': 281.174, 'prompt_per_token_ms': 0.54916796875, 'prompt_per_second': 1820.9365019525278, 'predicted_n': 128, 'predicted_ms': 3109.631, 'predicted_per_token_ms': 24.48528346456693, 'predicted_per_second': 40.84085860991224}",sweep-nano-session-a/benchmark/sweep,ok,limit,128,639,17223.720106994733,True
512,128,False,i512-o128-c8,1788845286.265021,8,40.843603730854156,Nano,False,1788845283.154612,5.518913269042969,True,512,512,23721.260078949854,,128,True,wave,measure,1788845262.5382416,,,i512-o128-c8-6,etri-dev0001-jetorn,False,sweep,etri-dev0001-jetorn,1788845262.5437605,"{'cache_n': 0, 'prompt_n': 512, 'prompt_ms': 278.687, 'prompt_per_token_ms': 0.544310546875, 'prompt_per_second': 1837.1865210792034, 'predicted_n': 128, 'predicted_ms': 3109.422, 'predicted_per_token_ms': 24.48363779527559, 'predicted_per_second': 40.843603730854156}",sweep-nano-session-a/benchmark/sweep,ok,limit,128,639,20610.85167899728,True
512,128,False,i512-o128-c8,1788845289.648349,8,40.942450067135944,Nano,False,1788845286.5455086,6.725072860717773,True,512,512,27103.38226798922,,128,True,wave,measure,1788845262.5382416,,,i512-o128-c8-7,etri-dev0001-jetorn,False,sweep,etri-dev0001-jetorn,1788845262.5449667,"{'cache_n': 0, 'prompt_n': 512, 'prompt_ms': 280.894, 'prompt_per_token_ms': 0.54862109375, 'prompt_per_second': 1822.751642968522, 'predicted_n': 128, 'predicted_ms': 3101.915, 'predicted_per_token_ms': 24.424527559055118, 'predicted_per_second': 40.942450067135944}",sweep-nano-session-a/benchmark/sweep,ok,limit,128,639,24000.542278168723,True
128,128,False,i128-o128-c1,1788845292.9256933,1,40.090750306283866,Nano,False,1788845289.7573814,0.7281303405761719,True,128,128,3241.7509781662375,,128,True,wave,measure,1788845289.6832137,,,i128-o128-c1-0,etri-dev0001-jetorn,False,sweep,etri-dev0001-jetorn,1788845289.6839418,"{'cache_n': 0, 'prompt_n': 128, 'prompt_ms': 71.13, 'prompt_per_token_ms': 0.555703125, 'prompt_per_second': 1799.5220019682274, 'predicted_n': 128, 'predicted_ms': 3167.813, 'predicted_per_token_ms': 24.943409448818898, 'predicted_per_second': 40.090750306283866}",sweep-nano-session-a/benchmark/sweep,ok,limit,128,255,73.44011915847659,True
2048,128,False,i2048-o128-c1,1788845298.1574051,1,38.55620082376689,Nano,False,1788845294.8624864,0.5352497100830078,True,2048,2048,4971.039155963808,,128,True,wave,measure,1788845293.1858304,,,i2048-o128-c1-0,etri-dev0001-jetorn,False,sweep,etri-dev0001-jetorn,1788845293.1863656,"{'cache_n': 0, 'prompt_n': 2048, 'prompt_ms': 1671.912, 'prompt_per_token_ms': 0.81636328125, 'prompt_per_second': 1224.9448535568858, 'predicted_n': 128, 'predicted_ms': 3293.893, 'predicted_per_token_ms': 25.936165354330708, 'predicted_per_second': 38.55620082376689}",sweep-nano-session-a/benchmark/sweep,ok,limit,128,2175,1676.1213019490242,True
512,64,False,i512-o64-c1,1788845300.0727043,1,40.73641085062798,Nano,False,1788845298.5255404,0.5164146423339844,True,512,512,1831.603285158053,,64,True,wave,measure,1788845298.240584,,,i512-o64-c1-0,etri-dev0001-jetorn,False,sweep,etri-dev0001-jetorn,1788845298.2411003,"{'cache_n': 0, 'prompt_n': 512, 'prompt_ms': 281.646, 'prompt_per_token_ms': 0.55008984375, 'prompt_per_second': 1817.8848625579628, 'predicted_n': 64, 'predicted_ms': 1546.528, 'predicted_per_token_ms': 24.54806349206349, 'predicted_per_second': 40.73641085062798}",sweep-nano-session-a/benchmark/sweep,ok,limit,64,575,284.4401930924505,True
512,256,False,i512-o256-c1,1788845306.7017589,1,40.78182761761359,Nano,False,1788845300.4485135,0.7159709930419922,True,512,512,6536.33932210505,,256,True,wave,measure,1788845300.164703,,,i512-o256-c1-0,etri-dev0001-jetorn,False,sweep,etri-dev0001-jetorn,1788845300.1654189,"{'cache_n': 0, 'prompt_n': 512, 'prompt_ms': 280.695, 'prompt_per_token_ms': 0.548232421875, 'prompt_per_second': 1824.0438910561286, 'predicted_n': 256, 'predicted_ms': 6252.785, 'predicted_per_token_ms': 24.520725490196078, 'predicted_per_second': 40.78182761761359}",sweep-nano-session-a/benchmark/sweep,ok,limit,256,767,283.09504594653845,True
128,64,False,i128-o64-c4,1788845308.4043164,4,39.732042062988526,Nano,False,1788845306.8176448,0.7491111755371094,True,128,128,1662.707590032369,,64,True,wave,measure,1788845306.7408588,,,i128-o64-c4-0,etri-dev0001-jetorn,False,sweep,etri-dev0001-jetorn,1788845306.741608,"{'cache_n': 0, 'prompt_n': 128, 'prompt_ms': 71.427, 'prompt_per_token_ms': 0.5580234375, 'prompt_per_second': 1792.039424867347, 'predicted_n': 64, 'predicted_ms': 1585.622, 'predicted_per_token_ms': 25.168603174603177, 'predicted_per_second': 39.732042062988526}",sweep-nano-session-a/benchmark/sweep,ok,limit,64,191,76.03642903268337,True
128,64,False,i128-o64-c4,1788845310.0608926,4,39.77172293628949,Nano,False,1788845308.4749622,1.8758773803710938,True,128,128,3318.157719215378,,64,True,wave,measure,1788845306.7408588,,,i128-o64-c4-1,etri-dev0001-jetorn,False,sweep,etri-dev0001-jetorn,1788845306.7427347,"{'cache_n': 0, 'prompt_n': 128, 'prompt_ms': 71.24, 'prompt_per_token_ms': 0.5565625, 'prompt_per_second': 1796.7434025828188, 'predicted_n': 64, 'predicted_ms': 1584.04, 'predicted_per_token_ms': 25.14349206349206, 'predicted_per_second': 39.77172293628949}",sweep-nano-session-a/benchmark/sweep,ok,limit,64,191,1732.2280770167708,True
128,64,False,i128-o64-c4,1788845311.7165554,4,39.755334313964916,Nano,False,1788845310.130958,3.6182403564453125,True,128,128,4972.078280989081,,64,True,wave,measure,1788845306.7408588,,,i128-o64-c4-3,etri-dev0001-jetorn,False,sweep,etri-dev0001-jetorn,1788845306.744477,"{'cache_n': 0, 'prompt_n': 128, 'prompt_ms': 71.447, 'prompt_per_token_ms': 0.5581796875, 'prompt_per_second': 1791.537783251921, 'predicted_n': 64, 'predicted_ms': 1584.693, 'predicted_per_token_ms': 25.15385714285714, 'predicted_per_second': 39.755334313964916}",sweep-nano-session-a/benchmark/sweep,ok,limit,64,191,3386.482054134831,True
128,64,False,i128-o64-c4,1788845313.3737078,4,39.72637982959275,Nano,False,1788845311.7873678,2.580881118774414,True,128,128,6630.267729982734,,64,True,wave,measure,1788845306.7408588,,,i128-o64-c4-2,etri-dev0001-jetorn,False,sweep,etri-dev0001-jetorn,1788845306.7434397,"{'cache_n': 0, 'prompt_n': 128, 'prompt_ms': 71.234, 'prompt_per_token_ms': 0.556515625, 'prompt_per_second': 1796.8947412752339, 'predicted_n': 64, 'predicted_ms': 1585.848, 'predicted_per_token_ms': 25.172190476190476, 'predicted_per_second': 39.72637982959275}",sweep-nano-session-a/benchmark/sweep,ok,limit,64,191,5043.928863946348,True
2048,256,False,i2048-o256-c1,1788845321.9022455,1,38.379234395981584,Nano,False,1788845315.2573464,0.4191398620605469,True,2048,2048,8321.049204096198,,256,True,wave,measure,1788845313.5807767,,,i2048-o256-c1-0,etri-dev0001-jetorn,False,sweep,etri-dev0001-jetorn,1788845313.5811958,"{'cache_n': 0, 'prompt_n': 2048, 'prompt_ms': 1672.11, 'prompt_per_token_ms': 0.8164599609375, 'prompt_per_second': 1224.7998038406565, 'predicted_n': 256, 'predicted_ms': 6644.218, 'predicted_per_token_ms': 26.0557568627451, 'predicted_per_second': 38.379234395981584}",sweep-nano-session-a/benchmark/sweep,ok,limit,256,2303,1676.1510639917105,True
512,128,False,rate-0.5,1788845325.306535,8,40.73905129976821,Nano,False,1788845322.1885192,0.33664703369140625,True,512,512,3403.3401899505407,0.14776076504185623,128,True,open-loop,measure,1788845321.9028583,,,rate-0.5-0,etri-dev0001-jetorn,False,sweep,etri-dev0001-jetorn,1788845321.903195,"{'cache_n': 0, 'prompt_n': 512, 'prompt_ms': 282.838, 'prompt_per_token_ms': 0.55241796875, 'prompt_per_second': 1810.223520177628, 'predicted_n': 128, 'predicted_ms': 3117.402, 'predicted_per_token_ms': 24.546472440944882, 'predicted_per_second': 40.73905129976821}",sweep-nano-session-a/benchmark/sweep,ok,limit,128,639,285.32497910782695,True
512,128,False,rate-0.5,1788845332.2869718,8,39.57139505370025,Nano,False,1788845329.0771654,7.341861724853516,True,512,512,3609.072571154684,0.14776076504185623,128,True,open-loop,measure,1788845328.6705546,,,rate-0.5-1,etri-dev0001-jetorn,False,sweep,etri-dev0001-jetorn,1788845328.6778965,"{'cache_n': 0, 'prompt_n': 512, 'prompt_ms': 394.698, 'prompt_per_token_ms': 0.77089453125, 'prompt_per_second': 1297.1943105868286, 'predicted_n': 128, 'predicted_ms': 3209.389, 'predicted_per_token_ms': 25.270779527559057, 'predicted_per_second': 39.57139505370025}",sweep-nano-session-a/benchmark/sweep,ok,limit,128,639,399.26691516302526,True
512,128,False,rate-1.2,1788845335.6958494,8,40.67692814244484,Nano,False,1788845332.5730567,0.45228004455566406,True,512,512,3407.8740410041064,0.35462583610045495,128,True,open-loop,measure,1788845332.2875228,,,rate-1.2-0,etri-dev0001-jetorn,False,sweep,etri-dev0001-jetorn,1788845332.287975,"{'cache_n': 0, 'prompt_n': 512, 'prompt_ms': 282.541, 'prompt_per_token_ms': 0.551837890625, 'prompt_per_second': 1812.1263816578833, 'predicted_n': 128, 'predicted_ms': 3122.163, 'predicted_per_token_ms': 24.58396062992126, 'predicted_per_second': 40.67692814244484}",sweep-nano-session-a/benchmark/sweep,ok,limit,128,639,285.08209297433496,True
512,128,False,rate-1.2,1788845339.1004384,8,40.705193437809996,Nano,False,1788845335.9794195,1.0998249053955078,True,512,512,3991.9422559905797,0.35462583610045495,128,True,open-loop,measure,1788845335.1073964,,,rate-1.2-1,etri-dev0001-jetorn,False,sweep,etri-dev0001-jetorn,1788845335.1084962,"{'cache_n': 0, 'prompt_n': 512, 'prompt_ms': 283.084, 'prompt_per_token_ms': 0.5528984375, 'prompt_per_second': 1808.6504359130151, 'predicted_n': 128, 'predicted_ms': 3119.995, 'predicted_per_token_ms': 24.56688976377953, 'predicted_per_second': 40.705193437809996}",sweep-nano-session-a/benchmark/sweep,ok,limit,128,639,870.9241040050983,True
512,128,False,rate-1.2,1788845342.5059974,8,40.68350857140661,Nano,False,1788845339.3833737,1.0235309600830078,True,512,512,4577.704202150926,0.35462583610045495,128,True,open-loop,measure,1788845337.9272697,,,rate-1.2-2,etri-dev0001-jetorn,False,sweep,etri-dev0001-jetorn,1788845337.9282932,"{'cache_n': 0, 'prompt_n': 512, 'prompt_ms': 283.324, 'prompt_per_token_ms': 0.5533671875, 'prompt_per_second': 1807.1183521339526, 'predicted_n': 128, 'predicted_ms': 3121.658, 'predicted_per_token_ms': 24.579984251968504, 'predicted_per_second': 40.68350857140661}",sweep-nano-session-a/benchmark/sweep,ok,limit,128,639,1455.081825144589,True
512,128,False,rate-1.2,1788845345.908954,8,40.71629908718546,Nano,False,1788845342.7887082,1.1632442474365234,True,512,512,5160.647338023409,0.35462583610045495,128,True,open-loop,measure,1788845340.7471433,,,rate-1.2-3,etri-dev0001-jetorn,False,sweep,etri-dev0001-jetorn,1788845340.7483065,"{'cache_n': 0, 'prompt_n': 512, 'prompt_ms': 283.178, 'prompt_per_token_ms': 0.55308203125, 'prompt_per_second': 1808.0500603860469, 'predicted_n': 128, 'predicted_ms': 3119.144, 'predicted_per_token_ms': 24.56018897637795, 'predicted_per_second': 40.71629908718546}",sweep-nano-session-a/benchmark/sweep,ok,limit,128,639,2040.4028971679509,True
512,128,False,i512-o128-c1,1788845195.2479765,1,65.99315541855769,AGX Orin,False,1788845193.3230574,4.731893539428711,True,512,512,2100.735897998675,,128,True,wave,measure,1788845193.1425078,,,i512-o128-c1-0,etri-dev0005-jetagx,False,sweep,etri-dev0005-jetagx,1788845193.1472397,"{'cache_n': 0, 'prompt_n': 512, 'prompt_ms': 172.936, 'prompt_per_token_ms': 0.337765625, 'prompt_per_second': 2960.6328352685387, 'predicted_n': 128, 'predicted_ms': 1924.442, 'predicted_per_token_ms': 15.153086614173228, 'predicted_per_second': 65.99315541855769}",sweep-agx-a/sweep,ok,limit,128,639,175.81710500235204,True
512,128,False,i512-o128-c2,1788845197.36464,2,65.4186302987159,AGX Orin,False,1788845195.4228785,0.43845176696777344,True,512,512,2115.5122370037134,,128,True,wave,measure,1788845195.2486897,,,i512-o128-c2-0,etri-dev0005-jetagx,False,sweep,etri-dev0005-jetagx,1788845195.249128,"{'cache_n': 0, 'prompt_n': 512, 'prompt_ms': 170.986, 'prompt_per_token_ms': 0.33395703125, 'prompt_per_second': 2994.3972021101144, 'predicted_n': 128, 'predicted_ms': 1941.343, 'predicted_per_token_ms': 15.28616535433071, 'predicted_per_second': 65.4186302987159}",sweep-agx-a/sweep,ok,limit,128,639,173.75148800056195,True
512,128,False,i512-o128-c2,1788845199.4752004,2,65.57671623818909,AGX Orin,False,1788845197.5376956,1.3048648834228516,True,512,512,4225.206085000536,,128,True,wave,measure,1788845195.2486897,,,i512-o128-c2-1,etri-dev0005-jetagx,False,sweep,etri-dev0005-jetagx,1788845195.2499945,"{'cache_n': 0, 'prompt_n': 512, 'prompt_ms': 172.63, 'prompt_per_token_ms': 0.33716796875, 'prompt_per_second': 2965.880785494989, 'predicted_n': 128, 'predicted_ms': 1936.663, 'predicted_per_token_ms': 15.24931496062992, 'predicted_per_second': 65.57671623818909}",sweep-agx-a/sweep,ok,limit,128,639,2287.7017590071773,True
512,128,False,i512-o128-c4,1788845201.595215,4,65.34508378577515,AGX Orin,False,1788845199.6513305,1.6202926635742188,True,512,512,2117.5722120024147,,128,True,wave,measure,1788845199.476022,,,i512-o128-c4-1,etri-dev0005-jetagx,False,sweep,etri-dev0005-jetagx,1788845199.4776423,"{'cache_n': 0, 'prompt_n': 512, 'prompt_ms': 170.324, 'prompt_per_token_ms': 0.3326640625, 'prompt_per_second': 3006.035555764308, 'predicted_n': 128, 'predicted_ms': 1943.528, 'predicted_per_token_ms': 15.303370078740157, 'predicted_per_second': 65.34508378577515}",sweep-agx-a/sweep,ok,limit,128,639,173.68818999966606,True
512,128,False,i512-o128-c4,1788845203.7073598,4,65.46624596441832,AGX Orin,False,1788845201.7663922,0.5102157592773438,True,512,512,4230.826462997356,,128,True,wave,measure,1788845199.476022,,,i512-o128-c4-0,etri-dev0005-jetagx,False,sweep,etri-dev0005-jetagx,1788845199.4765322,"{'cache_n': 0, 'prompt_n': 512, 'prompt_ms': 171.104, 'prompt_per_token_ms': 0.3341875, 'prompt_per_second': 2992.332148868524, 'predicted_n': 128, 'predicted_ms': 1939.931, 'predicted_per_token_ms': 15.27504724409449, 'predicted_per_second': 65.46624596441832}",sweep-agx-a/sweep,ok,limit,128,639,2289.859237993369,True
512,128,False,i512-o128-c4,1788845205.7726464,4,67.13282573164207,AGX Orin,False,1788845203.8804972,2.7370452880859375,True,512,512,6293.88699199626,,128,True,wave,measure,1788845199.476022,,,i512-o128-c4-2,etri-dev0005-jetagx,False,sweep,etri-dev0005-jetagx,1788845199.478759,"{'cache_n': 0, 'prompt_n': 512, 'prompt_ms': 173.455, 'prompt_per_token_ms': 0.338779296875, 'prompt_per_second': 2951.7742353924646, 'predicted_n': 128, 'predicted_ms': 1891.772, 'predicted_per_token_ms': 14.895842519685038, 'predicted_per_second': 67.13282573164207}",sweep-agx-a/sweep,ok,limit,128,639,4401.7381820012815,True
512,128,False,i512-o128-c4,1788845207.882101,4,65.52221202987812,AGX Orin,False,1788845205.9432032,3.336668014526367,True,512,512,8402.742446000047,,128,True,wave,measure,1788845199.476022,,,i512-o128-c4-3,etri-dev0005-jetagx,False,sweep,etri-dev0005-jetagx,1788845199.4793587,"{'cache_n': 0, 'prompt_n': 512, 'prompt_ms': 170.529, 'prompt_per_token_ms': 0.333064453125, 'prompt_per_second': 3002.4218754581334, 'predicted_n': 128, 'predicted_ms': 1938.274, 'predicted_per_token_ms': 15.261999999999999, 'predicted_per_second': 65.52221202987812}",sweep-agx-a/sweep,ok,limit,128,639,6463.8450060010655,True
512,128,False,i512-o128-c8,1788845210.004783,8,65.30849005228279,AGX Orin,False,1788845208.0597684,1.6291141510009766,True,512,512,2119.8988659962197,,128,True,wave,measure,1788845207.883254,,,i512-o128-c8-1,etri-dev0005-jetagx,False,sweep,etri-dev0005-jetagx,1788845207.8848832,"{'cache_n': 0, 'prompt_n': 512, 'prompt_ms': 170.681, 'prompt_per_token_ms': 0.333361328125, 'prompt_per_second': 2999.7480680333488, 'predicted_n': 128, 'predicted_ms': 1944.617, 'predicted_per_token_ms': 15.311944881889763, 'predicted_per_second': 65.30849005228279}",sweep-agx-a/sweep,ok,limit,128,639,174.8850619987934,True
512,128,False,i512-o128-c8,1788845212.1017323,8,65.9768021407654,AGX Orin,False,1788845210.176118,0.5242824554443359,True,512,512,4217.953007995675,,128,True,wave,measure,1788845207.883254,,,i512-o128-c8-0,etri-dev0005-jetagx,False,sweep,etri-dev0005-jetagx,1788845207.8837783,"{'cache_n': 0, 'prompt_n': 512, 'prompt_ms': 171.255, 'prompt_per_token_ms': 0.334482421875, 'prompt_per_second': 2989.693731569881, 'predicted_n': 128, 'predicted_ms': 1924.919, 'predicted_per_token_ms': 15.156842519685041, 'predicted_per_second': 65.9768021407654}",sweep-agx-a/sweep,ok,limit,128,639,2292.338851999375,True
512,128,False,i512-o128-c8,1788845214.232311,8,64.85114109923195,AGX Orin,False,1788845212.2737527,3.0133724212646484,True,512,512,6346.043835001183,,128,True,wave,measure,1788845207.883254,,,i512-o128-c8-3,etri-dev0005-jetagx,False,sweep,etri-dev0005-jetagx,1788845207.8862674,"{'cache_n': 0, 'prompt_n': 512, 'prompt_ms': 171.752, 'prompt_per_token_ms': 0.335453125, 'prompt_per_second': 2981.042433275886, 'predicted_n': 128, 'predicted_ms': 1958.331, 'predicted_per_token_ms': 15.419929133858266, 'predicted_per_second': 64.85114109923195}",sweep-agx-a/sweep,ok,limit,128,639,4387.485929997638,True
512,128,False,i512-o128-c8,1788845216.3549752,8,65.21509169652695,AGX Orin,False,1788845214.4064066,3.749847412109375,True,512,512,8467.971183999907,,128,True,wave,measure,1788845207.883254,,,i512-o128-c8-4,etri-dev0005-jetagx,False,sweep,etri-dev0005-jetagx,1788845207.887004,"{'cache_n': 0, 'prompt_n': 512, 'prompt_ms': 173.609, 'prompt_per_token_ms': 0.339080078125, 'prompt_per_second': 2949.1558617352784, 'predicted_n': 128, 'predicted_ms': 1947.402, 'predicted_per_token_ms': 15.333874015748032, 'predicted_per_second': 65.21509169652695}",sweep-agx-a/sweep,ok,limit,128,639,6519.402963996981,True
512,128,False,i512-o128-c8,1788845218.467223,8,65.51166675092053,AGX Orin,False,1788845216.527524,2.4275779724121094,True,512,512,10581.541339997784,,128,True,wave,measure,1788845207.883254,,,i512-o128-c8-2,etri-dev0005-jetagx,False,sweep,etri-dev0005-jetagx,1788845207.8856816,"{'cache_n': 0, 'prompt_n': 512, 'prompt_ms': 172.999, 'prompt_per_token_ms': 0.337888671875, 'prompt_per_second': 2959.554679506818, 'predicted_n': 128, 'predicted_ms': 1938.586, 'predicted_per_token_ms': 15.264456692913386, 'predicted_per_second': 65.51166675092053}",sweep-agx-a/sweep,ok,limit,128,639,8641.842860000907,True
512,128,False,i512-o128-c8,1788845220.580902,8,65.40087647473828,AGX Orin,False,1788845218.637919,4.694223403930664,True,512,512,12692.953747005959,,128,True,wave,measure,1788845207.883254,,,i512-o128-c8-5,etri-dev0005-jetagx,False,sweep,etri-dev0005-jetagx,1788845207.8879483,"{'cache_n': 0, 'prompt_n': 512, 'prompt_ms': 171.204, 'prompt_per_token_ms': 0.3343828125, 'prompt_per_second': 2990.5843321417724, 'predicted_n': 128, 'predicted_ms': 1941.87, 'predicted_per_token_ms': 15.290314960629921, 'predicted_per_second': 65.40087647473828}",sweep-agx-a/sweep,ok,limit,128,639,10749.970797005517,True
512,128,False,i512-o128-c8,1788845222.6745608,8,66.17461239653703,AGX Orin,False,1788845220.7551353,6.767988204956055,True,512,512,14784.538052001153,,128,True,wave,measure,1788845207.883254,,,i512-o128-c8-7,etri-dev0005-jetagx,False,sweep,etri-dev0005-jetagx,1788845207.890022,"{'cache_n': 0, 'prompt_n': 512, 'prompt_ms': 174.419, 'prompt_per_token_ms': 0.340662109375, 'prompt_per_second': 2935.4600129573037, 'predicted_n': 128, 'predicted_ms': 1919.165, 'predicted_per_token_ms': 15.111535433070866, 'predicted_per_second': 66.17461239653703}",sweep-agx-a/sweep,ok,limit,128,639,12865.113536005083,True
512,128,False,i512-o128-c8,1788845224.732928,8,67.21226798536784,AGX Orin,False,1788845222.8431904,5.823850631713867,True,512,512,16843.84951699758,,128,True,wave,measure,1788845207.883254,,,i512-o128-c8-6,etri-dev0005-jetagx,False,sweep,etri-dev0005-jetagx,1788845207.889078,"{'cache_n': 0, 'prompt_n': 512, 'prompt_ms': 168.744, 'prompt_per_token_ms': 0.329578125, 'prompt_per_second': 3034.18195609918, 'predicted_n': 128, 'predicted_ms': 1889.536, 'predicted_per_token_ms': 14.878236220472441, 'predicted_per_second': 67.21226798536784}",sweep-agx-a/sweep,ok,limit,128,639,14954.112220999377,True
128,128,False,i128-o128-c1,1788845226.7144208,1,66.37215546971888,AGX Orin,False,1788845224.8006306,0.4184246063232422,True,128,128,1959.5312960009323,,128,True,wave,measure,1788845224.7544703,,,i128-o128-c1-0,etri-dev0005-jetagx,False,sweep,etri-dev0005-jetagx,1788845224.7548888,"{'cache_n': 0, 'prompt_n': 128, 'prompt_ms': 43.792, 'prompt_per_token_ms': 0.342125, 'prompt_per_second': 2922.9082937522835, 'predicted_n': 128, 'predicted_ms': 1913.453, 'predicted_per_token_ms': 15.06655905511811, 'predicted_per_second': 66.37215546971888}",sweep-agx-a/sweep,ok,limit,128,255,45.741360998363234,True
2048,128,False,i2048-o128-c1,1788845230.086422,1,61.36332888811581,AGX Orin,False,1788845228.0156856,0.5326271057128906,True,2048,2048,3069.004523997137,,128,True,wave,measure,1788845227.0168839,,,i2048-o128-c1-0,etri-dev0005-jetagx,False,sweep,etri-dev0005-jetagx,1788845227.0174165,"{'cache_n': 0, 'prompt_n': 2048, 'prompt_ms': 994.764, 'prompt_per_token_ms': 0.485724609375, 'prompt_per_second': 2058.7797708803296, 'predicted_n': 128, 'predicted_ms': 2069.64, 'predicted_per_token_ms': 16.296377952755904, 'predicted_per_second': 61.36332888811581}",sweep-agx-a/sweep,ok,limit,128,2175,998.2681149995187,True
512,64,False,i512-o64-c1,1788845231.318172,1,65.45495348542433,AGX Orin,False,1788845230.3552852,0.4143714904785156,True,512,512,1137.0035979998647,,64,True,wave,measure,1788845230.1807532,,,i512-o64-c1-0,etri-dev0005-jetagx,False,sweep,etri-dev0005-jetagx,1788845230.1811676,"{'cache_n': 0, 'prompt_n': 512, 'prompt_ms': 171.734, 'prompt_per_token_ms': 0.33541796875, 'prompt_per_second': 2981.3548860446967, 'predicted_n': 64, 'predicted_ms': 962.494, 'predicted_per_token_ms': 15.27768253968254, 'predicted_per_second': 65.45495348542433}",sweep-agx-a/sweep,ok,limit,64,575,174.11762700066902,True
512,256,False,i512-o256-c1,1788845235.4728258,1,65.64375673813856,AGX Orin,False,1788845231.5877268,0.5371570587158203,True,512,512,4059.6856760021183,,256,True,wave,measure,1788845231.412602,,,i512-o256-c1-0,etri-dev0005-jetagx,False,sweep,etri-dev0005-jetagx,1788845231.413139,"{'cache_n': 0, 'prompt_n': 512, 'prompt_ms': 171.716, 'prompt_per_token_ms': 0.3353828125, 'prompt_per_second': 2981.6674043187586, 'predicted_n': 256, 'predicted_ms': 3884.604, 'predicted_per_token_ms': 15.233741176470588, 'predicted_per_second': 65.64375673813856}",sweep-agx-a/sweep,ok,limit,256,767,174.58723099844065,True
128,64,False,i128-o64-c4,1788845236.544763,4,64.14792715646493,AGX Orin,False,1788845235.56153,0.5137920379638672,True,128,128,1030.4253889989923,,64,True,wave,measure,1788845235.513823,,,i128-o64-c4-0,etri-dev0005-jetagx,False,sweep,etri-dev0005-jetagx,1788845235.5143368,"{'cache_n': 0, 'prompt_n': 128, 'prompt_ms': 43.423, 'prompt_per_token_ms': 0.3392421875, 'prompt_per_second': 2947.7465859106924, 'predicted_n': 64, 'predicted_ms': 982.105, 'predicted_per_token_ms': 15.588968253968254, 'predicted_per_second': 64.14792715646493}",sweep-agx-a/sweep,ok,limit,64,191,47.1923479999532,True
128,64,False,i128-o64-c4,1788845237.5628262,4,64.65583595890763,AGX Orin,False,1788845236.5874915,2.2096633911132812,True,128,128,2046.793385001365,,64,True,wave,measure,1788845235.513823,,,i128-o64-c4-2,etri-dev0005-jetagx,False,sweep,etri-dev0005-jetagx,1788845235.5160327,"{'cache_n': 0, 'prompt_n': 128, 'prompt_ms': 43.279, 'prompt_per_token_ms': 0.3381171875, 'prompt_per_second': 2957.554472145844, 'predicted_n': 64, 'predicted_ms': 974.39, 'predicted_per_token_ms': 15.466507936507936, 'predicted_per_second': 64.65583595890763}",sweep-agx-a/sweep,ok,limit,64,191,1071.4589039998828,True
128,64,False,i128-o64-c4,1788845238.585088,4,64.41441165103339,AGX Orin,False,1788845237.6060257,1.3768672943115234,True,128,128,3069.887320001726,,64,True,wave,measure,1788845235.513823,,,i128-o64-c4-1,etri-dev0005-jetagx,False,sweep,etri-dev0005-jetagx,1788845235.5152,"{'cache_n': 0, 'prompt_n': 128, 'prompt_ms': 43.59, 'prompt_per_token_ms': 0.340546875, 'prompt_per_second': 2936.4533149804997, 'predicted_n': 64, 'predicted_ms': 978.042, 'predicted_per_token_ms': 15.524476190476191, 'predicted_per_second': 64.41441165103339}",sweep-agx-a/sweep,ok,limit,64,191,2090.8250349966693,True
128,64,False,i128-o64-c4,1788845239.6112041,4,64.16530612452755,AGX Orin,False,1788845238.6288342,2.7294158935546875,True,128,128,4094.6516359981615,,64,True,wave,measure,1788845235.513823,,,i128-o64-c4-3,etri-dev0005-jetagx,False,sweep,etri-dev0005-jetagx,1788845235.5165524,"{'cache_n': 0, 'prompt_n': 128, 'prompt_ms': 44.163, 'prompt_per_token_ms': 0.3450234375, 'prompt_per_second': 2898.353825600616, 'predicted_n': 64, 'predicted_ms': 981.839, 'predicted_per_token_ms': 15.584746031746032, 'predicted_per_second': 64.16530612452755}",sweep-agx-a/sweep,ok,limit,64,191,3112.2823170007905,True
2048,256,False,i2048-o256-c1,1788845245.0472002,1,61.85685547400423,AGX Orin,False,1788845240.9246397,0.5362033843994141,True,2048,2048,5119.756412001152,,256,True,wave,measure,1788845239.9269066,,,i2048-o256-c1-0,etri-dev0005-jetagx,False,sweep,etri-dev0005-jetagx,1788845239.9274428,"{'cache_n': 0, 'prompt_n': 2048, 'prompt_ms': 992.388, 'prompt_per_token_ms': 0.484564453125, 'prompt_per_second': 2063.708952546786, 'predicted_n': 256, 'predicted_ms': 4122.421, 'predicted_per_token_ms': 16.1663568627451, 'predicted_per_second': 61.85685547400423}",sweep-agx-a/sweep,ok,limit,256,2303,997.1967649980797,True
512,128,False,rate-0.5,1788845247.1643014,8,65.44549832882086,AGX Orin,False,1788845245.2234683,0.3113746643066406,True,512,512,2116.2118110005395,0.2380118321757338,128,True,open-loop,measure,1788845245.047778,,,rate-0.5-0,etri-dev0005-jetagx,False,sweep,etri-dev0005-jetagx,1788845245.0480893,"{'cache_n': 0, 'prompt_n': 512, 'prompt_ms': 172.518, 'prompt_per_token_ms': 0.33694921875, 'prompt_per_second': 2967.8062578977265, 'predicted_n': 128, 'predicted_ms': 1940.546, 'predicted_per_token_ms': 15.279889763779527, 'predicted_per_second': 65.44549832882086}",sweep-agx-a/sweep,ok,limit,128,639,175.37901099422015,True
512,128,False,rate-0.5,1788845251.4592648,8,63.47524465458471,AGX Orin,False,1788845249.4581177,0.5092620849609375,True,512,512,2209.505064005498,0.2380118321757338,128,True,open-loop,measure,1788845249.2492497,,,rate-0.5-1,etri-dev0005-jetagx,False,sweep,etri-dev0005-jetagx,1788845249.249759,"{'cache_n': 0, 'prompt_n': 512, 'prompt_ms': 204.603, 'prompt_per_token_ms': 0.399615234375, 'prompt_per_second': 2502.407100580148, 'predicted_n': 128, 'predicted_ms': 2000.78, 'predicted_per_token_ms': 15.754173228346456, 'predicted_per_second': 63.47524465458471}",sweep-agx-a/sweep,ok,limit,128,639,208.35838000493823,True
512,128,False,rate-0.5,1788845255.5810397,8,66.02382680338624,AGX Orin,False,1788845253.65757,0.5433559417724609,True,512,512,2129.773278000357,0.2380118321757338,128,True,open-loop,measure,1788845253.4507215,,,rate-0.5-2,etri-dev0005-jetagx,False,sweep,etri-dev0005-jetagx,1788845253.4512649,"{'cache_n': 0, 'prompt_n': 512, 'prompt_ms': 202.564, 'prompt_per_token_ms': 0.3956328125, 'prompt_per_second': 2527.5962165044134, 'predicted_n': 128, 'predicted_ms': 1923.548, 'predicted_per_token_ms': 15.146047244094488, 'predicted_per_second': 66.02382680338624}",sweep-agx-a/sweep,ok,limit,128,639,206.30447399889817,True
512,128,False,rate-1.2,1788845257.6896586,8,65.67618023198688,AGX Orin,False,1788845255.7553642,0.36215782165527344,True,512,512,2107.8636899983394,0.5712283972217611,128,True,open-loop,measure,1788845255.581432,,,rate-1.2-0,etri-dev0005-jetagx,False,sweep,etri-dev0005-jetagx,1788845255.5817943,"{'cache_n': 0, 'prompt_n': 512, 'prompt_ms': 171.189, 'prompt_per_token_ms': 0.334353515625, 'prompt_per_second': 2990.8463744749956, 'predicted_n': 128, 'predicted_ms': 1933.73, 'predicted_per_token_ms': 15.226220472440945, 'predicted_per_second': 65.67618023198688}",sweep-agx-a/sweep,ok,limit,128,639,173.5697149997577,True
512,128,False,rate-1.2,1788845259.7992632,8,65.62615620885447,AGX Orin,False,1788845257.8633182,0.5564689636230469,True,512,512,2466.660584002966,0.5712283972217611,128,True,open-loop,measure,1788845257.3320453,,,rate-1.2-1,etri-dev0005-jetagx,False,sweep,etri-dev0005-jetagx,1788845257.3326018,"{'cache_n': 0, 'prompt_n': 512, 'prompt_ms': 173.44, 'prompt_per_token_ms': 0.33875, 'prompt_per_second': 2952.029520295203, 'predicted_n': 128, 'predicted_ms': 1935.204, 'predicted_per_token_ms': 15.237826771653543, 'predicted_per_second': 65.62615620885447}",sweep-agx-a/sweep,ok,limit,128,639,530.7158479990903,True
512,128,False,rate-1.2,1788845261.9230669,8,65.14594487011591,AGX Orin,False,1788845259.9724312,0.3104209899902344,True,512,512,2840.097723004874,0.5712283972217611,128,True,open-loop,measure,1788845259.0826585,,,rate-1.2-2,etri-dev0005-jetagx,False,sweep,etri-dev0005-jetagx,1788845259.082969,"{'cache_n': 0, 'prompt_n': 512, 'prompt_ms': 173.573, 'prompt_per_token_ms': 0.339009765625, 'prompt_per_second': 2949.7675329688373, 'predicted_n': 128, 'predicted_ms': 1949.469, 'predicted_per_token_ms': 15.350149606299214, 'predicted_per_second': 65.14594487011591}",sweep-agx-a/sweep,ok,limit,128,639,889.4619929997134,True
512,128,False,rate-1.2,1788845264.0427334,8,65.30294912231808,AGX Orin,False,1788845262.0968957,0.30350685119628906,True,512,512,3209.157992998371,0.5712283972217611,128,True,open-loop,measure,1788845260.8332717,,,rate-1.2-3,etri-dev0005-jetagx,False,sweep,etri-dev0005-jetagx,1788845260.8335752,"{'cache_n': 0, 'prompt_n': 512, 'prompt_ms': 174.352, 'prompt_per_token_ms': 0.34053125, 'prompt_per_second': 2936.588051757364, 'predicted_n': 128, 'predicted_ms': 1944.782, 'predicted_per_token_ms': 15.313244094488189, 'predicted_per_second': 65.30294912231808}",sweep-agx-a/sweep,ok,limit,128,639,1263.3206419995986,True
512,128,False,rate-1.2,1788845266.1217759,8,66.64224866689266,AGX Orin,False,1788845264.2159567,0.4935264587402344,True,512,512,3537.395501996798,0.5712283972217611,128,True,open-loop,measure,1788845262.5838852,,,rate-1.2-4,etri-dev0005-jetagx,False,sweep,etri-dev0005-jetagx,1788845262.5843787,"{'cache_n': 0, 'prompt_n': 512, 'prompt_ms': 173.566, 'prompt_per_token_ms': 0.33899609375, 'prompt_per_second': 2949.886498507772, 'predicted_n': 128, 'predicted_ms': 1905.698, 'predicted_per_token_ms': 15.005496062992126, 'predicted_per_second': 66.64224866689266}",sweep-agx-a/sweep,ok,limit,128,639,1631.5769079956226,True
512,128,False,rate-1.2,1788845268.2418568,8,65.17386025287458,AGX Orin,False,1788845266.2930331,0.23508071899414062,True,512,512,3907.1231030029594,0.5712283972217611,128,True,open-loop,measure,1788845264.3344984,,,rate-1.2-5,etri-dev0005-jetagx,False,sweep,etri-dev0005-jetagx,1788845264.3347335,"{'cache_n': 0, 'prompt_n': 512, 'prompt_ms': 170.838, 'prompt_per_token_ms': 0.33366796875, 'prompt_per_second': 2996.9913017010267, 'predicted_n': 128, 'predicted_ms': 1948.634, 'predicted_per_token_ms': 15.343574803149606, 'predicted_per_second': 65.17386025287458}",sweep-agx-a/sweep,ok,limit,128,639,1958.3001990031335,True
512,128,False,i512-o128-c1,1788845186.6401203,1,256.9399064091333,RTX 5060 Ti,False,1788845186.1456513,1.5997886657714844,True,512,512,536.7244109947933,,128,True,wave,measure,1788845186.1017954,,,i512-o128-c1-0,etri-ser0001-CG0MSB,False,sweep,etri-ser0001-CG0MSB,1788845186.1033952,"{'cache_n': 0, 'prompt_n': 512, 'prompt_ms': 40.878, 'prompt_per_token_ms': 0.07983984375, 'prompt_per_second': 12525.074612260874, 'predicted_n': 128, 'predicted_ms': 494.279, 'predicted_per_token_ms': 3.8919606299212597, 'predicted_per_second': 256.9399064091333}",sweep-rtx5060ti-a/sweep,ok,limit,128,639,42.25556500023231,True
512,128,False,i512-o128-c2,1788845187.1733575,2,257.5458918388371,RTX 5060 Ti,False,1788845186.6802745,0.11682510375976562,True,512,512,532.930432993453,,128,True,wave,measure,1788845186.6403103,,,i512-o128-c2-0,etri-ser0001-CG0MSB,False,sweep,etri-ser0001-CG0MSB,1788845186.640427,"{'cache_n': 0, 'prompt_n': 512, 'prompt_ms': 38.614, 'prompt_per_token_ms': 0.07541796875, 'prompt_per_second': 13259.439581498938, 'predicted_n': 128, 'predicted_ms': 493.116, 'predicted_per_token_ms': 3.882803149606299, 'predicted_per_second': 257.5458918388371}",sweep-rtx5060ti-a/sweep,ok,limit,128,639,39.84729999501724,True
512,128,False,i512-o128-c2,1788845187.7040963,2,258.16313877590017,RTX 5060 Ti,False,1788845187.2120526,0.2167224884033203,True,512,512,1063.5690710041672,,128,True,wave,measure,1788845186.6403103,,,i512-o128-c2-1,etri-ser0001-CG0MSB,False,sweep,etri-ser0001-CG0MSB,1788845186.640527,"{'cache_n': 0, 'prompt_n': 512, 'prompt_ms': 38.661, 'prompt_per_token_ms': 0.075509765625, 'prompt_per_second': 13243.32014174491, 'predicted_n': 128, 'predicted_ms': 491.937, 'predicted_per_token_ms': 3.87351968503937, 'predicted_per_second': 258.16313877590017}",sweep-rtx5060ti-a/sweep,ok,limit,128,639,571.5251729998272,True
512,128,False,i512-o128-c4,1788845188.2392018,4,256.50969081493326,RTX 5060 Ti,False,1788845187.7440128,0.11086463928222656,True,512,512,534.843011002522,,128,True,wave,measure,1788845187.7042475,,,i512-o128-c4-0,etri-ser0001-CG0MSB,False,sweep,etri-ser0001-CG0MSB,1788845187.7043583,"{'cache_n': 0, 'prompt_n': 512, 'prompt_ms': 38.363, 'prompt_per_token_ms': 0.074927734375, 'prompt_per_second': 13346.192946328494, 'predicted_n': 128, 'predicted_ms': 495.108, 'predicted_per_token_ms': 3.898488188976378, 'predicted_per_second': 256.50969081493326}",sweep-rtx5060ti-a/sweep,ok,limit,128,639,39.654262000112794,True
512,128,False,i512-o128-c4,1788845188.7727053,4,256.79495630441727,RTX 5060 Ti,False,1788845188.277836,0.5440711975097656,True,512,512,1067.9138599953149,,128,True,wave,measure,1788845187.7042475,,,i512-o128-c4-2,etri-ser0001-CG0MSB,False,sweep,etri-ser0001-CG0MSB,1788845187.7047915,"{'cache_n': 0, 'prompt_n': 512, 'prompt_ms': 38.564, 'prompt_per_token_ms': 0.0753203125, 'prompt_per_second': 13276.631054869827, 'predicted_n': 128, 'predicted_ms': 494.558, 'predicted_per_token_ms': 3.8941574803149606, 'predicted_per_second': 256.79495630441727}",sweep-rtx5060ti-a/sweep,ok,limit,128,639,573.0446069937898,True
512,128,False,i512-o128-c4,1788845189.3107188,4,255.48282230063285,RTX 5060 Ti,False,1788845188.8135936,0.18143653869628906,True,512,512,1606.289943010779,,128,True,wave,measure,1788845187.7042475,,,i512-o128-c4-1,etri-ser0001-CG0MSB,False,sweep,etri-ser0001-CG0MSB,1788845187.704429,"{'cache_n': 0, 'prompt_n': 512, 'prompt_ms': 41.072, 'prompt_per_token_ms': 0.08021875, 'prompt_per_second': 12465.91351772497, 'predicted_n': 128, 'predicted_ms': 497.098, 'predicted_per_token_ms': 3.9141574803149606, 'predicted_per_second': 255.48282230063285}",sweep-rtx5060ti-a/sweep,ok,limit,128,639,1109.1649260051781,True
512,128,False,i512-o128-c4,1788845189.8431218,4,257.3428840639912,RTX 5060 Ti,False,1788845189.3493931,0.8044242858886719,True,512,512,2138.0695999978343,,128,True,wave,measure,1788845187.7042475,,,i512-o128-c4-3,etri-ser0001-CG0MSB,False,sweep,etri-ser0001-CG0MSB,1788845187.705052,"{'cache_n': 0, 'prompt_n': 512, 'prompt_ms': 38.528, 'prompt_per_token_ms': 0.07525, 'prompt_per_second': 13289.036544850498, 'predicted_n': 128, 'predicted_ms': 493.505, 'predicted_per_token_ms': 3.8858661417322833, 'predicted_per_second': 257.3428840639912}",sweep-rtx5060ti-a/sweep,ok,limit,128,639,1644.3411149957683,True
512,128,False,i512-o128-c8,1788845190.37807,8,257.10948207622994,RTX 5060 Ti,False,1788845189.8839867,0.09322166442871094,True,512,512,534.5652379910462,,128,True,wave,measure,1788845189.8434114,,,i512-o128-c8-0,etri-ser0001-CG0MSB,False,sweep,etri-ser0001-CG0MSB,1788845189.8435047,"{'cache_n': 0, 'prompt_n': 512, 'prompt_ms': 39.523, 'prompt_per_token_ms': 0.077193359375, 'prompt_per_second': 12954.482200237835, 'predicted_n': 128, 'predicted_ms': 493.953, 'predicted_per_token_ms': 3.8893937007874015, 'predicted_per_second': 257.10948207622994}",sweep-rtx5060ti-a/sweep,ok,limit,128,639,40.482210999471135,True
512,128,False,i512-o128-c8,1788845190.9128213,8,255.98439099902438,RTX 5060 Ti,False,1788845190.4164834,0.6983280181884766,True,512,512,1068.7115020118654,,128,True,wave,measure,1788845189.8434114,,,i512-o128-c8-3,etri-ser0001-CG0MSB,False,sweep,etri-ser0001-CG0MSB,1788845189.8441098,"{'cache_n': 0, 'prompt_n': 512, 'prompt_ms': 38.444, 'prompt_per_token_ms': 0.0750859375, 'prompt_per_second': 13318.073041306836, 'predicted_n': 128, 'predicted_ms': 496.124, 'predicted_per_token_ms': 3.906488188976378, 'predicted_per_second': 255.98439099902438}",sweep-rtx5060ti-a/sweep,ok,limit,128,639,572.3735180072254,True
512,128,False,i512-o128-c8,1788845191.4445305,8,257.52552442943903,RTX 5060 Ti,False,1788845190.9513133,0.3235340118408203,True,512,512,1600.795421996736,,128,True,wave,measure,1788845189.8434114,,,i512-o128-c8-1,etri-ser0001-CG0MSB,False,sweep,etri-ser0001-CG0MSB,1788845189.843735,"{'cache_n': 0, 'prompt_n': 512, 'prompt_ms': 38.598, 'prompt_per_token_ms': 0.07538671875, 'prompt_per_second': 13264.936007046997, 'predicted_n': 128, 'predicted_ms': 493.155, 'predicted_per_token_ms': 3.8831102362204724, 'predicted_per_second': 257.52552442943903}",sweep-rtx5060ti-a/sweep,ok,limit,128,639,1107.5783549895277,True
512,128,False,i512-o128-c8,1788845191.9756327,8,257.858596031008,RTX 5060 Ti,False,1788845191.4830267,0.5402565002441406,True,512,512,2131.6808549890993,,128,True,wave,measure,1788845189.8434114,,,i512-o128-c8-2,etri-ser0001-CG0MSB,False,sweep,etri-ser0001-CG0MSB,1788845189.8439517,"{'cache_n': 0, 'prompt_n': 512, 'prompt_ms': 38.465, 'prompt_per_token_ms': 0.075126953125, 'prompt_per_second': 13310.802027817495, 'predicted_n': 128, 'predicted_ms': 492.518, 'predicted_per_token_ms': 3.8780944881889763, 'predicted_per_second': 257.858596031008}",sweep-rtx5060ti-a/sweep,ok,limit,128,639,1639.074927996262,True
512,128,False,i512-o128-c8,1788845192.5068266,8,257.8360852767475,RTX 5060 Ti,False,1788845192.014015,1.7230510711669922,True,512,512,2661.6920289961854,,128,True,wave,measure,1788845189.8434114,,,i512-o128-c8-6,etri-ser0001-CG0MSB,False,sweep,etri-ser0001-CG0MSB,1788845189.8451345,"{'cache_n': 0, 'prompt_n': 512, 'prompt_ms': 38.336, 'prompt_per_token_ms': 0.074875, 'prompt_per_second': 13355.592654424041, 'predicted_n': 128, 'predicted_ms': 492.561, 'predicted_per_token_ms': 3.8784330708661416, 'predicted_per_second': 257.8360852767475}",sweep-rtx5060ti-a/sweep,ok,limit,128,639,2168.880345998332,True
512,128,False,i512-o128-c8,1788845193.03866,8,257.35383518006665,RTX 5060 Ti,False,1788845192.5449982,0.9372234344482422,True,512,512,3194.3111309956294,,128,True,wave,measure,1788845189.8434114,,,i512-o128-c8-4,etri-ser0001-CG0MSB,False,sweep,etri-ser0001-CG0MSB,1788845189.8443487,"{'cache_n': 0, 'prompt_n': 512, 'prompt_ms': 38.303, 'prompt_per_token_ms': 0.074810546875, 'prompt_per_second': 13367.099182831633, 'predicted_n': 128, 'predicted_ms': 493.484, 'predicted_per_token_ms': 3.8857007874015745, 'predicted_per_second': 257.35383518006665}",sweep-rtx5060ti-a/sweep,ok,limit,128,639,2700.649242004147,True
512,128,False,i512-o128-c8,1788845193.5702229,8,257.776947839748,RTX 5060 Ti,False,1788845193.0772567,1.4240741729736328,True,512,512,3725.3873830049997,,128,True,wave,measure,1788845189.8434114,,,i512-o128-c8-5,etri-ser0001-CG0MSB,False,sweep,etri-ser0001-CG0MSB,1788845189.8448355,"{'cache_n': 0, 'prompt_n': 512, 'prompt_ms': 38.662, 'prompt_per_token_ms': 0.07551171875, 'prompt_per_second': 13242.977600744918, 'predicted_n': 128, 'predicted_ms': 492.674, 'predicted_per_token_ms': 3.879322834645669, 'predicted_per_second': 257.776947839748}",sweep-rtx5060ti-a/sweep,ok,limit,128,639,3232.421032997081,True
512,128,False,i512-o128-c8,1788845194.1014566,8,257.6075359332086,RTX 5060 Ti,False,1788845193.6084325,2.1402835845947266,True,512,512,4255.904734993237,,128,True,wave,measure,1788845189.8434114,,,i512-o128-c8-7,etri-ser0001-CG0MSB,False,sweep,etri-ser0001-CG0MSB,1788845189.8455517,"{'cache_n': 0, 'prompt_n': 512, 'prompt_ms': 38.299, 'prompt_per_token_ms': 0.074802734375, 'prompt_per_second': 13368.495260972872, 'predicted_n': 128, 'predicted_ms': 492.998, 'predicted_per_token_ms': 3.8818740157480316, 'predicted_per_second': 257.6075359332086}",sweep-rtx5060ti-a/sweep,ok,limit,128,639,3762.881065995316,True
128,128,False,i128-o128-c1,1788845194.6222796,1,252.98703989227133,RTX 5060 Ti,False,1788845194.120062,0.13136863708496094,True,128,128,512.7496189961676,,128,True,wave,measure,1788845194.1093986,,,i128-o128-c1-0,etri-ser0001-CG0MSB,False,sweep,etri-ser0001-CG0MSB,1788845194.10953,"{'cache_n': 0, 'prompt_n': 128, 'prompt_ms': 9.982, 'prompt_per_token_ms': 0.077984375, 'prompt_per_second': 12823.081546784213, 'predicted_n': 128, 'predicted_ms': 502.002, 'predicted_per_token_ms': 3.9527716535433073, 'predicted_per_second': 252.98703989227133}",sweep-rtx5060ti-a/sweep,ok,limit,128,255,10.53234699065797,True
2048,128,False,i2048-o128-c1,1788845195.4211159,1,244.5289063974153,RTX 5060 Ti,False,1788845194.9016042,0.1926422119140625,True,2048,2048,741.1778340028832,,128,True,wave,measure,1788845194.6797452,,,i2048-o128-c1-0,etri-ser0001-CG0MSB,False,sweep,etri-ser0001-CG0MSB,1788845194.6799378,"{'cache_n': 0, 'prompt_n': 2048, 'prompt_ms': 220.654, 'prompt_per_token_ms': 0.1077412109375, 'prompt_per_second': 9281.499542269798, 'predicted_n': 128, 'predicted_ms': 519.366, 'predicted_per_token_ms': 4.089496062992126, 'predicted_per_second': 244.5289063974153}",sweep-rtx5060ti-a/sweep,ok,limit,128,2175,221.66604800440837,True
512,64,False,i512-o64-c1,1788845195.7270896,1,255.33881028326397,RTX 5060 Ti,False,1788845195.4803152,0.1552104949951172,True,512,512,286.54955500678625,,64,True,wave,measure,1788845195.4403846,,,i512-o64-c1-0,etri-ser0001-CG0MSB,False,sweep,etri-ser0001-CG0MSB,1788845195.4405398,"{'cache_n': 0, 'prompt_n': 512, 'prompt_ms': 38.937, 'prompt_per_token_ms': 0.076048828125, 'prompt_per_second': 13149.446541849655, 'predicted_n': 64, 'predicted_ms': 246.731, 'predicted_per_token_ms': 3.9163650793650793, 'predicted_per_second': 255.33881028326397}",sweep-rtx5060ti-a/sweep,ok,limit,64,575,39.774984994437546,True
512,256,False,i512-o256-c1,1788845196.779178,1,257.12799125563157,RTX 5060 Ti,False,1788845195.7873387,0.11491775512695312,True,512,512,1031.296373999794,,256,True,wave,measure,1788845195.7477663,,,i512-o256-c1-0,etri-ser0001-CG0MSB,False,sweep,etri-ser0001-CG0MSB,1788845195.7478812,"{'cache_n': 0, 'prompt_n': 512, 'prompt_ms': 38.752, 'prompt_per_token_ms': 0.0756875, 'prompt_per_second': 13212.221304706853, 'predicted_n': 256, 'predicted_ms': 991.724, 'predicted_per_token_ms': 3.8891137254901964, 'predicted_per_second': 257.12799125563157}",sweep-rtx5060ti-a/sweep,ok,limit,256,767,39.457192993722856,True
128,64,False,i128-o64-c4,1788845197.0466194,4,252.8769773574757,RTX 5060 Ti,False,1788845196.7971644,0.10561943054199219,True,128,128,260.30034699942917,,64,True,wave,measure,1788845196.7862132,,,i128-o64-c4-0,etri-ser0001-CG0MSB,False,sweep,etri-ser0001-CG0MSB,1788845196.7863188,"{'cache_n': 0, 'prompt_n': 128, 'prompt_ms': 9.802, 'prompt_per_token_ms': 0.076578125, 'prompt_per_second': 13058.559477657622, 'predicted_n': 64, 'predicted_ms': 249.133, 'predicted_per_token_ms': 3.9544920634920637, 'predicted_per_second': 252.8769773574757}",sweep-rtx5060ti-a/sweep,ok,limit,64,191,10.845570999663323,True
128,64,False,i128-o64-c4,1788845197.3063514,4,252.13514443741843,RTX 5060 Ti,False,1788845197.0562775,0.629425048828125,True,128,128,519.5084330043755,,64,True,wave,measure,1788845196.7862132,,,i128-o64-c4-3,etri-ser0001-CG0MSB,False,sweep,etri-ser0001-CG0MSB,1788845196.7868426,"{'cache_n': 0, 'prompt_n': 128, 'prompt_ms': 9.849, 'prompt_per_token_ms': 0.0769453125, 'prompt_per_second': 12996.243273428774, 'predicted_n': 64, 'predicted_ms': 249.866, 'predicted_per_token_ms': 3.9661269841269844, 'predicted_per_second': 252.13514443741843}",sweep-rtx5060ti-a/sweep,ok,limit,64,191,269.4346589996712,True
128,64,False,i128-o64-c4,1788845197.5639548,4,254.29372943954468,RTX 5060 Ti,False,1788845197.3160152,0.4582405090332031,True,128,128,777.2835039941128,,64,True,wave,measure,1788845196.7862132,,,i128-o64-c4-2,etri-ser0001-CG0MSB,False,sweep,etri-ser0001-CG0MSB,1788845196.7866714,"{'cache_n': 0, 'prompt_n': 128, 'prompt_ms': 9.767, 'prompt_per_token_ms': 0.0763046875, 'prompt_per_second': 13105.35476604894, 'predicted_n': 64, 'predicted_ms': 247.745, 'predicted_per_token_ms': 3.9324603174603174, 'predicted_per_second': 254.29372943954468}",sweep-rtx5060ti-a/sweep,ok,limit,64,191,529.3441419926239,True
128,64,False,i128-o64-c4,1788845197.822205,4,253.6129785435369,RTX 5060 Ti,False,1788845197.5736566,0.2911090850830078,True,128,128,1035.700968990568,,64,True,wave,measure,1788845196.7862132,,,i128-o64-c4-1,etri-ser0001-CG0MSB,False,sweep,etri-ser0001-CG0MSB,1788845196.7865043,"{'cache_n': 0, 'prompt_n': 128, 'prompt_ms': 9.751, 'prompt_per_token_ms': 0.0761796875, 'prompt_per_second': 13126.858783714491, 'predicted_n': 64, 'predicted_ms': 248.41, 'predicted_per_token_ms': 3.943015873015873, 'predicted_per_second': 253.6129785435369}",sweep-rtx5060ti-a/sweep,ok,limit,64,191,787.1524740039604,True
2048,256,False,i2048-o256-c1,1788845199.1851494,1,244.76373580490315,RTX 5060 Ti,False,1788845198.1432095,0.28896331787109375,True,2048,2048,1262.0711079944158,,256,True,wave,measure,1788845197.9227881,,,i2048-o256-c1-0,etri-ser0001-CG0MSB,False,sweep,etri-ser0001-CG0MSB,1788845197.923077,"{'cache_n': 0, 'prompt_n': 2048, 'prompt_ms': 217.318, 'prompt_per_token_ms': 0.1061123046875, 'prompt_per_second': 9423.97776530246, 'predicted_n': 256, 'predicted_ms': 1041.821, 'predicted_per_token_ms': 4.0855725490196075, 'predicted_per_second': 244.76373580490315}",sweep-rtx5060ti-a/sweep,ok,limit,256,2303,220.13130299455952,True
512,128,False,rate-0.5,1788845199.7182221,8,257.331412465782,RTX 5060 Ti,False,1788845199.2245698,0.11444091796875,True,512,512,532.7853679918917,0.9315767827166155,128,True,open-loop,measure,1788845199.1853223,,,rate-0.5-0,etri-ser0001-CG0MSB,False,sweep,etri-ser0001-CG0MSB,1788845199.1854367,"{'cache_n': 0, 'prompt_n': 512, 'prompt_ms': 38.478, 'prompt_per_token_ms': 0.07515234375, 'prompt_per_second': 13306.304901502157, 'predicted_n': 128, 'predicted_ms': 493.527, 'predicted_per_token_ms': 3.88603937007874, 'predicted_per_second': 257.331412465782}",sweep-rtx5060ti-a/sweep,ok,limit,128,639,39.133137004682794,True
512,128,False,rate-0.5,1788845200.8007655,8,256.3569457593111,RTX 5060 Ti,False,1788845200.3053167,0.22673606872558594,True,512,512,541.766321999603,0.9315767827166155,128,True,open-loop,measure,1788845200.2587712,,,rate-0.5-1,etri-ser0001-CG0MSB,False,sweep,etri-ser0001-CG0MSB,1788845200.258998,"{'cache_n': 0, 'prompt_n': 512, 'prompt_ms': 43.836, 'prompt_per_token_ms': 0.0856171875, 'prompt_per_second': 11679.897800894243, 'predicted_n': 128, 'predicted_ms': 495.403, 'predicted_per_token_ms': 3.9008110236220475, 'predicted_per_second': 256.3569457593111}",sweep-rtx5060ti-a/sweep,ok,limit,128,639,46.31760700431187,True
512,128,False,rate-0.5,1788845201.8682656,8,256.2943469942929,RTX 5060 Ti,False,1788845201.372733,0.1513957977294922,True,512,512,535.8943569881376,0.9315767827166155,128,True,open-loop,measure,1788845201.3322198,,,rate-0.5-2,etri-ser0001-CG0MSB,False,sweep,etri-ser0001-CG0MSB,1788845201.3323712,"{'cache_n': 0, 'prompt_n': 512, 'prompt_ms': 39.676, 'prompt_per_token_ms': 0.0774921875, 'prompt_per_second': 12904.526665994556, 'predicted_n': 128, 'predicted_ms': 495.524, 'predicted_per_token_ms': 3.9017637795275593, 'predicted_per_second': 256.2943469942929}",sweep-rtx5060ti-a/sweep,ok,limit,128,639,40.36179599643219,True
512,128,False,rate-0.5,1788845202.950347,8,255.54656782849807,RTX 5060 Ti,False,1788845202.4533415,0.31304359436035156,True,512,512,544.3638400029158,0.9315767827166155,128,True,open-loop,measure,1788845202.4056687,,,rate-0.5-3,etri-ser0001-CG0MSB,False,sweep,etri-ser0001-CG0MSB,1788845202.4059818,"{'cache_n': 0, 'prompt_n': 512, 'prompt_ms': 45.348, 'prompt_per_token_ms': 0.0885703125, 'prompt_per_second': 11290.46484960748, 'predicted_n': 128, 'predicted_ms': 496.974, 'predicted_per_token_ms': 3.9131811023622047, 'predicted_per_second': 255.54656782849807}",sweep-rtx5060ti-a/sweep,ok,limit,128,639,47.35855900798924,True
512,128,False,rate-0.5,1788845204.0184083,8,256.8816988982405,RTX 5060 Ti,False,1788845203.5238972,0.28395652770996094,True,512,512,539.0051629947266,0.9315767827166155,128,True,open-loop,measure,1788845203.4791176,,,rate-0.5-4,etri-ser0001-CG0MSB,False,sweep,etri-ser0001-CG0MSB,1788845203.4794016,"{'cache_n': 0, 'prompt_n': 512, 'prompt_ms': 42.251, 'prompt_per_token_ms': 0.082521484375, 'prompt_per_second': 12118.05637736385, 'predicted_n': 128, 'predicted_ms': 494.391, 'predicted_per_token_ms': 3.8928425196850394, 'predicted_per_second': 256.8816988982405}",sweep-rtx5060ti-a/sweep,ok,limit,128,639,44.49423999176361,True
512,128,False,rate-0.5,1788845205.0904524,8,255.533199195171,RTX 5060 Ti,False,1788845204.5933824,0.15807151794433594,True,512,512,537.7276179933688,0.9315767827166155,128,True,open-loop,measure,1788845204.5525663,,,rate-0.5-5,etri-ser0001-CG0MSB,False,sweep,etri-ser0001-CG0MSB,1788845204.5527244,"{'cache_n': 0, 'prompt_n': 512, 'prompt_ms': 39.812, 'prompt_per_token_ms': 0.0777578125, 'prompt_per_second': 12860.444087209888, 'predicted_n': 128, 'predicted_ms': 497.0, 'predicted_per_token_ms': 3.9133858267716537, 'predicted_per_second': 255.533199195171}",sweep-rtx5060ti-a/sweep,ok,limit,128,639,40.65751700545661,True
512,128,False,rate-0.5,1788845206.1672354,8,255.82814794521653,RTX 5060 Ti,False,1788845205.6706636,0.27298927307128906,True,512,512,540.9455789922504,0.9315767827166155,128,True,open-loop,measure,1788845205.6260152,,,rate-0.5-6,etri-ser0001-CG0MSB,False,sweep,etri-ser0001-CG0MSB,1788845205.6262882,"{'cache_n': 0, 'prompt_n': 512, 'prompt_ms': 42.221, 'prompt_per_token_ms': 0.082462890625, 'prompt_per_second': 12126.666824565975, 'predicted_n': 128, 'predicted_ms': 496.427, 'predicted_per_token_ms': 3.9088740157480317, 'predicted_per_second': 255.82814794521653}",sweep-rtx5060ti-a/sweep,ok,limit,128,639,44.37409600359388,True
512,128,False,rate-0.5,1788845207.2404792,8,256.23436365103703,RTX 5060 Ti,False,1788845206.7448287,0.2429485321044922,True,512,512,540.7716799963964,0.9315767827166155,128,True,open-loop,measure,1788845206.699464,,,rate-0.5-7,etri-ser0001-CG0MSB,False,sweep,etri-ser0001-CG0MSB,1788845206.699707,"{'cache_n': 0, 'prompt_n': 512, 'prompt_ms': 43.806, 'prompt_per_token_ms': 0.08555859375, 'prompt_per_second': 11687.896635164134, 'predicted_n': 128, 'predicted_ms': 495.64, 'predicted_per_token_ms': 3.9026771653543304, 'predicted_per_second': 256.23436365103703}",sweep-rtx5060ti-a/sweep,ok,limit,128,639,45.12107899063267,True
512,128,False,rate-0.5,1788845208.3097687,8,255.83897052009846,RTX 5060 Ti,False,1788845207.813299,0.12946128845214844,True,512,512,536.726282996824,0.9315767827166155,128,True,open-loop,measure,1788845207.772913,,,rate-0.5-8,etri-ser0001-CG0MSB,False,sweep,etri-ser0001-CG0MSB,1788845207.7730424,"{'cache_n': 0, 'prompt_n': 512, 'prompt_ms': 39.515, 'prompt_per_token_ms': 0.077177734375, 'prompt_per_second': 12957.104896874604, 'predicted_n': 128, 'predicted_ms': 496.406, 'predicted_per_token_ms': 3.908708661417323, 'predicted_per_second': 255.83897052009846}",sweep-rtx5060ti-a/sweep,ok,limit,128,639,40.256556996610016,True
512,128,False,rate-0.5,1788845209.3895378,8,256.58898283682356,RTX 5060 Ti,False,1788845208.8946211,0.3476142883300781,True,512,512,542.8268309915438,0.9315767827166155,128,True,open-loop,measure,1788845208.8463616,,,rate-0.5-9,etri-ser0001-CG0MSB,False,sweep,etri-ser0001-CG0MSB,1788845208.8467093,"{'cache_n': 0, 'prompt_n': 512, 'prompt_ms': 45.29, 'prompt_per_token_ms': 0.08845703125, 'prompt_per_second': 11304.923824243762, 'predicted_n': 128, 'predicted_ms': 494.955, 'predicted_per_token_ms': 3.897283464566929, 'predicted_per_second': 256.58898283682356}",sweep-rtx5060ti-a/sweep,ok,limit,128,639,47.91032300272491,True
512,128,False,rate-1.2,1788845209.9267428,8,255.32308422244068,RTX 5060 Ti,False,1788845209.4292598,0.12183189392089844,True,512,512,536.920171987731,2.235784278519877,128,True,open-loop,measure,1788845209.3897007,,,rate-1.2-0,etri-ser0001-CG0MSB,False,sweep,etri-ser0001-CG0MSB,1788845209.3898225,"{'cache_n': 0, 'prompt_n': 512, 'prompt_ms': 38.696, 'prompt_per_token_ms': 0.075578125, 'prompt_per_second': 13231.341740748398, 'predicted_n': 128, 'predicted_ms': 497.409, 'predicted_per_token_ms': 3.9166062992125985, 'predicted_per_second': 255.32308422244068}",sweep-rtx5060ti-a/sweep,ok,limit,128,639,39.43723799602594,True
512,128,False,rate-1.2,1788845210.463503,8,255.23995570481398,RTX 5060 Ti,False,1788845209.9657614,0.2396106719970703,True,512,512,626.2921010056743,2.235784278519877,128,True,open-loop,measure,1788845209.836971,,,rate-1.2-1,etri-ser0001-CG0MSB,False,sweep,etri-ser0001-CG0MSB,1788845209.8372107,"{'cache_n': 0, 'prompt_n': 512, 'prompt_ms': 38.874, 'prompt_per_token_ms': 0.07592578125, 'prompt_per_second': 13170.756804033543, 'predicted_n': 128, 'predicted_ms': 497.571, 'predicted_per_token_ms': 3.91788188976378, 'predicted_per_second': 255.23995570481398}",sweep-rtx5060ti-a/sweep,ok,limit,128,639,128.55083800968714,True
512,128,False,rate-1.2,1788845211.0010827,8,254.7458959834395,RTX 5060 Ti,False,1788845210.5025449,0.1068115234375,True,512,512,716.7341540043708,2.235784278519877,128,True,open-loop,measure,1788845210.2842414,,,rate-1.2-2,etri-ser0001-CG0MSB,False,sweep,etri-ser0001-CG0MSB,1788845210.2843482,"{'cache_n': 0, 'prompt_n': 512, 'prompt_ms': 39.066, 'prompt_per_token_ms': 0.07630078125, 'prompt_per_second': 13106.02570009727, 'predicted_n': 128, 'predicted_ms': 498.536, 'predicted_per_token_ms': 3.92548031496063, 'predicted_per_second': 254.7458959834395}",sweep-rtx5060ti-a/sweep,ok,limit,128,639,218.19649799726903,True
512,128,False,rate-1.2,1788845211.5344512,8,256.94978351474936,RTX 5060 Ti,False,1788845211.0399725,0.09989738464355469,True,512,512,802.8392879932653,2.235784278519877,128,True,open-loop,measure,1788845210.7315116,,,rate-1.2-3,etri-ser0001-CG0MSB,False,sweep,etri-ser0001-CG0MSB,1788845210.7316115,"{'cache_n': 0, 'prompt_n': 512, 'prompt_ms': 38.81, 'prompt_per_token_ms': 0.07580078125, 'prompt_per_second': 13192.476165936614, 'predicted_n': 128, 'predicted_ms': 494.26, 'predicted_per_token_ms': 3.891811023622047, 'predicted_per_second': 256.94978351474936}",sweep-rtx5060ti-a/sweep,ok,limit,128,639,308.3610169996973,True
512,128,False,rate-1.2,1788845212.0662425,8,257.4383465566101,RTX 5060 Ti,False,1788845211.5728116,0.1456737518310547,True,512,512,887.3147930135019,2.235784278519877,128,True,open-loop,measure,1788845211.178782,,,rate-1.2-4,etri-ser0001-CG0MSB,False,sweep,etri-ser0001-CG0MSB,1788845211.1789277,"{'cache_n': 0, 'prompt_n': 512, 'prompt_ms': 38.532, 'prompt_per_token_ms': 0.0752578125, 'prompt_per_second': 13287.65701235337, 'predicted_n': 128, 'predicted_ms': 493.322, 'predicted_per_token_ms': 3.8844251968503936, 'predicted_per_second': 257.4383465566101}",sweep-rtx5060ti-a/sweep,ok,limit,128,639,393.8837090099696,True
512,128,False,rate-1.2,1788845212.6003528,8,256.4874149501869,RTX 5060 Ti,False,1788845212.1049962,0.1266002655029297,True,512,512,974.1732379916357,2.235784278519877,128,True,open-loop,measure,1788845211.6260524,,,rate-1.2-5,etri-ser0001-CG0MSB,False,sweep,etri-ser0001-CG0MSB,1788845211.626179,"{'cache_n': 0, 'prompt_n': 512, 'prompt_ms': 38.666, 'prompt_per_token_ms': 0.07551953125, 'prompt_per_second': 13241.60761392438, 'predicted_n': 128, 'predicted_ms': 495.151, 'predicted_per_token_ms': 3.8988267716535434, 'predicted_per_second': 256.4874149501869}",sweep-rtx5060ti-a/sweep,ok,limit,128,639,478.81680699356366,True
512,128,False,rate-1.2,1788845213.1339877,8,256.70204573338964,RTX 5060 Ti,False,1788845212.638997,0.09274482727050781,True,512,512,1060.572257003514,2.235784278519877,128,True,open-loop,measure,1788845212.0733228,,,rate-1.2-6,etri-ser0001-CG0MSB,False,sweep,etri-ser0001-CG0MSB,1788845212.0734155,"{'cache_n': 0, 'prompt_n': 512, 'prompt_ms': 38.748, 'prompt_per_token_ms': 0.0756796875, 'prompt_per_second': 13213.58521730154, 'predicted_n': 128, 'predicted_ms': 494.737, 'predicted_per_token_ms': 3.8955669291338584, 'predicted_per_second': 256.70204573338964}",sweep-rtx5060ti-a/sweep,ok,limit,128,639,565.5816410144325,True
512,128,False,rate-1.2,1788845213.6683893,8,256.1067339938333,RTX 5060 Ti,False,1788845213.172461,0.19097328186035156,True,512,512,1147.6050289929844,2.235784278519877,128,True,open-loop,measure,1788845212.5205932,,,rate-1.2-7,etri-ser0001-CG0MSB,False,sweep,etri-ser0001-CG0MSB,1788845212.5207841,"{'cache_n': 0, 'prompt_n': 512, 'prompt_ms': 38.604, 'prompt_per_token_ms': 0.0753984375, 'prompt_per_second': 13262.874313542638, 'predicted_n': 128, 'predicted_ms': 495.887, 'predicted_per_token_ms': 3.9046220472440947, 'predicted_per_second': 256.1067339938333}",sweep-rtx5060ti-a/sweep,ok,limit,128,639,651.6768019937444,True
512,128,False,rate-1.2,1788845214.2023594,8,256.494667132531,RTX 5060 Ti,False,1788845213.7072444,0.10061264038085938,True,512,512,1234.3953540112125,2.235784278519877,128,True,open-loop,measure,1788845212.9678633,,,rate-1.2-8,etri-ser0001-CG0MSB,False,sweep,etri-ser0001-CG0MSB,1788845212.967964,"{'cache_n': 0, 'prompt_n': 512, 'prompt_ms': 38.73, 'prompt_per_token_ms': 0.07564453125, 'prompt_per_second': 13219.726310353732, 'predicted_n': 128, 'predicted_ms': 495.137, 'predicted_per_token_ms': 3.898716535433071, 'predicted_per_second': 256.494667132531}",sweep-rtx5060ti-a/sweep,ok,limit,128,639,739.2801180103561,True
512,128,False,rate-1.2,1788845214.734779,8,257.3887806865187,RTX 5060 Ti,False,1788845214.241164,0.10752677917480469,True,512,512,1319.5374189963331,2.235784278519877,128,True,open-loop,measure,1788845213.4151337,,,rate-1.2-9,etri-ser0001-CG0MSB,False,sweep,etri-ser0001-CG0MSB,1788845213.4152412,"{'cache_n': 0, 'prompt_n': 512, 'prompt_ms': 38.685, 'prompt_per_token_ms': 0.075556640625, 'prompt_per_second': 13235.10404549567, 'predicted_n': 128, 'predicted_ms': 493.417, 'predicted_per_token_ms': 3.8851732283464564, 'predicted_per_second': 257.3887806865187}",sweep-rtx5060ti-a/sweep,ok,limit,128,639,825.9227849921444,True
512,128,False,rate-1.2,1788845215.2673802,8,257.1074000368453,RTX 5060 Ti,False,1788845214.7730038,0.11086463928222656,True,512,512,1404.8652900091838,2.235784278519877,128,True,open-loop,measure,1788845213.862404,,,rate-1.2-10,etri-ser0001-CG0MSB,False,sweep,etri-ser0001-CG0MSB,1788845213.862515,"{'cache_n': 0, 'prompt_n': 512, 'prompt_ms': 38.417, 'prompt_per_token_ms': 0.075033203125, 'prompt_per_second': 13327.43316760809, 'predicted_n': 128, 'predicted_ms': 493.957, 'predicted_per_token_ms': 3.8894251968503935, 'predicted_per_second': 257.1074000368453}",sweep-rtx5060ti-a/sweep,ok,limit,128,639,910.4886390123283,True
512,128,False,rate-1.2,1788845215.7995803,8,257.2151898734177,RTX 5060 Ti,False,1788845215.3058162,0.10466575622558594,True,512,512,1489.8010350007098,2.235784278519877,128,True,open-loop,measure,1788845214.3096745,,,rate-1.2-11,etri-ser0001-CG0MSB,False,sweep,etri-ser0001-CG0MSB,1788845214.3097792,"{'cache_n': 0, 'prompt_n': 512, 'prompt_ms': 38.642, 'prompt_per_token_ms': 0.07547265625, 'prompt_per_second': 13249.831789244861, 'predicted_n': 128, 'predicted_ms': 493.75, 'predicted_per_token_ms': 3.8877952755905514, 'predicted_per_second': 257.2151898734177}",sweep-rtx5060ti-a/sweep,ok,limit,128,639,996.0367390012834,True
512,128,False,rate-1.2,1788845216.33364,8,256.58172532017153,RTX 5060 Ti,False,1788845215.8384655,0.10395050048828125,True,512,512,1576.5917190001346,2.235784278519877,128,True,open-loop,measure,1788845214.7569447,,,rate-1.2-12,etri-ser0001-CG0MSB,False,sweep,etri-ser0001-CG0MSB,1788845214.7570486,"{'cache_n': 0, 'prompt_n': 512, 'prompt_ms': 38.762, 'prompt_per_token_ms': 0.07570703125, 'prompt_per_second': 13208.812754759816, 'predicted_n': 128, 'predicted_ms': 494.969, 'predicted_per_token_ms': 3.8973937007874015, 'predicted_per_second': 256.58172532017153}",sweep-rtx5060ti-a/sweep,ok,limit,128,639,1081.4169630029937,True
512,128,False,rate-1.2,1788845216.8658054,8,257.37417544001863,RTX 5060 Ti,False,1788845216.37215,0.20241737365722656,True,512,512,1661.3875499897404,2.235784278519877,128,True,open-loop,measure,1788845215.204215,,,rate-1.2-13,etri-ser0001-CG0MSB,False,sweep,etri-ser0001-CG0MSB,1788845215.2044175,"{'cache_n': 0, 'prompt_n': 512, 'prompt_ms': 38.61, 'prompt_per_token_ms': 0.07541015625, 'prompt_per_second': 13260.813260813262, 'predicted_n': 128, 'predicted_ms': 493.445, 'predicted_per_token_ms': 3.8853937007874015, 'predicted_per_second': 257.37417544001863}",sweep-rtx5060ti-a/sweep,ok,limit,128,639,1167.732421992696,True
512,128,False,rate-1.2,1788845217.3972926,8,257.65718609949624,RTX 5060 Ti,False,1788845216.9043415,0.10514259338378906,True,512,512,1745.7019339926774,2.235784278519877,128,True,open-loop,measure,1788845215.6514854,,,rate-1.2-14,etri-ser0001-CG0MSB,False,sweep,etri-ser0001-CG0MSB,1788845215.6515906,"{'cache_n': 0, 'prompt_n': 512, 'prompt_ms': 38.62, 'prompt_per_token_ms': 0.0754296875, 'prompt_per_second': 13257.379596064216, 'predicted_n': 128, 'predicted_ms': 492.903, 'predicted_per_token_ms': 3.8811259842519688, 'predicted_per_second': 257.65718609949624}",sweep-rtx5060ti-a/sweep,ok,limit,128,639,1252.7509499923326,True
512,128,False,rate-1.2,1788845217.932994,8,255.55582385563307,RTX 5060 Ti,False,1788845217.4360414,0.11396408081054688,True,512,512,1834.1236550040776,2.235784278519877,128,True,open-loop,measure,1788845216.0987558,,,rate-1.2-15,etri-ser0001-CG0MSB,False,sweep,etri-ser0001-CG0MSB,1788845216.0988698,"{'cache_n': 0, 'prompt_n': 512, 'prompt_ms': 38.632, 'prompt_per_token_ms': 0.075453125, 'prompt_per_second': 13253.2615448333, 'predicted_n': 128, 'predicted_ms': 496.956, 'predicted_per_token_ms': 3.9130393700787405, 'predicted_per_second': 255.55582385563307}",sweep-rtx5060ti-a/sweep,ok,limit,128,639,1337.171566003235,True
512,128,False,rate-1.2,1788845218.4655688,8,257.2579142257549,RTX 5060 Ti,False,1788845217.9717312,0.1385211944580078,True,512,512,1919.40391199023,2.235784278519877,128,True,open-loop,measure,1788845216.5460262,,,rate-1.2-16,etri-ser0001-CG0MSB,False,sweep,etri-ser0001-CG0MSB,1788845216.5461648,"{'cache_n': 0, 'prompt_n': 512, 'prompt_ms': 38.619, 'prompt_per_token_ms': 0.075427734375, 'prompt_per_second': 13257.722882518967, 'predicted_n': 128, 'predicted_ms': 493.668, 'predicted_per_token_ms': 3.8871496062992126, 'predicted_per_second': 257.2579142257549}",sweep-rtx5060ti-a/sweep,ok,limit,128,639,1425.5664499942213,True
512,128,False,rate-1.2,1788845218.99787,8,257.356964241567,RTX 5060 Ti,False,1788845218.504357,0.152587890625,True,512,512,2004.4208370090928,2.235784278519877,128,True,open-loop,measure,1788845216.9932964,,,rate-1.2-17,etri-ser0001-CG0MSB,False,sweep,etri-ser0001-CG0MSB,1788845216.993449,"{'cache_n': 0, 'prompt_n': 512, 'prompt_ms': 38.849, 'prompt_per_token_ms': 0.075876953125, 'prompt_per_second': 13179.232412674715, 'predicted_n': 128, 'predicted_ms': 493.478, 'predicted_per_token_ms': 3.885653543307087, 'predicted_per_second': 257.356964241567}",sweep-rtx5060ti-a/sweep,ok,limit,128,639,1510.9080350084696,True
512,128,False,rate-1.2,1788845219.5318272,8,256.70412121285625,RTX 5060 Ti,False,1788845219.0368683,0.10657310485839844,True,512,512,2091.153788001975,2.235784278519877,128,True,open-loop,measure,1788845217.4405668,,,rate-1.2-18,etri-ser0001-CG0MSB,False,sweep,etri-ser0001-CG0MSB,1788845217.4406734,"{'cache_n': 0, 'prompt_n': 512, 'prompt_ms': 38.86, 'prompt_per_token_ms': 0.0758984375, 'prompt_per_second': 13175.501801338138, 'predicted_n': 128, 'predicted_ms': 494.733, 'predicted_per_token_ms': 3.895535433070866, 'predicted_per_second': 256.70412121285625}",sweep-rtx5060ti-a/sweep,ok,limit,128,639,1596.1951460049022,True
512,128,False,rate-1.2,1788845220.064564,8,257.13863416866275,RTX 5060 Ti,False,1788845219.5703478,0.2110004425048828,True,512,512,2176.5155979956035,2.235784278519877,128,True,open-loop,measure,1788845217.8878372,,,rate-1.2-19,etri-ser0001-CG0MSB,False,sweep,etri-ser0001-CG0MSB,1788845217.8880482,"{'cache_n': 0, 'prompt_n': 512, 'prompt_ms': 38.693, 'prompt_per_token_ms': 0.075572265625, 'prompt_per_second': 13232.367611712714, 'predicted_n': 128, 'predicted_ms': 493.897, 'predicted_per_token_ms': 3.8889527559055117, 'predicted_per_second': 257.13863416866275}",sweep-rtx5060ti-a/sweep,ok,limit,128,639,1682.2994469985133,True
512,128,False,rate-1.2,1788845220.5973895,8,257.06992909323134,RTX 5060 Ti,False,1788845220.1030626,0.0762939453125,True,512,512,2262.205620005261,2.235784278519877,128,True,open-loop,measure,1788845218.3351076,,,rate-1.2-20,etri-ser0001-CG0MSB,False,sweep,etri-ser0001-CG0MSB,1788845218.3351839,"{'cache_n': 0, 'prompt_n': 512, 'prompt_ms': 38.68, 'prompt_per_token_ms': 0.075546875, 'prompt_per_second': 13236.814891416752, 'predicted_n': 128, 'predicted_ms': 494.029, 'predicted_per_token_ms': 3.889992125984252, 'predicted_per_second': 257.06992909323134}",sweep-rtx5060ti-a/sweep,ok,limit,128,639,1767.878415004816,True
512,128,False,rate-1.2,1788845221.1306744,8,256.7664012065999,RTX 5060 Ti,False,1788845220.63606,0.14162063598632812,True,512,512,2348.154698003782,2.235784278519877,128,True,open-loop,measure,1788845218.782378,,,rate-1.2-21,etri-ser0001-CG0MSB,False,sweep,etri-ser0001-CG0MSB,1788845218.7825196,"{'cache_n': 0, 'prompt_n': 512, 'prompt_ms': 38.807, 'prompt_per_token_ms': 0.075794921875, 'prompt_per_second': 13193.4960187595, 'predicted_n': 128, 'predicted_ms': 494.613, 'predicted_per_token_ms': 3.8945905511811025, 'predicted_per_second': 256.7664012065999}",sweep-rtx5060ti-a/sweep,ok,limit,128,639,1853.5401690023718,True
512,128,False,rate-1.2,1788845221.6633687,8,257.19435387512914,RTX 5060 Ti,False,1788845221.1694455,0.12612342834472656,True,512,512,2433.5940350138117,2.235784278519877,128,True,open-loop,measure,1788845219.229648,,,rate-1.2-22,etri-ser0001-CG0MSB,False,sweep,etri-ser0001-CG0MSB,1788845219.2297742,"{'cache_n': 0, 'prompt_n': 512, 'prompt_ms': 38.699, 'prompt_per_token_ms': 0.075583984375, 'prompt_per_second': 13230.316028837955, 'predicted_n': 128, 'predicted_ms': 493.79, 'predicted_per_token_ms': 3.8881102362204727, 'predicted_per_second': 257.19435387512914}",sweep-rtx5060ti-a/sweep,ok,limit,128,639,1939.6711040026275,True
512,128,False,i512-o128-c1,1788845479.4956627,1,464.04560070154923,RTX 5080,False,1788845479.2215557,3.1833648681640625,True,512,512,298.0389790609479,,128,True,wave,measure,1788845479.1944406,,,i512-o128-c1-0,etri-ser0002-CGNMSB,False,sweep-rtx5080-c,etri-ser0002-cgnmsb,1788845479.197624,"{'cache_n': 0, 'prompt_n': 512, 'prompt_ms': 22.811, 'prompt_per_token_ms': 0.044552734375, 'prompt_per_second': 22445.31147253518, 'predicted_n': 128, 'predicted_ms': 273.68, 'predicted_per_token_ms': 2.15496062992126, 'predicted_per_second': 464.04560070154923}",sweep-rtx5080-c/sweep,ok,limit,128,639,23.931829957291484,True
512,128,False,i512-o128-c2,1788845479.7929661,2,467.33270776986626,RTX 5080,False,1788845479.521278,0.7333755493164062,True,512,512,296.1792529094964,,128,True,wave,measure,1788845479.4960532,,,i512-o128-c2-1,etri-ser0002-CGNMSB,False,sweep-rtx5080-c,etri-ser0002-cgnmsb,1788845479.4967866,"{'cache_n': 0, 'prompt_n': 512, 'prompt_ms': 22.729, 'prompt_per_token_ms': 0.044392578125, 'prompt_per_second': 22526.28800211184, 'predicted_n': 128, 'predicted_ms': 271.755, 'predicted_per_token_ms': 2.139803149606299, 'predicted_per_second': 467.33270776986626}",sweep-rtx5080-c/sweep,ok,limit,128,639,24.4923559948802,True
512,128,False,i512-o128-c2,1788845480.089394,2,464.457992151757,RTX 5080,False,1788845479.8157396,0.15735626220703125,True,512,512,593.1827810127288,,128,True,wave,measure,1788845479.4960532,,,i512-o128-c2-0,etri-ser0002-CGNMSB,False,sweep-rtx5080-c,etri-ser0002-cgnmsb,1788845479.4962106,"{'cache_n': 0, 'prompt_n': 512, 'prompt_ms': 22.965, 'prompt_per_token_ms': 0.044853515625, 'prompt_per_second': 22294.79642934901, 'predicted_n': 128, 'predicted_ms': 273.437, 'predicted_per_token_ms': 2.153047244094488, 'predicted_per_second': 464.457992151757}",sweep-rtx5080-c/sweep,ok,limit,128,639,319.52843395993114,True
512,128,False,i512-o128-c4,1788845480.3871746,4,465.984934376846,RTX 5080,False,1788845480.1144943,0.7495880126953125,True,512,512,296.4083910919726,,128,True,wave,measure,1788845480.0900166,,,i512-o128-c4-2,etri-ser0002-CGNMSB,False,sweep-rtx5080-c,etri-ser0002-cgnmsb,1788845480.0907662,"{'cache_n': 0, 'prompt_n': 512, 'prompt_ms': 22.639, 'prompt_per_token_ms': 0.044216796875, 'prompt_per_second': 22615.839922258052, 'predicted_n': 128, 'predicted_ms': 272.541, 'predicted_per_token_ms': 2.145992125984252, 'predicted_per_second': 465.984934376846}",sweep-rtx5080-c/sweep,ok,limit,128,639,23.72840791940689,True
512,128,False,i512-o128-c4,1788845480.6803124,4,470.08135738768016,RTX 5080,False,1788845480.4097764,0.2689361572265625,True,512,512,590.0265250820667,,128,True,wave,measure,1788845480.0900166,,,i512-o128-c4-0,etri-ser0002-CGNMSB,False,sweep-rtx5080-c,etri-ser0002-cgnmsb,1788845480.0902855,"{'cache_n': 0, 'prompt_n': 512, 'prompt_ms': 22.338, 'prompt_per_token_ms': 0.04362890625, 'prompt_per_second': 22920.583758617602, 'predicted_n': 128, 'predicted_ms': 270.166, 'predicted_per_token_ms': 2.127291338582677, 'predicted_per_second': 470.08135738768016}",sweep-rtx5080-c/sweep,ok,limit,128,639,319.49070608243346,True
512,128,False,i512-o128-c4,1788845480.9727197,4,470.2832808739122,RTX 5080,False,1788845480.7023609,0.4665851593017578,True,512,512,882.235764991492,,128,True,wave,measure,1788845480.0900166,,,i512-o128-c4-1,etri-ser0002-CGNMSB,False,sweep-rtx5080-c,etri-ser0002-cgnmsb,1788845480.0904832,"{'cache_n': 0, 'prompt_n': 512, 'prompt_ms': 22.432, 'prompt_per_token_ms': 0.0438125, 'prompt_per_second': 22824.53637660485, 'predicted_n': 128, 'predicted_ms': 270.05, 'predicted_per_token_ms': 2.1263779527559055, 'predicted_per_second': 470.2832808739122}",sweep-rtx5080-c/sweep,ok,limit,128,639,611.8771338369697,True
512,128,False,i512-o128-c4,1788845481.2667475,4,467.7613017760197,RTX 5080,False,1788845480.9952347,1.0106563568115234,True,512,512,1175.7201959844679,,128,True,wave,measure,1788845480.0900166,,,i512-o128-c4-3,etri-ser0002-CGNMSB,False,sweep-rtx5080-c,etri-ser0002-cgnmsb,1788845480.0910273,"{'cache_n': 0, 'prompt_n': 512, 'prompt_ms': 22.551, 'prompt_per_token_ms': 0.044044921875, 'prompt_per_second': 22704.092944880496, 'predicted_n': 128, 'predicted_ms': 271.506, 'predicted_per_token_ms': 2.137842519685039, 'predicted_per_second': 467.7613017760197}",sweep-rtx5080-c/sweep,ok,limit,128,639,904.2075530160218,True
512,128,False,i512-o128-c8,1788845481.5664797,8,460.8044121115364,RTX 5080,False,1788845481.2906227,0.09942054748535156,True,512,512,298.957641934976,,128,True,wave,measure,1788845481.2674227,,,i512-o128-c8-0,etri-ser0002-CGNMSB,False,sweep-rtx5080-c,etri-ser0002-cgnmsb,1788845481.267522,"{'cache_n': 0, 'prompt_n': 512, 'prompt_ms': 22.421, 'prompt_per_token_ms': 0.043791015625, 'prompt_per_second': 22835.734356183937, 'predicted_n': 128, 'predicted_ms': 275.605, 'predicted_per_token_ms': 2.1701181102362206, 'predicted_per_second': 460.8044121115364}",sweep-rtx5080-c/sweep,ok,limit,128,639,23.100649006664753,True
512,128,False,i512-o128-c8,1788845481.8657653,8,459.95661196683966,RTX 5080,False,1788845481.5893345,0.5121231079101562,True,512,512,597.8306659962982,,128,True,wave,measure,1788845481.2674227,,,i512-o128-c8-1,etri-ser0002-CGNMSB,False,sweep-rtx5080-c,etri-ser0002-cgnmsb,1788845481.2679348,"{'cache_n': 0, 'prompt_n': 512, 'prompt_ms': 22.748, 'prompt_per_token_ms': 0.0444296875, 'prompt_per_second': 22507.473184455775, 'predicted_n': 128, 'predicted_ms': 276.113, 'predicted_per_token_ms': 2.1741181102362206, 'predicted_per_second': 459.95661196683966}",sweep-rtx5080-c/sweep,ok,limit,128,639,321.40005519613624,True
512,128,False,i512-o128-c8,1788845482.164839,8,459.8317088360103,RTX 5080,False,1788845481.888341,1.0209083557128906,True,512,512,896.3952118065208,,128,True,wave,measure,1788845481.2674227,,,i512-o128-c8-3,etri-ser0002-CGNMSB,False,sweep-rtx5080-c,etri-ser0002-cgnmsb,1788845481.2684436,"{'cache_n': 0, 'prompt_n': 512, 'prompt_ms': 22.677, 'prompt_per_token_ms': 0.044291015625, 'prompt_per_second': 22577.94240860784, 'predicted_n': 128, 'predicted_ms': 276.188, 'predicted_per_token_ms': 2.1747086614173226, 'predicted_per_second': 459.8317088360103}",sweep-rtx5080-c/sweep,ok,limit,128,639,619.8974498547614,True
512,128,False,i512-o128-c8,1788845482.4631948,8,460.8278209375488,RTX 5080,False,1788845482.1876445,1.615285873413086,True,512,512,1194.1565121524036,,128,True,wave,measure,1788845481.2674227,,,i512-o128-c8-5,etri-ser0002-CGNMSB,False,sweep-rtx5080-c,etri-ser0002-cgnmsb,1788845481.269038,"{'cache_n': 0, 'prompt_n': 512, 'prompt_ms': 22.527, 'prompt_per_token_ms': 0.043998046875, 'prompt_per_second': 22728.28161761442, 'predicted_n': 128, 'predicted_ms': 275.591, 'predicted_per_token_ms': 2.1700078740157482, 'predicted_per_second': 460.8278209375488}",sweep-rtx5080-c/sweep,ok,limit,128,639,918.6065271496773,True
512,128,False,i512-o128-c8,1788845482.7731204,8,442.551886595208,RTX 5080,False,1788845482.4860358,1.9865036010742188,True,512,512,1503.7112219724804,,128,True,wave,measure,1788845481.2674227,,,i512-o128-c8-6,etri-ser0002-CGNMSB,False,sweep-rtx5080-c,etri-ser0002-cgnmsb,1788845481.2694092,"{'cache_n': 0, 'prompt_n': 512, 'prompt_ms': 22.793, 'prompt_per_token_ms': 0.044517578125, 'prompt_per_second': 22463.03689729303, 'predicted_n': 128, 'predicted_ms': 286.972, 'predicted_per_token_ms': 2.259622047244094, 'predicted_per_second': 442.551886595208}",sweep-rtx5080-c/sweep,ok,limit,128,639,1216.6263330727816,True
512,128,False,i512-o128-c8,1788845483.0662084,8,470.6632274896973,RTX 5080,False,1788845482.795883,2.5048255920410156,True,512,512,1796.280771959573,,128,True,wave,measure,1788845481.2674227,,,i512-o128-c8-7,etri-ser0002-CGNMSB,False,sweep-rtx5080-c,etri-ser0002-cgnmsb,1788845481.2699275,"{'cache_n': 0, 'prompt_n': 512, 'prompt_ms': 22.561, 'prompt_per_token_ms': 0.044064453125, 'prompt_per_second': 22694.029519968088, 'predicted_n': 128, 'predicted_ms': 269.832, 'predicted_per_token_ms': 2.1246614173228346, 'predicted_per_second': 470.6632274896973}",sweep-rtx5080-c/sweep,ok,limit,128,639,1525.9559319820255,True
512,128,False,i512-o128-c8,1788845483.35841,8,470.67194906365927,RTX 5080,False,1788845483.0884647,0.7870197296142578,True,512,512,2090.2002579532564,,128,True,wave,measure,1788845481.2674227,,,i512-o128-c8-2,etri-ser0002-CGNMSB,False,sweep-rtx5080-c,etri-ser0002-cgnmsb,1788845481.2682097,"{'cache_n': 0, 'prompt_n': 512, 'prompt_ms': 22.561, 'prompt_per_token_ms': 0.044064453125, 'prompt_per_second': 22694.029519968088, 'predicted_n': 128, 'predicted_ms': 269.827, 'predicted_per_token_ms': 2.1246220472440944, 'predicted_per_second': 470.67194906365927}",sweep-rtx5080-c/sweep,ok,limit,128,639,1820.2550730202347,True
512,128,False,i512-o128-c8,1788845483.6506152,8,471.34623164254884,RTX 5080,False,1788845483.3811789,1.1534690856933594,True,512,512,2382.038975832984,,128,True,wave,measure,1788845481.2674227,,,i512-o128-c8-4,etri-ser0002-CGNMSB,False,sweep-rtx5080-c,etri-ser0002-cgnmsb,1788845481.2685761,"{'cache_n': 0, 'prompt_n': 512, 'prompt_ms': 22.574, 'prompt_per_token_ms': 0.04408984375, 'prompt_per_second': 22680.960396916806, 'predicted_n': 128, 'predicted_ms': 269.441, 'predicted_per_token_ms': 2.121582677165354, 'predicted_per_second': 471.34623164254884}",sweep-rtx5080-c/sweep,ok,limit,128,639,2112.6026359852403,True
128,128,False,i128-o128-c1,1788845483.94438,1,457.2654804167957,RTX 5080,False,1788845483.6664877,0.21505355834960938,True,128,128,284.7660679835826,,128,True,wave,measure,1788845483.6593988,,,i128-o128-c1-0,etri-ser0002-CGNMSB,False,sweep-rtx5080-c,etri-ser0002-cgnmsb,1788845483.6596138,"{'cache_n': 0, 'prompt_n': 128, 'prompt_ms': 5.93, 'prompt_per_token_ms': 0.046328125, 'prompt_per_second': 21585.16020236088, 'predicted_n': 128, 'predicted_ms': 277.738, 'predicted_per_token_ms': 2.1869133858267715, 'predicted_per_second': 457.2654804167957}",sweep-rtx5080-c/sweep,ok,limit,128,255,6.873740116134286,True
2048,128,False,i2048-o128-c1,1788845484.4178314,1,419.0561667249606,RTX 5080,False,1788845484.1150088,0.11301040649414062,True,2048,2048,415.81976995803416,,128,True,wave,measure,1788845484.0018983,,,i2048-o128-c1-0,etri-ser0002-CGNMSB,False,sweep-rtx5080-c,etri-ser0002-cgnmsb,1788845484.0020113,"{'cache_n': 0, 'prompt_n': 2048, 'prompt_ms': 111.385, 'prompt_per_token_ms': 0.05438720703125, 'prompt_per_second': 18386.67684158549, 'predicted_n': 128, 'predicted_ms': 303.062, 'predicted_per_token_ms': 2.3863149606299214, 'predicted_per_second': 419.0561667249606}",sweep-rtx5080-c/sweep,ok,limit,128,2175,112.9979700781405,True
512,64,False,i512-o64-c1,1788845484.6059914,1,433.01052284302335,RTX 5080,False,1788845484.4604294,0.09655952453613281,True,512,512,169.59942714311182,,64,True,wave,measure,1788845484.4362953,,,i512-o64-c1-0,etri-ser0002-CGNMSB,False,sweep-rtx5080-c,etri-ser0002-cgnmsb,1788845484.4363918,"{'cache_n': 0, 'prompt_n': 512, 'prompt_ms': 22.983, 'prompt_per_token_ms': 0.044888671875, 'prompt_per_second': 22277.33542183353, 'predicted_n': 64, 'predicted_ms': 145.493, 'predicted_per_token_ms': 2.3094126984126984, 'predicted_per_second': 433.01052284302335}",sweep-rtx5080-c/sweep,ok,limit,64,575,24.037771159783006,True
512,256,False,i512-o256-c1,1788845485.200486,1,460.7770327043275,RTX 5080,False,1788845484.6472077,0.14209747314453125,True,512,512,577.3349930532277,,256,True,wave,measure,1788845484.6230085,,,i512-o256-c1-0,etri-ser0002-CGNMSB,False,sweep-rtx5080-c,etri-ser0002-cgnmsb,1788845484.6231506,"{'cache_n': 0, 'prompt_n': 512, 'prompt_ms': 22.824, 'prompt_per_token_ms': 0.044578125, 'prompt_per_second': 22432.52716438836, 'predicted_n': 256, 'predicted_ms': 553.413, 'predicted_per_token_ms': 2.1702470588235294, 'predicted_per_second': 460.7770327043275}",sweep-rtx5080-c/sweep,ok,limit,256,767,24.05724418349564,True
128,64,False,i128-o64-c4,1788845485.3553855,4,454.22756079799854,RTX 5080,False,1788845485.216583,0.21600723266601562,True,128,128,146.08281198889017,,64,True,wave,measure,1788845485.2090864,,,i128-o64-c4-1,etri-ser0002-CGNMSB,False,sweep-rtx5080-c,etri-ser0002-cgnmsb,1788845485.2093024,"{'cache_n': 0, 'prompt_n': 128, 'prompt_ms': 5.926, 'prompt_per_token_ms': 0.046296875, 'prompt_per_second': 21599.730003374956, 'predicted_n': 64, 'predicted_ms': 138.697, 'predicted_per_token_ms': 2.2015396825396825, 'predicted_per_second': 454.22756079799854}",sweep-rtx5080-c/sweep,ok,limit,64,191,7.280177902430296,True
128,64,False,i128-o64-c4,1788845485.4986331,4,458.96957687376147,RTX 5080,False,1788845485.3611147,0.09083747863769531,True,128,128,289.4557600375265,,64,True,wave,measure,1788845485.2090864,,,i128-o64-c4-0,etri-ser0002-CGNMSB,False,sweep-rtx5080-c,etri-ser0002-cgnmsb,1788845485.2091773,"{'cache_n': 0, 'prompt_n': 128, 'prompt_ms': 5.863, 'prompt_per_token_ms': 0.0458046875, 'prompt_per_second': 21831.826709875488, 'predicted_n': 64, 'predicted_ms': 137.264, 'predicted_per_token_ms': 2.178793650793651, 'predicted_per_second': 458.96957687376147}",sweep-rtx5080-c/sweep,ok,limit,64,191,151.93712105974555,True
128,64,False,i128-o64-c4,1788845485.6510813,4,430.74861374156444,RTX 5080,False,1788845485.504558,0.5283355712890625,True,128,128,441.4662360213697,,64,True,wave,measure,1788845485.2090864,,,i128-o64-c4-3,etri-ser0002-CGNMSB,False,sweep-rtx5080-c,etri-ser0002-cgnmsb,1788845485.2096148,"{'cache_n': 0, 'prompt_n': 128, 'prompt_ms': 5.925, 'prompt_per_token_ms': 0.0462890625, 'prompt_per_second': 21603.37552742616, 'predicted_n': 64, 'predicted_ms': 146.257, 'predicted_per_token_ms': 2.3215396825396826, 'predicted_per_second': 430.74861374156444}",sweep-rtx5080-c/sweep,ok,limit,64,191,294.94697879999876,True
128,64,False,i128-o64-c4,1788845485.7974803,4,447.7484648624062,RTX 5080,False,1788845485.6568096,0.26988983154296875,True,128,128,588.1239960435778,,64,True,wave,measure,1788845485.2090864,,,i128-o64-c4-2,etri-ser0002-CGNMSB,False,sweep-rtx5080-c,etri-ser0002-cgnmsb,1788845485.2093563,"{'cache_n': 0, 'prompt_n': 128, 'prompt_ms': 5.926, 'prompt_per_token_ms': 0.046296875, 'prompt_per_second': 21599.730003374956, 'predicted_n': 64, 'predicted_ms': 140.704, 'predicted_per_token_ms': 2.2333968253968255, 'predicted_per_second': 447.7484648624062}",sweep-rtx5080-c/sweep,ok,limit,64,191,447.4530699662864,True
2048,256,False,i2048-o256-c1,1788845486.565005,1,425.6008064718027,RTX 5080,False,1788845485.9658809,0.14710426330566406,True,2048,2048,712.2627440840006,,256,True,wave,measure,1788845485.852595,,,i2048-o256-c1-0,etri-ser0002-CGNMSB,False,sweep-rtx5080-c,etri-ser0002-cgnmsb,1788845485.8527422,"{'cache_n': 0, 'prompt_n': 2048, 'prompt_ms': 111.836, 'prompt_per_token_ms': 0.054607421875, 'prompt_per_second': 18312.529060409885, 'predicted_n': 256, 'predicted_ms': 599.153, 'predicted_per_token_ms': 2.3496196078431373, 'predicted_per_second': 425.6008064718027}",sweep-rtx5080-c/sweep,ok,limit,256,2303,113.1386561319232,True
512,128,False,rate-0.5,1788845486.8800135,8,436.76982917828803,RTX 5080,False,1788845486.5891714,0.10633468627929688,True,512,512,314.4124869722873,1.6776329108876453,128,True,open-loop,measure,1788845486.5654948,,,rate-0.5-0,etri-ser0002-CGNMSB,False,sweep-rtx5080-c,etri-ser0002-cgnmsb,1788845486.565601,"{'cache_n': 0, 'prompt_n': 512, 'prompt_ms': 22.825, 'prompt_per_token_ms': 0.044580078125, 'prompt_per_second': 22431.544359255204, 'predicted_n': 128, 'predicted_ms': 290.771, 'predicted_per_token_ms': 2.289535433070866, 'predicted_per_second': 436.76982917828803}",sweep-rtx5080-c/sweep,ok,limit,128,639,23.570521036162972,True
512,128,False,rate-0.5,1788845487.4819922,8,436.71425820472615,RTX 5080,False,1788845487.191338,0.5519390106201172,True,512,512,319.86681488342583,1.6776329108876453,128,True,open-loop,measure,1788845487.1615727,,,rate-0.5-1,etri-ser0002-CGNMSB,False,sweep-rtx5080-c,etri-ser0002-cgnmsb,1788845487.1621246,"{'cache_n': 0, 'prompt_n': 512, 'prompt_ms': 26.062, 'prompt_per_token_ms': 0.05090234375, 'prompt_per_second': 19645.460824188474, 'predicted_n': 128, 'predicted_ms': 290.808, 'predicted_per_token_ms': 2.2898267716535434, 'predicted_per_second': 436.71425820472615}",sweep-rtx5080-c/sweep,ok,limit,128,639,29.213150031864643,True
512,128,False,rate-0.5,1788845488.061516,8,464.240674062837,RTX 5080,False,1788845487.7879174,0.24318695068359375,True,512,512,303.62063902430236,1.6776329108876453,128,True,open-loop,measure,1788845487.7576506,,,rate-0.5-2,etri-ser0002-CGNMSB,False,sweep-rtx5080-c,etri-ser0002-cgnmsb,1788845487.7578938,"{'cache_n': 0, 'prompt_n': 512, 'prompt_ms': 27.174, 'prompt_per_token_ms': 0.05307421875, 'prompt_per_second': 18841.539707072938, 'predicted_n': 128, 'predicted_ms': 273.565, 'predicted_per_token_ms': 2.1540551181102363, 'predicted_per_second': 464.240674062837}",sweep-rtx5080-c/sweep,ok,limit,128,639,30.022185062989593,True
512,128,False,rate-0.5,1788845488.6545162,8,467.8578006999448,RTX 5080,False,1788845488.382794,0.5075931549072266,True,512,512,300.27944780886173,1.6776329108876453,128,True,open-loop,measure,1788845488.3537285,,,rate-0.5-3,etri-ser0002-CGNMSB,False,sweep-rtx5080-c,etri-ser0002-cgnmsb,1788845488.3542361,"{'cache_n': 0, 'prompt_n': 512, 'prompt_ms': 25.531, 'prompt_per_token_ms': 0.049865234375, 'prompt_per_second': 20054.051936861073, 'predicted_n': 128, 'predicted_ms': 271.45, 'predicted_per_token_ms': 2.1374015748031496, 'predicted_per_second': 467.8578006999448}",sweep-rtx5080-c/sweep,ok,limit,128,639,28.557237004861236,True
512,128,False,rate-0.5,1788845489.2516508,8,466.1936208561077,RTX 5080,False,1788845488.979131,0.3402233123779297,True,512,512,301.50257097557187,1.6776329108876453,128,True,open-loop,measure,1788845488.9498067,,,rate-0.5-4,etri-ser0002-CGNMSB,False,sweep-rtx5080-c,etri-ser0002-cgnmsb,1788845488.950147,"{'cache_n': 0, 'prompt_n': 512, 'prompt_ms': 25.73, 'prompt_per_token_ms': 0.05025390625, 'prompt_per_second': 19898.950641274776, 'predicted_n': 128, 'predicted_ms': 272.419, 'predicted_per_token_ms': 2.145031496062992, 'predicted_per_second': 466.1936208561077}",sweep-rtx5080-c/sweep,ok,limit,128,639,28.98304699920118,True
512,128,False,rate-0.5,1788845489.8480966,8,466.41619749604286,RTX 5080,False,1788845489.5757642,0.4200935363769531,True,512,512,301.79053312167525,1.6776329108876453,128,True,open-loop,measure,1788845489.5458846,,,rate-0.5-5,etri-ser0002-CGNMSB,False,sweep-rtx5080-c,etri-ser0002-cgnmsb,1788845489.5463047,"{'cache_n': 0, 'prompt_n': 512, 'prompt_ms': 26.062, 'prompt_per_token_ms': 0.05090234375, 'prompt_per_second': 19645.460824188474, 'predicted_n': 128, 'predicted_ms': 272.289, 'predicted_per_token_ms': 2.144007874015748, 'predicted_per_second': 466.41619749604286}",sweep-rtx5080-c/sweep,ok,limit,128,639,29.45884899236262,True
512,128,False,rate-0.5,1788845490.4519203,8,452.3871436560718,RTX 5080,False,1788845490.171536,0.5290508270263672,True,512,512,309.42680197767913,1.6776329108876453,128,True,open-loop,measure,1788845490.1419625,,,rate-0.5-6,etri-ser0002-CGNMSB,False,sweep-rtx5080-c,etri-ser0002-cgnmsb,1788845490.1424916,"{'cache_n': 0, 'prompt_n': 512, 'prompt_ms': 25.912, 'prompt_per_token_ms': 0.050609375, 'prompt_per_second': 19759.184933621487, 'predicted_n': 128, 'predicted_ms': 280.733, 'predicted_per_token_ms': 2.210496062992126, 'predicted_per_second': 452.3871436560718}",sweep-rtx5080-c/sweep,ok,limit,128,639,29.042256996035576,True
512,128,False,rate-0.5,1788845491.0431507,8,466.7847717900277,RTX 5080,False,1788845490.7709763,0.6530284881591797,True,512,512,304.45557995699346,1.6776329108876453,128,True,open-loop,measure,1788845490.7380404,,,rate-0.5-7,etri-ser0002-CGNMSB,False,sweep-rtx5080-c,etri-ser0002-cgnmsb,1788845490.7386935,"{'cache_n': 0, 'prompt_n': 512, 'prompt_ms': 29.22, 'prompt_per_token_ms': 0.0570703125, 'prompt_per_second': 17522.24503764545, 'predicted_n': 128, 'predicted_ms': 272.074, 'predicted_per_token_ms': 2.142314960629921, 'predicted_per_second': 466.7847717900277}",sweep-rtx5080-c/sweep,ok,limit,128,639,32.281575025990605,True
512,128,False,rate-0.5,1788845491.6364923,8,467.2003296153507,RTX 5080,False,1788845491.3649523,0.5481243133544922,True,512,512,301.8245850689709,1.6776329108876453,128,True,open-loop,measure,1788845491.3341184,,,rate-0.5-8,etri-ser0002-CGNMSB,False,sweep-rtx5080-c,etri-ser0002-cgnmsb,1788845491.3346665,"{'cache_n': 0, 'prompt_n': 512, 'prompt_ms': 26.626, 'prompt_per_token_ms': 0.05200390625, 'prompt_per_second': 19229.324720198303, 'predicted_n': 128, 'predicted_ms': 271.832, 'predicted_per_token_ms': 2.1404094488188976, 'predicted_per_second': 467.2003296153507}",sweep-rtx5080-c/sweep,ok,limit,128,639,30.285401036962867,True
512,128,False,rate-0.5,1788845492.228956,8,470.0796174218169,RTX 5080,False,1788845491.9587064,0.2231597900390625,True,512,512,298.5360538586974,1.6776329108876453,128,True,open-loop,measure,1788845491.9301963,,,rate-0.5-9,etri-ser0002-CGNMSB,False,sweep-rtx5080-c,etri-ser0002-cgnmsb,1788845491.9304194,"{'cache_n': 0, 'prompt_n': 512, 'prompt_ms': 26.094, 'prompt_per_token_ms': 0.05096484375, 'prompt_per_second': 19621.368897064458, 'predicted_n': 128, 'predicted_ms': 270.167, 'predicted_per_token_ms': 2.127299212598425, 'predicted_per_second': 470.0796174218169}",sweep-rtx5080-c/sweep,ok,limit,128,639,28.286677785217762,True
512,128,False,rate-0.5,1788845492.8336775,8,460.7358713712515,RTX 5080,False,1788845492.5575354,0.5261898040771484,True,512,512,306.87669897451997,1.6776329108876453,128,True,open-loop,measure,1788845492.5262744,,,rate-0.5-10,etri-ser0002-CGNMSB,False,sweep-rtx5080-c,etri-ser0002-cgnmsb,1788845492.5268006,"{'cache_n': 0, 'prompt_n': 512, 'prompt_ms': 27.747, 'prompt_per_token_ms': 0.054193359375, 'prompt_per_second': 18452.445309402818, 'predicted_n': 128, 'predicted_ms': 275.646, 'predicted_per_token_ms': 2.1704409448818898, 'predicted_per_second': 460.7358713712515}",sweep-rtx5080-c/sweep,ok,limit,128,639,30.7344370521605,True
512,128,False,rate-0.5,1788845493.4307194,8,453.6589199345588,RTX 5080,False,1788845493.151024,0.5068778991699219,True,512,512,307.8593211248517,1.6776329108876453,128,True,open-loop,measure,1788845493.1223524,,,rate-0.5-11,etri-ser0002-CGNMSB,False,sweep-rtx5080-c,etri-ser0002-cgnmsb,1788845493.1228592,"{'cache_n': 0, 'prompt_n': 512, 'prompt_ms': 24.869, 'prompt_per_token_ms': 0.048572265625, 'prompt_per_second': 20587.880493787445, 'predicted_n': 128, 'predicted_ms': 279.946, 'predicted_per_token_ms': 2.2042992125984253, 'predicted_per_second': 453.6589199345588}",sweep-rtx5080-c/sweep,ok,limit,128,639,28.164886170998216,True
512,128,False,rate-0.5,1788845494.0177321,8,467.3791438497321,RTX 5080,False,1788845493.7462468,0.2892017364501953,True,512,512,299.0118279121816,1.6776329108876453,128,True,open-loop,measure,1788845493.7184303,,,rate-0.5-12,etri-ser0002-CGNMSB,False,sweep-rtx5080-c,etri-ser0002-cgnmsb,1788845493.7187195,"{'cache_n': 0, 'prompt_n': 512, 'prompt_ms': 26.062, 'prompt_per_token_ms': 0.05090234375, 'prompt_per_second': 19645.460824188474, 'predicted_n': 128, 'predicted_ms': 271.728, 'predicted_per_token_ms': 2.1395905511811026, 'predicted_per_second': 467.3791438497321}",sweep-rtx5080-c/sweep,ok,limit,128,639,27.52671600319445,True
512,128,False,rate-0.5,1788845494.6143794,8,465.1503497784127,RTX 5080,False,1788845494.3412266,0.4913806915283203,True,512,512,299.3793380446732,1.6776329108876453,128,True,open-loop,measure,1788845494.3145082,,,rate-0.5-13,etri-ser0002-CGNMSB,False,sweep-rtx5080-c,etri-ser0002-cgnmsb,1788845494.3149996,"{'cache_n': 0, 'prompt_n': 512, 'prompt_ms': 23.243, 'prompt_per_token_ms': 0.045396484375, 'prompt_per_second': 22028.137503764574, 'predicted_n': 128, 'predicted_ms': 273.03, 'predicted_per_token_ms': 2.149842519685039, 'predicted_per_second': 465.1503497784127}",sweep-rtx5080-c/sweep,ok,limit,128,639,26.226478861644864,True
512,128,False,rate-0.5,1788845495.2130253,8,465.54252199413486,RTX 5080,False,1788845494.94009,0.4181861877441406,True,512,512,302.0195169374347,1.6776329108876453,128,True,open-loop,measure,1788845494.910586,,,rate-0.5-14,etri-ser0002-CGNMSB,False,sweep-rtx5080-c,etri-ser0002-cgnmsb,1788845494.9110043,"{'cache_n': 0, 'prompt_n': 512, 'prompt_ms': 25.688, 'prompt_per_token_ms': 0.050171875, 'prompt_per_second': 19931.485518530055, 'predicted_n': 128, 'predicted_ms': 272.8, 'predicted_per_token_ms': 2.148031496062992, 'predicted_per_second': 465.54252199413486}",sweep-rtx5080-c/sweep,ok,limit,128,639,29.084796085953712,True
512,128,False,rate-0.5,1788845495.808948,8,464.8098671448962,RTX 5080,False,1788845495.5358434,0.5254745483398438,True,512,512,301.7573088873178,1.6776329108876453,128,True,open-loop,measure,1788845495.506664,,,rate-0.5-15,etri-ser0002-CGNMSB,False,sweep-rtx5080-c,etri-ser0002-cgnmsb,1788845495.5071895,"{'cache_n': 0, 'prompt_n': 512, 'prompt_ms': 25.777, 'prompt_per_token_ms': 0.050345703125, 'prompt_per_second': 19862.66827016332, 'predicted_n': 128, 'predicted_ms': 273.23, 'predicted_per_token_ms': 2.1514173228346456, 'predicted_per_second': 464.8098671448962}",sweep-rtx5080-c/sweep,ok,limit,128,639,28.65358581766486,True
512,128,False,rate-0.5,1788845496.406341,8,466.23298433163484,RTX 5080,False,1788845496.1334615,0.4482269287109375,True,512,512,303.1488200649619,1.6776329108876453,128,True,open-loop,measure,1788845496.1027422,,,rate-0.5-16,etri-ser0002-CGNMSB,False,sweep-rtx5080-c,etri-ser0002-cgnmsb,1788845496.1031904,"{'cache_n': 0, 'prompt_n': 512, 'prompt_ms': 27.213, 'prompt_per_token_ms': 0.053150390625, 'prompt_per_second': 18814.537169735053, 'predicted_n': 128, 'predicted_ms': 272.396, 'predicted_per_token_ms': 2.1448503937007874, 'predicted_per_second': 466.23298433163484}",sweep-rtx5080-c/sweep,ok,limit,128,639,30.268999049440026,True
512,128,False,rate-1.2,1788845496.704766,8,468.01124701044,RTX 5080,False,1788845496.4322033,0.46706199645996094,True,512,512,297.300353879109,4.026318986130349,128,True,open-loop,measure,1788845496.4069974,,,rate-1.2-0,etri-ser0002-CGNMSB,False,sweep-rtx5080-c,etri-ser0002-cgnmsb,1788845496.4074645,"{'cache_n': 0, 'prompt_n': 512, 'prompt_ms': 22.674, 'prompt_per_token_ms': 0.04428515625, 'prompt_per_second': 22580.92969921496, 'predicted_n': 128, 'predicted_ms': 271.361, 'predicted_per_token_ms': 2.136700787401575, 'predicted_per_second': 468.01124701044}",sweep-rtx5080-c/sweep,ok,limit,128,639,24.738149950280786,True
512,128,False,rate-1.2,1788845496.9976199,8,468.25110057443726,RTX 5080,False,1788845496.7260976,0.3268718719482422,True,512,512,341.92909696139395,4.026318986130349,128,True,open-loop,measure,1788845496.6553633,,,rate-1.2-1,etri-ser0002-CGNMSB,False,sweep-rtx5080-c,etri-ser0002-cgnmsb,1788845496.6556902,"{'cache_n': 0, 'prompt_n': 512, 'prompt_ms': 22.51, 'prompt_per_token_ms': 0.04396484375, 'prompt_per_second': 22745.44646823634, 'predicted_n': 128, 'predicted_ms': 271.222, 'predicted_per_token_ms': 2.1356062992125984, 'predicted_per_second': 468.25110057443726}",sweep-rtx5080-c/sweep,ok,limit,128,639,70.40690397843719,True
512,128,False,rate-1.2,1788845497.3115184,8,436.59415307609805,RTX 5080,False,1788845497.0205,0.12826919555664062,True,512,512,407.6612719800323,4.026318986130349,128,True,open-loop,measure,1788845496.903729,,,rate-1.2-2,etri-ser0002-CGNMSB,False,sweep-rtx5080-c,etri-ser0002-cgnmsb,1788845496.9038572,"{'cache_n': 0, 'prompt_n': 512, 'prompt_ms': 23.014, 'prompt_per_token_ms': 0.04494921875, 'prompt_per_second': 22247.327713565657, 'predicted_n': 128, 'predicted_ms': 290.888, 'predicted_per_token_ms': 2.2904566929133856, 'predicted_per_second': 436.59415307609805}",sweep-rtx5080-c/sweep,ok,limit,128,639,116.64290097542107,True
512,128,False,rate-1.2,1788845497.6249905,8,437.1486890702501,RTX 5080,False,1788845497.3343477,0.1862049102783203,True,512,512,472.7095109410584,4.026318986130349,128,True,open-loop,measure,1788845497.1520948,,,rate-1.2-3,etri-ser0002-CGNMSB,False,sweep-rtx5080-c,etri-ser0002-cgnmsb,1788845497.152281,"{'cache_n': 0, 'prompt_n': 512, 'prompt_ms': 22.82, 'prompt_per_token_ms': 0.0445703125, 'prompt_per_second': 22436.459246275197, 'predicted_n': 128, 'predicted_ms': 290.519, 'predicted_per_token_ms': 2.287551181102362, 'predicted_per_second': 437.1486890702501}",sweep-rtx5080-c/sweep,ok,limit,128,639,182.06700892187655,True
512,128,False,rate-1.2,1788845497.9365237,8,440.0722134246281,RTX 5080,False,1788845497.6476412,0.2665519714355469,True,512,512,535.7962660491467,4.026318986130349,128,True,open-loop,measure,1788845497.4004607,,,rate-1.2-4,etri-ser0002-CGNMSB,False,sweep-rtx5080-c,etri-ser0002-cgnmsb,1788845497.4007273,"{'cache_n': 0, 'prompt_n': 512, 'prompt_ms': 22.546, 'prompt_per_token_ms': 0.04403515625, 'prompt_per_second': 22709.12800496762, 'predicted_n': 128, 'predicted_ms': 288.589, 'predicted_per_token_ms': 2.2723543307086613, 'predicted_per_second': 440.0722134246281}",sweep-rtx5080-c/sweep,ok,limit,128,639,246.9137201551348,True
512,128,False,rate-1.2,1788845498.2478364,8,440.8268106006699,RTX 5080,False,1788845497.9596095,0.1690387725830078,True,512,512,598.8408620469272,4.026318986130349,128,True,open-loop,measure,1788845497.6488266,,,rate-1.2-5,etri-ser0002-CGNMSB,False,sweep-rtx5080-c,etri-ser0002-cgnmsb,1788845497.6489956,"{'cache_n': 0, 'prompt_n': 512, 'prompt_ms': 22.839, 'prompt_per_token_ms': 0.044607421875, 'prompt_per_second': 22417.794124085995, 'predicted_n': 128, 'predicted_ms': 288.095, 'predicted_per_token_ms': 2.268464566929134, 'predicted_per_second': 440.8268106006699}",sweep-rtx5080-c/sweep,ok,limit,128,639,310.6150550302118,True
512,128,False,rate-1.2,1788845498.55997,8,438.93149558130773,RTX 5080,False,1788845498.2701252,0.30303001403808594,True,512,512,662.474162178114,4.026318986130349,128,True,open-loop,measure,1788845497.8971922,,,rate-1.2-6,etri-ser0002-CGNMSB,False,sweep-rtx5080-c,etri-ser0002-cgnmsb,1788845497.8974953,"{'cache_n': 0, 'prompt_n': 512, 'prompt_ms': 22.536, 'prompt_per_token_ms': 0.044015625, 'prompt_per_second': 22719.204827831025, 'predicted_n': 128, 'predicted_ms': 289.339, 'predicted_per_token_ms': 2.278259842519685, 'predicted_per_second': 438.93149558130773}",sweep-rtx5080-c/sweep,ok,limit,128,639,372.62964015826583,True
512,128,False,rate-1.2,1788845498.8664653,8,447.31855421007776,RTX 5080,False,1788845498.582577,0.1819133758544922,True,512,512,720.7251728978008,4.026318986130349,128,True,open-loop,measure,1788845498.145558,,,rate-1.2-7,etri-ser0002-CGNMSB,False,sweep-rtx5080-c,etri-ser0002-cgnmsb,1788845498.14574,"{'cache_n': 0, 'prompt_n': 512, 'prompt_ms': 22.703, 'prompt_per_token_ms': 0.044341796875, 'prompt_per_second': 22552.085627450117, 'predicted_n': 128, 'predicted_ms': 283.914, 'predicted_per_token_ms': 2.235543307086614, 'predicted_per_second': 447.31855421007776}",sweep-rtx5080-c/sweep,ok,limit,128,639,436.83724803850055,True
512,128,False,rate-1.2,1788845499.175685,8,445.44367242002187,RTX 5080,False,1788845498.8895261,0.1266002655029297,True,512,512,781.6335849929601,4.026318986130349,128,True,open-loop,measure,1788845498.393924,,,rate-1.2-8,etri-ser0002-CGNMSB,False,sweep-rtx5080-c,etri-ser0002-cgnmsb,1788845498.3940506,"{'cache_n': 0, 'prompt_n': 512, 'prompt_ms': 22.692, 'prompt_per_token_ms': 0.0443203125, 'prompt_per_second': 22563.017803631235, 'predicted_n': 128, 'predicted_ms': 285.109, 'predicted_per_token_ms': 2.2449527559055116, 'predicted_per_second': 445.44367242002187}",sweep-rtx5080-c/sweep,ok,limit,128,639,495.47466496005654,True
512,128,False,rate-1.2,1788845499.479476,8,450.93026558727456,RTX 5080,False,1788845499.1977818,0.3209114074707031,True,512,512,836.8650109041482,4.026318986130349,128,True,open-loop,measure,1788845498.6422899,,,rate-1.2-9,etri-ser0002-CGNMSB,False,sweep-rtx5080-c,etri-ser0002-cgnmsb,1788845498.6426108,"{'cache_n': 0, 'prompt_n': 512, 'prompt_ms': 22.743, 'prompt_per_token_ms': 0.044419921875, 'prompt_per_second': 22512.421404388166, 'predicted_n': 128, 'predicted_ms': 281.64, 'predicted_per_token_ms': 2.2176377952755906, 'predicted_per_second': 450.93026558727456}",sweep-rtx5080-c/sweep,ok,limit,128,639,555.1708349958062,True
512,128,False,rate-1.2,1788845499.7726488,8,470.2205964026273,RTX 5080,False,1788845499.5021353,0.11539459228515625,True,512,512,881.8776530679315,4.026318986130349,128,True,open-loop,measure,1788845498.8906555,,,rate-1.2-10,etri-ser0002-CGNMSB,False,sweep-rtx5080-c,etri-ser0002-cgnmsb,1788845498.890771,"{'cache_n': 0, 'prompt_n': 512, 'prompt_ms': 22.592, 'prompt_per_token_ms': 0.044125, 'prompt_per_second': 22662.889518413598, 'predicted_n': 128, 'predicted_ms': 270.086, 'predicted_per_token_ms': 2.126661417322835, 'predicted_per_second': 470.2205964026273}",sweep-rtx5080-c/sweep,ok,limit,128,639,611.3644819706678,True
512,128,False,rate-1.2,1788845500.0656,8,469.4679486468603,RTX 5080,False,1788845499.7948725,0.21028518676757812,True,512,512,926.3679690193385,4.026318986130349,128,True,open-loop,measure,1788845499.1390214,,,rate-1.2-11,etri-ser0002-CGNMSB,False,sweep-rtx5080-c,etri-ser0002-cgnmsb,1788845499.1392317,"{'cache_n': 0, 'prompt_n': 512, 'prompt_ms': 22.679, 'prompt_per_token_ms': 0.044294921875, 'prompt_per_second': 22575.951320604967, 'predicted_n': 128, 'predicted_ms': 270.519, 'predicted_per_token_ms': 2.1300708661417325, 'predicted_per_second': 469.4679486468603}",sweep-rtx5080-c/sweep,ok,limit,128,639,655.6406759191304,True
512,128,False,rate-1.2,1788845500.35914,8,469.4887747821683,RTX 5080,False,1788845500.0883472,0.27251243591308594,True,512,512,971.4796498883516,4.026318986130349,128,True,open-loop,measure,1788845499.3873873,,,rate-1.2-12,etri-ser0002-CGNMSB,False,sweep-rtx5080-c,etri-ser0002-cgnmsb,1788845499.3876598,"{'cache_n': 0, 'prompt_n': 512, 'prompt_ms': 22.624, 'prompt_per_token_ms': 0.0441875, 'prompt_per_second': 22630.834512022633, 'predicted_n': 128, 'predicted_ms': 270.507, 'predicted_per_token_ms': 2.129976377952756, 'predicted_per_second': 469.4887747821683}",sweep-rtx5080-c/sweep,ok,limit,128,639,700.6870449986309,True
512,128,False,rate-1.2,1788845500.6524584,8,469.41936151574396,RTX 5080,False,1788845500.381743,0.19288063049316406,True,512,512,1016.51203003712,4.026318986130349,128,True,open-loop,measure,1788845499.6357532,,,rate-1.2-13,etri-ser0002-CGNMSB,False,sweep-rtx5080-c,etri-ser0002-cgnmsb,1788845499.635946,"{'cache_n': 0, 'prompt_n': 512, 'prompt_ms': 22.402, 'prompt_per_token_ms': 0.04375390625, 'prompt_per_second': 22855.1022230158, 'predicted_n': 128, 'predicted_ms': 270.547, 'predicted_per_token_ms': 2.130291338582677, 'predicted_per_second': 469.41936151574396}",sweep-rtx5080-c/sweep,ok,limit,128,639,745.7964711356908,True
512,128,False,rate-1.2,1788845500.9454508,8,470.1057182623116,RTX 5080,False,1788845500.6749985,0.26154518127441406,True,512,512,1061.0697539523244,4.026318986130349,128,True,open-loop,measure,1788845499.8841188,,,rate-1.2-14,etri-ser0002-CGNMSB,False,sweep-rtx5080-c,etri-ser0002-cgnmsb,1788845499.8843803,"{'cache_n': 0, 'prompt_n': 512, 'prompt_ms': 22.688, 'prompt_per_token_ms': 0.0443125, 'prompt_per_second': 22566.995768688295, 'predicted_n': 128, 'predicted_ms': 270.152, 'predicted_per_token_ms': 2.1271811023622047, 'predicted_per_second': 470.1057182623116}",sweep-rtx5080-c/sweep,ok,limit,128,639,790.617706021294,True
512,128,False,rate-1.2,1788845501.242444,8,462.96802604286285,RTX 5080,False,1788845500.9678648,0.11706352233886719,True,512,512,1109.8422340583056,4.026318986130349,128,True,open-loop,measure,1788845500.1324847,,,rate-1.2-15,etri-ser0002-CGNMSB,False,sweep-rtx5080-c,etri-ser0002-cgnmsb,1788845500.1326017,"{'cache_n': 0, 'prompt_n': 512, 'prompt_ms': 22.66, 'prompt_per_token_ms': 0.0442578125, 'prompt_per_second': 22594.88084730803, 'predicted_n': 128, 'predicted_ms': 274.317, 'predicted_per_token_ms': 2.159976377952756, 'predicted_per_second': 462.96802604286285}",sweep-rtx5080-c/sweep,ok,limit,128,639,835.2629330474883,True
512,128,False,rate-1.2,1788845501.5365596,8,469.3395616294583,RTX 5080,False,1788845501.2652588,0.20432472229003906,True,512,512,1155.5048199370503,4.026318986130349,128,True,open-loop,measure,1788845500.3808506,,,rate-1.2-16,etri-ser0002-CGNMSB,False,sweep-rtx5080-c,etri-ser0002-cgnmsb,1788845500.3810549,"{'cache_n': 0, 'prompt_n': 512, 'prompt_ms': 22.692, 'prompt_per_token_ms': 0.0443203125, 'prompt_per_second': 22563.017803631235, 'predicted_n': 128, 'predicted_ms': 270.593, 'predicted_per_token_ms': 2.1306535433070866, 'predicted_per_second': 469.3395616294583}",sweep-rtx5080-c/sweep,ok,limit,128,639,884.2034679837525,True
512,128,False,rate-1.2,1788845501.838974,8,454.03356988363157,RTX 5080,False,1788845501.5590239,0.2796649932861328,True,512,512,1209.4781750347465,4.026318986130349,128,True,open-loop,measure,1788845500.6292162,,,rate-1.2-17,etri-ser0002-CGNMSB,False,sweep-rtx5080-c,etri-ser0002-cgnmsb,1788845500.6294959,"{'cache_n': 0, 'prompt_n': 512, 'prompt_ms': 22.857, 'prompt_per_token_ms': 0.044642578125, 'prompt_per_second': 22400.140000875006, 'predicted_n': 128, 'predicted_ms': 279.715, 'predicted_per_token_ms': 2.2024803149606296, 'predicted_per_second': 454.03356988363157}",sweep-rtx5080-c/sweep,ok,limit,128,639,929.5289400033653,True
512,128,False,rate-1.2,1788845502.1334794,8,467.3447458674949,RTX 5080,False,1788845501.861505,0.2243518829345703,True,512,512,1255.6724918540567,4.026318986130349,128,True,open-loop,measure,1788845500.877582,,,rate-1.2-18,etri-ser0002-CGNMSB,False,sweep-rtx5080-c,etri-ser0002-cgnmsb,1788845500.8778064,"{'cache_n': 0, 'prompt_n': 512, 'prompt_ms': 22.748, 'prompt_per_token_ms': 0.0444296875, 'prompt_per_second': 22507.473184455775, 'predicted_n': 128, 'predicted_ms': 271.748, 'predicted_per_token_ms': 2.139748031496063, 'predicted_per_second': 467.3447458674949}",sweep-rtx5080-c/sweep,ok,limit,128,639,983.6983738932759,True
512,128,False,rate-1.2,1788845502.4269586,8,469.5859878499247,RTX 5080,False,1788845502.1565263,0.12993812561035156,True,512,512,1300.8804209530354,4.026318986130349,128,True,open-loop,measure,1788845501.125948,,,rate-1.2-19,etri-ser0002-CGNMSB,False,sweep-rtx5080-c,etri-ser0002-cgnmsb,1788845501.126078,"{'cache_n': 0, 'prompt_n': 512, 'prompt_ms': 22.623, 'prompt_per_token_ms': 0.044185546875, 'prompt_per_second': 22631.834858330018, 'predicted_n': 128, 'predicted_ms': 270.451, 'predicted_per_token_ms': 2.1295354330708665, 'predicted_per_second': 469.5859878499247}",sweep-rtx5080-c/sweep,ok,limit,128,639,1030.4483440704644,True
512,128,False,rate-1.2,1788845502.7209585,8,467.8784842210745,RTX 5080,False,1788845502.449452,0.3914833068847656,True,512,512,1346.251942915842,4.026318986130349,128,True,open-loop,measure,1788845501.3743138,,,rate-1.2-20,etri-ser0002-CGNMSB,False,sweep-rtx5080-c,etri-ser0002-cgnmsb,1788845501.3747053,"{'cache_n': 0, 'prompt_n': 512, 'prompt_ms': 22.512, 'prompt_per_token_ms': 0.04396875, 'prompt_per_second': 22743.425728500355, 'predicted_n': 128, 'predicted_ms': 271.438, 'predicted_per_token_ms': 2.137307086614173, 'predicted_per_second': 467.8784842210745}",sweep-rtx5080-c/sweep,ok,limit,128,639,1074.7456399258226,True
512,128,False,rate-1.2,1788845503.0342736,8,437.8283712784589,RTX 5080,False,1788845502.7440534,0.2498626708984375,True,512,512,1411.3433549646288,4.026318986130349,128,True,open-loop,measure,1788845501.6226795,,,rate-1.2-21,etri-ser0002-CGNMSB,False,sweep-rtx5080-c,etri-ser0002-cgnmsb,1788845501.6229293,"{'cache_n': 0, 'prompt_n': 512, 'prompt_ms': 22.936, 'prompt_per_token_ms': 0.044796875, 'prompt_per_second': 22322.985699337285, 'predicted_n': 128, 'predicted_ms': 290.068, 'predicted_per_token_ms': 2.284, 'predicted_per_second': 437.8283712784589}",sweep-rtx5080-c/sweep,ok,limit,128,639,1121.1231970228255,True
512,128,False,rate-1.2,1788845503.3415606,8,446.7206483429127,RTX 5080,False,1788845503.0571058,0.13136863708496094,True,512,512,1470.383482053876,4.026318986130349,128,True,open-loop,measure,1788845501.8710454,,,rate-1.2-22,etri-ser0002-CGNMSB,False,sweep-rtx5080-c,etri-ser0002-cgnmsb,1788845501.8711767,"{'cache_n': 0, 'prompt_n': 512, 'prompt_ms': 22.77, 'prompt_per_token_ms': 0.04447265625, 'prompt_per_second': 22485.726833552922, 'predicted_n': 128, 'predicted_ms': 284.294, 'predicted_per_token_ms': 2.238535433070866, 'predicted_per_second': 446.7206483429127}",sweep-rtx5080-c/sweep,ok,limit,128,639,1185.928920051083,True
512,128,False,rate-1.2,1788845503.642474,8,457.6065376480465,RTX 5080,False,1788845503.3644426,0.446319580078125,True,512,512,1522.6162138860673,4.026318986130349,128,True,open-loop,measure,1788845502.1194112,,,rate-1.2-23,etri-ser0002-CGNMSB,False,sweep-rtx5080-c,etri-ser0002-cgnmsb,1788845502.1198575,"{'cache_n': 0, 'prompt_n': 512, 'prompt_ms': 22.817, 'prompt_per_token_ms': 0.044564453125, 'prompt_per_second': 22439.409212429327, 'predicted_n': 128, 'predicted_ms': 277.531, 'predicted_per_token_ms': 2.185283464566929, 'predicted_per_second': 457.6065376480465}",sweep-rtx5080-c/sweep,ok,limit,128,639,1244.5850148797035,True
512,128,False,rate-1.2,1788845503.9543753,8,439.8298862676105,RTX 5080,False,1788845503.665331,0.11467933654785156,True,512,512,1586.483501829207,4.026318986130349,128,True,open-loop,measure,1788845502.367777,,,rate-1.2-24,etri-ser0002-CGNMSB,False,sweep-rtx5080-c,etri-ser0002-cgnmsb,1788845502.3678918,"{'cache_n': 0, 'prompt_n': 512, 'prompt_ms': 22.96, 'prompt_per_token_ms': 0.04484375, 'prompt_per_second': 22299.65156794425, 'predicted_n': 128, 'predicted_ms': 288.748, 'predicted_per_token_ms': 2.2736062992125983, 'predicted_per_second': 439.8298862676105}",sweep-rtx5080-c/sweep,ok,limit,128,639,1297.4394399207085,True
512,128,False,rate-1.2,1788845504.266439,8,439.5056772367205,RTX 5080,False,1788845503.9769578,0.24199485778808594,True,512,512,1650.0538720283657,4.026318986130349,128,True,open-loop,measure,1788845502.6161427,,,rate-1.2-25,etri-ser0002-CGNMSB,False,sweep-rtx5080-c,etri-ser0002-cgnmsb,1788845502.6163847,"{'cache_n': 0, 'prompt_n': 512, 'prompt_ms': 22.88, 'prompt_per_token_ms': 0.0446875, 'prompt_per_second': 22377.622377622378, 'predicted_n': 128, 'predicted_ms': 288.961, 'predicted_per_token_ms': 2.2752834645669293, 'predicted_per_second': 439.5056772367205}",sweep-rtx5080-c/sweep,ok,limit,128,639,1360.5725790839642,True
512,128,False,rate-1.2,1788845504.559873,8,469.3256861578486,RTX 5080,False,1788845504.28944,0.24199485778808594,True,512,512,1695.1222959905863,4.026318986130349,128,True,open-loop,measure,1788845502.8645086,,,rate-1.2-26,etri-ser0002-CGNMSB,False,sweep-rtx5080-c,etri-ser0002-cgnmsb,1788845502.8647506,"{'cache_n': 0, 'prompt_n': 512, 'prompt_ms': 22.722, 'prompt_per_token_ms': 0.04437890625, 'prompt_per_second': 22533.227708828446, 'predicted_n': 128, 'predicted_ms': 270.601, 'predicted_per_token_ms': 2.130716535433071, 'predicted_per_second': 469.3256861578486}",sweep-rtx5080-c/sweep,ok,limit,128,639,1424.6892759110779,True
512,128,False,rate-1.2,1788845504.865543,8,449.57661918382377,RTX 5080,False,1788845504.5830605,0.26345252990722656,True,512,512,1752.4044439196587,4.026318986130349,128,True,open-loop,measure,1788845503.1128745,,,rate-1.2-27,etri-ser0002-CGNMSB,False,sweep-rtx5080-c,etri-ser0002-cgnmsb,1788845503.113138,"{'cache_n': 0, 'prompt_n': 512, 'prompt_ms': 22.845, 'prompt_per_token_ms': 0.044619140625, 'prompt_per_second': 22411.906325235283, 'predicted_n': 128, 'predicted_ms': 282.488, 'predicted_per_token_ms': 2.224314960629921, 'predicted_per_second': 449.57661918382377}",sweep-rtx5080-c/sweep,ok,limit,128,639,1469.9219539761543,True
512,128,False,rate-1.2,1788845505.1706836,8,450.1678381664345,RTX 5080,False,1788845504.8887143,0.18072128295898438,True,512,512,1809.2621541582048,4.026318986130349,128,True,open-loop,measure,1788845503.3612404,,,rate-1.2-28,etri-ser0002-CGNMSB,False,sweep-rtx5080-c,etri-ser0002-cgnmsb,1788845503.361421,"{'cache_n': 0, 'prompt_n': 512, 'prompt_ms': 22.903, 'prompt_per_token_ms': 0.044732421875, 'prompt_per_second': 22355.149980351922, 'predicted_n': 128, 'predicted_ms': 282.117, 'predicted_per_token_ms': 2.221393700787402, 'predicted_per_second': 450.1678381664345}",sweep-rtx5080-c/sweep,ok,limit,128,639,1527.2930720821023,True
512,128,False,rate-1.2,1788845505.4659584,8,466.5738417396224,RTX 5080,False,1788845505.19368,0.2906322479248047,True,512,512,1856.0614860616624,4.026318986130349,128,True,open-loop,measure,1788845503.609606,,,rate-1.2-29,etri-ser0002-CGNMSB,False,sweep-rtx5080-c,etri-ser0002-cgnmsb,1788845503.6098967,"{'cache_n': 0, 'prompt_n': 512, 'prompt_ms': 22.742, 'prompt_per_token_ms': 0.04441796875, 'prompt_per_second': 22513.411309471463, 'predicted_n': 128, 'predicted_ms': 272.197, 'predicted_per_token_ms': 2.143283464566929, 'predicted_per_second': 466.5738417396224}",sweep-rtx5080-c/sweep,ok,limit,128,639,1583.7832300458103,True
512,128,False,rate-1.2,1788845505.7661734,8,458.336491163489,RTX 5080,False,1788845505.4889548,0.2601146697998047,True,512,512,1907.9408629331738,4.026318986130349,128,True,open-loop,measure,1788845503.857972,,,rate-1.2-30,etri-ser0002-CGNMSB,False,sweep-rtx5080-c,etri-ser0002-cgnmsb,1788845503.858232,"{'cache_n': 0, 'prompt_n': 512, 'prompt_ms': 22.8, 'prompt_per_token_ms': 0.04453125, 'prompt_per_second': 22456.14035087719, 'predicted_n': 128, 'predicted_ms': 277.089, 'predicted_per_token_ms': 2.1818031496062993, 'predicted_per_second': 458.336491163489}",sweep-rtx5080-c/sweep,ok,limit,128,639,1630.7225660420954,True
512,128,False,rate-1.2,1788845506.0651946,8,459.82671412174915,RTX 5080,False,1788845505.7887053,0.32591819763183594,True,512,512,1958.5303298663348,4.026318986130349,128,True,open-loop,measure,1788845504.1063378,,,rate-1.2-31,etri-ser0002-CGNMSB,False,sweep-rtx5080-c,etri-ser0002-cgnmsb,1788845504.1066637,"{'cache_n': 0, 'prompt_n': 512, 'prompt_ms': 22.671, 'prompt_per_token_ms': 0.044279296875, 'prompt_per_second': 22583.91778042433, 'predicted_n': 128, 'predicted_ms': 276.191, 'predicted_per_token_ms': 2.1747322834645666, 'predicted_per_second': 459.82671412174915}",sweep-rtx5080-c/sweep,ok,limit,128,639,1682.0413388777524,True
,0,,rate-1.2,1788845506.341751,8,,RTX 5080,,,,,512,,,4.026318986130349,,,open-loop,measure,1788845506.34163,,bounded client inflight limit,rate-1.2-40,,,sweep-rtx5080-c,,,,sweep-rtx5080-c/sweep,not_sent,,128,,,
512,128,False,rate-1.2,1788845506.3585007,8,469.72319618895443,RTX 5080,False,1788845506.0881972,0.23031234741210938,True,512,512,2003.5659039858729,4.026318986130349,128,True,open-loop,measure,1788845504.3547037,,,rate-1.2-32,etri-ser0002-CGNMSB,False,sweep-rtx5080-c,etri-ser0002-cgnmsb,1788845504.354934,"{'cache_n': 0, 'prompt_n': 512, 'prompt_ms': 22.704, 'prompt_per_token_ms': 0.04434375, 'prompt_per_second': 22551.092318534178, 'predicted_n': 128, 'predicted_ms': 270.372, 'predicted_per_token_ms': 2.1289133858267717, 'predicted_per_second': 469.72319618895443}",sweep-rtx5080-c/sweep,ok,limit,128,639,1733.262614812702,True
512,128,False,rate-1.2,1788845506.653734,8,466.3408400744676,RTX 5080,False,1788845506.3812163,0.1366138458251953,True,512,512,2050.5276969633996,4.026318986130349,128,True,open-loop,measure,1788845504.6030693,,,rate-1.2-33,etri-ser0002-CGNMSB,False,sweep-rtx5080-c,etri-ser0002-cgnmsb,1788845504.603206,"{'cache_n': 0, 'prompt_n': 512, 'prompt_ms': 22.662, 'prompt_per_token_ms': 0.04426171875, 'prompt_per_second': 22592.886770805755, 'predicted_n': 128, 'predicted_ms': 272.333, 'predicted_per_token_ms': 2.1443543307086617, 'predicted_per_second': 466.3408400744676}",sweep-rtx5080-c/sweep,ok,limit,128,639,1778.0103150289506,True
512,128,False,rate-1.2,1788845506.9525135,8,460.56210335448776,RTX 5080,False,1788845506.6766756,0.2567768096923828,True,512,512,2100.8211909793317,4.026318986130349,128,True,open-loop,measure,1788845504.8514352,,,rate-1.2-34,etri-ser0002-CGNMSB,False,sweep-rtx5080-c,etri-ser0002-cgnmsb,1788845504.851692,"{'cache_n': 0, 'prompt_n': 512, 'prompt_ms': 22.624, 'prompt_per_token_ms': 0.0441875, 'prompt_per_second': 22630.834512022633, 'predicted_n': 128, 'predicted_ms': 275.75, 'predicted_per_token_ms': 2.171259842519685, 'predicted_per_second': 460.56210335448776}",sweep-rtx5080-c/sweep,ok,limit,128,639,1824.9835690949112,True
512,128,False,rate-1.2,1788845507.2564473,8,452.5660853389969,RTX 5080,False,1788845506.975397,0.37097930908203125,True,512,512,2156.2750418670475,4.026318986130349,128,True,open-loop,measure,1788845505.099801,,,rate-1.2-35,etri-ser0002-CGNMSB,False,sweep-rtx5080-c,etri-ser0002-cgnmsb,1788845505.100172,"{'cache_n': 0, 'prompt_n': 512, 'prompt_ms': 22.832, 'prompt_per_token_ms': 0.04459375, 'prompt_per_second': 22424.66713384723, 'predicted_n': 128, 'predicted_ms': 280.622, 'predicted_per_token_ms': 2.2096220472440944, 'predicted_per_second': 452.5660853389969}",sweep-rtx5080-c/sweep,ok,limit,128,639,1875.2249658573419,True
512,128,False,rate-1.2,1788845507.5503654,8,468.6381449309589,RTX 5080,False,1788845507.279171,0.1518726348876953,True,512,512,2202.046139165759,4.026318986130349,128,True,open-loop,measure,1788845505.3481667,,,rate-1.2-36,etri-ser0002-CGNMSB,False,sweep-rtx5080-c,etri-ser0002-cgnmsb,1788845505.3483186,"{'cache_n': 0, 'prompt_n': 512, 'prompt_ms': 22.723, 'prompt_per_token_ms': 0.044380859375, 'prompt_per_second': 22532.236060379353, 'predicted_n': 128, 'predicted_ms': 270.998, 'predicted_per_token_ms': 2.1338425196850395, 'predicted_per_second': 468.6381449309589}",sweep-rtx5080-c/sweep,ok,limit,128,639,1930.8522660285234,True
512,128,False,rate-1.2,1788845507.8447738,8,469.18004322367324,RTX 5080,False,1788845507.5729666,0.2505779266357422,True,512,512,2247.990559088066,4.026318986130349,128,True,open-loop,measure,1788845505.5965326,,,rate-1.2-37,etri-ser0002-CGNMSB,False,sweep-rtx5080-c,etri-ser0002-cgnmsb,1788845505.5967832,"{'cache_n': 0, 'prompt_n': 512, 'prompt_ms': 22.797, 'prompt_per_token_ms': 0.044525390625, 'prompt_per_second': 22459.095495021273, 'predicted_n': 128, 'predicted_ms': 270.685, 'predicted_per_token_ms': 2.1313779527559054, 'predicted_per_second': 469.18004322367324}",sweep-rtx5080-c/sweep,ok,limit,128,639,1976.1832191143185,True
512,128,False,rate-1.2,1788845508.1405473,8,463.9540575887541,RTX 5080,False,1788845507.8670294,0.1785755157470703,True,512,512,2295.4699608962983,4.026318986130349,128,True,open-loop,measure,1788845505.8448985,,,rate-1.2-38,etri-ser0002-CGNMSB,False,sweep-rtx5080-c,etri-ser0002-cgnmsb,1788845505.845077,"{'cache_n': 0, 'prompt_n': 512, 'prompt_ms': 22.892, 'prompt_per_token_ms': 0.0447109375, 'prompt_per_second': 22365.892014677618, 'predicted_n': 128, 'predicted_ms': 273.734, 'predicted_per_token_ms': 2.1553858267716532, 'predicted_per_second': 463.9540575887541}",sweep-rtx5080-c/sweep,ok,limit,128,639,2021.953099872917,True
512,128,False,rate-1.2,1788845508.4336364,8,470.21711442196613,RTX 5080,False,1788845508.163452,0.13113021850585938,True,512,512,2340.2404820080847,4.026318986130349,128,True,open-loop,measure,1788845506.0932643,,,rate-1.2-39,etri-ser0002-CGNMSB,False,sweep-rtx5080-c,etri-ser0002-cgnmsb,1788845506.0933955,"{'cache_n': 0, 'prompt_n': 512, 'prompt_ms': 22.648, 'prompt_per_token_ms': 0.044234375, 'prompt_per_second': 22606.852702225362, 'predicted_n': 128, 'predicted_ms': 270.088, 'predicted_per_token_ms': 2.126677165354331, 'predicted_per_second': 470.21711442196613}",sweep-rtx5080-c/sweep,ok,limit,128,639,2070.0563360005617,True
