actual_e2e_ms,block,client_latency_ms,completed_timestamp,concurrency,condition_id,error,eval_count,excluded,inference_ms,model,node_id,node_state,queue_wait_ms,request_id,response,role,run_order,stage_seconds,status,target_node,timestamp,tokens_per_second,ttft_ms,within_block_order
351.694,0,357.131,1788515933.4111273,1,warmup,,8,True,351.656,llama3.2:1b,etri-dev0001-jetorn,ACTIVE,0.038,65baec61-1c48-41ea-b7ca-9308d403d764,Edge computing reduces latency by processing data closer,nano,0,,ok,nano,1788515933.0540004,35.661,125.281,
257.962,1,269.285,1788515933.6848943,4,b01-o01-nano-c4,,8,False,257.948,llama3.2:1b,etri-dev0001-jetorn,ACTIVE,0.015,57360258-0dc6-4196-bd1a-992cdd2d2e14,Edge computing reduces latency by processing data closer,nano,1,12.0,ok,nano,1788515933.4156108,39.22,51.705,1
492.995,1,502.986,1788515933.9200864,4,b01-o01-nano-c4,,8,False,235.032,llama3.2:1b,etri-dev0001-jetorn,ACTIVE,257.963,942e23e7-bc34-4042-b57f-a4011d614ffb,Edge computing reduces latency by processing data closer,nano,1,12.0,ok,nano,1788515933.4171004,41.291,298.114,1
675.984,1,699.033,1788515934.1129203,4,b01-o01-nano-c4,,8,False,192.654,llama3.2:1b,etri-dev0001-jetorn,ACTIVE,483.33,5cc433b7-7de0-4cdc-909b-c8825fa4e2f6,Edge computing reduces latency by processing data closer,nano,1,12.0,ok,nano,1788515933.4138885,49.736,513.549,1
868.332,1,892.21,1788515934.3071196,4,b01-o01-nano-c4,,8,False,192.861,llama3.2:1b,etri-dev0001-jetorn,ACTIVE,675.471,38fea295-e1e7-48b9-92c9-3f9a3b66541d,Edge computing reduces latency by processing data closer,nano,1,12.0,ok,nano,1788515933.4149108,49.763,705.988,1
809.848,1,814.936,1788515934.4998667,4,b01-o01-nano-c4,,8,False,192.784,llama3.2:1b,etri-dev0001-jetorn,ACTIVE,617.064,3860a856-e87c-4dbc-88ec-68309b9e2e06,Edge computing reduces latency by processing data closer,nano,1,12.0,ok,nano,1788515933.684934,49.561,649.609,1
767.907,1,773.207,1788515934.6933124,4,b01-o01-nano-c4,,8,False,192.475,llama3.2:1b,etri-dev0001-jetorn,ACTIVE,575.433,d13d8004-4e92-4e9c-8dbb-329cc1ed0e7d,Edge computing reduces latency by processing data closer,nano,1,12.0,ok,nano,1788515933.92011,49.621,604.815,1
768.69,1,773.675,1788515934.886633,4,b01-o01-nano-c4,,8,False,193.42,llama3.2:1b,etri-dev0001-jetorn,ACTIVE,575.27,725856e8-0e78-47bf-b1e1-1a5e4e6f2044,Edge computing reduces latency by processing data closer,nano,1,12.0,ok,nano,1788515934.1129646,49.656,607.956,1
766.788,1,771.263,1788515935.0784137,4,b01-o01-nano-c4,,8,False,191.532,llama3.2:1b,etri-dev0001-jetorn,ACTIVE,575.256,b78a1d65-fbb8-481b-86b9-0311ef3d5132,Edge computing reduces latency by processing data closer,nano,1,12.0,ok,nano,1788515934.3071532,49.75,604.318,1
766.754,1,772.019,1788515935.2719939,4,b01-o01-nano-c4,,8,False,192.67,llama3.2:1b,etri-dev0001-jetorn,ACTIVE,574.083,4a2e9510-93fa-412b-9453-c7076e36640d,Edge computing reduces latency by processing data closer,nano,1,12.0,ok,nano,1788515934.4999778,49.816,604.697,1
765.63,1,771.512,1788515935.464909,4,b01-o01-nano-c4,,8,False,192.615,llama3.2:1b,etri-dev0001-jetorn,ACTIVE,573.016,87950ffc-6934-413d-9a45-3d067ecf60ab,Edge computing reduces latency by processing data closer,nano,1,12.0,ok,nano,1788515934.6934009,49.744,608.534,1
767.951,1,773.51,1788515935.6602204,4,b01-o01-nano-c4,,8,False,195.448,llama3.2:1b,etri-dev0001-jetorn,ACTIVE,572.504,5016d8a1-750f-4483-9b3c-611df1e918ba,Edge computing reduces latency by processing data closer,nano,1,12.0,ok,nano,1788515934.8867412,49.06,603.186,1
772.11,1,776.921,1788515935.8553631,4,b01-o01-nano-c4,,8,False,194.677,llama3.2:1b,etri-dev0001-jetorn,ACTIVE,577.434,99dc4472-8bf0-4572-b8db-f79d56c666a2,Edge computing reduces latency by processing data closer,nano,1,12.0,ok,nano,1788515935.0784476,49.772,609.709,1
770.451,1,776.021,1788515936.0480974,4,b01-o01-nano-c4,,8,False,192.369,llama3.2:1b,etri-dev0001-jetorn,ACTIVE,578.082,35987777-25e7-4678-83f5-35ac9fd48b4b,Edge computing reduces latency by processing data closer,nano,1,12.0,ok,nano,1788515935.2720783,49.866,608.376,1
771.193,1,776.815,1788515936.2418444,4,b01-o01-nano-c4,,8,False,192.756,llama3.2:1b,etri-dev0001-jetorn,ACTIVE,578.437,a8fb846e-c1de-4810-bcdc-c9ff9d645c6d,Edge computing reduces latency by processing data closer,nano,1,12.0,ok,nano,1788515935.4650328,49.732,613.285,1
766.924,1,774.86,1788515936.4351954,4,b01-o01-nano-c4,,8,False,193.077,llama3.2:1b,etri-dev0001-jetorn,ACTIVE,573.847,d5a52fe3-6cb4-49d8-b9dc-f1d2178c77d1,Edge computing reduces latency by processing data closer,nano,1,12.0,ok,nano,1788515935.660339,49.821,604.813,1
766.887,1,772.396,1788515936.6278663,4,b01-o01-nano-c4,,8,False,192.872,llama3.2:1b,etri-dev0001-jetorn,ACTIVE,574.015,36c79605-5a1b-4927-bc7a-cdf2a38515f4,Edge computing reduces latency by processing data closer,nano,1,12.0,ok,nano,1788515935.8554735,49.829,604.903,1
769.295,1,775.241,1788515936.823394,4,b01-o01-nano-c4,,8,False,194.66,llama3.2:1b,etri-dev0001-jetorn,ACTIVE,574.635,ec1be51f-5f07-4715-91ec-2103940957cb,Edge computing reduces latency by processing data closer,nano,1,12.0,ok,nano,1788515936.0481563,49.63,606.37,1
769.937,1,774.696,1788515937.016658,4,b01-o01-nano-c4,,8,False,193.621,llama3.2:1b,etri-dev0001-jetorn,ACTIVE,576.316,5bdb8206-ddf9-43b2-a17d-71db7fd8a0f7,Edge computing reduces latency by processing data closer,nano,1,12.0,ok,nano,1788515936.2419636,49.353,606.122,1
770.066,1,775.895,1788515937.2112172,4,b01-o01-nano-c4,,8,False,193.45,llama3.2:1b,etri-dev0001-jetorn,ACTIVE,576.616,d813d592-58cb-4a9b-a455-2d37f46f8350,Edge computing reduces latency by processing data closer,nano,1,12.0,ok,nano,1788515936.4353259,49.516,606.906,1
769.908,1,775.973,1788515937.404009,4,b01-o01-nano-c4,,8,False,192.536,llama3.2:1b,etri-dev0001-jetorn,ACTIVE,577.372,63dc2e0a-9365-4c60-b3c9-160815db03c9,Edge computing reduces latency by processing data closer,nano,1,12.0,ok,nano,1788515936.6280398,49.715,607.541,1
768.056,1,773.085,1788515937.5965655,4,b01-o01-nano-c4,,8,False,192.675,llama3.2:1b,etri-dev0001-jetorn,ACTIVE,575.381,c20b4e62-f8a4-4f20-8514-e704ad771c5d,Edge computing reduces latency by processing data closer,nano,1,12.0,ok,nano,1788515936.8234837,49.818,605.69,1
769.301,1,773.483,1788515937.790168,4,b01-o01-nano-c4,,8,False,193.44,llama3.2:1b,etri-dev0001-jetorn,ACTIVE,575.861,94aec9a3-2960-4b9c-9362-efdbb4dbb732,Edge computing reduces latency by processing data closer,nano,1,12.0,ok,nano,1788515937.0166883,49.481,606.873,1
766.204,1,771.272,1788515937.9825792,4,b01-o01-nano-c4,,8,False,192.081,llama3.2:1b,etri-dev0001-jetorn,ACTIVE,574.122,12b3ff60-4049-4ee8-ad32-8bd005af071d,Edge computing reduces latency by processing data closer,nano,1,12.0,ok,nano,1788515937.2113087,49.731,603.378,1
767.9,1,773.796,1788515938.1778934,4,b01-o01-nano-c4,,8,False,194.35,llama3.2:1b,etri-dev0001-jetorn,ACTIVE,573.55,8959c068-4bff-46a9-b639-b89092c470de,Edge computing reduces latency by processing data closer,nano,1,12.0,ok,nano,1788515937.404101,49.639,605.267,1
768.273,1,773.724,1788515938.3703797,4,b01-o01-nano-c4,,8,False,192.447,llama3.2:1b,etri-dev0001-jetorn,ACTIVE,575.826,1a42e809-bf0e-4f77-a7a5-69865e9f2249,Edge computing reduces latency by processing data closer,nano,1,12.0,ok,nano,1788515937.596658,49.67,609.563,1
768.26,1,772.805,1788515938.5630615,4,b01-o01-nano-c4,,8,False,192.783,llama3.2:1b,etri-dev0001-jetorn,ACTIVE,575.477,b1c42f6d-9346-4f53-8d00-4634d15e4742,Edge computing reduces latency by processing data closer,nano,1,12.0,ok,nano,1788515937.790258,49.638,605.421,1
768.249,1,773.197,1788515938.7558134,4,b01-o01-nano-c4,,8,False,192.231,llama3.2:1b,etri-dev0001-jetorn,ACTIVE,576.018,e6e848b7-05d5-4f1a-8679-b6c0dc8ec74f,Edge computing reduces latency by processing data closer,nano,1,12.0,ok,nano,1788515937.9826198,49.719,605.508,1
766.447,1,771.135,1788515938.9491758,4,b01-o01-nano-c4,,8,False,193.346,llama3.2:1b,etri-dev0001-jetorn,ACTIVE,573.101,91859752-a58c-4197-864c-5833b6423dac,Edge computing reduces latency by processing data closer,nano,1,12.0,ok,nano,1788515938.1780424,49.662,603.826,1
768.104,1,772.857,1788515939.1433015,4,b01-o01-nano-c4,,8,False,193.0,llama3.2:1b,etri-dev0001-jetorn,ACTIVE,575.105,07c75526-cc0c-41ab-8f6b-645fe53766ff,Edge computing reduces latency by processing data closer,nano,1,12.0,ok,nano,1788515938.3704445,49.863,606.127,1
768.611,1,773.729,1788515939.3368306,4,b01-o01-nano-c4,,8,False,193.116,llama3.2:1b,etri-dev0001-jetorn,ACTIVE,575.496,faccf325-befe-4c24-8efa-bffd6dd1a506,Edge computing reduces latency by processing data closer,nano,1,12.0,ok,nano,1788515938.5631027,49.622,605.624,1
769.024,1,775.063,1788515939.5309658,4,b01-o01-nano-c4,,8,False,193.205,llama3.2:1b,etri-dev0001-jetorn,ACTIVE,575.819,e629685b-41ab-4d9d-9c3d-9798bdeab6d3,Edge computing reduces latency by processing data closer,nano,1,12.0,ok,nano,1788515938.7559044,49.608,610.062,1
770.849,1,777.077,1788515939.726289,4,b01-o01-nano-c4,,8,False,194.753,llama3.2:1b,etri-dev0001-jetorn,ACTIVE,576.096,b9cb6e74-1a38-48dc-8e9d-9c5b752064f6,Edge computing reduces latency by processing data closer,nano,1,12.0,ok,nano,1788515938.949216,49.424,607.061,1
771.759,1,776.222,1788515939.9195466,4,b01-o01-nano-c4,,8,False,193.719,llama3.2:1b,etri-dev0001-jetorn,ACTIVE,578.039,89b3a0dc-23b2-4670-a0b6-2ace5811417e,Edge computing reduces latency by processing data closer,nano,1,12.0,ok,nano,1788515939.143326,49.776,608.627,1
771.627,1,776.868,1788515940.1137216,4,b01-o01-nano-c4,,8,False,193.917,llama3.2:1b,etri-dev0001-jetorn,ACTIVE,577.709,7c84a1d3-e5a1-4a1b-86d8-9013a22f47f3,Edge computing reduces latency by processing data closer,nano,1,12.0,ok,nano,1788515939.336855,49.704,609.117,1
771.411,1,777.252,1788515940.3083158,4,b01-o01-nano-c4,,8,False,194.13,llama3.2:1b,etri-dev0001-jetorn,ACTIVE,577.281,ae757f3f-b91f-414f-a09b-c1edc1c3b287,Edge computing reduces latency by processing data closer,nano,1,12.0,ok,nano,1788515939.5310643,49.531,608.479,1
772.603,1,776.955,1788515940.503336,4,b01-o01-nano-c4,,8,False,195.231,llama3.2:1b,etri-dev0001-jetorn,ACTIVE,577.372,6976c3c0-d8b8-4720-bb4b-d5d4c15e245f,Edge computing reduces latency by processing data closer,nano,1,12.0,ok,nano,1788515939.7263813,49.546,612.102,1
774.539,1,779.732,1788515940.6993,4,b01-o01-nano-c4,,8,False,195.148,llama3.2:1b,etri-dev0001-jetorn,ACTIVE,579.391,25f2ca70-f22d-45ce-abba-25aae91b7892,Edge computing reduces latency by processing data closer,nano,1,12.0,ok,nano,1788515939.9195716,49.563,611.695,1
774.703,1,780.346,1788515940.8940883,4,b01-o01-nano-c4,,8,False,193.639,llama3.2:1b,etri-dev0001-jetorn,ACTIVE,581.064,bf3b7038-25a0-4dee-9bcd-cca120e61bda,Edge computing reduces latency by processing data closer,nano,1,12.0,ok,nano,1788515940.1137462,49.51,611.505,1
775.37,1,780.314,1788515941.0886524,4,b01-o01-nano-c4,,8,False,194.759,llama3.2:1b,etri-dev0001-jetorn,ACTIVE,580.611,c7729f6d-49c2-45aa-b3f4-cd49d567d91c,Edge computing reduces latency by processing data closer,nano,1,12.0,ok,nano,1788515940.3083408,49.444,611.663,1
775.193,1,780.136,1788515941.283504,4,b01-o01-nano-c4,,8,False,193.784,llama3.2:1b,etri-dev0001-jetorn,ACTIVE,581.408,17ff4964-1ec9-440a-b8fa-57cdb337dfc3,Edge computing reduces latency by processing data closer,nano,1,12.0,ok,nano,1788515940.5033717,49.688,612.123,1
772.517,1,777.716,1788515941.477095,4,b01-o01-nano-c4,,8,False,193.837,llama3.2:1b,etri-dev0001-jetorn,ACTIVE,578.68,3f381ac6-710b-4c38-ae40-cb15e59e23d8,Edge computing reduces latency by processing data closer,nano,1,12.0,ok,nano,1788515940.6993828,49.519,609.303,1
771.388,1,776.725,1788515941.670914,4,b01-o01-nano-c4,,8,False,193.226,llama3.2:1b,etri-dev0001-jetorn,ACTIVE,578.162,6b0db922-b191-493b-ace4-b5ebe7edeea6,Edge computing reduces latency by processing data closer,nano,1,12.0,ok,nano,1788515940.8941925,49.397,608.606,1
769.815,1,774.762,1788515941.8634355,4,b01-o01-nano-c4,,8,False,192.097,llama3.2:1b,etri-dev0001-jetorn,ACTIVE,577.718,9310907e-762a-4fcb-9a64-b306403aadab,Edge computing reduces latency by processing data closer,nano,1,12.0,ok,nano,1788515941.088711,49.801,609.957,1
767.479,1,772.328,1788515942.055919,4,b01-o01-nano-c4,,8,False,192.123,llama3.2:1b,etri-dev0001-jetorn,ACTIVE,575.356,d25af887-015a-430e-9be6-ed853498d3fb,Edge computing reduces latency by processing data closer,nano,1,12.0,ok,nano,1788515941.2835927,49.77,605.093,1
767.11,1,772.268,1788515942.2494645,4,b01-o01-nano-c4,,8,False,192.887,llama3.2:1b,etri-dev0001-jetorn,ACTIVE,574.223,6eca4d50-2d15-4cb9-85e9-f3a4cb1cf996,Edge computing reduces latency by processing data closer,nano,1,12.0,ok,nano,1788515941.4771998,49.718,604.97,1
767.261,1,772.401,1788515942.4434297,4,b01-o01-nano-c4,,8,False,193.45,llama3.2:1b,etri-dev0001-jetorn,ACTIVE,573.811,b8882622-9aa1-49f1-931b-8b157a2f9898,Edge computing reduces latency by processing data closer,nano,1,12.0,ok,nano,1788515941.6710315,49.347,603.353,1
777.465,1,783.086,1788515942.6466455,4,b01-o01-nano-c4,,8,False,202.955,llama3.2:1b,etri-dev0001-jetorn,ACTIVE,574.51,b9a7c500-f62a-48ee-9942-1d92f8c492bc,Edge computing reduces latency by processing data closer,nano,1,12.0,ok,nano,1788515941.863563,49.611,614.742,1
778.905,1,783.665,1788515942.839631,4,b01-o01-nano-c4,,8,False,193.076,llama3.2:1b,etri-dev0001-jetorn,ACTIVE,585.828,ca89cbfa-c103-4b2f-aceb-a752d5b11b09,Edge computing reduces latency by processing data closer,nano,1,12.0,ok,nano,1788515942.05597,49.671,618.676,1
781.088,1,786.593,1788515943.0361352,4,b01-o01-nano-c4,,8,False,195.599,llama3.2:1b,etri-dev0001-jetorn,ACTIVE,585.489,b0bd6b05-a3cf-4347-a2c1-3a34376ab989,Edge computing reduces latency by processing data closer,nano,1,12.0,ok,nano,1788515942.2495456,49.653,618.065,1
780.145,1,786.216,1788515943.229725,4,b01-o01-nano-c4,,8,False,193.412,llama3.2:1b,etri-dev0001-jetorn,ACTIVE,586.734,42c39bae-c38f-40f2-9f0b-4df7054a34dc,Edge computing reduces latency by processing data closer,nano,1,12.0,ok,nano,1788515942.443512,49.747,617.584,1
771.667,1,776.453,1788515943.423215,4,b01-o01-nano-c4,,8,False,193.661,llama3.2:1b,etri-dev0001-jetorn,ACTIVE,578.006,3a659f97-0cfa-4dd9-9a2a-6c5d859027d6,Edge computing reduces latency by processing data closer,nano,1,12.0,ok,nano,1788515942.6467648,49.44,608.51,1
772.05,1,778.187,1788515943.617911,4,b01-o01-nano-c4,,8,False,193.944,llama3.2:1b,etri-dev0001-jetorn,ACTIVE,578.106,7324425d-03e3-418b-8e18-c6bcdc9d9376,Edge computing reduces latency by processing data closer,nano,1,12.0,ok,nano,1788515942.839727,49.392,608.541,1
769.9,1,775.796,1788515943.812018,4,b01-o01-nano-c4,,8,False,193.698,llama3.2:1b,etri-dev0001-jetorn,ACTIVE,576.202,d01a53e2-6b21-4ef2-8290-71c73d5e68fc,Edge computing reduces latency by processing data closer,nano,1,12.0,ok,nano,1788515943.0362232,49.514,606.352,1
772.542,1,777.987,1788515944.0078375,4,b01-o01-nano-c4,,8,False,195.275,llama3.2:1b,etri-dev0001-jetorn,ACTIVE,577.267,55f347df-954d-480b-ab80-c2080afa0770,Edge computing reduces latency by processing data closer,nano,1,12.0,ok,nano,1788515943.2298508,49.097,608.42,1
772.683,1,777.322,1788515944.2006173,4,b01-o01-nano-c4,,8,False,192.529,llama3.2:1b,etri-dev0001-jetorn,ACTIVE,580.154,1b6a79f9-c078-4953-97c2-90b0864287ee,Edge computing reduces latency by processing data closer,nano,1,12.0,ok,nano,1788515943.423296,49.643,615.265,1
769.831,1,775.131,1788515944.3931532,4,b01-o01-nano-c4,,8,False,192.198,llama3.2:1b,etri-dev0001-jetorn,ACTIVE,577.633,43376eac-114b-4cf7-ab90-3db85f1e33ca,Edge computing reduces latency by processing data closer,nano,1,12.0,ok,nano,1788515943.6180224,49.695,611.915,1
770.425,1,774.894,1788515944.5869617,4,b01-o01-nano-c4,,8,False,193.384,llama3.2:1b,etri-dev0001-jetorn,ACTIVE,577.041,02559812-9c9d-4285-84ce-0e29a83f3b76,Edge computing reduces latency by processing data closer,nano,1,12.0,ok,nano,1788515943.812069,49.277,606.838,1
767.129,1,771.584,1788515944.7794473,4,b01-o01-nano-c4,,8,False,191.994,llama3.2:1b,etri-dev0001-jetorn,ACTIVE,575.135,95728d20-3205-41a3-a67b-51292cf09aab,Edge computing reduces latency by processing data closer,nano,1,12.0,ok,nano,1788515944.0078642,49.671,604.584,1
769.385,1,774.183,1788515944.974826,4,b01-o01-nano-c4,,8,False,195.095,llama3.2:1b,etri-dev0001-jetorn,ACTIVE,574.29,c3a1b9c7-6166-473d-a32a-76056b2b7b7b,Edge computing reduces latency by processing data closer,nano,1,12.0,ok,nano,1788515944.2006454,49.696,606.546,1
770.68,1,775.231,1788515945.168406,4,b01-o01-nano-c4,,8,False,193.106,llama3.2:1b,etri-dev0001-jetorn,ACTIVE,577.574,ce9de42f-249e-4308-a458-e48754e7fe59,Edge computing reduces latency by processing data closer,nano,1,12.0,ok,nano,1788515944.393179,49.728,608.459,1
769.772,1,774.605,1788515945.3615959,4,b01-o01-nano-c4,,8,False,192.717,llama3.2:1b,etri-dev0001-jetorn,ACTIVE,577.054,8ff88b2a-fee8-4d37-a64f-69bba8c3d526,Edge computing reduces latency by processing data closer,nano,1,12.0,ok,nano,1788515944.5869944,49.69,607.294,1
769.457,1,775.395,1788515945.5548644,4,b01-o01-nano-c4,,8,False,192.454,llama3.2:1b,etri-dev0001-jetorn,ACTIVE,577.003,d20e9346-5ea2-400d-809c-299d6c9af0e7,Edge computing reduces latency by processing data closer,nano,1,12.0,ok,nano,1788515944.7794726,49.76,607.186,1
770.088,1,775.555,1788515945.7504425,4,b01-o01-nano-c4,,8,False,195.155,llama3.2:1b,etri-dev0001-jetorn,ACTIVE,574.933,8341f1b0-7ed6-44a5-a095-db4cd4deba02,Edge computing reduces latency by processing data closer,nano,1,12.0,ok,nano,1788515944.9748907,49.138,605.76,1
771.949,1,777.15,1788515945.9456463,4,b01-o01-nano-c4,,8,False,195.175,llama3.2:1b,etri-dev0001-jetorn,ACTIVE,576.774,6d3157c5-cdc8-41ec-a2e1-be03ba941a88,Edge computing reduces latency by processing data closer,nano,1,12.0,ok,nano,1788515945.168501,49.23,608.082,1
773.893,1,778.361,1788515946.1400445,4,b01-o01-nano-c4,,8,False,194.588,llama3.2:1b,etri-dev0001-jetorn,ACTIVE,579.305,a148a392-b594-45f8-a69d-6c4dfc644752,Edge computing reduces latency by processing data closer,nano,1,12.0,ok,nano,1788515945.361684,49.419,612.798,1
297.791,1,315.947,1788515949.4596221,32,b01-o02-nano-c32,,8,False,297.776,llama3.2:1b,etri-dev0001-jetorn,ACTIVE,0.016,ca016539-c29e-4211-82df-74acf39f863e,Edge computing reduces latency by processing data closer,nano,2,12.0,ok,nano,1788515949.1436775,39.17,122.013,2
533.274,1,549.684,1788515949.6973882,32,b01-o02-nano-c32,,8,False,236.548,llama3.2:1b,etri-dev0001-jetorn,ACTIVE,296.725,dc5208c9-acaf-4fa9-b58a-b17011dd8b0d,Edge computing reduces latency by processing data closer,nano,2,12.0,ok,nano,1788515949.1477077,40.509,334.018,2
761.924,1,780.74,1788515949.9253113,32,b01-o02-nano-c32,,8,False,228.654,llama3.2:1b,etri-dev0001-jetorn,ACTIVE,533.27,d542cd18-bccf-43cf-a913-1c978862ad14,Edge computing reduces latency by processing data closer,nano,2,12.0,ok,nano,1788515949.144573,42.357,571.354,2
961.244,1,980.622,1788515950.125958,32,b01-o02-nano-c32,,8,False,199.242,llama3.2:1b,etri-dev0001-jetorn,ACTIVE,762.002,1ea8d567-ff28-464c-abf1-dec83b3d9554,Edge computing reduces latency by processing data closer,nano,2,12.0,ok,nano,1788515949.1453393,48.058,793.209,2
,1,1014.925,1788515950.1792984,32,b01-o02-nano-c32,ConnectionResetError:[Errno 104] Connection reset by peer,,False,,,,,,060cb4ed-0c11-42fd-be42-ba9c5e6774de,,,2,12.0,error,nano,1788515949.1643758,,,2
,1,1010.305,1788515950.181202,32,b01-o02-nano-c32,ConnectionResetError:[Errno 104] Connection reset by peer,,False,,,,,,2ac9b0b8-1f45-4ce0-9cb1-1c809d7585b8,,,2,12.0,error,nano,1788515949.1708994,,,2
,1,1016.57,1788515950.181705,32,b01-o02-nano-c32,ConnectionResetError:[Errno 104] Connection reset by peer,,False,,,,,,ab73fc86-8f8c-4ad5-9963-6fef4bf20f44,,,2,12.0,error,nano,1788515949.1651378,,,2
1154.141,1,1172.568,1788515950.319182,32,b01-o02-nano-c32,,8,False,193.525,llama3.2:1b,etri-dev0001-jetorn,ACTIVE,960.616,97ac24a0-8a29-4608-9ade-1665e047cfed,Edge computing reduces latency by processing data closer,nano,2,12.0,ok,nano,1788515949.146619,49.742,991.987,2
1339.153,1,1362.295,1788515950.511652,32,b01-o02-nano-c32,,8,False,191.869,llama3.2:1b,etri-dev0001-jetorn,ACTIVE,1147.284,b1f51262-f9f9-4e03-8151-0c6a22653b8f,Edge computing reduces latency by processing data closer,nano,2,12.0,ok,nano,1788515949.1493886,49.736,1187.931,2
1517.241,1,1554.363,1788515950.704809,32,b01-o02-nano-c32,,8,False,192.723,llama3.2:1b,etri-dev0001-jetorn,ACTIVE,1324.518,8a0b3dc9-14f9-4fcc-b126-30619bbe0c23,Edge computing reduces latency by processing data closer,nano,2,12.0,ok,nano,1788515949.150448,49.652,1354.388,2
1704.571,1,1746.861,1788515950.8984005,32,b01-o02-nano-c32,,8,False,193.006,llama3.2:1b,etri-dev0001-jetorn,ACTIVE,1511.565,b4eccac4-0f8e-41bb-bc56-ddc4511bc63a,Edge computing reduces latency by processing data closer,nano,2,12.0,ok,nano,1788515949.1515446,49.715,1542.04,2
1906.641,1,1948.032,1788515951.1005216,32,b01-o02-nano-c32,,8,False,201.788,llama3.2:1b,etri-dev0001-jetorn,ACTIVE,1704.853,4ee20e18-029b-46b5-ad65-ffffdb473d1e,Edge computing reduces latency by processing data closer,nano,2,12.0,ok,nano,1788515949.1524944,46.989,1734.978,2
2099.308,1,2138.415,1788515951.2932045,32,b01-o02-nano-c32,,8,False,192.611,llama3.2:1b,etri-dev0001-jetorn,ACTIVE,1906.697,6407fa71-a8b2-44db-afc5-019544fae858,Edge computing reduces latency by processing data closer,nano,2,12.0,ok,nano,1788515949.1547916,49.735,1937.24,2
2282.186,1,2330.021,1788515951.4861193,32,b01-o02-nano-c32,,8,False,191.997,llama3.2:1b,etri-dev0001-jetorn,ACTIVE,2090.189,8e12ecd2-32b7-4f07-894b-59339f866d49,Edge computing reduces latency by processing data closer,nano,2,12.0,ok,nano,1788515949.1560998,49.741,2123.868,2
2472.638,1,2525.82,1788515951.6795692,32,b01-o02-nano-c32,,8,False,192.924,llama3.2:1b,etri-dev0001-jetorn,ACTIVE,2279.715,3073737e-fd26-460c-82a4-9c8664ca44a9,Edge computing reduces latency by processing data closer,nano,2,12.0,ok,nano,1788515949.1537538,49.695,2310.016,2
2664.105,1,2709.591,1788515951.8729627,32,b01-o02-nano-c32,,8,False,193.742,llama3.2:1b,etri-dev0001-jetorn,ACTIVE,2470.363,1b99112c-1b8e-4892-b592-cd8021f70087,Edge computing reduces latency by processing data closer,nano,2,12.0,ok,nano,1788515949.1633716,49.5,2500.708,2
2855.681,1,2900.587,1788515952.0666208,32,b01-o02-nano-c32,,8,False,193.397,llama3.2:1b,etri-dev0001-jetorn,ACTIVE,2662.284,31f2552d-1696-4120-986f-b4fcc585099b,Edge computing reduces latency by processing data closer,nano,2,12.0,ok,nano,1788515949.166035,49.595,2694.244,2
3046.871,1,3099.6,1788515952.260407,32,b01-o02-nano-c32,,8,False,193.22,llama3.2:1b,etri-dev0001-jetorn,ACTIVE,2853.65,f95e51b6-6ba7-4951-9a1b-0a4838baad67,Edge computing reduces latency by processing data closer,nano,2,12.0,ok,nano,1788515949.1608088,49.49,2883.446,2
3240.155,1,3282.627,1788515952.4541724,32,b01-o02-nano-c32,,8,False,193.496,llama3.2:1b,etri-dev0001-jetorn,ACTIVE,3046.659,fd35aa4d-022a-4ddb-a1b4-4a5809dd0ca5,Edge computing reduces latency by processing data closer,nano,2,12.0,ok,nano,1788515949.1715477,49.493,3076.75,2
3433.14,1,3474.651,1788515952.6480768,32,b01-o02-nano-c32,,8,False,193.568,llama3.2:1b,etri-dev0001-jetorn,ACTIVE,3239.572,21c34dd9-a737-4c4f-8f9c-a158c6d54ba8,Edge computing reduces latency by processing data closer,nano,2,12.0,ok,nano,1788515949.1734254,49.571,3270.402,2
3620.889,1,3672.948,1788515952.8406494,32,b01-o02-nano-c32,,8,False,192.059,llama3.2:1b,etri-dev0001-jetorn,ACTIVE,3428.83,20dd4090-bd7e-4767-961e-27790a6157c6,Edge computing reduces latency by processing data closer,nano,2,12.0,ok,nano,1788515949.1677036,49.582,3457.786,2
3570.189,1,3575.989,1788515953.0356936,32,b01-o02-nano-c32,,8,False,194.855,llama3.2:1b,etri-dev0001-jetorn,ACTIVE,3375.333,58b0d89e-aa41-4cc3-8978-bdb3c2a0a6af,Edge computing reduces latency by processing data closer,nano,2,12.0,ok,nano,1788515949.4597082,49.326,3406.506,2
3526.465,1,3531.38,1788515953.228861,32,b01-o02-nano-c32,,8,False,192.896,llama3.2:1b,etri-dev0001-jetorn,ACTIVE,3333.569,bf415e67-1847-45bf-a2c4-ce83cb38e75c,Edge computing reduces latency by processing data closer,nano,2,12.0,ok,nano,1788515949.6974845,49.715,3363.709,2
3493.487,1,3499.242,1788515953.4245863,32,b01-o02-nano-c32,,8,False,194.903,llama3.2:1b,etri-dev0001-jetorn,ACTIVE,3298.583,ce395cf7-22fb-4761-b41c-7e27e583e693,Edge computing reduces latency by processing data closer,nano,2,12.0,ok,nano,1788515949.92535,49.333,3329.545,2
3485.96,1,3490.645,1788515953.616676,32,b01-o02-nano-c32,,8,False,191.935,llama3.2:1b,etri-dev0001-jetorn,ACTIVE,3294.026,7586d2b4-e319-4cb5-8d78-ded26e6e5830,Edge computing reduces latency by processing data closer,nano,2,12.0,ok,nano,1788515950.1260355,49.841,3328.748,2
3625.936,1,4637.434,1788515953.8098505,32,b01-o02-nano-c32,,8,False,192.51,llama3.2:1b,etri-dev0001-jetorn,ACTIVE,3433.426,c2f7d09c-6c66-4003-a0cd-012ba0f71c04,Edge computing reduces latency by processing data closer,nano,2,12.0,ok,nano,1788515949.172421,49.697,3463.307,2
3817.045,1,4833.901,1788515954.0024765,32,b01-o02-nano-c32,,8,False,192.044,llama3.2:1b,etri-dev0001-jetorn,ACTIVE,3625.001,a14be7aa-2bf3-40b1-8b3d-ccb78b5257da,Edge computing reduces latency by processing data closer,nano,2,12.0,ok,nano,1788515949.168579,49.701,3654.789,2
4000.893,1,5038.591,1788515954.1959925,32,b01-o02-nano-c32,,8,False,193.444,llama3.2:1b,etri-dev0001-jetorn,ACTIVE,3807.449,7e246168-de1c-46f9-b84b-25cc9b866bfa,Edge computing reduces latency by processing data closer,nano,2,12.0,ok,nano,1788515949.1574068,49.785,3838.704,2
4194.292,1,5219.929,1788515954.3900352,32,b01-o02-nano-c32,,8,False,193.598,llama3.2:1b,etri-dev0001-jetorn,ACTIVE,4000.695,26dbb3ef-351f-422a-8f85-6ca351d22cf1,Edge computing reduces latency by processing data closer,nano,2,12.0,ok,nano,1788515949.1701105,49.393,4030.44,2
4383.081,1,5409.408,1788515954.5837505,32,b01-o02-nano-c32,,8,False,193.296,llama3.2:1b,etri-dev0001-jetorn,ACTIVE,4189.785,3e5406ba-b509-4574-a911-9ee0d477f926,Edge computing reduces latency by processing data closer,nano,2,12.0,ok,nano,1788515949.174343,49.617,4220.149,2
4577.408,1,5616.626,1788515954.7790325,32,b01-o02-nano-c32,,8,False,194.828,llama3.2:1b,etri-dev0001-jetorn,ACTIVE,4382.58,f976f787-cee5-41d1-93ae-0eece561babe,Edge computing reduces latency by processing data closer,nano,2,12.0,ok,nano,1788515949.162407,49.406,4417.67,2
4764.061,1,5809.283,1788515954.9785383,32,b01-o02-nano-c32,,8,False,198.102,llama3.2:1b,etri-dev0001-jetorn,ACTIVE,4565.958,43cfd4fc-3e83-4d7f-8abc-24ac258e46f1,Edge computing reduces latency by processing data closer,nano,2,12.0,ok,nano,1788515949.1692588,48.261,4597.957,2
4959.087,1,6014.715,1788515955.1732562,32,b01-o02-nano-c32,,8,False,194.943,llama3.2:1b,etri-dev0001-jetorn,ACTIVE,4764.144,d9552f12-f06c-4bae-9f4e-0bfec632dd5b,Edge computing reduces latency by processing data closer,nano,2,12.0,ok,nano,1788515949.1585457,49.223,4794.911,2
5151.925,1,6201.028,1788515955.3677583,32,b01-o02-nano-c32,,8,False,193.863,llama3.2:1b,etri-dev0001-jetorn,ACTIVE,4958.062,fc163496-f3ac-4fe5-845d-eaea61c0722b,Edge computing reduces latency by processing data closer,nano,2,12.0,ok,nano,1788515949.1667333,49.502,4988.774,2
5236.417,1,5241.273,1788515955.5605595,32,b01-o02-nano-c32,,8,False,193.147,llama3.2:1b,etri-dev0001-jetorn,ACTIVE,5043.27,9534df6c-872c-4bde-ab42-7da528784316,Edge computing reduces latency by processing data closer,nano,2,12.0,ok,nano,1788515950.3192928,49.617,5073.507,2
5354.951,1,6591.996,1788515955.753649,32,b01-o02-nano-c32,,8,False,192.711,llama3.2:1b,etri-dev0001-jetorn,ACTIVE,5162.24,b97b64da-972b-480f-a406-36ef355711c1,Edge computing reduces latency by processing data closer,nano,2,12.0,ok,nano,1788515949.1616535,49.722,5192.593,2
5429.797,1,5435.369,1788515955.9471347,32,b01-o02-nano-c32,,8,False,193.017,llama3.2:1b,etri-dev0001-jetorn,ACTIVE,5236.78,467806b4-91d3-480e-ab43-11307f7a459f,Edge computing reduces latency by processing data closer,nano,2,12.0,ok,nano,1788515950.5117662,49.676,5267.227,2
5430.602,1,5436.01,1788515956.140876,32,b01-o02-nano-c32,,8,False,192.975,llama3.2:1b,etri-dev0001-jetorn,ACTIVE,5237.627,9c9d5a37-9fe1-429e-b8f3-a4a234acef23,Edge computing reduces latency by processing data closer,nano,2,12.0,ok,nano,1788515950.704871,49.669,5267.438,2
5430.147,1,5435.547,1788515956.3340557,32,b01-o02-nano-c32,,8,False,192.714,llama3.2:1b,etri-dev0001-jetorn,ACTIVE,5237.433,c085e979-b769-4c22-8bbe-2f034e4bde00,Edge computing reduces latency by processing data closer,nano,2,12.0,ok,nano,1788515950.8985116,49.745,5267.72,2
5421.806,1,5427.762,1788515956.5283892,32,b01-o02-nano-c32,,8,False,193.345,llama3.2:1b,etri-dev0001-jetorn,ACTIVE,5228.461,5593fc15-d0e8-4884-91da-6c32a9c24525,Edge computing reduces latency by processing data closer,nano,2,12.0,ok,nano,1788515951.1006308,49.691,5265.494,2
5513.699,1,6539.963,1788515956.721811,32,b01-o02-nano-c32,,8,False,193.702,llama3.2:1b,etri-dev0001-jetorn,ACTIVE,5319.997,91c99d6f-6ccc-4ca6-a112-d58c6be245cc,Edge computing reduces latency by processing data closer,nano,2,12.0,ok,nano,1788515950.1818523,49.722,5351.185,2
5706.58,1,6737.273,1788515956.9167035,32,b01-o02-nano-c32,,8,False,194.484,llama3.2:1b,etri-dev0001-jetorn,ACTIVE,5512.097,10ec1879-a9cc-43f8-91a3-9b0794ac5329,Edge computing reduces latency by processing data closer,nano,2,12.0,ok,nano,1788515950.179434,49.523,5542.975,2
5898.773,1,6928.746,1788515957.1100547,32,b01-o02-nano-c32,,8,False,193.052,llama3.2:1b,etri-dev0001-jetorn,ACTIVE,5705.721,9e2b74a5-d805-42da-abb3-b4cda7336ace,Edge computing reduces latency by processing data closer,nano,2,12.0,ok,nano,1788515950.181312,49.718,5736.452,2
6089.138,1,8142.975,1788515957.302887,32,b01-o02-nano-c32,,8,False,192.382,llama3.2:1b,etri-dev0001-jetorn,ACTIVE,5896.756,e056b500-d62c-43b8-9652-297f571f88e7,Edge computing reduces latency by processing data closer,nano,2,12.0,ok,nano,1788515949.1599152,49.805,5927.074,2
6197.165,1,6202.194,1788515957.4954674,32,b01-o02-nano-c32,,8,False,192.005,llama3.2:1b,etri-dev0001-jetorn,ACTIVE,6005.16,108c6770-d2f2-4be5-a28e-38a2a3a43333,Edge computing reduces latency by processing data closer,nano,2,12.0,ok,nano,1788515951.2932768,49.805,6034.749,2
6200.741,1,6205.6,1788515957.6917932,32,b01-o02-nano-c32,,8,False,195.74,llama3.2:1b,etri-dev0001-jetorn,ACTIVE,6005.002,eaca3b39-a652-4a25-b456-28fe6c95b710,Edge computing reduces latency by processing data closer,nano,2,12.0,ok,nano,1788515951.486197,48.879,6035.645,2
6201.167,1,6206.715,1788515957.8863897,32,b01-o02-nano-c32,,8,False,194.405,llama3.2:1b,etri-dev0001-jetorn,ACTIVE,6006.763,742a02c5-d23a-4106-b996-fb27600c7438,Edge computing reduces latency by processing data closer,nano,2,12.0,ok,nano,1788515951.679678,49.518,6037.802,2
6203.813,1,6208.563,1788515958.0815496,32,b01-o02-nano-c32,,8,False,195.262,llama3.2:1b,etri-dev0001-jetorn,ACTIVE,6008.552,e7b88257-5994-42ff-9701-feaaa3d818f5,Edge computing reduces latency by processing data closer,nano,2,12.0,ok,nano,1788515951.8729892,49.692,6045.767,2
6203.922,1,6208.163,1788515958.274815,32,b01-o02-nano-c32,,8,False,193.171,llama3.2:1b,etri-dev0001-jetorn,ACTIVE,6010.751,273716cc-c7b5-43fa-8a69-c025d2a7ffd6,Edge computing reduces latency by processing data closer,nano,2,12.0,ok,nano,1788515952.0666523,49.676,6041.252,2
6204.61,1,6209.693,1788515958.4701285,32,b01-o02-nano-c32,,8,False,194.115,llama3.2:1b,etri-dev0001-jetorn,ACTIVE,6010.495,8734d016-fb57-4105-90fb-3462129b5a0d,Edge computing reduces latency by processing data closer,nano,2,12.0,ok,nano,1788515952.2604396,49.631,6041.587,2
6204.317,1,6209.855,1788515958.6640642,32,b01-o02-nano-c32,,8,False,192.952,llama3.2:1b,etri-dev0001-jetorn,ACTIVE,6011.365,3cebb4a5-7185-49c9-8fd7-0699022b5274,Edge computing reduces latency by processing data closer,nano,2,12.0,ok,nano,1788515952.454215,49.659,6041.77,2
6204.621,1,6209.407,1788515958.8575037,32,b01-o02-nano-c32,,8,False,193.607,llama3.2:1b,etri-dev0001-jetorn,ACTIVE,6011.014,ba0774b9-c611-4911-844e-8eede44caa50,Edge computing reduces latency by processing data closer,nano,2,12.0,ok,nano,1788515952.6481018,49.594,6041.651,2
6203.581,1,6209.376,1788515959.050085,32,b01-o02-nano-c32,,8,False,192.704,llama3.2:1b,etri-dev0001-jetorn,ACTIVE,6010.877,6da461af-e3a3-4b3e-95f9-83f54d0b7a4d,Edge computing reduces latency by processing data closer,nano,2,12.0,ok,nano,1788515952.84071,49.68,6041.412,2
6203.578,1,6208.903,1788515959.2446842,32,b01-o02-nano-c32,,8,False,194.102,llama3.2:1b,etri-dev0001-jetorn,ACTIVE,6009.476,57a49709-8efe-49ef-a36e-04f9c1462d91,Edge computing reduces latency by processing data closer,nano,2,12.0,ok,nano,1788515953.0357845,49.521,6040.232,2
6203.2,1,6208.587,1788515959.4375813,32,b01-o02-nano-c32,,8,False,192.523,llama3.2:1b,etri-dev0001-jetorn,ACTIVE,6010.677,f383902a-7fa8-40b3-a919-1f405a443a81,Edge computing reduces latency by processing data closer,nano,2,12.0,ok,nano,1788515953.2289975,49.558,6040.526,2
6202.343,1,6208.352,1788515959.6330473,32,b01-o02-nano-c32,,8,False,194.851,llama3.2:1b,etri-dev0001-jetorn,ACTIVE,6007.492,e28ec63c-2005-4fdc-b2ad-9981f7bc19b8,Edge computing reduces latency by processing data closer,nano,2,12.0,ok,nano,1788515953.424701,49.162,6038.029,2
6204.479,1,6209.724,1788515959.8264863,32,b01-o02-nano-c32,,8,False,192.989,llama3.2:1b,etri-dev0001-jetorn,ACTIVE,6011.49,f0208702-9b36-4a4e-96fc-9ccf37936ad8,Edge computing reduces latency by processing data closer,nano,2,12.0,ok,nano,1788515953.616766,49.627,6041.762,2
6206.024,1,6211.629,1788515960.021612,32,b01-o02-nano-c32,,8,False,194.97,llama3.2:1b,etri-dev0001-jetorn,ACTIVE,6011.055,f07db50f-c086-4a8b-8046-dbbff63d26b2,Edge computing reduces latency by processing data closer,nano,2,12.0,ok,nano,1788515953.809989,49.174,6041.473,2
6209.181,1,6215.288,1788515960.2178872,32,b01-o02-nano-c32,,8,False,195.255,llama3.2:1b,etri-dev0001-jetorn,ACTIVE,6013.926,f88dbf95-26dd-4bf2-8175-da82034914e4,Edge computing reduces latency by processing data closer,nano,2,12.0,ok,nano,1788515954.0026035,49.039,6044.055,2
6212.059,1,6217.553,1788515960.4136539,32,b01-o02-nano-c32,,8,False,196.03,llama3.2:1b,etri-dev0001-jetorn,ACTIVE,6016.029,70767012-8ce7-41a1-87c5-6f9b2fb3844d,Edge computing reduces latency by processing data closer,nano,2,12.0,ok,nano,1788515954.1961062,49.108,6048.047,2
6211.539,1,6217.464,1788515960.6076024,32,b01-o02-nano-c32,,8,False,193.117,llama3.2:1b,etri-dev0001-jetorn,ACTIVE,6018.422,b276b689-3fce-4604-89a9-052db9a78d46,Edge computing reduces latency by processing data closer,nano,2,12.0,ok,nano,1788515954.3901436,49.752,6049.07,2
6212.902,1,6218.14,1788515960.8019183,32,b01-o02-nano-c32,,8,False,193.918,llama3.2:1b,etri-dev0001-jetorn,ACTIVE,6018.983,f6ed6f80-af53-45c3-8fb5-9953f9ff560b,Edge computing reduces latency by processing data closer,nano,2,12.0,ok,nano,1788515954.583784,49.404,6049.323,2
6212.08,1,6216.507,1788515960.9955597,32,b01-o02-nano-c32,,8,False,194.044,llama3.2:1b,etri-dev0001-jetorn,ACTIVE,6018.036,9c993bf4-cc7f-454e-a793-fc5ea67898ac,Edge computing reduces latency by processing data closer,nano,2,12.0,ok,nano,1788515954.7790565,49.454,6048.488,2
6210.672,1,6216.041,1788515961.1946623,32,b01-o02-nano-c32,,8,False,198.621,llama3.2:1b,etri-dev0001-jetorn,ACTIVE,6012.051,6649424b-1bc1-4734-b45c-5c2c612ac259,Edge computing reduces latency by processing data closer,nano,2,12.0,ok,nano,1788515954.978624,48.221,6042.694,2
6210.037,1,6215.495,1788515961.3888643,32,b01-o02-nano-c32,,8,False,193.982,llama3.2:1b,etri-dev0001-jetorn,ACTIVE,6016.055,eb3e0a45-1292-4229-a61f-ff2f57599e5d,Edge computing reduces latency by processing data closer,nano,2,12.0,ok,nano,1788515955.1733701,49.696,6047.646,2
6209.553,1,6215.678,1788515961.5835211,32,b01-o02-nano-c32,,8,False,193.52,llama3.2:1b,etri-dev0001-jetorn,ACTIVE,6016.034,3f092edb-044b-4465-9e1e-e403d87d25f6,Edge computing reduces latency by processing data closer,nano,2,12.0,ok,nano,1788515955.3678463,49.525,6046.774,2
6211.402,1,6217.157,1788515961.7777426,32,b01-o02-nano-c32,,8,False,193.883,llama3.2:1b,etri-dev0001-jetorn,ACTIVE,6017.519,ac7dd39d-1fa7-4f04-a16b-ee0ee31030c2,Edge computing reduces latency by processing data closer,nano,2,12.0,ok,nano,1788515955.560589,49.56,6048.496,2
6213.618,1,6217.95,1788515961.9716206,32,b01-o02-nano-c32,,8,False,194.253,llama3.2:1b,etri-dev0001-jetorn,ACTIVE,6019.365,f488b74c-a105-4724-9bb1-e6fd18a02586,Edge computing reduces latency by processing data closer,nano,2,12.0,ok,nano,1788515955.7536714,49.418,6050.405,2
6214.164,1,6218.95,1788515962.166105,32,b01-o02-nano-c32,,8,False,193.944,llama3.2:1b,etri-dev0001-jetorn,ACTIVE,6020.22,7b6c06eb-0a88-4407-880b-673c82e705fe,Edge computing reduces latency by processing data closer,nano,2,12.0,ok,nano,1788515955.947159,49.461,6051.307,2
6213.865,1,6219.295,1788515962.3602996,32,b01-o02-nano-c32,,8,False,193.557,llama3.2:1b,etri-dev0001-jetorn,ACTIVE,6020.307,b475e4fd-eaca-4590-a819-675fa38273a5,Edge computing reduces latency by processing data closer,nano,2,12.0,ok,nano,1788515956.141006,49.603,6050.892,2
6214.467,1,6219.614,1788515962.5537546,32,b01-o02-nano-c32,,8,False,193.305,llama3.2:1b,etri-dev0001-jetorn,ACTIVE,6021.162,494f7e4a-8f3f-45d2-8f3e-fcf26725ec72,Edge computing reduces latency by processing data closer,nano,2,12.0,ok,nano,1788515956.3341444,49.685,6052.498,2
6214.666,1,6219.513,1788515962.747995,32,b01-o02-nano-c32,,8,False,194.017,llama3.2:1b,etri-dev0001-jetorn,ACTIVE,6020.649,6ea9f942-eba9-4516-b7be-5999484cd706,Edge computing reduces latency by processing data closer,nano,2,12.0,ok,nano,1788515956.5284822,49.5,6051.321,2
6216.127,1,6221.069,1788515962.9429765,32,b01-o02-nano-c32,,8,False,194.43,llama3.2:1b,etri-dev0001-jetorn,ACTIVE,6021.697,7d1f9ab7-dde9-4c42-a50f-123e06e56ac5,Edge computing reduces latency by processing data closer,nano,2,12.0,ok,nano,1788515956.7219088,49.622,6053.234,2
6216.543,1,6221.315,1788515963.138141,32,b01-o02-nano-c32,,8,False,195.271,llama3.2:1b,etri-dev0001-jetorn,ACTIVE,6021.271,71842946-85db-4eb1-9d98-72b4a7d628ff,Edge computing reduces latency by processing data closer,nano,2,12.0,ok,nano,1788515956.9168265,49.258,6052.793,2
6214.459,1,6220.196,1788515963.330331,32,b01-o02-nano-c32,,8,False,191.449,llama3.2:1b,etri-dev0001-jetorn,ACTIVE,6023.01,05d60793-0a71-4765-8bb3-e5f4de20bf4a,Edge computing reduces latency by processing data closer,nano,2,12.0,ok,nano,1788515957.1101356,49.793,6055.342,2
6214.564,1,6220.24,1788515963.523238,32,b01-o02-nano-c32,,8,False,192.062,llama3.2:1b,etri-dev0001-jetorn,ACTIVE,6022.502,746a4d67-cc95-4e25-9299-fbcfe37cf407,Edge computing reduces latency by processing data closer,nano,2,12.0,ok,nano,1788515957.3030019,49.694,6052.082,2
6216.391,1,6221.559,1788515963.7171452,32,b01-o02-nano-c32,,8,False,194.175,llama3.2:1b,etri-dev0001-jetorn,ACTIVE,6022.216,6f0705f9-36e6-4224-941d-e7c949b63700,Edge computing reduces latency by processing data closer,nano,2,12.0,ok,nano,1788515957.4955883,49.59,6053.194,2
6214.52,1,6219.781,1788515963.911654,32,b01-o02-nano-c32,,8,False,193.936,llama3.2:1b,etri-dev0001-jetorn,ACTIVE,6020.583,1794cb84-e04a-43f1-b5e3-d7f6f55cb73f,Edge computing reduces latency by processing data closer,nano,2,12.0,ok,nano,1788515957.6918757,49.407,6051.426,2
6214.292,1,6219.438,1788515964.1059158,32,b01-o02-nano-c32,,8,False,194.254,llama3.2:1b,etri-dev0001-jetorn,ACTIVE,6020.038,26b75766-3c47-4293-98c5-80522f5596bf,Edge computing reduces latency by processing data closer,nano,2,12.0,ok,nano,1788515957.8864784,49.606,6051.861,2
6213.845,1,6218.596,1788515964.3001926,32,b01-o02-nano-c32,,8,False,194.072,llama3.2:1b,etri-dev0001-jetorn,ACTIVE,6019.773,0fdc7bc5-ceb1-4731-beac-6b5d55a78449,Edge computing reduces latency by processing data closer,nano,2,12.0,ok,nano,1788515958.0815978,49.484,6050.393,2
6213.802,1,6219.37,1788515964.4942057,32,b01-o02-nano-c32,,8,False,193.465,llama3.2:1b,etri-dev0001-jetorn,ACTIVE,6020.337,d20d3b2b-820e-4c85-ae99-803a85c07f5b,Edge computing reduces latency by processing data closer,nano,2,12.0,ok,nano,1788515958.2748365,49.621,6051.031,2
6212.719,1,6218.002,1788515964.6882076,32,b01-o02-nano-c32,,8,False,193.649,llama3.2:1b,etri-dev0001-jetorn,ACTIVE,6019.07,d90f7861-89df-4f37-9b05-fd9a7ed813dc,Edge computing reduces latency by processing data closer,nano,2,12.0,ok,nano,1788515958.4702077,49.76,6050.17,2
6212.75,1,6218.563,1788515964.8827338,32,b01-o02-nano-c32,,8,False,193.794,llama3.2:1b,etri-dev0001-jetorn,ACTIVE,6018.956,4abd256a-da80-4742-975b-97655094be08,Edge computing reduces latency by processing data closer,nano,2,12.0,ok,nano,1788515958.664175,49.671,6049.908,2
6210.83,1,6218.826,1788515965.0764163,32,b01-o02-nano-c32,,8,False,193.585,llama3.2:1b,etri-dev0001-jetorn,ACTIVE,6017.245,1104ff19-7e69-4aac-8f5a-0b2f8f3f6f3b,Edge computing reduces latency by processing data closer,nano,2,12.0,ok,nano,1788515958.8575988,49.69,6048.391,2
6216.175,1,6221.569,1788515965.2716782,32,b01-o02-nano-c32,,8,False,194.15,llama3.2:1b,etri-dev0001-jetorn,ACTIVE,6022.026,a3872d33-8ef6-4edb-a7b2-282481b472a0,Edge computing reduces latency by processing data closer,nano,2,12.0,ok,nano,1788515959.0501127,49.569,6056.624,2
6215.479,1,6220.384,1788515965.465183,32,b01-o02-nano-c32,,8,False,193.527,llama3.2:1b,etri-dev0001-jetorn,ACTIVE,6021.952,88390905-95ee-485e-81ac-54044b6b14fb,Edge computing reduces latency by processing data closer,nano,2,12.0,ok,nano,1788515959.2448022,49.306,6051.624,2
6216.879,1,6221.706,1788515965.6593733,32,b01-o02-nano-c32,,8,False,194.117,llama3.2:1b,etri-dev0001-jetorn,ACTIVE,6022.762,6b090384-050f-4276-bdba-eaa1ff84eb43,Edge computing reduces latency by processing data closer,nano,2,12.0,ok,nano,1788515959.4376678,49.462,6053.722,2
6218.758,1,6224.336,1788515965.8574874,32,b01-o02-nano-c32,,8,False,196.871,llama3.2:1b,etri-dev0001-jetorn,ACTIVE,6021.887,d7b32cea-4418-4c78-a58f-f47002faf679,Edge computing reduces latency by processing data closer,nano,2,12.0,ok,nano,1788515959.6331563,48.848,6053.206,2
6221.647,1,6226.957,1788515966.0535269,32,b01-o02-nano-c32,,8,False,195.369,llama3.2:1b,etri-dev0001-jetorn,ACTIVE,6026.278,07860e39-9649-4027-bb36-b21694690212,Edge computing reduces latency by processing data closer,nano,2,12.0,ok,nano,1788515959.8265722,49.223,6060.197,2
6221.245,1,6227.151,1788515966.2488747,32,b01-o02-nano-c32,,8,False,194.949,llama3.2:1b,etri-dev0001-jetorn,ACTIVE,6026.296,64535088-4cdc-48f6-9635-771c2a2dd4fa,Edge computing reduces latency by processing data closer,nano,2,12.0,ok,nano,1788515960.0217278,49.215,6057.708,2
6219.472,1,6225.184,1788515966.4432096,32,b01-o02-nano-c32,,8,False,194.435,llama3.2:1b,etri-dev0001-jetorn,ACTIVE,6025.037,a9dc51f9-1b1f-4448-957b-681c9df17b49,Edge computing reduces latency by processing data closer,nano,2,12.0,ok,nano,1788515960.2180288,49.256,6055.916,2
6216.658,1,6222.581,1788515966.6363366,32,b01-o02-nano-c32,,8,False,192.68,llama3.2:1b,etri-dev0001-jetorn,ACTIVE,6023.978,6b021568-5d0a-43cc-b89d-fa09763202e5,Edge computing reduces latency by processing data closer,nano,2,12.0,ok,nano,1788515960.4137611,49.741,6055.961,2
6218.302,1,6223.356,1788515966.8310628,32,b01-o02-nano-c32,,8,False,194.384,llama3.2:1b,etri-dev0001-jetorn,ACTIVE,6023.919,5c46cf13-0c59-4827-93b4-1ad6ab9d6e5f,Edge computing reduces latency by processing data closer,nano,2,12.0,ok,nano,1788515960.6077104,49.393,6054.511,2
6217.358,1,6222.689,1788515967.024745,32,b01-o02-nano-c32,,8,False,193.182,llama3.2:1b,etri-dev0001-jetorn,ACTIVE,6024.176,385314f5-f9bd-4634-af8c-3c80404f2925,Edge computing reduces latency by processing data closer,nano,2,12.0,ok,nano,1788515960.8020585,49.663,6054.596,2
6217.564,1,6222.372,1788515967.2180223,32,b01-o02-nano-c32,,8,False,192.792,llama3.2:1b,etri-dev0001-jetorn,ACTIVE,6024.772,3e3cc63c-a49d-450c-af9d-ad896f3bff48,Edge computing reduces latency by processing data closer,nano,2,12.0,ok,nano,1788515960.9956539,49.687,6054.971,2
296.11,1,315.217,1788515970.5487196,16,b01-o03-nano-c16,,8,False,296.09,llama3.2:1b,etri-dev0001-jetorn,ACTIVE,0.02,5532bcf1-2e31-4282-99b9-a90dca92d1a8,Edge computing reduces latency by processing data closer,nano,3,12.0,ok,nano,1788515970.233504,38.532,86.212,3
535.018,1,554.932,1788515970.788599,16,b01-o03-nano-c16,,8,False,239.02,llama3.2:1b,etri-dev0001-jetorn,ACTIVE,295.998,dd660e61-f718-423a-a09f-462e428dea9b,Edge computing reduces latency by processing data closer,nano,3,12.0,ok,nano,1788515970.2336726,40.007,334.001,3
744.78,1,768.966,1788515971.0028315,16,b01-o03-nano-c16,,8,False,214.475,llama3.2:1b,etri-dev0001-jetorn,ACTIVE,530.304,1154c4a9-68dc-4f3c-a7bd-8d1274d7cac3,Edge computing reduces latency by processing data closer,nano,3,12.0,ok,nano,1788515970.2338662,45.749,568.561,3
942.056,1,966.037,1788515971.200088,16,b01-o03-nano-c16,,8,False,197.128,llama3.2:1b,etri-dev0001-jetorn,ACTIVE,744.928,4c85ab23-b63e-4eaa-9b6b-554ed838380e,Edge computing reduces latency by processing data closer,nano,3,12.0,ok,nano,1788515970.234088,48.498,775.381,3
,1,1062.972,1788515971.2995062,16,b01-o03-nano-c16,ConnectionResetError:[Errno 104] Connection reset by peer,,False,,,,,,108b3bb6-6110-4cf2-bea2-0f73f7077ca7,,,3,12.0,error,nano,1788515970.2365363,,,3
1138.603,1,1163.327,1788515971.3988667,16,b01-o03-nano-c16,,8,False,198.38,llama3.2:1b,etri-dev0001-jetorn,ACTIVE,940.223,02bc8484-32dd-4858-b233-03fa77a4a213,Edge computing reduces latency by processing data closer,nano,3,12.0,ok,nano,1788515970.2355423,48.269,970.868,3
1331.503,1,1360.113,1788515971.5943573,16,b01-o03-nano-c16,,8,False,194.469,llama3.2:1b,etri-dev0001-jetorn,ACTIVE,1137.034,60ae70db-7b9e-4082-8070-f768c6463e42,Edge computing reduces latency by processing data closer,nano,3,12.0,ok,nano,1788515970.23425,49.547,1170.019,3
1523.028,1,1552.755,1788515971.78847,16,b01-o03-nano-c16,,8,False,193.832,llama3.2:1b,etri-dev0001-jetorn,ACTIVE,1329.196,737e6d41-0dc6-4e15-8c7e-2147586255e7,Edge computing reduces latency by processing data closer,nano,3,12.0,ok,nano,1788515970.2357185,49.439,1362.666,3
1707.055,1,1746.034,1788515971.9814217,16,b01-o03-nano-c16,,8,False,192.925,llama3.2:1b,etri-dev0001-jetorn,ACTIVE,1514.13,04784e7a-b25d-44f4-82b8-a1e03c0522d7,Edge computing reduces latency by processing data closer,nano,3,12.0,ok,nano,1788515970.2353933,49.591,1543.903,3
1621.117,1,1625.949,1788515972.1746938,16,b01-o03-nano-c16,,8,False,192.667,llama3.2:1b,etri-dev0001-jetorn,ACTIVE,1428.45,3c2f35c0-83ca-4901-9ae4-048468d32965,Edge computing reduces latency by processing data closer,nano,3,12.0,ok,nano,1788515970.5487514,49.772,1458.958,3
1572.496,1,1579.377,1788515972.3680801,16,b01-o03-nano-c16,,8,False,192.608,llama3.2:1b,etri-dev0001-jetorn,ACTIVE,1379.888,a03cc294-1710-4ae1-b178-7da659af0272,Edge computing reduces latency by processing data closer,nano,3,12.0,ok,nano,1788515970.7887084,49.809,1410.031,3
1554.384,1,1559.412,1788515972.562266,16,b01-o03-nano-c16,,8,False,194.433,llama3.2:1b,etri-dev0001-jetorn,ACTIVE,1359.951,184e1272-0206-4098-8674-b6c252a9eab7,Edge computing reduces latency by processing data closer,nano,3,12.0,ok,nano,1788515971.0028572,49.236,1390.465,3
1549.751,1,1556.293,1788515972.7565014,16,b01-o03-nano-c16,,8,False,193.357,llama3.2:1b,etri-dev0001-jetorn,ACTIVE,1356.393,3041336d-6289-4a88-a9dd-4a9daa298233,Edge computing reduces latency by processing data closer,nano,3,12.0,ok,nano,1788515971.200212,49.766,1389.406,3
1627.855,1,2716.92,1788515972.9513986,16,b01-o03-nano-c16,,8,False,194.481,llama3.2:1b,etri-dev0001-jetorn,ACTIVE,1433.374,10e21443-3948-4cf6-99e4-a854f1ebe32c,Edge computing reduces latency by processing data closer,nano,3,12.0,ok,nano,1788515970.2344828,49.468,1469.197,3
1821.727,1,2909.128,1788515973.1454635,16,b01-o03-nano-c16,,8,False,194.166,llama3.2:1b,etri-dev0001-jetorn,ACTIVE,1627.561,79d76175-727c-4d90-abb8-ae899b164e67,Edge computing reduces latency by processing data closer,nano,3,12.0,ok,nano,1788515970.236341,49.488,1671.931,3
2014.013,1,3106.503,1788515973.3413415,16,b01-o03-nano-c16,,8,False,195.493,llama3.2:1b,etri-dev0001-jetorn,ACTIVE,1818.52,544336e1-654e-426c-8fe4-98b4265b1f96,Edge computing reduces latency by processing data closer,nano,3,12.0,ok,nano,1788515970.2348416,49.582,1850.69,3
2195.824,1,3298.577,1788515973.5346186,16,b01-o03-nano-c16,,8,False,192.986,llama3.2:1b,etri-dev0001-jetorn,ACTIVE,2002.838,a7bede31-29e2-45f4-9e02-bab68bba66c2,Edge computing reduces latency by processing data closer,nano,3,12.0,ok,nano,1788515970.2360468,49.669,2036.775,3
2388.951,1,3493.097,1788515973.7289882,16,b01-o03-nano-c16,,8,False,193.34,llama3.2:1b,etri-dev0001-jetorn,ACTIVE,2195.611,58b02d15-e811-42c1-a94f-f32cac5cc380,Edge computing reduces latency by processing data closer,nano,3,12.0,ok,nano,1788515970.2358973,49.587,2228.37,3
2582.281,1,3687.834,1788515973.9224849,16,b01-o03-nano-c16,,8,False,193.82,llama3.2:1b,etri-dev0001-jetorn,ACTIVE,2388.462,ad22c582-1e18-46f4-820f-f52b0bbf9d6c,Edge computing reduces latency by processing data closer,nano,3,12.0,ok,nano,1788515970.2346518,49.552,2431.398,3
2771.231,1,3880.377,1788515974.1155126,16,b01-o03-nano-c16,,8,False,192.917,llama3.2:1b,etri-dev0001-jetorn,ACTIVE,2578.314,0fd27797-2f51-4e51-9705-5a695f7ac6af,Edge computing reduces latency by processing data closer,nano,3,12.0,ok,nano,1788515970.2351377,49.765,2608.762,3
2964.465,1,3009.772,1788515974.3093972,16,b01-o03-nano-c16,,8,False,193.249,llama3.2:1b,etri-dev0001-jetorn,ACTIVE,2771.215,48e76763-73ff-4e71-81a8-f6700bf334b3,Edge computing reduces latency by processing data closer,nano,3,12.0,ok,nano,1788515971.2996283,49.607,2801.429,3
3099.829,1,3105.571,1788515974.5044813,16,b01-o03-nano-c16,,8,False,194.647,llama3.2:1b,etri-dev0001-jetorn,ACTIVE,2905.181,1e28815b-0d52-495a-ace7-ac060491b6aa,Edge computing reduces latency by processing data closer,nano,3,12.0,ok,nano,1788515971.398914,49.445,2936.511,3
3098.255,1,3103.611,1788515974.6980686,16,b01-o03-nano-c16,,8,False,193.276,llama3.2:1b,etri-dev0001-jetorn,ACTIVE,2904.979,1d3cb8df-2c10-4464-8595-47a640fdc669,Edge computing reduces latency by processing data closer,nano,3,12.0,ok,nano,1788515971.594462,49.49,2934.966,3
3099.587,1,3105.299,1788515974.8938618,16,b01-o03-nano-c16,,8,False,194.832,llama3.2:1b,etri-dev0001-jetorn,ACTIVE,2904.755,d31d93ff-e4ad-44a4-a7ab-ea8de5908ff1,Edge computing reduces latency by processing data closer,nano,3,12.0,ok,nano,1788515971.7885666,49.423,2935.519,3
3101.283,1,3106.535,1788515975.0880609,16,b01-o03-nano-c16,,8,False,194.571,llama3.2:1b,etri-dev0001-jetorn,ACTIVE,2906.713,a376e9b9-f83b-4555-aeac-90334f63cdaa,Edge computing reduces latency by processing data closer,nano,3,12.0,ok,nano,1788515971.9815266,49.453,2937.676,3
3102.073,1,3107.721,1788515975.2825253,16,b01-o03-nano-c16,,8,False,193.757,llama3.2:1b,etri-dev0001-jetorn,ACTIVE,2908.315,5b60b199-c104-4116-9a88-e3ef6e5cfe07,Edge computing reduces latency by processing data closer,nano,3,12.0,ok,nano,1788515972.1748095,49.638,2939.148,3
3100.607,1,3108.596,1788515975.4767852,16,b01-o03-nano-c16,,8,False,193.446,llama3.2:1b,etri-dev0001-jetorn,ACTIVE,2907.161,527e835b-9573-46b3-8086-43b6f53cb67c,Edge computing reduces latency by processing data closer,nano,3,12.0,ok,nano,1788515972.3681943,49.611,2937.876,3
3101.481,1,3106.676,1788515975.6690283,16,b01-o03-nano-c16,,8,False,192.688,llama3.2:1b,etri-dev0001-jetorn,ACTIVE,2908.793,5666071b-347a-4887-b116-7625928d0a7d,Edge computing reduces latency by processing data closer,nano,3,12.0,ok,nano,1788515972.5623565,49.755,2939.051,3
3101.095,1,3106.68,1788515975.8632648,16,b01-o03-nano-c16,,8,False,193.304,llama3.2:1b,etri-dev0001-jetorn,ACTIVE,2907.791,44e3c5ae-322d-41b1-aa5a-288484d02344,Edge computing reduces latency by processing data closer,nano,3,12.0,ok,nano,1788515972.7565887,49.517,2937.414,3
3099.751,1,3104.862,1788515976.056381,16,b01-o03-nano-c16,,8,False,193.288,llama3.2:1b,etri-dev0001-jetorn,ACTIVE,2906.463,4d6a2ac8-07b0-4e2f-bdec-128728c3ea36,Edge computing reduces latency by processing data closer,nano,3,12.0,ok,nano,1788515972.9515243,49.685,2936.937,3
3098.969,1,3104.142,1788515976.2497122,16,b01-o03-nano-c16,,8,False,192.996,llama3.2:1b,etri-dev0001-jetorn,ACTIVE,2905.974,3433dad7-2471-4b99-bd0e-378c1fc285fc,Edge computing reduces latency by processing data closer,nano,3,12.0,ok,nano,1788515973.1455705,49.741,2936.905,3
3096.931,1,3102.067,1788515976.4434998,16,b01-o03-nano-c16,,8,False,193.263,llama3.2:1b,etri-dev0001-jetorn,ACTIVE,2903.668,d1e0c4ec-48e2-4032-a0f5-7c9e14c8e979,Edge computing reduces latency by processing data closer,nano,3,12.0,ok,nano,1788515973.3414354,49.612,2934.141,3
3098.131,1,3103.939,1788515976.638662,16,b01-o03-nano-c16,,8,False,194.191,llama3.2:1b,etri-dev0001-jetorn,ACTIVE,2903.94,8491c40c-cc37-4ede-806f-6d1583d46f77,Edge computing reduces latency by processing data closer,nano,3,12.0,ok,nano,1788515973.5347288,49.741,2935.544,3
3097.063,1,3103.08,1788515976.8321776,16,b01-o03-nano-c16,,8,False,193.717,llama3.2:1b,etri-dev0001-jetorn,ACTIVE,2903.345,cc42a277-1077-4d65-94d8-3eab306e10b2,Edge computing reduces latency by processing data closer,nano,3,12.0,ok,nano,1788515973.729101,49.54,2933.595,3
3099.003,1,3103.247,1788515977.025756,16,b01-o03-nano-c16,,8,False,193.642,llama3.2:1b,etri-dev0001-jetorn,ACTIVE,2905.362,f6d28bb6-09e5-4ef8-9497-49d0d86301b1,Edge computing reduces latency by processing data closer,nano,3,12.0,ok,nano,1788515973.9225109,49.687,2940.374,3
3100.973,1,3105.687,1788515977.2212262,16,b01-o03-nano-c16,,8,False,194.34,llama3.2:1b,etri-dev0001-jetorn,ACTIVE,2906.633,1b29be6a-86e5-4177-a9a5-9e3d49ae9d2b,Edge computing reduces latency by processing data closer,nano,3,12.0,ok,nano,1788515974.1155453,49.258,2936.787,3
3101.278,1,3106.548,1788515977.4160295,16,b01-o03-nano-c16,,8,False,194.382,llama3.2:1b,etri-dev0001-jetorn,ACTIVE,2906.896,fa6cc02f-b74c-427b-9139-5648a1a3ada4,Edge computing reduces latency by processing data closer,nano,3,12.0,ok,nano,1788515974.3094845,49.184,2937.184,3
3102.393,1,3107.462,1788515977.6120229,16,b01-o03-nano-c16,,8,False,195.663,llama3.2:1b,etri-dev0001-jetorn,ACTIVE,2906.73,7bd9d1e1-e2ce-42e2-be1c-466c073c9af6,Edge computing reduces latency by processing data closer,nano,3,12.0,ok,nano,1788515974.5045645,49.684,2939.886,3
3103.542,1,3108.444,1788515977.8065999,16,b01-o03-nano-c16,,8,False,194.233,llama3.2:1b,etri-dev0001-jetorn,ACTIVE,2909.309,9140f733-f116-446f-97b5-925312f45b9d,Edge computing reduces latency by processing data closer,nano,3,12.0,ok,nano,1788515974.6981592,49.524,2940.266,3
3111.469,1,3117.125,1788515978.0111222,16,b01-o03-nano-c16,,8,False,203.353,llama3.2:1b,etri-dev0001-jetorn,ACTIVE,2908.117,28a1fd51-7950-42b6-97aa-594020836b44,Edge computing reduces latency by processing data closer,nano,3,12.0,ok,nano,1788515974.894001,49.546,2951.271,3
3115.47,1,3120.498,1788515978.208585,16,b01-o03-nano-c16,,8,False,196.63,llama3.2:1b,etri-dev0001-jetorn,ACTIVE,2918.84,5e287486-ffad-43d4-8c23-475f3f1aef30,Edge computing reduces latency by processing data closer,nano,3,12.0,ok,nano,1788515975.0880911,49.037,2951.646,3
3114.277,1,3119.914,1788515978.402559,16,b01-o03-nano-c16,,8,False,193.677,llama3.2:1b,etri-dev0001-jetorn,ACTIVE,2920.6,bc7c24b0-b17b-4eab-9943-a4175e18e111,Edge computing reduces latency by processing data closer,nano,3,12.0,ok,nano,1788515975.282648,49.399,2950.616,3
3114.117,1,3119.43,1788515978.5963187,16,b01-o03-nano-c16,,8,False,194.175,llama3.2:1b,etri-dev0001-jetorn,ACTIVE,2919.942,35f278b2-2993-4254-8083-c836da1ed3df,Edge computing reduces latency by processing data closer,nano,3,12.0,ok,nano,1788515975.47689,49.475,2950.473,3
3116.131,1,3121.233,1788515978.790348,16,b01-o03-nano-c16,,8,False,193.217,llama3.2:1b,etri-dev0001-jetorn,ACTIVE,2922.914,f7fbbf89-009a-4227-bb02-b66603f1e383,Edge computing reduces latency by processing data closer,nano,3,12.0,ok,nano,1788515975.669117,49.676,2957.338,3
3116.817,1,3121.814,1788515978.9851992,16,b01-o03-nano-c16,,8,False,194.333,llama3.2:1b,etri-dev0001-jetorn,ACTIVE,2922.484,792b3ab7-8c4a-494a-ad66-31c6eb24b7ed,Edge computing reduces latency by processing data closer,nano,3,12.0,ok,nano,1788515975.8633876,49.258,2952.892,3
3117.58,1,3122.847,1788515979.1793122,16,b01-o03-nano-c16,,8,False,193.681,llama3.2:1b,etri-dev0001-jetorn,ACTIVE,2923.899,c87085b4-0ad9-4f50-a551-7856cdfecb69,Edge computing reduces latency by processing data closer,nano,3,12.0,ok,nano,1788515976.0564687,49.814,2957.927,3
3118.712,1,3123.864,1788515979.373597,16,b01-o03-nano-c16,,8,False,193.797,llama3.2:1b,etri-dev0001-jetorn,ACTIVE,2924.915,e07c9997-a10e-425f-97b5-78a23029da17,Edge computing reduces latency by processing data closer,nano,3,12.0,ok,nano,1788515976.2497363,49.672,2955.732,3
3117.627,1,3123.232,1788515979.5668108,16,b01-o03-nano-c16,,8,False,192.857,llama3.2:1b,etri-dev0001-jetorn,ACTIVE,2924.771,455f8ddf-1a03-4351-b5ca-de760a4a1da6,Edge computing reduces latency by processing data closer,nano,3,12.0,ok,nano,1788515976.4435816,49.778,2955.486,3
3117.525,1,3123.583,1788515979.7623525,16,b01-o03-nano-c16,,8,False,194.511,llama3.2:1b,etri-dev0001-jetorn,ACTIVE,2923.014,b37e3897-417c-487d-b69f-13098b3d2603,Edge computing reduces latency by processing data closer,nano,3,12.0,ok,nano,1788515976.6387725,49.537,2954.154,3
3119.594,1,3124.668,1788515979.9569333,16,b01-o03-nano-c16,,8,False,195.204,llama3.2:1b,etri-dev0001-jetorn,ACTIVE,2924.39,22708703-d499-41cf-9230-0af7f1c086c7,Edge computing reduces latency by processing data closer,nano,3,12.0,ok,nano,1788515976.832266,49.502,2955.997,3
3120.872,1,3125.998,1788515980.1517973,16,b01-o03-nano-c16,,8,False,193.789,llama3.2:1b,etri-dev0001-jetorn,ACTIVE,2927.083,18a44382-01a0-4c13-874e-37b810bd0ca0,Edge computing reduces latency by processing data closer,nano,3,12.0,ok,nano,1788515977.025802,49.597,2957.977,3
3118.583,1,3123.645,1788515980.3449774,16,b01-o03-nano-c16,,8,False,193.153,llama3.2:1b,etri-dev0001-jetorn,ACTIVE,2925.43,abfb50b3-d9c6-4525-941f-f1da05227424,Edge computing reduces latency by processing data closer,nano,3,12.0,ok,nano,1788515977.2213385,49.627,2955.554,3
3115.492,1,3122.434,1788515980.538542,16,b01-o03-nano-c16,,8,False,192.865,llama3.2:1b,etri-dev0001-jetorn,ACTIVE,2922.627,d2fa4265-eed7-4f79-98ed-5e34fc939d29,Edge computing reduces latency by processing data closer,nano,3,12.0,ok,nano,1788515977.4161115,49.655,2952.506,3
3113.569,1,3119.533,1788515980.7316375,16,b01-o03-nano-c16,,8,False,192.949,llama3.2:1b,etri-dev0001-jetorn,ACTIVE,2920.62,faebcf16-66df-4694-ad13-002601126c8f,Edge computing reduces latency by processing data closer,nano,3,12.0,ok,nano,1788515977.6121078,49.71,2950.922,3
3111.64,1,3118.428,1788515980.925119,16,b01-o03-nano-c16,,8,False,193.475,llama3.2:1b,etri-dev0001-jetorn,ACTIVE,2918.165,4ef7dfdc-3a4a-4406-bd83-bcdf97fb1ff1,Edge computing reduces latency by processing data closer,nano,3,12.0,ok,nano,1788515977.8066945,49.736,2949.06,3
3102.053,1,3108.223,1788515981.119428,16,b01-o03-nano-c16,,8,False,193.421,llama3.2:1b,etri-dev0001-jetorn,ACTIVE,2908.632,5ea3df8d-32c8-46ae-b72d-df2fc5bcd9ae,Edge computing reduces latency by processing data closer,nano,3,12.0,ok,nano,1788515978.011209,49.681,2942.881,3
3100.28,1,3105.624,1788515981.3142984,16,b01-o03-nano-c16,,8,False,195.0,llama3.2:1b,etri-dev0001-jetorn,ACTIVE,2905.28,64ac97d1-9e7e-49bb-b60f-eda03273f8de,Edge computing reduces latency by processing data closer,nano,3,12.0,ok,nano,1788515978.2086759,49.254,2936.363,3
3098.991,1,3104.701,1788515981.5073755,16,b01-o03-nano-c16,,8,False,192.513,llama3.2:1b,etri-dev0001-jetorn,ACTIVE,2906.479,146b463a-4027-4841-8f27-483e3948f71e,Edge computing reduces latency by processing data closer,nano,3,12.0,ok,nano,1788515978.4026773,49.718,2936.463,3
3099.131,1,3104.277,1788515981.700638,16,b01-o03-nano-c16,,8,False,192.877,llama3.2:1b,etri-dev0001-jetorn,ACTIVE,2906.254,322f0be8-93d4-47be-bca3-bdfd0dea231a,Edge computing reduces latency by processing data closer,nano,3,12.0,ok,nano,1788515978.5963652,49.735,2936.609,3
3098.712,1,3103.64,1788515981.8940804,16,b01-o03-nano-c16,,8,False,193.047,llama3.2:1b,etri-dev0001-jetorn,ACTIVE,2905.665,3de51146-cb06-44da-98fc-cc87df1e1236,Edge computing reduces latency by processing data closer,nano,3,12.0,ok,nano,1788515978.7904415,49.557,2935.402,3
3099.758,1,3104.621,1788515982.0899522,16,b01-o03-nano-c16,,8,False,195.668,llama3.2:1b,etri-dev0001-jetorn,ACTIVE,2904.09,4ef23a6b-0a25-404e-bfb6-ded853d5fd90,Edge computing reduces latency by processing data closer,nano,3,12.0,ok,nano,1788515978.9853323,49.334,2935.949,3
3100.382,1,3106.125,1788515982.285529,16,b01-o03-nano-c16,,8,False,194.936,llama3.2:1b,etri-dev0001-jetorn,ACTIVE,2905.446,b7e22aa0-9043-4a41-bd44-12a97a5c11a2,Edge computing reduces latency by processing data closer,nano,3,12.0,ok,nano,1788515979.1794045,49.481,2937.222,3
3101.306,1,3107.109,1788515982.4807882,16,b01-o03-nano-c16,,8,False,194.742,llama3.2:1b,etri-dev0001-jetorn,ACTIVE,2906.564,183e321b-3a41-49c4-aba5-325a17450a2c,Edge computing reduces latency by processing data closer,nano,3,12.0,ok,nano,1788515979.3736813,49.556,2938.414,3
3105.036,1,3110.711,1788515982.6776085,16,b01-o03-nano-c16,,8,False,195.883,llama3.2:1b,etri-dev0001-jetorn,ACTIVE,2909.153,93c5cf7f-0dc0-483a-88b2-5cb8d33dd6b8,Edge computing reduces latency by processing data closer,nano,3,12.0,ok,nano,1788515979.566901,49.136,2943.558,3
3103.841,1,3109.768,1788515982.8722072,16,b01-o03-nano-c16,,8,False,194.588,llama3.2:1b,etri-dev0001-jetorn,ACTIVE,2909.253,23f579ec-6412-4638-b0a0-c925fb683dec,Edge computing reduces latency by processing data closer,nano,3,12.0,ok,nano,1788515979.7624412,49.538,2940.934,3
3104.689,1,3111.013,1788515983.0679657,16,b01-o03-nano-c16,,8,False,195.711,llama3.2:1b,etri-dev0001-jetorn,ACTIVE,2908.977,c7167d6f-5888-43b2-ac60-b46a9e3467ac,Edge computing reduces latency by processing data closer,nano,3,12.0,ok,nano,1788515979.9569552,49.079,2940.206,3
3108.324,1,3113.319,1788515983.265274,16,b01-o03-nano-c16,,8,False,196.863,llama3.2:1b,etri-dev0001-jetorn,ACTIVE,2911.46,9bfbd102-a08e-4509-aa3c-e13e21ecb139,Edge computing reduces latency by processing data closer,nano,3,12.0,ok,nano,1788515980.1519587,48.708,2942.802,3
3110.306,1,3116.097,1788515983.4611847,16,b01-o03-nano-c16,,8,False,195.227,llama3.2:1b,etri-dev0001-jetorn,ACTIVE,2915.079,b486f56c-53a9-46ff-bc0e-3c711cee1c90,Edge computing reduces latency by processing data closer,nano,3,12.0,ok,nano,1788515980.3450909,49.182,2946.086,3
3111.173,1,3116.546,1788515983.6551774,16,b01-o03-nano-c16,,8,False,193.647,llama3.2:1b,etri-dev0001-jetorn,ACTIVE,2917.527,bc52381f-d4fd-4305-af70-c1954100f6b5,Edge computing reduces latency by processing data closer,nano,3,12.0,ok,nano,1788515980.538635,49.658,2948.941,3
3112.467,1,3118.321,1788515983.8500473,16,b01-o03-nano-c16,,8,False,193.977,llama3.2:1b,etri-dev0001-jetorn,ACTIVE,2918.491,eb4b63c5-0e52-42b1-8bd1-abce977e5a8a,Edge computing reduces latency by processing data closer,nano,3,12.0,ok,nano,1788515980.7317293,49.576,2949.398,3
3113.359,1,3118.891,1788515984.0441275,16,b01-o03-nano-c16,,8,False,194.293,llama3.2:1b,etri-dev0001-jetorn,ACTIVE,2919.066,9b1f14d5-4329-4147-b970-99f256604d3e,Edge computing reduces latency by processing data closer,nano,3,12.0,ok,nano,1788515980.9252398,49.689,2950.328,3
3113.939,1,3119.001,1788515984.2385163,16,b01-o03-nano-c16,,8,False,194.1,llama3.2:1b,etri-dev0001-jetorn,ACTIVE,2919.839,aee7c256-5138-43aa-8e1c-eb13ce2777c1,Edge computing reduces latency by processing data closer,nano,3,12.0,ok,nano,1788515981.1195173,49.634,2950.279,3
3112.567,1,3117.35,1788515984.4316869,16,b01-o03-nano-c16,,8,False,192.599,llama3.2:1b,etri-dev0001-jetorn,ACTIVE,2919.968,1d6168ae-b0b1-4bf9-832e-03c5baee6d39,Edge computing reduces latency by processing data closer,nano,3,12.0,ok,nano,1788515981.3143377,49.626,2950.145,3
3111.323,1,3116.748,1788515984.6242025,16,b01-o03-nano-c16,,8,False,192.216,llama3.2:1b,etri-dev0001-jetorn,ACTIVE,2919.107,5c2a85ef-0351-4dbf-9caa-679464ff55a1,Edge computing reduces latency by processing data closer,nano,3,12.0,ok,nano,1788515981.507458,49.622,2950.032,3
3112.651,1,3118.26,1788515984.8189838,16,b01-o03-nano-c16,,8,False,193.735,llama3.2:1b,etri-dev0001-jetorn,ACTIVE,2918.917,0fa19cde-08fa-45ca-a7ae-99ed6dc57d45,Edge computing reduces latency by processing data closer,nano,3,12.0,ok,nano,1788515981.7007275,49.416,2954.29,3
3113.364,1,3118.161,1788515985.0122595,16,b01-o03-nano-c16,,8,False,193.286,llama3.2:1b,etri-dev0001-jetorn,ACTIVE,2920.077,0d32c238-a2cc-4a2c-b7a3-d806c999d24b,Edge computing reduces latency by processing data closer,nano,3,12.0,ok,nano,1788515981.8941033,49.663,2950.465,3
3109.708,1,3116.042,1788515985.2060142,16,b01-o03-nano-c16,,8,False,193.584,llama3.2:1b,etri-dev0001-jetorn,ACTIVE,2916.124,fa85ca3c-1866-48db-a2c8-41c000c1fb46,Edge computing reduces latency by processing data closer,nano,3,12.0,ok,nano,1788515982.0899754,49.631,2946.918,3
294.965,1,311.728,1788515988.537546,8,b01-o04-nano-c8,,8,False,294.949,llama3.2:1b,etri-dev0001-jetorn,ACTIVE,0.016,b88b7a0e-6b37-4d06-b45c-8ed7e88895b4,Edge computing reduces latency by processing data closer,nano,4,12.0,ok,nano,1788515988.2258234,36.921,76.47,4
546.666,1,565.345,1788515988.7909758,8,b01-o04-nano-c8,,8,False,251.828,llama3.2:1b,etri-dev0001-jetorn,ACTIVE,294.839,97d6a54f-204d-404e-8cce-9d3e9deec594,Edge computing reduces latency by processing data closer,nano,4,12.0,ok,nano,1788515988.225637,37.752,332.334,4
777.514,1,802.21,1788515989.0287724,8,b01-o04-nano-c8,,8,False,238.233,llama3.2:1b,etri-dev0001-jetorn,ACTIVE,539.281,67909734-a4e4-4780-86da-e460b431baf6,Edge computing reduces latency by processing data closer,nano,4,12.0,ok,nano,1788515988.2265685,40.404,581.059,4
973.403,1,999.428,1788515989.224749,8,b01-o04-nano-c8,,8,False,195.468,llama3.2:1b,etri-dev0001-jetorn,ACTIVE,777.936,54e60c23-acf5-487b-a862-ec60956aab75,Edge computing reduces latency by processing data closer,nano,4,12.0,ok,nano,1788515988.225327,49.26,812.728,4
1167.257,1,1193.411,1788515989.418903,8,b01-o04-nano-c8,,8,False,193.596,llama3.2:1b,etri-dev0001-jetorn,ACTIVE,973.662,df3f5d06-8f7b-4c97-8fc7-de30dfaaf9be,Edge computing reduces latency by processing data closer,nano,4,12.0,ok,nano,1788515988.2254982,49.597,1003.947,4
1362.233,1,1387.669,1788515989.6141043,8,b01-o04-nano-c8,,8,False,195.001,llama3.2:1b,etri-dev0001-jetorn,ACTIVE,1167.231,8b3ee154-bf2a-4512-809c-f689da66d65f,Edge computing reduces latency by processing data closer,nano,4,12.0,ok,nano,1788515988.226439,49.694,1203.646,4
1555.806,1,1581.906,1788515989.8080728,8,b01-o04-nano-c8,,8,False,193.293,llama3.2:1b,etri-dev0001-jetorn,ACTIVE,1362.513,77dc7eee-44e2-48aa-84ab-d24af3b93f5d,Edge computing reduces latency by processing data closer,nano,4,12.0,ok,nano,1788515988.226172,49.57,1393.134,4
1542.53,1,1774.076,1788515990.0001135,8,b01-o04-nano-c8,,8,False,192.065,llama3.2:1b,etri-dev0001-jetorn,ACTIVE,1350.464,a5473a66-5ff4-46d4-b790-18063694e520,Edge computing reduces latency by processing data closer,nano,4,12.0,ok,nano,1788515988.2260425,49.748,1382.049,4
1651.016,1,1656.689,1788515990.1943362,8,b01-o04-nano-c8,,8,False,193.532,llama3.2:1b,etri-dev0001-jetorn,ACTIVE,1457.484,3528bfe6-49be-4586-bf2c-01afbfd80d1e,Edge computing reduces latency by processing data closer,nano,4,12.0,ok,nano,1788515988.537652,49.723,1488.501,4
1591.441,1,1597.659,1788515990.3887496,8,b01-o04-nano-c8,,8,False,193.633,llama3.2:1b,etri-dev0001-jetorn,ACTIVE,1397.808,0d2863fe-1676-4b2a-b6bc-13d9c513845b,Edge computing reduces latency by processing data closer,nano,4,12.0,ok,nano,1788515988.7910938,49.664,1428.543,4
1547.22,1,1552.32,1788515990.5811992,8,b01-o04-nano-c8,,8,False,192.757,llama3.2:1b,etri-dev0001-jetorn,ACTIVE,1354.463,b48abf0d-84ab-44f1-8f1e-1d37c9205e93,Edge computing reduces latency by processing data closer,nano,4,12.0,ok,nano,1788515989.0288804,49.848,1385.178,4
1544.894,1,1550.748,1788515990.7756045,8,b01-o04-nano-c8,,8,False,193.35,llama3.2:1b,etri-dev0001-jetorn,ACTIVE,1351.544,50fe20cc-ffed-4056-a4a2-539029bc8750,Edge computing reduces latency by processing data closer,nano,4,12.0,ok,nano,1788515989.2248602,49.51,1381.589,4
1545.234,1,1551.826,1788515990.9708602,8,b01-o04-nano-c8,,8,False,195.384,llama3.2:1b,etri-dev0001-jetorn,ACTIVE,1349.85,78b971d1-c0aa-4203-9c5e-3680e874ec2d,Edge computing reduces latency by processing data closer,nano,4,12.0,ok,nano,1788515989.4190397,49.45,1381.336,4
1545.199,1,1550.087,1788515991.1642704,8,b01-o04-nano-c8,,8,False,193.204,llama3.2:1b,etri-dev0001-jetorn,ACTIVE,1351.994,0577e1a1-632d-4bde-9506-318a9869429a,Edge computing reduces latency by processing data closer,nano,4,12.0,ok,nano,1788515989.6141865,49.771,1382.714,4
1543.791,1,1549.542,1788515991.3577187,8,b01-o04-nano-c8,,8,False,192.402,llama3.2:1b,etri-dev0001-jetorn,ACTIVE,1351.389,a45608a1-7a70-476d-80d2-a545eef80b0a,Edge computing reduces latency by processing data closer,nano,4,12.0,ok,nano,1788515989.8081825,49.777,1381.525,4
1545.568,1,1550.846,1788515991.5510645,8,b01-o04-nano-c8,,8,False,193.079,llama3.2:1b,etri-dev0001-jetorn,ACTIVE,1352.489,5de82c71-903a-44ee-b41c-aaf8b1c37881,Edge computing reduces latency by processing data closer,nano,4,12.0,ok,nano,1788515990.0002213,49.642,1382.602,4
1546.152,1,1551.702,1788515991.7461386,8,b01-o04-nano-c8,,8,False,194.491,llama3.2:1b,etri-dev0001-jetorn,ACTIVE,1351.661,d2c0539b-36ba-4a97-902f-89baf3c5db70,Edge computing reduces latency by processing data closer,nano,4,12.0,ok,nano,1788515990.1944418,49.495,1383.348,4
1546.478,1,1551.561,1788515991.940401,8,b01-o04-nano-c8,,8,False,193.938,llama3.2:1b,etri-dev0001-jetorn,ACTIVE,1352.54,8e46aba9-bcbb-4c62-89fc-d73a237f4a3b,Edge computing reduces latency by processing data closer,nano,4,12.0,ok,nano,1788515990.3888407,49.561,1382.995,4
1548.029,1,1552.39,1788515992.1336293,8,b01-o04-nano-c8,,8,False,193.31,llama3.2:1b,etri-dev0001-jetorn,ACTIVE,1354.72,701d1867-a50e-41a8-a703-b364f4a8a622,Edge computing reduces latency by processing data closer,nano,4,12.0,ok,nano,1788515990.5812418,49.563,1384.91,4
1548.627,1,1554.456,1788515992.3301544,8,b01-o04-nano-c8,,8,False,194.898,llama3.2:1b,etri-dev0001-jetorn,ACTIVE,1353.729,d5431293-88f4-4c08-9722-8f63505d9e7b,Edge computing reduces latency by processing data closer,nano,4,12.0,ok,nano,1788515990.7757044,49.287,1394.689,4
1557.781,1,1563.828,1788515992.534814,8,b01-o04-nano-c8,,8,False,204.371,llama3.2:1b,etri-dev0001-jetorn,ACTIVE,1353.41,45b8d157-8312-4664-98d4-e22b6f2dcb01,Edge computing reduces latency by processing data closer,nano,4,12.0,ok,nano,1788515990.9709916,49.661,1394.894,4
1558.636,1,1563.678,1788515992.728064,8,b01-o04-nano-c8,,8,False,193.544,llama3.2:1b,etri-dev0001-jetorn,ACTIVE,1365.092,e33a7013-6a01-4f3c-9053-e6609002b1b9,Edge computing reduces latency by processing data closer,nano,4,12.0,ok,nano,1788515991.164389,49.678,1395.491,4
1561.257,1,1566.446,1788515992.9242356,8,b01-o04-nano-c8,,8,False,195.802,llama3.2:1b,etri-dev0001-jetorn,ACTIVE,1365.455,9379f1c0-1613-4f1a-a866-d052bc7790d4,Edge computing reduces latency by processing data closer,nano,4,12.0,ok,nano,1788515991.357836,49.412,1403.126,4
1559.339,1,1566.504,1788515993.11765,8,b01-o04-nano-c8,,8,False,192.982,llama3.2:1b,etri-dev0001-jetorn,ACTIVE,1366.357,6cb352d1-b579-48d2-9f9c-d3d78b9c2d9a,Edge computing reduces latency by processing data closer,nano,4,12.0,ok,nano,1788515991.551148,49.799,1396.532,4
1558.413,1,1565.22,1788515993.3114603,8,b01-o04-nano-c8,,8,False,192.687,llama3.2:1b,etri-dev0001-jetorn,ACTIVE,1365.726,8ef8cfc1-9f24-4e05-b855-51111b18db5c,Edge computing reduces latency by processing data closer,nano,4,12.0,ok,nano,1788515991.7462454,49.728,1396.288,4
1561.562,1,1566.558,1788515993.506981,8,b01-o04-nano-c8,,8,False,195.833,llama3.2:1b,etri-dev0001-jetorn,ACTIVE,1365.729,70dbd995-918c-4f85-82ab-9fcb1f125d00,Edge computing reduces latency by processing data closer,nano,4,12.0,ok,nano,1788515991.9404254,48.723,1395.675,4
1562.075,1,1567.672,1788515993.7013407,8,b01-o04-nano-c8,,8,False,193.223,llama3.2:1b,etri-dev0001-jetorn,ACTIVE,1368.851,dbf534ff-3de7-4608-af2b-fc0ceaecf084,Edge computing reduces latency by processing data closer,nano,4,12.0,ok,nano,1788515992.133674,49.556,1398.762,4
1560.482,1,1565.843,1788515993.8961072,8,b01-o04-nano-c8,,8,False,195.122,llama3.2:1b,etri-dev0001-jetorn,ACTIVE,1365.36,d2fc7997-0886-4ac8-87bd-109cb08decc8,Edge computing reduces latency by processing data closer,nano,4,12.0,ok,nano,1788515992.3302674,49.495,1396.652,4
1550.061,1,1555.482,1788515994.0904367,8,b01-o04-nano-c8,,8,False,194.074,llama3.2:1b,etri-dev0001-jetorn,ACTIVE,1355.987,1438a34b-2aa6-427d-b4ee-0a7c5402d120,Edge computing reduces latency by processing data closer,nano,4,12.0,ok,nano,1788515992.5349553,49.378,1386.211,4
1548.488,1,1556.381,1788515994.284533,8,b01-o04-nano-c8,,8,False,193.582,llama3.2:1b,etri-dev0001-jetorn,ACTIVE,1354.906,955c509e-4840-4677-a803-28ce2a35f894,Edge computing reduces latency by processing data closer,nano,4,12.0,ok,nano,1788515992.7281525,49.704,1391.418,4
1548.783,1,1554.797,1788515994.4791617,8,b01-o04-nano-c8,,8,False,193.541,llama3.2:1b,etri-dev0001-jetorn,ACTIVE,1355.242,d735b1bb-a61c-4105-95cd-27d5e6a18568,Edge computing reduces latency by processing data closer,nano,4,12.0,ok,nano,1788515992.9243677,49.501,1384.604,4
1550.864,1,1556.017,1788515994.6737072,8,b01-o04-nano-c8,,8,False,194.376,llama3.2:1b,etri-dev0001-jetorn,ACTIVE,1356.488,8666990d-0119-449d-bbf9-0930ea27e5cb,Edge computing reduces latency by processing data closer,nano,4,12.0,ok,nano,1788515993.1176932,49.581,1387.837,4
1550.851,1,1556.158,1788515994.8677166,8,b01-o04-nano-c8,,8,False,193.755,llama3.2:1b,etri-dev0001-jetorn,ACTIVE,1357.096,cebd7e6c-32f5-47dd-90e3-76ea3b677b67,Edge computing reduces latency by processing data closer,nano,4,12.0,ok,nano,1788515993.3115644,49.489,1387.866,4
1549.229,1,1554.325,1788515995.0613708,8,b01-o04-nano-c8,,8,False,192.655,llama3.2:1b,etri-dev0001-jetorn,ACTIVE,1356.575,30be9095-650b-479b-9899-be220218a121,Edge computing reduces latency by processing data closer,nano,4,12.0,ok,nano,1788515993.5070498,49.728,1388.148,4
1546.947,1,1552.894,1788515995.2543507,8,b01-o04-nano-c8,,8,False,193.275,llama3.2:1b,etri-dev0001-jetorn,ACTIVE,1353.672,7846f912-6d23-4e0f-8ee5-6ed497713153,Edge computing reduces latency by processing data closer,nano,4,12.0,ok,nano,1788515993.70146,49.738,1384.425,4
1545.861,1,1551.011,1788515995.4472427,8,b01-o04-nano-c8,,8,False,192.465,llama3.2:1b,etri-dev0001-jetorn,ACTIVE,1353.396,9ad13506-0714-4228-b45c-3b6ae1e21eb5,Edge computing reduces latency by processing data closer,nano,4,12.0,ok,nano,1788515993.896235,49.789,1383.607,4
1545.298,1,1550.696,1788515995.6411574,8,b01-o04-nano-c8,,8,False,193.486,llama3.2:1b,etri-dev0001-jetorn,ACTIVE,1351.812,6d4221ec-83e9-4da0-8b24-66d2c4c60cd1,Edge computing reduces latency by processing data closer,nano,4,12.0,ok,nano,1788515994.090463,49.5,1383.896,4
1545.601,1,1549.961,1788515995.8345144,8,b01-o04-nano-c8,,8,False,193.127,llama3.2:1b,etri-dev0001-jetorn,ACTIVE,1352.473,f2a3dcb5-b9c5-44f1-a1f2-a35f49e991c6,Edge computing reduces latency by processing data closer,nano,4,12.0,ok,nano,1788515994.2845576,49.745,1384.467,4
1548.721,1,1553.301,1788515996.0325532,8,b01-o04-nano-c8,,8,False,197.697,llama3.2:1b,etri-dev0001-jetorn,ACTIVE,1351.024,5af37038-46bd-43be-b81e-f3918b84d10f,Edge computing reduces latency by processing data closer,nano,4,12.0,ok,nano,1788515994.479255,48.377,1381.849,4
1554.433,1,1559.36,1788515996.2331452,8,b01-o04-nano-c8,,8,False,199.982,llama3.2:1b,etri-dev0001-jetorn,ACTIVE,1354.451,1a61fec1-55e4-44c2-9b1b-ed1c7b49569e,Edge computing reduces latency by processing data closer,nano,4,12.0,ok,nano,1788515994.6737888,49.009,1392.868,4
1554.956,1,1560.072,1788515996.427814,8,b01-o04-nano-c8,,8,False,193.697,llama3.2:1b,etri-dev0001-jetorn,ACTIVE,1361.259,4d6b2774-0d03-4995-8fa4-58283746aa47,Edge computing reduces latency by processing data closer,nano,4,12.0,ok,nano,1788515994.8677456,49.586,1391.953,4
1553.814,1,1559.204,1788515996.6206608,8,b01-o04-nano-c8,,8,False,193.053,llama3.2:1b,etri-dev0001-jetorn,ACTIVE,1360.761,0dfc31b8-8a67-454c-a1b9-a94c8b2c043c,Edge computing reduces latency by processing data closer,nano,4,12.0,ok,nano,1788515995.06146,49.705,1390.97,4
1560.763,1,1565.777,1788515996.8202155,8,b01-o04-nano-c8,,8,False,198.989,llama3.2:1b,etri-dev0001-jetorn,ACTIVE,1361.774,e592ab1f-c886-4b03-bb5d-3215faea0d4c,Edge computing reduces latency by processing data closer,nano,4,12.0,ok,nano,1788515995.2544422,49.083,1396.669,4
1565.359,1,1570.465,1788515997.0177991,8,b01-o04-nano-c8,,8,False,197.025,llama3.2:1b,etri-dev0001-jetorn,ACTIVE,1368.334,d0641d91-bba1-4227-9876-c34103642506,Edge computing reduces latency by processing data closer,nano,4,12.0,ok,nano,1788515995.4473357,48.442,1398.664,4
1564.953,1,1570.602,1788515997.2117777,8,b01-o04-nano-c8,,8,False,193.045,llama3.2:1b,etri-dev0001-jetorn,ACTIVE,1371.908,530ef30f-7da4-4725-b582-ee37540415c9,Edge computing reduces latency by processing data closer,nano,4,12.0,ok,nano,1788515995.641183,49.683,1405.618,4
1563.904,1,1569.197,1788515997.4037876,8,b01-o04-nano-c8,,8,False,192.381,llama3.2:1b,etri-dev0001-jetorn,ACTIVE,1371.523,10fe7475-5b42-4493-a2c0-56351de6ae86,Edge computing reduces latency by processing data closer,nano,4,12.0,ok,nano,1788515995.834595,49.761,1401.364,4
1560.677,1,1565.675,1788515997.5983171,8,b01-o04-nano-c8,,8,False,194.172,llama3.2:1b,etri-dev0001-jetorn,ACTIVE,1366.505,79c8dad7-52b8-4f9b-b9c8-b6b1eede5e8f,Edge computing reduces latency by processing data closer,nano,4,12.0,ok,nano,1788515996.0326457,49.6,1398.011,4
1552.908,1,1558.542,1788515997.791767,8,b01-o04-nano-c8,,8,False,192.628,llama3.2:1b,etri-dev0001-jetorn,ACTIVE,1360.28,404500e7-19c4-4056-9e51-2c8ea9c05212,Edge computing reduces latency by processing data closer,nano,4,12.0,ok,nano,1788515996.233228,49.794,1390.35,4
1553.119,1,1558.482,1788515997.9863818,8,b01-o04-nano-c8,,8,False,194.612,llama3.2:1b,etri-dev0001-jetorn,ACTIVE,1358.507,6cb65aaa-fc33-424e-ad68-bc33b2bc8a55,Edge computing reduces latency by processing data closer,nano,4,12.0,ok,nano,1788515996.427902,49.556,1389.973,4
1554.201,1,1560.053,1788515998.1808014,8,b01-o04-nano-c8,,8,False,193.63,llama3.2:1b,etri-dev0001-jetorn,ACTIVE,1360.571,c341eeb3-541f-4382-99af-5e57695bfd39,Edge computing reduces latency by processing data closer,nano,4,12.0,ok,nano,1788515996.6207519,49.558,1393.668,4
1551.698,1,1557.563,1788515998.377862,8,b01-o04-nano-c8,,8,False,196.729,llama3.2:1b,etri-dev0001-jetorn,ACTIVE,1354.968,a0b959c6-e844-4f31-90ca-2fafb409060b,Edge computing reduces latency by processing data closer,nano,4,12.0,ok,nano,1788515996.8203022,49.643,1393.767,4
1549.778,1,1555.286,1788515998.5731175,8,b01-o04-nano-c8,,8,False,194.928,llama3.2:1b,etri-dev0001-jetorn,ACTIVE,1354.85,9bb5d2bb-1c40-4453-94d4-bc5231c4efe3,Edge computing reduces latency by processing data closer,nano,4,12.0,ok,nano,1788515997.017835,49.543,1386.458,4
1549.706,1,1555.471,1788515998.7673616,8,b01-o04-nano-c8,,8,False,193.61,llama3.2:1b,etri-dev0001-jetorn,ACTIVE,1356.097,232d4b0e-70c8-4e3d-8bc7-1c3716e7db5f,Edge computing reduces latency by processing data closer,nano,4,12.0,ok,nano,1788515997.2118964,49.639,1386.461,4
1551.553,1,1557.526,1788515998.961416,8,b01-o04-nano-c8,,8,False,194.263,llama3.2:1b,etri-dev0001-jetorn,ACTIVE,1357.29,249828c4-db51-4ec5-9859-c40b8ea96d88,Edge computing reduces latency by processing data closer,nano,4,12.0,ok,nano,1788515997.4038951,49.591,1388.444,4
1550.863,1,1555.706,1788515999.1541076,8,b01-o04-nano-c8,,8,False,192.753,llama3.2:1b,etri-dev0001-jetorn,ACTIVE,1358.11,9bb6e6dc-851a-4f91-a046-0cf63f48af32,Edge computing reduces latency by processing data closer,nano,4,12.0,ok,nano,1788515997.5984056,49.786,1388.372,4
1551.83,1,1557.388,1788515999.3492343,8,b01-o04-nano-c8,,8,False,194.128,llama3.2:1b,etri-dev0001-jetorn,ACTIVE,1357.702,869078c8-4bd6-4a78-b239-177e53e2f98c,Edge computing reduces latency by processing data closer,nano,4,12.0,ok,nano,1788515997.7918494,49.496,1390.578,4
1551.74,1,1556.941,1788515999.5433812,8,b01-o04-nano-c8,,8,False,194.24,llama3.2:1b,etri-dev0001-jetorn,ACTIVE,1357.5,dcb3a298-f012-46bb-98de-a30456691d72,Edge computing reduces latency by processing data closer,nano,4,12.0,ok,nano,1788515997.9864442,49.661,1392.093,4
1548.622,1,1556.147,1788515999.7370377,8,b01-o04-nano-c8,,8,False,192.957,llama3.2:1b,etri-dev0001-jetorn,ACTIVE,1355.665,c68fdd20-0155-4d16-9bd8-c74ad7882bfc,Edge computing reduces latency by processing data closer,nano,4,12.0,ok,nano,1788515998.1808932,49.797,1386.145,4
1548.333,1,1553.68,1788515999.9316473,8,b01-o04-nano-c8,,8,False,194.686,llama3.2:1b,etri-dev0001-jetorn,ACTIVE,1353.647,654efae2-1149-457d-a3a7-bdc124e8f028,Edge computing reduces latency by processing data closer,nano,4,12.0,ok,nano,1788515998.377968,49.325,1384.409,4
1547.122,1,1552.7,1788516000.125932,8,b01-o04-nano-c8,,8,False,194.072,llama3.2:1b,etri-dev0001-jetorn,ACTIVE,1353.049,98dc9629-6572-4499-b469-84b8a4469c9b,Edge computing reduces latency by processing data closer,nano,4,12.0,ok,nano,1788515998.5732331,49.707,1384.673,4
1545.873,1,1551.154,1788516000.3186293,8,b01-o04-nano-c8,,8,False,192.418,llama3.2:1b,etri-dev0001-jetorn,ACTIVE,1353.454,db0a7b45-fde9-4c65-8270-b8c63b2013f0,Edge computing reduces latency by processing data closer,nano,4,12.0,ok,nano,1788515998.7674768,49.72,1383.386,4
1551.032,1,1556.26,1788516000.5177624,8,b01-o04-nano-c8,,8,False,198.277,llama3.2:1b,etri-dev0001-jetorn,ACTIVE,1352.755,3f3a6805-4fe8-4a0e-8371-597ee3abf8f3,Edge computing reduces latency by processing data closer,nano,4,12.0,ok,nano,1788515998.9615057,49.027,1386.694,4
1553.883,1,1559.953,1788516000.7141616,8,b01-o04-nano-c8,,8,False,195.641,llama3.2:1b,etri-dev0001-jetorn,ACTIVE,1358.242,8261c844-b2a7-40dc-a131-18dcde9f0b0b,Edge computing reduces latency by processing data closer,nano,4,12.0,ok,nano,1788515999.1542115,49.164,1390.044,4
1552.517,1,1558.431,1788516000.9077451,8,b01-o04-nano-c8,,8,False,193.049,llama3.2:1b,etri-dev0001-jetorn,ACTIVE,1359.468,00bf6a64-e133-4833-8ca3-e0c1691a64c1,Edge computing reduces latency by processing data closer,nano,4,12.0,ok,nano,1788515999.3493173,49.655,1390.002,4
1552.676,1,1558.944,1788516001.1024117,8,b01-o04-nano-c8,,8,False,194.072,llama3.2:1b,etri-dev0001-jetorn,ACTIVE,1358.604,19dadcac-6b43-4dd5-af74-46b8b754ca5b,Edge computing reduces latency by processing data closer,nano,4,12.0,ok,nano,1788515999.5434725,49.48,1390.124,4
1553.086,1,1557.78,1788516001.294885,8,b01-o04-nano-c8,,8,False,192.945,llama3.2:1b,etri-dev0001-jetorn,ACTIVE,1360.141,2fef9c06-2842-4b48-b77a-2a074b3b8aa0,Edge computing reduces latency by processing data closer,nano,4,12.0,ok,nano,1788515999.7371051,49.763,1390.999,4
1551.759,1,1557.705,1788516001.489376,8,b01-o04-nano-c8,,8,False,194.053,llama3.2:1b,etri-dev0001-jetorn,ACTIVE,1357.706,4497707a-6e6e-4d38-9a92-ff11f040cefb,Edge computing reduces latency by processing data closer,nano,4,12.0,ok,nano,1788515999.9316716,49.33,1387.95,4
1554.177,1,1558.591,1788516001.6845467,8,b01-o04-nano-c8,,8,False,194.866,llama3.2:1b,etri-dev0001-jetorn,ACTIVE,1359.312,0d8e0712-f7e8-4a5b-bf0a-5e68bbe98992,Edge computing reduces latency by processing data closer,nano,4,12.0,ok,nano,1788516000.1259587,49.428,1390.604,4
290.866,1,299.92,1788516004.995112,2,b01-o05-nano-c2,,8,False,290.848,llama3.2:1b,etri-dev0001-jetorn,ACTIVE,0.018,17f22490-a1d7-4150-b54e-01196832ff76,Edge computing reduces latency by processing data closer,nano,5,12.0,ok,nano,1788516004.6951935,38.772,81.964,5
529.188,1,539.27,1788516005.2341392,2,b01-o05-nano-c2,,8,False,238.364,llama3.2:1b,etri-dev0001-jetorn,ACTIVE,290.825,50a87c4d-d6d1-4ff2-8253-e86c852b7c69,Edge computing reduces latency by processing data closer,nano,5,12.0,ok,nano,1788516004.694873,40.41,331.448,5
465.968,1,472.225,1788516005.467365,2,b01-o05-nano-c2,,8,False,232.852,llama3.2:1b,etri-dev0001-jetorn,ACTIVE,233.116,91b914b9-bed0-4cb9-93f2-a297055bdfc8,Edge computing reduces latency by processing data closer,nano,5,12.0,ok,nano,1788516004.9951448,41.414,275.52,5
429.64,1,435.471,1788516005.6696997,2,b01-o05-nano-c2,,8,False,202.72,llama3.2:1b,etri-dev0001-jetorn,ACTIVE,226.919,c6c61b00-783b-4916-adcb-52cc3ca98a4a,Edge computing reduces latency by processing data closer,nano,5,12.0,ok,nano,1788516005.2342327,47.057,258.182,5
390.982,1,396.19,1788516005.8636582,2,b01-o05-nano-c2,,8,False,193.477,llama3.2:1b,etri-dev0001-jetorn,ACTIVE,197.505,e564b35f-07c8-403c-8742-95ed6a3d15e5,Edge computing reduces latency by processing data closer,nano,5,12.0,ok,nano,1788516005.4674728,49.696,235.106,5
382.005,1,387.805,1788516006.057596,2,b01-o05-nano-c2,,8,False,193.136,llama3.2:1b,etri-dev0001-jetorn,ACTIVE,188.869,06a7c482-57c9-4a9a-b5ae-2b64681ccace,Edge computing reduces latency by processing data closer,nano,5,12.0,ok,nano,1788516005.6697938,49.658,218.959,5
383.397,1,388.408,1788516006.2521706,2,b01-o05-nano-c2,,8,False,194.659,llama3.2:1b,etri-dev0001-jetorn,ACTIVE,188.738,55e3d290-32d5-4365-ab51-45ddd2eb06c5,Edge computing reduces latency by processing data closer,nano,5,12.0,ok,nano,1788516005.8637638,49.52,220.283,5
382.707,1,388.785,1788516006.4464693,2,b01-o05-nano-c2,,8,False,193.929,llama3.2:1b,etri-dev0001-jetorn,ACTIVE,188.779,2a4b52f0-67ef-4291-803a-c77d6b04c1a7,Edge computing reduces latency by processing data closer,nano,5,12.0,ok,nano,1788516006.0576878,49.655,219.737,5
382.934,1,388.009,1788516006.6402066,2,b01-o05-nano-c2,,8,False,193.243,llama3.2:1b,etri-dev0001-jetorn,ACTIVE,189.691,3607fbf5-dce6-412f-9366-278addc362b2,Edge computing reduces latency by processing data closer,nano,5,12.0,ok,nano,1788516006.2522027,49.783,230.574,5
381.609,1,387.056,1788516006.833616,2,b01-o05-nano-c2,,8,False,193.158,llama3.2:1b,etri-dev0001-jetorn,ACTIVE,188.451,3ebbef38-a706-454f-94ae-2b17d2db29fb,Edge computing reduces latency by processing data closer,nano,5,12.0,ok,nano,1788516006.4465632,49.728,219.398,5
381.955,1,387.355,1788516007.0276573,2,b01-o05-nano-c2,,8,False,193.412,llama3.2:1b,etri-dev0001-jetorn,ACTIVE,188.543,d945073a-d3da-4e5c-bf92-75dadc2f7be7,Edge computing reduces latency by processing data closer,nano,5,12.0,ok,nano,1788516006.6403048,49.575,219.322,5
380.985,1,386.697,1788516007.2203984,2,b01-o05-nano-c2,,8,False,192.608,llama3.2:1b,etri-dev0001-jetorn,ACTIVE,188.377,61e02af7-bfb3-471b-864b-cb9ec4e83733,Edge computing reduces latency by processing data closer,nano,5,12.0,ok,nano,1788516006.8337047,49.672,218.035,5
380.992,1,386.146,1788516007.4138637,2,b01-o05-nano-c2,,8,False,193.16,llama3.2:1b,etri-dev0001-jetorn,ACTIVE,187.832,635b076a-c178-4485-9ba4-a773ab2ffb36,Edge computing reduces latency by processing data closer,nano,5,12.0,ok,nano,1788516007.0277207,49.448,218.415,5
382.155,1,387.219,1788516007.6077018,2,b01-o05-nano-c2,,8,False,193.386,llama3.2:1b,etri-dev0001-jetorn,ACTIVE,188.769,d8caeeb1-600f-4481-9fa2-46a4f83b9455,Edge computing reduces latency by processing data closer,nano,5,12.0,ok,nano,1788516007.2204866,49.708,219.544,5
382.421,1,388.146,1788516007.8021216,2,b01-o05-nano-c2,,8,False,193.489,llama3.2:1b,etri-dev0001-jetorn,ACTIVE,188.932,de94cb7e-95f2-4544-9ae8-5f94c69f6af5,Edge computing reduces latency by processing data closer,nano,5,12.0,ok,nano,1788516007.413978,49.644,219.732,5
383.877,1,389.29,1788516007.9970772,2,b01-o05-nano-c2,,8,False,195.241,llama3.2:1b,etri-dev0001-jetorn,ACTIVE,188.636,83867799-12e9-4ddc-a064-8c5190f09883,Edge computing reduces latency by processing data closer,nano,5,12.0,ok,nano,1788516007.6077907,49.34,220.089,5
383.662,1,389.292,1788516008.1914911,2,b01-o05-nano-c2,,8,False,193.542,llama3.2:1b,etri-dev0001-jetorn,ACTIVE,190.12,a1e1cebb-937e-49a3-8f9d-650a9b9a1904,Edge computing reduces latency by processing data closer,nano,5,12.0,ok,nano,1788516007.8022025,49.583,220.171,5
387.122,1,392.075,1788516008.3892362,2,b01-o05-nano-c2,,8,False,197.91,llama3.2:1b,etri-dev0001-jetorn,ACTIVE,189.212,03b64a16-06d3-48cd-83f6-fd38172cdc81,Edge computing reduces latency by processing data closer,nano,5,12.0,ok,nano,1788516007.9971645,49.421,225.642,5
385.743,1,392.252,1788516008.5838313,2,b01-o05-nano-c2,,8,False,193.914,llama3.2:1b,etri-dev0001-jetorn,ACTIVE,191.829,1a81ca5a-8548-48f6-baf0-d0afe1fa8751,Edge computing reduces latency by processing data closer,nano,5,12.0,ok,nano,1788516008.1915827,49.642,222.579,5
383.568,1,388.861,1788516008.7781837,2,b01-o05-nano-c2,,8,False,193.865,llama3.2:1b,etri-dev0001-jetorn,ACTIVE,189.703,c9d2a178-8e67-4454-9158-d7bfc8f52f19,Edge computing reduces latency by processing data closer,nano,5,12.0,ok,nano,1788516008.3893235,49.567,220.314,5
383.366,1,389.383,1788516008.9733572,2,b01-o05-nano-c2,,8,False,194.669,llama3.2:1b,etri-dev0001-jetorn,ACTIVE,188.697,bafdaf38-ce63-43d1-b6c7-45a990aaab39,Edge computing reduces latency by processing data closer,nano,5,12.0,ok,nano,1788516008.5839784,49.511,220.267,5
384.545,1,390.006,1788516009.168229,2,b01-o05-nano-c2,,8,False,194.662,llama3.2:1b,etri-dev0001-jetorn,ACTIVE,189.883,ae45d816-d890-4c82-ad05-23f57f8945fb,Edge computing reduces latency by processing data closer,nano,5,12.0,ok,nano,1788516008.778227,49.218,225.308,5
383.373,1,388.669,1788516009.3621123,2,b01-o05-nano-c2,,8,False,193.798,llama3.2:1b,etri-dev0001-jetorn,ACTIVE,189.575,bc40d8c8-3f10-4cdd-87bb-0e6a3c155081,Edge computing reduces latency by processing data closer,nano,5,12.0,ok,nano,1788516008.973447,49.682,220.872,5
382.404,1,388.0,1788516009.556313,2,b01-o05-nano-c2,,8,False,193.861,llama3.2:1b,etri-dev0001-jetorn,ACTIVE,188.543,3cc2960e-65d2-491a-80d3-9adfef503374,Edge computing reduces latency by processing data closer,nano,5,12.0,ok,nano,1788516009.1683178,49.346,218.85,5
382.144,1,387.349,1788516009.7495475,2,b01-o05-nano-c2,,8,False,192.839,llama3.2:1b,etri-dev0001-jetorn,ACTIVE,189.305,b3537864-a3b0-4f37-9380-e3931b66804b,Edge computing reduces latency by processing data closer,nano,5,12.0,ok,nano,1788516009.3622022,49.788,219.737,5
384.506,1,389.265,1788516009.9456728,2,b01-o05-nano-c2,,8,False,195.937,llama3.2:1b,etri-dev0001-jetorn,ACTIVE,188.569,a0f24c9b-55c6-4d96-868f-477655018f78,Edge computing reduces latency by processing data closer,nano,5,12.0,ok,nano,1788516009.5564084,49.196,220.068,5
383.238,1,389.092,1788516010.1387198,2,b01-o05-nano-c2,,8,False,191.987,llama3.2:1b,etri-dev0001-jetorn,ACTIVE,191.252,6215888d-fb8a-4e76-9a57-fb38834586f9,Edge computing reduces latency by processing data closer,nano,5,12.0,ok,nano,1788516009.7496314,49.696,224.749,5
382.733,1,388.108,1788516010.3338015,2,b01-o05-nano-c2,,8,False,194.739,llama3.2:1b,etri-dev0001-jetorn,ACTIVE,187.994,7b5c6f87-9ab6-40e3-8be2-fffd8f834407,Edge computing reduces latency by processing data closer,nano,5,12.0,ok,nano,1788516009.9456973,49.428,218.991,5
384.071,1,389.792,1788516010.5286455,2,b01-o05-nano-c2,,8,False,195.0,llama3.2:1b,etri-dev0001-jetorn,ACTIVE,189.071,49891418-a673-478b-aaa3-14959d0a2b8e,Edge computing reduces latency by processing data closer,nano,5,12.0,ok,nano,1788516010.1388578,49.517,220.451,5
383.25,1,388.645,1788516010.7225318,2,b01-o05-nano-c2,,8,False,193.476,llama3.2:1b,etri-dev0001-jetorn,ACTIVE,189.775,ce0c2207-523f-4bd0-91d2-640d3e0fa77a,Edge computing reduces latency by processing data closer,nano,5,12.0,ok,nano,1788516010.3338902,49.573,228.346,5
382.893,1,388.512,1788516010.9172504,2,b01-o05-nano-c2,,8,False,193.862,llama3.2:1b,etri-dev0001-jetorn,ACTIVE,189.031,28489095-2965-4244-b4a4-eef84f48fb03,Edge computing reduces latency by processing data closer,nano,5,12.0,ok,nano,1788516010.5287414,49.238,221.837,5
383.51,1,388.389,1788516011.1110098,2,b01-o05-nano-c2,,8,False,193.989,llama3.2:1b,etri-dev0001-jetorn,ACTIVE,189.521,37d124bb-c264-4be1-9638-74f5d45136c4,Edge computing reduces latency by processing data closer,nano,5,12.0,ok,nano,1788516010.7226217,49.646,221.041,5
381.357,1,386.762,1788516011.3041418,2,b01-o05-nano-c2,,8,False,192.627,llama3.2:1b,etri-dev0001-jetorn,ACTIVE,188.73,eeb9525b-eeac-45b9-965f-0fe1bf06bc68,Edge computing reduces latency by processing data closer,nano,5,12.0,ok,nano,1788516010.9173827,49.737,221.319,5
381.221,1,386.114,1788516011.4971542,2,b01-o05-nano-c2,,8,False,192.577,llama3.2:1b,etri-dev0001-jetorn,ACTIVE,188.644,44ed80ae-9b94-4304-abad-49e12274919c,Edge computing reduces latency by processing data closer,nano,5,12.0,ok,nano,1788516011.1110442,49.786,219.818,5
383.227,1,387.788,1788516011.6919875,2,b01-o05-nano-c2,,8,False,194.365,llama3.2:1b,etri-dev0001-jetorn,ACTIVE,188.862,e2d0f5d1-846c-4c85-a1d8-c979810590be,Edge computing reduces latency by processing data closer,nano,5,12.0,ok,nano,1788516011.3042023,49.226,219.071,5
382.585,1,387.952,1788516011.8852358,2,b01-o05-nano-c2,,8,False,192.869,llama3.2:1b,etri-dev0001-jetorn,ACTIVE,189.716,edbec645-65fd-4aab-a43c-a451a2276276,Edge computing reduces latency by processing data closer,nano,5,12.0,ok,nano,1788516011.497285,49.741,220.018,5
382.382,1,387.505,1788516012.0795472,2,b01-o05-nano-c2,,8,False,193.85,llama3.2:1b,etri-dev0001-jetorn,ACTIVE,188.532,95db9b5e-93c0-4d8a-9e28-59d3b00140a6,Edge computing reduces latency by processing data closer,nano,5,12.0,ok,nano,1788516011.6920435,49.615,219.886,5
383.74,1,388.069,1788516012.2733297,2,b01-o05-nano-c2,,8,False,193.732,llama3.2:1b,etri-dev0001-jetorn,ACTIVE,190.007,27202baf-c44e-42c3-80f8-6b67b28d87cb,Edge computing reduces latency by processing data closer,nano,5,12.0,ok,nano,1788516011.8852613,49.687,221.88,5
383.834,1,388.287,1788516012.4678588,2,b01-o05-nano-c2,,8,False,193.817,llama3.2:1b,etri-dev0001-jetorn,ACTIVE,190.018,804ad9e9-8106-4199-aafc-8edf58f78380,Edge computing reduces latency by processing data closer,nano,5,12.0,ok,nano,1788516012.0795734,49.38,220.507,5
384.105,1,388.822,1788516012.6621754,2,b01-o05-nano-c2,,8,False,193.994,llama3.2:1b,etri-dev0001-jetorn,ACTIVE,190.111,727df864-7bc6-4fe5-8a31-f52e703e6bb1,Edge computing reduces latency by processing data closer,nano,5,12.0,ok,nano,1788516012.273357,49.616,221.324,5
383.403,1,388.462,1788516012.856377,2,b01-o05-nano-c2,,8,False,193.862,llama3.2:1b,etri-dev0001-jetorn,ACTIVE,189.541,fc33b628-5501-4b48-a6b8-96e814ecc91f,Edge computing reduces latency by processing data closer,nano,5,12.0,ok,nano,1788516012.4679158,49.643,220.484,5
384.958,1,389.825,1788516013.0520566,2,b01-o05-nano-c2,,8,False,195.183,llama3.2:1b,etri-dev0001-jetorn,ACTIVE,189.775,b24d0d3a-e340-4c56-be05-43d1beeeb4df,Edge computing reduces latency by processing data closer,nano,5,12.0,ok,nano,1788516012.6622324,49.248,221.078,5
383.893,1,388.573,1788516013.2449775,2,b01-o05-nano-c2,,8,False,192.586,llama3.2:1b,etri-dev0001-jetorn,ACTIVE,191.307,ce882366-7b77-44e2-8e6d-f9c3f11290f9,Edge computing reduces latency by processing data closer,nano,5,12.0,ok,nano,1788516012.8564057,49.727,221.068,5
383.635,1,388.701,1788516013.4407775,2,b01-o05-nano-c2,,8,False,194.599,llama3.2:1b,etri-dev0001-jetorn,ACTIVE,189.036,4fe72341-a4f0-47db-896c-9394806165e3,Edge computing reduces latency by processing data closer,nano,5,12.0,ok,nano,1788516013.0520804,49.426,219.977,5
385.776,1,390.65,1788516013.6356616,2,b01-o05-nano-c2,,8,False,195.181,llama3.2:1b,etri-dev0001-jetorn,ACTIVE,190.596,3bbddf41-5dde-4f3e-bfd4-41b52f4426c9,Edge computing reduces latency by processing data closer,nano,5,12.0,ok,nano,1788516013.2450147,49.283,222.119,5
384.4,1,389.758,1788516013.8306131,2,b01-o05-nano-c2,,8,False,194.522,llama3.2:1b,etri-dev0001-jetorn,ACTIVE,189.878,a6c34da7-e8c1-4c3c-b0ac-0c20f8ff5d28,Edge computing reduces latency by processing data closer,nano,5,12.0,ok,nano,1788516013.4408593,49.41,225.801,5
385.513,1,390.764,1788516014.0264978,2,b01-o05-nano-c2,,8,False,195.783,llama3.2:1b,etri-dev0001-jetorn,ACTIVE,189.73,adbd4d72-718d-4991-9a5d-597759afa853,Edge computing reduces latency by processing data closer,nano,5,12.0,ok,nano,1788516013.635736,49.006,221.243,5
384.521,1,390.106,1788516014.2208357,2,b01-o05-nano-c2,,8,False,193.894,llama3.2:1b,etri-dev0001-jetorn,ACTIVE,190.626,229530e9-fb09-489e-ba71-34b48dfb79b6,Edge computing reduces latency by processing data closer,nano,5,12.0,ok,nano,1788516013.830733,49.347,223.307,5
382.786,1,387.683,1788516014.4142485,2,b01-o05-nano-c2,,8,False,193.045,llama3.2:1b,etri-dev0001-jetorn,ACTIVE,189.742,6e564de7-a4f0-49c7-a724-64168bfa156b,Edge computing reduces latency by processing data closer,nano,5,12.0,ok,nano,1788516014.0265694,49.458,224.193,5
382.965,1,388.659,1788516014.6095781,2,b01-o05-nano-c2,,8,False,194.276,llama3.2:1b,etri-dev0001-jetorn,ACTIVE,188.688,539267f5-c0bd-474d-acf0-e3ebcb4de381,Edge computing reduces latency by processing data closer,nano,5,12.0,ok,nano,1788516014.2209232,49.33,218.703,5
386.777,1,391.933,1788516014.8062723,2,b01-o05-nano-c2,,8,False,196.347,llama3.2:1b,etri-dev0001-jetorn,ACTIVE,190.429,9602c11c-4b9c-4f0b-8463-47b7f5daa690,Edge computing reduces latency by processing data closer,nano,5,12.0,ok,nano,1788516014.4143426,49.506,228.176,5
385.317,1,391.668,1788516015.001333,2,b01-o05-nano-c2,,8,False,194.905,llama3.2:1b,etri-dev0001-jetorn,ACTIVE,190.412,9e6a979e-05cd-4545-b45e-f406e5f8fb21,Edge computing reduces latency by processing data closer,nano,5,12.0,ok,nano,1788516014.609668,49.397,221.189,5
382.985,1,388.686,1788516015.1950862,2,b01-o05-nano-c2,,8,False,193.321,llama3.2:1b,etri-dev0001-jetorn,ACTIVE,189.664,f44f113e-036f-41b2-bb1c-932cf20dbfba,Edge computing reduces latency by processing data closer,nano,5,12.0,ok,nano,1788516014.806404,49.485,219.913,5
382.532,1,388.039,1788516015.3894608,2,b01-o05-nano-c2,,8,False,194.6,llama3.2:1b,etri-dev0001-jetorn,ACTIVE,187.931,129c35bd-8ef5-4139-9db1-194559ed4e6f,Edge computing reduces latency by processing data closer,nano,5,12.0,ok,nano,1788516015.001426,49.401,219.063,5
382.439,1,387.851,1788516015.583033,2,b01-o05-nano-c2,,8,False,193.173,llama3.2:1b,etri-dev0001-jetorn,ACTIVE,189.266,881db7c2-9788-4542-8b16-5329d647ab18,Edge computing reduces latency by processing data closer,nano,5,12.0,ok,nano,1788516015.1951864,49.523,219.415,5
383.193,1,388.169,1788516015.7777567,2,b01-o05-nano-c2,,8,False,193.962,llama3.2:1b,etri-dev0001-jetorn,ACTIVE,189.231,07351126-b80a-4aa2-b174-38c2b20421c9,Edge computing reduces latency by processing data closer,nano,5,12.0,ok,nano,1788516015.3895915,49.415,219.891,5
383.991,1,389.083,1788516015.9722278,2,b01-o05-nano-c2,,8,False,194.674,llama3.2:1b,etri-dev0001-jetorn,ACTIVE,189.317,9c879609-0532-4854-bcb9-15bcd8048431,Edge computing reduces latency by processing data closer,nano,5,12.0,ok,nano,1788516015.583146,49.529,227.383,5
382.842,1,388.8,1788516016.1666424,2,b01-o05-nano-c2,,8,False,193.529,llama3.2:1b,etri-dev0001-jetorn,ACTIVE,189.313,71542d9f-94d5-49f2-98bb-40b6674232f4,Edge computing reduces latency by processing data closer,nano,5,12.0,ok,nano,1788516015.7778463,49.454,232.256,5
385.424,1,390.513,1788516016.3627617,2,b01-o05-nano-c2,,8,False,195.932,llama3.2:1b,etri-dev0001-jetorn,ACTIVE,189.492,688f9055-d26d-413f-8832-429b22ece3a3,Edge computing reduces latency by processing data closer,nano,5,12.0,ok,nano,1788516015.9722521,49.073,220.485,5
385.41,1,391.048,1788516016.5577836,2,b01-o05-nano-c2,,8,False,194.299,llama3.2:1b,etri-dev0001-jetorn,ACTIVE,191.111,45811097-f4a8-4c69-a1f7-1d57f822122d,Edge computing reduces latency by processing data closer,nano,5,12.0,ok,nano,1788516016.1667392,49.181,220.788,5
380.622,1,390.155,1788516016.7530053,2,b01-o05-nano-c2,,8,False,194.364,llama3.2:1b,etri-dev0001-jetorn,ACTIVE,186.258,e97540f7-bb07-4abb-b142-10f718141d1d,Edge computing reduces latency by processing data closer,nano,5,12.0,ok,nano,1788516016.3628533,49.334,216.843,5
385.4,1,390.17,1788516016.9480817,2,b01-o05-nano-c2,,8,False,195.661,llama3.2:1b,etri-dev0001-jetorn,ACTIVE,189.739,63dcf7c1-b477-4a10-8035-604c5959074a,Edge computing reduces latency by processing data closer,nano,5,12.0,ok,nano,1788516016.5579126,49.428,222.1,5
295.573,1,304.774,1788516020.2573206,1,b01-o06-nano-c1,,8,False,295.551,llama3.2:1b,etri-dev0001-jetorn,ACTIVE,0.022,0994817b-a6ba-4c33-b938-89b30e546cb7,Edge computing reduces latency by processing data closer,nano,6,12.0,ok,nano,1788516019.9525526,37.786,82.183,6
242.982,1,248.533,1788516020.5059571,1,b01-o06-nano-c1,,8,False,242.969,llama3.2:1b,etri-dev0001-jetorn,ACTIVE,0.012,038d3df9-4522-41d4-bb78-c8cc96fe0449,Edge computing reduces latency by processing data closer,nano,6,12.0,ok,nano,1788516020.25743,38.914,35.123,6
202.873,1,208.329,1788516020.7143924,1,b01-o06-nano-c1,,8,False,202.86,llama3.2:1b,etri-dev0001-jetorn,ACTIVE,0.013,e7df46b2-c227-47d0-9c61-67a68b047c60,Edge computing reduces latency by processing data closer,nano,6,12.0,ok,nano,1788516020.5060687,48.0,35.03,6
191.093,1,196.945,1788516020.9114404,1,b01-o06-nano-c1,,8,False,191.081,llama3.2:1b,etri-dev0001-jetorn,ACTIVE,0.012,da0d2304-268d-4f86-b830-c0c76e702bae,Edge computing reduces latency by processing data closer,nano,6,12.0,ok,nano,1788516020.7145002,49.689,28.638,6
191.475,1,196.004,1788516021.1075482,1,b01-o06-nano-c1,,8,False,191.465,llama3.2:1b,etri-dev0001-jetorn,ACTIVE,0.01,7ce4c82d-99a2-4fcd-8cbe-c100b25b33af,Edge computing reduces latency by processing data closer,nano,6,12.0,ok,nano,1788516020.9115462,49.649,28.469,6
193.17,1,198.046,1788516021.3056517,1,b01-o06-nano-c1,,8,False,193.159,llama3.2:1b,etri-dev0001-jetorn,ACTIVE,0.012,20437b80-7280-43ef-b2f5-ec754a98bce6,Edge computing reduces latency by processing data closer,nano,6,12.0,ok,nano,1788516021.107609,49.187,29.328,6
193.27,1,198.359,1788516021.5040948,1,b01-o06-nano-c1,,8,False,193.258,llama3.2:1b,etri-dev0001-jetorn,ACTIVE,0.012,5eb1f15a-2ac0-427c-a252-13bea727680c,Edge computing reduces latency by processing data closer,nano,6,12.0,ok,nano,1788516021.3057387,49.449,29.924,6
192.446,1,197.569,1788516021.701748,1,b01-o06-nano-c1,,8,False,192.435,llama3.2:1b,etri-dev0001-jetorn,ACTIVE,0.011,bd4e25aa-37cd-43a2-a6e2-6560ca9c6973,Edge computing reduces latency by processing data closer,nano,6,12.0,ok,nano,1788516021.5041826,49.599,29.477,6
193.958,1,198.494,1788516021.900329,1,b01-o06-nano-c1,,8,False,193.948,llama3.2:1b,etri-dev0001-jetorn,ACTIVE,0.01,4e5b56a5-9420-4acf-bc87-3838d16dd8ba,Edge computing reduces latency by processing data closer,nano,6,12.0,ok,nano,1788516021.7018366,49.024,29.765,6
193.319,1,197.809,1788516022.0981612,1,b01-o06-nano-c1,,8,False,193.307,llama3.2:1b,etri-dev0001-jetorn,ACTIVE,0.012,af1d78f9-3448-48ec-afdf-365bb3b557ca,Edge computing reduces latency by processing data closer,nano,6,12.0,ok,nano,1788516021.9003534,49.393,29.381,6
198.494,1,203.502,1788516022.3016908,1,b01-o06-nano-c1,,8,False,198.482,llama3.2:1b,etri-dev0001-jetorn,ACTIVE,0.012,7782ebea-5307-4cae-8b31-f2fafa1ee05f,Edge computing reduces latency by processing data closer,nano,6,12.0,ok,nano,1788516022.0981927,49.613,35.736,6
192.038,1,197.012,1788516022.4987876,1,b01-o06-nano-c1,,8,False,192.027,llama3.2:1b,etri-dev0001-jetorn,ACTIVE,0.011,e332fabd-5bb5-4686-aacb-0d1ae92a7ed8,Edge computing reduces latency by processing data closer,nano,6,12.0,ok,nano,1788516022.301779,49.608,29.739,6
192.133,1,197.251,1788516022.6961222,1,b01-o06-nano-c1,,8,False,192.121,llama3.2:1b,etri-dev0001-jetorn,ACTIVE,0.012,0732ac67-5757-40e6-8d41-aee95b373872,Edge computing reduces latency by processing data closer,nano,6,12.0,ok,nano,1788516022.4988742,49.41,28.834,6
192.772,1,197.713,1788516022.8939202,1,b01-o06-nano-c1,,8,False,192.76,llama3.2:1b,etri-dev0001-jetorn,ACTIVE,0.012,1d24e6d7-afc0-49df-8005-a0a2a31abd13,Edge computing reduces latency by processing data closer,nano,6,12.0,ok,nano,1788516022.6962094,49.277,28.878,6
194.495,1,198.56,1788516023.0925372,1,b01-o06-nano-c1,,8,False,194.484,llama3.2:1b,etri-dev0001-jetorn,ACTIVE,0.012,ff70083a-7dbe-46d8-a941-f658ff2d0e23,Edge computing reduces latency by processing data closer,nano,6,12.0,ok,nano,1788516022.8939779,48.786,29.379,6
192.862,1,197.356,1788516023.2899156,1,b01-o06-nano-c1,,8,False,192.849,llama3.2:1b,etri-dev0001-jetorn,ACTIVE,0.012,9c0ce185-2bb7-4eb5-b0bc-4e21f8cfe406,Edge computing reduces latency by processing data closer,nano,6,12.0,ok,nano,1788516023.0925605,49.448,29.402,6
193.201,1,197.282,1788516023.487237,1,b01-o06-nano-c1,,8,False,193.189,llama3.2:1b,etri-dev0001-jetorn,ACTIVE,0.012,afd195e5-3f12-4cd7-b605-8960017a9025,Edge computing reduces latency by processing data closer,nano,6,12.0,ok,nano,1788516023.2899568,49.462,29.87,6
193.159,1,197.601,1788516023.684875,1,b01-o06-nano-c1,,8,False,193.148,llama3.2:1b,etri-dev0001-jetorn,ACTIVE,0.01,97ce6d7c-eda6-4acd-97f7-1d4d55f51323,Edge computing reduces latency by processing data closer,nano,6,12.0,ok,nano,1788516023.4872768,49.418,29.567,6
192.709,1,198.008,1788516023.8829484,1,b01-o06-nano-c1,,8,False,192.698,llama3.2:1b,etri-dev0001-jetorn,ACTIVE,0.012,d7d686cd-1c65-43e4-b46b-a1c418154db4,Edge computing reduces latency by processing data closer,nano,6,12.0,ok,nano,1788516023.6849444,49.362,29.318,6
195.429,1,200.204,1788516024.083246,1,b01-o06-nano-c1,,8,False,195.417,llama3.2:1b,etri-dev0001-jetorn,ACTIVE,0.012,3d5d633f-099d-461b-86ec-89810784ea57,Edge computing reduces latency by processing data closer,nano,6,12.0,ok,nano,1788516023.883043,48.934,35.471,6
194.318,1,198.346,1788516024.281629,1,b01-o06-nano-c1,,8,False,194.307,llama3.2:1b,etri-dev0001-jetorn,ACTIVE,0.011,9ef9c513-ec54-4a0d-80e5-6f6c12388d8d,Edge computing reduces latency by processing data closer,nano,6,12.0,ok,nano,1788516024.0832844,49.242,29.893,6
193.628,1,198.098,1788516024.4797525,1,b01-o06-nano-c1,,8,False,193.618,llama3.2:1b,etri-dev0001-jetorn,ACTIVE,0.01,a5a93ad2-4bf7-4521-b1e7-31cf93ac3f2d,Edge computing reduces latency by processing data closer,nano,6,12.0,ok,nano,1788516024.2816582,49.22,29.832,6
193.222,1,198.604,1788516024.678433,1,b01-o06-nano-c1,,8,False,193.21,llama3.2:1b,etri-dev0001-jetorn,ACTIVE,0.011,1f6c143a-67f4-4f9d-9dcf-276d6025e20d,Edge computing reduces latency by processing data closer,nano,6,12.0,ok,nano,1788516024.4798322,49.424,29.528,6
192.935,1,198.119,1788516024.8766313,1,b01-o06-nano-c1,,8,False,192.923,llama3.2:1b,etri-dev0001-jetorn,ACTIVE,0.012,0ba7e2f4-a6ca-4688-8f64-7774251b5e10,Edge computing reduces latency by processing data closer,nano,6,12.0,ok,nano,1788516024.6785154,49.388,29.572,6
193.393,1,198.771,1788516025.0754824,1,b01-o06-nano-c1,,8,False,193.381,llama3.2:1b,etri-dev0001-jetorn,ACTIVE,0.012,0996d4ce-e9f0-4cec-bcdc-50b6cced63a0,Edge computing reduces latency by processing data closer,nano,6,12.0,ok,nano,1788516024.876715,49.392,29.825,6
194.08,1,199.658,1788516025.275222,1,b01-o06-nano-c1,,8,False,194.069,llama3.2:1b,etri-dev0001-jetorn,ACTIVE,0.012,b0909eeb-46af-4b62-8555-73383ff75d27,Edge computing reduces latency by processing data closer,nano,6,12.0,ok,nano,1788516025.0755668,49.476,30.844,6
194.425,1,199.578,1788516025.4748766,1,b01-o06-nano-c1,,8,False,194.412,llama3.2:1b,etri-dev0001-jetorn,ACTIVE,0.013,5aee12fb-21f0-4e37-973f-d696c3f4ab05,Edge computing reduces latency by processing data closer,nano,6,12.0,ok,nano,1788516025.2753022,49.158,29.995,6
193.574,1,198.383,1788516025.6734,1,b01-o06-nano-c1,,8,False,193.562,llama3.2:1b,etri-dev0001-jetorn,ACTIVE,0.013,5aca3caf-d011-46ef-94be-b48ff2393f1c,Edge computing reduces latency by processing data closer,nano,6,12.0,ok,nano,1788516025.4750195,49.308,29.602,6
194.861,1,199.952,1788516025.8733814,1,b01-o06-nano-c1,,8,False,194.849,llama3.2:1b,etri-dev0001-jetorn,ACTIVE,0.012,0356cbe9-43b6-40c4-a087-b370571cb3f6,Edge computing reduces latency by processing data closer,nano,6,12.0,ok,nano,1788516025.6734335,49.154,30.367,6
196.084,1,201.222,1788516026.074692,1,b01-o06-nano-c1,,8,False,196.073,llama3.2:1b,etri-dev0001-jetorn,ACTIVE,0.011,3d276448-716e-4216-92c6-787b4d4cb18c,Edge computing reduces latency by processing data closer,nano,6,12.0,ok,nano,1788516025.8734725,48.551,30.132,6
193.367,1,198.102,1788516026.2728577,1,b01-o06-nano-c1,,8,False,193.354,llama3.2:1b,etri-dev0001-jetorn,ACTIVE,0.013,f17b4d5f-9a3d-411d-8682-f10b895f3de0,Edge computing reduces latency by processing data closer,nano,6,12.0,ok,nano,1788516026.0747588,49.399,30.014,6
194.304,1,199.183,1788516026.4721456,1,b01-o06-nano-c1,,8,False,194.292,llama3.2:1b,etri-dev0001-jetorn,ACTIVE,0.012,d2e9713e-add9-41b8-b2f4-31e1c13ef77c,Edge computing reduces latency by processing data closer,nano,6,12.0,ok,nano,1788516026.272966,49.087,30.265,6
192.944,1,198.264,1788516026.670533,1,b01-o06-nano-c1,,8,False,192.932,llama3.2:1b,etri-dev0001-jetorn,ACTIVE,0.012,feeca929-6d3a-432e-a3c9-758a7ca58f79,Edge computing reduces latency by processing data closer,nano,6,12.0,ok,nano,1788516026.472272,49.497,29.72,6
193.239,1,198.238,1788516026.8688588,1,b01-o06-nano-c1,,8,False,193.228,llama3.2:1b,etri-dev0001-jetorn,ACTIVE,0.011,49fab1ad-d224-4023-9ee5-9bb4864944c7,Edge computing reduces latency by processing data closer,nano,6,12.0,ok,nano,1788516026.6706245,49.428,29.706,6
194.058,1,198.883,1788516027.0678484,1,b01-o06-nano-c1,,8,False,194.047,llama3.2:1b,etri-dev0001-jetorn,ACTIVE,0.012,cd68833f-a90d-49ab-b940-5ca8503005f7,Edge computing reduces latency by processing data closer,nano,6,12.0,ok,nano,1788516026.868967,49.538,31.063,6
193.463,1,198.347,1788516027.2662368,1,b01-o06-nano-c1,,8,False,193.452,llama3.2:1b,etri-dev0001-jetorn,ACTIVE,0.011,cf65c8a7-444a-40c2-9dff-0f639014f514,Edge computing reduces latency by processing data closer,nano,6,12.0,ok,nano,1788516027.0678926,49.158,29.26,6
196.151,1,201.403,1788516027.467725,1,b01-o06-nano-c1,,8,False,196.139,llama3.2:1b,etri-dev0001-jetorn,ACTIVE,0.012,4a20d2d0-a748-4276-8fd2-17c470cf399d,Edge computing reduces latency by processing data closer,nano,6,12.0,ok,nano,1788516027.2663238,49.533,33.577,6
193.874,1,198.247,1788516027.666027,1,b01-o06-nano-c1,,8,False,193.863,llama3.2:1b,etri-dev0001-jetorn,ACTIVE,0.011,3853bba2-1adf-486d-b663-a9eb3504883c,Edge computing reduces latency by processing data closer,nano,6,12.0,ok,nano,1788516027.4677837,49.299,30.198,6
194.061,1,198.829,1788516027.8649359,1,b01-o06-nano-c1,,8,False,194.049,llama3.2:1b,etri-dev0001-jetorn,ACTIVE,0.011,a0c27a70-26f7-47be-9b10-7048a8bb2d54,Edge computing reduces latency by processing data closer,nano,6,12.0,ok,nano,1788516027.6661074,49.319,30.063,6
194.015,1,198.71,1788516028.063667,1,b01-o06-nano-c1,,8,False,194.002,llama3.2:1b,etri-dev0001-jetorn,ACTIVE,0.013,91386081-c286-463d-bdf4-51410fb7a2e8,Edge computing reduces latency by processing data closer,nano,6,12.0,ok,nano,1788516027.864959,49.023,29.494,6
192.614,1,197.396,1788516028.2611015,1,b01-o06-nano-c1,,8,False,192.604,llama3.2:1b,etri-dev0001-jetorn,ACTIVE,0.01,95c6bd77-7fa7-422d-9f3f-e52e26c37f1c,Edge computing reduces latency by processing data closer,nano,6,12.0,ok,nano,1788516028.063709,49.497,29.011,6
194.202,1,199.257,1788516028.460445,1,b01-o06-nano-c1,,8,False,194.19,llama3.2:1b,etri-dev0001-jetorn,ACTIVE,0.012,41598cd9-b58d-4583-9026-6539eaa4da6b,Edge computing reduces latency by processing data closer,nano,6,12.0,ok,nano,1788516028.2611914,49.329,30.606,6
192.158,1,196.925,1788516028.6574552,1,b01-o06-nano-c1,,8,False,192.148,llama3.2:1b,etri-dev0001-jetorn,ACTIVE,0.011,499962ea-8c6d-4cc4-b553-5e922aeb085e,Edge computing reduces latency by processing data closer,nano,6,12.0,ok,nano,1788516028.4605327,49.469,28.518,6
192.462,1,197.692,1788516028.8552315,1,b01-o06-nano-c1,,8,False,192.451,llama3.2:1b,etri-dev0001-jetorn,ACTIVE,0.012,366489b7-c1b7-4ebd-8f30-0dc5376b7f9c,Edge computing reduces latency by processing data closer,nano,6,12.0,ok,nano,1788516028.6575427,49.279,28.701,6
196.45,1,201.429,1788516029.056751,1,b01-o06-nano-c1,,8,False,196.438,llama3.2:1b,etri-dev0001-jetorn,ACTIVE,0.012,c3f6df31-6848-43f9-9aa0-afb8889b9b35,Edge computing reduces latency by processing data closer,nano,6,12.0,ok,nano,1788516028.855325,49.393,35.722,6
194.958,1,199.842,1788516029.256672,1,b01-o06-nano-c1,,8,False,194.946,llama3.2:1b,etri-dev0001-jetorn,ACTIVE,0.011,44340a47-6e5d-4f7c-bfff-2f58328057e8,Edge computing reduces latency by processing data closer,nano,6,12.0,ok,nano,1788516029.0568328,49.406,30.063,6
192.983,1,198.502,1788516029.455251,1,b01-o06-nano-c1,,8,False,192.972,llama3.2:1b,etri-dev0001-jetorn,ACTIVE,0.011,50413597-9ff1-4b17-bc4e-913cbff0bdfb,Edge computing reduces latency by processing data closer,nano,6,12.0,ok,nano,1788516029.2567515,49.318,29.035,6
193.591,1,198.158,1788516029.653485,1,b01-o06-nano-c1,,8,False,193.581,llama3.2:1b,etri-dev0001-jetorn,ACTIVE,0.01,df8a08bd-0699-479a-88cb-7d3f26a0dda9,Edge computing reduces latency by processing data closer,nano,6,12.0,ok,nano,1788516029.4553301,49.156,29.63,6
193.581,1,198.608,1788516029.8521712,1,b01-o06-nano-c1,,8,False,193.569,llama3.2:1b,etri-dev0001-jetorn,ACTIVE,0.012,c3b75f5b-2371-49bc-b642-cc75e0a6647c,Edge computing reduces latency by processing data closer,nano,6,12.0,ok,nano,1788516029.653567,49.407,30.165,6
192.254,1,197.346,1788516030.0495958,1,b01-o06-nano-c1,,8,False,192.243,llama3.2:1b,etri-dev0001-jetorn,ACTIVE,0.011,2145cff6-0827-4dc7-b2fe-d032f81d0e0e,Edge computing reduces latency by processing data closer,nano,6,12.0,ok,nano,1788516029.8522534,49.261,28.754,6
193.261,1,197.994,1788516030.2476695,1,b01-o06-nano-c1,,8,False,193.25,llama3.2:1b,etri-dev0001-jetorn,ACTIVE,0.011,886d6aec-00b9-49bf-ae20-a84d96107b45,Edge computing reduces latency by processing data closer,nano,6,12.0,ok,nano,1788516030.0496774,49.383,29.603,6
194.249,1,199.325,1788516030.4470236,1,b01-o06-nano-c1,,8,False,194.238,llama3.2:1b,etri-dev0001-jetorn,ACTIVE,0.011,4d8e6498-0484-4bd5-a3e4-e76301310872,Edge computing reduces latency by processing data closer,nano,6,12.0,ok,nano,1788516030.2477043,49.163,30.091,6
192.968,1,198.103,1788516030.6452322,1,b01-o06-nano-c1,,8,False,192.956,llama3.2:1b,etri-dev0001-jetorn,ACTIVE,0.012,f2d2a2c0-b41d-4c15-9495-e0fbb73bb813,Edge computing reduces latency by processing data closer,nano,6,12.0,ok,nano,1788516030.447135,49.437,29.278,6
191.998,1,197.094,1788516030.8424318,1,b01-o06-nano-c1,,8,False,191.988,llama3.2:1b,etri-dev0001-jetorn,ACTIVE,0.011,38830c54-ba9b-4996-b54f-dffcf96971db,Edge computing reduces latency by processing data closer,nano,6,12.0,ok,nano,1788516030.6453433,49.489,28.596,6
192.222,1,197.527,1788516031.040067,1,b01-o06-nano-c1,,8,False,192.21,llama3.2:1b,etri-dev0001-jetorn,ACTIVE,0.012,2c187470-b90e-4508-b878-9f059ea79a79,Edge computing reduces latency by processing data closer,nano,6,12.0,ok,nano,1788516030.8425422,49.432,28.88,6
193.565,1,198.978,1788516031.239076,1,b01-o06-nano-c1,,8,False,193.551,llama3.2:1b,etri-dev0001-jetorn,ACTIVE,0.014,442df346-464c-4874-89f8-589f77f2a7ed,Edge computing reduces latency by processing data closer,nano,6,12.0,ok,nano,1788516031.0401044,49.409,30.156,6
194.221,1,199.913,1788516031.4391012,1,b01-o06-nano-c1,,8,False,194.207,llama3.2:1b,etri-dev0001-jetorn,ACTIVE,0.014,8a892645-463c-4a55-b002-a0923f768063,Edge computing reduces latency by processing data closer,nano,6,12.0,ok,nano,1788516031.2391934,49.331,30.212,6
192.661,1,197.655,1788516031.6368468,1,b01-o06-nano-c1,,8,False,192.65,llama3.2:1b,etri-dev0001-jetorn,ACTIVE,0.011,a95f4d84-825a-42b0-9d2e-c50b15f65c8e,Edge computing reduces latency by processing data closer,nano,6,12.0,ok,nano,1788516031.4391978,49.398,29.276,6
193.548,1,198.404,1788516031.835389,1,b01-o06-nano-c1,,8,False,193.537,llama3.2:1b,etri-dev0001-jetorn,ACTIVE,0.011,16538018-24b9-4417-a2ec-2e75f8a1ecfa,Edge computing reduces latency by processing data closer,nano,6,12.0,ok,nano,1788516031.6369884,49.1,28.584,6
193.582,1,199.097,1788516032.0346153,1,b01-o06-nano-c1,,8,False,193.571,llama3.2:1b,etri-dev0001-jetorn,ACTIVE,0.012,02232a17-5396-4877-88de-296adbe542e4,Edge computing reduces latency by processing data closer,nano,6,12.0,ok,nano,1788516031.835522,49.432,38.666,6
287.449,2,296.617,1788516035.343514,4,b02-o01-nano-c4,,8,False,287.437,llama3.2:1b,etri-dev0001-jetorn,ACTIVE,0.013,9177ed78-a03e-4c0c-a16e-026c2145a68d,Edge computing reduces latency by processing data closer,nano,7,12.0,ok,nano,1788516035.0469,39.046,80.601,1
517.825,2,533.52,1788516035.5816298,4,b02-o01-nano-c4,,8,False,237.811,llama3.2:1b,etri-dev0001-jetorn,ACTIVE,280.014,9f198a04-2039-4fc7-ac51-2c5c1894d8b7,Edge computing reduces latency by processing data closer,nano,7,12.0,ok,nano,1788516035.0481126,40.382,317.221,1
716.287,2,731.897,1788516035.7811327,4,b02-o01-nano-c4,,8,False,199.791,llama3.2:1b,etri-dev0001-jetorn,ACTIVE,516.497,2d39ef29-cc6e-41ce-8fc6-0b32ba8c9e5c,Edge computing reduces latency by processing data closer,nano,7,12.0,ok,nano,1788516035.0492394,49.632,553.259,1
910.744,2,930.133,1788516035.9762034,4,b02-o01-nano-c4,,8,False,194.402,llama3.2:1b,etri-dev0001-jetorn,ACTIVE,716.342,7796d61a-4606-4c12-aefa-3cde7eba1e8c,Edge computing reduces latency by processing data closer,nano,7,12.0,ok,nano,1788516035.0460756,49.631,747.448,1
821.241,2,826.487,1788516036.1700928,4,b02-o01-nano-c4,,8,False,194.019,llama3.2:1b,etri-dev0001-jetorn,ACTIVE,627.222,c68cf362-a191-45be-aed8-9c0f04d3ad00,Edge computing reduces latency by processing data closer,nano,7,12.0,ok,nano,1788516035.3436065,49.469,658.217,1
780.478,2,786.329,1788516036.368049,4,b02-o01-nano-c4,,8,False,197.102,llama3.2:1b,etri-dev0001-jetorn,ACTIVE,583.376,80555f02-5662-47d9-bbd3-a35729388e08,Edge computing reduces latency by processing data closer,nano,7,12.0,ok,nano,1788516035.58172,48.858,620.663,1
778.136,2,783.946,1788516036.5651624,4,b02-o01-nano-c4,,8,False,196.289,llama3.2:1b,etri-dev0001-jetorn,ACTIVE,581.848,7a46964e-354e-419f-86be-f82e122c82ed,Edge computing reduces latency by processing data closer,nano,7,12.0,ok,nano,1788516035.7812197,49.064,613.129,1
777.821,2,783.037,1788516036.7593431,4,b02-o01-nano-c4,,8,False,194.192,llama3.2:1b,etri-dev0001-jetorn,ACTIVE,583.629,1c68ec39-01ae-41ed-8f9b-e9c9ab975a89,Edge computing reduces latency by processing data closer,nano,7,12.0,ok,nano,1788516035.976312,49.502,614.587,1
778.371,2,783.603,1788516036.953715,4,b02-o01-nano-c4,,8,False,193.98,llama3.2:1b,etri-dev0001-jetorn,ACTIVE,584.391,02c693d7-f528-480d-a761-feaf5c8326e0,Edge computing reduces latency by processing data closer,nano,7,12.0,ok,nano,1788516036.1701164,49.508,624.742,1
772.902,2,779.437,1788516037.1475081,4,b02-o01-nano-c4,,8,False,193.581,llama3.2:1b,etri-dev0001-jetorn,ACTIVE,579.321,ed509055-3c43-410b-9134-f2f72cd14ebb,Edge computing reduces latency by processing data closer,nano,7,12.0,ok,nano,1788516036.368073,49.396,609.348,1
771.414,2,777.046,1788516037.3423243,4,b02-o01-nano-c4,,8,False,193.786,llama3.2:1b,etri-dev0001-jetorn,ACTIVE,577.628,b25edc32-c4b0-4a71-a648-639057814353,Edge computing reduces latency by processing data closer,nano,7,12.0,ok,nano,1788516036.5652807,49.432,607.711,1
771.587,2,777.092,1788516037.536542,4,b02-o01-nano-c4,,8,False,194.274,llama3.2:1b,etri-dev0001-jetorn,ACTIVE,577.314,0ea76f40-c007-436c-8cba-9a6bdb41aae6,Edge computing reduces latency by processing data closer,nano,7,12.0,ok,nano,1788516036.7594554,49.507,608.203,1
772.848,2,778.275,1788516037.7320786,4,b02-o01-nano-c4,,8,False,195.142,llama3.2:1b,etri-dev0001-jetorn,ACTIVE,577.706,c683fc86-de1d-4766-9a10-8a2d2af8460b,Edge computing reduces latency by processing data closer,nano,7,12.0,ok,nano,1788516036.9538052,49.325,608.968,1
773.347,2,777.707,1788516037.925261,4,b02-o01-nano-c4,,8,False,193.162,llama3.2:1b,etri-dev0001-jetorn,ACTIVE,580.184,b9b0e732-cc83-4e32-9ee5-6791d8809691,Edge computing reduces latency by processing data closer,nano,7,12.0,ok,nano,1788516037.1475554,49.533,610.426,1
771.552,2,776.998,1788516038.119398,4,b02-o01-nano-c4,,8,False,192.987,llama3.2:1b,etri-dev0001-jetorn,ACTIVE,578.565,7a3d1bbb-e695-465f-9862-c142243f815b,Edge computing reduces latency by processing data closer,nano,7,12.0,ok,nano,1788516037.3424037,49.475,608.411,1
771.911,2,777.663,1788516038.3143077,4,b02-o01-nano-c4,,8,False,194.485,llama3.2:1b,etri-dev0001-jetorn,ACTIVE,577.427,7e7f3c6a-e48b-4f05-8c63-8e7888fa5dcd,Edge computing reduces latency by processing data closer,nano,7,12.0,ok,nano,1788516037.5366504,49.276,609.974,1
774.115,2,779.037,1788516038.511146,4,b02-o01-nano-c4,,8,False,197.054,llama3.2:1b,etri-dev0001-jetorn,ACTIVE,577.061,a65fbca1-0f67-45ae-8b16-f8f78aa44cac,Edge computing reduces latency by processing data closer,nano,7,12.0,ok,nano,1788516037.7321124,49.27,610.428,1
775.258,2,779.877,1788516038.7051585,4,b02-o01-nano-c4,,8,False,193.725,llama3.2:1b,etri-dev0001-jetorn,ACTIVE,581.533,ec32aa99-993c-4f08-9db3-df2f9da6b492,Edge computing reduces latency by processing data closer,nano,7,12.0,ok,nano,1788516037.9252849,49.413,611.607,1
776.215,2,781.427,1788516038.9009044,4,b02-o01-nano-c4,,8,False,195.393,llama3.2:1b,etri-dev0001-jetorn,ACTIVE,580.822,1cb1ea9d-962a-4f82-82cb-b1746046de57,Edge computing reduces latency by processing data closer,nano,7,12.0,ok,nano,1788516038.1194808,49.249,615.05,1
774.902,2,780.278,1788516039.0946968,4,b02-o01-nano-c4,,8,False,193.235,llama3.2:1b,etri-dev0001-jetorn,ACTIVE,581.667,3ae6b502-7d34-4802-9ad4-75c91457ea13,Edge computing reduces latency by processing data closer,nano,7,12.0,ok,nano,1788516038.3144188,49.482,624.297,1
772.754,2,778.359,1788516039.2895887,4,b02-o01-nano-c4,,8,False,194.121,llama3.2:1b,etri-dev0001-jetorn,ACTIVE,578.634,61a72254-ecb1-4755-81d5-04b906312e2c,Edge computing reduces latency by processing data closer,nano,7,12.0,ok,nano,1788516038.5112326,49.521,619.478,1
776.088,2,780.895,1788516039.486139,4,b02-o01-nano-c4,,8,False,196.591,llama3.2:1b,etri-dev0001-jetorn,ACTIVE,579.497,5e632c2c-5658-48b1-9a35-f9e2b854dc90,Edge computing reduces latency by processing data closer,nano,7,12.0,ok,nano,1788516038.7052476,49.048,610.889,1
774.151,2,779.459,1788516039.6804898,4,b02-o01-nano-c4,,8,False,193.772,llama3.2:1b,etri-dev0001-jetorn,ACTIVE,580.378,920be397-2bfe-4cf2-b3e1-ffcaca78a488,Edge computing reduces latency by processing data closer,nano,7,12.0,ok,nano,1788516038.9010334,49.576,610.641,1
775.31,2,780.571,1788516039.875291,4,b02-o01-nano-c4,,8,False,194.571,llama3.2:1b,etri-dev0001-jetorn,ACTIVE,580.739,be51ce6e-6e8b-4d79-9697-91af21dfefa8,Edge computing reduces latency by processing data closer,nano,7,12.0,ok,nano,1788516039.0947225,49.413,611.824,1
773.854,2,779.694,1788516040.0693614,4,b02-o01-nano-c4,,8,False,193.168,llama3.2:1b,etri-dev0001-jetorn,ACTIVE,580.686,c575f399-2807-4528-956e-c4caf6cf2dc9,Edge computing reduces latency by processing data closer,nano,7,12.0,ok,nano,1788516039.289671,49.647,611.056,1
771.892,2,776.863,1788516040.2630851,4,b02-o01-nano-c4,,8,False,193.721,llama3.2:1b,etri-dev0001-jetorn,ACTIVE,578.171,5116f554-21f2-4215-bb8a-470238711df1,Edge computing reduces latency by processing data closer,nano,7,12.0,ok,nano,1788516039.486225,49.432,608.656,1
770.955,2,776.903,1788516040.4574661,4,b02-o01-nano-c4,,8,False,193.425,llama3.2:1b,etri-dev0001-jetorn,ACTIVE,577.53,47a1df85-3b70-4274-91c0-946cd540b382,Edge computing reduces latency by processing data closer,nano,7,12.0,ok,nano,1788516039.6805665,49.474,610.057,1
770.093,2,774.991,1788516040.6503108,4,b02-o01-nano-c4,,8,False,192.892,llama3.2:1b,etri-dev0001-jetorn,ACTIVE,577.2,52f91dc8-baa7-4127-8414-0f36b00d2a11,Edge computing reduces latency by processing data closer,nano,7,12.0,ok,nano,1788516039.875325,49.551,607.125,1
772.91,2,778.094,1788516040.8475463,4,b02-o01-nano-c4,,8,False,197.015,llama3.2:1b,etri-dev0001-jetorn,ACTIVE,575.895,499ba37d-ceda-4a51-befb-972b3f6260c4,Edge computing reduces latency by processing data closer,nano,7,12.0,ok,nano,1788516040.0694528,49.293,608.454,1
775.82,2,781.319,1788516041.0444896,4,b02-o01-nano-c4,,8,False,196.024,llama3.2:1b,etri-dev0001-jetorn,ACTIVE,579.795,363e4205-e3c3-4bd6-9c65-2a55f3a15985,Edge computing reduces latency by processing data closer,nano,7,12.0,ok,nano,1788516040.2631733,48.682,609.728,1
776.483,2,782.011,1788516041.2395594,4,b02-o01-nano-c4,,8,False,194.668,llama3.2:1b,etri-dev0001-jetorn,ACTIVE,581.815,40b1aa2f-7bb3-47c3-8549-c17f54c91b75,Edge computing reduces latency by processing data closer,nano,7,12.0,ok,nano,1788516040.457552,49.476,612.799,1
776.901,2,783.655,1788516041.434076,4,b02-o01-nano-c4,,8,False,194.168,llama3.2:1b,etri-dev0001-jetorn,ACTIVE,582.733,d7e89d3a-df2e-4b17-b3f1-4b7fe01b76f4,Edge computing reduces latency by processing data closer,nano,7,12.0,ok,nano,1788516040.6504247,49.449,613.536,1
777.365,2,782.633,1788516041.6302,4,b02-o01-nano-c4,,8,False,195.843,llama3.2:1b,etri-dev0001-jetorn,ACTIVE,581.522,a2e653a9-96bd-4da7-bba5-10601c682d01,Edge computing reduces latency by processing data closer,nano,7,12.0,ok,nano,1788516040.847571,49.203,615.547,1
775.498,2,780.174,1788516041.8247304,4,b02-o01-nano-c4,,8,False,194.65,llama3.2:1b,etri-dev0001-jetorn,ACTIVE,580.848,f7360d38-356c-4591-898d-ac97ab1bf456,Edge computing reduces latency by processing data closer,nano,7,12.0,ok,nano,1788516041.04456,49.23,614.802,1
775.159,2,779.941,1788516042.0195832,4,b02-o01-nano-c4,,8,False,194.507,llama3.2:1b,etri-dev0001-jetorn,ACTIVE,580.651,ded96b37-c339-43fc-86cc-676a8812283e,Edge computing reduces latency by processing data closer,nano,7,12.0,ok,nano,1788516041.239644,49.432,611.975,1
775.439,2,780.417,1788516042.2145667,4,b02-o01-nano-c4,,8,False,194.584,llama3.2:1b,etri-dev0001-jetorn,ACTIVE,580.855,e0f89f6d-aab3-4da0-91ad-30ced183dda1,Edge computing reduces latency by processing data closer,nano,7,12.0,ok,nano,1788516041.4341521,49.302,620.823,1
774.329,2,779.707,1788516042.4099557,4,b02-o01-nano-c4,,8,False,195.1,llama3.2:1b,etri-dev0001-jetorn,ACTIVE,579.229,2201364d-4657-4715-80e2-957405ecb301,Edge computing reduces latency by processing data closer,nano,7,12.0,ok,nano,1788516041.6302922,49.086,610.122,1
774.301,2,778.944,1788516042.6037593,4,b02-o01-nano-c4,,8,False,193.666,llama3.2:1b,etri-dev0001-jetorn,ACTIVE,580.635,8fae42b5-0e44-4a54-8d20-9ba31b64f353,Edge computing reduces latency by processing data closer,nano,7,12.0,ok,nano,1788516041.8248196,49.517,614.525,1
773.903,2,778.918,1788516042.7985337,4,b02-o01-nano-c4,,8,False,193.812,llama3.2:1b,etri-dev0001-jetorn,ACTIVE,580.09,b323ff14-fb02-4c0c-94b0-b0dd24576ca3,Edge computing reduces latency by processing data closer,nano,7,12.0,ok,nano,1788516042.01962,49.514,609.885,1
773.636,2,778.898,1788516042.993497,4,b02-o01-nano-c4,,8,False,194.509,llama3.2:1b,etri-dev0001-jetorn,ACTIVE,579.127,6b681166-ce55-4574-a0cd-17a48b20958e,Edge computing reduces latency by processing data closer,nano,7,12.0,ok,nano,1788516042.2146022,49.403,610.077,1
772.463,2,777.426,1788516043.1875124,4,b02-o01-nano-c4,,8,False,194.091,llama3.2:1b,etri-dev0001-jetorn,ACTIVE,578.372,169b8b01-c942-41e0-804a-377dc6f4883a,Edge computing reduces latency by processing data closer,nano,7,12.0,ok,nano,1788516042.410091,49.541,609.269,1
771.061,2,777.362,1788516043.381207,4,b02-o01-nano-c4,,8,False,192.951,llama3.2:1b,etri-dev0001-jetorn,ACTIVE,578.11,1b63ae06-de3b-4bf6-b5f6-3e63006d0510,Edge computing reduces latency by processing data closer,nano,7,12.0,ok,nano,1788516042.603849,49.524,607.789,1
770.774,2,775.967,1788516043.574593,4,b02-o01-nano-c4,,8,False,193.232,llama3.2:1b,etri-dev0001-jetorn,ACTIVE,577.542,769d0a16-6eea-4153-9979-487a4950d45d,Edge computing reduces latency by processing data closer,nano,7,12.0,ok,nano,1788516042.7986283,49.443,607.726,1
769.156,2,775.163,1788516043.7687469,4,b02-o01-nano-c4,,8,False,193.378,llama3.2:1b,etri-dev0001-jetorn,ACTIVE,575.778,0f272405-d3b9-4706-84b9-68e1fb01e179,Edge computing reduces latency by processing data closer,nano,7,12.0,ok,nano,1788516042.9935877,49.467,606.063,1
769.879,2,774.647,1788516043.9622622,4,b02-o01-nano-c4,,8,False,193.691,llama3.2:1b,etri-dev0001-jetorn,ACTIVE,576.188,f1164fae-27f4-4279-abba-5e815e67f7c6,Edge computing reduces latency by processing data closer,nano,7,12.0,ok,nano,1788516043.187616,49.423,606.193,1
772.165,2,777.067,1788516044.1583743,4,b02-o01-nano-c4,,8,False,195.582,llama3.2:1b,etri-dev0001-jetorn,ACTIVE,576.582,bc8a6757-57d6-4d75-b5db-d53b1046a69f,Edge computing reduces latency by processing data closer,nano,7,12.0,ok,nano,1788516043.3813086,49.213,607.691,1
772.652,2,777.877,1788516044.3525248,4,b02-o01-nano-c4,,8,False,193.729,llama3.2:1b,etri-dev0001-jetorn,ACTIVE,578.923,519d6ebd-e9da-4f7d-bac0-6f606734d78a,Edge computing reduces latency by processing data closer,nano,7,12.0,ok,nano,1788516043.5746503,49.447,609.115,1
773.133,2,778.639,1788516044.5474772,4,b02-o01-nano-c4,,8,False,194.527,llama3.2:1b,etri-dev0001-jetorn,ACTIVE,578.606,f8589e1c-22d8-4859-be42-5efed7d58c07,Edge computing reduces latency by processing data closer,nano,7,12.0,ok,nano,1788516043.7688415,49.513,609.539,1
774.468,2,779.965,1788516044.7422483,4,b02-o01-nano-c4,,8,False,194.291,llama3.2:1b,etri-dev0001-jetorn,ACTIVE,580.177,f8acbb78-6c09-4f4e-977c-723fb54b3486,Edge computing reduces latency by processing data closer,nano,7,12.0,ok,nano,1788516043.9622877,49.453,611.175,1
772.558,2,778.112,1788516044.9365075,4,b02-o01-nano-c4,,8,False,193.426,llama3.2:1b,etri-dev0001-jetorn,ACTIVE,579.132,2d5e2029-a390-41f9-a0fc-0ca1e2bd2420,Edge computing reduces latency by processing data closer,nano,7,12.0,ok,nano,1788516044.1583986,49.417,608.853,1
774.253,2,779.536,1788516045.1321254,4,b02-o01-nano-c4,,8,False,195.829,llama3.2:1b,etri-dev0001-jetorn,ACTIVE,578.424,09755ba9-b3bc-4f32-99b7-a12c467543b5,Edge computing reduces latency by processing data closer,nano,7,12.0,ok,nano,1788516044.3525903,49.295,610.511,1
774.046,2,779.601,1788516045.3271646,4,b02-o01-nano-c4,,8,False,194.125,llama3.2:1b,etri-dev0001-jetorn,ACTIVE,579.921,e2782249-9b6a-4e28-b207-ec2d39383fc3,Edge computing reduces latency by processing data closer,nano,7,12.0,ok,nano,1788516044.5475671,49.497,610.384,1
773.412,2,779.631,1788516045.5219662,4,b02-o01-nano-c4,,8,False,194.511,llama3.2:1b,etri-dev0001-jetorn,ACTIVE,578.901,9be28c81-8a49-4056-b55c-45fd49e66661,Edge computing reduces latency by processing data closer,nano,7,12.0,ok,nano,1788516044.742339,49.339,609.49,1
774.356,2,779.802,1788516045.716378,4,b02-o01-nano-c4,,8,False,194.205,llama3.2:1b,etri-dev0001-jetorn,ACTIVE,580.151,4f2f7da8-ffe0-4477-832b-418158c9db82,Edge computing reduces latency by processing data closer,nano,7,12.0,ok,nano,1788516044.936579,49.486,610.751,1
773.525,2,778.123,1788516045.9102726,4,b02-o01-nano-c4,,8,False,193.946,llama3.2:1b,etri-dev0001-jetorn,ACTIVE,579.579,f60ebd46-349b-46ab-9e47-4cecf57aaded,Edge computing reduces latency by processing data closer,nano,7,12.0,ok,nano,1788516045.132151,49.484,610.307,1
773.353,2,778.837,1788516046.1060886,4,b02-o01-nano-c4,,8,False,195.144,llama3.2:1b,etri-dev0001-jetorn,ACTIVE,578.21,4ce20ebb-1162-4edc-a9d9-67379e4a1743,Edge computing reduces latency by processing data closer,nano,7,12.0,ok,nano,1788516045.3272543,49.304,609.115,1
773.405,2,778.91,1788516046.301004,4,b02-o01-nano-c4,,8,False,194.539,llama3.2:1b,etri-dev0001-jetorn,ACTIVE,578.866,80e1c062-a8f7-4013-9549-f38f66925c56,Edge computing reduces latency by processing data closer,nano,7,12.0,ok,nano,1788516045.5220973,49.505,610.049,1
773.093,2,778.242,1788516046.4946995,4,b02-o01-nano-c4,,8,False,194.011,llama3.2:1b,etri-dev0001-jetorn,ACTIVE,579.083,14ed2324-9d6b-4b5e-bd16-9a75a1c448d7,Edge computing reduces latency by processing data closer,nano,7,12.0,ok,nano,1788516045.7164607,49.498,610.307,1
772.819,2,777.882,1788516046.6881757,4,b02-o01-nano-c4,,8,False,192.428,llama3.2:1b,etri-dev0001-jetorn,ACTIVE,580.391,edb87886-7e9e-4345-b31b-09c5de842796,Edge computing reduces latency by processing data closer,nano,7,12.0,ok,nano,1788516045.9102983,49.627,610.003,1
771.552,2,777.63,1788516046.883793,4,b02-o01-nano-c4,,8,False,195.328,llama3.2:1b,etri-dev0001-jetorn,ACTIVE,576.223,cea26492-a1ae-4c9a-ab22-dd693f485339,Edge computing reduces latency by processing data closer,nano,7,12.0,ok,nano,1788516046.1061687,49.425,607.597,1
782.538,2,787.636,1788516047.0887792,4,b02-o01-nano-c4,,8,False,205.345,llama3.2:1b,etri-dev0001-jetorn,ACTIVE,577.194,162dbd1f-7948-45c6-8709-ae9983a8380b,Edge computing reduces latency by processing data closer,nano,7,12.0,ok,nano,1788516046.3011446,49.07,618.195,1
784.25,2,789.013,1788516047.2837918,4,b02-o01-nano-c4,,8,False,194.597,llama3.2:1b,etri-dev0001-jetorn,ACTIVE,589.653,6bbb988a-007c-4ca5-808c-9e9e04a759bd,Edge computing reduces latency by processing data closer,nano,7,12.0,ok,nano,1788516046.4947822,49.284,624.682,1
785.898,2,791.855,1788516047.4801161,4,b02-o01-nano-c4,,8,False,195.743,llama3.2:1b,etri-dev0001-jetorn,ACTIVE,590.155,67455622-1825-4106-9fea-2572a42d70b0,Edge computing reduces latency by processing data closer,nano,7,12.0,ok,nano,1788516046.6882656,49.379,622.316,1
787.305,2,792.615,1788516047.6765215,4,b02-o01-nano-c4,,8,False,196.161,llama3.2:1b,etri-dev0001-jetorn,ACTIVE,591.145,c582b3f4-26dd-45fe-baad-cf1fe5f3808a,Edge computing reduces latency by processing data closer,nano,7,12.0,ok,nano,1788516046.8839087,49.02,623.203,1
281.267,2,294.338,1788516050.9970841,16,b02-o02-nano-c16,,8,False,281.247,llama3.2:1b,etri-dev0001-jetorn,ACTIVE,0.02,2175c0a2-172b-49fd-b6f8-7c10b71ad7ff,Edge computing reduces latency by processing data closer,nano,8,12.0,ok,nano,1788516050.7027516,38.587,71.626,2
514.729,2,532.411,1788516051.234074,16,b02-o02-nano-c16,,8,False,237.057,llama3.2:1b,etri-dev0001-jetorn,ACTIVE,277.672,313c7939-158e-44b7-a714-447484a8f5c2,Edge computing reduces latency by processing data closer,nano,8,12.0,ok,nano,1788516050.7017186,40.478,314.414,2
735.415,2,757.888,1788516051.4616466,16,b02-o02-nano-c16,,8,False,226.815,llama3.2:1b,etri-dev0001-jetorn,ACTIVE,508.599,d3b7e449-25a6-4c2c-95dc-96644b9138aa,Edge computing reduces latency by processing data closer,nano,8,12.0,ok,nano,1788516050.7037637,42.378,544.794,2
914.726,2,951.285,1788516051.6561234,16,b02-o02-nano-c16,,8,False,194.651,llama3.2:1b,etri-dev0001-jetorn,ACTIVE,720.075,e497cc41-5148-4cd3-ad38-79f0dea291d6,Edge computing reduces latency by processing data closer,nano,8,12.0,ok,nano,1788516050.7048411,49.529,751.37,2
1104.643,2,1145.463,1788516051.8517852,16,b02-o02-nano-c16,,8,False,194.901,llama3.2:1b,etri-dev0001-jetorn,ACTIVE,909.742,bcb5f93b-4412-443d-ab91-c08290ce5318,Edge computing reduces latency by processing data closer,nano,8,12.0,ok,nano,1788516050.7063265,49.365,941.611,2
1295.981,2,1335.517,1788516052.0451477,16,b02-o02-nano-c16,,8,False,193.401,llama3.2:1b,etri-dev0001-jetorn,ACTIVE,1102.58,50305f26-f427-4edc-9d74-f55f2a3c4a0d,Edge computing reduces latency by processing data closer,nano,8,12.0,ok,nano,1788516050.7096362,49.571,1134.962,2
1485.63,2,1528.417,1788516052.240217,16,b02-o02-nano-c16,,8,False,194.486,llama3.2:1b,etri-dev0001-jetorn,ACTIVE,1291.144,15f4df48-927c-4094-866d-0a4ad3754a64,Edge computing reduces latency by processing data closer,nano,8,12.0,ok,nano,1788516050.7118046,49.284,1325.627,2
1678.445,2,1725.662,1788516052.4366348,16,b02-o02-nano-c16,,8,False,196.24,llama3.2:1b,etri-dev0001-jetorn,ACTIVE,1482.205,a88f450d-30a8-4eea-a8b6-8073236b8214,Edge computing reduces latency by processing data closer,nano,8,12.0,ok,nano,1788516050.7109783,49.367,1515.339,2
1870.209,2,1916.859,1788516052.6311042,16,b02-o02-nano-c16,,8,False,193.744,llama3.2:1b,etri-dev0001-jetorn,ACTIVE,1676.466,ef1d8aa9-eb93-402f-88ad-5017db77dc2b,Edge computing reduces latency by processing data closer,nano,8,12.0,ok,nano,1788516050.714251,49.407,1711.368,2
2063.969,2,2113.151,1788516052.8258958,16,b02-o02-nano-c16,,8,False,194.261,llama3.2:1b,etri-dev0001-jetorn,ACTIVE,1869.708,79d32226-3495-4300-b872-66edac1c0fd5,Edge computing reduces latency by processing data closer,nano,8,12.0,ok,nano,1788516050.712738,49.508,1900.513,2
2258.166,2,2303.392,1788516053.0203931,16,b02-o02-nano-c16,,8,False,194.042,llama3.2:1b,etri-dev0001-jetorn,ACTIVE,2064.125,389eeeb0-50f8-41d8-a5dd-5aa442fe9d86,Edge computing reduces latency by processing data closer,nano,8,12.0,ok,nano,1788516050.7170064,49.512,2094.556,2
2210.381,2,2216.872,1788516053.214062,16,b02-o02-nano-c16,,8,False,193.769,llama3.2:1b,etri-dev0001-jetorn,ACTIVE,2016.612,e8cd4ec5-25b9-4918-a762-5692b77a5c63,Edge computing reduces latency by processing data closer,nano,8,12.0,ok,nano,1788516050.9971952,49.588,2047.585,2
2167.997,2,2174.448,1788516053.4087162,16,b02-o02-nano-c16,,8,False,193.996,llama3.2:1b,etri-dev0001-jetorn,ACTIVE,1974.001,bbe52055-3a47-4ff4-8c22-cf94fa59f7e5,Edge computing reduces latency by processing data closer,nano,8,12.0,ok,nano,1788516051.2342718,49.483,2004.907,2
2134.636,2,2140.998,1788516053.602747,16,b02-o02-nano-c16,,8,False,194.044,llama3.2:1b,etri-dev0001-jetorn,ACTIVE,1940.592,5c560768-931c-4688-ae13-766cda44bc2f,Edge computing reduces latency by processing data closer,nano,8,12.0,ok,nano,1788516051.4617536,49.323,1970.574,2
2137.354,2,2143.057,1788516053.7993143,16,b02-o02-nano-c16,,8,False,195.979,llama3.2:1b,etri-dev0001-jetorn,ACTIVE,1941.375,ab7efd0c-3a51-4937-8f9f-b48b2fd3d73d,Edge computing reduces latency by processing data closer,nano,8,12.0,ok,nano,1788516051.6562614,49.318,1978.194,2
2238.837,2,3280.147,1788516053.995344,16,b02-o02-nano-c16,,8,False,195.486,llama3.2:1b,etri-dev0001-jetorn,ACTIVE,2043.351,38d71b42-098b-426d-b7c7-56c847d1fbe6,Edge computing reduces latency by processing data closer,nano,8,12.0,ok,nano,1788516050.7151985,49.104,2086.882,2
2433.784,2,3472.795,1788516054.1904914,16,b02-o02-nano-c16,,8,False,194.772,llama3.2:1b,etri-dev0001-jetorn,ACTIVE,2239.012,633d8e21-bb89-4f78-a1cf-55099f6b4f62,Edge computing reduces latency by processing data closer,nano,8,12.0,ok,nano,1788516050.7176983,49.15,2282.411,2
2628.077,2,3668.921,1788516054.3850064,16,b02-o02-nano-c16,,8,False,194.452,llama3.2:1b,etri-dev0001-jetorn,ACTIVE,2433.625,3a410e20-9d63-4511-a466-1daa578d9de7,Edge computing reduces latency by processing data closer,nano,8,12.0,ok,nano,1788516050.7160873,49.463,2467.768,2
2821.602,2,3860.625,1788516054.5796735,16,b02-o02-nano-c16,,8,False,193.956,llama3.2:1b,etri-dev0001-jetorn,ACTIVE,2627.646,946b7551-5e2f-4436-bd81-57d75d554e55,Edge computing reduces latency by processing data closer,nano,8,12.0,ok,nano,1788516050.7190514,49.564,2658.66,2
3010.207,2,4057.974,1788516054.776364,16,b02-o02-nano-c16,,8,False,196.196,llama3.2:1b,etri-dev0001-jetorn,ACTIVE,2814.011,057043f3-f347-4772-b7e1-9e794a3a4aa8,Edge computing reduces latency by processing data closer,nano,8,12.0,ok,nano,1788516050.718395,48.931,2845.32,2
3114.175,2,3120.155,1788516054.9720445,16,b02-o02-nano-c16,,8,False,195.402,llama3.2:1b,etri-dev0001-jetorn,ACTIVE,2918.773,efff6066-1e59-47e6-9e9a-21a51198efe7,Edge computing reduces latency by processing data closer,nano,8,12.0,ok,nano,1788516051.8518946,49.192,2950.828,2
3116.096,2,3121.657,1788516055.1669104,16,b02-o02-nano-c16,,8,False,195.039,llama3.2:1b,etri-dev0001-jetorn,ACTIVE,2921.057,361d0fe5-3dab-4051-a9c5-72cd837fd607,Edge computing reduces latency by processing data closer,nano,8,12.0,ok,nano,1788516052.0452592,49.264,2951.842,2
3115.802,2,3123.263,1788516055.3635826,16,b02-o02-nano-c16,,8,False,195.615,llama3.2:1b,etri-dev0001-jetorn,ACTIVE,2920.187,391bb95d-21b5-4e8d-8d8c-9f36cd529a3e,Edge computing reduces latency by processing data closer,nano,8,12.0,ok,nano,1788516052.2403257,48.862,2951.238,2
3116.643,2,3121.931,1788516055.5586684,16,b02-o02-nano-c16,,8,False,195.378,llama3.2:1b,etri-dev0001-jetorn,ACTIVE,2921.265,53dbfbea-1cb8-4834-bb53-b159d086e6cc,Edge computing reduces latency by processing data closer,nano,8,12.0,ok,nano,1788516052.4367416,48.967,2951.724,2
3118.341,2,3124.45,1788516055.7556639,16,b02-o02-nano-c16,,8,False,195.984,llama3.2:1b,etri-dev0001-jetorn,ACTIVE,2922.357,f309d266-a540-44c4-be0f-51dc31b55a65,Edge computing reduces latency by processing data closer,nano,8,12.0,ok,nano,1788516052.6312194,49.014,2953.603,2
3118.541,2,3123.692,1788516055.9497173,16,b02-o02-nano-c16,,8,False,194.607,llama3.2:1b,etri-dev0001-jetorn,ACTIVE,2923.935,de73974a-5b1b-4e2d-abf7-8125a9558f38,Edge computing reduces latency by processing data closer,nano,8,12.0,ok,nano,1788516052.8260257,49.442,2955.237,2
3118.258,2,3124.192,1788516056.144687,16,b02-o02-nano-c16,,8,False,193.676,llama3.2:1b,etri-dev0001-jetorn,ACTIVE,2924.581,75c91247-380d-4b2b-9351-a2d28b8adc96,Edge computing reduces latency by processing data closer,nano,8,12.0,ok,nano,1788516053.0205011,49.436,2954.897,2
3118.174,2,3124.301,1788516056.3384628,16,b02-o02-nano-c16,,8,False,193.478,llama3.2:1b,etri-dev0001-jetorn,ACTIVE,2924.696,e4f22a76-853a-4527-9584-99cac92a15e6,Edge computing reduces latency by processing data closer,nano,8,12.0,ok,nano,1788516053.2141666,49.58,2955.291,2
3117.418,2,3122.648,1788516056.5314476,16,b02-o02-nano-c16,,8,False,193.276,llama3.2:1b,etri-dev0001-jetorn,ACTIVE,2924.141,86b820fc-51ab-43d4-83da-bd89052cb67c,Edge computing reduces latency by processing data closer,nano,8,12.0,ok,nano,1788516053.408804,49.527,2954.653,2
3117.575,2,3124.198,1788516056.7270489,16,b02-o02-nano-c16,,8,False,194.642,llama3.2:1b,etri-dev0001-jetorn,ACTIVE,2922.933,96433400-4644-487b-9794-7af96014ca80,Edge computing reduces latency by processing data closer,nano,8,12.0,ok,nano,1788516053.6028554,49.218,2953.694,2
3117.512,2,3123.066,1788516056.9224694,16,b02-o02-nano-c16,,8,False,195.294,llama3.2:1b,etri-dev0001-jetorn,ACTIVE,2922.218,a643ef08-9adc-4d98-b388-d7d14d2a9600,Edge computing reduces latency by processing data closer,nano,8,12.0,ok,nano,1788516053.7994068,49.537,2954.005,2
3116.336,2,3122.124,1788516057.1175148,16,b02-o02-nano-c16,,8,False,194.464,llama3.2:1b,etri-dev0001-jetorn,ACTIVE,2921.871,dd0c3e8a-5b8f-4a74-8da6-f4c91946ea90,Edge computing reduces latency by processing data closer,nano,8,12.0,ok,nano,1788516053.9953935,49.435,2952.881,2
3114.014,2,3120.457,1788516057.310976,16,b02-o02-nano-c16,,8,False,193.761,llama3.2:1b,etri-dev0001-jetorn,ACTIVE,2920.252,27773e21-f712-4051-8520-84a987e19d86,Edge computing reduces latency by processing data closer,nano,8,12.0,ok,nano,1788516054.190524,49.456,2950.436,2
3114.887,2,3119.585,1788516057.5046241,16,b02-o02-nano-c16,,8,False,193.185,llama3.2:1b,etri-dev0001-jetorn,ACTIVE,2921.702,064ffe79-df7a-47ee-becd-84aa47d2505f,Edge computing reduces latency by processing data closer,nano,8,12.0,ok,nano,1788516054.3850453,49.527,2952.115,2
3113.472,2,3118.82,1788516057.6985762,16,b02-o02-nano-c16,,8,False,193.581,llama3.2:1b,etri-dev0001-jetorn,ACTIVE,2919.891,2d0c8279-9e3c-4df0-a360-87a137719e7d,Edge computing reduces latency by processing data closer,nano,8,12.0,ok,nano,1788516054.5797591,49.451,2959.17,2
3110.297,2,3115.699,1788516057.8921728,16,b02-o02-nano-c16,,8,False,193.063,llama3.2:1b,etri-dev0001-jetorn,ACTIVE,2917.233,3e498349-e25d-4bb9-b863-0d153b792aad,Edge computing reduces latency by processing data closer,nano,8,12.0,ok,nano,1788516054.7764757,49.567,2950.718,2
3107.824,2,3113.698,1788516058.0858486,16,b02-o02-nano-c16,,8,False,193.178,llama3.2:1b,etri-dev0001-jetorn,ACTIVE,2914.646,35dfcc8a-d102-4bd4-9c0c-22e7a7dfb229,Edge computing reduces latency by processing data closer,nano,8,12.0,ok,nano,1788516054.9721537,49.538,2958.266,2
3121.503,2,3126.631,1788516058.2936816,16,b02-o02-nano-c16,,8,False,207.743,llama3.2:1b,etri-dev0001-jetorn,ACTIVE,2913.76,8000de8c-4198-4e0e-980c-d7f413fb9ade,Edge computing reduces latency by processing data closer,nano,8,12.0,ok,nano,1788516055.167054,49.465,2958.468,2
3120.005,2,3125.986,1788516058.4896786,16,b02-o02-nano-c16,,8,False,195.096,llama3.2:1b,etri-dev0001-jetorn,ACTIVE,2924.908,0bcd6e7b-58d8-43a8-afa3-c47f2e1012a7,Edge computing reduces latency by processing data closer,nano,8,12.0,ok,nano,1788516055.3636978,49.34,2968.775,2
3119.521,2,3125.276,1788516058.6840284,16,b02-o02-nano-c16,,8,False,194.43,llama3.2:1b,etri-dev0001-jetorn,ACTIVE,2925.091,653cddb6-3b9c-44e9-bcc6-15eaae37f7f9,Edge computing reduces latency by processing data closer,nano,8,12.0,ok,nano,1788516055.5587573,49.403,2955.545,2
3116.55,2,3122.517,1788516058.878284,16,b02-o02-nano-c16,,8,False,193.432,llama3.2:1b,etri-dev0001-jetorn,ACTIVE,2923.118,3c2c6fcd-8ccc-424f-ab5d-85c0457a1473,Edge computing reduces latency by processing data closer,nano,8,12.0,ok,nano,1788516055.7557726,49.503,2958.98,2
3120.185,2,3124.286,1788516059.0740256,16,b02-o02-nano-c16,,8,False,196.195,llama3.2:1b,etri-dev0001-jetorn,ACTIVE,2923.99,7e0c5050-9b4f-4f03-a495-f6a01e628f90,Edge computing reduces latency by processing data closer,nano,8,12.0,ok,nano,1788516055.9497411,48.8,2954.737,2
3118.262,2,3123.104,1788516059.2679,16,b02-o02-nano-c16,,8,False,193.621,llama3.2:1b,etri-dev0001-jetorn,ACTIVE,2924.641,6808bea2-9348-487e-8031-c8db07bba9e3,Edge computing reduces latency by processing data closer,nano,8,12.0,ok,nano,1788516056.144798,49.485,2954.645,2
3120.057,2,3125.176,1788516059.4637403,16,b02-o02-nano-c16,,8,False,194.518,llama3.2:1b,etri-dev0001-jetorn,ACTIVE,2925.54,d94c37c7-a0d7-4300-92a2-afeaa903ea86,Edge computing reduces latency by processing data closer,nano,8,12.0,ok,nano,1788516056.3385696,49.38,2956.492,2
3120.535,2,3126.343,1788516059.6578863,16,b02-o02-nano-c16,,8,False,193.777,llama3.2:1b,etri-dev0001-jetorn,ACTIVE,2926.757,8efddd9a-9f56-4d8e-81ac-511feb29560b,Edge computing reduces latency by processing data closer,nano,8,12.0,ok,nano,1788516056.5315459,49.401,2957.185,2
3119.113,2,3125.676,1788516059.8528125,16,b02-o02-nano-c16,,8,False,193.963,llama3.2:1b,etri-dev0001-jetorn,ACTIVE,2925.15,d5e9c283-a123-4fc4-b729-8a792e61cf58,Edge computing reduces latency by processing data closer,nano,8,12.0,ok,nano,1788516056.7271419,49.385,2955.842,2
3120.222,2,3125.485,1788516060.048044,16,b02-o02-nano-c16,,8,False,195.27,llama3.2:1b,etri-dev0001-jetorn,ACTIVE,2924.952,4e61d580-68d7-469c-a8e8-82c2632ce081,Edge computing reduces latency by processing data closer,nano,8,12.0,ok,nano,1788516056.922563,49.248,2960.961,2
3121.354,2,3126.146,1788516060.2437458,16,b02-o02-nano-c16,,8,False,195.68,llama3.2:1b,etri-dev0001-jetorn,ACTIVE,2925.674,8408a488-c081-4ba7-a514-f1b1a93f258e,Edge computing reduces latency by processing data closer,nano,8,12.0,ok,nano,1788516057.1176014,49.302,2956.812,2
3123.635,2,3128.799,1788516060.4398746,16,b02-o02-nano-c16,,8,False,195.398,llama3.2:1b,etri-dev0001-jetorn,ACTIVE,2928.237,c127193d-0161-45f2-bda6-6117346e4c43,Edge computing reduces latency by processing data closer,nano,8,12.0,ok,nano,1788516057.3110812,49.262,2959.806,2
3124.191,2,3129.785,1788516060.6345172,16,b02-o02-nano-c16,,8,False,194.205,llama3.2:1b,etri-dev0001-jetorn,ACTIVE,2929.987,d754fe4a-10f3-429e-ba0d-411646a95627,Edge computing reduces latency by processing data closer,nano,8,12.0,ok,nano,1788516057.5047362,49.412,2960.813,2
3126.439,2,3131.6,1788516060.8302631,16,b02-o02-nano-c16,,8,False,194.851,llama3.2:1b,etri-dev0001-jetorn,ACTIVE,2931.588,5e980d2c-ace9-479e-818f-326a5995f9f3,Edge computing reduces latency by processing data closer,nano,8,12.0,ok,nano,1788516057.6986656,49.331,2962.55,2
3128.739,2,3133.272,1788516061.025478,16,b02-o02-nano-c16,,8,False,195.471,llama3.2:1b,etri-dev0001-jetorn,ACTIVE,2933.268,54db755a-92cb-453a-bdbe-8325a1b4329b,Edge computing reduces latency by processing data closer,nano,8,12.0,ok,nano,1788516057.8922071,49.199,2964.439,2
3130.746,2,3136.253,1788516061.2221618,16,b02-o02-nano-c16,,8,False,195.774,llama3.2:1b,etri-dev0001-jetorn,ACTIVE,2934.972,b06ee29a-c9f0-444e-8292-c8c104222bdf,Edge computing reduces latency by processing data closer,nano,8,12.0,ok,nano,1788516058.085913,49.3,2966.456,2
3116.566,2,3121.498,1788516061.4152625,16,b02-o02-nano-c16,,8,False,193.29,llama3.2:1b,etri-dev0001-jetorn,ACTIVE,2923.276,21a01bdc-566c-40b8-a71e-f6fcc91b7ac2,Edge computing reduces latency by processing data closer,nano,8,12.0,ok,nano,1788516058.293765,49.495,2957.386,2
3114.434,2,3120.084,1788516061.6098657,16,b02-o02-nano-c16,,8,False,194.421,llama3.2:1b,etri-dev0001-jetorn,ACTIVE,2920.013,482aa53d-d2ad-4469-8e23-abe5c125dd83,Edge computing reduces latency by processing data closer,nano,8,12.0,ok,nano,1788516058.4897852,49.376,2950.844,2
3115.221,2,3120.883,1788516061.8050082,16,b02-o02-nano-c16,,8,False,194.447,llama3.2:1b,etri-dev0001-jetorn,ACTIVE,2920.773,9d48651e-5c52-44d4-8352-ec316509be67,Edge computing reduces latency by processing data closer,nano,8,12.0,ok,nano,1788516058.6841283,49.267,2950.843,2
3117.924,2,3122.801,1788516062.0011976,16,b02-o02-nano-c16,,8,False,195.828,llama3.2:1b,etri-dev0001-jetorn,ACTIVE,2922.096,febcff1a-c14e-4132-8f92-d4ab0cbc0788,Edge computing reduces latency by processing data closer,nano,8,12.0,ok,nano,1788516058.8784,49.303,2954.3,2
3116.842,2,3121.716,1788516062.1957626,16,b02-o02-nano-c16,,8,False,194.036,llama3.2:1b,etri-dev0001-jetorn,ACTIVE,2922.807,e81b7fcf-c6cd-4624-a978-8ace009bdabb,Edge computing reduces latency by processing data closer,nano,8,12.0,ok,nano,1788516059.07405,49.386,2953.244,2
3115.917,2,3121.481,1788516062.389442,16,b02-o02-nano-c16,,8,False,193.241,llama3.2:1b,etri-dev0001-jetorn,ACTIVE,2922.676,a998b4be-3a1d-4774-b818-f602cf8f38ba,Edge computing reduces latency by processing data closer,nano,8,12.0,ok,nano,1788516059.2679648,49.503,2952.546,2
3114.617,2,3120.91,1788516062.5847595,16,b02-o02-nano-c16,,8,False,194.685,llama3.2:1b,etri-dev0001-jetorn,ACTIVE,2919.932,a195ea07-9363-4be8-9800-61bf0b8d8221,Edge computing reduces latency by processing data closer,nano,8,12.0,ok,nano,1788516059.4638517,49.27,2951.02,2
3116.433,2,3121.866,1788516062.779864,16,b02-o02-nano-c16,,8,False,194.541,llama3.2:1b,etri-dev0001-jetorn,ACTIVE,2921.892,3217ca72-3f57-4655-9bde-cce5d07a5c3e,Edge computing reduces latency by processing data closer,nano,8,12.0,ok,nano,1788516059.6580014,49.107,2953.212,2
3119.545,2,3124.6,1788516062.9775398,16,b02-o02-nano-c16,,8,False,197.87,llama3.2:1b,etri-dev0001-jetorn,ACTIVE,2921.674,d754e0ac-8027-4971-bd32-cb3b6104940a,Edge computing reduces latency by processing data closer,nano,8,12.0,ok,nano,1788516059.8529427,48.238,2953.156,2
3119.857,2,3125.094,1788516063.1732295,16,b02-o02-nano-c16,,8,False,195.346,llama3.2:1b,etri-dev0001-jetorn,ACTIVE,2924.511,16ffed09-51dd-49ad-9f1c-0a92069f8ef8,Edge computing reduces latency by processing data closer,nano,8,12.0,ok,nano,1788516060.048139,49.152,2962.813,2
3118.922,2,3124.142,1788516063.3679097,16,b02-o02-nano-c16,,8,False,193.755,llama3.2:1b,etri-dev0001-jetorn,ACTIVE,2925.166,1554fd7a-33dd-4e93-a7ee-d150694a51c6,Edge computing reduces latency by processing data closer,nano,8,12.0,ok,nano,1788516060.243771,49.505,2959.807,2
3116.863,2,3122.751,1788516063.5627623,16,b02-o02-nano-c16,,8,False,194.259,llama3.2:1b,etri-dev0001-jetorn,ACTIVE,2922.604,353d3aa7-caeb-47c6-b12b-055dadba9aa2,Edge computing reduces latency by processing data closer,nano,8,12.0,ok,nano,1788516060.4400167,49.457,2953.967,2
3123.044,2,3128.684,1788516063.7632902,16,b02-o02-nano-c16,,8,False,200.929,llama3.2:1b,etri-dev0001-jetorn,ACTIVE,2922.116,8079458c-bd00-454f-9084-8cae8d47b227,Edge computing reduces latency by processing data closer,nano,8,12.0,ok,nano,1788516060.634608,49.355,2959.758,2
3121.618,2,3126.784,1788516063.957137,16,b02-o02-nano-c16,,8,False,193.614,llama3.2:1b,etri-dev0001-jetorn,ACTIVE,2928.004,c9c0a4b0-423f-4d79-a7d1-6f3bc0b73e27,Edge computing reduces latency by processing data closer,nano,8,12.0,ok,nano,1788516060.8303535,49.393,2957.763,2
3121.856,2,3126.853,1788516064.152359,16,b02-o02-nano-c16,,8,False,194.813,llama3.2:1b,etri-dev0001-jetorn,ACTIVE,2927.043,8d495161-a009-4505-a816-099acfe0e8a1,Edge computing reduces latency by processing data closer,nano,8,12.0,ok,nano,1788516061.025507,49.304,2957.932,2
3119.463,2,3124.65,1788516064.3468978,16,b02-o02-nano-c16,,8,False,194.134,llama3.2:1b,etri-dev0001-jetorn,ACTIVE,2925.329,961de486-d5ea-448b-8e47-a02b2484b00c,Edge computing reduces latency by processing data closer,nano,8,12.0,ok,nano,1788516061.222249,49.289,2955.683,2
3122.248,2,3126.628,1788516064.541912,16,b02-o02-nano-c16,,8,False,194.629,llama3.2:1b,etri-dev0001-jetorn,ACTIVE,2927.619,e072a3ed-4296-4a5d-9c26-51f3ccab1198,Edge computing reduces latency by processing data closer,nano,8,12.0,ok,nano,1788516061.4152868,49.429,2958.656,2
3121.45,2,3126.457,1788516064.7364314,16,b02-o02-nano-c16,,8,False,194.083,llama3.2:1b,etri-dev0001-jetorn,ACTIVE,2927.367,4b2ac9c2-6b40-4e1e-9108-c114c50f6502,Edge computing reduces latency by processing data closer,nano,8,12.0,ok,nano,1788516061.609978,49.564,2958.085,2
3122.444,2,3127.78,1788516064.932875,16,b02-o02-nano-c16,,8,False,195.786,llama3.2:1b,etri-dev0001-jetorn,ACTIVE,2926.658,ecff20e2-290b-4d43-9b2b-b3603ec84a44,Edge computing reduces latency by processing data closer,nano,8,12.0,ok,nano,1788516061.8050983,49.075,2957.991,2
3122.349,2,3127.283,1788516065.1285625,16,b02-o02-nano-c16,,8,False,195.577,llama3.2:1b,etri-dev0001-jetorn,ACTIVE,2926.772,893e27e1-1819-4c54-97f3-81e24bc66159,Edge computing reduces latency by processing data closer,nano,8,12.0,ok,nano,1788516062.0012817,49.157,2957.876,2
3123.839,2,3128.501,1788516065.3243484,16,b02-o02-nano-c16,,8,False,195.477,llama3.2:1b,etri-dev0001-jetorn,ACTIVE,2928.362,f6af7861-ea16-48ad-8e8b-dd561a51c7a9,Edge computing reduces latency by processing data closer,nano,8,12.0,ok,nano,1788516062.1958492,49.223,2959.599,2
3125.088,2,3130.583,1788516065.5201151,16,b02-o02-nano-c16,,8,False,195.211,llama3.2:1b,etri-dev0001-jetorn,ACTIVE,2929.877,a6e25e50-c55c-4ffe-94ca-16d88fff6796,Edge computing reduces latency by processing data closer,nano,8,12.0,ok,nano,1788516062.3895357,49.283,2965.507,2
3124.298,2,3129.884,1788516065.71474,16,b02-o02-nano-c16,,8,False,194.266,llama3.2:1b,etri-dev0001-jetorn,ACTIVE,2930.032,c8b4841d-50c9-4635-aec7-b0176b01547d,Edge computing reduces latency by processing data closer,nano,8,12.0,ok,nano,1788516062.58486,49.437,2960.858,2
294.879,2,304.814,1788516069.0454147,1,b02-o03-nano-c1,,8,False,294.855,llama3.2:1b,etri-dev0001-jetorn,ACTIVE,0.024,82d29d07-cad5-4b74-83e6-3d328800243f,Edge computing reduces latency by processing data closer,nano,9,12.0,ok,nano,1788516068.7406018,37.583,79.409,3
256.313,2,261.34,1788516069.306775,1,b02-o03-nano-c1,,8,False,256.302,llama3.2:1b,etri-dev0001-jetorn,ACTIVE,0.011,9af87aa0-d3b3-441d-9ec7-1c491a0c8cf1,Edge computing reduces latency by processing data closer,nano,9,12.0,ok,nano,1788516069.0454385,36.872,36.516,3
211.196,2,216.788,1788516069.5236506,1,b02-o03-nano-c1,,8,False,211.184,llama3.2:1b,etri-dev0001-jetorn,ACTIVE,0.013,c6e8d67d-2618-4539-9fc3-4a1afc4f4dbb,Edge computing reduces latency by processing data closer,nano,9,12.0,ok,nano,1788516069.306866,46.161,36.175,3
197.182,2,202.037,1788516069.725773,1,b02-o03-nano-c1,,8,False,197.172,llama3.2:1b,etri-dev0001-jetorn,ACTIVE,0.01,7540bbe9-80f1-4672-a6b4-ca24efb1fc78,Edge computing reduces latency by processing data closer,nano,9,12.0,ok,nano,1788516069.5237398,48.313,29.818,3
193.906,2,198.836,1788516069.9246967,1,b02-o03-nano-c1,,8,False,193.894,llama3.2:1b,etri-dev0001-jetorn,ACTIVE,0.012,01803661-005b-4269-a7cd-548866959ef0,Edge computing reduces latency by processing data closer,nano,9,12.0,ok,nano,1788516069.7258615,49.361,30.206,3
193.138,2,197.969,1788516070.122689,1,b02-o03-nano-c1,,8,False,193.126,llama3.2:1b,etri-dev0001-jetorn,ACTIVE,0.012,6bf3cd03-1460-40da-972a-a28b4d790f62,Edge computing reduces latency by processing data closer,nano,9,12.0,ok,nano,1788516069.9247231,49.446,29.933,3
196.841,2,201.981,1788516070.3247485,1,b02-o03-nano-c1,,8,False,196.83,llama3.2:1b,etri-dev0001-jetorn,ACTIVE,0.011,ab81c755-580d-4be0-a25c-de15aff3aa50,Edge computing reduces latency by processing data closer,nano,9,12.0,ok,nano,1788516070.1227713,48.848,31.565,3
193.5,2,198.931,1788516070.5237947,1,b02-o03-nano-c1,,8,False,193.487,llama3.2:1b,etri-dev0001-jetorn,ACTIVE,0.012,9a5f2d3b-e61e-4f81-9797-b597d9dcdec1,Edge computing reduces latency by processing data closer,nano,9,12.0,ok,nano,1788516070.3248665,49.092,29.078,3
193.901,2,199.281,1788516070.723154,1,b02-o03-nano-c1,,8,False,193.888,llama3.2:1b,etri-dev0001-jetorn,ACTIVE,0.012,7034f89c-311d-4ece-8c41-d8657aa9d775,Edge computing reduces latency by processing data closer,nano,9,12.0,ok,nano,1788516070.5238764,49.463,38.661,3
193.259,2,198.467,1788516070.9216974,1,b02-o03-nano-c1,,8,False,193.223,llama3.2:1b,etri-dev0001-jetorn,ACTIVE,0.036,9ae700b6-9fb2-4bf8-a677-55b83b6fd859,Edge computing reduces latency by processing data closer,nano,9,12.0,ok,nano,1788516070.7232332,49.277,29.103,3
194.124,2,199.223,1788516071.1209962,1,b02-o03-nano-c1,,8,False,194.115,llama3.2:1b,etri-dev0001-jetorn,ACTIVE,0.01,2c76ca48-8eef-49b6-901a-d3195782d54e,Edge computing reduces latency by processing data closer,nano,9,12.0,ok,nano,1788516070.9217765,49.389,30.342,3
193.571,2,198.129,1788516071.319205,1,b02-o03-nano-c1,,8,False,193.561,llama3.2:1b,etri-dev0001-jetorn,ACTIVE,0.011,5dd5b0ad-1a01-4641-8407-a747bce4bebf,Edge computing reduces latency by processing data closer,nano,9,12.0,ok,nano,1788516071.1210773,49.215,29.626,3
193.238,2,198.053,1788516071.5173008,1,b02-o03-nano-c1,,8,False,193.227,llama3.2:1b,etri-dev0001-jetorn,ACTIVE,0.011,ba64afd7-2c82-4029-a0b3-194918260606,Edge computing reduces latency by processing data closer,nano,9,12.0,ok,nano,1788516071.3192518,49.291,29.723,3
193.538,2,198.405,1788516071.7157884,1,b02-o03-nano-c1,,8,False,193.527,llama3.2:1b,etri-dev0001-jetorn,ACTIVE,0.011,5b09eae2-2272-4d1c-bc7d-33018d68c83c,Edge computing reduces latency by processing data closer,nano,9,12.0,ok,nano,1788516071.517386,49.373,29.675,3
193.938,2,198.49,1788516071.9143617,1,b02-o03-nano-c1,,8,False,193.926,llama3.2:1b,etri-dev0001-jetorn,ACTIVE,0.012,ff5391f5-06bf-4641-9267-2bc9ddfd0be0,Edge computing reduces latency by processing data closer,nano,9,12.0,ok,nano,1788516071.7158723,49.046,29.513,3
193.866,2,198.106,1788516072.1124916,1,b02-o03-nano-c1,,8,False,193.855,llama3.2:1b,etri-dev0001-jetorn,ACTIVE,0.012,07f6532b-36d8-49d6-a918-4d3790ee4276,Edge computing reduces latency by processing data closer,nano,9,12.0,ok,nano,1788516071.9143877,49.076,29.812,3
196.754,2,201.107,1788516072.3136313,1,b02-o03-nano-c1,,8,False,196.742,llama3.2:1b,etri-dev0001-jetorn,ACTIVE,0.011,e5da717c-e37c-435b-9597-63c3d3f1c849,Edge computing reduces latency by processing data closer,nano,9,12.0,ok,nano,1788516072.112525,49.353,29.934,3
193.396,2,198.437,1788516072.5120978,1,b02-o03-nano-c1,,8,False,193.384,llama3.2:1b,etri-dev0001-jetorn,ACTIVE,0.012,8c539259-515a-4492-98c6-5f0fefc5141c,Edge computing reduces latency by processing data closer,nano,9,12.0,ok,nano,1788516072.3136642,49.421,30.181,3
193.714,2,198.688,1788516072.7108643,1,b02-o03-nano-c1,,8,False,193.703,llama3.2:1b,etri-dev0001-jetorn,ACTIVE,0.011,7cfbecf8-d4ed-45fc-83aa-24eecfc70091,Edge computing reduces latency by processing data closer,nano,9,12.0,ok,nano,1788516072.512179,49.373,29.743,3
192.52,2,197.719,1788516072.908681,1,b02-o03-nano-c1,,8,False,192.508,llama3.2:1b,etri-dev0001-jetorn,ACTIVE,0.012,a6540fef-1be0-4e26-aa0f-6eec2fb3685a,Edge computing reduces latency by processing data closer,nano,9,12.0,ok,nano,1788516072.7109647,49.515,29.161,3
193.773,2,198.174,1788516073.1069417,1,b02-o03-nano-c1,,8,False,193.763,llama3.2:1b,etri-dev0001-jetorn,ACTIVE,0.011,1775aba2-6a8c-43d0-9b84-e23d24679ab6,Edge computing reduces latency by processing data closer,nano,9,12.0,ok,nano,1788516072.9087682,49.212,29.78,3
193.412,2,198.587,1788516073.3055525,1,b02-o03-nano-c1,,8,False,193.401,llama3.2:1b,etri-dev0001-jetorn,ACTIVE,0.011,362692b7-157a-4c83-8d40-b3f4ca1dc9dd,Edge computing reduces latency by processing data closer,nano,9,12.0,ok,nano,1788516073.1069698,49.284,29.956,3
192.295,2,197.473,1788516073.5031323,1,b02-o03-nano-c1,,8,False,192.283,llama3.2:1b,etri-dev0001-jetorn,ACTIVE,0.012,3424891d-1b59-4f0e-a66d-ef58ecd3821d,Edge computing reduces latency by processing data closer,nano,9,12.0,ok,nano,1788516073.305661,49.489,29.2,3
192.864,2,197.179,1788516073.7003627,1,b02-o03-nano-c1,,8,False,192.853,llama3.2:1b,etri-dev0001-jetorn,ACTIVE,0.011,92149880-73d3-4ac2-a06b-cc1fe8e5f41c,Edge computing reduces latency by processing data closer,nano,9,12.0,ok,nano,1788516073.5031857,49.519,29.522,3
193.754,2,198.57,1788516073.8989758,1,b02-o03-nano-c1,,8,False,193.742,llama3.2:1b,etri-dev0001-jetorn,ACTIVE,0.012,65818f3f-8f1b-4c3a-a3bd-d1e972cb9170,Edge computing reduces latency by processing data closer,nano,9,12.0,ok,nano,1788516073.7004123,49.389,30.454,3
192.22,2,196.723,1788516074.0958219,1,b02-o03-nano-c1,,8,False,192.209,llama3.2:1b,etri-dev0001-jetorn,ACTIVE,0.011,727968c5-8dbe-4573-9b11-4eb727b7a37f,Edge computing reduces latency by processing data closer,nano,9,12.0,ok,nano,1788516073.8990998,49.587,28.912,3
193.23,2,197.182,1788516074.2930288,1,b02-o03-nano-c1,,8,False,193.218,llama3.2:1b,etri-dev0001-jetorn,ACTIVE,0.012,4dedce3c-c857-4ca8-94f6-86196c924b66,Edge computing reduces latency by processing data closer,nano,9,12.0,ok,nano,1788516074.0958478,49.289,30.038,3
192.711,2,197.08,1788516074.4901361,1,b02-o03-nano-c1,,8,False,192.699,llama3.2:1b,etri-dev0001-jetorn,ACTIVE,0.012,fffa6119-ba79-415d-a61b-6654cf0e52c9,Edge computing reduces latency by processing data closer,nano,9,12.0,ok,nano,1788516074.2930572,49.498,29.403,3
193.967,2,198.382,1788516074.6885443,1,b02-o03-nano-c1,,8,False,193.955,llama3.2:1b,etri-dev0001-jetorn,ACTIVE,0.012,66a799b4-9d0f-4651-88bf-0b2b94ef19bc,Edge computing reduces latency by processing data closer,nano,9,12.0,ok,nano,1788516074.490166,49.371,30.479,3
194.095,2,199.223,1788516074.8878431,1,b02-o03-nano-c1,,8,False,194.082,llama3.2:1b,etri-dev0001-jetorn,ACTIVE,0.013,279bcc01-6292-40f8-a0a1-170adc426f02,Edge computing reduces latency by processing data closer,nano,9,12.0,ok,nano,1788516074.6886232,49.284,30.172,3
193.404,2,198.12,1788516075.0860772,1,b02-o03-nano-c1,,8,False,193.392,llama3.2:1b,etri-dev0001-jetorn,ACTIVE,0.012,74716bf0-bd6a-4502-b119-5ccd3c1b913d,Edge computing reduces latency by processing data closer,nano,9,12.0,ok,nano,1788516074.8879588,49.341,29.469,3
193.181,2,198.401,1788516075.2845252,1,b02-o03-nano-c1,,8,False,193.17,llama3.2:1b,etri-dev0001-jetorn,ACTIVE,0.012,98662f9c-5d25-4cd8-a80b-4aceb6baa417,Edge computing reduces latency by processing data closer,nano,9,12.0,ok,nano,1788516075.086127,49.398,29.736,3
193.263,2,198.359,1788516075.4829965,1,b02-o03-nano-c1,,8,False,193.253,llama3.2:1b,etri-dev0001-jetorn,ACTIVE,0.011,9252efe3-00c7-450a-9002-84cfa5b3e095,Edge computing reduces latency by processing data closer,nano,9,12.0,ok,nano,1788516075.2846398,49.473,29.875,3
193.581,2,198.447,1788516075.6815193,1,b02-o03-nano-c1,,8,False,193.569,llama3.2:1b,etri-dev0001-jetorn,ACTIVE,0.012,27e59e31-9d98-40e6-a5cf-8732c9acb6ef,Edge computing reduces latency by processing data closer,nano,9,12.0,ok,nano,1788516075.4830763,49.413,30.128,3
194.202,2,199.281,1788516075.8808775,1,b02-o03-nano-c1,,8,False,194.192,llama3.2:1b,etri-dev0001-jetorn,ACTIVE,0.01,71d8532b-d35f-41db-ad2c-e47313a65352,Edge computing reduces latency by processing data closer,nano,9,12.0,ok,nano,1788516075.6815999,49.329,30.595,3
192.812,2,197.178,1788516076.078163,1,b02-o03-nano-c1,,8,False,192.801,llama3.2:1b,etri-dev0001-jetorn,ACTIVE,0.011,f8039aa3-ba93-4a35-ad58-c8914a5c4b71,Edge computing reduces latency by processing data closer,nano,9,12.0,ok,nano,1788516075.8809862,49.51,29.536,3
192.724,2,197.022,1788516076.2752066,1,b02-o03-nano-c1,,8,False,192.712,llama3.2:1b,etri-dev0001-jetorn,ACTIVE,0.012,339a19ee-8438-4092-bc10-e4083122beba,Edge computing reduces latency by processing data closer,nano,9,12.0,ok,nano,1788516076.0781882,49.433,29.552,3
194.503,2,199.44,1788516076.4747245,1,b02-o03-nano-c1,,8,False,194.491,llama3.2:1b,etri-dev0001-jetorn,ACTIVE,0.012,5d4056df-09e0-4598-bf3f-c456b7ca7c5e,Edge computing reduces latency by processing data closer,nano,9,12.0,ok,nano,1788516076.2752879,49.041,33.59,3
193.185,2,198.461,1788516076.673303,1,b02-o03-nano-c1,,8,False,193.174,llama3.2:1b,etri-dev0001-jetorn,ACTIVE,0.011,879e30a2-589d-40be-80b2-ee8d39c37f30,Edge computing reduces latency by processing data closer,nano,9,12.0,ok,nano,1788516076.4748442,49.456,29.817,3
199.144,2,204.252,1788516076.877633,1,b02-o03-nano-c1,,8,False,199.132,llama3.2:1b,etri-dev0001-jetorn,ACTIVE,0.011,df019fa2-fb73-44a1-a68e-b51d0a899da8,Edge computing reduces latency by processing data closer,nano,9,12.0,ok,nano,1788516076.6733842,47.763,30.338,3
194.206,2,199.144,1788516077.0768611,1,b02-o03-nano-c1,,8,False,194.195,llama3.2:1b,etri-dev0001-jetorn,ACTIVE,0.011,9b9f84e2-d4a5-438e-b511-21769f40371f,Edge computing reduces latency by processing data closer,nano,9,12.0,ok,nano,1788516076.8777177,49.304,30.406,3
197.159,2,201.788,1788516077.278671,1,b02-o03-nano-c1,,8,False,197.148,llama3.2:1b,etri-dev0001-jetorn,ACTIVE,0.011,77ff2f87-1f8e-4559-a9f6-0e34080b3548,Edge computing reduces latency by processing data closer,nano,9,12.0,ok,nano,1788516077.0768871,49.445,33.656,3
192.641,2,198.076,1788516077.476872,1,b02-o03-nano-c1,,8,False,192.629,llama3.2:1b,etri-dev0001-jetorn,ACTIVE,0.012,0cf54c70-2683-423b-845f-187e1e7d1393,Edge computing reduces latency by processing data closer,nano,9,12.0,ok,nano,1788516077.2787993,49.45,28.983,3
192.772,2,197.979,1788516077.6749992,1,b02-o03-nano-c1,,8,False,192.76,llama3.2:1b,etri-dev0001-jetorn,ACTIVE,0.011,80c6a9c2-82f4-461f-8f17-e2d4de38b176,Edge computing reduces latency by processing data closer,nano,9,12.0,ok,nano,1788516077.4770246,49.525,29.427,3
193.487,2,198.846,1788516077.8739495,1,b02-o03-nano-c1,,8,False,193.476,llama3.2:1b,etri-dev0001-jetorn,ACTIVE,0.011,f5755ef1-3970-413c-9aff-aefcbc1e7283,Edge computing reduces latency by processing data closer,nano,9,12.0,ok,nano,1788516077.675108,49.194,29.485,3
195.15,2,200.374,1788516078.0744333,1,b02-o03-nano-c1,,8,False,195.137,llama3.2:1b,etri-dev0001-jetorn,ACTIVE,0.013,7418d5b7-c671-49c5-bc6f-c42644d5e8b2,Edge computing reduces latency by processing data closer,nano,9,12.0,ok,nano,1788516077.8740618,48.821,29.888,3
193.466,2,198.299,1788516078.272816,1,b02-o03-nano-c1,,8,False,193.454,llama3.2:1b,etri-dev0001-jetorn,ACTIVE,0.012,d7518062-ce3a-48e4-99e3-1639fa439f46,Edge computing reduces latency by processing data closer,nano,9,12.0,ok,nano,1788516078.0745182,49.259,29.779,3
194.611,2,199.314,1788516078.4721513,1,b02-o03-nano-c1,,8,False,194.599,llama3.2:1b,etri-dev0001-jetorn,ACTIVE,0.012,e5364d78-f1dc-494d-bcd4-1abba735602d,Edge computing reduces latency by processing data closer,nano,9,12.0,ok,nano,1788516078.2728415,48.909,29.285,3
192.748,2,197.947,1788516078.6701856,1,b02-o03-nano-c1,,8,False,192.736,llama3.2:1b,etri-dev0001-jetorn,ACTIVE,0.012,30af4812-7c27-4032-b6a1-88bbe3cce0a9,Edge computing reduces latency by processing data closer,nano,9,12.0,ok,nano,1788516078.4722412,49.508,29.542,3
195.774,2,200.905,1788516078.8712108,1,b02-o03-nano-c1,,8,False,195.762,llama3.2:1b,etri-dev0001-jetorn,ACTIVE,0.013,f40cfa78-714d-4c24-8086-a9966a1ab621,Edge computing reduces latency by processing data closer,nano,9,12.0,ok,nano,1788516078.6703098,48.916,31.807,3
192.946,2,197.302,1788516079.0686057,1,b02-o03-nano-c1,,8,False,192.936,llama3.2:1b,etri-dev0001-jetorn,ACTIVE,0.01,21d265af-ef54-448a-8957-ac24f34a4d5f,Edge computing reduces latency by processing data closer,nano,9,12.0,ok,nano,1788516078.8713045,49.395,29.64,3
200.428,2,205.52,1788516079.2741623,1,b02-o03-nano-c1,,8,False,200.419,llama3.2:1b,etri-dev0001-jetorn,ACTIVE,0.009,df7a2c60-2e74-4d78-8963-1b22d2cb5a49,Edge computing reduces latency by processing data closer,nano,9,12.0,ok,nano,1788516079.068646,49.425,36.938,3
192.471,2,197.749,1788516079.4720125,1,b02-o03-nano-c1,,8,False,192.459,llama3.2:1b,etri-dev0001-jetorn,ACTIVE,0.013,03469254-d3d3-4ea2-8bda-46a38dbc9eb2,Edge computing reduces latency by processing data closer,nano,9,12.0,ok,nano,1788516079.2742672,49.44,29.281,3
192.93,2,197.718,1788516079.6698408,1,b02-o03-nano-c1,,8,False,192.919,llama3.2:1b,etri-dev0001-jetorn,ACTIVE,0.011,8d419c1f-f653-400c-85b8-94fa91bb3055,Edge computing reduces latency by processing data closer,nano,9,12.0,ok,nano,1788516079.4721239,49.437,29.345,3
193.691,2,198.751,1788516079.868613,1,b02-o03-nano-c1,,8,False,193.679,llama3.2:1b,etri-dev0001-jetorn,ACTIVE,0.013,f3121bd0-f11b-4b1a-bfa3-0a3a745c7c4e,Edge computing reduces latency by processing data closer,nano,9,12.0,ok,nano,1788516079.669863,49.335,32.719,3
195.185,2,201.049,1788516080.069684,1,b02-o03-nano-c1,,8,False,195.171,llama3.2:1b,etri-dev0001-jetorn,ACTIVE,0.014,29e427b9-5061-44d9-8d11-51a2dfe9066c,Edge computing reduces latency by processing data closer,nano,9,12.0,ok,nano,1788516079.8686373,49.064,33.411,3
193.272,2,198.278,1788516080.268024,1,b02-o03-nano-c1,,8,False,193.258,llama3.2:1b,etri-dev0001-jetorn,ACTIVE,0.013,dc220252-e62e-4652-b8a6-3b51022abae4,Edge computing reduces latency by processing data closer,nano,9,12.0,ok,nano,1788516080.0697465,49.351,29.748,3
193.047,2,198.041,1788516080.4660857,1,b02-o03-nano-c1,,8,False,193.035,llama3.2:1b,etri-dev0001-jetorn,ACTIVE,0.012,739162c8-cad7-4ef4-8a78-b2de6e935099,Edge computing reduces latency by processing data closer,nano,9,12.0,ok,nano,1788516080.2680483,49.485,29.811,3
193.8,2,199.192,1788516080.6653628,1,b02-o03-nano-c1,,8,False,193.788,llama3.2:1b,etri-dev0001-jetorn,ACTIVE,0.012,26cf35d7-a27c-4f11-878e-29e406410542,Edge computing reduces latency by processing data closer,nano,9,12.0,ok,nano,1788516080.4661741,49.225,32.594,3
195.035,2,200.025,1788516080.8654635,1,b02-o03-nano-c1,,8,False,195.023,llama3.2:1b,etri-dev0001-jetorn,ACTIVE,0.012,ad4c5dce-d555-4f4d-8fb8-633840366d8d,Edge computing reduces latency by processing data closer,nano,9,12.0,ok,nano,1788516080.665441,49.222,30.487,3
282.766,2,306.434,1788516084.1925304,32,b02-o04-nano-c32,,8,False,282.751,llama3.2:1b,etri-dev0001-jetorn,ACTIVE,0.016,febbe6dc-a705-43a1-a142-1247a75003f4,Edge computing reduces latency by processing data closer,nano,10,12.0,ok,nano,1788516083.8860965,38.665,77.956,4
533.122,2,562.541,1788516084.4497387,32,b02-o04-nano-c32,,8,False,256.52,llama3.2:1b,etri-dev0001-jetorn,ACTIVE,276.601,d13382c5-aa09-46f9-89e4-3a6f50dcacba,Edge computing reduces latency by processing data closer,nano,10,12.0,ok,nano,1788516083.8872013,37.113,315.15,4
714.381,2,770.614,1788516084.653774,32,b02-o04-nano-c32,,8,False,203.218,llama3.2:1b,etri-dev0001-jetorn,ACTIVE,511.163,93a0526e-7187-4c8c-88ae-e63e1763f049,Edge computing reduces latency by processing data closer,nano,10,12.0,ok,nano,1788516083.883163,48.72,548.676,4
906.374,2,959.889,1788516084.8482144,32,b02-o04-nano-c32,,8,False,194.616,llama3.2:1b,etri-dev0001-jetorn,ACTIVE,711.758,7304d55a-1d7d-4391-80d4-ea69397c7ee8,Edge computing reduces latency by processing data closer,nano,10,12.0,ok,nano,1788516083.8883288,49.454,742.722,4
,2,1046.009,1788516084.964261,32,b02-o04-nano-c32,ConnectionResetError:[Errno 104] Connection reset by peer,,False,,,,,,effc84b9-7b60-4e73-9926-f3f573cb2dc4,,,10,12.0,error,nano,1788516083.9182525,,,4
,2,1040.207,1788516084.9650953,32,b02-o04-nano-c32,ConnectionResetError:[Errno 104] Connection reset by peer,,False,,,,,,51418882-68a5-42f8-b760-10c479c11855,,,10,12.0,error,nano,1788516083.924891,,,4
,2,1039.041,1788516084.9658031,32,b02-o04-nano-c32,ConnectionResetError:[Errno 104] Connection reset by peer,,False,,,,,,ffc0803d-67f5-4f95-a1be-d3f191456377,,,10,12.0,error,nano,1788516083.9267638,,,4
1099.383,2,1150.004,1788516085.0426056,32,b02-o04-nano-c32,,8,False,194.211,llama3.2:1b,etri-dev0001-jetorn,ACTIVE,905.172,79294462-d704-4347-a6e5-73af9c461a27,Edge computing reduces latency by processing data closer,nano,10,12.0,ok,nano,1788516083.8926046,49.526,936.34,4
1292.729,2,1342.703,1788516085.237108,32,b02-o04-nano-c32,,8,False,194.094,llama3.2:1b,etri-dev0001-jetorn,ACTIVE,1098.635,68ec216e-7d9d-4061-b364-0011f4f7469d,Edge computing reduces latency by processing data closer,nano,10,12.0,ok,nano,1788516083.8944085,49.562,1132.739,4
1441.698,2,1532.655,1788516085.4318712,32,b02-o04-nano-c32,,8,False,194.396,llama3.2:1b,etri-dev0001-jetorn,ACTIVE,1247.302,f708066b-b788-4a2e-b3dc-73b5d7e6fab7,Edge computing reduces latency by processing data closer,nano,10,12.0,ok,nano,1788516083.8992195,49.41,1278.489,4
1633.207,2,1730.202,1788516085.6258826,32,b02-o04-nano-c32,,8,False,193.092,llama3.2:1b,etri-dev0001-jetorn,ACTIVE,1440.115,c67fe3c7-23f4-4361-9a45-86bcd8dd136e,Edge computing reduces latency by processing data closer,nano,10,12.0,ok,nano,1788516083.8956838,49.565,1471.37,4
1827.03,2,1917.842,1788516085.8211918,32,b02-o04-nano-c32,,8,False,195.218,llama3.2:1b,etri-dev0001-jetorn,ACTIVE,1631.812,fc14afd3-1e02-46f3-b780-f06448e64aac,Edge computing reduces latency by processing data closer,nano,10,12.0,ok,nano,1788516083.9033535,49.079,1662.481,4
2019.994,2,2113.726,1788516086.0153706,32,b02-o04-nano-c32,,8,False,193.657,llama3.2:1b,etri-dev0001-jetorn,ACTIVE,1826.337,c9106c56-2f4a-408c-b03f-d600add443e2,Edge computing reduces latency by processing data closer,nano,10,12.0,ok,nano,1788516083.9016473,49.529,1856.868,4
2212.295,2,2311.236,1788516086.208606,32,b02-o04-nano-c32,,8,False,193.285,llama3.2:1b,etri-dev0001-jetorn,ACTIVE,2019.01,3a5673a9-024a-4ddd-9acb-1911f41bf8c2,Edge computing reduces latency by processing data closer,nano,10,12.0,ok,nano,1788516083.897374,49.454,2049.047,4
2401.335,2,2504.468,1788516086.4027643,32,b02-o04-nano-c32,,8,False,193.768,llama3.2:1b,etri-dev0001-jetorn,ACTIVE,2207.567,5476ec60-25ef-4445-ac0c-cc251495ae26,Edge computing reduces latency by processing data closer,nano,10,12.0,ok,nano,1788516083.898299,49.444,2237.521,4
2594.525,2,2685.653,1788516086.5987616,32,b02-o04-nano-c32,,8,False,195.145,llama3.2:1b,etri-dev0001-jetorn,ACTIVE,2399.381,7c21bdf8-a852-4d76-bfb8-79c08e527e5e,Edge computing reduces latency by processing data closer,nano,10,12.0,ok,nano,1788516083.913111,49.103,2430.028,4
2788.473,2,2883.641,1788516086.7933128,32,b02-o04-nano-c32,,8,False,194.217,llama3.2:1b,etri-dev0001-jetorn,ACTIVE,2594.255,09c4c879-3306-499c-9337-69a7d487ab91,Edge computing reduces latency by processing data closer,nano,10,12.0,ok,nano,1788516083.9096742,49.553,2625.967,4
2982.21,2,3081.194,1788516086.9871142,32,b02-o04-nano-c32,,8,False,193.949,llama3.2:1b,etri-dev0001-jetorn,ACTIVE,2788.261,5e40538f-dbb2-4edd-8a29-fae1d2f85f83,Edge computing reduces latency by processing data closer,nano,10,12.0,ok,nano,1788516083.9059227,49.494,2818.864,4
3056.904,2,3276.041,1788516087.1832132,32,b02-o04-nano-c32,,8,False,195.73,llama3.2:1b,etri-dev0001-jetorn,ACTIVE,2861.175,298e8ddf-df42-4959-b8dc-80189d81f3c4,Edge computing reduces latency by processing data closer,nano,10,12.0,ok,nano,1788516083.907176,49.465,2893.852,4
3238.855,2,3463.509,1788516087.378118,32,b02-o04-nano-c32,,8,False,194.383,llama3.2:1b,etri-dev0001-jetorn,ACTIVE,3044.472,174e1d5c-37b3-4972-9a18-d9b4010c21f5,Edge computing reduces latency by processing data closer,nano,10,12.0,ok,nano,1788516083.9146113,49.491,3077.209,4
3373.078,2,3379.073,1788516087.5716214,32,b02-o04-nano-c32,,8,False,193.351,llama3.2:1b,etri-dev0001-jetorn,ACTIVE,3179.727,4129ecda-e7a9-4940-b729-983880b6336b,Edge computing reduces latency by processing data closer,nano,10,12.0,ok,nano,1788516084.192553,49.537,3209.89,4
3310.613,2,3316.502,1788516087.7663317,32,b02-o04-nano-c32,,8,False,194.396,llama3.2:1b,etri-dev0001-jetorn,ACTIVE,3116.217,c6a81fa2-871b-406e-a58b-9dfb738a0a75,Edge computing reduces latency by processing data closer,nano,10,12.0,ok,nano,1788516084.449831,49.377,3146.577,4
3301.938,2,3307.607,1788516087.96147,32,b02-o04-nano-c32,,8,False,194.77,llama3.2:1b,etri-dev0001-jetorn,ACTIVE,3107.168,9689c52e-b395-4b8d-b508-ac71276be3c5,Edge computing reduces latency by processing data closer,nano,10,12.0,ok,nano,1788516084.6538634,49.203,3137.685,4
3305.023,2,3310.701,1788516088.158996,32,b02-o04-nano-c32,,8,False,196.834,llama3.2:1b,etri-dev0001-jetorn,ACTIVE,3108.189,b235e29c-7e26-41fe-bdb6-2214ac826991,Edge computing reduces latency by processing data closer,nano,10,12.0,ok,nano,1788516084.848299,49.313,3140.986,4
3376.993,2,4440.818,1788516088.3548496,32,b02-o04-nano-c32,,8,False,195.255,llama3.2:1b,etri-dev0001-jetorn,ACTIVE,3181.738,f8d0b8ff-6911-490a-9441-82bbcde0eed9,Edge computing reduces latency by processing data closer,nano,10,12.0,ok,nano,1788516083.9140341,49.008,3211.809,4
3570.296,2,4629.395,1788516088.5482519,32,b02-o04-nano-c32,,8,False,193.337,llama3.2:1b,etri-dev0001-jetorn,ACTIVE,3376.959,497e0240-3b7c-4af1-9314-0f5b8032da81,Edge computing reduces latency by processing data closer,nano,10,12.0,ok,nano,1788516083.9188597,49.548,3407.013,4
3765.088,2,4825.833,1788516088.7461417,32,b02-o04-nano-c32,,8,False,197.079,llama3.2:1b,etri-dev0001-jetorn,ACTIVE,3568.009,786f9fc3-4bb9-46af-8691-f994e1be32c2,Edge computing reduces latency by processing data closer,nano,10,12.0,ok,nano,1788516083.9203131,48.889,3600.048,4
3955.603,2,5019.248,1788516088.940804,32,b02-o04-nano-c32,,8,False,194.548,llama3.2:1b,etri-dev0001-jetorn,ACTIVE,3761.055,242e4a27-193e-4f38-8cf1-3a3c36dc88a4,Edge computing reduces latency by processing data closer,nano,10,12.0,ok,nano,1788516083.9215586,49.306,3796.597,4
4147.618,2,5209.661,1788516089.1351895,32,b02-o04-nano-c32,,8,False,194.289,llama3.2:1b,etri-dev0001-jetorn,ACTIVE,3953.329,ad648495-f657-401f-8100-d73895998c95,Edge computing reduces latency by processing data closer,nano,10,12.0,ok,nano,1788516083.9255347,49.103,3983.518,4
4338.772,2,5402.238,1788516089.328403,32,b02-o04-nano-c32,,8,False,192.211,llama3.2:1b,etri-dev0001-jetorn,ACTIVE,4146.561,e9cf97be-4dc5-42bd-9895-e6e8497f6b23,Edge computing reduces latency by processing data closer,nano,10,12.0,ok,nano,1788516083.9261682,49.559,4187.202,4
4529.956,2,5609.797,1788516089.5208955,32,b02-o04-nano-c32,,8,False,193.021,llama3.2:1b,etri-dev0001-jetorn,ACTIVE,4336.934,f13509ad-bd58-40fb-bfea-101c76e830b3,Edge computing reduces latency by processing data closer,nano,10,12.0,ok,nano,1788516083.911098,49.542,4366.261,4
4721.179,2,4751.028,1788516089.715419,32,b02-o04-nano-c32,,8,False,193.669,llama3.2:1b,etri-dev0001-jetorn,ACTIVE,4527.51,b860fb72-889b-4a99-811a-63f742500929,Edge computing reduces latency by processing data closer,nano,10,12.0,ok,nano,1788516084.9643948,49.374,4557.784,4
4916.969,2,5995.183,1788516089.9106271,32,b02-o04-nano-c32,,8,False,195.514,llama3.2:1b,etri-dev0001-jetorn,ACTIVE,4721.455,521ee773-f056-475a-8338-39a1278d6185,Edge computing reduces latency by processing data closer,nano,10,12.0,ok,nano,1788516083.9154456,49.136,4751.87,4
5110.169,2,6188.617,1788516090.1052935,32,b02-o04-nano-c32,,8,False,193.822,llama3.2:1b,etri-dev0001-jetorn,ACTIVE,4916.347,45a052d5-afc7-4309-beab-504e255c6ef7,Edge computing reduces latency by processing data closer,nano,10,12.0,ok,nano,1788516083.9166775,49.513,4946.813,4
5302.754,2,5335.264,1788516090.3005095,32,b02-o04-nano-c32,,8,False,194.855,llama3.2:1b,etri-dev0001-jetorn,ACTIVE,5107.9,1da514f9-1865-4203-9de7-e5fa926aec6f,Edge computing reduces latency by processing data closer,nano,10,12.0,ok,nano,1788516084.9652474,49.51,5139.156,4
5496.711,2,5528.949,1788516090.4948523,32,b02-o04-nano-c32,,8,False,193.852,llama3.2:1b,etri-dev0001-jetorn,ACTIVE,5302.859,864d8e3b-0d1c-4e8b-8342-816c91bf8c86,Edge computing reduces latency by processing data closer,nano,10,12.0,ok,nano,1788516084.9659076,49.414,5334.162,4
5641.729,2,5647.435,1788516090.6901214,32,b02-o04-nano-c32,,8,False,194.745,llama3.2:1b,etri-dev0001-jetorn,ACTIVE,5446.984,b93396d1-346e-4023-b9fa-59bfcfde7e67,Edge computing reduces latency by processing data closer,nano,10,12.0,ok,nano,1788516085.0426898,49.255,5477.314,4
5700.983,2,6962.219,1788516090.884732,32,b02-o04-nano-c32,,8,False,194.202,llama3.2:1b,etri-dev0001-jetorn,ACTIVE,5506.782,d30bad24-d734-4293-b2fb-6af224221244,Edge computing reduces latency by processing data closer,nano,10,12.0,ok,nano,1788516083.9225156,49.334,5548.584,4
5894.771,2,7155.357,1788516091.079547,32,b02-o04-nano-c32,,8,False,194.126,llama3.2:1b,etri-dev0001-jetorn,ACTIVE,5700.645,1ef8fecf-514e-4887-ba2f-73cab49ca011,Edge computing reduces latency by processing data closer,nano,10,12.0,ok,nano,1788516083.9241939,49.444,5731.304,4
6031.316,2,6038.178,1788516091.2753744,32,b02-o04-nano-c32,,8,False,195.425,llama3.2:1b,etri-dev0001-jetorn,ACTIVE,5835.891,0f8a826a-6a35-40c0-a8df-4c105f8fecee,Edge computing reduces latency by processing data closer,nano,10,12.0,ok,nano,1788516085.237199,49.037,5866.91,4
6033.72,2,6039.092,1788516091.471067,32,b02-o04-nano-c32,,8,False,195.888,llama3.2:1b,etri-dev0001-jetorn,ACTIVE,5837.832,2221bfc9-c6bb-4c4f-85ea-14b39d434ae7,Edge computing reduces latency by processing data closer,nano,10,12.0,ok,nano,1788516085.4319787,49.371,5870.015,4
6035.948,2,6041.605,1788516091.667604,32,b02-o04-nano-c32,,8,False,195.745,llama3.2:1b,etri-dev0001-jetorn,ACTIVE,5840.203,ee14085f-c0ee-4ffa-a5bc-be2f7a7be91e,Edge computing reduces latency by processing data closer,nano,10,12.0,ok,nano,1788516085.626003,49.204,5871.801,4
6035.659,2,6041.93,1788516091.8632102,32,b02-o04-nano-c32,,8,False,195.107,llama3.2:1b,etri-dev0001-jetorn,ACTIVE,5840.551,16548105-275a-4041-909e-083bd24a6c2c,Edge computing reduces latency by processing data closer,nano,10,12.0,ok,nano,1788516085.8212833,49.339,5872.088,4
6067.15,2,8134.225,1788516092.0576375,32,b02-o04-nano-c32,,8,False,194.316,llama3.2:1b,etri-dev0001-jetorn,ACTIVE,5872.834,e9e826b0-77bc-4d4e-a3af-6d1616f0d793,Edge computing reduces latency by processing data closer,nano,10,12.0,ok,nano,1788516083.9234185,49.432,5903.512,4
6231.046,2,6236.376,1788516092.2518291,32,b02-o04-nano-c32,,8,False,193.488,llama3.2:1b,etri-dev0001-jetorn,ACTIVE,6037.558,fd5e742a-fdb9-4620-bbec-1801dadda512,Edge computing reduces latency by processing data closer,nano,10,12.0,ok,nano,1788516086.0154564,49.515,6068.172,4
6233.011,2,6238.165,1788516092.4468553,32,b02-o04-nano-c32,,8,False,195.094,llama3.2:1b,etri-dev0001-jetorn,ACTIVE,6037.917,cf05d4fa-8a4b-4be7-b2e0-3407d361b496,Edge computing reduces latency by processing data closer,nano,10,12.0,ok,nano,1788516086.2086937,49.334,6074.596,4
6234.305,2,6239.763,1788516092.6426105,32,b02-o04-nano-c32,,8,False,195.093,llama3.2:1b,etri-dev0001-jetorn,ACTIVE,6039.211,28f32369-b496-4879-817a-7c151b8d92c8,Edge computing reduces latency by processing data closer,nano,10,12.0,ok,nano,1788516086.4028509,49.117,6072.368,4
6232.561,2,6237.767,1788516092.836614,32,b02-o04-nano-c32,,8,False,194.011,llama3.2:1b,etri-dev0001-jetorn,ACTIVE,6038.55,3890f8ad-4a82-4e78-b1d7-8c2c4daaae31,Edge computing reduces latency by processing data closer,nano,10,12.0,ok,nano,1788516086.5988503,49.273,6068.773,4
6231.7,2,6238.028,1788516093.031424,32,b02-o04-nano-c32,,8,False,193.793,llama3.2:1b,etri-dev0001-jetorn,ACTIVE,6037.906,0395df3e-ef83-4cc8-bd77-07f54920724a,Edge computing reduces latency by processing data closer,nano,10,12.0,ok,nano,1788516086.7933996,49.433,6068.599,4
6232.781,2,6238.838,1788516093.2260394,32,b02-o04-nano-c32,,8,False,194.518,llama3.2:1b,etri-dev0001-jetorn,ACTIVE,6038.264,220f22e4-7372-4588-ac3b-01051b848221,Edge computing reduces latency by processing data closer,nano,10,12.0,ok,nano,1788516086.9872057,49.322,6071.348,4
6232.289,2,6237.958,1788516093.4212599,32,b02-o04-nano-c32,,8,False,194.885,llama3.2:1b,etri-dev0001-jetorn,ACTIVE,6037.404,a61cdaf0-7e65-411f-9b54-383c29cad7e6,Edge computing reduces latency by processing data closer,nano,10,12.0,ok,nano,1788516087.1833055,49.284,6072.071,4
6232.466,2,6237.269,1788516093.6154459,32,b02-o04-nano-c32,,8,False,194.362,llama3.2:1b,etri-dev0001-jetorn,ACTIVE,6038.103,0e374d35-63e4-4eca-95df-56c8f8119d91,Edge computing reduces latency by processing data closer,nano,10,12.0,ok,nano,1788516087.3781798,49.2,6068.849,4
6232.156,2,6238.001,1788516093.809728,32,b02-o04-nano-c32,,8,False,193.662,llama3.2:1b,etri-dev0001-jetorn,ACTIVE,6038.495,9552d0d0-b9c5-476a-869f-03312ba38473,Edge computing reduces latency by processing data closer,nano,10,12.0,ok,nano,1788516087.5717304,49.452,6068.773,4
6234.372,2,6239.104,1788516094.005471,32,b02-o04-nano-c32,,8,False,195.552,llama3.2:1b,etri-dev0001-jetorn,ACTIVE,6038.821,91eba5bb-002b-491e-9d0f-b58345758cc6,Edge computing reduces latency by processing data closer,nano,10,12.0,ok,nano,1788516087.766369,49.335,6070.693,4
6232.593,2,6237.018,1788516094.1985083,32,b02-o04-nano-c32,,8,False,192.939,llama3.2:1b,etri-dev0001-jetorn,ACTIVE,6039.655,53e5cc21-c9ce-4075-b73c-487da6e8af8f,Edge computing reduces latency by processing data closer,nano,10,12.0,ok,nano,1788516087.961494,49.405,6069.384,4
6228.926,2,6234.955,1788516094.3940403,32,b02-o04-nano-c32,,8,False,194.614,llama3.2:1b,etri-dev0001-jetorn,ACTIVE,6034.312,42805e1f-186f-45b6-a316-85f7451791a4,Edge computing reduces latency by processing data closer,nano,10,12.0,ok,nano,1788516088.1590889,49.392,6064.774,4
6227.833,2,6232.746,1788516094.5876925,32,b02-o04-nano-c32,,8,False,194.057,llama3.2:1b,etri-dev0001-jetorn,ACTIVE,6033.777,2ddbc52e-03be-41d0-9e16-d90f7067d2b0,Edge computing reduces latency by processing data closer,nano,10,12.0,ok,nano,1788516088.35495,49.591,6064.754,4
6230.288,2,6235.848,1788516094.7842205,32,b02-o04-nano-c32,,8,False,195.354,llama3.2:1b,etri-dev0001-jetorn,ACTIVE,6034.934,9ca91f32-dad5-409d-8c56-d07af679edba,Edge computing reduces latency by processing data closer,nano,10,12.0,ok,nano,1788516088.5483763,49.385,6067.139,4
6228.28,2,6233.965,1788516094.9802089,32,b02-o04-nano-c32,,8,False,195.984,llama3.2:1b,etri-dev0001-jetorn,ACTIVE,6032.296,ef3e0ebc-aef8-407d-a4ba-97a254e84ec4,Edge computing reduces latency by processing data closer,nano,10,12.0,ok,nano,1788516088.7462463,49.15,6063.889,4
6232.5,2,6237.487,1788516095.1784039,32,b02-o04-nano-c32,,8,False,197.741,llama3.2:1b,etri-dev0001-jetorn,ACTIVE,6034.76,641e9599-9437-4788-8266-601d926718d9,Edge computing reduces latency by processing data closer,nano,10,12.0,ok,nano,1788516088.9409204,49.399,6068.289,4
6233.971,2,6239.763,1788516095.3750613,32,b02-o04-nano-c32,,8,False,196.103,llama3.2:1b,etri-dev0001-jetorn,ACTIVE,6037.868,ee0a6932-f5f1-4d9d-9b41-7fddd1ababff,Edge computing reduces latency by processing data closer,nano,10,12.0,ok,nano,1788516089.1353,49.064,6071.31,4
6234.937,2,6240.059,1788516095.5685556,32,b02-o04-nano-c32,,8,False,193.85,llama3.2:1b,etri-dev0001-jetorn,ACTIVE,6041.087,2dd1f13f-785e-47a9-ae7c-e83a4e7e8ab7,Edge computing reduces latency by processing data closer,nano,10,12.0,ok,nano,1788516089.3284967,49.545,6071.662,4
6238.057,2,6243.456,1788516095.7643778,32,b02-o04-nano-c32,,8,False,194.825,llama3.2:1b,etri-dev0001-jetorn,ACTIVE,6043.232,5b5cc287-c925-4ba4-a00b-37e00291e546,Edge computing reduces latency by processing data closer,nano,10,12.0,ok,nano,1788516089.5209231,49.41,6074.539,4
6237.694,2,6243.516,1788516095.9590266,32,b02-o04-nano-c32,,8,False,194.297,llama3.2:1b,etri-dev0001-jetorn,ACTIVE,6043.396,7aacac5b-9345-46ff-b636-b0bd6a580bcb,Edge computing reduces latency by processing data closer,nano,10,12.0,ok,nano,1788516089.7155116,49.145,6073.031,4
6239.384,2,6244.502,1788516096.1551607,32,b02-o04-nano-c32,,8,False,195.707,llama3.2:1b,etri-dev0001-jetorn,ACTIVE,6043.677,113c3a62-2bad-4cbf-bda6-7a843fc71291,Edge computing reduces latency by processing data closer,nano,10,12.0,ok,nano,1788516089.9106612,49.067,6074.756,4
6239.716,2,6244.491,1788516096.349821,32,b02-o04-nano-c32,,8,False,194.4,llama3.2:1b,etri-dev0001-jetorn,ACTIVE,6045.316,abc8559b-974c-4b3a-b3fc-bdee2d52c4da,Edge computing reduces latency by processing data closer,nano,10,12.0,ok,nano,1788516090.1053314,49.336,6075.862,4
6238.336,2,6243.549,1788516096.544087,32,b02-o04-nano-c32,,8,False,193.705,llama3.2:1b,etri-dev0001-jetorn,ACTIVE,6044.631,49726724-b76e-45d9-98a9-a8bf33b820a0,Edge computing reduces latency by processing data closer,nano,10,12.0,ok,nano,1788516090.3005445,49.463,6075.017,4
6238.19,2,6243.982,1788516096.738924,32,b02-o04-nano-c32,,8,False,194.629,llama3.2:1b,etri-dev0001-jetorn,ACTIVE,6043.561,bbf84dee-ec7e-4820-b1a3-64239cf025c3,Edge computing reduces latency by processing data closer,nano,10,12.0,ok,nano,1788516090.4949696,49.384,6074.96,4
6238.678,2,6243.92,1788516096.9341276,32,b02-o04-nano-c32,,8,False,194.79,llama3.2:1b,etri-dev0001-jetorn,ACTIVE,6043.888,74a67851-11d2-4ecb-b4e1-4d1f8a92530a,Edge computing reduces latency by processing data closer,nano,10,12.0,ok,nano,1788516090.690211,49.388,6075.136,4
6242.343,2,6247.468,1788516097.1322885,32,b02-o04-nano-c32,,8,False,197.698,llama3.2:1b,etri-dev0001-jetorn,ACTIVE,6044.645,76deabea-bc55-485d-a2d8-deed5819e8f4,Edge computing reduces latency by processing data closer,nano,10,12.0,ok,nano,1788516090.8848226,49.327,6076.429,4
6242.469,2,6247.851,1788516097.327474,32,b02-o04-nano-c32,,8,False,194.814,llama3.2:1b,etri-dev0001-jetorn,ACTIVE,6047.655,9264c596-51ae-4841-89c1-ea2a91863ad0,Edge computing reduces latency by processing data closer,nano,10,12.0,ok,nano,1788516091.079627,49.327,6078.974,4
6240.864,2,6246.688,1788516097.5221496,32,b02-o04-nano-c32,,8,False,194.36,llama3.2:1b,etri-dev0001-jetorn,ACTIVE,6046.505,31716bda-fe79-494a-9d7c-e9a2595ae12c,Edge computing reduces latency by processing data closer,nano,10,12.0,ok,nano,1788516091.275465,49.339,6079.294,4
6240.7,2,6245.882,1788516097.717037,32,b02-o04-nano-c32,,8,False,194.541,llama3.2:1b,etri-dev0001-jetorn,ACTIVE,6046.159,9615d32a-299f-4b8f-9a76-2c5ec8edc656,Edge computing reduces latency by processing data closer,nano,10,12.0,ok,nano,1788516091.4711587,49.512,6077.925,4
6240.634,2,6245.288,1788516097.9130163,32,b02-o04-nano-c32,,8,False,196.058,llama3.2:1b,etri-dev0001-jetorn,ACTIVE,6044.576,ee05098b-2a66-4e5b-81ee-b9120378c08b,Edge computing reduces latency by processing data closer,nano,10,12.0,ok,nano,1788516091.6677287,49.06,6079.577,4
6241.531,2,6246.251,1788516098.109566,32,b02-o04-nano-c32,,8,False,195.577,llama3.2:1b,etri-dev0001-jetorn,ACTIVE,6045.954,447c8b12-c615-47b6-96fe-0bddb23ed051,Edge computing reduces latency by processing data closer,nano,10,12.0,ok,nano,1788516091.8633153,49.283,6077.633,4
6242.518,2,6248.365,1788516098.306113,32,b02-o04-nano-c32,,8,False,195.251,llama3.2:1b,etri-dev0001-jetorn,ACTIVE,6047.268,c4a38b25-fbcc-4af2-b289-5ada4479a327,Edge computing reduces latency by processing data closer,nano,10,12.0,ok,nano,1788516092.0577533,49.398,6078.814,4
6247.04,2,6252.446,1788516098.5043938,32,b02-o04-nano-c32,,8,False,198.596,llama3.2:1b,etri-dev0001-jetorn,ACTIVE,6048.444,f95ed390-c0f1-4037-a486-84cbee81cddc,Edge computing reduces latency by processing data closer,nano,10,12.0,ok,nano,1788516092.2519515,49.484,6083.816,4
6248.313,2,6253.484,1788516098.7004592,32,b02-o04-nano-c32,,8,False,195.708,llama3.2:1b,etri-dev0001-jetorn,ACTIVE,6052.605,70df3d05-bc55-486f-9133-5fb91a11e667,Edge computing reduces latency by processing data closer,nano,10,12.0,ok,nano,1788516092.4469788,49.262,6084.529,4
6251.272,2,6256.749,1788516098.8994458,32,b02-o04-nano-c32,,8,False,198.313,llama3.2:1b,etri-dev0001-jetorn,ACTIVE,6052.959,5c68c48a-3b74-41f6-bf04-15fb2451c421,Edge computing reduces latency by processing data closer,nano,10,12.0,ok,nano,1788516092.6427,48.19,6083.77,4
6251.995,2,6257.246,1788516099.0939465,32,b02-o04-nano-c32,,8,False,194.728,llama3.2:1b,etri-dev0001-jetorn,ACTIVE,6057.266,b5520f67-2e55-4805-be76-4b6b1f6c67bc,Edge computing reduces latency by processing data closer,nano,10,12.0,ok,nano,1788516092.836701,49.205,6088.254,4
6252.483,2,6258.552,1788516099.290065,32,b02-o04-nano-c32,,8,False,195.044,llama3.2:1b,etri-dev0001-jetorn,ACTIVE,6057.438,f3d4507f-8406-487f-aa53-4a8373c9b527,Edge computing reduces latency by processing data closer,nano,10,12.0,ok,nano,1788516093.0315163,49.239,6091.167,4
6256.244,2,6261.406,1788516099.4875555,32,b02-o04-nano-c32,,8,False,197.818,llama3.2:1b,etri-dev0001-jetorn,ACTIVE,6058.426,1dc15660-1111-42b8-8cc4-860ff2ed3e4e,Edge computing reduces latency by processing data closer,nano,10,12.0,ok,nano,1788516093.2261505,48.47,6089.495,4
6257.599,2,6263.352,1788516099.6846976,32,b02-o04-nano-c32,,8,False,196.045,llama3.2:1b,etri-dev0001-jetorn,ACTIVE,6061.554,331a287a-69c5-43ea-aa94-f0d1831b5845,Edge computing reduces latency by processing data closer,nano,10,12.0,ok,nano,1788516093.4213486,49.092,6092.882,4
6258.702,2,6263.521,1788516099.8790524,32,b02-o04-nano-c32,,8,False,194.465,llama3.2:1b,etri-dev0001-jetorn,ACTIVE,6064.237,9a0d1f4d-9bc0-4c76-b247-cc53761b5b5a,Edge computing reduces latency by processing data closer,nano,10,12.0,ok,nano,1788516093.615534,49.449,6095.352,4
6259.115,2,6264.752,1788516100.074562,32,b02-o04-nano-c32,,8,False,195.458,llama3.2:1b,etri-dev0001-jetorn,ACTIVE,6063.657,3ed6fe61-e1ee-4f8b-bf50-dbd27d0c75d6,Edge computing reduces latency by processing data closer,nano,10,12.0,ok,nano,1788516093.8098106,49.292,6095.923,4
6259.144,2,6263.568,1788516100.2690935,32,b02-o04-nano-c32,,8,False,194.226,llama3.2:1b,etri-dev0001-jetorn,ACTIVE,6064.918,dfb22070-083b-48e5-a976-648adea7c683,Edge computing reduces latency by processing data closer,nano,10,12.0,ok,nano,1788516094.005527,49.243,6095.192,4
6266.376,2,6271.384,1788516100.4699821,32,b02-o04-nano-c32,,8,False,200.46,llama3.2:1b,etri-dev0001-jetorn,ACTIVE,6065.916,3ef5289b-36a4-4a09-a768-9e2a4912b76e,Edge computing reduces latency by processing data closer,nano,10,12.0,ok,nano,1788516094.1986005,47.688,6097.235,4
6265.751,2,6271.67,1788516100.6657996,32,b02-o04-nano-c32,,8,False,194.621,llama3.2:1b,etri-dev0001-jetorn,ACTIVE,6071.13,ab3f9092-b309-40c5-8fd7-38c906b6778c,Edge computing reduces latency by processing data closer,nano,10,12.0,ok,nano,1788516094.394133,49.406,6105.094,4
6267.23,2,6272.662,1788516100.8604245,32,b02-o04-nano-c32,,8,False,194.67,llama3.2:1b,etri-dev0001-jetorn,ACTIVE,6072.561,873072df-b9a9-4be2-865a-1c2b5bb7f29c,Edge computing reduces latency by processing data closer,nano,10,12.0,ok,nano,1788516094.587767,49.391,6103.391,4
6265.592,2,6271.02,1788516101.0552914,32,b02-o04-nano-c32,,8,False,194.351,llama3.2:1b,etri-dev0001-jetorn,ACTIVE,6071.242,50266f36-0f26-4de6-8cbc-cbef3bb01787,Edge computing reduces latency by processing data closer,nano,10,12.0,ok,nano,1788516094.7843158,49.29,6101.618,4
6264.056,2,6269.578,1788516101.249873,32,b02-o04-nano-c32,,8,False,193.916,llama3.2:1b,etri-dev0001-jetorn,ACTIVE,6070.14,6ba00e43-82e5-428c-a8e4-b19ffadf5896,Edge computing reduces latency by processing data closer,nano,10,12.0,ok,nano,1788516094.9802983,49.374,6102.902,4
6259.582,2,6265.6,1788516101.4440827,32,b02-o04-nano-c32,,8,False,193.788,llama3.2:1b,etri-dev0001-jetorn,ACTIVE,6065.794,2129f5df-e8e2-4438-b854-7e3c8d0078f9,Edge computing reduces latency by processing data closer,nano,10,12.0,ok,nano,1788516095.178486,49.472,6109.65,4
6258.349,2,6263.179,1788516101.6382718,32,b02-o04-nano-c32,,8,False,194.286,llama3.2:1b,etri-dev0001-jetorn,ACTIVE,6064.063,5817cacc-efbf-45c6-90f5-5ce8cdbfda47,Edge computing reduces latency by processing data closer,nano,10,12.0,ok,nano,1788516095.3750942,49.459,6095.087,4
6260.193,2,6266.075,1788516101.8346486,32,b02-o04-nano-c32,,8,False,195.391,llama3.2:1b,etri-dev0001-jetorn,ACTIVE,6064.802,d09a2bdb-3bc0-44a7-b59c-d237f8f1204e,Edge computing reduces latency by processing data closer,nano,10,12.0,ok,nano,1788516095.5685778,49.243,6096.018,4
6261.236,2,6265.426,1788516102.029828,32,b02-o04-nano-c32,,8,False,195.681,llama3.2:1b,etri-dev0001-jetorn,ACTIVE,6065.555,845a117f-39b4-4858-a8a3-3fd580c8c8b8,Edge computing reduces latency by processing data closer,nano,10,12.0,ok,nano,1788516095.7644029,49.392,6097.901,4
288.756,2,307.169,1788516105.3463504,8,b02-o05-nano-c8,,8,False,288.743,llama3.2:1b,etri-dev0001-jetorn,ACTIVE,0.013,b71c8b63-b2b1-450e-9ea9-c9db83a57e21,Edge computing reduces latency by processing data closer,nano,11,12.0,ok,nano,1788516105.0391862,38.776,80.133,5
524.273,2,543.466,1788516105.583636,8,b02-o05-nano-c8,,8,False,237.275,llama3.2:1b,etri-dev0001-jetorn,ACTIVE,286.998,10d39204-1e5b-491b-b287-9a5585c8115c,Edge computing reduces latency by processing data closer,nano,11,12.0,ok,nano,1788516105.0401719,40.38,323.987,5
727.632,2,746.075,1788516105.7884629,8,b02-o05-nano-c8,,8,False,204.036,llama3.2:1b,etri-dev0001-jetorn,ACTIVE,523.596,c3db0cbe-d4ea-495f-9810-bc2748a6f6df,Edge computing reduces latency by processing data closer,nano,11,12.0,ok,nano,1788516105.0423908,48.335,560.653,5
921.863,2,943.921,1788516105.984917,8,b02-o05-nano-c8,,8,False,197.271,llama3.2:1b,etri-dev0001-jetorn,ACTIVE,724.592,ae2e5484-826a-4f9d-ba29-3d51366d69aa,Edge computing reduces latency by processing data closer,nano,11,12.0,ok,nano,1788516105.040997,48.808,756.638,5
1119.399,2,1140.68,1788516106.1839912,8,b02-o05-nano-c8,,8,False,197.915,llama3.2:1b,etri-dev0001-jetorn,ACTIVE,921.484,c7490d4d-eb74-4f82-b8df-5894234ec7bc,Edge computing reduces latency by processing data closer,nano,11,12.0,ok,nano,1788516105.0433154,48.726,953.682,5
1313.241,2,1331.908,1788516106.377871,8,b02-o05-nano-c8,,8,False,193.489,llama3.2:1b,etri-dev0001-jetorn,ACTIVE,1119.753,974e4263-7d08-4fb6-b166-8ff3b023a8cc,Edge computing reduces latency by processing data closer,nano,11,12.0,ok,nano,1788516105.045964,49.399,1149.653,5
1505.966,2,1524.972,1788516106.5721145,8,b02-o05-nano-c8,,8,False,193.693,llama3.2:1b,etri-dev0001-jetorn,ACTIVE,1312.273,7c0d53f9-2e53-4ca2-89b1-fb98b814e50e,Edge computing reduces latency by processing data closer,nano,11,12.0,ok,nano,1788516105.047145,49.473,1342.428,5
1699.144,2,1721.361,1788516106.7661502,8,b02-o05-nano-c8,,8,False,193.29,llama3.2:1b,etri-dev0001-jetorn,ACTIVE,1505.855,3bb9dfbd-4b7f-481d-868c-ef6ef6b9c3f3,Edge computing reduces latency by processing data closer,nano,11,12.0,ok,nano,1788516105.0447948,49.505,1535.838,5
1608.569,2,1614.177,1788516106.9606323,8,b02-o05-nano-c8,,8,False,194.009,llama3.2:1b,etri-dev0001-jetorn,ACTIVE,1414.56,83c84f71-ca44-45af-9146-e256a49106bd,Edge computing reduces latency by processing data closer,nano,11,12.0,ok,nano,1788516105.3464584,49.391,1444.491,5
1565.721,2,1571.141,1788516107.1548595,8,b02-o05-nano-c8,,8,False,194.242,llama3.2:1b,etri-dev0001-jetorn,ACTIVE,1371.479,75874a7b-a572-4a36-a38e-6dee3d10f815,Edge computing reduces latency by processing data closer,nano,11,12.0,ok,nano,1788516105.5837224,49.49,1402.067,5
1558.75,2,1564.066,1788516107.3526242,8,b02-o05-nano-c8,,8,False,197.294,llama3.2:1b,etri-dev0001-jetorn,ACTIVE,1361.456,82bf2ae0-ebad-4d7c-a01a-394cee68d147,Edge computing reduces latency by processing data closer,nano,11,12.0,ok,nano,1788516105.7885618,49.38,1406.482,5
1555.584,2,1561.328,1788516107.5462792,8,b02-o05-nano-c8,,8,False,193.21,llama3.2:1b,etri-dev0001-jetorn,ACTIVE,1362.375,4646333a-2e3f-40a8-afb7-14296404a0d2,Edge computing reduces latency by processing data closer,nano,11,12.0,ok,nano,1788516105.9849567,49.476,1393.83,5
1551.598,2,1556.997,1788516107.7410784,8,b02-o05-nano-c8,,8,False,193.794,llama3.2:1b,etri-dev0001-jetorn,ACTIVE,1357.804,7fb3e862-ec32-4808-9673-fc1bc059f8db,Edge computing reduces latency by processing data closer,nano,11,12.0,ok,nano,1788516106.184087,49.541,1388.217,5
1551.749,2,1556.769,1788516107.9346707,8,b02-o05-nano-c8,,8,False,193.961,llama3.2:1b,etri-dev0001-jetorn,ACTIVE,1357.788,3729863c-e926-4d3b-9877-3b6963f78bcc,Edge computing reduces latency by processing data closer,nano,11,12.0,ok,nano,1788516106.3779027,49.509,1401.365,5
1551.853,2,1557.048,1788516108.1292233,8,b02-o05-nano-c8,,8,False,194.443,llama3.2:1b,etri-dev0001-jetorn,ACTIVE,1357.409,ca861c9f-92ea-4a10-be73-f772788ff872,Edge computing reduces latency by processing data closer,nano,11,12.0,ok,nano,1788516106.5721774,49.326,1388.272,5
1551.647,2,1556.737,1788516108.3230023,8,b02-o05-nano-c8,,8,False,193.229,llama3.2:1b,etri-dev0001-jetorn,ACTIVE,1358.418,2d53921c-fc7a-4ce4-992c-51fedb5f1f66,Edge computing reduces latency by processing data closer,nano,11,12.0,ok,nano,1788516106.7662663,49.436,1388.073,5
1552.705,2,1557.778,1788516108.5184717,8,b02-o05-nano-c8,,8,False,194.984,llama3.2:1b,etri-dev0001-jetorn,ACTIVE,1357.72,7839958c-3d22-4ae8-8be9-162bdca408a9,Edge computing reduces latency by processing data closer,nano,11,12.0,ok,nano,1788516106.9606998,49.247,1388.562,5
1547.742,2,1557.34,1788516108.712299,8,b02-o05-nano-c8,,8,False,193.56,llama3.2:1b,etri-dev0001-jetorn,ACTIVE,1354.182,eed46c85-8d41-4f3a-8fba-73ed472f863a,Edge computing reduces latency by processing data closer,nano,11,12.0,ok,nano,1788516107.1549618,49.63,1384.851,5
1548.193,2,1553.955,1788516108.906667,8,b02-o05-nano-c8,,8,False,193.544,llama3.2:1b,etri-dev0001-jetorn,ACTIVE,1354.649,9ab895d4-0e75-4ee2-8353-eebaf8d50d2e,Edge computing reduces latency by processing data closer,nano,11,12.0,ok,nano,1788516107.352716,49.318,1384.569,5
1548.454,2,1553.614,1788516109.1000023,8,b02-o05-nano-c8,,8,False,193.619,llama3.2:1b,etri-dev0001-jetorn,ACTIVE,1354.834,8c5f55b9-5a51-4d48-b0fe-43e689982101,Edge computing reduces latency by processing data closer,nano,11,12.0,ok,nano,1788516107.5463903,49.406,1384.51,5
1547.727,2,1553.474,1788516109.294657,8,b02-o05-nano-c8,,8,False,194.054,llama3.2:1b,etri-dev0001-jetorn,ACTIVE,1353.673,67ea2afd-a7e1-47ca-abdf-21ac156ef2cd,Edge computing reduces latency by processing data closer,nano,11,12.0,ok,nano,1788516107.7411869,49.485,1384.472,5
1550.72,2,1555.691,1788516109.4903836,8,b02-o05-nano-c8,,8,False,195.336,llama3.2:1b,etri-dev0001-jetorn,ACTIVE,1355.384,4d91322a-8f40-4636-8bb8-835a5c11d3c2,Edge computing reduces latency by processing data closer,nano,11,12.0,ok,nano,1788516107.9346964,49.103,1385.572,5
1552.426,2,1557.576,1788516109.6868298,8,b02-o05-nano-c8,,8,False,195.433,llama3.2:1b,etri-dev0001-jetorn,ACTIVE,1356.993,fbbfca91-b108-49da-9c66-9d299d1852bb,Edge computing reduces latency by processing data closer,nano,11,12.0,ok,nano,1788516108.129259,49.118,1387.933,5
1554.804,2,1559.583,1788516109.8826158,8,b02-o05-nano-c8,,8,False,196.159,llama3.2:1b,etri-dev0001-jetorn,ACTIVE,1358.645,382e529b-93da-44ae-aa9d-c68460fc0619,Edge computing reduces latency by processing data closer,nano,11,12.0,ok,nano,1788516108.3230343,49.259,1390.08,5
1554.38,2,1559.717,1788516110.0783014,8,b02-o05-nano-c8,,8,False,195.095,llama3.2:1b,etri-dev0001-jetorn,ACTIVE,1359.285,ad64df2d-a61e-463d-b9f5-21d9fe4ceb70,Edge computing reduces latency by processing data closer,nano,11,12.0,ok,nano,1788516108.5185866,49.082,1389.933,5
1556.704,2,1561.439,1788516110.273851,8,b02-o05-nano-c8,,8,False,195.416,llama3.2:1b,etri-dev0001-jetorn,ACTIVE,1361.288,10f97dbf-6925-4ac5-9401-6736f563fbe0,Edge computing reduces latency by processing data closer,nano,11,12.0,ok,nano,1788516108.7124145,49.252,1392.333,5
1557.705,2,1562.956,1788516110.4697144,8,b02-o05-nano-c8,,8,False,194.914,llama3.2:1b,etri-dev0001-jetorn,ACTIVE,1362.791,ba380060-8b0c-4847-b6b5-8cc2dc61ccfa,Edge computing reduces latency by processing data closer,nano,11,12.0,ok,nano,1788516108.9067616,49.02,1393.189,5
1559.218,2,1564.515,1788516110.6645496,8,b02-o05-nano-c8,,8,False,194.717,llama3.2:1b,etri-dev0001-jetorn,ACTIVE,1364.501,ee85bfd7-768f-4534-8571-86fcad545440,Edge computing reduces latency by processing data closer,nano,11,12.0,ok,nano,1788516109.1000388,49.249,1395.617,5
1550.698,2,1566.35,1788516110.8609886,8,b02-o05-nano-c8,,8,False,195.566,llama3.2:1b,etri-dev0001-jetorn,ACTIVE,1355.133,bc99d1b1-a327-4876-9800-d00238d78a8c,Edge computing reduces latency by processing data closer,nano,11,12.0,ok,nano,1788516109.294782,48.992,1385.506,5
1561.145,2,1566.604,1788516111.0570765,8,b02-o05-nano-c8,,8,False,196.107,llama3.2:1b,etri-dev0001-jetorn,ACTIVE,1365.038,4c094c08-e5fb-48f5-bb3d-bdb4e1a9c7bb,Edge computing reduces latency by processing data closer,nano,11,12.0,ok,nano,1788516109.4904735,49.025,1396.73,5
1558.901,2,1564.853,1788516111.2518108,8,b02-o05-nano-c8,,8,False,194.703,llama3.2:1b,etri-dev0001-jetorn,ACTIVE,1364.198,1d0c2394-6f49-46bc-a06f-073f80f84442,Edge computing reduces latency by processing data closer,nano,11,12.0,ok,nano,1788516109.68696,49.205,1394.646,5
1559.001,2,1563.692,1788516111.4463344,8,b02-o05-nano-c8,,8,False,194.1,llama3.2:1b,etri-dev0001-jetorn,ACTIVE,1364.901,61f624ee-2b3e-4624-9312-cf4a0305050e,Edge computing reduces latency by processing data closer,nano,11,12.0,ok,nano,1788516109.8826437,49.39,1395.525,5
1557.229,2,1562.045,1788516111.6403787,8,b02-o05-nano-c8,,8,False,193.542,llama3.2:1b,etri-dev0001-jetorn,ACTIVE,1363.687,5a143e4c-da2c-49dd-b89f-f7f6218344b3,Edge computing reduces latency by processing data closer,nano,11,12.0,ok,nano,1788516110.0783353,49.392,1394.248,5
1556.549,2,1562.46,1788516111.8364286,8,b02-o05-nano-c8,,8,False,195.632,llama3.2:1b,etri-dev0001-jetorn,ACTIVE,1360.917,118f46e0-5ddd-4f4b-bc05-4852f1727bc1,Edge computing reduces latency by processing data closer,nano,11,12.0,ok,nano,1788516110.27397,48.937,1391.024,5
1556.07,2,1561.352,1788516112.0311499,8,b02-o05-nano-c8,,8,False,194.377,llama3.2:1b,etri-dev0001-jetorn,ACTIVE,1361.693,6d32a8ab-ebe2-4472-8a0c-0d8b15de2ee4,Edge computing reduces latency by processing data closer,nano,11,12.0,ok,nano,1788516110.4698005,49.322,1392.182,5
1557.301,2,1562.446,1788516112.2270813,8,b02-o05-nano-c8,,8,False,195.676,llama3.2:1b,etri-dev0001-jetorn,ACTIVE,1361.626,0394e4ef-3cbe-4d6a-affb-64862e9e2db4,Edge computing reduces latency by processing data closer,nano,11,12.0,ok,nano,1788516110.6646388,48.846,1391.689,5
1556.052,2,1561.559,1788516112.422796,8,b02-o05-nano-c8,,8,False,195.113,llama3.2:1b,etri-dev0001-jetorn,ACTIVE,1360.939,8e2cbde7-dec6-48ec-bd62-8ee386fef7e9,Edge computing reduces latency by processing data closer,nano,11,12.0,ok,nano,1788516110.8612409,48.931,1401.65,5
1556.54,2,1561.452,1788516112.6185591,8,b02-o05-nano-c8,,8,False,194.985,llama3.2:1b,etri-dev0001-jetorn,ACTIVE,1361.555,da5df90f-15d3-462a-aa21-c5a1bac81440,Edge computing reduces latency by processing data closer,nano,11,12.0,ok,nano,1788516111.0571086,49.248,1392.426,5
1556.272,2,1561.425,1788516112.8132648,8,b02-o05-nano-c8,,8,False,194.149,llama3.2:1b,etri-dev0001-jetorn,ACTIVE,1362.123,b3201fd5-2c67-4e5b-8f9a-cac409c7fc5a,Edge computing reduces latency by processing data closer,nano,11,12.0,ok,nano,1788516111.2518446,49.422,1393.131,5
1557.299,2,1562.096,1788516113.0084507,8,b02-o05-nano-c8,,8,False,195.596,llama3.2:1b,etri-dev0001-jetorn,ACTIVE,1361.703,075c0ff8-501b-438d-9ba4-2609e36f1c17,Edge computing reduces latency by processing data closer,nano,11,12.0,ok,nano,1788516111.4463587,49.274,1397.234,5
1559.126,2,1564.606,1788516113.2050104,8,b02-o05-nano-c8,,8,False,195.471,llama3.2:1b,etri-dev0001-jetorn,ACTIVE,1363.655,c44707fc-de8f-4c45-996f-46fb5615f587,Edge computing reduces latency by processing data closer,nano,11,12.0,ok,nano,1788516111.6404104,49.337,1395.388,5
1556.711,2,1562.657,1788516113.3991199,8,b02-o05-nano-c8,,8,False,193.969,llama3.2:1b,etri-dev0001-jetorn,ACTIVE,1362.742,d7e65c93-a772-475b-828f-b010e9dd2be0,Edge computing reduces latency by processing data closer,nano,11,12.0,ok,nano,1788516111.8364668,49.62,1393.7,5
1557.665,2,1562.493,1788516113.5937023,8,b02-o05-nano-c8,,8,False,194.682,llama3.2:1b,etri-dev0001-jetorn,ACTIVE,1362.983,ebaeeb02-de2d-4818-b18e-eaf9d0961755,Edge computing reduces latency by processing data closer,nano,11,12.0,ok,nano,1788516112.031213,49.294,1393.702,5
1556.002,2,1560.997,1788516113.7881668,8,b02-o05-nano-c8,,8,False,193.735,llama3.2:1b,etri-dev0001-jetorn,ACTIVE,1362.266,a7869d4f-3137-4f63-9983-61191817d150,Edge computing reduces latency by processing data closer,nano,11,12.0,ok,nano,1788516112.2271733,49.389,1392.685,5
1555.658,2,1560.507,1788516113.983401,8,b02-o05-nano-c8,,8,False,194.943,llama3.2:1b,etri-dev0001-jetorn,ACTIVE,1360.715,b79940fb-c619-4874-bfd7-b3dd41c8b3f7,Edge computing reduces latency by processing data closer,nano,11,12.0,ok,nano,1788516112.4228966,49.005,1396.558,5
1561.62,2,1566.585,1788516114.1851852,8,b02-o05-nano-c8,,8,False,201.499,llama3.2:1b,etri-dev0001-jetorn,ACTIVE,1360.121,f629681c-9ef8-4293-ac9a-a6d972361857,Edge computing reduces latency by processing data closer,nano,11,12.0,ok,nano,1788516112.6186013,48.678,1395.786,5
1561.754,2,1567.198,1788516114.380563,8,b02-o05-nano-c8,,8,False,194.987,llama3.2:1b,etri-dev0001-jetorn,ACTIVE,1366.767,5581565f-72e0-424c-8dbc-bf44f0cef909,Edge computing reduces latency by processing data closer,nano,11,12.0,ok,nano,1788516112.8133662,49.335,1402.288,5
1561.535,2,1567.156,1788516114.575697,8,b02-o05-nano-c8,,8,False,194.025,llama3.2:1b,etri-dev0001-jetorn,ACTIVE,1367.51,9f3175a3-add6-48c9-addd-12d1afc2aa5f,Edge computing reduces latency by processing data closer,nano,11,12.0,ok,nano,1788516113.0085437,49.59,1398.008,5
1560.969,2,1566.906,1788516114.772024,8,b02-o05-nano-c8,,8,False,195.924,llama3.2:1b,etri-dev0001-jetorn,ACTIVE,1365.045,ee7f9603-6b48-454c-984f-fc9a09b55ec3,Edge computing reduces latency by processing data closer,nano,11,12.0,ok,nano,1788516113.2051208,49.142,1409.906,5
1561.75,2,1566.946,1788516114.9661431,8,b02-o05-nano-c8,,8,False,194.173,llama3.2:1b,etri-dev0001-jetorn,ACTIVE,1367.577,b24b352b-e443-4973-8baa-fd6cc01f173e,Edge computing reduces latency by processing data closer,nano,11,12.0,ok,nano,1788516113.3992004,49.509,1400.237,5
1561.316,2,1566.877,1788516115.1606638,8,b02-o05-nano-c8,,8,False,194.269,llama3.2:1b,etri-dev0001-jetorn,ACTIVE,1367.047,80f9ca7c-c9a1-42f2-a342-5a0be024ed59,Edge computing reduces latency by processing data closer,nano,11,12.0,ok,nano,1788516113.59379,49.428,1398.01,5
1562.483,2,1567.35,1788516115.3556025,8,b02-o05-nano-c8,,8,False,194.15,llama3.2:1b,etri-dev0001-jetorn,ACTIVE,1368.333,88865e3c-51a1-4c0d-91ae-0f2b4273b49a,Edge computing reduces latency by processing data closer,nano,11,12.0,ok,nano,1788516113.7882555,49.497,1399.372,5
1562.568,2,1568.089,1788516115.551569,8,b02-o05-nano-c8,,8,False,195.05,llama3.2:1b,etri-dev0001-jetorn,ACTIVE,1367.518,0138287b-adca-4ce9-bc70-1844181832bb,Edge computing reduces latency by processing data closer,nano,11,12.0,ok,nano,1788516113.983483,49.384,1399.075,5
1556.018,2,1562.036,1788516115.7472446,8,b02-o05-nano-c8,,8,False,195.927,llama3.2:1b,etri-dev0001-jetorn,ACTIVE,1360.091,78f962eb-e5d4-4333-b8c7-4daef8712fba,Edge computing reduces latency by processing data closer,nano,11,12.0,ok,nano,1788516114.185212,49.086,1392.085,5
1556.076,2,1560.636,1788516115.9412444,8,b02-o05-nano-c8,,8,False,193.72,llama3.2:1b,etri-dev0001-jetorn,ACTIVE,1362.356,0ad65552-48ff-4cfa-b0b0-01974787a545,Edge computing reduces latency by processing data closer,nano,11,12.0,ok,nano,1788516114.3806093,49.359,1392.221,5
1553.94,2,1560.492,1788516116.1362731,8,b02-o05-nano-c8,,8,False,193.918,llama3.2:1b,etri-dev0001-jetorn,ACTIVE,1360.022,296e95ac-5bf8-45a5-933e-c459b5be3563,Edge computing reduces latency by processing data closer,nano,11,12.0,ok,nano,1788516114.575785,49.364,1390.361,5
1554.499,2,1559.712,1788516116.331859,8,b02-o05-nano-c8,,8,False,195.778,llama3.2:1b,etri-dev0001-jetorn,ACTIVE,1358.721,89862073-c0fa-4d4d-937e-b3682bc3825c,Edge computing reduces latency by processing data closer,nano,11,12.0,ok,nano,1788516114.7721503,49.178,1389.896,5
1555.036,2,1560.74,1788516116.5269835,8,b02-o05-nano-c8,,8,False,194.581,llama3.2:1b,etri-dev0001-jetorn,ACTIVE,1360.455,f10cb9b2-4a0a-4ace-9629-84b37cb4768a,Edge computing reduces latency by processing data closer,nano,11,12.0,ok,nano,1788516114.9662464,49.315,1404.098,5
1557.774,2,1562.943,1788516116.7237325,8,b02-o05-nano-c8,,8,False,196.216,llama3.2:1b,etri-dev0001-jetorn,ACTIVE,1361.558,99721888-ee44-4177-a544-7b0f818fbc65,Edge computing reduces latency by processing data closer,nano,11,12.0,ok,nano,1788516115.160792,49.156,1398.541,5
1558.922,2,1564.092,1788516116.919774,8,b02-o05-nano-c8,,8,False,195.813,llama3.2:1b,etri-dev0001-jetorn,ACTIVE,1363.109,dc2e50d8-f26b-42a3-a515-1cad9d96cb3f,Edge computing reduces latency by processing data closer,nano,11,12.0,ok,nano,1788516115.3556848,48.87,1393.973,5
1556.914,2,1562.501,1788516117.1141806,8,b02-o05-nano-c8,,8,False,193.602,llama3.2:1b,etri-dev0001-jetorn,ACTIVE,1363.311,1aa7b12f-2eab-4faf-a8e0-b741ac6441f5,Edge computing reduces latency by processing data closer,nano,11,12.0,ok,nano,1788516115.5516827,49.454,1403.411,5
1557.405,2,1562.844,1788516117.3101737,8,b02-o05-nano-c8,,8,False,195.691,llama3.2:1b,etri-dev0001-jetorn,ACTIVE,1361.714,f00e0f3e-6f15-42c4-a931-b41b22b063da,Edge computing reduces latency by processing data closer,nano,11,12.0,ok,nano,1788516115.7473328,49.077,1393.053,5
1557.151,2,1562.558,1788516117.5038207,8,b02-o05-nano-c8,,8,False,193.621,llama3.2:1b,etri-dev0001-jetorn,ACTIVE,1363.53,69c22baa-6d28-4203-bd93-b12e8313ad0e,Edge computing reduces latency by processing data closer,nano,11,12.0,ok,nano,1788516115.941267,49.549,1393.954,5
1558.055,2,1563.076,1788516117.699448,8,b02-o05-nano-c8,,8,False,195.266,llama3.2:1b,etri-dev0001-jetorn,ACTIVE,1362.789,e96f6b1d-15e3-4188-9920-05db959df124,Edge computing reduces latency by processing data closer,nano,11,12.0,ok,nano,1788516116.136375,49.139,1394.286,5
1558.28,2,1563.538,1788516117.8955472,8,b02-o05-nano-c8,,8,False,195.47,llama3.2:1b,etri-dev0001-jetorn,ACTIVE,1362.81,f321c2c7-d6eb-45a2-817a-e68ee10a2386,Edge computing reduces latency by processing data closer,nano,11,12.0,ok,nano,1788516116.33201,49.289,1399.304,5
1557.077,2,1562.305,1788516118.08937,8,b02-o05-nano-c8,,8,False,193.65,llama3.2:1b,etri-dev0001-jetorn,ACTIVE,1363.427,745dc84a-e72f-4ecd-9416-d78f7191ce57,Edge computing reduces latency by processing data closer,nano,11,12.0,ok,nano,1788516116.5270658,49.293,1393.45,5
1556.619,2,1561.773,1788516118.2855856,8,b02-o05-nano-c8,,8,False,195.721,llama3.2:1b,etri-dev0001-jetorn,ACTIVE,1360.898,78fb49c8-7b6b-4e40-b97a-a283408fb975,Edge computing reduces latency by processing data closer,nano,11,12.0,ok,nano,1788516116.723816,49.381,1392.829,5
1556.226,2,1561.092,1788516118.480946,8,b02-o05-nano-c8,,8,False,195.182,llama3.2:1b,etri-dev0001-jetorn,ACTIVE,1361.044,e82a52fa-bc99-4e02-8fb5-da65fe815021,Edge computing reduces latency by processing data closer,nano,11,12.0,ok,nano,1788516116.9198575,49.345,1392.655,5
291.651,2,301.74,1788516121.798291,2,b02-o06-nano-c2,,8,False,291.63,llama3.2:1b,etri-dev0001-jetorn,ACTIVE,0.021,ae98a8ff-af96-4365-a599-5afd5a36f5df,Edge computing reduces latency by processing data closer,nano,12,12.0,ok,nano,1788516121.4965553,38.619,82.597,6
539.777,2,551.442,1788516122.0489872,2,b02-o06-nano-c2,,8,False,249.729,llama3.2:1b,etri-dev0001-jetorn,ACTIVE,290.048,68146e88-4d91-47e1-9927-157c8ddac3c4,Edge computing reduces latency by processing data closer,nano,12,12.0,ok,nano,1788516121.4975479,38.048,327.906,6
471.472,2,478.107,1788516122.2765002,2,b02-o06-nano-c2,,8,False,227.009,llama3.2:1b,etri-dev0001-jetorn,ACTIVE,244.463,56636ca0-ae81-45fa-9201-5422807d7140,Edge computing reduces latency by processing data closer,nano,12,12.0,ok,nano,1788516121.7983966,42.764,283.105,6
415.556,2,421.959,1788516122.4710343,2,b02-o06-nano-c2,,8,False,194.375,llama3.2:1b,etri-dev0001-jetorn,ACTIVE,221.181,99b4e725-9c84-4ef5-ad59-de6d4cfa9e1d,Edge computing reduces latency by processing data closer,nano,12,12.0,ok,nano,1788516122.0490782,49.378,253.689,6
382.176,2,388.25,1788516122.6648743,2,b02-o06-nano-c2,,8,False,193.751,llama3.2:1b,etri-dev0001-jetorn,ACTIVE,188.426,aa902a39-393f-4536-8b9c-7553e941317d,Edge computing reduces latency by processing data closer,nano,12,12.0,ok,nano,1788516122.2766275,49.425,218.854,6
384.251,2,389.458,1788516122.860574,2,b02-o06-nano-c2,,8,False,195.632,llama3.2:1b,etri-dev0001-jetorn,ACTIVE,188.619,f45fd712-7b5f-41e2-8a4b-b344221b3bb4,Edge computing reduces latency by processing data closer,nano,12,12.0,ok,nano,1788516122.4711199,49.193,220.238,6
384.288,2,389.923,1788516123.0555258,2,b02-o06-nano-c2,,8,False,193.807,llama3.2:1b,etri-dev0001-jetorn,ACTIVE,190.481,b01d02b7-e926-462a-874f-d37ef4cfcece,Edge computing reduces latency by processing data closer,nano,12,12.0,ok,nano,1788516122.665647,49.539,221.27,6
383.548,2,389.347,1788516123.2500043,2,b02-o06-nano-c2,,8,False,194.573,llama3.2:1b,etri-dev0001-jetorn,ACTIVE,188.976,67e4b14a-8cd8-47c5-bae3-330ac67e2ffd,Edge computing reduces latency by processing data closer,nano,12,12.0,ok,nano,1788516122.8606644,49.373,219.685,6
383.933,2,389.643,1788516123.445297,2,b02-o06-nano-c2,,8,False,194.541,llama3.2:1b,etri-dev0001-jetorn,ACTIVE,189.391,6d4caedd-fbfc-4704-90a8-1c85ae53bf06,Edge computing reduces latency by processing data closer,nano,12,12.0,ok,nano,1788516123.055658,49.221,219.792,6
383.321,2,389.142,1788516123.639251,2,b02-o06-nano-c2,,8,False,193.546,llama3.2:1b,etri-dev0001-jetorn,ACTIVE,189.775,fa2aacce-db3e-48a7-99bf-4a0bece61d76,Edge computing reduces latency by processing data closer,nano,12,12.0,ok,nano,1788516123.250112,49.572,220.433,6
383.78,2,389.235,1788516123.8346193,2,b02-o06-nano-c2,,8,False,195.164,llama3.2:1b,etri-dev0001-jetorn,ACTIVE,188.616,53cda4d0-2bd0-4ebd-9519-46f6aa308def,Edge computing reduces latency by processing data closer,nano,12,12.0,ok,nano,1788516123.4453883,49.107,231.619,6
387.109,2,392.215,1788516124.0315483,2,b02-o06-nano-c2,,8,False,196.679,llama3.2:1b,etri-dev0001-jetorn,ACTIVE,190.43,ee118945-55e2-4f56-853a-d996244cae95,Edge computing reduces latency by processing data closer,nano,12,12.0,ok,nano,1788516123.639337,49.231,225.015,6
385.198,2,391.081,1788516124.2257998,2,b02-o06-nano-c2,,8,False,193.993,llama3.2:1b,etri-dev0001-jetorn,ACTIVE,191.206,4410f0be-ca79-411b-9c5e-f32ff494e475,Edge computing reduces latency by processing data closer,nano,12,12.0,ok,nano,1788516123.8347218,49.322,222.528,6
376.293,2,389.394,1788516124.4210575,2,b02-o06-nano-c2,,8,False,195.289,llama3.2:1b,etri-dev0001-jetorn,ACTIVE,181.004,f8e00f3b-c4ab-4b91-a4cc-6850a0d2b175,Edge computing reduces latency by processing data closer,nano,12,12.0,ok,nano,1788516124.0316668,49.193,215.755,6
383.643,2,389.297,1788516124.6151886,2,b02-o06-nano-c2,,8,False,193.69,llama3.2:1b,etri-dev0001-jetorn,ACTIVE,189.953,3df4f3ce-3b09-470c-841e-1df345fc4d27,Edge computing reduces latency by processing data closer,nano,12,12.0,ok,nano,1788516124.2258925,49.507,233.03,6
383.168,2,387.9,1788516124.8090355,2,b02-o06-nano-c2,,8,False,193.964,llama3.2:1b,etri-dev0001-jetorn,ACTIVE,189.205,c66249e9-bafb-4712-95ea-252297687c44,Edge computing reduces latency by processing data closer,nano,12,12.0,ok,nano,1788516124.421137,49.361,219.278,6
386.699,2,391.117,1788516125.0063283,2,b02-o06-nano-c2,,8,False,196.261,llama3.2:1b,etri-dev0001-jetorn,ACTIVE,190.439,61f599e6-bb66-4c0a-a891-c9c2fe3ada6a,Edge computing reduces latency by processing data closer,nano,12,12.0,ok,nano,1788516124.6152132,48.826,220.861,6
385.115,2,390.705,1788516125.1997857,2,b02-o06-nano-c2,,8,False,192.654,llama3.2:1b,etri-dev0001-jetorn,ACTIVE,192.461,0163e896-e259-4501-a8f1-8e40dd20476b,Edge computing reduces latency by processing data closer,nano,12,12.0,ok,nano,1788516124.8090847,49.604,222.555,6
383.182,2,387.885,1788516125.394247,2,b02-o06-nano-c2,,8,False,194.427,llama3.2:1b,etri-dev0001-jetorn,ACTIVE,188.755,b31cb264-ee82-41c5-b61d-6dc1846b4a24,Edge computing reduces latency by processing data closer,nano,12,12.0,ok,nano,1788516125.0063655,49.355,219.309,6
384.197,2,389.388,1788516125.589261,2,b02-o06-nano-c2,,8,False,194.571,llama3.2:1b,etri-dev0001-jetorn,ACTIVE,189.625,9ba34401-f666-4cfd-bf76-44c4e33159de,Edge computing reduces latency by processing data closer,nano,12,12.0,ok,nano,1788516125.1998758,49.453,221.268,6
383.111,2,389.418,1788516125.783751,2,b02-o06-nano-c2,,8,False,194.051,llama3.2:1b,etri-dev0001-jetorn,ACTIVE,189.061,883a0f9b-4caa-4ff9-a2bd-5017ee987bc1,Edge computing reduces latency by processing data closer,nano,12,12.0,ok,nano,1788516125.394337,49.401,219.724,6
384.609,2,390.273,1788516125.9796276,2,b02-o06-nano-c2,,8,False,195.37,llama3.2:1b,etri-dev0001-jetorn,ACTIVE,189.239,03d0870b-fca1-46d8-826a-a5438d4f2e88,Edge computing reduces latency by processing data closer,nano,12,12.0,ok,nano,1788516125.5893557,48.987,220.997,6
383.647,2,388.806,1788516126.172654,2,b02-o06-nano-c2,,8,False,193.164,llama3.2:1b,etri-dev0001-jetorn,ACTIVE,190.483,a8c2f0ef-1084-4318-93db-d43e62bda600,Edge computing reduces latency by processing data closer,nano,12,12.0,ok,nano,1788516125.7838492,49.552,220.686,6
381.814,2,386.638,1788516126.3663,2,b02-o06-nano-c2,,8,False,193.08,llama3.2:1b,etri-dev0001-jetorn,ACTIVE,188.734,80fb928f-f890-4c45-99c3-1c8c00223bb0,Edge computing reduces latency by processing data closer,nano,12,12.0,ok,nano,1788516125.9796638,49.454,218.793,6
384.373,2,388.966,1788516126.561649,2,b02-o06-nano-c2,,8,False,194.805,llama3.2:1b,etri-dev0001-jetorn,ACTIVE,189.569,0e81d8d7-044c-4879-ac4c-0727d9e00f6c,Edge computing reduces latency by processing data closer,nano,12,12.0,ok,nano,1788516126.1726868,49.362,220.992,6
386.403,2,391.722,1788516126.758051,2,b02-o06-nano-c2,,8,False,196.214,llama3.2:1b,etri-dev0001-jetorn,ACTIVE,190.189,b2f11706-f0b6-45d6-af58-51bf2910f5ed,Edge computing reduces latency by processing data closer,nano,12,12.0,ok,nano,1788516126.3663332,49.127,232.729,6
385.383,2,390.361,1788516126.9520993,2,b02-o06-nano-c2,,8,False,193.747,llama3.2:1b,etri-dev0001-jetorn,ACTIVE,191.636,ad166d0d-37cb-47dc-81bf-006cb936f774,Edge computing reduces latency by processing data closer,nano,12,12.0,ok,nano,1788516126.561739,49.469,221.634,6
382.566,2,387.589,1788516127.1457293,2,b02-o06-nano-c2,,8,False,193.251,llama3.2:1b,etri-dev0001-jetorn,ACTIVE,189.315,7c2eafaa-c51f-4f53-a1c7-5a8cd5449446,Edge computing reduces latency by processing data closer,nano,12,12.0,ok,nano,1788516126.758141,49.459,219.296,6
384.614,2,389.354,1788516127.3414752,2,b02-o06-nano-c2,,8,False,195.366,llama3.2:1b,etri-dev0001-jetorn,ACTIVE,189.248,19ea68f5-a588-4ebd-b952-0596e9016c75,Edge computing reduces latency by processing data closer,nano,12,12.0,ok,nano,1788516126.9521224,49.027,220.229,6
383.565,2,388.987,1788516127.5347388,2,b02-o06-nano-c2,,8,False,193.301,llama3.2:1b,etri-dev0001-jetorn,ACTIVE,190.265,27e45015-30f7-4d02-94e1-6d28571248ee,Edge computing reduces latency by processing data closer,nano,12,12.0,ok,nano,1788516127.1457531,49.383,219.811,6
386.56,2,391.339,1788516127.7328339,2,b02-o06-nano-c2,,8,False,196.626,llama3.2:1b,etri-dev0001-jetorn,ACTIVE,189.934,327ae301-8b78-4f27-8141-5b8827eb28a8,Edge computing reduces latency by processing data closer,nano,12,12.0,ok,nano,1788516127.341499,49.204,226.551,6
386.928,2,392.436,1788516127.9271998,2,b02-o06-nano-c2,,8,False,194.585,llama3.2:1b,etri-dev0001-jetorn,ACTIVE,192.343,21d4d8c6-a7ea-429e-947d-01fb083d764d,Edge computing reduces latency by processing data closer,nano,12,12.0,ok,nano,1788516127.5347648,49.281,223.062,6
383.948,2,389.451,1788516128.1223898,2,b02-o06-nano-c2,,8,False,194.598,llama3.2:1b,etri-dev0001-jetorn,ACTIVE,189.35,aa365188-c524-4d4c-9eab-1d0942cb3c50,Edge computing reduces latency by processing data closer,nano,12,12.0,ok,nano,1788516127.7329414,49.157,219.564,6
382.873,2,388.901,1788516128.3161173,2,b02-o06-nano-c2,,8,False,193.186,llama3.2:1b,etri-dev0001-jetorn,ACTIVE,189.687,f8cc7c16-9186-49e0-b9ad-a7731f7c8163,Edge computing reduces latency by processing data closer,nano,12,12.0,ok,nano,1788516127.92722,49.531,219.357,6
383.429,2,388.164,1788516128.510607,2,b02-o06-nano-c2,,8,False,194.338,llama3.2:1b,etri-dev0001-jetorn,ACTIVE,189.091,0fcb15eb-1d4c-425f-88b4-a57bf6fac25c,Edge computing reduces latency by processing data closer,nano,12,12.0,ok,nano,1788516128.122446,49.353,220.135,6
383.748,2,389.579,1788516128.7057812,2,b02-o06-nano-c2,,8,False,194.67,llama3.2:1b,etri-dev0001-jetorn,ACTIVE,189.078,f1b53862-387e-48dd-8373-3e04ee306b45,Edge computing reduces latency by processing data closer,nano,12,12.0,ok,nano,1788516128.3162055,49.312,219.697,6
387.161,2,392.54,1788516128.9032319,2,b02-o06-nano-c2,,8,False,197.538,llama3.2:1b,etri-dev0001-jetorn,ACTIVE,189.623,49dc5b78-d7ed-4b60-bd57-79a544eb3a00,Edge computing reduces latency by processing data closer,nano,12,12.0,ok,nano,1788516128.5106955,48.783,221.879,6
373.858,2,392.725,1788516129.098604,2,b02-o06-nano-c2,,8,False,194.897,llama3.2:1b,etri-dev0001-jetorn,ACTIVE,178.961,e1292fda-e7dd-48d5-8571-1237af77b369,Edge computing reduces latency by processing data closer,nano,12,12.0,ok,nano,1788516128.705882,49.114,211.956,6
384.198,2,389.84,1788516129.2931533,2,b02-o06-nano-c2,,8,False,194.135,llama3.2:1b,etri-dev0001-jetorn,ACTIVE,190.062,40eabdb2-df9d-4b27-910d-db16b1c1998d,Edge computing reduces latency by processing data closer,nano,12,12.0,ok,nano,1788516128.9033165,49.316,220.102,6
386.827,2,391.606,1788516129.49029,2,b02-o06-nano-c2,,8,False,196.673,llama3.2:1b,etri-dev0001-jetorn,ACTIVE,190.154,b0d8daf0-9e60-47a9-b5d9-10ece5ddd418,Edge computing reduces latency by processing data closer,nano,12,12.0,ok,nano,1788516129.0986872,48.997,221.702,6
386.358,2,391.231,1788516129.6844633,2,b02-o06-nano-c2,,8,False,193.874,llama3.2:1b,etri-dev0001-jetorn,ACTIVE,192.483,c2ea8fd6-0bab-4e50-8d5a-26a00c64f85a,Edge computing reduces latency by processing data closer,nano,12,12.0,ok,nano,1788516129.2932346,49.426,222.501,6
383.994,2,389.451,1788516129.879832,2,b02-o06-nano-c2,,8,False,194.836,llama3.2:1b,etri-dev0001-jetorn,ACTIVE,189.158,cad43a00-390f-4561-b69a-3e4dc72469f2,Edge computing reduces latency by processing data closer,nano,12,12.0,ok,nano,1788516129.4903827,49.133,219.389,6
384.246,2,389.769,1788516130.074312,2,b02-o06-nano-c2,,8,False,193.462,llama3.2:1b,etri-dev0001-jetorn,ACTIVE,190.784,a1e93ba8-794a-4f1e-89c0-d5e82d86d3e7,Edge computing reduces latency by processing data closer,nano,12,12.0,ok,nano,1788516129.6845462,49.426,220.526,6
385.408,2,390.265,1788516130.2701406,2,b02-o06-nano-c2,,8,False,195.202,llama3.2:1b,etri-dev0001-jetorn,ACTIVE,190.206,1eee439b-4a0e-46ea-8b23-09a4fff775d9,Edge computing reduces latency by processing data closer,nano,12,12.0,ok,nano,1788516129.8798795,49.154,222.277,6
378.52,2,389.62,1788516130.4640112,2,b02-o06-nano-c2,,8,False,193.943,llama3.2:1b,etri-dev0001-jetorn,ACTIVE,184.577,1d3616e5-78de-4bf4-8536-afbf2827e055,Edge computing reduces latency by processing data closer,nano,12,12.0,ok,nano,1788516130.0743945,49.523,215.191,6
384.556,2,389.86,1788516130.6600869,2,b02-o06-nano-c2,,8,False,195.651,llama3.2:1b,etri-dev0001-jetorn,ACTIVE,188.905,7cda7d6d-96f1-41a3-870d-7c45be389310,Edge computing reduces latency by processing data closer,nano,12,12.0,ok,nano,1788516130.2702298,49.45,220.995,6
384.075,2,390.1,1788516130.8541932,2,b02-o06-nano-c2,,8,False,193.276,llama3.2:1b,etri-dev0001-jetorn,ACTIVE,190.799,29e88557-7bb5-4faf-ad67-0d6d69328510,Edge computing reduces latency by processing data closer,nano,12,12.0,ok,nano,1788516130.4640958,49.592,226.815,6
386.122,2,390.999,1788516131.0511718,2,b02-o06-nano-c2,,8,False,197.238,llama3.2:1b,etri-dev0001-jetorn,ACTIVE,188.884,cbe20540-81d7-49cd-b14e-2645c99f97a5,Edge computing reduces latency by processing data closer,nano,12,12.0,ok,nano,1788516130.6601763,49.313,227.255,6
384.614,2,391.466,1788516131.2457445,2,b02-o06-nano-c2,,8,False,193.713,llama3.2:1b,etri-dev0001-jetorn,ACTIVE,190.901,680a62c7-b16d-49af-b835-cd0e89c065d3,Edge computing reduces latency by processing data closer,nano,12,12.0,ok,nano,1788516130.8542814,49.52,224.32,6
384.058,2,389.825,1788516131.441076,2,b02-o06-nano-c2,,8,False,194.983,llama3.2:1b,etri-dev0001-jetorn,ACTIVE,189.075,590074c1-1705-415f-b165-8b1d5f55fded,Edge computing reduces latency by processing data closer,nano,12,12.0,ok,nano,1788516131.0512545,49.462,219.993,6
383.116,2,389.27,1788516131.635095,2,b02-o06-nano-c2,,8,False,193.593,llama3.2:1b,etri-dev0001-jetorn,ACTIVE,189.523,110bac9b-5039-40a2-b05d-54905282a78f,Edge computing reduces latency by processing data closer,nano,12,12.0,ok,nano,1788516131.2458277,49.524,232.502,6
382.729,2,387.81,1788516131.8289657,2,b02-o06-nano-c2,,8,False,194.125,llama3.2:1b,etri-dev0001-jetorn,ACTIVE,188.604,a95547b5-68cb-4b65-90f6-e61b1f9ee6b3,Edge computing reduces latency by processing data closer,nano,12,12.0,ok,nano,1788516131.4411597,49.471,219.248,6
383.142,2,388.772,1788516132.0239534,2,b02-o06-nano-c2,,8,False,194.03,llama3.2:1b,etri-dev0001-jetorn,ACTIVE,189.112,5360146c-3a00-409e-a1c4-de38e91febc7,Edge computing reduces latency by processing data closer,nano,12,12.0,ok,nano,1788516131.6351845,49.499,224.558,6
382.101,2,387.807,1788516132.2168531,2,b02-o06-nano-c2,,8,False,193.462,llama3.2:1b,etri-dev0001-jetorn,ACTIVE,188.639,e2e0b6dd-459a-47da-9dbf-a8f3086d15f0,Edge computing reduces latency by processing data closer,nano,12,12.0,ok,nano,1788516131.829047,49.442,218.665,6
382.6,2,387.136,1788516132.4111722,2,b02-o06-nano-c2,,8,False,194.157,llama3.2:1b,etri-dev0001-jetorn,ACTIVE,188.442,ac728829-08d5-45ca-a65a-5ad641b53138,Edge computing reduces latency by processing data closer,nano,12,12.0,ok,nano,1788516132.024037,49.228,218.339,6
386.381,2,390.904,1788516132.6077812,2,b02-o06-nano-c2,,8,False,195.23,llama3.2:1b,etri-dev0001-jetorn,ACTIVE,191.151,467dfc15-29e9-419c-bb7f-8e6fcb23ef7e,Edge computing reduces latency by processing data closer,nano,12,12.0,ok,nano,1788516132.2168787,49.136,222.325,6
385.675,2,390.758,1788516132.8019526,2,b02-o06-nano-c2,,8,False,194.041,llama3.2:1b,etri-dev0001-jetorn,ACTIVE,191.634,f4188bb5-aa35-4c0e-a48b-276f43ec2c6b,Edge computing reduces latency by processing data closer,nano,12,12.0,ok,nano,1788516132.4111958,49.23,221.685,6
383.988,2,389.4,1788516132.9972057,2,b02-o06-nano-c2,,8,False,194.33,llama3.2:1b,etri-dev0001-jetorn,ACTIVE,189.658,a4bf8ad0-e483-4fc2-aa71-fd6ec7cb6ed8,Edge computing reduces latency by processing data closer,nano,12,12.0,ok,nano,1788516132.6078093,49.198,219.807,6
386.399,2,390.66,1788516133.1926312,2,b02-o06-nano-c2,,8,False,195.611,llama3.2:1b,etri-dev0001-jetorn,ACTIVE,190.788,9db3c85e-cf1c-4665-a130-8e3e5b07e2d0,Edge computing reduces latency by processing data closer,nano,12,12.0,ok,nano,1788516132.8019753,49.159,221.907,6
388.452,2,393.748,1788516133.3910344,2,b02-o06-nano-c2,,8,False,197.679,llama3.2:1b,etri-dev0001-jetorn,ACTIVE,190.773,8ac29afd-f74f-40b3-9ecc-b31f249ec333,Edge computing reduces latency by processing data closer,nano,12,12.0,ok,nano,1788516132.9972892,48.919,223.358,6
385.856,2,392.601,1788516133.5853114,2,b02-o06-nano-c2,,8,False,194.299,llama3.2:1b,etri-dev0001-jetorn,ACTIVE,191.557,541360c8-41f1-4629-936a-c07c48aeedcb,Edge computing reduces latency by processing data closer,nano,12,12.0,ok,nano,1788516133.1927142,49.431,222.634,6
384.518,2,389.775,1788516133.7808874,2,b02-o06-nano-c2,,8,False,195.28,llama3.2:1b,etri-dev0001-jetorn,ACTIVE,189.238,71a2d039-ea06-4399-92de-502c7123d72b,Edge computing reduces latency by processing data closer,nano,12,12.0,ok,nano,1788516133.391115,49.09,219.829,6
279.556,3,289.57,1788516137.0892677,1,b03-o01-nano-c1,,8,False,279.531,llama3.2:1b,etri-dev0001-jetorn,ACTIVE,0.024,0a18b9fc-b1e3-4ac9-a41b-a972bf6fcaf8,Edge computing reduces latency by processing data closer,nano,13,12.0,ok,nano,1788516136.7997022,38.668,70.53,1
252.867,3,258.868,1788516137.3482387,1,b03-o01-nano-c1,,8,False,252.851,llama3.2:1b,etri-dev0001-jetorn,ACTIVE,0.015,79734b72-684c-47bf-a9b1-236537e715d5,Edge computing reduces latency by processing data closer,nano,13,12.0,ok,nano,1788516137.089375,37.511,38.18,1
210.092,3,216.265,1788516137.5645998,1,b03-o01-nano-c1,,8,False,210.076,llama3.2:1b,etri-dev0001-jetorn,ACTIVE,0.016,16583c95-530a-4110-bb93-b64e6e140cb7,Edge computing reduces latency by processing data closer,nano,13,12.0,ok,nano,1788516137.3483386,46.568,36.167,1
196.642,3,202.657,1788516137.7673423,1,b03-o01-nano-c1,,8,False,196.629,llama3.2:1b,etri-dev0001-jetorn,ACTIVE,0.013,4acd70f6-f59e-4d75-b367-4f515e6048a6,Edge computing reduces latency by processing data closer,nano,13,12.0,ok,nano,1788516137.5646887,48.731,33.664,1
193.733,3,198.86,1788516137.966285,1,b03-o01-nano-c1,,8,False,193.719,llama3.2:1b,etri-dev0001-jetorn,ACTIVE,0.015,42979979-d448-401e-8002-9c818b34ba13,Edge computing reduces latency by processing data closer,nano,13,12.0,ok,nano,1788516137.767426,49.024,28.913,1
194.363,3,198.372,1788516138.1646903,1,b03-o01-nano-c1,,8,False,194.353,llama3.2:1b,etri-dev0001-jetorn,ACTIVE,0.01,73f08028-4bf4-4e15-808a-118a176673bc,Edge computing reduces latency by processing data closer,nano,13,12.0,ok,nano,1788516137.9663196,49.202,30.482,1
194.468,3,198.884,1788516138.363597,1,b03-o01-nano-c1,,8,False,194.458,llama3.2:1b,etri-dev0001-jetorn,ACTIVE,0.011,70cf372a-9379-40db-934f-6853ce26440e,Edge computing reduces latency by processing data closer,nano,13,12.0,ok,nano,1788516138.1647148,49.248,30.405,1
194.584,3,199.58,1788516138.5632129,1,b03-o01-nano-c1,,8,False,194.573,llama3.2:1b,etri-dev0001-jetorn,ACTIVE,0.011,bed3d3dc-53cc-4206-a8d4-20a79558cad8,Edge computing reduces latency by processing data closer,nano,13,12.0,ok,nano,1788516138.3636363,49.085,30.35,1
192.634,3,198.173,1788516138.7614558,1,b03-o01-nano-c1,,8,False,192.623,llama3.2:1b,etri-dev0001-jetorn,ACTIVE,0.012,09ec84a3-b975-48ee-9183-c06a65e7be53,Edge computing reduces latency by processing data closer,nano,13,12.0,ok,nano,1788516138.5633218,49.436,29.125,1
193.578,3,198.507,1788516138.9600813,1,b03-o01-nano-c1,,8,False,193.566,llama3.2:1b,etri-dev0001-jetorn,ACTIVE,0.011,1235ec56-ac86-41c0-b641-8cefbbeeb6ed,Edge computing reduces latency by processing data closer,nano,13,12.0,ok,nano,1788516138.7615786,49.339,30.167,1
193.408,3,197.982,1788516139.1581535,1,b03-o01-nano-c1,,8,False,193.398,llama3.2:1b,etri-dev0001-jetorn,ACTIVE,0.01,bbd131ff-c9e8-470e-8bb8-987bb5810371,Edge computing reduces latency by processing data closer,nano,13,12.0,ok,nano,1788516138.9601717,49.447,29.868,1
192.29,3,197.216,1788516139.355388,1,b03-o01-nano-c1,,8,False,192.277,llama3.2:1b,etri-dev0001-jetorn,ACTIVE,0.013,c60c58d3-fbda-4016-ba5b-94522ba641b6,Edge computing reduces latency by processing data closer,nano,13,12.0,ok,nano,1788516139.1581774,49.522,29.274,1
194.08,3,199.284,1788516139.5547535,1,b03-o01-nano-c1,,8,False,194.068,llama3.2:1b,etri-dev0001-jetorn,ACTIVE,0.011,9206e2dc-d155-4e4e-9481-e234c52dbcd3,Edge computing reduces latency by processing data closer,nano,13,12.0,ok,nano,1788516139.3554723,49.078,29.695,1
194.054,3,199.405,1788516139.754237,1,b03-o01-nano-c1,,8,False,194.04,llama3.2:1b,etri-dev0001-jetorn,ACTIVE,0.014,3bec574c-c9d6-4d18-8440-49d5bcfac134,Edge computing reduces latency by processing data closer,nano,13,12.0,ok,nano,1788516139.554835,49.085,29.473,1
192.835,3,198.302,1788516139.9526737,1,b03-o01-nano-c1,,8,False,192.822,llama3.2:1b,etri-dev0001-jetorn,ACTIVE,0.013,df6c3db9-1274-4c5e-9540-291e7aea3e5f,Edge computing reduces latency by processing data closer,nano,13,12.0,ok,nano,1788516139.7543745,49.367,29.209,1
193.737,3,199.054,1788516140.1518254,1,b03-o01-nano-c1,,8,False,193.724,llama3.2:1b,etri-dev0001-jetorn,ACTIVE,0.013,8c77122c-4452-4aac-9f24-04a29f742086,Edge computing reduces latency by processing data closer,nano,13,12.0,ok,nano,1788516139.952775,49.279,29.893,1
193.636,3,198.872,1788516140.3507764,1,b03-o01-nano-c1,,8,False,193.624,llama3.2:1b,etri-dev0001-jetorn,ACTIVE,0.011,9ca6fdf2-5b56-4562-a968-2e5c7eaaa401,Edge computing reduces latency by processing data closer,nano,13,12.0,ok,nano,1788516140.151908,49.328,29.976,1
193.11,3,198.032,1788516140.548888,1,b03-o01-nano-c1,,8,False,193.099,llama3.2:1b,etri-dev0001-jetorn,ACTIVE,0.012,1df49534-f66c-4768-8214-e4c9cc8334e5,Edge computing reduces latency by processing data closer,nano,13,12.0,ok,nano,1788516140.3508594,49.374,29.453,1
193.072,3,198.333,1788516140.74733,1,b03-o01-nano-c1,,8,False,193.059,llama3.2:1b,etri-dev0001-jetorn,ACTIVE,0.013,dd08ac5e-44e3-411e-ae6a-40e64df1ecb8,Edge computing reduces latency by processing data closer,nano,13,12.0,ok,nano,1788516140.549,49.467,29.472,1
192.299,3,197.119,1788516140.9445279,1,b03-o01-nano-c1,,8,False,192.288,llama3.2:1b,etri-dev0001-jetorn,ACTIVE,0.011,c47933d0-8c64-427f-a41b-8cf8f0ec2161,Edge computing reduces latency by processing data closer,nano,13,12.0,ok,nano,1788516140.7474117,49.483,28.769,1
193.225,3,197.939,1788516141.1425474,1,b03-o01-nano-c1,,8,False,193.213,llama3.2:1b,etri-dev0001-jetorn,ACTIVE,0.012,341305b5-e75a-464e-b299-d800bb7ca0c1,Edge computing reduces latency by processing data closer,nano,13,12.0,ok,nano,1788516140.944612,49.398,30.189,1
192.95,3,198.098,1788516141.3407252,1,b03-o01-nano-c1,,8,False,192.937,llama3.2:1b,etri-dev0001-jetorn,ACTIVE,0.012,f1aac0cc-9d83-47e2-ac34-7c72b18e69a3,Edge computing reduces latency by processing data closer,nano,13,12.0,ok,nano,1788516141.1426303,49.318,29.037,1
193.345,3,198.508,1788516141.5393524,1,b03-o01-nano-c1,,8,False,193.333,llama3.2:1b,etri-dev0001-jetorn,ACTIVE,0.012,db9e4c15-6303-40bf-b084-11f5629a424d,Edge computing reduces latency by processing data closer,nano,13,12.0,ok,nano,1788516141.3408477,49.425,29.688,1
193.781,3,198.956,1788516141.7384334,1,b03-o01-nano-c1,,8,False,193.769,llama3.2:1b,etri-dev0001-jetorn,ACTIVE,0.012,a634ee11-e6b3-4e19-be7d-352042c22411,Edge computing reduces latency by processing data closer,nano,13,12.0,ok,nano,1788516141.5394812,49.201,29.542,1
194.477,3,199.392,1788516141.9379106,1,b03-o01-nano-c1,,8,False,194.465,llama3.2:1b,etri-dev0001-jetorn,ACTIVE,0.012,6d80d2cb-b004-43a7-9e30-0a31ee89b5ec,Edge computing reduces latency by processing data closer,nano,13,12.0,ok,nano,1788516141.7385197,49.136,30.587,1
194.38,3,198.315,1788516142.1362517,1,b03-o01-nano-c1,,8,False,194.368,llama3.2:1b,etri-dev0001-jetorn,ACTIVE,0.011,3454e67f-15d0-4aca-aa09-cfc7219274c4,Edge computing reduces latency by processing data closer,nano,13,12.0,ok,nano,1788516141.937938,49.361,29.512,1
193.935,3,198.978,1788516142.335274,1,b03-o01-nano-c1,,8,False,193.923,llama3.2:1b,etri-dev0001-jetorn,ACTIVE,0.012,2e078aac-020a-4468-b89f-bace6191fc70,Edge computing reduces latency by processing data closer,nano,13,12.0,ok,nano,1788516142.1362998,49.418,30.331,1
193.353,3,199.065,1788516142.5344255,1,b03-o01-nano-c1,,8,False,193.34,llama3.2:1b,etri-dev0001-jetorn,ACTIVE,0.013,ff4562c3-6696-497e-987a-92df0afec2e6,Edge computing reduces latency by processing data closer,nano,13,12.0,ok,nano,1788516142.3353634,49.453,29.9,1
193.558,3,198.784,1788516142.7332978,1,b03-o01-nano-c1,,8,False,193.547,llama3.2:1b,etri-dev0001-jetorn,ACTIVE,0.011,b67651d0-9425-4718-a9de-47857c534105,Edge computing reduces latency by processing data closer,nano,13,12.0,ok,nano,1788516142.5345147,49.371,30.026,1
194.097,3,198.518,1788516142.931838,1,b03-o01-nano-c1,,8,False,194.085,llama3.2:1b,etri-dev0001-jetorn,ACTIVE,0.013,1affe354-1808-45f3-aa65-a9acf566196c,Edge computing reduces latency by processing data closer,nano,13,12.0,ok,nano,1788516142.7333212,49.144,29.708,1
193.796,3,198.273,1788516143.1301339,1,b03-o01-nano-c1,,8,False,193.783,llama3.2:1b,etri-dev0001-jetorn,ACTIVE,0.013,1f091918-b130-426c-bd3f-2192cb8791bd,Edge computing reduces latency by processing data closer,nano,13,12.0,ok,nano,1788516142.9318612,49.302,29.878,1
194.726,3,199.347,1788516143.329501,1,b03-o01-nano-c1,,8,False,194.714,llama3.2:1b,etri-dev0001-jetorn,ACTIVE,0.012,a5e3b1ec-cf67-4abd-ab00-4310c6febbac,Edge computing reduces latency by processing data closer,nano,13,12.0,ok,nano,1788516143.1301582,48.721,28.726,1
195.26,3,200.569,1788516143.5302022,1,b03-o01-nano-c1,,8,False,195.249,llama3.2:1b,etri-dev0001-jetorn,ACTIVE,0.012,e6ab5851-19ab-45b7-a243-1d26456a722a,Edge computing reduces latency by processing data closer,nano,13,12.0,ok,nano,1788516143.3296368,49.257,31.11,1
193.275,3,198.311,1788516143.7286103,1,b03-o01-nano-c1,,8,False,193.264,llama3.2:1b,etri-dev0001-jetorn,ACTIVE,0.011,ac306dcd-82cf-408f-8d4a-fc0329104dc9,Edge computing reduces latency by processing data closer,nano,13,12.0,ok,nano,1788516143.530301,49.454,29.489,1
193.262,3,197.506,1788516143.926159,1,b03-o01-nano-c1,,8,False,193.25,llama3.2:1b,etri-dev0001-jetorn,ACTIVE,0.012,ea13db35-3687-4867-9f66-7d106b87402f,Edge computing reduces latency by processing data closer,nano,13,12.0,ok,nano,1788516143.7286537,49.365,29.552,1
192.989,3,197.404,1788516144.1235855,1,b03-o01-nano-c1,,8,False,192.976,llama3.2:1b,etri-dev0001-jetorn,ACTIVE,0.013,4d0f20a8-b9d4-4960-b503-bca46034ba27,Edge computing reduces latency by processing data closer,nano,13,12.0,ok,nano,1788516143.9261832,49.37,29.169,1
193.86,3,198.407,1788516144.32203,1,b03-o01-nano-c1,,8,False,193.849,llama3.2:1b,etri-dev0001-jetorn,ACTIVE,0.012,3907c0e5-e1b8-43f3-b535-3a82fb79f2ba,Edge computing reduces latency by processing data closer,nano,13,12.0,ok,nano,1788516144.123624,49.187,29.922,1
192.782,3,197.334,1788516144.5193894,1,b03-o01-nano-c1,,8,False,192.77,llama3.2:1b,etri-dev0001-jetorn,ACTIVE,0.012,dc16b8a3-5d5e-4c9b-bf22-bd8fbe119f92,Edge computing reduces latency by processing data closer,nano,13,12.0,ok,nano,1788516144.3220592,49.332,29.391,1
192.783,3,197.853,1788516144.7173655,1,b03-o01-nano-c1,,8,False,192.771,llama3.2:1b,etri-dev0001-jetorn,ACTIVE,0.012,aa76d2af-cac0-440b-9024-0fafa6eaea19,Edge computing reduces latency by processing data closer,nano,13,12.0,ok,nano,1788516144.519516,49.381,29.427,1
193.697,3,198.965,1788516144.9164283,1,b03-o01-nano-c1,,8,False,193.686,llama3.2:1b,etri-dev0001-jetorn,ACTIVE,0.011,d7a7c60d-349f-456b-89b8-fc122b4ffa7c,Edge computing reduces latency by processing data closer,nano,13,12.0,ok,nano,1788516144.7174659,49.278,29.838,1
193.251,3,198.312,1788516145.1148248,1,b03-o01-nano-c1,,8,False,193.239,llama3.2:1b,etri-dev0001-jetorn,ACTIVE,0.011,486b5420-ea65-4e44-9dc3-67fb6c8c7ea6,Edge computing reduces latency by processing data closer,nano,13,12.0,ok,nano,1788516144.9165154,49.392,32.264,1
193.076,3,198.483,1788516145.3133972,1,b03-o01-nano-c1,,8,False,193.065,llama3.2:1b,etri-dev0001-jetorn,ACTIVE,0.011,3cc8d2cb-505b-4376-b0d1-ab0bd294af71,Edge computing reduces latency by processing data closer,nano,13,12.0,ok,nano,1788516145.1149173,49.166,28.761,1
203.029,3,208.013,1788516145.5214875,1,b03-o01-nano-c1,,8,False,203.017,llama3.2:1b,etri-dev0001-jetorn,ACTIVE,0.012,13f67f00-e67b-4143-99c1-5f2ff308fdad,Edge computing reduces latency by processing data closer,nano,13,12.0,ok,nano,1788516145.313477,46.437,33.13,1
192.59,3,197.983,1788516145.7195482,1,b03-o01-nano-c1,,8,False,192.579,llama3.2:1b,etri-dev0001-jetorn,ACTIVE,0.011,94127c22-d3be-4555-b74a-5e8e0aa9daba,Edge computing reduces latency by processing data closer,nano,13,12.0,ok,nano,1788516145.5215685,49.41,28.868,1
192.593,3,197.157,1788516145.916794,1,b03-o01-nano-c1,,8,False,192.581,llama3.2:1b,etri-dev0001-jetorn,ACTIVE,0.012,54795b8f-7023-4dfa-8935-82fe4f1dcb74,Edge computing reduces latency by processing data closer,nano,13,12.0,ok,nano,1788516145.7196374,49.444,29.434,1
192.303,3,196.643,1788516146.11346,1,b03-o01-nano-c1,,8,False,192.291,llama3.2:1b,etri-dev0001-jetorn,ACTIVE,0.011,c4fa4488-a7b6-4e05-848d-6208d53564da,Edge computing reduces latency by processing data closer,nano,13,12.0,ok,nano,1788516145.9168177,49.346,28.741,1
192.646,3,197.2,1788516146.3106816,1,b03-o01-nano-c1,,8,False,192.635,llama3.2:1b,etri-dev0001-jetorn,ACTIVE,0.011,49d5e07b-2071-4d3e-9f40-b221c89856f5,Edge computing reduces latency by processing data closer,nano,13,12.0,ok,nano,1788516146.1134846,49.282,28.44,1
192.221,3,197.512,1788516146.5082796,1,b03-o01-nano-c1,,8,False,192.192,llama3.2:1b,etri-dev0001-jetorn,ACTIVE,0.029,ad4da33a-bb03-466a-a096-3cb97ac87f5c,Edge computing reduces latency by processing data closer,nano,13,12.0,ok,nano,1788516146.3107703,49.326,28.768,1
193.331,3,198.015,1788516146.7063696,1,b03-o01-nano-c1,,8,False,193.318,llama3.2:1b,etri-dev0001-jetorn,ACTIVE,0.012,e49bf617-2072-41e6-ba7e-69116bfba6dd,Edge computing reduces latency by processing data closer,nano,13,12.0,ok,nano,1788516146.5083575,49.174,31.495,1
192.773,3,197.996,1788516146.904452,1,b03-o01-nano-c1,,8,False,192.762,llama3.2:1b,etri-dev0001-jetorn,ACTIVE,0.012,854f1d25-8d8f-4664-a9cd-a721cc615833,Edge computing reduces latency by processing data closer,nano,13,12.0,ok,nano,1788516146.7064593,49.371,29.068,1
191.757,3,196.223,1788516147.1007593,1,b03-o01-nano-c1,,8,False,191.745,llama3.2:1b,etri-dev0001-jetorn,ACTIVE,0.012,4e583983-8efa-4a37-83ee-2f53b001857a,Edge computing reduces latency by processing data closer,nano,13,12.0,ok,nano,1788516146.9045367,49.522,28.627,1
192.413,3,197.012,1788516147.2977917,1,b03-o01-nano-c1,,8,False,192.402,llama3.2:1b,etri-dev0001-jetorn,ACTIVE,0.011,266d179b-1895-4828-885a-6f4fb71c20f8,Edge computing reduces latency by processing data closer,nano,13,12.0,ok,nano,1788516147.1007838,49.467,29.198,1
192.436,3,198.144,1788516147.4960604,1,b03-o01-nano-c1,,8,False,192.424,llama3.2:1b,etri-dev0001-jetorn,ACTIVE,0.012,3e807eb5-97c5-44fb-94bd-897e063d66b7,Edge computing reduces latency by processing data closer,nano,13,12.0,ok,nano,1788516147.2979198,49.447,32.782,1
195.151,3,200.58,1788516147.696727,1,b03-o01-nano-c1,,8,False,195.139,llama3.2:1b,etri-dev0001-jetorn,ACTIVE,0.012,904fd5b9-da84-477c-af69-0da46e803068,Edge computing reduces latency by processing data closer,nano,13,12.0,ok,nano,1788516147.4961507,49.442,31.55,1
194.924,3,199.715,1788516147.8965318,1,b03-o01-nano-c1,,8,False,194.911,llama3.2:1b,etri-dev0001-jetorn,ACTIVE,0.013,f32d53f8-dbdf-4abd-9abd-5322a3b10c4f,Edge computing reduces latency by processing data closer,nano,13,12.0,ok,nano,1788516147.696817,48.753,29.459,1
196.783,3,200.657,1788516148.0972111,1,b03-o01-nano-c1,,8,False,196.771,llama3.2:1b,etri-dev0001-jetorn,ACTIVE,0.012,bfcf9c6c-d86f-4800-a180-852fb1f9f576,Edge computing reduces latency by processing data closer,nano,13,12.0,ok,nano,1788516147.8965557,49.128,32.123,1
193.723,3,198.371,1788516148.2956054,1,b03-o01-nano-c1,,8,False,193.711,llama3.2:1b,etri-dev0001-jetorn,ACTIVE,0.011,9ec51011-7880-4ab0-a494-f9a4786ba865,Edge computing reduces latency by processing data closer,nano,13,12.0,ok,nano,1788516148.097238,49.349,29.98,1
193.17,3,198.793,1788516148.4944856,1,b03-o01-nano-c1,,8,False,193.159,llama3.2:1b,etri-dev0001-jetorn,ACTIVE,0.011,59af18c4-ddb2-429a-8be5-ad93baf76dfc,Edge computing reduces latency by processing data closer,nano,13,12.0,ok,nano,1788516148.2956972,49.305,29.236,1
192.761,3,198.028,1788516148.6926112,1,b03-o01-nano-c1,,8,False,192.748,llama3.2:1b,etri-dev0001-jetorn,ACTIVE,0.013,1e5efa01-5d7f-4603-a9b7-b2d66299e67e,Edge computing reduces latency by processing data closer,nano,13,12.0,ok,nano,1788516148.4945881,49.399,29.43,1
193.408,3,198.365,1788516148.891074,1,b03-o01-nano-c1,,8,False,193.396,llama3.2:1b,etri-dev0001-jetorn,ACTIVE,0.012,1fb0d6bd-b7b3-4a2e-afec-02b9c0bfe3b6,Edge computing reduces latency by processing data closer,nano,13,12.0,ok,nano,1788516148.6927137,49.47,29.905,1
288.192,3,299.221,1788516152.2243433,2,b03-o02-nano-c2,,8,False,288.17,llama3.2:1b,etri-dev0001-jetorn,ACTIVE,0.022,675386ad-1a44-4c86-b925-cb16e1758c55,Edge computing reduces latency by processing data closer,nano,14,12.0,ok,nano,1788516151.925128,38.71,79.132,2
531.962,3,544.286,1788516152.469606,2,b03-o02-nano-c2,,8,False,244.3,llama3.2:1b,etri-dev0001-jetorn,ACTIVE,287.662,b19bf1ac-7a5b-41e7-ac5d-ec709644e086,Edge computing reduces latency by processing data closer,nano,14,12.0,ok,nano,1788516151.9253237,39.027,325.732,2
443.466,3,449.662,1788516152.6741138,2,b03-o02-nano-c2,,8,False,204.8,llama3.2:1b,etri-dev0001-jetorn,ACTIVE,238.666,60a8f0e2-de84-4e84-b442-5c1045cde982,Edge computing reduces latency by processing data closer,nano,14,12.0,ok,nano,1788516152.224457,47.967,275.237,2
393.496,3,399.042,1788516152.8687353,2,b03-o02-nano-c2,,8,False,194.236,llama3.2:1b,etri-dev0001-jetorn,ACTIVE,199.26,bf32cfcb-0d4d-4c9f-8b06-0dac8a1a6fbe,Edge computing reduces latency by processing data closer,nano,14,12.0,ok,nano,1788516152.4696965,49.495,230.551,2
383.916,3,390.326,1788516153.0645473,2,b03-o02-nano-c2,,8,False,194.804,llama3.2:1b,etri-dev0001-jetorn,ACTIVE,189.112,fa654a19-063f-417a-9824-7a97a18c871e,Edge computing reduces latency by processing data closer,nano,14,12.0,ok,nano,1788516152.6742265,49.158,219.899,2
385.892,3,391.675,1788516153.2605004,2,b03-o02-nano-c2,,8,False,195.992,llama3.2:1b,etri-dev0001-jetorn,ACTIVE,189.9,7a69d087-6f5c-450d-923f-a08cbdde18cb,Edge computing reduces latency by processing data closer,nano,14,12.0,ok,nano,1788516152.8688295,49.26,221.74,2
385.115,3,391.727,1788516153.4563892,2,b03-o02-nano-c2,,8,False,195.103,llama3.2:1b,etri-dev0001-jetorn,ACTIVE,190.012,848318a8-a684-49df-89ed-2741d6f12bb1,Edge computing reduces latency by processing data closer,nano,14,12.0,ok,nano,1788516153.0646675,49.197,226.163,2
389.087,3,394.369,1788516153.6549234,2,b03-o02-nano-c2,,8,False,198.953,llama3.2:1b,etri-dev0001-jetorn,ACTIVE,190.134,afdfcff2-abe7-4070-9340-dc8dffb487c7,Edge computing reduces latency by processing data closer,nano,14,12.0,ok,nano,1788516153.2605934,48.256,221.054,2
388.829,3,394.023,1788516153.8505177,2,b03-o02-nano-c2,,8,False,195.023,llama3.2:1b,etri-dev0001-jetorn,ACTIVE,193.806,d56b229b-f24e-4742-927d-c01265e2586a,Edge computing reduces latency by processing data closer,nano,14,12.0,ok,nano,1788516153.4565,49.205,224.225,2
385.225,3,390.733,1788516154.045774,2,b03-o02-nano-c2,,8,False,194.926,llama3.2:1b,etri-dev0001-jetorn,ACTIVE,190.298,92419413-9593-48a2-92a2-a95310c65627,Edge computing reduces latency by processing data closer,nano,14,12.0,ok,nano,1788516153.6550443,49.595,221.682,2
385.056,3,390.198,1788516154.2408285,2,b03-o02-nano-c2,,8,False,194.732,llama3.2:1b,etri-dev0001-jetorn,ACTIVE,190.324,a28b162e-f3e1-457e-aab4-b2966d498090,Edge computing reduces latency by processing data closer,nano,14,12.0,ok,nano,1788516153.850634,49.354,220.748,2
388.208,3,393.272,1788516154.4391365,2,b03-o02-nano-c2,,8,False,197.697,llama3.2:1b,etri-dev0001-jetorn,ACTIVE,190.511,28222186-e93a-4c6a-88a2-6732d5ddd14d,Edge computing reduces latency by processing data closer,nano,14,12.0,ok,nano,1788516154.0458677,49.294,224.368,2
386.949,3,393.266,1788516154.63418,2,b03-o02-nano-c2,,8,False,194.663,llama3.2:1b,etri-dev0001-jetorn,ACTIVE,192.286,4df60bcb-0e92-49fd-a2dc-de722f499eec,Edge computing reduces latency by processing data closer,nano,14,12.0,ok,nano,1788516154.2409167,49.231,223.22,2
383.705,3,389.783,1788516154.829004,2,b03-o02-nano-c2,,8,False,194.03,llama3.2:1b,etri-dev0001-jetorn,ACTIVE,189.675,4eebfb43-0837-4af0-9b1e-ce3c8b2aeec5,Edge computing reduces latency by processing data closer,nano,14,12.0,ok,nano,1788516154.439224,49.254,219.688,2
383.524,3,389.051,1788516155.0233095,2,b03-o02-nano-c2,,8,False,193.896,llama3.2:1b,etri-dev0001-jetorn,ACTIVE,189.627,8906fd7c-2bf5-42bc-9f38-2ffcc2968511,Edge computing reduces latency by processing data closer,nano,14,12.0,ok,nano,1788516154.634262,49.551,220.534,2
382.983,3,388.05,1788516155.2171326,2,b03-o02-nano-c2,,8,False,194.116,llama3.2:1b,etri-dev0001-jetorn,ACTIVE,188.867,97eb69b5-ed30-4e80-903f-44137d76c474,Edge computing reduces latency by processing data closer,nano,14,12.0,ok,nano,1788516154.8290863,49.4,219.617,2
384.748,3,389.806,1788516155.4131968,2,b03-o02-nano-c2,,8,False,195.275,llama3.2:1b,etri-dev0001-jetorn,ACTIVE,189.473,dc7ea91c-b9ad-4a61-8436-57a8c52a3b1a,Edge computing reduces latency by processing data closer,nano,14,12.0,ok,nano,1788516155.0233939,49.244,224.763,2
384.485,3,389.819,1788516155.6070395,2,b03-o02-nano-c2,,8,False,193.571,llama3.2:1b,etri-dev0001-jetorn,ACTIVE,190.914,84c979af-ebb5-4143-9942-e3b9bb00622c,Edge computing reduces latency by processing data closer,nano,14,12.0,ok,nano,1788516155.2172234,49.533,221.538,2
382.798,3,388.572,1788516155.8018503,2,b03-o02-nano-c2,,8,False,194.425,llama3.2:1b,etri-dev0001-jetorn,ACTIVE,188.373,4829d71a-48b7-4cbd-a705-da8e7e354be8,Edge computing reduces latency by processing data closer,nano,14,12.0,ok,nano,1788516155.4132817,49.428,222.291,2
382.576,3,388.438,1788516155.9955564,2,b03-o02-nano-c2,,8,False,193.391,llama3.2:1b,etri-dev0001-jetorn,ACTIVE,189.184,84fd2a71-86e5-401e-bc20-21551b89af0c,Edge computing reduces latency by processing data closer,nano,14,12.0,ok,nano,1788516155.6071215,49.539,219.249,2
383.001,3,387.705,1788516156.1896648,2,b03-o02-nano-c2,,8,False,194.248,llama3.2:1b,etri-dev0001-jetorn,ACTIVE,188.753,de290bd0-6d2b-479e-a6f6-985c99e95b69,Edge computing reduces latency by processing data closer,nano,14,12.0,ok,nano,1788516155.8019605,49.329,219.38,2
383.744,3,388.741,1788516156.3843794,2,b03-o02-nano-c2,,8,False,194.474,llama3.2:1b,etri-dev0001-jetorn,ACTIVE,189.271,966fb942-2551-4d5c-81e9-4feb6535dc28,Edge computing reduces latency by processing data closer,nano,14,12.0,ok,nano,1788516155.9956403,49.222,219.685,2
383.509,3,389.078,1788516156.5787704,2,b03-o02-nano-c2,,8,False,193.459,llama3.2:1b,etri-dev0001-jetorn,ACTIVE,190.05,b4b56f3f-6f36-44ce-ab0b-75e3b632d4a3,Edge computing reduces latency by processing data closer,nano,14,12.0,ok,nano,1788516156.189696,49.438,219.789,2
384.543,3,389.015,1788516156.773431,2,b03-o02-nano-c2,,8,False,194.666,llama3.2:1b,etri-dev0001-jetorn,ACTIVE,189.877,451f9eaa-52b8-44a9-928a-bb61cb437609,Edge computing reduces latency by processing data closer,nano,14,12.0,ok,nano,1788516156.38442,49.455,220.953,2
383.184,3,388.576,1788516156.9674296,2,b03-o02-nano-c2,,8,False,193.286,llama3.2:1b,etri-dev0001-jetorn,ACTIVE,189.898,33ee0e2b-73b0-4098-8493-2eb7aee3d8ed,Edge computing reduces latency by processing data closer,nano,14,12.0,ok,nano,1788516156.5788565,49.476,232.809,2
385.568,3,390.804,1788516157.1643212,2,b03-o02-nano-c2,,8,False,196.879,llama3.2:1b,etri-dev0001-jetorn,ACTIVE,188.689,022e4e25-4f45-4503-9e68-fc0c1d0d68af,Edge computing reduces latency by processing data closer,nano,14,12.0,ok,nano,1788516156.7735205,48.689,219.638,2
386.275,3,391.288,1788516157.3587976,2,b03-o02-nano-c2,,8,False,194.069,llama3.2:1b,etri-dev0001-jetorn,ACTIVE,192.206,e785570a-0cf0-4371-974a-c93e22cfce95,Edge computing reduces latency by processing data closer,nano,14,12.0,ok,nano,1788516156.9675136,49.292,232.218,2
384.595,3,389.78,1788516157.5541823,2,b03-o02-nano-c2,,8,False,194.926,llama3.2:1b,etri-dev0001-jetorn,ACTIVE,189.668,aa07aeab-1d50-4a62-a725-05f13093d3cb,Edge computing reduces latency by processing data closer,nano,14,12.0,ok,nano,1788516157.1644058,48.935,219.967,2
384.021,3,388.787,1788516157.7476742,2,b03-o02-nano-c2,,8,False,193.173,llama3.2:1b,etri-dev0001-jetorn,ACTIVE,190.849,b0d8131d-66a6-4360-a0da-74d41768a542,Edge computing reduces latency by processing data closer,nano,14,12.0,ok,nano,1788516157.358891,49.288,224.914,2
383.309,3,388.004,1788516157.9422667,2,b03-o02-nano-c2,,8,False,194.362,llama3.2:1b,etri-dev0001-jetorn,ACTIVE,188.947,66a629d3-2b75-42c8-b6cf-9d06ea13e77d,Edge computing reduces latency by processing data closer,nano,14,12.0,ok,nano,1788516157.554264,49.53,220.344,2
391.317,3,397.69,1788516158.1454496,2,b03-o02-nano-c2,,8,False,202.283,llama3.2:1b,etri-dev0001-jetorn,ACTIVE,189.034,9b1f0665-7249-433c-88c2-d62ea9e9a707,Edge computing reduces latency by processing data closer,nano,14,12.0,ok,nano,1788516157.7477627,47.849,222.464,2
391.795,3,396.511,1788516158.3388054,2,b03-o02-nano-c2,,8,False,193.479,llama3.2:1b,etri-dev0001-jetorn,ACTIVE,198.316,9c4aa75c-253c-4d8c-9125-245c707a0501,Edge computing reduces latency by processing data closer,nano,14,12.0,ok,nano,1788516157.9422956,49.425,228.752,2
380.478,3,385.917,1788516158.5314865,2,b03-o02-nano-c2,,8,False,192.629,llama3.2:1b,etri-dev0001-jetorn,ACTIVE,187.849,507f50be-fb9b-42e1-8aa9-d4cb3e63bb70,Edge computing reduces latency by processing data closer,nano,14,12.0,ok,nano,1788516158.1455715,49.387,216.518,2
383.589,3,388.14,1788516158.72697,2,b03-o02-nano-c2,,8,False,194.42,llama3.2:1b,etri-dev0001-jetorn,ACTIVE,189.169,4f8363bc-a91f-40e6-bd6a-95432e033515,Edge computing reduces latency by processing data closer,nano,14,12.0,ok,nano,1788516158.3388321,49.225,219.324,2
384.539,3,389.899,1788516158.9214137,2,b03-o02-nano-c2,,8,False,194.286,llama3.2:1b,etri-dev0001-jetorn,ACTIVE,190.253,5fc5b9d7-d673-4ea0-bfaa-a744c0b8cead,Edge computing reduces latency by processing data closer,nano,14,12.0,ok,nano,1788516158.5315154,49.395,220.768,2
385.018,3,389.698,1788516159.1167104,2,b03-o02-nano-c2,,8,False,195.084,llama3.2:1b,etri-dev0001-jetorn,ACTIVE,189.934,f6373aad-8525-4e65-b89f-cb5c3d254a97,Edge computing reduces latency by processing data closer,nano,14,12.0,ok,nano,1788516158.7270138,48.979,220.179,2
388.7,3,393.78,1788516159.3152142,2,b03-o02-nano-c2,,8,False,197.992,llama3.2:1b,etri-dev0001-jetorn,ACTIVE,190.709,3c55fdef-c5ec-4773-b8bf-c646606ae466,Edge computing reduces latency by processing data closer,nano,14,12.0,ok,nano,1788516158.9214377,48.31,221.656,2
388.678,3,393.012,1788516159.5097451,2,b03-o02-nano-c2,,8,False,194.294,llama3.2:1b,etri-dev0001-jetorn,ACTIVE,194.385,50ff91cb-f883-4de9-b35e-7aa0f012768c,Edge computing reduces latency by processing data closer,nano,14,12.0,ok,nano,1788516159.1167362,49.433,225.642,2
382.102,3,387.51,1788516159.7028084,2,b03-o02-nano-c2,,8,False,192.591,llama3.2:1b,etri-dev0001-jetorn,ACTIVE,189.511,284b37e8-7ef1-495e-8f36-8f55b6517b90,Edge computing reduces latency by processing data closer,nano,14,12.0,ok,nano,1788516159.3153014,49.652,218.864,2
382.003,3,386.804,1788516159.8966527,2,b03-o02-nano-c2,,8,False,193.436,llama3.2:1b,etri-dev0001-jetorn,ACTIVE,188.567,a4d58e4a-2c1c-462d-b38c-4110cc7a86c7,Edge computing reduces latency by processing data closer,nano,14,12.0,ok,nano,1788516159.509851,49.545,218.761,2
384.471,3,389.458,1788516160.092348,2,b03-o02-nano-c2,,8,False,195.195,llama3.2:1b,etri-dev0001-jetorn,ACTIVE,189.277,4773c594-c1c2-49c3-9520-1738581351bf,Edge computing reduces latency by processing data closer,nano,14,12.0,ok,nano,1788516159.702891,49.367,220.737,2
385.982,3,391.47,1788516160.288169,2,b03-o02-nano-c2,,8,False,195.045,llama3.2:1b,etri-dev0001-jetorn,ACTIVE,190.937,244c2f4d-f84d-440c-8bb6-ffed112ac64c,Edge computing reduces latency by processing data closer,nano,14,12.0,ok,nano,1788516159.8967025,49.471,222.366,2
384.263,3,389.286,1788516160.481657,2,b03-o02-nano-c2,,8,False,193.582,llama3.2:1b,etri-dev0001-jetorn,ACTIVE,190.681,e264e32d-7d36-4711-accb-8adf7b80ab03,Edge computing reduces latency by processing data closer,nano,14,12.0,ok,nano,1788516160.0923717,49.565,220.921,2
383.086,3,388.432,1788516160.676685,2,b03-o02-nano-c2,,8,False,193.969,llama3.2:1b,etri-dev0001-jetorn,ACTIVE,189.116,c6ff6d1c-41d3-46d9-bf3d-1adfaf9ae17a,Edge computing reduces latency by processing data closer,nano,14,12.0,ok,nano,1788516160.288256,49.432,219.533,2
384.905,3,390.294,1788516160.8719895,2,b03-o02-nano-c2,,8,False,194.94,llama3.2:1b,etri-dev0001-jetorn,ACTIVE,189.965,8509b4ee-80e2-464e-90d5-097e75f6484f,Edge computing reduces latency by processing data closer,nano,14,12.0,ok,nano,1788516160.4816983,49.21,220.605,2
384.86,3,389.67,1788516161.0664687,2,b03-o02-nano-c2,,8,False,194.815,llama3.2:1b,etri-dev0001-jetorn,ACTIVE,190.045,2863c1ac-7c2c-4b4d-89a7-fda75ec6c657,Edge computing reduces latency by processing data closer,nano,14,12.0,ok,nano,1788516160.676801,49.367,221.032,2
384.043,3,389.258,1788516161.2613268,2,b03-o02-nano-c2,,8,False,194.072,llama3.2:1b,etri-dev0001-jetorn,ACTIVE,189.97,6cb4005c-6b50-49ef-b9f2-fad9674638c4,Edge computing reduces latency by processing data closer,nano,14,12.0,ok,nano,1788516160.8720715,49.449,220.101,2
383.934,3,388.979,1788516161.455509,2,b03-o02-nano-c2,,8,False,193.745,llama3.2:1b,etri-dev0001-jetorn,ACTIVE,190.189,69a85517-e7f9-4ffa-8dd4-1319e511a5e1,Edge computing reduces latency by processing data closer,nano,14,12.0,ok,nano,1788516161.066533,49.574,220.914,2
383.596,3,388.683,1788516161.6501079,2,b03-o02-nano-c2,,8,False,194.714,llama3.2:1b,etri-dev0001-jetorn,ACTIVE,188.882,f7fe6b54-eb9b-4beb-aaf0-c6e203f44d68,Edge computing reduces latency by processing data closer,nano,14,12.0,ok,nano,1788516161.261429,49.521,220.252,2
383.201,3,388.531,1788516161.844155,2,b03-o02-nano-c2,,8,False,193.565,llama3.2:1b,etri-dev0001-jetorn,ACTIVE,189.636,7b0b270a-c4ee-4516-bc72-a4c8db065609,Edge computing reduces latency by processing data closer,nano,14,12.0,ok,nano,1788516161.4556274,49.544,219.646,2
386.119,3,391.113,1788516162.0413122,2,b03-o02-nano-c2,,8,False,196.932,llama3.2:1b,etri-dev0001-jetorn,ACTIVE,189.187,5cf4f053-acae-4613-8ba2-ab255090e975,Edge computing reduces latency by processing data closer,nano,14,12.0,ok,nano,1788516161.6502001,48.852,221.553,2
385.212,3,390.523,1788516162.2347913,2,b03-o02-nano-c2,,8,False,192.901,llama3.2:1b,etri-dev0001-jetorn,ACTIVE,192.311,27dfe49a-5480-42d1-af21-d725ceb23698,Edge computing reduces latency by processing data closer,nano,14,12.0,ok,nano,1788516161.8442688,49.504,221.824,2
398.523,3,403.278,1788516162.4446108,2,b03-o02-nano-c2,,8,False,209.403,llama3.2:1b,etri-dev0001-jetorn,ACTIVE,189.12,07282218-71c8-4486-82e7-a1c2ac952549,Edge computing reduces latency by processing data closer,nano,14,12.0,ok,nano,1788516162.0413365,49.106,234.217,2
399.686,3,404.792,1788516162.6396108,2,b03-o02-nano-c2,,8,False,194.169,llama3.2:1b,etri-dev0001-jetorn,ACTIVE,205.517,ba513ee3-8732-4073-a4aa-ac36a780a9df,Edge computing reduces latency by processing data closer,nano,14,12.0,ok,nano,1788516162.2348228,49.361,235.636,2
383.868,3,389.291,1788516162.8340333,2,b03-o02-nano-c2,,8,False,194.665,llama3.2:1b,etri-dev0001-jetorn,ACTIVE,189.202,cc7a350f-7d8c-4202-8452-fb979ffc3674,Edge computing reduces latency by processing data closer,nano,14,12.0,ok,nano,1788516162.4447453,49.485,220.542,2
383.61,3,388.934,1788516163.0286455,2,b03-o02-nano-c2,,8,False,194.376,llama3.2:1b,etri-dev0001-jetorn,ACTIVE,189.233,65f85fd1-2bea-4e23-bd41-362f8b5135ce,Edge computing reduces latency by processing data closer,nano,14,12.0,ok,nano,1788516162.6397138,49.339,223.65,2
384.051,3,388.896,1788516163.2230172,2,b03-o02-nano-c2,,8,False,193.821,llama3.2:1b,etri-dev0001-jetorn,ACTIVE,190.23,4f2e19bd-fa2e-4c80-89db-36028a31ecc4,Edge computing reduces latency by processing data closer,nano,14,12.0,ok,nano,1788516162.834125,49.568,225.825,2
386.239,3,391.038,1788516163.4197428,2,b03-o02-nano-c2,,8,False,196.23,llama3.2:1b,etri-dev0001-jetorn,ACTIVE,190.009,b0dbf26e-eeb7-43e0-b4cb-38b5156092fe,Edge computing reduces latency by processing data closer,nano,14,12.0,ok,nano,1788516163.0287077,48.998,221.634,2
387.287,3,392.715,1788516163.6158333,2,b03-o02-nano-c2,,8,False,195.398,llama3.2:1b,etri-dev0001-jetorn,ACTIVE,191.889,e910d007-835a-4639-b4c4-c735c46b6b06,Edge computing reduces latency by processing data closer,nano,14,12.0,ok,nano,1788516163.2231221,49.267,223.031,2
386.18,3,391.286,1788516163.811108,2,b03-o02-nano-c2,,8,False,195.079,llama3.2:1b,etri-dev0001-jetorn,ACTIVE,191.1,5c7e0311-8e8f-4c10-9bc9-504a23120f3c,Edge computing reduces latency by processing data closer,nano,14,12.0,ok,nano,1788516163.419826,49.374,222.255,2
383.578,3,389.583,1788516164.005563,2,b03-o02-nano-c2,,8,False,194.318,llama3.2:1b,etri-dev0001-jetorn,ACTIVE,189.26,5e542cb4-cf4f-404b-b141-f77f8cde4ab8,Edge computing reduces latency by processing data closer,nano,14,12.0,ok,nano,1788516163.615982,49.361,219.579,2
382.846,3,387.456,1788516164.1986835,2,b03-o02-nano-c2,,8,False,193.47,llama3.2:1b,etri-dev0001-jetorn,ACTIVE,189.376,88424853-bb90-4755-83e7-3036d138acc8,Edge computing reduces latency by processing data closer,nano,14,12.0,ok,nano,1788516163.8112288,49.479,219.862,2
317.688,3,334.945,1788516167.5624475,16,b03-o03-nano-c16,,8,False,317.67,llama3.2:1b,etri-dev0001-jetorn,ACTIVE,0.018,41613748-6ea6-427a-b550-3e42dac8850d,Edge computing reduces latency by processing data closer,nano,15,12.0,ok,nano,1788516167.2275088,34.964,86.883,3
576.208,3,597.161,1788516167.8224952,16,b03-o03-nano-c16,,8,False,259.503,llama3.2:1b,etri-dev0001-jetorn,ACTIVE,316.705,e4204ee2-972e-4148-98aa-ecbd00d62e09,Edge computing reduces latency by processing data closer,nano,15,12.0,ok,nano,1788516167.225337,36.738,356.818,3
811.4,3,830.659,1788516168.061732,16,b03-o03-nano-c16,,8,False,238.908,llama3.2:1b,etri-dev0001-jetorn,ACTIVE,572.492,e626d83d-a970-4f63-b5af-1f17c306750c,Edge computing reduces latency by processing data closer,nano,15,12.0,ok,nano,1788516167.2310762,40.415,611.906,3
1014.504,3,1038.424,1788516168.266991,16,b03-o03-nano-c16,,8,False,205.068,llama3.2:1b,etri-dev0001-jetorn,ACTIVE,809.436,a233109a-62f5-4533-ad78-dc7201ba3a06,Edge computing reduces latency by processing data closer,nano,15,12.0,ok,nano,1788516167.2285674,46.584,844.404,3
1208.261,3,1235.053,1788516168.46148,16,b03-o03-nano-c16,,8,False,194.07,llama3.2:1b,etri-dev0001-jetorn,ACTIVE,1014.192,45db9c8a-fbbe-45fc-9742-fa1eb8220df6,Edge computing reduces latency by processing data closer,nano,15,12.0,ok,nano,1788516167.226429,49.385,1044.569,3
1400.445,3,1426.131,1788516168.6555934,16,b03-o03-nano-c16,,8,False,193.681,llama3.2:1b,etri-dev0001-jetorn,ACTIVE,1206.764,4ed88606-6408-47cb-b26b-4032b67bf445,Edge computing reduces latency by processing data closer,nano,15,12.0,ok,nano,1788516167.2294679,49.457,1237.224,3
1583.723,3,1619.148,1788516168.8514404,16,b03-o03-nano-c16,,8,False,195.521,llama3.2:1b,etri-dev0001-jetorn,ACTIVE,1388.202,cfee4929-07d1-41e2-aa96-2c23d45631be,Edge computing reduces latency by processing data closer,nano,15,12.0,ok,nano,1788516167.2322953,49.197,1419.587,3
1772.017,3,1812.741,1788516169.046131,16,b03-o03-nano-c16,,8,False,194.027,llama3.2:1b,etri-dev0001-jetorn,ACTIVE,1577.99,f54dd331-43ce-419d-88c4-d96ad25bd24c,Edge computing reduces latency by processing data closer,nano,15,12.0,ok,nano,1788516167.2333934,49.285,1610.81,3
1964.221,3,2006.206,1788516169.2407765,16,b03-o03-nano-c16,,8,False,194.284,llama3.2:1b,etri-dev0001-jetorn,ACTIVE,1769.937,963601b3-ccfe-4d20-9beb-69c95ed27bc8,Edge computing reduces latency by processing data closer,nano,15,12.0,ok,nano,1788516167.2345755,49.187,1800.34,3
2158.553,3,2200.097,1788516169.4356782,16,b03-o03-nano-c16,,8,False,194.408,llama3.2:1b,etri-dev0001-jetorn,ACTIVE,1964.145,0a910716-44f0-43d9-9017-c901c77f6b2c,Edge computing reduces latency by processing data closer,nano,15,12.0,ok,nano,1788516167.2355864,49.407,1995.923,3
2350.849,3,2392.541,1788516169.629904,16,b03-o03-nano-c16,,8,False,193.895,llama3.2:1b,etri-dev0001-jetorn,ACTIVE,2156.954,144933cc-58c9-42e9-80cb-b410c42e1659,Edge computing reduces latency by processing data closer,nano,15,12.0,ok,nano,1788516167.2373686,49.187,2186.832,3
2530.907,3,2587.899,1788516169.8243728,16,b03-o03-nano-c16,,8,False,193.982,llama3.2:1b,etri-dev0001-jetorn,ACTIVE,2336.925,2d00dad2-d791-490f-bca6-8eaab1dfa512,Edge computing reduces latency by processing data closer,nano,15,12.0,ok,nano,1788516167.2364793,49.594,2368.084,3
2724.487,3,2780.337,1788516170.019003,16,b03-o03-nano-c16,,8,False,194.028,llama3.2:1b,etri-dev0001-jetorn,ACTIVE,2530.459,19cd389e-b4e4-4d0c-bb91-7c455c1ef8aa,Edge computing reduces latency by processing data closer,nano,15,12.0,ok,nano,1788516167.2386713,49.552,2561.215,3
2916.944,3,2972.173,1788516170.212751,16,b03-o03-nano-c16,,8,False,193.462,llama3.2:1b,etri-dev0001-jetorn,ACTIVE,2723.482,185fa6ec-dd48-4124-ad4a-44c5ab7279cf,Edge computing reduces latency by processing data closer,nano,15,12.0,ok,nano,1788516167.240582,49.663,2753.494,3
2952.863,3,3165.901,1788516170.4075854,16,b03-o03-nano-c16,,8,False,194.686,llama3.2:1b,etri-dev0001-jetorn,ACTIVE,2758.178,b324a7fc-3bcb-4d34-a336-f6a865fef64a,Edge computing reduces latency by processing data closer,nano,15,12.0,ok,nano,1788516167.2416859,49.499,2789.514,3
3033.811,3,3039.749,1788516170.6023004,16,b03-o03-nano-c16,,8,False,193.949,llama3.2:1b,etri-dev0001-jetorn,ACTIVE,2839.862,cb6a7954-579c-4617-9222-4f8b5d6ac1bf,Edge computing reduces latency by processing data closer,nano,15,12.0,ok,nano,1788516167.5625572,49.475,2870.224,3
2967.898,3,2973.571,1788516170.7961588,16,b03-o03-nano-c16,,8,False,193.652,llama3.2:1b,etri-dev0001-jetorn,ACTIVE,2774.245,dc24cde2-cc1c-4308-ac6f-3fd7fe01b75b,Edge computing reduces latency by processing data closer,nano,15,12.0,ok,nano,1788516167.8225908,49.577,2805.407,3
2923.167,3,2929.27,1788516170.9910872,16,b03-o03-nano-c16,,8,False,194.464,llama3.2:1b,etri-dev0001-jetorn,ACTIVE,2728.703,737ac60f-f122-47c5-b29c-22b2c1524810,Edge computing reduces latency by processing data closer,nano,15,12.0,ok,nano,1788516168.0618176,49.43,2759.198,3
2914.27,3,2919.072,1788516171.1860847,16,b03-o03-nano-c16,,8,False,194.3,llama3.2:1b,etri-dev0001-jetorn,ACTIVE,2719.97,17152b5a-d410-4e5a-a9e0-af08f76efb20,Edge computing reduces latency by processing data closer,nano,15,12.0,ok,nano,1788516168.2670166,49.393,2750.647,3
3086.645,3,4140.416,1788516171.379891,16,b03-o03-nano-c16,,8,False,193.167,llama3.2:1b,etri-dev0001-jetorn,ACTIVE,2893.478,5d63942d-abb2-47fd-ad52-31e26ea02c26,Edge computing reduces latency by processing data closer,nano,15,12.0,ok,nano,1788516167.2394753,49.569,2923.39,3
3107.143,3,3112.271,1788516171.573832,16,b03-o03-nano-c16,,8,False,193.579,llama3.2:1b,etri-dev0001-jetorn,ACTIVE,2913.564,75efdfec-1c12-408e-a389-090351c8be17,Edge computing reduces latency by processing data closer,nano,15,12.0,ok,nano,1788516168.4615638,49.596,2944.872,3
3117.339,3,3123.191,1788516171.7788942,16,b03-o03-nano-c16,,8,False,204.574,llama3.2:1b,etri-dev0001-jetorn,ACTIVE,2912.765,134645a3-84a1-483e-8d0b-b22351ba5dc2,Edge computing reduces latency by processing data closer,nano,15,12.0,ok,nano,1788516168.6557071,48.852,2952.35,3
3116.035,3,3121.952,1788516171.9734814,16,b03-o03-nano-c16,,8,False,193.807,llama3.2:1b,etri-dev0001-jetorn,ACTIVE,2922.229,1560e567-a37a-4b69-87af-a503e96bbae1,Edge computing reduces latency by processing data closer,nano,15,12.0,ok,nano,1788516168.8515334,49.486,2956.412,3
3118.834,3,3124.092,1788516172.170344,16,b03-o03-nano-c16,,8,False,196.714,llama3.2:1b,etri-dev0001-jetorn,ACTIVE,2922.121,68e08ada-fd40-4d1d-a5ca-1431674e4c50,Edge computing reduces latency by processing data closer,nano,15,12.0,ok,nano,1788516169.046256,49.506,2955.73,3
3118.399,3,3123.667,1788516172.364549,16,b03-o03-nano-c16,,8,False,193.527,llama3.2:1b,etri-dev0001-jetorn,ACTIVE,2924.872,a51b0ec4-6e61-402b-8a23-3b7e9d1a98d7,Edge computing reduces latency by processing data closer,nano,15,12.0,ok,nano,1788516169.2408867,49.447,2958.919,3
3117.769,3,3123.904,1788516172.5597138,16,b03-o03-nano-c16,,8,False,194.732,llama3.2:1b,etri-dev0001-jetorn,ACTIVE,2923.037,036b2c99-9804-4ddf-8907-442b2cb11888,Edge computing reduces latency by processing data closer,nano,15,12.0,ok,nano,1788516169.435815,49.458,2967.071,3
3119.413,3,3125.704,1788516172.7557576,16,b03-o03-nano-c16,,8,False,195.191,llama3.2:1b,etri-dev0001-jetorn,ACTIVE,2924.222,3947c8d4-bee4-4d51-97c3-4a70cd7b1387,Edge computing reduces latency by processing data closer,nano,15,12.0,ok,nano,1788516169.6300588,49.106,2957.138,3
3120.33,3,3125.845,1788516172.9503195,16,b03-o03-nano-c16,,8,False,194.646,llama3.2:1b,etri-dev0001-jetorn,ACTIVE,2925.684,6df75eeb-13f5-4882-8ae0-6868f3b09d8a,Edge computing reduces latency by processing data closer,nano,15,12.0,ok,nano,1788516169.8244803,49.36,2956.353,3
3120.202,3,3126.417,1788516173.1455371,16,b03-o03-nano-c16,,8,False,194.545,llama3.2:1b,etri-dev0001-jetorn,ACTIVE,2925.657,50c0aec9-1505-4448-9c58-8ef93eb69329,Edge computing reduces latency by processing data closer,nano,15,12.0,ok,nano,1788516170.0191228,49.502,2956.883,3
3121.606,3,3127.924,1788516173.340749,16,b03-o03-nano-c16,,8,False,194.588,llama3.2:1b,etri-dev0001-jetorn,ACTIVE,2927.018,4a788b48-25b6-4708-b552-2c9c67e96ec9,Edge computing reduces latency by processing data closer,nano,15,12.0,ok,nano,1788516170.2128303,49.463,2958.369,3
3122.295,3,3127.414,1788516173.535052,16,b03-o03-nano-c16,,8,False,194.653,llama3.2:1b,etri-dev0001-jetorn,ACTIVE,2927.642,b8e95a6e-3c39-4e75-bbb1-7a4566f073f7,Edge computing reduces latency by processing data closer,nano,15,12.0,ok,nano,1788516170.407642,49.443,2958.867,3
3121.055,3,3126.364,1788516173.7287734,16,b03-o03-nano-c16,,8,False,193.182,llama3.2:1b,etri-dev0001-jetorn,ACTIVE,2927.873,fdbe0db2-7b83-4d03-b54e-ca954ae5ee48,Edge computing reduces latency by processing data closer,nano,15,12.0,ok,nano,1788516170.602415,49.493,2957.742,3
3121.274,3,3126.09,1788516173.9223373,16,b03-o03-nano-c16,,8,False,193.407,llama3.2:1b,etri-dev0001-jetorn,ACTIVE,2927.867,60c2d461-cd1d-4218-8048-0a261a641ce5,Edge computing reduces latency by processing data closer,nano,15,12.0,ok,nano,1788516170.796248,49.402,2957.595,3
3121.439,3,3126.052,1788516174.1171646,16,b03-o03-nano-c16,,8,False,194.539,llama3.2:1b,etri-dev0001-jetorn,ACTIVE,2926.9,f9f1172b-c640-48d3-9f27-52326fb98963,Edge computing reduces latency by processing data closer,nano,15,12.0,ok,nano,1788516170.9911144,49.509,2957.861,3
3121.08,3,3126.581,1788516174.3128037,16,b03-o03-nano-c16,,8,False,194.664,llama3.2:1b,etri-dev0001-jetorn,ACTIVE,2926.415,8061afe5-532e-4d51-87c0-d6c9b1cc9ede,Edge computing reduces latency by processing data closer,nano,15,12.0,ok,nano,1788516171.1862235,49.111,2956.177,3
3124.062,3,3129.063,1788516174.5089815,16,b03-o03-nano-c16,,8,False,196.235,llama3.2:1b,etri-dev0001-jetorn,ACTIVE,2927.827,03577c4a-7de6-4434-834a-5a205d632b39,Edge computing reduces latency by processing data closer,nano,15,12.0,ok,nano,1788516171.3799198,49.073,2959.498,3
3126.971,3,3133.759,1788516174.7076695,16,b03-o03-nano-c16,,8,False,197.951,llama3.2:1b,etri-dev0001-jetorn,ACTIVE,2929.02,b17fe222-ba2a-4761-ac9d-fdd29a3521bc,Edge computing reduces latency by processing data closer,nano,15,12.0,ok,nano,1788516171.5739136,48.163,2959.389,3
3118.11,3,3123.11,1788516174.902148,16,b03-o03-nano-c16,,8,False,194.531,llama3.2:1b,etri-dev0001-jetorn,ACTIVE,2923.579,4a3c4163-89dd-4138-bebb-ef19a4ac4dd5,Edge computing reduces latency by processing data closer,nano,15,12.0,ok,nano,1788516171.7790415,49.256,2954.272,3
3117.868,3,3123.891,1788516175.0974674,16,b03-o03-nano-c16,,8,False,194.984,llama3.2:1b,etri-dev0001-jetorn,ACTIVE,2922.884,d4521356-011d-4176-bd8e-bfd4fc11c5ea,Edge computing reduces latency by processing data closer,nano,15,12.0,ok,nano,1788516171.9735787,49.095,2953.297,3
3114.975,3,3121.3,1788516175.2917325,16,b03-o03-nano-c16,,8,False,193.345,llama3.2:1b,etri-dev0001-jetorn,ACTIVE,2921.63,c40fd37d-9a77-4627-b84b-dc454f764eeb,Edge computing reduces latency by processing data closer,nano,15,12.0,ok,nano,1788516172.1704361,49.409,2951.434,3
3115.619,3,3121.809,1788516175.4864585,16,b03-o03-nano-c16,,8,False,194.294,llama3.2:1b,etri-dev0001-jetorn,ACTIVE,2921.325,5d78110c-f185-4109-959a-6aa835bc3080,Edge computing reduces latency by processing data closer,nano,15,12.0,ok,nano,1788516172.3646553,49.551,2952.199,3
3116.605,3,3121.976,1788516175.6817944,16,b03-o03-nano-c16,,8,False,195.472,llama3.2:1b,etri-dev0001-jetorn,ACTIVE,2921.133,e214f38a-5019-4bfd-a7b8-7c055e21aefa,Edge computing reduces latency by processing data closer,nano,15,12.0,ok,nano,1788516172.5598245,49.309,2952.567,3
3114.923,3,3120.149,1788516175.8760123,16,b03-o03-nano-c16,,8,False,193.684,llama3.2:1b,etri-dev0001-jetorn,ACTIVE,2921.239,936f1bae-9cbf-4db3-b9b1-132773da2e64,Edge computing reduces latency by processing data closer,nano,15,12.0,ok,nano,1788516172.7558672,49.479,2951.325,3
3115.613,3,3121.012,1788516176.0714386,16,b03-o03-nano-c16,,8,False,195.069,llama3.2:1b,etri-dev0001-jetorn,ACTIVE,2920.544,2b560ab2-f6cc-4938-991e-7d1962958241,Edge computing reduces latency by processing data closer,nano,15,12.0,ok,nano,1788516172.950428,49.548,2952.688,3
3114.546,3,3120.708,1788516176.2663262,16,b03-o03-nano-c16,,8,False,194.355,llama3.2:1b,etri-dev0001-jetorn,ACTIVE,2920.191,85e53361-07c1-40b8-8dc9-48f2bda6018a,Edge computing reduces latency by processing data closer,nano,15,12.0,ok,nano,1788516173.1456213,49.477,2950.99,3
3113.614,3,3119.992,1788516176.4608464,16,b03-o03-nano-c16,,8,False,193.379,llama3.2:1b,etri-dev0001-jetorn,ACTIVE,2920.235,038ed842-8e45-436a-be0d-39427f1b0ef0,Edge computing reduces latency by processing data closer,nano,15,12.0,ok,nano,1788516173.34086,49.626,2954.829,3
3114.394,3,3119.515,1788516176.6546552,16,b03-o03-nano-c16,,8,False,194.124,llama3.2:1b,etri-dev0001-jetorn,ACTIVE,2920.27,631b84b0-9c0b-4d63-8e3b-24a34bae1815,Edge computing reduces latency by processing data closer,nano,15,12.0,ok,nano,1788516173.5351436,49.564,2951.44,3
3114.842,3,3119.662,1788516176.8485506,16,b03-o03-nano-c16,,8,False,193.528,llama3.2:1b,etri-dev0001-jetorn,ACTIVE,2921.314,12633703-7348-4172-bd9d-d2c39c540514,Edge computing reduces latency by processing data closer,nano,15,12.0,ok,nano,1788516173.7288916,49.48,2952.916,3
3114.508,3,3118.954,1788516177.041312,16,b03-o03-nano-c16,,8,False,192.391,llama3.2:1b,etri-dev0001-jetorn,ACTIVE,2922.116,7a25e810-06f3-458c-86b6-6585facc8f18,Edge computing reduces latency by processing data closer,nano,15,12.0,ok,nano,1788516173.9223626,49.545,2958.172,3
3114.086,3,3118.697,1788516177.235886,16,b03-o03-nano-c16,,8,False,194.092,llama3.2:1b,etri-dev0001-jetorn,ACTIVE,2919.994,5fa237d1-5283-4b6b-8707-8aa6e87b862f,Edge computing reduces latency by processing data closer,nano,15,12.0,ok,nano,1788516174.1171927,49.487,2950.854,3
3113.274,3,3118.25,1788516177.4310765,16,b03-o03-nano-c16,,8,False,194.449,llama3.2:1b,etri-dev0001-jetorn,ACTIVE,2918.825,8a3378c7-09b7-4f13-957d-c5fa64eb37c7,Edge computing reduces latency by processing data closer,nano,15,12.0,ok,nano,1788516174.3128314,49.458,2949.959,3
3111.422,3,3116.176,1788516177.6251812,16,b03-o03-nano-c16,,8,False,193.782,llama3.2:1b,etri-dev0001-jetorn,ACTIVE,2917.64,17f2c532-6de8-4dd2-922c-754b2e48fcf1,Edge computing reduces latency by processing data closer,nano,15,12.0,ok,nano,1788516174.509009,49.535,2948.135,3
3108.377,3,3113.665,1788516177.8214145,16,b03-o03-nano-c16,,8,False,195.291,llama3.2:1b,etri-dev0001-jetorn,ACTIVE,2913.086,eb7b18a1-d6d3-4561-be35-3ffd04e2b1e5,Edge computing reduces latency by processing data closer,nano,15,12.0,ok,nano,1788516174.7077532,49.346,2944.503,3
3109.31,3,3114.49,1788516178.0167325,16,b03-o03-nano-c16,,8,False,195.686,llama3.2:1b,etri-dev0001-jetorn,ACTIVE,2913.624,038efc0f-458b-43ee-b841-28ff2308c4af,Edge computing reduces latency by processing data closer,nano,15,12.0,ok,nano,1788516174.9022455,48.964,2945.224,3
3110.043,3,3115.147,1788516178.2126796,16,b03-o03-nano-c16,,8,False,195.298,llama3.2:1b,etri-dev0001-jetorn,ACTIVE,2914.745,19b74ecc-fa74-46a2-a3ee-940a95501d48,Edge computing reduces latency by processing data closer,nano,15,12.0,ok,nano,1788516175.0975363,48.965,2944.684,3
3110.6,3,3115.995,1788516178.4078152,16,b03-o03-nano-c16,,8,False,194.439,llama3.2:1b,etri-dev0001-jetorn,ACTIVE,2916.16,7fcf8925-3d1c-4c28-b474-68ee2507b7ef,Edge computing reduces latency by processing data closer,nano,15,12.0,ok,nano,1788516175.2918234,49.362,2946.805,3
3112.067,3,3118.021,1788516178.6045833,16,b03-o03-nano-c16,,8,False,195.757,llama3.2:1b,etri-dev0001-jetorn,ACTIVE,2916.31,8f96e82d-4949-4376-8786-089269421d1c,Edge computing reduces latency by processing data closer,nano,15,12.0,ok,nano,1788516175.4865682,49.478,2953.066,3
3112.739,3,3118.303,1788516178.8002052,16,b03-o03-nano-c16,,8,False,195.47,llama3.2:1b,etri-dev0001-jetorn,ACTIVE,2917.268,8662e11a-720d-4f3c-a053-993821cfa83b,Edge computing reduces latency by processing data closer,nano,15,12.0,ok,nano,1788516175.681906,49.261,2948.981,3
3113.236,3,3119.087,1788516178.9952176,16,b03-o03-nano-c16,,8,False,195.196,llama3.2:1b,etri-dev0001-jetorn,ACTIVE,2918.04,7e3aa43b-a8bf-4bc8-a218-0704c550032e,Edge computing reduces latency by processing data closer,nano,15,12.0,ok,nano,1788516175.876134,49.134,2949.775,3
3114.318,3,3120.11,1788516179.191576,16,b03-o03-nano-c16,,8,False,195.315,llama3.2:1b,etri-dev0001-jetorn,ACTIVE,2919.003,6398012c-b7dd-4a5f-88e3-042f004ffefb,Edge computing reduces latency by processing data closer,nano,15,12.0,ok,nano,1788516176.0714698,49.423,2949.74,3
3114.442,3,3119.817,1788516179.3862135,16,b03-o03-nano-c16,,8,False,194.73,llama3.2:1b,etri-dev0001-jetorn,ACTIVE,2919.712,2b905414-dbe1-4858-a293-03301cc6b524,Edge computing reduces latency by processing data closer,nano,15,12.0,ok,nano,1788516176.2664003,49.392,2950.865,3
3114.892,3,3120.847,1788516179.5818381,16,b03-o03-nano-c16,,8,False,195.261,llama3.2:1b,etri-dev0001-jetorn,ACTIVE,2919.632,0535ec10-cfb6-4917-a8ab-d296c75c2e71,Edge computing reduces latency by processing data closer,nano,15,12.0,ok,nano,1788516176.4609945,49.33,2950.886,3
3116.764,3,3121.799,1788516179.7765415,16,b03-o03-nano-c16,,8,False,194.744,llama3.2:1b,etri-dev0001-jetorn,ACTIVE,2922.02,9a616b82-da7c-4239-a638-ad16e144f385,Edge computing reduces latency by processing data closer,nano,15,12.0,ok,nano,1788516176.6547465,49.438,2953.482,3
3118.223,3,3123.129,1788516179.9717696,16,b03-o03-nano-c16,,8,False,194.81,llama3.2:1b,etri-dev0001-jetorn,ACTIVE,2923.413,d29c838f-47e2-4806-beca-a9bf2230bb35,Edge computing reduces latency by processing data closer,nano,15,12.0,ok,nano,1788516176.8486416,49.181,2954.617,3
3120.62,3,3125.532,1788516180.1669683,16,b03-o03-nano-c16,,8,False,195.015,llama3.2:1b,etri-dev0001-jetorn,ACTIVE,2925.604,3e38e50e-7e53-4984-ab63-936c7f8a7cc3,Edge computing reduces latency by processing data closer,nano,15,12.0,ok,nano,1788516177.0414376,49.237,2956.591,3
3122.047,3,3126.614,1788516180.3626475,16,b03-o03-nano-c16,,8,False,195.172,llama3.2:1b,etri-dev0001-jetorn,ACTIVE,2926.875,0e3bc37d-4d1e-4548-af34-bb944477ea89,Edge computing reduces latency by processing data closer,nano,15,12.0,ok,nano,1788516177.2360337,49.357,2957.955,3
3121.802,3,3127.2,1788516180.558412,16,b03-o03-nano-c16,,8,False,195.148,llama3.2:1b,etri-dev0001-jetorn,ACTIVE,2926.654,4ea01995-9657-4acd-be64-cd9249b0b2b5,Edge computing reduces latency by processing data closer,nano,15,12.0,ok,nano,1788516177.4312155,49.267,2957.699,3
3122.007,3,3127.52,1788516180.752786,16,b03-o03-nano-c16,,8,False,194.019,llama3.2:1b,etri-dev0001-jetorn,ACTIVE,2927.989,28b81acf-a24e-450a-b554-375ca9e91b5a,Edge computing reduces latency by processing data closer,nano,15,12.0,ok,nano,1788516177.6252685,49.393,2958.837,3
3122.441,3,3128.767,1788516180.950257,16,b03-o03-nano-c16,,8,False,196.912,llama3.2:1b,etri-dev0001-jetorn,ACTIVE,2925.529,e7b3f671-0a55-4ec9-b279-d3ca6088cb7b,Edge computing reduces latency by processing data closer,nano,15,12.0,ok,nano,1788516177.821496,49.218,2958.537,3
3125.46,3,3130.058,1788516181.1468797,16,b03-o03-nano-c16,,8,False,196.352,llama3.2:1b,etri-dev0001-jetorn,ACTIVE,2929.108,4a9bbe97-6bd1-4f08-b6a3-a59940626ece,Edge computing reduces latency by processing data closer,nano,15,12.0,ok,nano,1788516178.0168254,48.984,2960.341,3
3123.869,3,3128.887,1788516181.3416533,16,b03-o03-nano-c16,,8,False,194.38,llama3.2:1b,etri-dev0001-jetorn,ACTIVE,2929.489,6a108d57-20b0-401d-b5f3-9b589e53b563,Edge computing reduces latency by processing data closer,nano,15,12.0,ok,nano,1788516178.2127695,49.403,2960.002,3
3122.437,3,3128.92,1788516181.5368214,16,b03-o03-nano-c16,,8,False,194.097,llama3.2:1b,etri-dev0001-jetorn,ACTIVE,2928.34,d39b1cd8-43a2-497d-88cd-02910a7c7939,Edge computing reduces latency by processing data closer,nano,15,12.0,ok,nano,1788516178.4079049,49.452,2963.052,3
3121.191,3,3127.087,1788516181.7317781,16,b03-o03-nano-c16,,8,False,194.554,llama3.2:1b,etri-dev0001-jetorn,ACTIVE,2926.637,2b62e783-21c6-4ae3-bd46-798522bba0a8,Edge computing reduces latency by processing data closer,nano,15,12.0,ok,nano,1788516178.6046963,49.394,2957.727,3
3120.814,3,3125.673,1788516181.9259727,16,b03-o03-nano-c16,,8,False,194.572,llama3.2:1b,etri-dev0001-jetorn,ACTIVE,2926.242,ecfa7411-083c-4250-98b3-801344fb1cd2,Edge computing reduces latency by processing data closer,nano,15,12.0,ok,nano,1788516178.8003004,49.359,2956.855,3
3122.417,3,3127.614,1788516182.1229203,16,b03-o03-nano-c16,,8,False,196.38,llama3.2:1b,etri-dev0001-jetorn,ACTIVE,2926.037,0336ee52-3995-47c0-b509-e63789a66fd5,Edge computing reduces latency by processing data closer,nano,15,12.0,ok,nano,1788516178.9953077,49.017,2960.895,3
3120.086,3,3125.813,1788516182.3174713,16,b03-o03-nano-c16,,8,False,194.543,llama3.2:1b,etri-dev0001-jetorn,ACTIVE,2925.544,d6b72951-04f9-4174-b8cf-d16e32dbf581,Edge computing reduces latency by processing data closer,nano,15,12.0,ok,nano,1788516179.1916616,49.291,2955.991,3
297.225,3,313.84,1788516185.6624038,8,b03-o04-nano-c8,,8,False,297.209,llama3.2:1b,etri-dev0001-jetorn,ACTIVE,0.016,d3962398-7596-4b95-80ab-3730c9a173ec,Edge computing reduces latency by processing data closer,nano,16,12.0,ok,nano,1788516185.348567,38.263,86.448,4
533.707,3,552.739,1788516185.9049723,8,b03-o04-nano-c8,,8,False,242.121,llama3.2:1b,etri-dev0001-jetorn,ACTIVE,291.585,6aa5aa96-475f-44cb-ac82-91723695ffc7,Edge computing reduces latency by processing data closer,nano,16,12.0,ok,nano,1788516185.352234,39.505,329.139,4
738.399,3,760.632,1788516186.1118522,8,b03-o04-nano-c8,,8,False,206.367,llama3.2:1b,etri-dev0001-jetorn,ACTIVE,532.032,453c27c7-85c3-43e0-a80c-0c2d4e23302c,Edge computing reduces latency by processing data closer,nano,16,12.0,ok,nano,1788516185.3512204,48.215,570.654,4
917.327,3,954.782,1788516186.3050902,8,b03-o04-nano-c8,,8,False,192.732,llama3.2:1b,etri-dev0001-jetorn,ACTIVE,724.595,d41530f5-552c-4dbf-a1f7-3fe642ed14fd,Edge computing reduces latency by processing data closer,nano,16,12.0,ok,nano,1788516185.35031,49.627,754.322,4
1111.094,3,1149.524,1788516186.4990444,8,b03-o04-nano-c8,,8,False,193.852,llama3.2:1b,etri-dev0001-jetorn,ACTIVE,917.241,7fe60cf0-849d-4801-b9b8-11b55315a996,Edge computing reduces latency by processing data closer,nano,16,12.0,ok,nano,1788516185.3495252,49.457,948.247,4
1304.97,3,1340.534,1788516186.693998,8,b03-o04-nano-c8,,8,False,194.731,llama3.2:1b,etri-dev0001-jetorn,ACTIVE,1110.24,65210a66-851a-47fa-ad10-c1b94bf17e57,Edge computing reduces latency by processing data closer,nano,16,12.0,ok,nano,1788516185.3534675,49.345,1141.017,4
1498.866,3,1533.34,1788516186.888802,8,b03-o04-nano-c8,,8,False,193.544,llama3.2:1b,etri-dev0001-jetorn,ACTIVE,1305.322,f463a2ec-5bd0-46e2-b964-9dc6a366d76e,Edge computing reduces latency by processing data closer,nano,16,12.0,ok,nano,1788516185.355465,49.568,1335.785,4
1693.183,3,1729.363,1788516187.0838435,8,b03-o04-nano-c8,,8,False,195.137,llama3.2:1b,etri-dev0001-jetorn,ACTIVE,1498.046,bbadd33f-590c-459c-a86a-200f5dfa5615,Edge computing reduces latency by processing data closer,nano,16,12.0,ok,nano,1788516185.354482,49.391,1529.572,4
1613.136,3,1619.831,1788516187.2823205,8,b03-o04-nano-c8,,8,False,197.949,llama3.2:1b,etri-dev0001-jetorn,ACTIVE,1415.187,c6e4fffd-4901-42e0-adf7-b0b0361163ed,Edge computing reduces latency by processing data closer,nano,16,12.0,ok,nano,1788516185.6624932,49.584,1445.528,4
1564.089,3,1571.545,1788516187.476537,8,b03-o04-nano-c8,,8,False,193.776,llama3.2:1b,etri-dev0001-jetorn,ACTIVE,1370.312,89c9bcd6-8776-49bb-b2f6-0e1fdf39ea64,Edge computing reduces latency by processing data closer,nano,16,12.0,ok,nano,1788516185.9049962,49.474,1400.707,4
1555.502,3,1559.935,1788516187.6718068,8,b03-o04-nano-c8,,8,False,195.386,llama3.2:1b,etri-dev0001-jetorn,ACTIVE,1360.116,5eba8e1d-d5f3-4838-9e7b-3380ac8c1a54,Edge computing reduces latency by processing data closer,nano,16,12.0,ok,nano,1788516186.1118777,49.094,1390.608,4
1556.963,3,1562.529,1788516187.8676503,8,b03-o04-nano-c8,,8,False,195.337,llama3.2:1b,etri-dev0001-jetorn,ACTIVE,1361.626,91e1bc64-a346-4601-9c8c-83694d02b069,Edge computing reduces latency by processing data closer,nano,16,12.0,ok,nano,1788516186.3051264,49.379,1392.848,4
1559.483,3,1564.721,1788516188.0638719,8,b03-o04-nano-c8,,8,False,195.685,llama3.2:1b,etri-dev0001-jetorn,ACTIVE,1363.798,a9b08bdf-f7d5-466c-b21e-6dd3fe794cb9,Edge computing reduces latency by processing data closer,nano,16,12.0,ok,nano,1788516186.4991562,49.27,1400.686,4
1559.561,3,1564.674,1788516188.2587497,8,b03-o04-nano-c8,,8,False,194.464,llama3.2:1b,etri-dev0001-jetorn,ACTIVE,1365.097,0b62bcae-3016-4c09-b0dd-d1a2718074a6,Edge computing reduces latency by processing data closer,nano,16,12.0,ok,nano,1788516186.6940796,49.369,1406.04,4
1562.322,3,1567.98,1788516188.456866,8,b03-o04-nano-c8,,8,False,197.699,llama3.2:1b,etri-dev0001-jetorn,ACTIVE,1364.623,e324e535-fe78-43e0-a12c-fc87e944ed5e,Edge computing reduces latency by processing data closer,nano,16,12.0,ok,nano,1788516186.8888896,48.364,1398.731,4
1563.306,3,1567.917,1788516188.6517937,8,b03-o04-nano-c8,,8,False,194.286,llama3.2:1b,etri-dev0001-jetorn,ACTIVE,1369.021,5b986b04-8b8c-4005-be3e-ace57b763c33,Edge computing reduces latency by processing data closer,nano,16,12.0,ok,nano,1788516187.0838823,49.176,1399.363,4
1558.796,3,1564.199,1788516188.8466086,8,b03-o04-nano-c8,,8,False,194.452,llama3.2:1b,etri-dev0001-jetorn,ACTIVE,1364.344,0a527947-fb99-4e10-9e4c-7b794f184342,Edge computing reduces latency by processing data closer,nano,16,12.0,ok,nano,1788516187.2824137,49.353,1395.085,4
1558.74,3,1564.603,1788516189.0412223,8,b03-o04-nano-c8,,8,False,194.175,llama3.2:1b,etri-dev0001-jetorn,ACTIVE,1364.566,38406292-baba-4a91-88a9-9e47669218bf,Edge computing reduces latency by processing data closer,nano,16,12.0,ok,nano,1788516187.4766226,49.481,1395.32,4
1561.226,3,1566.581,1788516189.238494,8,b03-o04-nano-c8,,8,False,197.148,llama3.2:1b,etri-dev0001-jetorn,ACTIVE,1364.078,68016353-7261-45b1-a98b-8c597ab26bc6,Edge computing reduces latency by processing data closer,nano,16,12.0,ok,nano,1788516187.671916,48.722,1394.999,4
1559.042,3,1565.569,1788516189.4333224,8,b03-o04-nano-c8,,8,False,194.159,llama3.2:1b,etri-dev0001-jetorn,ACTIVE,1364.884,ba4ab572-a2f7-45bc-8d50-5c87a7ba2d42,Edge computing reduces latency by processing data closer,nano,16,12.0,ok,nano,1788516187.8677566,49.482,1399.364,4
1556.792,3,1562.694,1788516189.6267495,8,b03-o04-nano-c8,,8,False,193.416,llama3.2:1b,etri-dev0001-jetorn,ACTIVE,1363.376,b4136163-1cc5-4b2d-ac49-068b4794d060,Edge computing reduces latency by processing data closer,nano,16,12.0,ok,nano,1788516188.0640614,49.436,1393.513,4
1556.134,3,1560.95,1788516189.8197932,8,b03-o04-nano-c8,,8,False,193.424,llama3.2:1b,etri-dev0001-jetorn,ACTIVE,1362.711,ad756331-6ccb-4e70-9b39-dcdd63cd15c4,Edge computing reduces latency by processing data closer,nano,16,12.0,ok,nano,1788516188.258844,49.449,1392.9,4
1552.859,3,1558.378,1788516190.0153508,8,b03-o04-nano-c8,,8,False,194.93,llama3.2:1b,etri-dev0001-jetorn,ACTIVE,1357.929,b2356240-99e1-4b78-abc3-57f83041d465,Edge computing reduces latency by processing data closer,nano,16,12.0,ok,nano,1788516188.4569736,49.355,1389.278,4
1550.893,3,1558.018,1788516190.2099135,8,b03-o04-nano-c8,,8,False,194.281,llama3.2:1b,etri-dev0001-jetorn,ACTIVE,1356.612,06fabd73-3331-43ea-a8e4-82a661a9eab4,Edge computing reduces latency by processing data closer,nano,16,12.0,ok,nano,1788516188.6518981,49.415,1386.816,4
1551.527,3,1557.555,1788516190.404295,8,b03-o04-nano-c8,,8,False,193.591,llama3.2:1b,etri-dev0001-jetorn,ACTIVE,1357.935,02e3331b-2a09-4b90-80c7-1b4af01e9a98,Edge computing reduces latency by processing data closer,nano,16,12.0,ok,nano,1788516188.8467407,49.547,1388.499,4
1558.067,3,1563.646,1788516190.6049523,8,b03-o04-nano-c8,,8,False,200.038,llama3.2:1b,etri-dev0001-jetorn,ACTIVE,1358.029,45f0fdcf-2758-456c-a5d7-4db5ab3464a9,Edge computing reduces latency by processing data closer,nano,16,12.0,ok,nano,1788516189.0413105,49.441,1394.79,4
1556.029,3,1561.536,1788516190.800108,8,b03-o04-nano-c8,,8,False,194.331,llama3.2:1b,etri-dev0001-jetorn,ACTIVE,1361.698,2ec32252-6bf1-4d65-8729-a05183bc39b7,Edge computing reduces latency by processing data closer,nano,16,12.0,ok,nano,1788516189.238576,49.351,1392.622,4
1555.844,3,1560.898,1788516190.9943094,8,b03-o04-nano-c8,,8,False,194.405,llama3.2:1b,etri-dev0001-jetorn,ACTIVE,1361.439,bf8abb7f-34ac-4169-b605-aaa66e37559e,Edge computing reduces latency by processing data closer,nano,16,12.0,ok,nano,1788516189.4334157,49.41,1392.226,4
1557.496,3,1562.82,1788516191.1896744,8,b03-o04-nano-c8,,8,False,194.82,llama3.2:1b,etri-dev0001-jetorn,ACTIVE,1362.676,4f570a23-df95-4416-9c48-6d084f86d53b,Edge computing reduces latency by processing data closer,nano,16,12.0,ok,nano,1788516189.6268585,49.213,1394.148,4
1557.89,3,1562.863,1788516191.3826776,8,b03-o04-nano-c8,,8,False,192.714,llama3.2:1b,etri-dev0001-jetorn,ACTIVE,1365.176,63951a92-8e9c-41ac-b2e6-88188ba06eb0,Edge computing reduces latency by processing data closer,nano,16,12.0,ok,nano,1788516189.8198164,49.505,1400.03,4
1556.86,3,1562.155,1788516191.577525,8,b03-o04-nano-c8,,8,False,194.402,llama3.2:1b,etri-dev0001-jetorn,ACTIVE,1362.458,e8e600dd-b55b-483a-a89b-a00ac07024d3,Edge computing reduces latency by processing data closer,nano,16,12.0,ok,nano,1788516190.0153742,49.429,1393.417,4
1557.99,3,1562.89,1788516191.7728593,8,b03-o04-nano-c8,,8,False,194.476,llama3.2:1b,etri-dev0001-jetorn,ACTIVE,1363.513,2a332f94-3b30-4cd1-b7b5-3fd1dbebae0e,Edge computing reduces latency by processing data closer,nano,16,12.0,ok,nano,1788516190.209975,49.319,1394.127,4
1558.498,3,1563.495,1788516191.9678135,8,b03-o04-nano-c8,,8,False,194.702,llama3.2:1b,etri-dev0001-jetorn,ACTIVE,1363.795,6eda912d-13ac-4be4-8811-a94a6dab364f,Edge computing reduces latency by processing data closer,nano,16,12.0,ok,nano,1788516190.4043193,49.067,1395.598,4
1552.188,3,1556.915,1788516192.1619563,8,b03-o04-nano-c8,,8,False,194.037,llama3.2:1b,etri-dev0001-jetorn,ACTIVE,1358.151,7cff41c8-ccdc-4027-aca6-10443effa102,Edge computing reduces latency by processing data closer,nano,16,12.0,ok,nano,1788516190.605042,49.476,1388.788,4
1552.097,3,1556.799,1788516192.3569977,8,b03-o04-nano-c8,,8,False,194.461,llama3.2:1b,etri-dev0001-jetorn,ACTIVE,1357.636,9b110cbf-438c-4e9e-bd1b-03408bdeb2f6,Edge computing reduces latency by processing data closer,nano,16,12.0,ok,nano,1788516190.8001995,49.267,1392.49,4
1565.029,3,1570.695,1788516192.565091,8,b03-o04-nano-c8,,8,False,207.657,llama3.2:1b,etri-dev0001-jetorn,ACTIVE,1357.372,8132f900-30c1-4e50-96be-4da64744dd37,Edge computing reduces latency by processing data closer,nano,16,12.0,ok,nano,1788516190.9943995,49.347,1401.378,4
1565.402,3,1570.907,1788516192.7606697,8,b03-o04-nano-c8,,8,False,195.431,llama3.2:1b,etri-dev0001-jetorn,ACTIVE,1369.971,e3691e53-6aa0-47c0-84f6-ffca79833006,Edge computing reduces latency by processing data closer,nano,16,12.0,ok,nano,1788516191.189766,48.953,1400.702,4
1568.959,3,1574.345,1788516192.9570518,8,b03-o04-nano-c8,,8,False,196.012,llama3.2:1b,etri-dev0001-jetorn,ACTIVE,1372.947,155fb237-c797-4551-ad61-a5a7cc67ed6b,Edge computing reduces latency by processing data closer,nano,16,12.0,ok,nano,1788516191.3827105,49.071,1404.804,4
1568.215,3,1573.771,1788516193.1513839,8,b03-o04-nano-c8,,8,False,193.309,llama3.2:1b,etri-dev0001-jetorn,ACTIVE,1374.907,ef7698ab-d81d-401c-b5e0-73365efdb45b,Edge computing reduces latency by processing data closer,nano,16,12.0,ok,nano,1788516191.5776165,49.518,1405.381,4
1560.784,3,1573.312,1788516193.3463216,8,b03-o04-nano-c8,,8,False,195.042,llama3.2:1b,etri-dev0001-jetorn,ACTIVE,1365.742,38ca44eb-cf8d-435f-864f-ecc0a5d25c1f,Edge computing reduces latency by processing data closer,nano,16,12.0,ok,nano,1788516191.7730148,49.388,1397.063,4
1567.756,3,1572.731,1788516193.5405653,8,b03-o04-nano-c8,,8,False,193.452,llama3.2:1b,etri-dev0001-jetorn,ACTIVE,1374.304,b8ef523b-0493-4eab-9001-a09e833cf290,Edge computing reduces latency by processing data closer,nano,16,12.0,ok,nano,1788516191.9678383,49.409,1404.52,4
1568.438,3,1573.076,1788516193.7350538,8,b03-o04-nano-c8,,8,False,194.676,llama3.2:1b,etri-dev0001-jetorn,ACTIVE,1373.762,c2c28de8-a021-4072-b79f-4fb5f223b08b,Edge computing reduces latency by processing data closer,nano,16,12.0,ok,nano,1788516192.1619816,49.292,1404.5,4
1567.734,3,1572.591,1788516193.9296112,8,b03-o04-nano-c8,,8,False,194.229,llama3.2:1b,etri-dev0001-jetorn,ACTIVE,1373.505,9a2da5ff-fa05-4b7a-a861-31d043d87d8c,Edge computing reduces latency by processing data closer,nano,16,12.0,ok,nano,1788516192.3570218,49.316,1403.822,4
1553.192,3,1558.162,1788516194.1233878,8,b03-o04-nano-c8,,8,False,193.412,llama3.2:1b,etri-dev0001-jetorn,ACTIVE,1359.78,b09e95e8-1b8e-4558-abfa-8c3e8d7944a9,Edge computing reduces latency by processing data closer,nano,16,12.0,ok,nano,1788516192.565226,49.415,1394.63,4
1551.44,3,1556.897,1788516194.3176553,8,b03-o04-nano-c8,,8,False,193.583,llama3.2:1b,etri-dev0001-jetorn,ACTIVE,1357.858,0ab4f6f1-e256-467d-80ec-2fd03fd6a5cf,Edge computing reduces latency by processing data closer,nano,16,12.0,ok,nano,1788516192.7607617,49.5,1388.028,4
1550.444,3,1555.164,1788516194.512303,8,b03-o04-nano-c8,,8,False,194.205,llama3.2:1b,etri-dev0001-jetorn,ACTIVE,1356.238,a9d945be-09cd-47cd-bf95-f12829e3c625,Edge computing reduces latency by processing data closer,nano,16,12.0,ok,nano,1788516192.957143,49.369,1387.012,4
1549.622,3,1555.381,1788516194.7068105,8,b03-o04-nano-c8,,8,False,193.927,llama3.2:1b,etri-dev0001-jetorn,ACTIVE,1355.695,88d67067-ba5c-4a4a-83f2-11cec2a29059,Edge computing reduces latency by processing data closer,nano,16,12.0,ok,nano,1788516193.1514761,49.257,1385.862,4
1549.833,3,1555.197,1788516194.9016225,8,b03-o04-nano-c8,,8,False,194.731,llama3.2:1b,etri-dev0001-jetorn,ACTIVE,1355.102,40e61bb3-503c-42f1-83f2-ec87c161fcba,Edge computing reduces latency by processing data closer,nano,16,12.0,ok,nano,1788516193.346431,49.381,1386.185,4
1549.201,3,1554.177,1788516195.094835,8,b03-o04-nano-c8,,8,False,193.094,llama3.2:1b,etri-dev0001-jetorn,ACTIVE,1356.107,5dc34ce0-f616-4702-9b64-a574013cd0aa,Edge computing reduces latency by processing data closer,nano,16,12.0,ok,nano,1788516193.54066,49.469,1386.758,4
1548.328,3,1553.161,1788516195.2882946,8,b03-o04-nano-c8,,8,False,192.953,llama3.2:1b,etri-dev0001-jetorn,ACTIVE,1355.375,54e5cfc5-b3e4-40b6-b33e-674e0411a39e,Edge computing reduces latency by processing data closer,nano,16,12.0,ok,nano,1788516193.735138,49.515,1384.766,4
1548.757,3,1554.084,1788516195.483716,8,b03-o04-nano-c8,,8,False,194.733,llama3.2:1b,etri-dev0001-jetorn,ACTIVE,1354.025,bb151c78-829b-4a1c-bd32-5969a2a38d60,Edge computing reduces latency by processing data closer,nano,16,12.0,ok,nano,1788516193.9296358,49.401,1384.859,4
1551.047,3,1556.01,1788516195.6794186,8,b03-o04-nano-c8,,8,False,195.425,llama3.2:1b,etri-dev0001-jetorn,ACTIVE,1355.622,48a77c00-0230-4120-a668-b4788f1ca227,Edge computing reduces latency by processing data closer,nano,16,12.0,ok,nano,1788516194.1234121,49.294,1386.789,4
1552.394,3,1557.422,1788516195.8751667,8,b03-o04-nano-c8,,8,False,195.907,llama3.2:1b,etri-dev0001-jetorn,ACTIVE,1356.487,29f6c2be-bef5-49a6-a865-06a7895c9c1d,Edge computing reduces latency by processing data closer,nano,16,12.0,ok,nano,1788516194.3177452,48.833,1387.361,4
1552.683,3,1558.031,1788516196.0704541,8,b03-o04-nano-c8,,8,False,195.045,llama3.2:1b,etri-dev0001-jetorn,ACTIVE,1357.638,be835cbb-b735-47f1-b763-eeee81ff23ef,Edge computing reduces latency by processing data closer,nano,16,12.0,ok,nano,1788516194.5124235,49.093,1388.414,4
1553.969,3,1559.128,1788516196.2660818,8,b03-o04-nano-c8,,8,False,194.868,llama3.2:1b,etri-dev0001-jetorn,ACTIVE,1359.101,2bf5c0e3-6998-431d-830b-7ec14b0f4a31,Edge computing reduces latency by processing data closer,nano,16,12.0,ok,nano,1788516194.7069602,49.222,1393.178,4
1554.477,3,1559.727,1788516196.4614563,8,b03-o04-nano-c8,,8,False,195.079,llama3.2:1b,etri-dev0001-jetorn,ACTIVE,1359.398,291b00d5-5dba-4f44-9f24-07da6b7c36e4,Edge computing reduces latency by processing data closer,nano,16,12.0,ok,nano,1788516194.9017334,49.268,1390.346,4
1556.65,3,1561.315,1788516196.6561906,8,b03-o04-nano-c8,,8,False,194.414,llama3.2:1b,etri-dev0001-jetorn,ACTIVE,1362.237,17cff4a3-26e3-480b-ba6b-aef3d4ced074,Edge computing reduces latency by processing data closer,nano,16,12.0,ok,nano,1788516195.094879,49.446,1392.763,4
1555.677,3,1561.037,1788516196.8494203,8,b03-o04-nano-c8,,8,False,192.886,llama3.2:1b,etri-dev0001-jetorn,ACTIVE,1362.791,b7ae53ab-94e9-4c58-b0d4-8adee11f3e89,Edge computing reduces latency by processing data closer,nano,16,12.0,ok,nano,1788516195.288387,49.527,1393.123,4
1557.133,3,1561.99,1788516197.0457928,8,b03-o04-nano-c8,,8,False,195.901,llama3.2:1b,etri-dev0001-jetorn,ACTIVE,1361.232,6248c527-b8cb-4b79-ae68-c2ee41975039,Edge computing reduces latency by processing data closer,nano,16,12.0,ok,nano,1788516195.4838057,48.935,1396.237,4
1555.047,3,1560.679,1788516197.2401845,8,b03-o04-nano-c8,,8,False,194.056,llama3.2:1b,etri-dev0001-jetorn,ACTIVE,1360.992,de8f5898-455b-49c5-942c-ec5b5a2a31f6,Edge computing reduces latency by processing data closer,nano,16,12.0,ok,nano,1788516195.6795099,49.522,1392.286,4
1554.868,3,1559.778,1788516197.4349709,8,b03-o04-nano-c8,,8,False,194.264,llama3.2:1b,etri-dev0001-jetorn,ACTIVE,1360.604,8d67590e-90ae-4c1a-9181-1853eccc6e5c,Edge computing reduces latency by processing data closer,nano,16,12.0,ok,nano,1788516195.8751965,49.378,1391.016,4
1554.509,3,1559.145,1788516197.6296234,8,b03-o04-nano-c8,,8,False,194.279,llama3.2:1b,etri-dev0001-jetorn,ACTIVE,1360.23,e3487338-3948-4e90-9662-85fdcc87076f,Edge computing reduces latency by processing data closer,nano,16,12.0,ok,nano,1788516196.0704818,49.449,1391.109,4
1553.371,3,1558.898,1788516197.8250973,8,b03-o04-nano-c8,,8,False,195.046,llama3.2:1b,etri-dev0001-jetorn,ACTIVE,1358.325,52b650ec-99ea-4f70-961e-2783c361051a,Edge computing reduces latency by processing data closer,nano,16,12.0,ok,nano,1788516196.2662046,49.416,1397.405,4
1553.371,3,1559.378,1788516198.0209148,8,b03-o04-nano-c8,,8,False,195.012,llama3.2:1b,etri-dev0001-jetorn,ACTIVE,1358.359,37b36b18-f780-436d-99ca-20596c98b9c3,Edge computing reduces latency by processing data closer,nano,16,12.0,ok,nano,1788516196.4615407,49.397,1389.682,4
1554.83,3,1560.213,1788516198.2164693,8,b03-o04-nano-c8,,8,False,195.555,llama3.2:1b,etri-dev0001-jetorn,ACTIVE,1359.275,f11b51c2-10ad-41aa-99f9-b8cb9ad1fd80,Edge computing reduces latency by processing data closer,nano,16,12.0,ok,nano,1788516196.6562564,49.325,1390.744,4
1557.334,3,1562.387,1788516198.4118943,8,b03-o04-nano-c8,,8,False,195.284,llama3.2:1b,etri-dev0001-jetorn,ACTIVE,1362.05,d19af00d-ef61-4304-a459-243061c2ac04,Edge computing reduces latency by processing data closer,nano,16,12.0,ok,nano,1788516196.8495083,49.235,1393.461,4
1558.671,3,1564.554,1788516198.6104133,8,b03-o04-nano-c8,,8,False,197.964,llama3.2:1b,etri-dev0001-jetorn,ACTIVE,1360.707,c4a5a176-d246-4362-85ad-080c9bc2bbe5,Edge computing reduces latency by processing data closer,nano,16,12.0,ok,nano,1788516197.0458632,48.491,1391.779,4
1560.134,3,1565.118,1788516198.805422,8,b03-o04-nano-c8,,8,False,194.608,llama3.2:1b,etri-dev0001-jetorn,ACTIVE,1365.525,d78ed680-39c3-4bcb-bf87-9910fba7a183,Edge computing reduces latency by processing data closer,nano,16,12.0,ok,nano,1788516197.240307,49.531,1400.089,4
311.074,3,328.164,1788516202.1653752,4,b03-o05-nano-c4,,8,False,311.058,llama3.2:1b,etri-dev0001-jetorn,ACTIVE,0.016,ee1f5a8d-dcec-492a-9fee-c54cdf4fabf6,Edge computing reduces latency by processing data closer,nano,17,12.0,ok,nano,1788516201.837213,37.93,98.065,5
564.773,3,578.996,1788516202.4213512,4,b03-o05-nano-c4,,8,False,256.205,llama3.2:1b,etri-dev0001-jetorn,ACTIVE,308.568,b8514996-48ba-47f1-a347-d756b6d834c7,Edge computing reduces latency by processing data closer,nano,17,12.0,ok,nano,1788516201.8423588,37.182,347.321,5
796.08,3,811.286,1788516202.6545928,4,b03-o05-nano-c4,,8,False,232.774,llama3.2:1b,etri-dev0001-jetorn,ACTIVE,563.306,8ae9fb83-c479-4a60-b9df-e6deb4199092,Edge computing reduces latency by processing data closer,nano,17,12.0,ok,nano,1788516201.843313,41.431,601.074,5
993.109,3,1008.833,1788516202.8524158,4,b03-o05-nano-c4,,8,False,197.499,llama3.2:1b,etri-dev0001-jetorn,ACTIVE,795.61,b85179b3-870d-4117-a1f6-bf2ac2d34dbe,Edge computing reduces latency by processing data closer,nano,17,12.0,ok,nano,1788516201.8435862,48.907,827.782,5
875.442,3,881.406,1788516203.0468855,4,b03-o05-nano-c4,,8,False,193.947,llama3.2:1b,etri-dev0001-jetorn,ACTIVE,681.494,fba9f144-2964-4816-98d8-f24df86533ab,Edge computing reduces latency by processing data closer,nano,17,12.0,ok,nano,1788516202.1654851,49.329,714.28,5
814.051,3,820.364,1788516203.2418232,4,b03-o05-nano-c4,,8,False,194.514,llama3.2:1b,etri-dev0001-jetorn,ACTIVE,619.537,c9f80a19-4791-4843-ab50-7698df1cadf5,Edge computing reduces latency by processing data closer,nano,17,12.0,ok,nano,1788516202.421464,49.33,653.771,5
777.35,3,783.425,1788516203.4381263,4,b03-o05-nano-c4,,8,False,195.472,llama3.2:1b,etri-dev0001-jetorn,ACTIVE,581.878,86e191ad-7e66-471e-96dc-b19bc3738857,Edge computing reduces latency by processing data closer,nano,17,12.0,ok,nano,1788516202.6547043,49.424,613.499,5
776.033,3,780.925,1788516203.6334603,4,b03-o05-nano-c4,,8,False,195.585,llama3.2:1b,etri-dev0001-jetorn,ACTIVE,580.448,ce742363-3ac9-4939-a3d8-51ccd79c73ea,Edge computing reduces latency by processing data closer,nano,17,12.0,ok,nano,1788516202.852538,49.493,612.408,5
775.392,3,781.005,1788516203.828021,4,b03-o05-nano-c4,,8,False,193.924,llama3.2:1b,etri-dev0001-jetorn,ACTIVE,581.468,5d089074-585a-4f06-bafb-241ddab733de,Edge computing reduces latency by processing data closer,nano,17,12.0,ok,nano,1788516203.0470216,49.545,612.346,5
775.778,3,781.309,1788516204.023298,4,b03-o05-nano-c4,,8,False,194.783,llama3.2:1b,etri-dev0001-jetorn,ACTIVE,580.996,7c7725e1-5ad1-498b-8239-a6d06938c207,Edge computing reduces latency by processing data closer,nano,17,12.0,ok,nano,1788516203.2419922,49.278,613.145,5
773.678,3,778.92,1788516204.2171493,4,b03-o05-nano-c4,,8,False,194.053,llama3.2:1b,etri-dev0001-jetorn,ACTIVE,579.625,6687d6cb-4afc-4183-9cf3-e997087284a4,Edge computing reduces latency by processing data closer,nano,17,12.0,ok,nano,1788516203.4382298,49.368,613.887,5
772.348,3,777.463,1788516204.4110103,4,b03-o05-nano-c4,,8,False,193.269,llama3.2:1b,etri-dev0001-jetorn,ACTIVE,579.079,4178c2d6-f192-4104-9851-aaa1e1c4970f,Edge computing reduces latency by processing data closer,nano,17,12.0,ok,nano,1788516203.633549,49.46,609.308,5
773.254,3,778.872,1788516204.6070023,4,b03-o05-nano-c4,,8,False,195.446,llama3.2:1b,etri-dev0001-jetorn,ACTIVE,577.808,1d474a1d-e0d7-4d0c-8fa6-7fee0333598b,Edge computing reduces latency by processing data closer,nano,17,12.0,ok,nano,1788516203.8281314,49.545,611.861,5
772.704,3,777.653,1788516204.80102,4,b03-o05-nano-c4,,8,False,193.751,llama3.2:1b,etri-dev0001-jetorn,ACTIVE,578.954,253ef059-62a9-4391-9134-725431919ae5,Edge computing reduces latency by processing data closer,nano,17,12.0,ok,nano,1788516204.0233684,49.469,609.141,5
774.139,3,778.644,1788516204.995817,4,b03-o05-nano-c4,,8,False,194.368,llama3.2:1b,etri-dev0001-jetorn,ACTIVE,579.771,b6b10f09-5b89-43b3-8434-1cf6b6f67a01,Edge computing reduces latency by processing data closer,nano,17,12.0,ok,nano,1788516204.217174,49.353,609.838,5
772.745,3,778.205,1788516205.1892765,4,b03-o05-nano-c4,,8,False,193.148,llama3.2:1b,etri-dev0001-jetorn,ACTIVE,579.597,3b634127-c429-4df4-a105-561f0bbec0ef,Edge computing reduces latency by processing data closer,nano,17,12.0,ok,nano,1788516204.4110737,49.508,612.47,5
771.612,3,776.759,1788516205.3838,4,b03-o05-nano-c4,,8,False,193.913,llama3.2:1b,etri-dev0001-jetorn,ACTIVE,577.698,84f4aab6-32fa-41c2-bc77-302906f0bf42,Edge computing reduces latency by processing data closer,nano,17,12.0,ok,nano,1788516204.6070433,49.36,608.074,5
773.809,3,778.63,1788516205.5796947,4,b03-o05-nano-c4,,8,False,195.486,llama3.2:1b,etri-dev0001-jetorn,ACTIVE,578.323,85969a18-f5b5-4f62-94a7-2f4dccdba418,Edge computing reduces latency by processing data closer,nano,17,12.0,ok,nano,1788516204.801066,48.969,608.867,5
774.212,3,778.651,1788516205.7744942,4,b03-o05-nano-c4,,8,False,194.553,llama3.2:1b,etri-dev0001-jetorn,ACTIVE,579.659,4e6fdf8d-1bf2-4282-bee4-839942dd43dc,Edge computing reduces latency by processing data closer,nano,17,12.0,ok,nano,1788516204.9958446,49.324,610.431,5
775.334,3,780.29,1788516205.9696126,4,b03-o05-nano-c4,,8,False,194.569,llama3.2:1b,etri-dev0001-jetorn,ACTIVE,580.765,331043b4-7d62-4b35-85db-39b9a7808980,Edge computing reduces latency by processing data closer,nano,17,12.0,ok,nano,1788516205.1893249,49.43,611.913,5
773.898,3,778.339,1788516206.162202,4,b03-o05-nano-c4,,8,False,192.794,llama3.2:1b,etri-dev0001-jetorn,ACTIVE,581.105,2ed09902-2c2c-48b5-84c7-7ec2ef5e5ccc,Edge computing reduces latency by processing data closer,nano,17,12.0,ok,nano,1788516205.3838649,49.453,610.704,5
773.597,3,778.501,1788516206.358217,4,b03-o05-nano-c4,,8,False,194.81,llama3.2:1b,etri-dev0001-jetorn,ACTIVE,578.787,32a30d3a-053c-45e7-8c04-4919f10f9337,Edge computing reduces latency by processing data closer,nano,17,12.0,ok,nano,1788516205.5797188,49.04,608.922,5
772.869,3,777.557,1788516206.5520735,4,b03-o05-nano-c4,,8,False,193.523,llama3.2:1b,etri-dev0001-jetorn,ACTIVE,579.346,6b1f256e-b01e-4429-ae79-37a35d714767,Edge computing reduces latency by processing data closer,nano,17,12.0,ok,nano,1788516205.7745204,49.558,609.956,5
773.205,3,778.56,1788516206.7482007,4,b03-o05-nano-c4,,8,False,195.212,llama3.2:1b,etri-dev0001-jetorn,ACTIVE,577.993,71929c91-422a-4733-9c00-8ded3626d210,Edge computing reduces latency by processing data closer,nano,17,12.0,ok,nano,1788516205.9696472,49.455,621.943,5
776.373,3,781.353,1788516206.9435883,4,b03-o05-nano-c4,,8,False,194.707,llama3.2:1b,etri-dev0001-jetorn,ACTIVE,581.667,056a5a76-1569-4aa1-82e1-401be671099c,Edge computing reduces latency by processing data closer,nano,17,12.0,ok,nano,1788516206.1622393,49.358,612.798,5
773.586,3,779.405,1788516207.137708,4,b03-o05-nano-c4,,8,False,194.227,llama3.2:1b,etri-dev0001-jetorn,ACTIVE,579.36,39aaedd0-ddf9-4f5a-94ce-221c84650664,Edge computing reduces latency by processing data closer,nano,17,12.0,ok,nano,1788516206.358307,49.426,610.296,5
774.659,3,780.327,1788516207.3325295,4,b03-o05-nano-c4,,8,False,194.101,llama3.2:1b,etri-dev0001-jetorn,ACTIVE,580.558,7df48ba3-7da3-42f3-ac2f-a00e378d1ee8,Edge computing reduces latency by processing data closer,nano,17,12.0,ok,nano,1788516206.5522056,49.333,611.324,5
771.965,3,778.138,1788516207.5264454,4,b03-o05-nano-c4,,8,False,193.4,llama3.2:1b,etri-dev0001-jetorn,ACTIVE,578.565,c185564a-8ba2-4720-8dac-b501f4e30dba,Edge computing reduces latency by processing data closer,nano,17,12.0,ok,nano,1788516206.7483125,49.522,608.594,5
772.446,3,778.438,1788516207.7221103,4,b03-o05-nano-c4,,8,False,195.814,llama3.2:1b,etri-dev0001-jetorn,ACTIVE,576.633,00a05540-15af-4c48-864d-d25c7524df50,Edge computing reduces latency by processing data closer,nano,17,12.0,ok,nano,1788516206.9436753,49.05,607.698,5
775.069,3,780.64,1788516207.9184434,4,b03-o05-nano-c4,,8,False,195.811,llama3.2:1b,etri-dev0001-jetorn,ACTIVE,579.259,eaae4a3a-0916-4e99-b4ef-b40d972738b1,Edge computing reduces latency by processing data closer,nano,17,12.0,ok,nano,1788516207.137804,49.371,613.819,5
775.468,3,780.757,1788516208.113372,4,b03-o05-nano-c4,,8,False,194.915,llama3.2:1b,etri-dev0001-jetorn,ACTIVE,580.554,59469bbc-3166-448d-b3c4-ec773a336c68,Edge computing reduces latency by processing data closer,nano,17,12.0,ok,nano,1788516207.332618,49.374,611.973,5
777.118,3,782.739,1788516208.3092942,4,b03-o05-nano-c4,,8,False,194.715,llama3.2:1b,etri-dev0001-jetorn,ACTIVE,582.403,4462c9af-5b14-48bf-af3a-030edd30f61f,Edge computing reduces latency by processing data closer,nano,17,12.0,ok,nano,1788516207.5265586,49.374,613.676,5
776.76,3,781.789,1788516208.5039876,4,b03-o05-nano-c4,,8,False,194.45,llama3.2:1b,etri-dev0001-jetorn,ACTIVE,582.309,56eecf4b-1cf1-472d-8a56-550b0bf3cd27,Edge computing reduces latency by processing data closer,nano,17,12.0,ok,nano,1788516207.7221987,49.188,617.826,5
775.829,3,780.466,1788516208.6989222,4,b03-o05-nano-c4,,8,False,194.819,llama3.2:1b,etri-dev0001-jetorn,ACTIVE,581.01,74feca09-79c5-4ae2-b834-b20c057a5ec1,Edge computing reduces latency by processing data closer,nano,17,12.0,ok,nano,1788516207.918468,49.176,611.744,5
775.132,3,779.784,1788516208.8932421,4,b03-o05-nano-c4,,8,False,193.778,llama3.2:1b,etri-dev0001-jetorn,ACTIVE,581.354,0fde96fe-58c6-4894-a04f-635600b1467e,Edge computing reduces latency by processing data closer,nano,17,12.0,ok,nano,1788516208.11346,49.4,611.795,5
776.601,3,781.211,1788516209.0906065,4,b03-o05-nano-c4,,8,False,196.675,llama3.2:1b,etri-dev0001-jetorn,ACTIVE,579.927,7ab4b5cf-3279-44eb-ab73-93ee22a94346,Edge computing reduces latency by processing data closer,nano,17,12.0,ok,nano,1788516208.3093975,49.129,612.113,5
777.853,3,782.573,1788516209.2865813,4,b03-o05-nano-c4,,8,False,195.803,llama3.2:1b,etri-dev0001-jetorn,ACTIVE,582.05,00aade2f-da64-4ca5-8fee-216b210a0632,Edge computing reduces latency by processing data closer,nano,17,12.0,ok,nano,1788516208.504012,49.155,624.389,5
777.278,3,782.56,1788516209.4815524,4,b03-o05-nano-c4,,8,False,194.391,llama3.2:1b,etri-dev0001-jetorn,ACTIVE,582.887,bab0e321-bdfa-45f4-a8f5-c8ba6f0ccf0f,Edge computing reduces latency by processing data closer,nano,17,12.0,ok,nano,1788516208.6989958,49.42,613.562,5
778.018,3,782.401,1788516209.6757019,4,b03-o05-nano-c4,,8,False,193.99,llama3.2:1b,etri-dev0001-jetorn,ACTIVE,584.028,3610d3eb-5afd-4b65-899c-080c882c9c91,Edge computing reduces latency by processing data closer,nano,17,12.0,ok,nano,1788516208.8933039,49.519,615.387,5
775.173,3,780.849,1788516209.871492,4,b03-o05-nano-c4,,8,False,194.859,llama3.2:1b,etri-dev0001-jetorn,ACTIVE,580.315,405b33de-ae1c-479b-a7bf-878c8a602a2a,Edge computing reduces latency by processing data closer,nano,17,12.0,ok,nano,1788516209.0906475,49.304,613.272,5
774.313,3,779.54,1788516210.0662057,4,b03-o05-nano-c4,,8,False,195.002,llama3.2:1b,etri-dev0001-jetorn,ACTIVE,579.311,01c53d17-299a-4dcc-915c-0c20ca51ca6b,Edge computing reduces latency by processing data closer,nano,17,12.0,ok,nano,1788516209.2866683,49.346,610.603,5
773.863,3,779.214,1788516210.2608497,4,b03-o05-nano-c4,,8,False,194.361,llama3.2:1b,etri-dev0001-jetorn,ACTIVE,579.503,4773bff4-6449-4a94-8862-4bec8b7e059e,Edge computing reduces latency by processing data closer,nano,17,12.0,ok,nano,1788516209.4816363,49.305,611.112,5
774.492,3,779.757,1788516210.4555438,4,b03-o05-nano-c4,,8,False,194.007,llama3.2:1b,etri-dev0001-jetorn,ACTIVE,580.485,439947af-26ab-427c-8e0e-254a222f3b60,Edge computing reduces latency by processing data closer,nano,17,12.0,ok,nano,1788516209.675791,49.082,612.511,5
773.111,3,778.095,1788516210.6497476,4,b03-o05-nano-c4,,8,False,193.823,llama3.2:1b,etri-dev0001-jetorn,ACTIVE,579.288,483e5c17-d023-4eb8-ad6c-7a15a54bc9be,Edge computing reduces latency by processing data closer,nano,17,12.0,ok,nano,1788516209.8716562,49.417,612.297,5
773.936,3,779.151,1788516210.8454194,4,b03-o05-nano-c4,,8,False,195.02,llama3.2:1b,etri-dev0001-jetorn,ACTIVE,578.916,dda96d93-595f-4c93-bc8e-be5a28533231,Edge computing reduces latency by processing data closer,nano,17,12.0,ok,nano,1788516210.066272,49.29,609.977,5
775.029,3,779.244,1788516211.040116,4,b03-o05-nano-c4,,8,False,194.745,llama3.2:1b,etri-dev0001-jetorn,ACTIVE,580.284,ef1b0231-964b-42a1-b9de-3af7d17204a8,Edge computing reduces latency by processing data closer,nano,17,12.0,ok,nano,1788516210.2608736,49.348,610.584,5
772.971,3,779.129,1788516211.234761,4,b03-o05-nano-c4,,8,False,193.197,llama3.2:1b,etri-dev0001-jetorn,ACTIVE,579.774,0b7a4626-5e50-4919-b1ac-d7efb5ffb2c2,Edge computing reduces latency by processing data closer,nano,17,12.0,ok,nano,1788516210.4556346,49.497,619.87,5
773.753,3,779.051,1788516211.4288926,4,b03-o05-nano-c4,,8,False,194.29,llama3.2:1b,etri-dev0001-jetorn,ACTIVE,579.463,c05acaab-20b9-4569-8ef3-32046b644cbe,Edge computing reduces latency by processing data closer,nano,17,12.0,ok,nano,1788516210.649845,49.474,610.287,5
771.337,3,777.046,1788516211.622551,4,b03-o05-nano-c4,,8,False,193.35,llama3.2:1b,etri-dev0001-jetorn,ACTIVE,577.988,f2e221c3-9830-4de5-b55b-cba760b80515,Edge computing reduces latency by processing data closer,nano,17,12.0,ok,nano,1788516210.845509,49.518,607.984,5
772.552,3,777.671,1788516211.8178077,4,b03-o05-nano-c4,,8,False,194.383,llama3.2:1b,etri-dev0001-jetorn,ACTIVE,578.169,c8215f71-0510-4a79-a587-5f769bdac324,Edge computing reduces latency by processing data closer,nano,17,12.0,ok,nano,1788516211.0401409,49.559,608.963,5
770.88,3,776.608,1788516212.0114558,4,b03-o05-nano-c4,,8,False,193.728,llama3.2:1b,etri-dev0001-jetorn,ACTIVE,577.153,4b99f0cc-9755-4b55-b7f4-79088ec02da4,Edge computing reduces latency by processing data closer,nano,17,12.0,ok,nano,1788516211.2348514,49.556,607.523,5
771.912,3,777.279,1788516212.2063136,4,b03-o05-nano-c4,,8,False,194.449,llama3.2:1b,etri-dev0001-jetorn,ACTIVE,577.464,b7936190-f9fc-4f6b-b8b3-f82f9727a6f5,Edge computing reduces latency by processing data closer,nano,17,12.0,ok,nano,1788516211.4290388,49.401,608.57,5
773.394,3,779.04,1788516212.4016767,4,b03-o05-nano-c4,,8,False,194.49,llama3.2:1b,etri-dev0001-jetorn,ACTIVE,578.904,bdc84a2c-b091-4906-abf2-cbf10138fdb9,Edge computing reduces latency by processing data closer,nano,17,12.0,ok,nano,1788516211.6226404,49.511,609.426,5
772.417,3,778.255,1788516212.5961516,4,b03-o05-nano-c4,,8,False,194.14,llama3.2:1b,etri-dev0001-jetorn,ACTIVE,578.277,62de2c06-bce3-449f-9c29-df992c79eaa7,Edge computing reduces latency by processing data closer,nano,17,12.0,ok,nano,1788516211.8179007,49.522,608.933,5
772.856,3,778.342,1788516212.789897,4,b03-o05-nano-c4,,8,False,193.322,llama3.2:1b,etri-dev0001-jetorn,ACTIVE,579.535,37778ddb-7866-4dcd-85f1-e9b1024f238f,Edge computing reduces latency by processing data closer,nano,17,12.0,ok,nano,1788516212.0115583,49.561,620.435,5
773.835,3,779.128,1788516212.9855387,4,b03-o05-nano-c4,,8,False,195.766,llama3.2:1b,etri-dev0001-jetorn,ACTIVE,578.069,5f49510e-9b8d-43ba-8e72-6a5074b1b584,Edge computing reduces latency by processing data closer,nano,17,12.0,ok,nano,1788516212.2064152,49.211,609.429,5
772.552,3,778.459,1788516213.1802223,4,b03-o05-nano-c4,,8,False,194.204,llama3.2:1b,etri-dev0001-jetorn,ACTIVE,578.348,bb9eb77c-c7be-4599-b12b-fef1deedeb9d,Edge computing reduces latency by processing data closer,nano,17,12.0,ok,nano,1788516212.4017673,49.26,608.186,5
774.655,3,780.024,1788516213.3762727,4,b03-o05-nano-c4,,8,False,195.495,llama3.2:1b,etri-dev0001-jetorn,ACTIVE,579.16,da59a885-6ac6-4213-b52e-c43184361d1c,Edge computing reduces latency by processing data closer,nano,17,12.0,ok,nano,1788516212.5962522,49.424,611.328,5
775.478,3,780.919,1788516213.570988,4,b03-o05-nano-c4,,8,False,193.943,llama3.2:1b,etri-dev0001-jetorn,ACTIVE,581.535,c177ddef-dbb7-4463-be4a-bbac074f6ee9,Edge computing reduces latency by processing data closer,nano,17,12.0,ok,nano,1788516212.7900717,49.502,614.215,5
774.564,3,779.626,1788516213.7652617,4,b03-o05-nano-c4,,8,False,194.325,llama3.2:1b,etri-dev0001-jetorn,ACTIVE,580.239,5bebd52e-c303-4906-b3af-9f29a16012d3,Edge computing reduces latency by processing data closer,nano,17,12.0,ok,nano,1788516212.9856389,49.47,611.587,5
773.573,3,780.413,1788516213.9607236,4,b03-o05-nano-c4,,8,False,195.216,llama3.2:1b,etri-dev0001-jetorn,ACTIVE,578.357,c48f58b8-ada9-4984-96b2-6e9295a326fa,Edge computing reduces latency by processing data closer,nano,17,12.0,ok,nano,1788516213.1803114,49.091,613.986,5
777.773,3,783.392,1788516214.1597605,4,b03-o05-nano-c4,,8,False,198.168,llama3.2:1b,etri-dev0001-jetorn,ACTIVE,579.606,4daeb3a9-fc11-41b9-9249-85b6dfb0cb12,Edge computing reduces latency by processing data closer,nano,17,12.0,ok,nano,1788516213.3763723,49.383,613.862,5
779.411,3,783.689,1788516214.3547542,4,b03-o05-nano-c4,,8,False,195.419,llama3.2:1b,etri-dev0001-jetorn,ACTIVE,583.992,e70e03f7-5b98-4856-a51d-93cc18edfb4e,Edge computing reduces latency by processing data closer,nano,17,12.0,ok,nano,1788516213.571067,49.245,617.768,5
779.995,3,785.171,1788516214.550554,4,b03-o05-nano-c4,,8,False,194.931,llama3.2:1b,etri-dev0001-jetorn,ACTIVE,585.064,6eba0030-56fc-42bd-a4f9-155f16e0aa86,Edge computing reduces latency by processing data closer,nano,17,12.0,ok,nano,1788516213.7653868,49.329,616.518,5
327.572,3,342.681,1788516217.9181557,32,b03-o06-nano-c32,,8,False,327.558,llama3.2:1b,etri-dev0001-jetorn,ACTIVE,0.014,526ebb02-4de8-4619-9de5-d515ac7c96b3,Edge computing reduces latency by processing data closer,nano,18,12.0,ok,nano,1788516217.5754747,34.319,95.73,6
575.212,3,598.113,1788516218.1716104,32,b03-o06-nano-c32,,8,False,251.966,llama3.2:1b,etri-dev0001-jetorn,ACTIVE,323.246,0755c76b-d200-4b23-8301-ef8066db73c2,Edge computing reduces latency by processing data closer,nano,18,12.0,ok,nano,1788516217.5735,37.569,360.733,6
815.547,3,841.814,1788516218.416329,32,b03-o06-nano-c32,,8,False,245.225,llama3.2:1b,etri-dev0001-jetorn,ACTIVE,570.322,9296a902-c471-413e-a31a-c1f943b39a97,Edge computing reduces latency by processing data closer,nano,18,12.0,ok,nano,1788516217.5745203,38.794,607.912,6
1012.009,3,1032.447,1788516218.6130376,32,b03-o06-nano-c32,,8,False,196.448,llama3.2:1b,etri-dev0001-jetorn,ACTIVE,815.561,fbf41e3a-3176-49ef-9ef7-2957b4e2f3b3,Edge computing reduces latency by processing data closer,nano,18,12.0,ok,nano,1788516217.5805917,49.415,847.994,6
,3,1058.878,1788516218.65885,32,b03-o06-nano-c32,ConnectionResetError:[Errno 104] Connection reset by peer,,False,,,,,,4fa30062-1e2e-46d1-ab5d-5660b763c6e3,,,18,12.0,error,nano,1788516217.599974,,,6
,3,1057.031,1788516218.6609175,32,b03-o06-nano-c32,ConnectionResetError:[Errno 104] Connection reset by peer,,False,,,,,,8cd3dc53-0238-4a10-8e0d-222b25057bce,,,18,12.0,error,nano,1788516217.6038888,,,6
1207.839,3,1232.994,1788516218.809495,32,b03-o06-nano-c32,,8,False,196.077,llama3.2:1b,etri-dev0001-jetorn,ACTIVE,1011.762,5318009d-ccbb-45ef-bf47-5a71e82a2d2a,Edge computing reduces latency by processing data closer,nano,18,12.0,ok,nano,1788516217.5765057,49.257,1044.559,6
1397.701,3,1424.107,1788516219.0037146,32,b03-o06-nano-c32,,8,False,193.345,llama3.2:1b,etri-dev0001-jetorn,ACTIVE,1204.356,1dc21e3e-e1b9-404a-9f52-f030bcb346dd,Edge computing reduces latency by processing data closer,nano,18,12.0,ok,nano,1788516217.579613,49.335,1233.961,6
1590.725,3,1620.499,1788516219.198124,32,b03-o06-nano-c32,,8,False,194.716,llama3.2:1b,etri-dev0001-jetorn,ACTIVE,1396.009,5cec26a6-cdf0-4349-ba55-0faa0eef0465,Edge computing reduces latency by processing data closer,nano,18,12.0,ok,nano,1788516217.577629,49.024,1426.524,6
1775.205,3,1808.817,1788516219.3922012,32,b03-o06-nano-c32,,8,False,193.056,llama3.2:1b,etri-dev0001-jetorn,ACTIVE,1582.149,669bc6d4-c99a-4e70-804e-9cdf8d96127e,Edge computing reduces latency by processing data closer,nano,18,12.0,ok,nano,1788516217.5833895,49.497,1611.796,6
1969.163,3,2005.13,1788516219.5866394,32,b03-o06-nano-c32,,8,False,193.982,llama3.2:1b,etri-dev0001-jetorn,ACTIVE,1775.181,b08bc679-9c3f-410f-ac2e-29b912c7e278,Edge computing reduces latency by processing data closer,nano,18,12.0,ok,nano,1788516217.5815125,49.458,1805.879,6
2157.019,3,2198.204,1788516219.7804732,32,b03-o06-nano-c32,,8,False,193.626,llama3.2:1b,etri-dev0001-jetorn,ACTIVE,1963.392,91aabfc8-a19a-42d0-92e1-90647263a4a9,Edge computing reduces latency by processing data closer,nano,18,12.0,ok,nano,1788516217.5822742,49.624,1993.916,6
2347.038,3,2388.942,1788516219.9746583,32,b03-o06-nano-c32,,8,False,194.561,llama3.2:1b,etri-dev0001-jetorn,ACTIVE,2152.478,371c98c9-de40-4393-b3ec-0dcf18e658fc,Edge computing reduces latency by processing data closer,nano,18,12.0,ok,nano,1788516217.585717,49.468,2183.425,6
2542.287,3,2586.264,1788516220.1706684,32,b03-o06-nano-c32,,8,False,195.398,llama3.2:1b,etri-dev0001-jetorn,ACTIVE,2346.889,1ae05715-7def-4526-b65d-5e34bc73bfc3,Edge computing reduces latency by processing data closer,nano,18,12.0,ok,nano,1788516217.5844092,49.044,2377.451,6
2732.319,3,2767.033,1788516220.365341,32,b03-o06-nano-c32,,8,False,194.357,llama3.2:1b,etri-dev0001-jetorn,ACTIVE,2537.962,b1cb99ec-9a33-48d8-a9ef-18a8fbc64a74,Edge computing reduces latency by processing data closer,nano,18,12.0,ok,nano,1788516217.5983105,49.414,2568.653,6
2925.333,3,2970.432,1788516220.560334,32,b03-o06-nano-c32,,8,False,194.194,llama3.2:1b,etri-dev0001-jetorn,ACTIVE,2731.139,68ba0c60-9650-4f5b-9c0b-2d6ee49f0b45,Edge computing reduces latency by processing data closer,nano,18,12.0,ok,nano,1788516217.589906,49.18,2761.218,6
3119.011,3,3156.963,1788516220.7545953,32,b03-o06-nano-c32,,8,False,193.69,llama3.2:1b,etri-dev0001-jetorn,ACTIVE,2925.322,f4034968-f882-47be-8c51-ff8e6f8f09fb,Edge computing reduces latency by processing data closer,nano,18,12.0,ok,nano,1788516217.5976374,49.417,2956.098,6
3311.437,3,3349.397,1788516220.948464,32,b03-o06-nano-c32,,8,False,193.743,llama3.2:1b,etri-dev0001-jetorn,ACTIVE,3117.694,5948dfee-68ab-45c4-b957-1c0d417c4802,Edge computing reduces latency by processing data closer,nano,18,12.0,ok,nano,1788516217.5990708,49.404,3148.035,6
3451.042,3,3552.956,1788516221.1416404,32,b03-o06-nano-c32,,8,False,193.334,llama3.2:1b,etri-dev0001-jetorn,ACTIVE,3257.707,d689caa6-2fc4-4f8f-8023-40eaa7b16b79,Edge computing reduces latency by processing data closer,nano,18,12.0,ok,nano,1788516217.588688,49.556,3288.067,6
3645.291,3,3734.481,1788516221.3362637,32,b03-o06-nano-c32,,8,False,194.208,llama3.2:1b,etri-dev0001-jetorn,ACTIVE,3451.082,7cd33a0f-8bcb-4a19-bea3-6c3e33146fa4,Edge computing reduces latency by processing data closer,nano,18,12.0,ok,nano,1788516217.6017833,49.53,3482.32,6
3721.769,3,3940.439,1788516221.531085,32,b03-o06-nano-c32,,8,False,194.475,llama3.2:1b,etri-dev0001-jetorn,ACTIVE,3527.295,8b2c51ba-9dee-47e2-a824-56ac17d40938,Edge computing reduces latency by processing data closer,nano,18,12.0,ok,nano,1788516217.5906477,49.399,3562.686,6
3915.25,3,4138.57,1788516221.7264378,32,b03-o06-nano-c32,,8,False,195.157,llama3.2:1b,etri-dev0001-jetorn,ACTIVE,3720.093,e71ac5cc-2670-4f76-940e-9d5b2d2d5f10,Edge computing reduces latency by processing data closer,nano,18,12.0,ok,nano,1788516217.5878692,49.227,3750.923,6
4106.38,3,4320.028,1788516221.9207642,32,b03-o06-nano-c32,,8,False,193.998,llama3.2:1b,etri-dev0001-jetorn,ACTIVE,3912.382,cb355bdc-8bd5-4763-842f-488f723d74c4,Edge computing reduces latency by processing data closer,nano,18,12.0,ok,nano,1788516217.600738,49.511,3942.616,6
4192.102,3,4197.315,1788516222.115495,32,b03-o06-nano-c32,,8,False,194.348,llama3.2:1b,etri-dev0001-jetorn,ACTIVE,3997.754,5557a283-98d9-4526-bafc-1192fe61042f,Edge computing reduces latency by processing data closer,nano,18,12.0,ok,nano,1788516217.918181,49.563,4029.09,6
4131.646,3,4137.686,1788516222.3094475,32,b03-o06-nano-c32,,8,False,193.307,llama3.2:1b,etri-dev0001-jetorn,ACTIVE,3938.339,8cb5f092-75f8-41b1-8140-38bc4b5833c3,Edge computing reduces latency by processing data closer,nano,18,12.0,ok,nano,1788516218.1717618,49.457,3968.267,6
4084.002,3,4090.609,1788516222.5070515,32,b03-o06-nano-c32,,8,False,197.05,llama3.2:1b,etri-dev0001-jetorn,ACTIVE,3886.952,092bb4fe-fb33-43b4-b570-acbb069c727b,Edge computing reduces latency by processing data closer,nano,18,12.0,ok,nano,1788516218.4164455,49.05,3918.978,6
4102.86,3,5116.111,1788516222.7027264,32,b03-o06-nano-c32,,8,False,194.928,llama3.2:1b,etri-dev0001-jetorn,ACTIVE,3907.932,3b951066-fef4-40d1-b571-9bab78e45a5a,Edge computing reduces latency by processing data closer,nano,18,12.0,ok,nano,1788516217.586621,49.417,3939.377,6
4279.666,3,4285.004,1788516222.8980737,32,b03-o06-nano-c32,,8,False,195.72,llama3.2:1b,etri-dev0001-jetorn,ACTIVE,4083.946,649aa52b-1007-4278-aab3-63be729b5fd1,Edge computing reduces latency by processing data closer,nano,18,12.0,ok,nano,1788516218.6130702,49.373,4115.554,6
4425.592,3,5489.933,1788516223.0926638,32,b03-o06-nano-c32,,8,False,194.68,llama3.2:1b,etri-dev0001-jetorn,ACTIVE,4230.912,1ce8eec1-3407-4241-9607-d3c309012bb2,Edge computing reduces latency by processing data closer,nano,18,12.0,ok,nano,1788516217.6027331,49.324,4265.799,6
4616.302,3,5692.772,1788516223.2896168,32,b03-o06-nano-c32,,8,False,195.62,llama3.2:1b,etri-dev0001-jetorn,ACTIVE,4420.683,1258259f-75b9-4c25-91fc-3978ab5096aa,Edge computing reduces latency by processing data closer,nano,18,12.0,ok,nano,1788516217.5968478,49.287,4452.381,6
4810.325,3,5892.739,1788516223.4854755,32,b03-o06-nano-c32,,8,False,195.286,llama3.2:1b,etri-dev0001-jetorn,ACTIVE,4615.04,71ecf86e-553d-40b1-ad78-fd4028c365ef,Edge computing reduces latency by processing data closer,nano,18,12.0,ok,nano,1788516217.59274,49.345,4646.224,6
4993.198,3,6084.642,1788516223.6797829,32,b03-o06-nano-c32,,8,False,194.183,llama3.2:1b,etri-dev0001-jetorn,ACTIVE,4799.014,5732cfd6-1905-4508-b5eb-056ceb1f39de,Edge computing reduces latency by processing data closer,nano,18,12.0,ok,nano,1788516217.595145,49.466,4829.541,6
5186.823,3,6278.857,1788516223.8750165,32,b03-o06-nano-c32,,8,False,194.982,llama3.2:1b,etri-dev0001-jetorn,ACTIVE,4991.841,cfda71be-f21f-4f1f-b701-bb54bf208330,Edge computing reduces latency by processing data closer,nano,18,12.0,ok,nano,1788516217.5961664,49.047,5022.442,6
5386.846,3,6481.188,1788516224.075401,32,b03-o06-nano-c32,,8,False,200.046,llama3.2:1b,etri-dev0001-jetorn,ACTIVE,5186.8,fd90ecc6-9339-40ec-8bec-179cdabaacd9,Edge computing reduces latency by processing data closer,nano,18,12.0,ok,nano,1788516217.594217,49.424,5223.465,6
5579.529,3,6675.283,1788516224.2688868,32,b03-o06-nano-c32,,8,False,193.004,llama3.2:1b,etri-dev0001-jetorn,ACTIVE,5386.526,b50d66dd-9451-4577-833a-6d57de7fd8d1,Edge computing reduces latency by processing data closer,nano,18,12.0,ok,nano,1788516217.5936093,49.511,5420.007,6
5772.823,3,5803.487,1788516224.4645545,32,b03-o06-nano-c32,,8,False,195.503,llama3.2:1b,etri-dev0001-jetorn,ACTIVE,5577.32,6160f7a2-4101-46a3-b320-dc8978116472,Edge computing reduces latency by processing data closer,nano,18,12.0,ok,nano,1788516218.6610699,49.113,5613.226,6
5967.921,3,7068.706,1788516224.6602137,32,b03-o06-nano-c32,,8,False,194.992,llama3.2:1b,etri-dev0001-jetorn,ACTIVE,5772.928,3006cfd6-0d2d-4514-b19b-ec8d5dc3a878,Edge computing reduces latency by processing data closer,nano,18,12.0,ok,nano,1788516217.5915086,49.191,5803.875,6
6162.666,3,6195.865,1788516224.8548584,32,b03-o06-nano-c32,,8,False,194.461,llama3.2:1b,etri-dev0001-jetorn,ACTIVE,5968.205,cefb8a3e-5778-4b36-b925-0652403bddf0,Edge computing reduces latency by processing data closer,nano,18,12.0,ok,nano,1788516218.6589954,49.203,5998.622,6
6240.68,3,6245.604,1788516225.055211,32,b03-o06-nano-c32,,8,False,199.947,llama3.2:1b,etri-dev0001-jetorn,ACTIVE,6040.733,28b736d5-cea9-48ac-9a34-d0206d4d7dd0,Edge computing reduces latency by processing data closer,nano,18,12.0,ok,nano,1788516218.8096073,47.737,6071.38,6
6240.212,3,6245.503,1788516225.2493243,32,b03-o06-nano-c32,,8,False,193.6,llama3.2:1b,etri-dev0001-jetorn,ACTIVE,6046.613,2b3c908b-3b43-4171-9787-e3b425fb593b,Edge computing reduces latency by processing data closer,nano,18,12.0,ok,nano,1788516219.0038223,49.549,6076.716,6
6239.793,3,6244.383,1788516225.4426007,32,b03-o06-nano-c32,,8,False,193.078,llama3.2:1b,etri-dev0001-jetorn,ACTIVE,6046.714,5718666b-cbc9-45fd-9aa5-2dee2ebeba71,Edge computing reduces latency by processing data closer,nano,18,12.0,ok,nano,1788516219.1982188,49.627,6076.896,6
6241.384,3,6246.926,1788516225.6392312,32,b03-o06-nano-c32,,8,False,196.011,llama3.2:1b,etri-dev0001-jetorn,ACTIVE,6045.373,ce6e1331-05b9-48e9-ac09-954e0931c48a,Edge computing reduces latency by processing data closer,nano,18,12.0,ok,nano,1788516219.3923109,49.077,6076.877,6
6244.217,3,6249.829,1788516225.8365529,32,b03-o06-nano-c32,,8,False,196.789,llama3.2:1b,etri-dev0001-jetorn,ACTIVE,6047.429,576f2ee5-587b-4ce3-bb3e-05d32afbcdeb,Edge computing reduces latency by processing data closer,nano,18,12.0,ok,nano,1788516219.586727,49.04,6079.885,6
6242.825,3,6249.017,1788516226.0295916,32,b03-o06-nano-c32,,8,False,192.51,llama3.2:1b,etri-dev0001-jetorn,ACTIVE,6050.315,68a27f7d-c0de-4555-8e87-c39401f24b73,Edge computing reduces latency by processing data closer,nano,18,12.0,ok,nano,1788516219.7805793,49.532,6079.92,6
6243.71,3,6248.91,1788516226.2236013,32,b03-o06-nano-c32,,8,False,193.675,llama3.2:1b,etri-dev0001-jetorn,ACTIVE,6050.035,083af259-887d-4d70-8701-46b9071c2b90,Edge computing reduces latency by processing data closer,nano,18,12.0,ok,nano,1788516219.9746969,49.366,6079.82,6
6241.863,3,6247.274,1788516226.418048,32,b03-o06-nano-c32,,8,False,194.276,llama3.2:1b,etri-dev0001-jetorn,ACTIVE,6047.587,087c5197-763e-44a2-9eb9-41ef060cd357,Edge computing reduces latency by processing data closer,nano,18,12.0,ok,nano,1788516220.1707766,49.519,6089.324,6
6242.255,3,6247.226,1788516226.6126583,32,b03-o06-nano-c32,,8,False,194.366,llama3.2:1b,etri-dev0001-jetorn,ACTIVE,6047.89,618413a6-33f7-4bef-8689-f7ec0c779444,Edge computing reduces latency by processing data closer,nano,18,12.0,ok,nano,1788516220.3654358,49.419,6078.641,6
6241.734,3,6246.913,1788516226.8073406,32,b03-o06-nano-c32,,8,False,194.6,llama3.2:1b,etri-dev0001-jetorn,ACTIVE,6047.134,6d5fd547-5249-4446-851d-b3bb069ea48d,Edge computing reduces latency by processing data closer,nano,18,12.0,ok,nano,1788516220.560432,49.312,6077.613,6
6242.427,3,6248.703,1788516227.0034044,32,b03-o06-nano-c32,,8,False,195.065,llama3.2:1b,etri-dev0001-jetorn,ACTIVE,6047.362,76433182-6623-4f6f-8d7b-c7c75477b4d6,Edge computing reduces latency by processing data closer,nano,18,12.0,ok,nano,1788516220.7547069,49.203,6078.231,6
6244.151,3,6249.433,1788516227.1979933,32,b03-o06-nano-c32,,8,False,194.879,llama3.2:1b,etri-dev0001-jetorn,ACTIVE,6049.272,47e897a3-f2da-4562-b6f3-e743f49864d4,Edge computing reduces latency by processing data closer,nano,18,12.0,ok,nano,1788516220.948598,49.362,6080.555,6
6244.259,3,6250.339,1788516227.3920622,32,b03-o06-nano-c32,,8,False,193.89,llama3.2:1b,etri-dev0001-jetorn,ACTIVE,6050.369,2bcbd59d-1df7-42db-8d98-96147f7ce6aa,Edge computing reduces latency by processing data closer,nano,18,12.0,ok,nano,1788516221.141724,49.506,6081.445,6
6244.924,3,6250.004,1788516227.5862901,32,b03-o06-nano-c32,,8,False,193.521,llama3.2:1b,etri-dev0001-jetorn,ACTIVE,6051.403,563933dc-100e-4644-b7e9-9441553ac29c,Edge computing reduces latency by processing data closer,nano,18,12.0,ok,nano,1788516221.336288,49.421,6081.224,6
6243.812,3,6249.101,1788516227.7802181,32,b03-o06-nano-c32,,8,False,193.744,llama3.2:1b,etri-dev0001-jetorn,ACTIVE,6050.068,10ba446b-89b5-4a08-adfe-08822aa427eb,Edge computing reduces latency by processing data closer,nano,18,12.0,ok,nano,1788516221.5311193,49.579,6080.587,6
6245.805,3,6251.141,1788516227.977607,32,b03-o06-nano-c32,,8,False,196.317,llama3.2:1b,etri-dev0001-jetorn,ACTIVE,6049.488,3759eb90-2fd5-4c02-8e70-ecc113e6b41c,Edge computing reduces latency by processing data closer,nano,18,12.0,ok,nano,1788516221.7264717,49.538,6082.433,6
6246.543,3,6251.225,1788516228.1720247,32,b03-o06-nano-c32,,8,False,194.789,llama3.2:1b,etri-dev0001-jetorn,ACTIVE,6051.754,97b453e1-dc75-4ad9-9352-d9d82b24ed14,Edge computing reduces latency by processing data closer,nano,18,12.0,ok,nano,1788516221.9208024,49.511,6083.183,6
6247.055,3,6251.007,1788516228.3665285,32,b03-o06-nano-c32,,8,False,194.343,llama3.2:1b,etri-dev0001-jetorn,ACTIVE,6052.712,107e5be0-5b0c-4641-a434-11add75b2014,Edge computing reduces latency by processing data closer,nano,18,12.0,ok,nano,1788516222.1155226,49.105,6082.966,6
6258.037,3,6263.985,1788516228.5734527,32,b03-o06-nano-c32,,8,False,205.747,llama3.2:1b,etri-dev0001-jetorn,ACTIVE,6052.29,049d6ead-8aae-4163-bf45-c062e2d1487f,Edge computing reduces latency by processing data closer,nano,18,12.0,ok,nano,1788516222.3094718,49.378,6094.416,6
6255.429,3,6260.663,1788516228.7678003,32,b03-o06-nano-c32,,8,False,194.374,llama3.2:1b,etri-dev0001-jetorn,ACTIVE,6061.055,77ebcf98-27e7-4095-889f-b2210b1294bd,Edge computing reduces latency by processing data closer,nano,18,12.0,ok,nano,1788516222.5071409,49.492,6104.862,6
6254.371,3,6260.021,1788516228.9628482,32,b03-o06-nano-c32,,8,False,194.084,llama3.2:1b,etri-dev0001-jetorn,ACTIVE,6060.287,9791a452-5149-47cf-a606-3c91c1f3b77f,Edge computing reduces latency by processing data closer,nano,18,12.0,ok,nano,1788516222.7028332,49.372,6093.576,6
6255.702,3,6260.126,1788516229.1582181,32,b03-o06-nano-c32,,8,False,195.642,llama3.2:1b,etri-dev0001-jetorn,ACTIVE,6060.06,421d77d2-a333-409a-a4ff-384eda649bb6,Edge computing reduces latency by processing data closer,nano,18,12.0,ok,nano,1788516222.8980963,49.38,6091.816,6
6253.567,3,6259.658,1788516229.352354,32,b03-o06-nano-c32,,8,False,193.568,llama3.2:1b,etri-dev0001-jetorn,ACTIVE,6059.999,9422632f-29ae-430e-8400-f506692a6d91,Edge computing reduces latency by processing data closer,nano,18,12.0,ok,nano,1788516223.092702,49.477,6090.396,6
6252.013,3,6257.564,1788516229.5472627,32,b03-o06-nano-c32,,8,False,194.253,llama3.2:1b,etri-dev0001-jetorn,ACTIVE,6057.76,b1a27366-8d96-401b-815e-68de580c4c71,Edge computing reduces latency by processing data closer,nano,18,12.0,ok,nano,1788516223.2897017,49.31,6088.099,6
6250.755,3,6256.726,1788516229.7422843,32,b03-o06-nano-c32,,8,False,194.629,llama3.2:1b,etri-dev0001-jetorn,ACTIVE,6056.126,fc908087-9f5b-474f-87e4-d8a9a4648afc,Edge computing reduces latency by processing data closer,nano,18,12.0,ok,nano,1788516223.4855618,49.296,6086.815,6
6251.656,3,6256.661,1788516229.9365494,32,b03-o06-nano-c32,,8,False,194.612,llama3.2:1b,etri-dev0001-jetorn,ACTIVE,6057.045,ea8d8ae8-f030-4502-8c35-48772a3b7606,Edge computing reduces latency by processing data closer,nano,18,12.0,ok,nano,1788516223.679889,49.435,6087.941,6
6250.435,3,6256.469,1788516230.1316214,32,b03-o06-nano-c32,,8,False,193.915,llama3.2:1b,etri-dev0001-jetorn,ACTIVE,6056.52,99835e79-9ca0-4916-a380-5815ffe7cf7b,Edge computing reduces latency by processing data closer,nano,18,12.0,ok,nano,1788516223.8751554,49.398,6086.91,6
6247.309,3,6253.164,1788516230.3286605,32,b03-o06-nano-c32,,8,False,196.54,llama3.2:1b,etri-dev0001-jetorn,ACTIVE,6050.769,ee1f1221-3f17-4088-9ba1-605e102e5197,Edge computing reduces latency by processing data closer,nano,18,12.0,ok,nano,1788516224.0755024,49.31,6088.754,6
6260.57,3,6266.496,1788516230.5355234,32,b03-o06-nano-c32,,8,False,206.755,llama3.2:1b,etri-dev0001-jetorn,ACTIVE,6053.814,dc64c365-407e-44c7-8a67-429e7d64a5a7,Edge computing reduces latency by processing data closer,nano,18,12.0,ok,nano,1788516224.2690308,48.739,6098.824,6
6260.092,3,6264.954,1788516230.7295434,32,b03-o06-nano-c32,,8,False,194.428,llama3.2:1b,etri-dev0001-jetorn,ACTIVE,6065.665,8a2d092b-8f61-4347-8f96-92c4e29ef3b6,Edge computing reduces latency by processing data closer,nano,18,12.0,ok,nano,1788516224.464592,49.244,6096.199,6
6261.131,3,6265.72,1788516230.9259593,32,b03-o06-nano-c32,,8,False,195.887,llama3.2:1b,etri-dev0001-jetorn,ACTIVE,6065.244,f795eb08-a270-44c0-8d59-6a0d4a0dde66,Edge computing reduces latency by processing data closer,nano,18,12.0,ok,nano,1788516224.6602435,49.053,6096.192,6
6261.75,3,6266.562,1788516231.1214647,32,b03-o06-nano-c32,,8,False,195.212,llama3.2:1b,etri-dev0001-jetorn,ACTIVE,6066.538,97555495-a74a-4cd3-a5b5-c73255272767,Edge computing reduces latency by processing data closer,nano,18,12.0,ok,nano,1788516224.8549044,49.187,6097.921,6
6255.869,3,6260.955,1788516231.316187,32,b03-o06-nano-c32,,8,False,193.969,llama3.2:1b,etri-dev0001-jetorn,ACTIVE,6061.9,e49ee2fc-23be-4088-a5a7-f170f3403161,Edge computing reduces latency by processing data closer,nano,18,12.0,ok,nano,1788516225.055236,49.463,6091.851,6
6256.678,3,6262.033,1788516231.511386,32,b03-o06-nano-c32,,8,False,194.292,llama3.2:1b,etri-dev0001-jetorn,ACTIVE,6062.385,db10fcc6-7493-4d73-99be-85c5b4df5fa7,Edge computing reduces latency by processing data closer,nano,18,12.0,ok,nano,1788516225.2493584,49.398,6093.49,6
6259.454,3,6264.234,1788516231.7068572,32,b03-o06-nano-c32,,8,False,195.852,llama3.2:1b,etri-dev0001-jetorn,ACTIVE,6063.602,dc757e8f-a1b7-48ae-84a2-ab15a613b4c8,Edge computing reduces latency by processing data closer,nano,18,12.0,ok,nano,1788516225.4426255,49.329,6097.991,6
6255.301,3,6262.194,1788516231.9015324,32,b03-o06-nano-c32,,8,False,194.26,llama3.2:1b,etri-dev0001-jetorn,ACTIVE,6061.041,c20c938f-0b42-4c88-927a-d8ecefb481c9,Edge computing reduces latency by processing data closer,nano,18,12.0,ok,nano,1788516225.63934,49.49,6094.987,6
6254.55,3,6259.493,1788516232.0961328,32,b03-o06-nano-c32,,8,False,193.928,llama3.2:1b,etri-dev0001-jetorn,ACTIVE,6060.622,345fdae1-3fe7-4db3-b492-596e7f8d097a,Edge computing reduces latency by processing data closer,nano,18,12.0,ok,nano,1788516225.8366425,49.616,6091.928,6
6255.21,3,6261.418,1788516232.2911124,32,b03-o06-nano-c32,,8,False,194.479,llama3.2:1b,etri-dev0001-jetorn,ACTIVE,6060.732,8134db88-f787-485a-8d77-a0ee11acd56c,Edge computing reduces latency by processing data closer,nano,18,12.0,ok,nano,1788516226.029699,49.423,6091.746,6
6260.067,3,6265.41,1788516232.4891167,32,b03-o06-nano-c32,,8,False,197.956,llama3.2:1b,etri-dev0001-jetorn,ACTIVE,6062.111,cf4a3cc2-3140-44ce-9288-86aeb4988959,Edge computing reduces latency by processing data closer,nano,18,12.0,ok,nano,1788516226.223709,48.455,6093.695,6
6268.969,3,6274.189,1788516232.6923757,32,b03-o06-nano-c32,,8,False,202.43,llama3.2:1b,etri-dev0001-jetorn,ACTIVE,6066.539,75d82a60-0d65-4e6e-a091-7096f2289fcc,Edge computing reduces latency by processing data closer,nano,18,12.0,ok,nano,1788516226.41819,49.21,6105.293,6
6270.798,3,6276.508,1788516232.8892887,32,b03-o06-nano-c32,,8,False,196.365,llama3.2:1b,etri-dev0001-jetorn,ACTIVE,6074.433,7973b723-99f5-4709-956f-c1c6c8fe0337,Edge computing reduces latency by processing data closer,nano,18,12.0,ok,nano,1788516226.6127844,49.415,6107.775,6
6272.0,3,6277.337,1788516233.0847633,32,b03-o06-nano-c32,,8,False,195.267,llama3.2:1b,etri-dev0001-jetorn,ACTIVE,6076.732,5c5927d1-557c-4598-bbf5-c664f2080e29,Edge computing reduces latency by processing data closer,nano,18,12.0,ok,nano,1788516226.807427,49.299,6108.414,6
6276.275,3,6281.87,1788516233.2853808,32,b03-o06-nano-c32,,8,False,199.57,llama3.2:1b,etri-dev0001-jetorn,ACTIVE,6076.705,d75290b6-2b07-4618-b221-cb955e3e7e4b,Edge computing reduces latency by processing data closer,nano,18,12.0,ok,nano,1788516227.003514,49.387,6116.734,6
6275.683,3,6280.981,1788516233.4791036,32,b03-o06-nano-c32,,8,False,193.832,llama3.2:1b,etri-dev0001-jetorn,ACTIVE,6081.851,127fc2c7-d6f2-4fa1-813a-a8fdc348c9b4,Edge computing reduces latency by processing data closer,nano,18,12.0,ok,nano,1788516227.1981266,49.359,6112.381,6
6277.317,3,6282.169,1788516233.6742516,32,b03-o06-nano-c32,,8,False,194.319,llama3.2:1b,etri-dev0001-jetorn,ACTIVE,6082.998,239f84eb-d1cd-4aea-9093-bdbaf37352b5,Edge computing reduces latency by processing data closer,nano,18,12.0,ok,nano,1788516227.392087,49.454,6113.902,6
6284.467,3,6289.969,1788516233.8762941,32,b03-o06-nano-c32,,8,False,201.984,llama3.2:1b,etri-dev0001-jetorn,ACTIVE,6082.482,ce3cc00e-5fae-40a3-9a69-19f918a4e649,Edge computing reduces latency by processing data closer,nano,18,12.0,ok,nano,1788516227.5863261,47.378,6113.731,6
6285.094,3,6290.871,1788516234.071157,32,b03-o06-nano-c32,,8,False,193.799,llama3.2:1b,etri-dev0001-jetorn,ACTIVE,6091.295,c72dae2e-8593-41b7-841b-3b6c77d2114f,Edge computing reduces latency by processing data closer,nano,18,12.0,ok,nano,1788516227.7802885,49.382,6124.064,6
6283.234,3,6289.487,1788516234.2672076,32,b03-o06-nano-c32,,8,False,196.096,llama3.2:1b,etri-dev0001-jetorn,ACTIVE,6087.137,c3729f05-79de-407d-81c6-82240907bcd8,Edge computing reduces latency by processing data closer,nano,18,12.0,ok,nano,1788516227.9777222,49.09,6118.35,6
6285.688,3,6290.649,1788516234.4627018,32,b03-o06-nano-c32,,8,False,195.009,llama3.2:1b,etri-dev0001-jetorn,ACTIVE,6090.679,2dda437f-51b4-42ca-aab5-2642e12dbe43,Edge computing reduces latency by processing data closer,nano,18,12.0,ok,nano,1788516228.1720593,49.214,6121.559,6
6287.69,3,6293.172,1788516234.659733,32,b03-o06-nano-c32,,8,False,196.219,llama3.2:1b,etri-dev0001-jetorn,ACTIVE,6091.471,f7a0dbc0-25ef-4679-b212-12b54b848601,Edge computing reduces latency by processing data closer,nano,18,12.0,ok,nano,1788516228.3665655,49.064,6123.261,6
6280.301,3,6285.934,1788516234.8595102,32,b03-o06-nano-c32,,8,False,199.903,llama3.2:1b,etri-dev0001-jetorn,ACTIVE,6080.398,c2348105-a96d-4245-a18f-1f8112be6a30,Edge computing reduces latency by processing data closer,nano,18,12.0,ok,nano,1788516228.57358,48.333,6113.466,6
6280.491,3,6286.452,1788516235.0543678,32,b03-o06-nano-c32,,8,False,193.889,llama3.2:1b,etri-dev0001-jetorn,ACTIVE,6086.602,bdd9853d-e85b-41ab-82b9-4a1a3c669567,Edge computing reduces latency by processing data closer,nano,18,12.0,ok,nano,1788516228.7679193,49.562,6117.625,6
6280.231,3,6285.763,1788516235.2487485,32,b03-o06-nano-c32,,8,False,194.629,llama3.2:1b,etri-dev0001-jetorn,ACTIVE,6085.602,5b50a0f3-9e19-432b-af3c-f9946581ca4f,Edge computing reduces latency by processing data closer,nano,18,12.0,ok,nano,1788516228.9629893,49.477,6116.707,6
6283.565,3,6288.861,1788516235.4471676,32,b03-o06-nano-c32,,8,False,197.381,llama3.2:1b,etri-dev0001-jetorn,ACTIVE,6086.184,e96e5780-2f55-4c6f-afe2-44a540c07563,Edge computing reduces latency by processing data closer,nano,18,12.0,ok,nano,1788516229.1583104,48.573,6117.395,6
6284.96,3,6290.13,1788516235.6425922,32,b03-o06-nano-c32,,8,False,195.646,llama3.2:1b,etri-dev0001-jetorn,ACTIVE,6089.314,794eab67-e47e-4bf1-a4aa-29bd0c703d45,Edge computing reduces latency by processing data closer,nano,18,12.0,ok,nano,1788516229.3524656,49.265,6121.032,6
6286.486,3,6291.695,1788516235.8390477,32,b03-o06-nano-c32,,8,False,195.957,llama3.2:1b,etri-dev0001-jetorn,ACTIVE,6090.529,40db0a6b-1288-4bb8-ae2a-2977b9d962e9,Edge computing reduces latency by processing data closer,nano,18,12.0,ok,nano,1788516229.5473564,49.126,6121.946,6
