activation_estimate_ms,activation_started_timestamp,active_requests,agent_healthy,available,block,completed_requests,concurrency,condition_id,cpu_utilization_percent,deactivation_timestamp,ewma_inference_ms,ewma_tokens_per_second,ewma_ttft_ms,excluded,failed_requests,gpu_measurement_attributable,gpu_memory_total_mib,gpu_memory_used_mib,gpu_memory_utilization_percent,gpu_metrics_reason,gpu_model,gpu_temperature_celsius,gpu_utilization_percent,healthy,idle_seconds,inference_process_rss_mib,inference_ready,inference_worker_running,last_activation,last_deactivation,last_inference_ms,last_request_timestamp,last_tokens_per_second,last_ttft_ms,management_process_rss_mib,management_runtime_running,max_concurrency,model,model_cache_bytes,model_cached,model_digest,node_id,node_state,profile_inference_ms,queue_length,ram_utilization_percent,ready_timestamp,role,rtt_ms,run_order,runtime_running,sampled_node,stage_seconds,state_changed_timestamp,target_node,temperature_celsius,timestamp,within_block_order
0.0,1788515773.810518,1,True,True,1,2,4,b01-o01-nano-c4,8.517,,378.873,17.672,145.792,False,0,False,,,,dcgm_not_available_for_node,,,,True,0.0071756839752197266,1972.973,True,True,"{'activation_required': True, 'node_state_before': 'COLD', 'node_state': 'ACTIVE', 'activation_started_timestamp': 1788515773.810518, 'ready_timestamp': 1788515838.0394592, 'worker_start_ms': 1.131, 'model_remote_download_ms': 38072.92, 'model_load_ms': 26141.371, 'cuda_initialization_ms': None, 'endpoint_ready_ms': 64229.087, 'activation_time_ms': 64229.091, 'model_digest': 'baf6a787fdffd633537aa2eb51cfd54cb93ff08e28040095462bb63daf552878', 'transition': {'timestamp': 1788515838.0394762, 'node': 'nano', 'physical_node': 'etri-dev0001-jetorn', 'old_state': 'COLD', 'new_state': 'ACTIVE', 'reason': 'orin_nano_gpu_validation'}}",{},351.656,1788515933.4160352,35.661,125.281,61.496,True,1,llama3.2:1b,1321098329,True,baf6a787fdffd633537aa2eb51cfd54cb93ff08e28040095462bb63daf552878,etri-dev0001-jetorn,ACTIVE,380.0,1,47.621,1788515838.0394592,nano,37.475,1,True,nano,12.0,1788515838.0394762,nano,38.593,1788515933.4232109,1
0.0,1788515773.810518,1,True,True,1,7,4,b01-o01-nano-c4,59.259,,246.55,40.366,437.121,False,0,False,,,,dcgm_not_available_for_node,,,,True,0.005855083465576172,1974.449,True,True,"{'activation_required': True, 'node_state_before': 'COLD', 'node_state': 'ACTIVE', 'activation_started_timestamp': 1788515773.810518, 'ready_timestamp': 1788515838.0394592, 'worker_start_ms': 1.131, 'model_remote_download_ms': 38072.92, 'model_load_ms': 26141.371, 'cuda_initialization_ms': None, 'endpoint_ready_ms': 64229.087, 'activation_time_ms': 64229.091, 'model_digest': 'baf6a787fdffd633537aa2eb51cfd54cb93ff08e28040095462bb63daf552878', 'transition': {'timestamp': 1788515838.0394762, 'node': 'nano', 'physical_node': 'etri-dev0001-jetorn', 'old_state': 'COLD', 'new_state': 'ACTIVE', 'reason': 'orin_nano_gpu_validation'}}",{},192.784,1788515934.504986,49.561,649.609,58.578,True,1,llama3.2:1b,1321098329,True,baf6a787fdffd633537aa2eb51cfd54cb93ff08e28040095462bb63daf552878,etri-dev0001-jetorn,ACTIVE,380.0,3,47.64,1788515838.0394592,nano,13.55,1,True,nano,12.0,1788515838.0394762,nano,40.406,1788515934.5108411,1
0.0,1788515773.810518,1,True,True,1,12,4,b01-o01-nano-c4,56.829,,205.346,47.514,566.19,False,0,False,,,,dcgm_not_available_for_node,,,,True,0.11659073829650879,1974.438,True,True,"{'activation_required': True, 'node_state_before': 'COLD', 'node_state': 'ACTIVE', 'activation_started_timestamp': 1788515773.810518, 'ready_timestamp': 1788515838.0394592, 'worker_start_ms': 1.131, 'model_remote_download_ms': 38072.92, 'model_load_ms': 26141.371, 'cuda_initialization_ms': None, 'endpoint_ready_ms': 64229.087, 'activation_time_ms': 64229.091, 'model_digest': 'baf6a787fdffd633537aa2eb51cfd54cb93ff08e28040095462bb63daf552878', 'transition': {'timestamp': 1788515838.0394762, 'node': 'nano', 'physical_node': 'etri-dev0001-jetorn', 'old_state': 'COLD', 'new_state': 'ACTIVE', 'reason': 'orin_nano_gpu_validation'}}",{},192.615,1788515935.4694715,49.744,608.534,43.414,True,1,llama3.2:1b,1321098329,True,baf6a787fdffd633537aa2eb51cfd54cb93ff08e28040095462bb63daf552878,etri-dev0001-jetorn,ACTIVE,380.0,3,47.53,1788515838.0394592,nano,14.39,1,True,nano,12.0,1788515838.0394762,nano,40.937,1788515935.5860622,1
0.0,1788515773.810518,1,True,True,1,18,4,b01-o01-nano-c4,57.099,,195.357,49.356,599.819,False,0,False,,,,dcgm_not_available_for_node,,,,True,0.04031491279602051,1974.43,True,True,"{'activation_required': True, 'node_state_before': 'COLD', 'node_state': 'ACTIVE', 'activation_started_timestamp': 1788515773.810518, 'ready_timestamp': 1788515838.0394592, 'worker_start_ms': 1.131, 'model_remote_download_ms': 38072.92, 'model_load_ms': 26141.371, 'cuda_initialization_ms': None, 'endpoint_ready_ms': 64229.087, 'activation_time_ms': 64229.091, 'model_digest': 'baf6a787fdffd633537aa2eb51cfd54cb93ff08e28040095462bb63daf552878', 'transition': {'timestamp': 1788515838.0394762, 'node': 'nano', 'physical_node': 'etri-dev0001-jetorn', 'old_state': 'COLD', 'new_state': 'ACTIVE', 'reason': 'orin_nano_gpu_validation'}}",{},192.872,1788515936.6328962,49.829,604.903,43.164,True,1,llama3.2:1b,1321098329,True,baf6a787fdffd633537aa2eb51cfd54cb93ff08e28040095462bb63daf552878,etri-dev0001-jetorn,ACTIVE,380.0,3,47.536,1788515838.0394592,nano,35.645,1,True,nano,12.0,1788515838.0394762,nano,41.75,1788515936.673211,1
0.0,1788515773.810518,1,True,True,1,23,4,b01-o01-nano-c4,57.276,,193.651,49.583,604.914,False,0,False,,,,dcgm_not_available_for_node,,,,True,0.15550780296325684,1974.422,True,True,"{'activation_required': True, 'node_state_before': 'COLD', 'node_state': 'ACTIVE', 'activation_started_timestamp': 1788515773.810518, 'ready_timestamp': 1788515838.0394592, 'worker_start_ms': 1.131, 'model_remote_download_ms': 38072.92, 'model_load_ms': 26141.371, 'cuda_initialization_ms': None, 'endpoint_ready_ms': 64229.087, 'activation_time_ms': 64229.091, 'model_digest': 'baf6a787fdffd633537aa2eb51cfd54cb93ff08e28040095462bb63daf552878', 'transition': {'timestamp': 1788515838.0394762, 'node': 'nano', 'physical_node': 'etri-dev0001-jetorn', 'old_state': 'COLD', 'new_state': 'ACTIVE', 'reason': 'orin_nano_gpu_validation'}}",{},192.675,1788515937.60153,49.818,605.69,43.164,True,1,llama3.2:1b,1321098329,True,baf6a787fdffd633537aa2eb51cfd54cb93ff08e28040095462bb63daf552878,etri-dev0001-jetorn,ACTIVE,380.0,3,47.542,1788515838.0394592,nano,32.596,1,True,nano,12.0,1788515838.0394762,nano,42.062,1788515937.7570379,1
0.0,1788515773.810518,1,True,True,1,29,4,b01-o01-nano-c4,,,192.901,49.651,605.843,False,0,False,,,,dcgm_not_available_for_node,,,,True,0.09108877182006836,1974.418,True,True,"{'activation_required': True, 'node_state_before': 'COLD', 'node_state': 'ACTIVE', 'activation_started_timestamp': 1788515773.810518, 'ready_timestamp': 1788515838.0394592, 'worker_start_ms': 1.131, 'model_remote_download_ms': 38072.92, 'model_load_ms': 26141.371, 'cuda_initialization_ms': None, 'endpoint_ready_ms': 64229.087, 'activation_time_ms': 64229.091, 'model_digest': 'baf6a787fdffd633537aa2eb51cfd54cb93ff08e28040095462bb63daf552878', 'transition': {'timestamp': 1788515838.0394762, 'node': 'nano', 'physical_node': 'etri-dev0001-jetorn', 'old_state': 'COLD', 'new_state': 'ACTIVE', 'reason': 'orin_nano_gpu_validation'}}",{},192.231,1788515938.760905,49.719,605.508,43.164,True,1,llama3.2:1b,1321098329,True,baf6a787fdffd633537aa2eb51cfd54cb93ff08e28040095462bb63daf552878,etri-dev0001-jetorn,ACTIVE,380.0,3,47.595,1788515838.0394592,nano,20.246,1,True,nano,12.0,1788515838.0394762,nano,42.031,1788515938.8519938,1
0.0,1788515773.810518,1,True,True,1,35,4,b01-o01-nano-c4,56.782,,193.552,49.648,607.241,False,0,False,,,,dcgm_not_available_for_node,,,,True,0.0,1974.402,True,True,"{'activation_required': True, 'node_state_before': 'COLD', 'node_state': 'ACTIVE', 'activation_started_timestamp': 1788515773.810518, 'ready_timestamp': 1788515838.0394592, 'worker_start_ms': 1.131, 'model_remote_download_ms': 38072.92, 'model_load_ms': 26141.371, 'cuda_initialization_ms': None, 'endpoint_ready_ms': 64229.087, 'activation_time_ms': 64229.091, 'model_digest': 'baf6a787fdffd633537aa2eb51cfd54cb93ff08e28040095462bb63daf552878', 'transition': {'timestamp': 1788515838.0394762, 'node': 'nano', 'physical_node': 'etri-dev0001-jetorn', 'old_state': 'COLD', 'new_state': 'ACTIVE', 'reason': 'orin_nano_gpu_validation'}}",{},193.719,1788515939.924717,49.776,608.627,43.438,True,1,llama3.2:1b,1321098329,True,baf6a787fdffd633537aa2eb51cfd54cb93ff08e28040095462bb63daf552878,etri-dev0001-jetorn,ACTIVE,380.0,3,47.6,1788515838.0394592,nano,15.795,1,True,nano,12.0,1788515838.0394762,nano,42.0,1788515939.9239194,1
0.0,1788515773.810518,1,True,True,1,40,4,b01-o01-nano-c4,61.997,,194.199,49.575,610.104,False,0,False,,,,dcgm_not_available_for_node,,,,True,0.08131575584411621,1974.395,True,True,"{'activation_required': True, 'node_state_before': 'COLD', 'node_state': 'ACTIVE', 'activation_started_timestamp': 1788515773.810518, 'ready_timestamp': 1788515838.0394592, 'worker_start_ms': 1.131, 'model_remote_download_ms': 38072.92, 'model_load_ms': 26141.371, 'cuda_initialization_ms': None, 'endpoint_ready_ms': 64229.087, 'activation_time_ms': 64229.091, 'model_digest': 'baf6a787fdffd633537aa2eb51cfd54cb93ff08e28040095462bb63daf552878', 'transition': {'timestamp': 1788515838.0394762, 'node': 'nano', 'physical_node': 'etri-dev0001-jetorn', 'old_state': 'COLD', 'new_state': 'ACTIVE', 'reason': 'orin_nano_gpu_validation'}}",{},193.639,1788515940.8988028,49.51,611.505,43.438,True,1,llama3.2:1b,1321098329,True,baf6a787fdffd633537aa2eb51cfd54cb93ff08e28040095462bb63daf552878,etri-dev0001-jetorn,ACTIVE,380.0,3,47.622,1788515838.0394592,nano,13.423,1,True,nano,12.0,1788515838.0394762,nano,42.656,1788515940.9801185,1
0.0,1788515773.810518,1,True,True,1,45,4,b01-o01-nano-c4,54.948,,193.441,49.592,610.01,False,0,False,,,,dcgm_not_available_for_node,,,,True,0.1597423553466797,1974.391,True,True,"{'activation_required': True, 'node_state_before': 'COLD', 'node_state': 'ACTIVE', 'activation_started_timestamp': 1788515773.810518, 'ready_timestamp': 1788515838.0394592, 'worker_start_ms': 1.131, 'model_remote_download_ms': 38072.92, 'model_load_ms': 26141.371, 'cuda_initialization_ms': None, 'endpoint_ready_ms': 64229.087, 'activation_time_ms': 64229.091, 'model_digest': 'baf6a787fdffd633537aa2eb51cfd54cb93ff08e28040095462bb63daf552878', 'transition': {'timestamp': 1788515838.0394762, 'node': 'nano', 'physical_node': 'etri-dev0001-jetorn', 'old_state': 'COLD', 'new_state': 'ACTIVE', 'reason': 'orin_nano_gpu_validation'}}",{},192.097,1788515941.8684042,49.801,609.957,43.438,True,1,llama3.2:1b,1321098329,True,baf6a787fdffd633537aa2eb51cfd54cb93ff08e28040095462bb63daf552878,etri-dev0001-jetorn,ACTIVE,380.0,3,47.622,1788515838.0394592,nano,13.92,1,True,nano,12.0,1788515838.0394762,nano,43.031,1788515942.0281465,1
0.0,1788515773.810518,1,True,True,1,51,4,b01-o01-nano-c4,57.256,,195.129,49.619,612.922,False,0,False,,,,dcgm_not_available_for_node,,,,True,0.04247879981994629,1974.383,True,True,"{'activation_required': True, 'node_state_before': 'COLD', 'node_state': 'ACTIVE', 'activation_started_timestamp': 1788515773.810518, 'ready_timestamp': 1788515838.0394592, 'worker_start_ms': 1.131, 'model_remote_download_ms': 38072.92, 'model_load_ms': 26141.371, 'cuda_initialization_ms': None, 'endpoint_ready_ms': 64229.087, 'activation_time_ms': 64229.091, 'model_digest': 'baf6a787fdffd633537aa2eb51cfd54cb93ff08e28040095462bb63daf552878', 'transition': {'timestamp': 1788515838.0394762, 'node': 'nano', 'physical_node': 'etri-dev0001-jetorn', 'old_state': 'COLD', 'new_state': 'ACTIVE', 'reason': 'orin_nano_gpu_validation'}}",{},195.599,1788515943.0406423,49.653,618.065,43.516,True,1,llama3.2:1b,1321098329,True,baf6a787fdffd633537aa2eb51cfd54cb93ff08e28040095462bb63daf552878,etri-dev0001-jetorn,ACTIVE,380.0,3,47.63,1788515838.0394592,nano,13.482,1,True,nano,12.0,1788515838.0394762,nano,43.031,1788515943.083121,1
0.0,1788515773.810518,1,True,True,1,56,4,b01-o01-nano-c4,57.542,,194.44,49.428,609.852,False,0,False,,,,dcgm_not_available_for_node,,,,True,0.136338472366333,1974.375,True,True,"{'activation_required': True, 'node_state_before': 'COLD', 'node_state': 'ACTIVE', 'activation_started_timestamp': 1788515773.810518, 'ready_timestamp': 1788515838.0394592, 'worker_start_ms': 1.131, 'model_remote_download_ms': 38072.92, 'model_load_ms': 26141.371, 'cuda_initialization_ms': None, 'endpoint_ready_ms': 64229.087, 'activation_time_ms': 64229.091, 'model_digest': 'baf6a787fdffd633537aa2eb51cfd54cb93ff08e28040095462bb63daf552878', 'transition': {'timestamp': 1788515838.0394762, 'node': 'nano', 'physical_node': 'etri-dev0001-jetorn', 'old_state': 'COLD', 'new_state': 'ACTIVE', 'reason': 'orin_nano_gpu_validation'}}",{},195.275,1788515944.012885,49.097,608.42,43.516,True,1,llama3.2:1b,1321098329,True,baf6a787fdffd633537aa2eb51cfd54cb93ff08e28040095462bb63daf552878,etri-dev0001-jetorn,ACTIVE,380.0,3,47.63,1788515838.0394592,nano,21.736,1,True,nano,12.0,1788515838.0394762,nano,43.437,1788515944.1492236,1
0.0,1788515773.810518,1,True,True,1,62,4,b01-o01-nano-c4,57.724,,193.483,49.605,608.309,False,0,False,,,,dcgm_not_available_for_node,,,,True,0.03475689888000488,1974.371,True,True,"{'activation_required': True, 'node_state_before': 'COLD', 'node_state': 'ACTIVE', 'activation_started_timestamp': 1788515773.810518, 'ready_timestamp': 1788515838.0394592, 'worker_start_ms': 1.131, 'model_remote_download_ms': 38072.92, 'model_load_ms': 26141.371, 'cuda_initialization_ms': None, 'endpoint_ready_ms': 64229.087, 'activation_time_ms': 64229.091, 'model_digest': 'baf6a787fdffd633537aa2eb51cfd54cb93ff08e28040095462bb63daf552878', 'transition': {'timestamp': 1788515838.0394762, 'node': 'nano', 'physical_node': 'etri-dev0001-jetorn', 'old_state': 'COLD', 'new_state': 'ACTIVE', 'reason': 'orin_nano_gpu_validation'}}",{},193.106,1788515945.1734498,49.728,608.459,43.516,True,1,llama3.2:1b,1321098329,True,baf6a787fdffd633537aa2eb51cfd54cb93ff08e28040095462bb63daf552878,etri-dev0001-jetorn,ACTIVE,380.0,3,47.633,1788515838.0394592,nano,15.342,1,True,nano,12.0,1788515838.0394762,nano,43.812,1788515945.2082067,1
0.0,1788515773.810518,1,True,True,1,67,32,b01-o02-nano-c32,11.521,,194.143,49.445,608.832,False,0,False,,,,dcgm_not_available_for_node,,,,True,3.01236891746521,1974.363,True,True,"{'activation_required': True, 'node_state_before': 'COLD', 'node_state': 'ACTIVE', 'activation_started_timestamp': 1788515773.810518, 'ready_timestamp': 1788515838.0394592, 'worker_start_ms': 1.131, 'model_remote_download_ms': 38072.92, 'model_load_ms': 26141.371, 'cuda_initialization_ms': None, 'endpoint_ready_ms': 64229.087, 'activation_time_ms': 64229.091, 'model_digest': 'baf6a787fdffd633537aa2eb51cfd54cb93ff08e28040095462bb63daf552878', 'transition': {'timestamp': 1788515838.0394762, 'node': 'nano', 'physical_node': 'etri-dev0001-jetorn', 'old_state': 'COLD', 'new_state': 'ACTIVE', 'reason': 'orin_nano_gpu_validation'}}",{},194.588,1788515946.1456146,49.419,612.798,43.516,True,1,llama3.2:1b,1321098329,True,baf6a787fdffd633537aa2eb51cfd54cb93ff08e28040095462bb63daf552878,etri-dev0001-jetorn,ACTIVE,380.0,10,47.727,1788515838.0394592,nano,82.388,2,True,nano,12.0,1788515838.0394762,nano,41.187,1788515949.1579835,2
0.0,1788515773.810518,1,True,True,1,72,32,b01-o02-nano-c32,54.655,,212.468,46.507,666.429,False,0,False,,,,dcgm_not_available_for_node,,,,True,0.030244827270507812,1974.359,True,True,"{'activation_required': True, 'node_state_before': 'COLD', 'node_state': 'ACTIVE', 'activation_started_timestamp': 1788515773.810518, 'ready_timestamp': 1788515838.0394592, 'worker_start_ms': 1.131, 'model_remote_download_ms': 38072.92, 'model_load_ms': 26141.371, 'cuda_initialization_ms': None, 'endpoint_ready_ms': 64229.087, 'activation_time_ms': 64229.091, 'model_digest': 'baf6a787fdffd633537aa2eb51cfd54cb93ff08e28040095462bb63daf552878', 'transition': {'timestamp': 1788515838.0394762, 'node': 'nano', 'physical_node': 'etri-dev0001-jetorn', 'old_state': 'COLD', 'new_state': 'ACTIVE', 'reason': 'orin_nano_gpu_validation'}}",{},193.525,1788515950.3240871,49.742,991.987,43.516,True,1,llama3.2:1b,1321098329,True,baf6a787fdffd633537aa2eb51cfd54cb93ff08e28040095462bb63daf552878,etri-dev0001-jetorn,ACTIVE,380.0,26,47.755,1788515838.0394592,nano,16.999,2,True,nano,12.0,1788515838.0394762,nano,43.375,1788515950.354332,2
0.0,1788515773.810518,1,True,True,1,77,32,b01-o02-nano-c32,56.309,,199.053,48.442,1421.427,False,0,False,,,,dcgm_not_available_for_node,,,,True,0.11786103248596191,1974.352,True,True,"{'activation_required': True, 'node_state_before': 'COLD', 'node_state': 'ACTIVE', 'activation_started_timestamp': 1788515773.810518, 'ready_timestamp': 1788515838.0394592, 'worker_start_ms': 1.131, 'model_remote_download_ms': 38072.92, 'model_load_ms': 26141.371, 'cuda_initialization_ms': None, 'endpoint_ready_ms': 64229.087, 'activation_time_ms': 64229.091, 'model_digest': 'baf6a787fdffd633537aa2eb51cfd54cb93ff08e28040095462bb63daf552878', 'transition': {'timestamp': 1788515838.0394762, 'node': 'nano', 'physical_node': 'etri-dev0001-jetorn', 'old_state': 'COLD', 'new_state': 'ACTIVE', 'reason': 'orin_nano_gpu_validation'}}",{},192.611,1788515951.298406,49.735,1937.24,43.516,True,1,llama3.2:1b,1321098329,True,baf6a787fdffd633537aa2eb51cfd54cb93ff08e28040095462bb63daf552878,etri-dev0001-jetorn,ACTIVE,380.0,31,47.737,1788515838.0394592,nano,14.891,2,True,nano,12.0,1788515838.0394762,nano,43.937,1788515951.416267,2
0.0,1788515773.810518,1,True,True,1,83,32,b01-o02-nano-c32,57.41,,194.311,49.351,2514.169,False,0,False,,,,dcgm_not_available_for_node,,,,True,0.03627610206604004,1974.344,True,True,"{'activation_required': True, 'node_state_before': 'COLD', 'node_state': 'ACTIVE', 'activation_started_timestamp': 1788515773.810518, 'ready_timestamp': 1788515838.0394592, 'worker_start_ms': 1.131, 'model_remote_download_ms': 38072.92, 'model_load_ms': 26141.371, 'cuda_initialization_ms': None, 'endpoint_ready_ms': 64229.087, 'activation_time_ms': 64229.091, 'model_digest': 'baf6a787fdffd633537aa2eb51cfd54cb93ff08e28040095462bb63daf552878', 'transition': {'timestamp': 1788515838.0394762, 'node': 'nano', 'physical_node': 'etri-dev0001-jetorn', 'old_state': 'COLD', 'new_state': 'ACTIVE', 'reason': 'orin_nano_gpu_validation'}}",{},193.496,1788515952.4591594,49.493,3076.75,43.516,True,1,llama3.2:1b,1321098329,True,baf6a787fdffd633537aa2eb51cfd54cb93ff08e28040095462bb63daf552878,etri-dev0001-jetorn,ACTIVE,380.0,31,47.736,1788515838.0394592,nano,15.734,2,True,nano,12.0,1788515838.0394762,nano,44.312,1788515952.4954355,2
0.0,1788515773.810518,1,True,True,1,88,32,b01-o02-nano-c32,55.712,,193.974,49.453,3162.128,False,0,False,,,,dcgm_not_available_for_node,,,,True,0.13851547241210938,1974.34,True,True,"{'activation_required': True, 'node_state_before': 'COLD', 'node_state': 'ACTIVE', 'activation_started_timestamp': 1788515773.810518, 'ready_timestamp': 1788515838.0394592, 'worker_start_ms': 1.131, 'model_remote_download_ms': 38072.92, 'model_load_ms': 26141.371, 'cuda_initialization_ms': None, 'endpoint_ready_ms': 64229.087, 'activation_time_ms': 64229.091, 'model_digest': 'baf6a787fdffd633537aa2eb51cfd54cb93ff08e28040095462bb63daf552878', 'transition': {'timestamp': 1788515838.0394762, 'node': 'nano', 'physical_node': 'etri-dev0001-jetorn', 'old_state': 'COLD', 'new_state': 'ACTIVE', 'reason': 'orin_nano_gpu_validation'}}",{},194.903,1788515953.4293802,49.333,3329.545,43.516,True,1,llama3.2:1b,1321098329,True,baf6a787fdffd633537aa2eb51cfd54cb93ff08e28040095462bb63daf552878,etri-dev0001-jetorn,ACTIVE,380.0,31,47.739,1788515838.0394592,nano,14.16,2,True,nano,12.0,1788515838.0394762,nano,44.718,1788515953.5678957,2
0.0,1788515773.810518,1,True,True,1,94,32,b01-o02-nano-c32,59.559,,193.219,49.598,3770.254,False,0,False,,,,dcgm_not_available_for_node,,,,True,0.05362749099731445,1974.332,True,True,"{'activation_required': True, 'node_state_before': 'COLD', 'node_state': 'ACTIVE', 'activation_started_timestamp': 1788515773.810518, 'ready_timestamp': 1788515838.0394592, 'worker_start_ms': 1.131, 'model_remote_download_ms': 38072.92, 'model_load_ms': 26141.371, 'cuda_initialization_ms': None, 'endpoint_ready_ms': 64229.087, 'activation_time_ms': 64229.091, 'model_digest': 'baf6a787fdffd633537aa2eb51cfd54cb93ff08e28040095462bb63daf552878', 'transition': {'timestamp': 1788515838.0394762, 'node': 'nano', 'physical_node': 'etri-dev0001-jetorn', 'old_state': 'COLD', 'new_state': 'ACTIVE', 'reason': 'orin_nano_gpu_validation'}}",{},193.296,1788515954.5888379,49.617,4220.149,43.289,True,1,llama3.2:1b,1321098329,True,baf6a787fdffd633537aa2eb51cfd54cb93ff08e28040095462bb63daf552878,etri-dev0001-jetorn,ACTIVE,380.0,31,47.719,1788515838.0394592,nano,20.127,2,True,nano,12.0,1788515838.0394762,nano,45.0,1788515954.6424654,2
0.0,1788515773.810518,1,True,True,1,99,32,b01-o02-nano-c32,56.962,,194.206,49.376,4607.141,False,0,False,,,,dcgm_not_available_for_node,,,,True,0.13654041290283203,1974.324,True,True,"{'activation_required': True, 'node_state_before': 'COLD', 'node_state': 'ACTIVE', 'activation_started_timestamp': 1788515773.810518, 'ready_timestamp': 1788515838.0394592, 'worker_start_ms': 1.131, 'model_remote_download_ms': 38072.92, 'model_load_ms': 26141.371, 'cuda_initialization_ms': None, 'endpoint_ready_ms': 64229.087, 'activation_time_ms': 64229.091, 'model_digest': 'baf6a787fdffd633537aa2eb51cfd54cb93ff08e28040095462bb63daf552878', 'transition': {'timestamp': 1788515838.0394762, 'node': 'nano', 'physical_node': 'etri-dev0001-jetorn', 'old_state': 'COLD', 'new_state': 'ACTIVE', 'reason': 'orin_nano_gpu_validation'}}",{},193.147,1788515955.5655813,49.617,5073.507,43.289,True,1,llama3.2:1b,1321098329,True,baf6a787fdffd633537aa2eb51cfd54cb93ff08e28040095462bb63daf552878,etri-dev0001-jetorn,ACTIVE,380.0,31,47.719,1788515838.0394592,nano,13.649,2,True,nano,12.0,1788515838.0394762,nano,45.687,1788515955.7021217,2
0.0,1788515773.810518,1,True,True,1,105,32,b01-o02-nano-c32,57.826,,193.396,49.648,5166.074,False,0,False,,,,dcgm_not_available_for_node,,,,True,0.027773141860961914,1974.32,True,True,"{'activation_required': True, 'node_state_before': 'COLD', 'node_state': 'ACTIVE', 'activation_started_timestamp': 1788515773.810518, 'ready_timestamp': 1788515838.0394592, 'worker_start_ms': 1.131, 'model_remote_download_ms': 38072.92, 'model_load_ms': 26141.371, 'cuda_initialization_ms': None, 'endpoint_ready_ms': 64229.087, 'activation_time_ms': 64229.091, 'model_digest': 'baf6a787fdffd633537aa2eb51cfd54cb93ff08e28040095462bb63daf552878', 'transition': {'timestamp': 1788515838.0394762, 'node': 'nano', 'physical_node': 'etri-dev0001-jetorn', 'old_state': 'COLD', 'new_state': 'ACTIVE', 'reason': 'orin_nano_gpu_validation'}}",{},193.702,1788515956.7267,49.722,5351.185,43.289,True,1,llama3.2:1b,1321098329,True,baf6a787fdffd633537aa2eb51cfd54cb93ff08e28040095462bb63daf552878,etri-dev0001-jetorn,ACTIVE,380.0,31,47.743,1788515838.0394592,nano,14.792,2,True,nano,12.0,1788515838.0394762,nano,45.593,1788515956.7544732,2
0.0,1788515773.810518,1,True,True,1,110,32,b01-o02-nano-c32,57.321,,193.628,49.505,5743.33,False,0,False,,,,dcgm_not_available_for_node,,,,True,0.12534594535827637,1974.312,True,True,"{'activation_required': True, 'node_state_before': 'COLD', 'node_state': 'ACTIVE', 'activation_started_timestamp': 1788515773.810518, 'ready_timestamp': 1788515838.0394592, 'worker_start_ms': 1.131, 'model_remote_download_ms': 38072.92, 'model_load_ms': 26141.371, 'cuda_initialization_ms': None, 'endpoint_ready_ms': 64229.087, 'activation_time_ms': 64229.091, 'model_digest': 'baf6a787fdffd633537aa2eb51cfd54cb93ff08e28040095462bb63daf552878', 'transition': {'timestamp': 1788515838.0394762, 'node': 'nano', 'physical_node': 'etri-dev0001-jetorn', 'old_state': 'COLD', 'new_state': 'ACTIVE', 'reason': 'orin_nano_gpu_validation'}}",{},195.74,1788515957.6964784,48.879,6035.645,43.289,True,1,llama3.2:1b,1321098329,True,baf6a787fdffd633537aa2eb51cfd54cb93ff08e28040095462bb63daf552878,etri-dev0001-jetorn,ACTIVE,380.0,31,47.742,1788515838.0394592,nano,15.886,2,True,nano,12.0,1788515838.0394762,nano,45.75,1788515957.8218243,2
0.0,1788515773.810518,1,True,True,1,116,32,b01-o02-nano-c32,61.905,,193.692,49.607,5988.625,False,0,False,,,,dcgm_not_available_for_node,,,,True,0.025181293487548828,1974.305,True,True,"{'activation_required': True, 'node_state_before': 'COLD', 'node_state': 'ACTIVE', 'activation_started_timestamp': 1788515773.810518, 'ready_timestamp': 1788515838.0394592, 'worker_start_ms': 1.131, 'model_remote_download_ms': 38072.92, 'model_load_ms': 26141.371, 'cuda_initialization_ms': None, 'endpoint_ready_ms': 64229.087, 'activation_time_ms': 64229.091, 'model_digest': 'baf6a787fdffd633537aa2eb51cfd54cb93ff08e28040095462bb63daf552878', 'transition': {'timestamp': 1788515838.0394762, 'node': 'nano', 'physical_node': 'etri-dev0001-jetorn', 'old_state': 'COLD', 'new_state': 'ACTIVE', 'reason': 'orin_nano_gpu_validation'}}",{},193.607,1788515958.8621938,49.594,6041.651,43.289,True,1,llama3.2:1b,1321098329,True,baf6a787fdffd633537aa2eb51cfd54cb93ff08e28040095462bb63daf552878,etri-dev0001-jetorn,ACTIVE,380.0,31,47.742,1788515838.0394592,nano,14.738,2,True,nano,12.0,1788515838.0394762,nano,45.937,1788515958.887375,2
0.0,1788515773.810518,1,True,True,1,121,32,b01-o02-nano-c32,61.224,,193.534,49.518,6028.089,False,0,False,,,,dcgm_not_available_for_node,,,,True,0.1201632022857666,1974.297,True,True,"{'activation_required': True, 'node_state_before': 'COLD', 'node_state': 'ACTIVE', 'activation_started_timestamp': 1788515773.810518, 'ready_timestamp': 1788515838.0394592, 'worker_start_ms': 1.131, 'model_remote_download_ms': 38072.92, 'model_load_ms': 26141.371, 'cuda_initialization_ms': None, 'endpoint_ready_ms': 64229.087, 'activation_time_ms': 64229.091, 'model_digest': 'baf6a787fdffd633537aa2eb51cfd54cb93ff08e28040095462bb63daf552878', 'transition': {'timestamp': 1788515838.0394762, 'node': 'nano', 'physical_node': 'etri-dev0001-jetorn', 'old_state': 'COLD', 'new_state': 'ACTIVE', 'reason': 'orin_nano_gpu_validation'}}",{},192.989,1788515959.831263,49.627,6041.762,43.289,True,1,llama3.2:1b,1321098329,True,baf6a787fdffd633537aa2eb51cfd54cb93ff08e28040095462bb63daf552878,etri-dev0001-jetorn,ACTIVE,380.0,31,47.745,1788515838.0394592,nano,19.86,2,True,nano,12.0,1788515838.0394762,nano,46.375,1788515959.9514263,2
0.0,1788515773.810518,1,True,True,1,127,32,b01-o02-nano-c32,57.962,,194.16,49.412,6044.283,False,0,False,,,,dcgm_not_available_for_node,,,,True,0.009783506393432617,1974.293,True,True,"{'activation_required': True, 'node_state_before': 'COLD', 'node_state': 'ACTIVE', 'activation_started_timestamp': 1788515773.810518, 'ready_timestamp': 1788515838.0394592, 'worker_start_ms': 1.131, 'model_remote_download_ms': 38072.92, 'model_load_ms': 26141.371, 'cuda_initialization_ms': None, 'endpoint_ready_ms': 64229.087, 'activation_time_ms': 64229.091, 'model_digest': 'baf6a787fdffd633537aa2eb51cfd54cb93ff08e28040095462bb63daf552878', 'transition': {'timestamp': 1788515838.0394762, 'node': 'nano', 'physical_node': 'etri-dev0001-jetorn', 'old_state': 'COLD', 'new_state': 'ACTIVE', 'reason': 'orin_nano_gpu_validation'}}",{},194.044,1788515961.0005767,49.454,6048.488,43.289,True,1,llama3.2:1b,1321098329,True,baf6a787fdffd633537aa2eb51cfd54cb93ff08e28040095462bb63daf552878,etri-dev0001-jetorn,ACTIVE,380.0,31,47.744,1788515838.0394592,nano,14.142,2,True,nano,12.0,1788515838.0394762,nano,46.343,1788515961.0103602,2
0.0,1788515773.810518,1,True,True,1,132,32,b01-o02-nano-c32,58.333,,194.375,49.393,6047.183,False,0,False,,,,dcgm_not_available_for_node,,,,True,0.09971332550048828,1974.285,True,True,"{'activation_required': True, 'node_state_before': 'COLD', 'node_state': 'ACTIVE', 'activation_started_timestamp': 1788515773.810518, 'ready_timestamp': 1788515838.0394592, 'worker_start_ms': 1.131, 'model_remote_download_ms': 38072.92, 'model_load_ms': 26141.371, 'cuda_initialization_ms': None, 'endpoint_ready_ms': 64229.087, 'activation_time_ms': 64229.091, 'model_digest': 'baf6a787fdffd633537aa2eb51cfd54cb93ff08e28040095462bb63daf552878', 'transition': {'timestamp': 1788515838.0394762, 'node': 'nano', 'physical_node': 'etri-dev0001-jetorn', 'old_state': 'COLD', 'new_state': 'ACTIVE', 'reason': 'orin_nano_gpu_validation'}}",{},194.253,1788515961.9767275,49.418,6050.405,43.289,True,1,llama3.2:1b,1321098329,True,baf6a787fdffd633537aa2eb51cfd54cb93ff08e28040095462bb63daf552878,etri-dev0001-jetorn,ACTIVE,380.0,26,47.744,1788515838.0394592,nano,15.773,2,True,nano,12.0,1788515838.0394762,nano,46.906,1788515962.0764408,2
0.0,1788515773.810518,1,True,True,1,137,32,b01-o02-nano-c32,58.162,,194.051,49.539,6050.936,False,0,False,,,,dcgm_not_available_for_node,,,,True,0.18085718154907227,1974.281,True,True,"{'activation_required': True, 'node_state_before': 'COLD', 'node_state': 'ACTIVE', 'activation_started_timestamp': 1788515773.810518, 'ready_timestamp': 1788515838.0394592, 'worker_start_ms': 1.131, 'model_remote_download_ms': 38072.92, 'model_load_ms': 26141.371, 'cuda_initialization_ms': None, 'endpoint_ready_ms': 64229.087, 'activation_time_ms': 64229.091, 'model_digest': 'baf6a787fdffd633537aa2eb51cfd54cb93ff08e28040095462bb63daf552878', 'transition': {'timestamp': 1788515838.0394762, 'node': 'nano', 'physical_node': 'etri-dev0001-jetorn', 'old_state': 'COLD', 'new_state': 'ACTIVE', 'reason': 'orin_nano_gpu_validation'}}",{},194.43,1788515962.9479587,49.622,6053.234,43.289,True,1,llama3.2:1b,1321098329,True,baf6a787fdffd633537aa2eb51cfd54cb93ff08e28040095462bb63daf552878,etri-dev0001-jetorn,ACTIVE,380.0,21,47.687,1788515838.0394592,nano,13.765,2,True,nano,12.0,1788515838.0394762,nano,47.125,1788515963.128816,2
0.0,1788515773.810518,1,True,True,1,143,32,b01-o02-nano-c32,62.802,,193.755,49.558,6052.156,False,0,False,,,,dcgm_not_available_for_node,,,,True,0.07532858848571777,1974.273,True,True,"{'activation_required': True, 'node_state_before': 'COLD', 'node_state': 'ACTIVE', 'activation_started_timestamp': 1788515773.810518, 'ready_timestamp': 1788515838.0394592, 'worker_start_ms': 1.131, 'model_remote_download_ms': 38072.92, 'model_load_ms': 26141.371, 'cuda_initialization_ms': None, 'endpoint_ready_ms': 64229.087, 'activation_time_ms': 64229.091, 'model_digest': 'baf6a787fdffd633537aa2eb51cfd54cb93ff08e28040095462bb63daf552878', 'transition': {'timestamp': 1788515838.0394762, 'node': 'nano', 'physical_node': 'etri-dev0001-jetorn', 'old_state': 'COLD', 'new_state': 'ACTIVE', 'reason': 'orin_nano_gpu_validation'}}",{},194.254,1788515964.111021,49.606,6051.861,43.289,True,1,llama3.2:1b,1321098329,True,baf6a787fdffd633537aa2eb51cfd54cb93ff08e28040095462bb63daf552878,etri-dev0001-jetorn,ACTIVE,380.0,15,47.687,1788515838.0394592,nano,18.452,2,True,nano,12.0,1788515838.0394762,nano,47.156,1788515964.1863496,2
0.0,1788515773.810518,1,True,True,1,148,32,b01-o02-nano-c32,58.56,,193.699,49.641,6050.256,False,0,False,,,,dcgm_not_available_for_node,,,,True,0.16348624229431152,1974.266,True,True,"{'activation_required': True, 'node_state_before': 'COLD', 'node_state': 'ACTIVE', 'activation_started_timestamp': 1788515773.810518, 'ready_timestamp': 1788515838.0394592, 'worker_start_ms': 1.131, 'model_remote_download_ms': 38072.92, 'model_load_ms': 26141.371, 'cuda_initialization_ms': None, 'endpoint_ready_ms': 64229.087, 'activation_time_ms': 64229.091, 'model_digest': 'baf6a787fdffd633537aa2eb51cfd54cb93ff08e28040095462bb63daf552878', 'transition': {'timestamp': 1788515838.0394762, 'node': 'nano', 'physical_node': 'etri-dev0001-jetorn', 'old_state': 'COLD', 'new_state': 'ACTIVE', 'reason': 'orin_nano_gpu_validation'}}",{},193.585,1788515965.081373,49.69,6048.391,43.289,True,1,llama3.2:1b,1321098329,True,baf6a787fdffd633537aa2eb51cfd54cb93ff08e28040095462bb63daf552878,etri-dev0001-jetorn,ACTIVE,380.0,10,47.687,1788515838.0394592,nano,25.959,2,True,nano,12.0,1788515838.0394762,nano,47.343,1788515965.2448592,2
0.0,1788515773.810518,1,True,True,1,154,32,b01-o02-nano-c32,54.321,,194.828,49.295,6055.249,False,0,False,,,,dcgm_not_available_for_node,,,,True,0.08391809463500977,1974.262,True,True,"{'activation_required': True, 'node_state_before': 'COLD', 'node_state': 'ACTIVE', 'activation_started_timestamp': 1788515773.810518, 'ready_timestamp': 1788515838.0394592, 'worker_start_ms': 1.131, 'model_remote_download_ms': 38072.92, 'model_load_ms': 26141.371, 'cuda_initialization_ms': None, 'endpoint_ready_ms': 64229.087, 'activation_time_ms': 64229.091, 'model_digest': 'baf6a787fdffd633537aa2eb51cfd54cb93ff08e28040095462bb63daf552878', 'transition': {'timestamp': 1788515838.0394762, 'node': 'nano', 'physical_node': 'etri-dev0001-jetorn', 'old_state': 'COLD', 'new_state': 'ACTIVE', 'reason': 'orin_nano_gpu_validation'}}",{},194.949,1788515966.2533684,49.215,6057.708,43.082,True,1,llama3.2:1b,1321098329,True,baf6a787fdffd633537aa2eb51cfd54cb93ff08e28040095462bb63daf552878,etri-dev0001-jetorn,ACTIVE,380.0,4,47.658,1788515838.0394592,nano,15.671,2,True,nano,12.0,1788515838.0394762,nano,47.875,1788515966.3372865,2
0.0,1788515773.810518,1,True,True,1,159,16,b01-o03-nano-c16,4.212,,193.69,49.52,6055.081,False,0,False,,,,dcgm_not_available_for_node,,,,True,3.0232152938842773,1974.254,True,True,"{'activation_required': True, 'node_state_before': 'COLD', 'node_state': 'ACTIVE', 'activation_started_timestamp': 1788515773.810518, 'ready_timestamp': 1788515838.0394592, 'worker_start_ms': 1.131, 'model_remote_download_ms': 38072.92, 'model_load_ms': 26141.371, 'cuda_initialization_ms': None, 'endpoint_ready_ms': 64229.087, 'activation_time_ms': 64229.091, 'model_digest': 'baf6a787fdffd633537aa2eb51cfd54cb93ff08e28040095462bb63daf552878', 'transition': {'timestamp': 1788515838.0394762, 'node': 'nano', 'physical_node': 'etri-dev0001-jetorn', 'old_state': 'COLD', 'new_state': 'ACTIVE', 'reason': 'orin_nano_gpu_validation'}}",{},192.792,1788515967.2229152,49.687,6054.971,43.082,True,1,llama3.2:1b,1321098329,True,baf6a787fdffd633537aa2eb51cfd54cb93ff08e28040095462bb63daf552878,etri-dev0001-jetorn,ACTIVE,380.0,5,47.633,1788515838.0394592,nano,43.431,3,True,nano,12.0,1788515838.0394762,nano,44.593,1788515970.2461305,3
0.0,1788515773.810518,1,True,True,1,163,16,b01-o03-nano-c16,58.204,,215.621,46.061,2272.377,False,0,False,,,,dcgm_not_available_for_node,,,,True,0.12653660774230957,1974.25,True,True,"{'activation_required': True, 'node_state_before': 'COLD', 'node_state': 'ACTIVE', 'activation_started_timestamp': 1788515773.810518, 'ready_timestamp': 1788515838.0394592, 'worker_start_ms': 1.131, 'model_remote_download_ms': 38072.92, 'model_load_ms': 26141.371, 'cuda_initialization_ms': None, 'endpoint_ready_ms': 64229.087, 'activation_time_ms': 64229.091, 'model_digest': 'baf6a787fdffd633537aa2eb51cfd54cb93ff08e28040095462bb63daf552878', 'transition': {'timestamp': 1788515838.0394762, 'node': 'nano', 'physical_node': 'etri-dev0001-jetorn', 'old_state': 'COLD', 'new_state': 'ACTIVE', 'reason': 'orin_nano_gpu_validation'}}",{},197.128,1788515971.20507,48.498,775.381,43.082,True,1,llama3.2:1b,1321098329,True,baf6a787fdffd633537aa2eb51cfd54cb93ff08e28040095462bb63daf552878,etri-dev0001-jetorn,ACTIVE,380.0,15,47.643,1788515838.0394592,nano,66.447,3,True,nano,12.0,1788515838.0394762,nano,47.156,1788515971.3316066,3
0.0,1788515773.810518,1,True,True,1,169,16,b01-o03-nano-c16,57.643,,197.378,48.953,1541.475,False,0,False,,,,dcgm_not_available_for_node,,,,True,0.0643303394317627,1974.242,True,True,"{'activation_required': True, 'node_state_before': 'COLD', 'node_state': 'ACTIVE', 'activation_started_timestamp': 1788515773.810518, 'ready_timestamp': 1788515838.0394592, 'worker_start_ms': 1.131, 'model_remote_download_ms': 38072.92, 'model_load_ms': 26141.371, 'cuda_initialization_ms': None, 'endpoint_ready_ms': 64229.087, 'activation_time_ms': 64229.091, 'model_digest': 'baf6a787fdffd633537aa2eb51cfd54cb93ff08e28040095462bb63daf552878', 'transition': {'timestamp': 1788515838.0394762, 'node': 'nano', 'physical_node': 'etri-dev0001-jetorn', 'old_state': 'COLD', 'new_state': 'ACTIVE', 'reason': 'orin_nano_gpu_validation'}}",{},192.608,1788515972.372495,49.809,1410.031,43.082,True,1,llama3.2:1b,1321098329,True,baf6a787fdffd633537aa2eb51cfd54cb93ff08e28040095462bb63daf552878,etri-dev0001-jetorn,ACTIVE,380.0,15,47.648,1788515838.0394592,nano,18.383,3,True,nano,12.0,1788515838.0394762,nano,47.468,1788515972.4368253,3
0.0,1788515773.810518,1,True,True,1,174,16,b01-o03-nano-c16,55.919,,195.24,49.391,1605.092,False,0,False,,,,dcgm_not_available_for_node,,,,True,0.17104601860046387,1974.234,True,True,"{'activation_required': True, 'node_state_before': 'COLD', 'node_state': 'ACTIVE', 'activation_started_timestamp': 1788515773.810518, 'ready_timestamp': 1788515838.0394592, 'worker_start_ms': 1.131, 'model_remote_download_ms': 38072.92, 'model_load_ms': 26141.371, 'cuda_initialization_ms': None, 'endpoint_ready_ms': 64229.087, 'activation_time_ms': 64229.091, 'model_digest': 'baf6a787fdffd633537aa2eb51cfd54cb93ff08e28040095462bb63daf552878', 'transition': {'timestamp': 1788515838.0394762, 'node': 'nano', 'physical_node': 'etri-dev0001-jetorn', 'old_state': 'COLD', 'new_state': 'ACTIVE', 'reason': 'orin_nano_gpu_validation'}}",{},195.493,1788515973.3461788,49.582,1850.69,43.082,True,1,llama3.2:1b,1321098329,True,baf6a787fdffd633537aa2eb51cfd54cb93ff08e28040095462bb63daf552878,etri-dev0001-jetorn,ACTIVE,380.0,15,47.647,1788515838.0394592,nano,16.298,3,True,nano,12.0,1788515838.0394762,nano,48.218,1788515973.5172248,3
0.0,1788515773.810518,1,True,True,1,180,16,b01-o03-nano-c16,57.627,,193.958,49.547,2465.463,False,0,False,,,,dcgm_not_available_for_node,,,,True,0.07970952987670898,1974.23,True,True,"{'activation_required': True, 'node_state_before': 'COLD', 'node_state': 'ACTIVE', 'activation_started_timestamp': 1788515773.810518, 'ready_timestamp': 1788515838.0394592, 'worker_start_ms': 1.131, 'model_remote_download_ms': 38072.92, 'model_load_ms': 26141.371, 'cuda_initialization_ms': None, 'endpoint_ready_ms': 64229.087, 'activation_time_ms': 64229.091, 'model_digest': 'baf6a787fdffd633537aa2eb51cfd54cb93ff08e28040095462bb63daf552878', 'transition': {'timestamp': 1788515838.0394762, 'node': 'nano', 'physical_node': 'etri-dev0001-jetorn', 'old_state': 'COLD', 'new_state': 'ACTIVE', 'reason': 'orin_nano_gpu_validation'}}",{},194.647,1788515974.5092978,49.445,2936.511,43.082,True,1,llama3.2:1b,1321098329,True,baf6a787fdffd633537aa2eb51cfd54cb93ff08e28040095462bb63daf552878,etri-dev0001-jetorn,ACTIVE,380.0,15,47.647,1788515838.0394592,nano,15.821,3,True,nano,12.0,1788515838.0394762,nano,48.5,1788515974.5890074,3
0.0,1788515773.810518,1,True,True,1,185,16,b01-o03-nano-c16,58.416,,193.917,49.549,2825.502,False,0,False,,,,dcgm_not_available_for_node,,,,True,0.1628587245941162,1974.48,True,True,"{'activation_required': True, 'node_state_before': 'COLD', 'node_state': 'ACTIVE', 'activation_started_timestamp': 1788515773.810518, 'ready_timestamp': 1788515838.0394592, 'worker_start_ms': 1.131, 'model_remote_download_ms': 38072.92, 'model_load_ms': 26141.371, 'cuda_initialization_ms': None, 'endpoint_ready_ms': 64229.087, 'activation_time_ms': 64229.091, 'model_digest': 'baf6a787fdffd633537aa2eb51cfd54cb93ff08e28040095462bb63daf552878', 'transition': {'timestamp': 1788515838.0394762, 'node': 'nano', 'physical_node': 'etri-dev0001-jetorn', 'old_state': 'COLD', 'new_state': 'ACTIVE', 'reason': 'orin_nano_gpu_validation'}}",{},193.446,1788515975.4811144,49.611,2937.876,43.082,True,1,llama3.2:1b,1321098329,True,baf6a787fdffd633537aa2eb51cfd54cb93ff08e28040095462bb63daf552878,etri-dev0001-jetorn,ACTIVE,380.0,15,47.65,1788515838.0394592,nano,18.982,3,True,nano,12.0,1788515838.0394762,nano,48.562,1788515975.643973,3
0.0,1788515773.810518,1,True,True,1,191,16,b01-o03-nano-c16,57.143,,193.545,49.66,2916.39,False,0,False,,,,dcgm_not_available_for_node,,,,True,0.07532072067260742,1974.473,True,True,"{'activation_required': True, 'node_state_before': 'COLD', 'node_state': 'ACTIVE', 'activation_started_timestamp': 1788515773.810518, 'ready_timestamp': 1788515838.0394592, 'worker_start_ms': 1.131, 'model_remote_download_ms': 38072.92, 'model_load_ms': 26141.371, 'cuda_initialization_ms': None, 'endpoint_ready_ms': 64229.087, 'activation_time_ms': 64229.091, 'model_digest': 'baf6a787fdffd633537aa2eb51cfd54cb93ff08e28040095462bb63daf552878', 'transition': {'timestamp': 1788515838.0394762, 'node': 'nano', 'physical_node': 'etri-dev0001-jetorn', 'old_state': 'COLD', 'new_state': 'ACTIVE', 'reason': 'orin_nano_gpu_validation'}}",{},194.191,1788515976.6428995,49.741,2935.544,43.082,True,1,llama3.2:1b,1321098329,True,baf6a787fdffd633537aa2eb51cfd54cb93ff08e28040095462bb63daf552878,etri-dev0001-jetorn,ACTIVE,380.0,15,47.649,1788515838.0394592,nano,21.118,3,True,nano,12.0,1788515838.0394762,nano,48.812,1788515976.7182202,3
0.0,1788515773.810518,1,True,True,1,197,16,b01-o03-nano-c16,58.679,,194.334,49.516,2934.758,False,0,False,,,,dcgm_not_available_for_node,,,,True,0.0,1974.469,True,True,"{'activation_required': True, 'node_state_before': 'COLD', 'node_state': 'ACTIVE', 'activation_started_timestamp': 1788515773.810518, 'ready_timestamp': 1788515838.0394592, 'worker_start_ms': 1.131, 'model_remote_download_ms': 38072.92, 'model_load_ms': 26141.371, 'cuda_initialization_ms': None, 'endpoint_ready_ms': 64229.087, 'activation_time_ms': 64229.091, 'model_digest': 'baf6a787fdffd633537aa2eb51cfd54cb93ff08e28040095462bb63daf552878', 'transition': {'timestamp': 1788515838.0394762, 'node': 'nano', 'physical_node': 'etri-dev0001-jetorn', 'old_state': 'COLD', 'new_state': 'ACTIVE', 'reason': 'orin_nano_gpu_validation'}}",{},194.233,1788515977.8115468,49.524,2940.266,43.082,True,1,llama3.2:1b,1321098329,True,baf6a787fdffd633537aa2eb51cfd54cb93ff08e28040095462bb63daf552878,etri-dev0001-jetorn,ACTIVE,380.0,14,47.652,1788515838.0394592,nano,18.655,3,True,nano,12.0,1788515838.0394762,nano,48.593,1788515977.8088238,3
0.0,1788515773.810518,1,True,True,1,202,16,b01-o03-nano-c16,67.647,,194.888,49.484,2948.667,False,0,False,,,,dcgm_not_available_for_node,,,,True,0.10526371002197266,1974.461,True,True,"{'activation_required': True, 'node_state_before': 'COLD', 'node_state': 'ACTIVE', 'activation_started_timestamp': 1788515773.810518, 'ready_timestamp': 1788515838.0394592, 'worker_start_ms': 1.131, 'model_remote_download_ms': 38072.92, 'model_load_ms': 26141.371, 'cuda_initialization_ms': None, 'endpoint_ready_ms': 64229.087, 'activation_time_ms': 64229.091, 'model_digest': 'baf6a787fdffd633537aa2eb51cfd54cb93ff08e28040095462bb63daf552878', 'transition': {'timestamp': 1788515838.0394762, 'node': 'nano', 'physical_node': 'etri-dev0001-jetorn', 'old_state': 'COLD', 'new_state': 'ACTIVE', 'reason': 'orin_nano_gpu_validation'}}",{},193.217,1788515978.795255,49.676,2957.338,43.082,True,1,llama3.2:1b,1321098329,True,baf6a787fdffd633537aa2eb51cfd54cb93ff08e28040095462bb63daf552878,etri-dev0001-jetorn,ACTIVE,380.0,15,47.648,1788515838.0394592,nano,16.656,3,True,nano,12.0,1788515838.0394762,nano,49.437,1788515978.9005187,3
0.0,1788515773.810518,1,True,True,1,208,16,b01-o03-nano-c16,53.626,,194.367,49.572,2954.215,False,0,False,,,,dcgm_not_available_for_node,,,,True,0.0,1974.453,True,True,"{'activation_required': True, 'node_state_before': 'COLD', 'node_state': 'ACTIVE', 'activation_started_timestamp': 1788515773.810518, 'ready_timestamp': 1788515838.0394592, 'worker_start_ms': 1.131, 'model_remote_download_ms': 38072.92, 'model_load_ms': 26141.371, 'cuda_initialization_ms': None, 'endpoint_ready_ms': 64229.087, 'activation_time_ms': 64229.091, 'model_digest': 'baf6a787fdffd633537aa2eb51cfd54cb93ff08e28040095462bb63daf552878', 'transition': {'timestamp': 1788515838.0394762, 'node': 'nano', 'physical_node': 'etri-dev0001-jetorn', 'old_state': 'COLD', 'new_state': 'ACTIVE', 'reason': 'orin_nano_gpu_validation'}}",{},195.204,1788515979.9621289,49.502,2955.997,43.082,True,1,llama3.2:1b,1321098329,True,baf6a787fdffd633537aa2eb51cfd54cb93ff08e28040095462bb63daf552878,etri-dev0001-jetorn,ACTIVE,380.0,15,47.657,1788515838.0394592,nano,20.47,3,True,nano,12.0,1788515838.0394762,nano,49.031,1788515979.9615731,3
0.0,1788515773.810518,1,True,True,1,213,16,b01-o03-nano-c16,56.921,,193.493,49.659,2952.507,False,0,False,,,,dcgm_not_available_for_node,,,,True,0.12125205993652344,1974.445,True,True,"{'activation_required': True, 'node_state_before': 'COLD', 'node_state': 'ACTIVE', 'activation_started_timestamp': 1788515773.810518, 'ready_timestamp': 1788515838.0394592, 'worker_start_ms': 1.131, 'model_remote_download_ms': 38072.92, 'model_load_ms': 26141.371, 'cuda_initialization_ms': None, 'endpoint_ready_ms': 64229.087, 'activation_time_ms': 64229.091, 'model_digest': 'baf6a787fdffd633537aa2eb51cfd54cb93ff08e28040095462bb63daf552878', 'transition': {'timestamp': 1788515838.0394762, 'node': 'nano', 'physical_node': 'etri-dev0001-jetorn', 'old_state': 'COLD', 'new_state': 'ACTIVE', 'reason': 'orin_nano_gpu_validation'}}",{},193.475,1788515980.9299915,49.736,2949.06,43.082,True,1,llama3.2:1b,1321098329,True,baf6a787fdffd633537aa2eb51cfd54cb93ff08e28040095462bb63daf552878,etri-dev0001-jetorn,ACTIVE,380.0,15,47.654,1788515838.0394592,nano,14.55,3,True,nano,12.0,1788515838.0394762,nano,49.687,1788515981.0512435,3
0.0,1788515773.810518,1,True,True,1,219,16,b01-o03-nano-c16,56.14,,193.878,49.545,2939.385,False,0,False,,,,dcgm_not_available_for_node,,,,True,0.0,1974.441,True,True,"{'activation_required': True, 'node_state_before': 'COLD', 'node_state': 'ACTIVE', 'activation_started_timestamp': 1788515773.810518, 'ready_timestamp': 1788515838.0394592, 'worker_start_ms': 1.131, 'model_remote_download_ms': 38072.92, 'model_load_ms': 26141.371, 'cuda_initialization_ms': None, 'endpoint_ready_ms': 64229.087, 'activation_time_ms': 64229.091, 'model_digest': 'baf6a787fdffd633537aa2eb51cfd54cb93ff08e28040095462bb63daf552878', 'transition': {'timestamp': 1788515838.0394762, 'node': 'nano', 'physical_node': 'etri-dev0001-jetorn', 'old_state': 'COLD', 'new_state': 'ACTIVE', 'reason': 'orin_nano_gpu_validation'}}",{},195.668,1788515982.0950909,49.334,2935.949,42.828,True,1,llama3.2:1b,1321098329,True,baf6a787fdffd633537aa2eb51cfd54cb93ff08e28040095462bb63daf552878,etri-dev0001-jetorn,ACTIVE,380.0,15,47.653,1788515838.0394592,nano,16.095,3,True,nano,12.0,1788515838.0394762,nano,49.437,1788515982.094517,3
0.0,1788515773.810518,1,True,True,1,224,16,b01-o03-nano-c16,58.07,,194.926,49.366,2940.194,False,0,False,,,,dcgm_not_available_for_node,,,,True,0.08098268508911133,1974.434,True,True,"{'activation_required': True, 'node_state_before': 'COLD', 'node_state': 'ACTIVE', 'activation_started_timestamp': 1788515773.810518, 'ready_timestamp': 1788515838.0394592, 'worker_start_ms': 1.131, 'model_remote_download_ms': 38072.92, 'model_load_ms': 26141.371, 'cuda_initialization_ms': None, 'endpoint_ready_ms': 64229.087, 'activation_time_ms': 64229.091, 'model_digest': 'baf6a787fdffd633537aa2eb51cfd54cb93ff08e28040095462bb63daf552878', 'transition': {'timestamp': 1788515838.0394762, 'node': 'nano', 'physical_node': 'etri-dev0001-jetorn', 'old_state': 'COLD', 'new_state': 'ACTIVE', 'reason': 'orin_nano_gpu_validation'}}",{},195.711,1788515983.0728571,49.079,2940.206,42.828,True,1,llama3.2:1b,1321098329,True,baf6a787fdffd633537aa2eb51cfd54cb93ff08e28040095462bb63daf552878,etri-dev0001-jetorn,ACTIVE,380.0,10,47.653,1788515838.0394592,nano,15.282,3,True,nano,12.0,1788515838.0394762,nano,49.968,1788515983.1538398,3
0.0,1788515773.810518,1,True,True,1,230,16,b01-o03-nano-c16,62.069,,194.471,49.5,2947.453,False,0,False,,,,dcgm_not_available_for_node,,,,True,0.0,1974.43,True,True,"{'activation_required': True, 'node_state_before': 'COLD', 'node_state': 'ACTIVE', 'activation_started_timestamp': 1788515773.810518, 'ready_timestamp': 1788515838.0394592, 'worker_start_ms': 1.131, 'model_remote_download_ms': 38072.92, 'model_load_ms': 26141.371, 'cuda_initialization_ms': None, 'endpoint_ready_ms': 64229.087, 'activation_time_ms': 64229.091, 'model_digest': 'baf6a787fdffd633537aa2eb51cfd54cb93ff08e28040095462bb63daf552878', 'transition': {'timestamp': 1788515838.0394762, 'node': 'nano', 'physical_node': 'etri-dev0001-jetorn', 'old_state': 'COLD', 'new_state': 'ACTIVE', 'reason': 'orin_nano_gpu_validation'}}",{},194.1,1788515984.2434506,49.634,2950.279,42.828,True,1,llama3.2:1b,1321098329,True,baf6a787fdffd633537aa2eb51cfd54cb93ff08e28040095462bb63daf552878,etri-dev0001-jetorn,ACTIVE,380.0,4,47.624,1788515838.0394592,nano,17.398,3,True,nano,12.0,1788515838.0394762,nano,49.812,1788515984.2369561,3
0.0,1788515773.810518,1,True,True,1,235,8,b01-o04-nano-c8,7.823,,193.538,49.574,2949.33,False,0,False,,,,dcgm_not_available_for_node,,,,True,3.230001449584961,1974.422,True,True,"{'activation_required': True, 'node_state_before': 'COLD', 'node_state': 'ACTIVE', 'activation_started_timestamp': 1788515773.810518, 'ready_timestamp': 1788515838.0394592, 'worker_start_ms': 1.131, 'model_remote_download_ms': 38072.92, 'model_load_ms': 26141.371, 'cuda_initialization_ms': None, 'endpoint_ready_ms': 64229.087, 'activation_time_ms': 64229.091, 'model_digest': 'baf6a787fdffd633537aa2eb51cfd54cb93ff08e28040095462bb63daf552878', 'transition': {'timestamp': 1788515838.0394762, 'node': 'nano', 'physical_node': 'etri-dev0001-jetorn', 'old_state': 'COLD', 'new_state': 'ACTIVE', 'reason': 'orin_nano_gpu_validation'}}",{},193.584,1788515985.2109737,49.631,2946.918,42.828,True,1,llama3.2:1b,1321098329,True,baf6a787fdffd633537aa2eb51cfd54cb93ff08e28040095462bb63daf552878,etri-dev0001-jetorn,ACTIVE,380.0,6,47.676,1788515838.0394592,nano,222.871,4,True,nano,12.0,1788515838.0394762,nano,47.812,1788515988.4409752,4
0.0,1788515773.810518,1,True,True,1,240,8,b01-o04-nano-c8,56.995,,214.369,45.984,1226.074,False,0,False,,,,dcgm_not_available_for_node,,,,True,0.09105277061462402,1974.414,True,True,"{'activation_required': True, 'node_state_before': 'COLD', 'node_state': 'ACTIVE', 'activation_started_timestamp': 1788515773.810518, 'ready_timestamp': 1788515838.0394592, 'worker_start_ms': 1.131, 'model_remote_download_ms': 38072.92, 'model_load_ms': 26141.371, 'cuda_initialization_ms': None, 'endpoint_ready_ms': 64229.087, 'activation_time_ms': 64229.091, 'model_digest': 'baf6a787fdffd633537aa2eb51cfd54cb93ff08e28040095462bb63daf552878', 'transition': {'timestamp': 1788515838.0394762, 'node': 'nano', 'physical_node': 'etri-dev0001-jetorn', 'old_state': 'COLD', 'new_state': 'ACTIVE', 'reason': 'orin_nano_gpu_validation'}}",{},193.596,1788515989.4234838,49.597,1003.947,42.828,True,1,llama3.2:1b,1321098329,True,baf6a787fdffd633537aa2eb51cfd54cb93ff08e28040095462bb63daf552878,etri-dev0001-jetorn,ACTIVE,380.0,7,47.679,1788515838.0394592,nano,18.67,4,True,nano,12.0,1788515838.0394762,nano,49.281,1788515989.5145366,4
0.0,1788515773.810518,1,True,True,1,246,8,b01-o04-nano-c8,55.508,,196.979,49.066,1369.051,False,0,False,,,,dcgm_not_available_for_node,,,,True,0.00821828842163086,1974.41,True,True,"{'activation_required': True, 'node_state_before': 'COLD', 'node_state': 'ACTIVE', 'activation_started_timestamp': 1788515773.810518, 'ready_timestamp': 1788515838.0394592, 'worker_start_ms': 1.131, 'model_remote_download_ms': 38072.92, 'model_load_ms': 26141.371, 'cuda_initialization_ms': None, 'endpoint_ready_ms': 64229.087, 'activation_time_ms': 64229.091, 'model_digest': 'baf6a787fdffd633537aa2eb51cfd54cb93ff08e28040095462bb63daf552878', 'transition': {'timestamp': 1788515838.0394762, 'node': 'nano', 'physical_node': 'etri-dev0001-jetorn', 'old_state': 'COLD', 'new_state': 'ACTIVE', 'reason': 'orin_nano_gpu_validation'}}",{},192.757,1788515990.586066,49.848,1385.178,42.828,True,1,llama3.2:1b,1321098329,True,baf6a787fdffd633537aa2eb51cfd54cb93ff08e28040095462bb63daf552878,etri-dev0001-jetorn,ACTIVE,380.0,7,47.685,1788515838.0394592,nano,14.061,4,True,nano,12.0,1788515838.0394762,nano,49.843,1788515990.5942843,4
0.0,1788515773.810518,1,True,True,1,251,8,b01-o04-nano-c8,55.692,,194.16,49.518,1378.987,False,0,False,,,,dcgm_not_available_for_node,,,,True,0.12290692329406738,1974.402,True,True,"{'activation_required': True, 'node_state_before': 'COLD', 'node_state': 'ACTIVE', 'activation_started_timestamp': 1788515773.810518, 'ready_timestamp': 1788515838.0394592, 'worker_start_ms': 1.131, 'model_remote_download_ms': 38072.92, 'model_load_ms': 26141.371, 'cuda_initialization_ms': None, 'endpoint_ready_ms': 64229.087, 'activation_time_ms': 64229.091, 'model_digest': 'baf6a787fdffd633537aa2eb51cfd54cb93ff08e28040095462bb63daf552878', 'transition': {'timestamp': 1788515838.0394762, 'node': 'nano', 'physical_node': 'etri-dev0001-jetorn', 'old_state': 'COLD', 'new_state': 'ACTIVE', 'reason': 'orin_nano_gpu_validation'}}",{},193.079,1788515991.5558596,49.642,1382.602,42.828,True,1,llama3.2:1b,1321098329,True,baf6a787fdffd633537aa2eb51cfd54cb93ff08e28040095462bb63daf552878,etri-dev0001-jetorn,ACTIVE,380.0,7,47.682,1788515838.0394592,nano,16.278,4,True,nano,12.0,1788515838.0394762,nano,50.343,1788515991.6787665,4
0.0,1788515773.810518,1,True,True,1,257,8,b01-o04-nano-c8,56.28,,195.937,49.559,1389.504,False,0,False,,,,dcgm_not_available_for_node,,,,True,0.002626657485961914,1974.395,True,True,"{'activation_required': True, 'node_state_before': 'COLD', 'node_state': 'ACTIVE', 'activation_started_timestamp': 1788515773.810518, 'ready_timestamp': 1788515838.0394592, 'worker_start_ms': 1.131, 'model_remote_download_ms': 38072.92, 'model_load_ms': 26141.371, 'cuda_initialization_ms': None, 'endpoint_ready_ms': 64229.087, 'activation_time_ms': 64229.091, 'model_digest': 'baf6a787fdffd633537aa2eb51cfd54cb93ff08e28040095462bb63daf552878', 'transition': {'timestamp': 1788515838.0394762, 'node': 'nano', 'physical_node': 'etri-dev0001-jetorn', 'old_state': 'COLD', 'new_state': 'ACTIVE', 'reason': 'orin_nano_gpu_validation'}}",{},193.544,1788515992.7328565,49.678,1395.491,42.828,True,1,llama3.2:1b,1321098329,True,baf6a787fdffd633537aa2eb51cfd54cb93ff08e28040095462bb63daf552878,etri-dev0001-jetorn,ACTIVE,380.0,7,47.684,1788515838.0394592,nano,18.828,4,True,nano,12.0,1788515838.0394762,nano,50.468,1788515992.7354832,4
0.0,1788515773.810518,1,True,True,1,262,8,b01-o04-nano-c8,57.692,,194.46,49.439,1395.748,False,0,False,,,,dcgm_not_available_for_node,,,,True,0.10871028900146484,1974.391,True,True,"{'activation_required': True, 'node_state_before': 'COLD', 'node_state': 'ACTIVE', 'activation_started_timestamp': 1788515773.810518, 'ready_timestamp': 1788515838.0394592, 'worker_start_ms': 1.131, 'model_remote_download_ms': 38072.92, 'model_load_ms': 26141.371, 'cuda_initialization_ms': None, 'endpoint_ready_ms': 64229.087, 'activation_time_ms': 64229.091, 'model_digest': 'baf6a787fdffd633537aa2eb51cfd54cb93ff08e28040095462bb63daf552878', 'transition': {'timestamp': 1788515838.0394762, 'node': 'nano', 'physical_node': 'etri-dev0001-jetorn', 'old_state': 'COLD', 'new_state': 'ACTIVE', 'reason': 'orin_nano_gpu_validation'}}",{},193.223,1788515993.7054803,49.556,1398.762,43.223,True,1,llama3.2:1b,1321098329,True,baf6a787fdffd633537aa2eb51cfd54cb93ff08e28040095462bb63daf552878,etri-dev0001-jetorn,ACTIVE,380.0,7,47.685,1788515838.0394592,nano,14.89,4,True,nano,12.0,1788515838.0394762,nano,50.75,1788515993.8141906,4
0.0,1788515773.810518,1,True,True,1,268,8,b01-o04-nano-c8,58.411,,194.055,49.513,1389.57,False,0,False,,,,dcgm_not_available_for_node,,,,True,0.03867959976196289,1974.383,True,True,"{'activation_required': True, 'node_state_before': 'COLD', 'node_state': 'ACTIVE', 'activation_started_timestamp': 1788515773.810518, 'ready_timestamp': 1788515838.0394592, 'worker_start_ms': 1.131, 'model_remote_download_ms': 38072.92, 'model_load_ms': 26141.371, 'cuda_initialization_ms': None, 'endpoint_ready_ms': 64229.087, 'activation_time_ms': 64229.091, 'model_digest': 'baf6a787fdffd633537aa2eb51cfd54cb93ff08e28040095462bb63daf552878', 'transition': {'timestamp': 1788515838.0394762, 'node': 'nano', 'physical_node': 'etri-dev0001-jetorn', 'old_state': 'COLD', 'new_state': 'ACTIVE', 'reason': 'orin_nano_gpu_validation'}}",{},193.755,1788515994.8725688,49.489,1387.866,43.223,True,1,llama3.2:1b,1321098329,True,baf6a787fdffd633537aa2eb51cfd54cb93ff08e28040095462bb63daf552878,etri-dev0001-jetorn,ACTIVE,380.0,7,47.682,1788515838.0394592,nano,14.622,4,True,nano,12.0,1788515838.0394762,nano,50.875,1788515994.9112484,4
0.0,1788515773.810518,1,True,True,1,273,8,b01-o04-nano-c8,56.944,,193.3,49.648,1385.737,False,0,False,,,,dcgm_not_available_for_node,,,,True,0.1541914939880371,1974.375,True,True,"{'activation_required': True, 'node_state_before': 'COLD', 'node_state': 'ACTIVE', 'activation_started_timestamp': 1788515773.810518, 'ready_timestamp': 1788515838.0394592, 'worker_start_ms': 1.131, 'model_remote_download_ms': 38072.92, 'model_load_ms': 26141.371, 'cuda_initialization_ms': None, 'endpoint_ready_ms': 64229.087, 'activation_time_ms': 64229.091, 'model_digest': 'baf6a787fdffd633537aa2eb51cfd54cb93ff08e28040095462bb63daf552878', 'transition': {'timestamp': 1788515838.0394762, 'node': 'nano', 'physical_node': 'etri-dev0001-jetorn', 'old_state': 'COLD', 'new_state': 'ACTIVE', 'reason': 'orin_nano_gpu_validation'}}",{},193.127,1788515995.839395,49.745,1384.467,43.223,True,1,llama3.2:1b,1321098329,True,baf6a787fdffd633537aa2eb51cfd54cb93ff08e28040095462bb63daf552878,etri-dev0001-jetorn,ACTIVE,380.0,7,47.686,1788515838.0394592,nano,15.752,4,True,nano,12.0,1788515838.0394762,nano,51.281,1788515995.9935865,4
0.0,1788515773.810518,1,True,True,1,279,8,b01-o04-nano-c8,56.836,,196.094,49.116,1392.743,False,0,False,,,,dcgm_not_available_for_node,,,,True,0.05064058303833008,1974.367,True,True,"{'activation_required': True, 'node_state_before': 'COLD', 'node_state': 'ACTIVE', 'activation_started_timestamp': 1788515773.810518, 'ready_timestamp': 1788515838.0394592, 'worker_start_ms': 1.131, 'model_remote_download_ms': 38072.92, 'model_load_ms': 26141.371, 'cuda_initialization_ms': None, 'endpoint_ready_ms': 64229.087, 'activation_time_ms': 64229.091, 'model_digest': 'baf6a787fdffd633537aa2eb51cfd54cb93ff08e28040095462bb63daf552878', 'transition': {'timestamp': 1788515838.0394762, 'node': 'nano', 'physical_node': 'etri-dev0001-jetorn', 'old_state': 'COLD', 'new_state': 'ACTIVE', 'reason': 'orin_nano_gpu_validation'}}",{},197.025,1788515997.0225012,48.442,1398.664,43.223,True,1,llama3.2:1b,1321098329,True,baf6a787fdffd633537aa2eb51cfd54cb93ff08e28040095462bb63daf552878,etri-dev0001-jetorn,ACTIVE,380.0,7,47.687,1788515838.0394592,nano,16.348,4,True,nano,12.0,1788515838.0394762,nano,51.156,1788515997.0731418,4
0.0,1788515773.810518,1,True,True,1,284,8,b01-o04-nano-c8,58.054,,194.171,49.534,1394.27,False,0,False,,,,dcgm_not_available_for_node,,,,True,0.13414692878723145,1974.363,True,True,"{'activation_required': True, 'node_state_before': 'COLD', 'node_state': 'ACTIVE', 'activation_started_timestamp': 1788515773.810518, 'ready_timestamp': 1788515838.0394592, 'worker_start_ms': 1.131, 'model_remote_download_ms': 38072.92, 'model_load_ms': 26141.371, 'cuda_initialization_ms': None, 'endpoint_ready_ms': 64229.087, 'activation_time_ms': 64229.091, 'model_digest': 'baf6a787fdffd633537aa2eb51cfd54cb93ff08e28040095462bb63daf552878', 'transition': {'timestamp': 1788515838.0394762, 'node': 'nano', 'physical_node': 'etri-dev0001-jetorn', 'old_state': 'COLD', 'new_state': 'ACTIVE', 'reason': 'orin_nano_gpu_validation'}}",{},194.612,1788515997.9911535,49.556,1389.973,43.223,True,1,llama3.2:1b,1321098329,True,baf6a787fdffd633537aa2eb51cfd54cb93ff08e28040095462bb63daf552878,etri-dev0001-jetorn,ACTIVE,380.0,7,47.687,1788515838.0394592,nano,20.206,4,True,nano,12.0,1788515838.0394762,nano,51.312,1788515998.1253004,4
0.0,1788515773.810518,1,True,True,1,290,8,b01-o04-nano-c8,58.333,,194.005,49.633,1389.706,False,0,False,,,,dcgm_not_available_for_node,,,,True,0.04846382141113281,1974.355,True,True,"{'activation_required': True, 'node_state_before': 'COLD', 'node_state': 'ACTIVE', 'activation_started_timestamp': 1788515773.810518, 'ready_timestamp': 1788515838.0394592, 'worker_start_ms': 1.131, 'model_remote_download_ms': 38072.92, 'model_load_ms': 26141.371, 'cuda_initialization_ms': None, 'endpoint_ready_ms': 64229.087, 'activation_time_ms': 64229.091, 'model_digest': 'baf6a787fdffd633537aa2eb51cfd54cb93ff08e28040095462bb63daf552878', 'transition': {'timestamp': 1788515838.0394762, 'node': 'nano', 'physical_node': 'etri-dev0001-jetorn', 'old_state': 'COLD', 'new_state': 'ACTIVE', 'reason': 'orin_nano_gpu_validation'}}",{},192.753,1788515999.1589189,49.786,1388.372,43.223,True,1,llama3.2:1b,1321098329,True,baf6a787fdffd633537aa2eb51cfd54cb93ff08e28040095462bb63daf552878,etri-dev0001-jetorn,ACTIVE,380.0,7,47.684,1788515838.0394592,nano,21.457,4,True,nano,12.0,1788515838.0394762,nano,51.593,1788515999.2073827,4
0.0,1788515773.810518,1,True,True,1,295,8,b01-o04-nano-c8,57.524,,194.037,49.609,1387.275,False,0,False,,,,dcgm_not_available_for_node,,,,True,0.14567780494689941,1974.348,True,True,"{'activation_required': True, 'node_state_before': 'COLD', 'node_state': 'ACTIVE', 'activation_started_timestamp': 1788515773.810518, 'ready_timestamp': 1788515838.0394592, 'worker_start_ms': 1.131, 'model_remote_download_ms': 38072.92, 'model_load_ms': 26141.371, 'cuda_initialization_ms': None, 'endpoint_ready_ms': 64229.087, 'activation_time_ms': 64229.091, 'model_digest': 'baf6a787fdffd633537aa2eb51cfd54cb93ff08e28040095462bb63daf552878', 'transition': {'timestamp': 1788515838.0394762, 'node': 'nano', 'physical_node': 'etri-dev0001-jetorn', 'old_state': 'COLD', 'new_state': 'ACTIVE', 'reason': 'orin_nano_gpu_validation'}}",{},194.072,1788516000.130832,49.707,1384.673,43.477,True,1,llama3.2:1b,1321098329,True,baf6a787fdffd633537aa2eb51cfd54cb93ff08e28040095462bb63daf552878,etri-dev0001-jetorn,ACTIVE,380.0,7,47.686,1788515838.0394592,nano,15.752,4,True,nano,12.0,1788515838.0394762,nano,51.875,1788516000.2765098,4
0.0,1788515773.810518,1,True,True,1,301,8,b01-o04-nano-c8,58.974,,194.04,49.543,1389.139,False,0,False,,,,dcgm_not_available_for_node,,,,True,0.02376699447631836,1974.344,True,True,"{'activation_required': True, 'node_state_before': 'COLD', 'node_state': 'ACTIVE', 'activation_started_timestamp': 1788515773.810518, 'ready_timestamp': 1788515838.0394592, 'worker_start_ms': 1.131, 'model_remote_download_ms': 38072.92, 'model_load_ms': 26141.371, 'cuda_initialization_ms': None, 'endpoint_ready_ms': 64229.087, 'activation_time_ms': 64229.091, 'model_digest': 'baf6a787fdffd633537aa2eb51cfd54cb93ff08e28040095462bb63daf552878', 'transition': {'timestamp': 1788515838.0394762, 'node': 'nano', 'physical_node': 'etri-dev0001-jetorn', 'old_state': 'COLD', 'new_state': 'ACTIVE', 'reason': 'orin_nano_gpu_validation'}}",{},192.945,1788516001.2997131,49.763,1390.999,43.398,True,1,llama3.2:1b,1321098329,True,baf6a787fdffd633537aa2eb51cfd54cb93ff08e28040095462bb63daf552878,etri-dev0001-jetorn,ACTIVE,380.0,1,47.654,1788515838.0394592,nano,13.753,4,True,nano,12.0,1788515838.0394762,nano,51.718,1788516001.3234801,4
0.0,1788515773.810518,1,True,True,1,303,2,b01-o05-nano-c2,1.967,,194.249,49.475,1389.282,False,0,False,,,,dcgm_not_available_for_node,,,,True,3.0162906646728516,1974.34,True,True,"{'activation_required': True, 'node_state_before': 'COLD', 'node_state': 'ACTIVE', 'activation_started_timestamp': 1788515773.810518, 'ready_timestamp': 1788515838.0394592, 'worker_start_ms': 1.131, 'model_remote_download_ms': 38072.92, 'model_load_ms': 26141.371, 'cuda_initialization_ms': None, 'endpoint_ready_ms': 64229.087, 'activation_time_ms': 64229.091, 'model_digest': 'baf6a787fdffd633537aa2eb51cfd54cb93ff08e28040095462bb63daf552878', 'transition': {'timestamp': 1788515838.0394762, 'node': 'nano', 'physical_node': 'etri-dev0001-jetorn', 'old_state': 'COLD', 'new_state': 'ACTIVE', 'reason': 'orin_nano_gpu_validation'}}",{},194.866,1788516001.6893623,49.428,1390.604,43.398,True,1,llama3.2:1b,1321098329,True,baf6a787fdffd633537aa2eb51cfd54cb93ff08e28040095462bb63daf552878,etri-dev0001-jetorn,ACTIVE,380.0,1,47.666,1788515838.0394592,nano,21.593,5,True,nano,12.0,1788515838.0394762,nano,48.625,1788516004.705653,5
0.0,1788515773.810518,1,True,True,1,307,2,b01-o05-nano-c2,55.806,,219.997,44.955,611.037,False,0,False,,,,dcgm_not_available_for_node,,,,True,0.1011197566986084,1974.336,True,True,"{'activation_required': True, 'node_state_before': 'COLD', 'node_state': 'ACTIVE', 'activation_started_timestamp': 1788515773.810518, 'ready_timestamp': 1788515838.0394592, 'worker_start_ms': 1.131, 'model_remote_download_ms': 38072.92, 'model_load_ms': 26141.371, 'cuda_initialization_ms': None, 'endpoint_ready_ms': 64229.087, 'activation_time_ms': 64229.091, 'model_digest': 'baf6a787fdffd633537aa2eb51cfd54cb93ff08e28040095462bb63daf552878', 'transition': {'timestamp': 1788515838.0394762, 'node': 'nano', 'physical_node': 'etri-dev0001-jetorn', 'old_state': 'COLD', 'new_state': 'ACTIVE', 'reason': 'orin_nano_gpu_validation'}}",{},202.72,1788516005.6744826,47.057,258.182,43.398,True,1,llama3.2:1b,1321098329,True,baf6a787fdffd633537aa2eb51cfd54cb93ff08e28040095462bb63daf552878,etri-dev0001-jetorn,ACTIVE,380.0,1,47.663,1788515838.0394592,nano,17.743,5,True,nano,12.0,1788515838.0394762,nano,50.75,1788516005.7756023,5
0.0,1788515773.810518,1,True,True,1,313,2,b01-o05-nano-c2,57.054,,198.235,48.849,292.235,False,0,False,,,,dcgm_not_available_for_node,,,,True,0.024944782257080078,1974.328,True,True,"{'activation_required': True, 'node_state_before': 'COLD', 'node_state': 'ACTIVE', 'activation_started_timestamp': 1788515773.810518, 'ready_timestamp': 1788515838.0394592, 'worker_start_ms': 1.131, 'model_remote_download_ms': 38072.92, 'model_load_ms': 26141.371, 'cuda_initialization_ms': None, 'endpoint_ready_ms': 64229.087, 'activation_time_ms': 64229.091, 'model_digest': 'baf6a787fdffd633537aa2eb51cfd54cb93ff08e28040095462bb63daf552878', 'transition': {'timestamp': 1788515838.0394762, 'node': 'nano', 'physical_node': 'etri-dev0001-jetorn', 'old_state': 'COLD', 'new_state': 'ACTIVE', 'reason': 'orin_nano_gpu_validation'}}",{},193.158,1788516006.8384018,49.728,219.398,43.398,True,1,llama3.2:1b,1321098329,True,baf6a787fdffd633537aa2eb51cfd54cb93ff08e28040095462bb63daf552878,etri-dev0001-jetorn,ACTIVE,380.0,1,47.663,1788515838.0394592,nano,14.466,5,True,nano,12.0,1788515838.0394762,nano,51.562,1788516006.8633466,5
0.0,1788515773.810518,1,True,True,1,318,2,b01-o05-nano-c2,57.96,,194.451,49.437,236.505,False,0,False,,,,dcgm_not_available_for_node,,,,True,0.12929534912109375,1974.32,True,True,"{'activation_required': True, 'node_state_before': 'COLD', 'node_state': 'ACTIVE', 'activation_started_timestamp': 1788515773.810518, 'ready_timestamp': 1788515838.0394592, 'worker_start_ms': 1.131, 'model_remote_download_ms': 38072.92, 'model_load_ms': 26141.371, 'cuda_initialization_ms': None, 'endpoint_ready_ms': 64229.087, 'activation_time_ms': 64229.091, 'model_digest': 'baf6a787fdffd633537aa2eb51cfd54cb93ff08e28040095462bb63daf552878', 'transition': {'timestamp': 1788515838.0394762, 'node': 'nano', 'physical_node': 'etri-dev0001-jetorn', 'old_state': 'COLD', 'new_state': 'ACTIVE', 'reason': 'orin_nano_gpu_validation'}}",{},193.489,1788516007.8063495,49.644,219.732,43.398,True,1,llama3.2:1b,1321098329,True,baf6a787fdffd633537aa2eb51cfd54cb93ff08e28040095462bb63daf552878,etri-dev0001-jetorn,ACTIVE,380.0,1,47.668,1788515838.0394592,nano,14.995,5,True,nano,12.0,1788515838.0394762,nano,52.093,1788516007.9356449,5
0.0,1788515773.810518,1,True,True,1,324,2,b01-o05-nano-c2,61.053,,194.66,49.513,224.04,False,0,False,,,,dcgm_not_available_for_node,,,,True,0.026470422744750977,1974.316,True,True,"{'activation_required': True, 'node_state_before': 'COLD', 'node_state': 'ACTIVE', 'activation_started_timestamp': 1788515773.810518, 'ready_timestamp': 1788515838.0394592, 'worker_start_ms': 1.131, 'model_remote_download_ms': 38072.92, 'model_load_ms': 26141.371, 'cuda_initialization_ms': None, 'endpoint_ready_ms': 64229.087, 'activation_time_ms': 64229.091, 'model_digest': 'baf6a787fdffd633537aa2eb51cfd54cb93ff08e28040095462bb63daf552878', 'transition': {'timestamp': 1788515838.0394762, 'node': 'nano', 'physical_node': 'etri-dev0001-jetorn', 'old_state': 'COLD', 'new_state': 'ACTIVE', 'reason': 'orin_nano_gpu_validation'}}",{},194.669,1788516008.9777555,49.511,220.267,43.398,True,1,llama3.2:1b,1321098329,True,baf6a787fdffd633537aa2eb51cfd54cb93ff08e28040095462bb63daf552878,etri-dev0001-jetorn,ACTIVE,380.0,1,47.667,1788515838.0394592,nano,17.992,5,True,nano,12.0,1788515838.0394762,nano,51.75,1788516009.004226,5
0.0,1788515773.810518,1,True,True,1,329,2,b01-o05-nano-c2,55.455,,194.435,49.456,221.276,False,0,False,,,,dcgm_not_available_for_node,,,,True,0.14041590690612793,1974.309,True,True,"{'activation_required': True, 'node_state_before': 'COLD', 'node_state': 'ACTIVE', 'activation_started_timestamp': 1788515773.810518, 'ready_timestamp': 1788515838.0394592, 'worker_start_ms': 1.131, 'model_remote_download_ms': 38072.92, 'model_load_ms': 26141.371, 'cuda_initialization_ms': None, 'endpoint_ready_ms': 64229.087, 'activation_time_ms': 64229.091, 'model_digest': 'baf6a787fdffd633537aa2eb51cfd54cb93ff08e28040095462bb63daf552878', 'transition': {'timestamp': 1788515838.0394762, 'node': 'nano', 'physical_node': 'etri-dev0001-jetorn', 'old_state': 'COLD', 'new_state': 'ACTIVE', 'reason': 'orin_nano_gpu_validation'}}",{},195.937,1788516009.9506269,49.196,220.068,43.398,True,1,llama3.2:1b,1321098329,True,baf6a787fdffd633537aa2eb51cfd54cb93ff08e28040095462bb63daf552878,etri-dev0001-jetorn,ACTIVE,380.0,1,47.667,1788515838.0394592,nano,25.821,5,True,nano,12.0,1788515838.0394762,nano,52.5,1788516010.0910428,5
0.0,1788515773.810518,1,True,True,1,335,2,b01-o05-nano-c2,57.232,,194.019,49.498,222.255,False,0,False,,,,dcgm_not_available_for_node,,,,True,0.06269216537475586,1974.301,True,True,"{'activation_required': True, 'node_state_before': 'COLD', 'node_state': 'ACTIVE', 'activation_started_timestamp': 1788515773.810518, 'ready_timestamp': 1788515838.0394592, 'worker_start_ms': 1.131, 'model_remote_download_ms': 38072.92, 'model_load_ms': 26141.371, 'cuda_initialization_ms': None, 'endpoint_ready_ms': 64229.087, 'activation_time_ms': 64229.091, 'model_digest': 'baf6a787fdffd633537aa2eb51cfd54cb93ff08e28040095462bb63daf552878', 'transition': {'timestamp': 1788515838.0394762, 'node': 'nano', 'physical_node': 'etri-dev0001-jetorn', 'old_state': 'COLD', 'new_state': 'ACTIVE', 'reason': 'orin_nano_gpu_validation'}}",{},193.989,1788516011.1157777,49.646,221.041,43.398,True,1,llama3.2:1b,1321098329,True,baf6a787fdffd633537aa2eb51cfd54cb93ff08e28040095462bb63daf552878,etri-dev0001-jetorn,ACTIVE,380.0,1,47.669,1788515838.0394592,nano,14.658,5,True,nano,12.0,1788515838.0394762,nano,52.437,1788516011.17847,5
0.0,1788515773.810518,1,True,True,1,340,2,b01-o05-nano-c2,56.761,,193.548,49.584,220.464,False,0,False,,,,dcgm_not_available_for_node,,,,True,0.1609659194946289,1974.297,True,True,"{'activation_required': True, 'node_state_before': 'COLD', 'node_state': 'ACTIVE', 'activation_started_timestamp': 1788515773.810518, 'ready_timestamp': 1788515838.0394592, 'worker_start_ms': 1.131, 'model_remote_download_ms': 38072.92, 'model_load_ms': 26141.371, 'cuda_initialization_ms': None, 'endpoint_ready_ms': 64229.087, 'activation_time_ms': 64229.091, 'model_digest': 'baf6a787fdffd633537aa2eb51cfd54cb93ff08e28040095462bb63daf552878', 'transition': {'timestamp': 1788515838.0394762, 'node': 'nano', 'physical_node': 'etri-dev0001-jetorn', 'old_state': 'COLD', 'new_state': 'ACTIVE', 'reason': 'orin_nano_gpu_validation'}}",{},193.85,1788516012.084363,49.615,219.886,43.398,True,1,llama3.2:1b,1321098329,True,baf6a787fdffd633537aa2eb51cfd54cb93ff08e28040095462bb63daf552878,etri-dev0001-jetorn,ACTIVE,380.0,1,47.669,1788515838.0394592,nano,14.078,5,True,nano,12.0,1788515838.0394762,nano,52.625,1788516012.245329,5
0.0,1788515773.810518,1,True,True,1,346,2,b01-o05-nano-c2,58.242,,193.737,49.558,220.911,False,0,False,,,,dcgm_not_available_for_node,,,,True,0.05331277847290039,1974.289,True,True,"{'activation_required': True, 'node_state_before': 'COLD', 'node_state': 'ACTIVE', 'activation_started_timestamp': 1788515773.810518, 'ready_timestamp': 1788515838.0394592, 'worker_start_ms': 1.131, 'model_remote_download_ms': 38072.92, 'model_load_ms': 26141.371, 'cuda_initialization_ms': None, 'endpoint_ready_ms': 64229.087, 'activation_time_ms': 64229.091, 'model_digest': 'baf6a787fdffd633537aa2eb51cfd54cb93ff08e28040095462bb63daf552878', 'transition': {'timestamp': 1788515838.0394762, 'node': 'nano', 'physical_node': 'etri-dev0001-jetorn', 'old_state': 'COLD', 'new_state': 'ACTIVE', 'reason': 'orin_nano_gpu_validation'}}",{},192.586,1788516013.2498477,49.727,221.068,43.398,True,1,llama3.2:1b,1321098329,True,baf6a787fdffd633537aa2eb51cfd54cb93ff08e28040095462bb63daf552878,etri-dev0001-jetorn,ACTIVE,380.0,1,47.669,1788515838.0394592,nano,16.765,5,True,nano,12.0,1788515838.0394762,nano,52.562,1788516013.3031604,5
0.0,1788515773.810518,1,True,True,1,351,2,b01-o05-nano-c2,59.259,,194.491,49.342,222.313,False,0,False,,,,dcgm_not_available_for_node,,,,True,0.15128517150878906,1974.281,True,True,"{'activation_required': True, 'node_state_before': 'COLD', 'node_state': 'ACTIVE', 'activation_started_timestamp': 1788515773.810518, 'ready_timestamp': 1788515838.0394592, 'worker_start_ms': 1.131, 'model_remote_download_ms': 38072.92, 'model_load_ms': 26141.371, 'cuda_initialization_ms': None, 'endpoint_ready_ms': 64229.087, 'activation_time_ms': 64229.091, 'model_digest': 'baf6a787fdffd633537aa2eb51cfd54cb93ff08e28040095462bb63daf552878', 'transition': {'timestamp': 1788515838.0394762, 'node': 'nano', 'physical_node': 'etri-dev0001-jetorn', 'old_state': 'COLD', 'new_state': 'ACTIVE', 'reason': 'orin_nano_gpu_validation'}}",{},193.894,1788516014.2255754,49.347,223.307,43.398,True,1,llama3.2:1b,1321098329,True,baf6a787fdffd633537aa2eb51cfd54cb93ff08e28040095462bb63daf552878,etri-dev0001-jetorn,ACTIVE,380.0,1,47.665,1788515838.0394592,nano,15.783,5,True,nano,12.0,1788515838.0394762,nano,52.687,1788516014.3768606,5
0.0,1788515773.810518,1,True,True,1,357,2,b01-o05-nano-c2,55.399,,194.45,49.414,221.337,False,0,False,,,,dcgm_not_available_for_node,,,,True,0.054213523864746094,1974.277,True,True,"{'activation_required': True, 'node_state_before': 'COLD', 'node_state': 'ACTIVE', 'activation_started_timestamp': 1788515773.810518, 'ready_timestamp': 1788515838.0394592, 'worker_start_ms': 1.131, 'model_remote_download_ms': 38072.92, 'model_load_ms': 26141.371, 'cuda_initialization_ms': None, 'endpoint_ready_ms': 64229.087, 'activation_time_ms': 64229.091, 'model_digest': 'baf6a787fdffd633537aa2eb51cfd54cb93ff08e28040095462bb63daf552878', 'transition': {'timestamp': 1788515838.0394762, 'node': 'nano', 'physical_node': 'etri-dev0001-jetorn', 'old_state': 'COLD', 'new_state': 'ACTIVE', 'reason': 'orin_nano_gpu_validation'}}",{},194.6,1788516015.3941426,49.401,219.063,43.398,True,1,llama3.2:1b,1321098329,True,baf6a787fdffd633537aa2eb51cfd54cb93ff08e28040095462bb63daf552878,etri-dev0001-jetorn,ACTIVE,380.0,1,47.678,1788515838.0394592,nano,15.316,5,True,nano,12.0,1788515838.0394762,nano,52.843,1788516015.4483562,5
0.0,1788515773.810518,1,True,True,1,362,2,b01-o05-nano-c2,56.18,,194.527,49.361,223.717,False,0,False,,,,dcgm_not_available_for_node,,,,True,0.1550743579864502,1974.27,True,True,"{'activation_required': True, 'node_state_before': 'COLD', 'node_state': 'ACTIVE', 'activation_started_timestamp': 1788515773.810518, 'ready_timestamp': 1788515838.0394592, 'worker_start_ms': 1.131, 'model_remote_download_ms': 38072.92, 'model_load_ms': 26141.371, 'cuda_initialization_ms': None, 'endpoint_ready_ms': 64229.087, 'activation_time_ms': 64229.091, 'model_digest': 'baf6a787fdffd633537aa2eb51cfd54cb93ff08e28040095462bb63daf552878', 'transition': {'timestamp': 1788515838.0394762, 'node': 'nano', 'physical_node': 'etri-dev0001-jetorn', 'old_state': 'COLD', 'new_state': 'ACTIVE', 'reason': 'orin_nano_gpu_validation'}}",{},195.932,1788516016.3674252,49.073,220.485,43.398,True,1,llama3.2:1b,1321098329,True,baf6a787fdffd633537aa2eb51cfd54cb93ff08e28040095462bb63daf552878,etri-dev0001-jetorn,ACTIVE,380.0,1,47.667,1788515838.0394592,nano,14.797,5,True,nano,12.0,1788515838.0394762,nano,53.062,1788516016.5224996,5
0.0,1788515773.810518,1,True,True,1,365,1,b01-o06-nano-c1,8.824,,194.748,49.347,221.612,False,0,False,,,,dcgm_not_available_for_node,,,,True,3.008539915084839,1974.266,True,True,"{'activation_required': True, 'node_state_before': 'COLD', 'node_state': 'ACTIVE', 'activation_started_timestamp': 1788515773.810518, 'ready_timestamp': 1788515838.0394592, 'worker_start_ms': 1.131, 'model_remote_download_ms': 38072.92, 'model_load_ms': 26141.371, 'cuda_initialization_ms': None, 'endpoint_ready_ms': 64229.087, 'activation_time_ms': 64229.091, 'model_digest': 'baf6a787fdffd633537aa2eb51cfd54cb93ff08e28040095462bb63daf552878', 'transition': {'timestamp': 1788515838.0394762, 'node': 'nano', 'physical_node': 'etri-dev0001-jetorn', 'old_state': 'COLD', 'new_state': 'ACTIVE', 'reason': 'orin_nano_gpu_validation'}}",{},195.661,1788516016.9533365,49.428,222.1,43.398,True,1,llama3.2:1b,1321098329,True,baf6a787fdffd633537aa2eb51cfd54cb93ff08e28040095462bb63daf552878,etri-dev0001-jetorn,ACTIVE,380.0,0,47.669,1788515838.0394592,nano,22.206,6,True,nano,12.0,1788515838.0394762,nano,49.75,1788516019.9618764,6
0.0,1788515773.810518,1,True,True,1,369,1,b01-o06-nano-c1,56.327,,212.765,46.494,97.454,False,0,False,,,,dcgm_not_available_for_node,,,,True,0.13279962539672852,1974.262,True,True,"{'activation_required': True, 'node_state_before': 'COLD', 'node_state': 'ACTIVE', 'activation_started_timestamp': 1788515773.810518, 'ready_timestamp': 1788515838.0394592, 'worker_start_ms': 1.131, 'model_remote_download_ms': 38072.92, 'model_load_ms': 26141.371, 'cuda_initialization_ms': None, 'endpoint_ready_ms': 64229.087, 'activation_time_ms': 64229.091, 'model_digest': 'baf6a787fdffd633537aa2eb51cfd54cb93ff08e28040095462bb63daf552878', 'transition': {'timestamp': 1788515838.0394762, 'node': 'nano', 'physical_node': 'etri-dev0001-jetorn', 'old_state': 'COLD', 'new_state': 'ACTIVE', 'reason': 'orin_nano_gpu_validation'}}",{},191.081,1788516020.9160042,49.689,28.638,43.398,True,1,llama3.2:1b,1321098329,True,baf6a787fdffd633537aa2eb51cfd54cb93ff08e28040095462bb63daf552878,etri-dev0001-jetorn,ACTIVE,380.0,0,47.675,1788515838.0394592,nano,14.933,6,True,nano,12.0,1788515838.0394762,nano,52.312,1788516021.0488038,6
0.0,1788515773.810518,1,True,True,1,375,1,b01-o06-nano-c1,56.847,,196.641,48.841,41.581,False,0,False,,,,dcgm_not_available_for_node,,,,True,0.0,1974.254,True,True,"{'activation_required': True, 'node_state_before': 'COLD', 'node_state': 'ACTIVE', 'activation_started_timestamp': 1788515773.810518, 'ready_timestamp': 1788515838.0394592, 'worker_start_ms': 1.131, 'model_remote_download_ms': 38072.92, 'model_load_ms': 26141.371, 'cuda_initialization_ms': None, 'endpoint_ready_ms': 64229.087, 'activation_time_ms': 64229.091, 'model_digest': 'baf6a787fdffd633537aa2eb51cfd54cb93ff08e28040095462bb63daf552878', 'transition': {'timestamp': 1788515838.0394762, 'node': 'nano', 'physical_node': 'etri-dev0001-jetorn', 'old_state': 'COLD', 'new_state': 'ACTIVE', 'reason': 'orin_nano_gpu_validation'}}",{},193.307,1788516022.10313,49.393,29.381,43.434,True,1,llama3.2:1b,1321098329,True,baf6a787fdffd633537aa2eb51cfd54cb93ff08e28040095462bb63daf552878,etri-dev0001-jetorn,ACTIVE,380.0,0,47.687,1788515838.0394592,nano,18.757,6,True,nano,12.0,1788515838.0394762,nano,52.062,1788516022.1024523,6
0.0,1788515773.810518,1,True,True,1,380,1,b01-o06-nano-c1,58.423,,194.398,49.131,32.645,False,0,False,,,,dcgm_not_available_for_node,,,,True,0.08501291275024414,1974.25,True,True,"{'activation_required': True, 'node_state_before': 'COLD', 'node_state': 'ACTIVE', 'activation_started_timestamp': 1788515773.810518, 'ready_timestamp': 1788515838.0394592, 'worker_start_ms': 1.131, 'model_remote_download_ms': 38072.92, 'model_load_ms': 26141.371, 'cuda_initialization_ms': None, 'endpoint_ready_ms': 64229.087, 'activation_time_ms': 64229.091, 'model_digest': 'baf6a787fdffd633537aa2eb51cfd54cb93ff08e28040095462bb63daf552878', 'transition': {'timestamp': 1788515838.0394762, 'node': 'nano', 'physical_node': 'etri-dev0001-jetorn', 'old_state': 'COLD', 'new_state': 'ACTIVE', 'reason': 'orin_nano_gpu_validation'}}",{},194.484,1788516023.097654,48.786,29.379,43.434,True,1,llama3.2:1b,1321098329,True,baf6a787fdffd633537aa2eb51cfd54cb93ff08e28040095462bb63daf552878,etri-dev0001-jetorn,ACTIVE,380.0,0,47.69,1788515838.0394592,nano,14.419,6,True,nano,12.0,1788515838.0394762,nano,52.875,1788516023.182667,6
0.0,1788515773.810518,1,True,True,1,385,1,b01-o06-nano-c1,62.5,,193.908,49.225,31.745,False,0,False,,,,dcgm_not_available_for_node,,,,True,0.1676650047302246,1974.242,True,True,"{'activation_required': True, 'node_state_before': 'COLD', 'node_state': 'ACTIVE', 'activation_started_timestamp': 1788515773.810518, 'ready_timestamp': 1788515838.0394592, 'worker_start_ms': 1.131, 'model_remote_download_ms': 38072.92, 'model_load_ms': 26141.371, 'cuda_initialization_ms': None, 'endpoint_ready_ms': 64229.087, 'activation_time_ms': 64229.091, 'model_digest': 'baf6a787fdffd633537aa2eb51cfd54cb93ff08e28040095462bb63daf552878', 'transition': {'timestamp': 1788515838.0394762, 'node': 'nano', 'physical_node': 'etri-dev0001-jetorn', 'old_state': 'COLD', 'new_state': 'ACTIVE', 'reason': 'orin_nano_gpu_validation'}}",{},195.417,1788516024.0882487,48.934,35.471,43.434,True,1,llama3.2:1b,1321098329,True,baf6a787fdffd633537aa2eb51cfd54cb93ff08e28040095462bb63daf552878,etri-dev0001-jetorn,ACTIVE,380.0,0,47.69,1788515838.0394592,nano,27.012,6,True,nano,12.0,1788515838.0394762,nano,53.093,1788516024.2559137,6
0.0,1788515773.810518,1,True,True,1,391,1,b01-o06-nano-c1,58.11,,193.638,49.364,30.359,False,0,False,,,,dcgm_not_available_for_node,,,,True,0.04029130935668945,1974.234,True,True,"{'activation_required': True, 'node_state_before': 'COLD', 'node_state': 'ACTIVE', 'activation_started_timestamp': 1788515773.810518, 'ready_timestamp': 1788515838.0394592, 'worker_start_ms': 1.131, 'model_remote_download_ms': 38072.92, 'model_load_ms': 26141.371, 'cuda_initialization_ms': None, 'endpoint_ready_ms': 64229.087, 'activation_time_ms': 64229.091, 'model_digest': 'baf6a787fdffd633537aa2eb51cfd54cb93ff08e28040095462bb63daf552878', 'transition': {'timestamp': 1788515838.0394762, 'node': 'nano', 'physical_node': 'etri-dev0001-jetorn', 'old_state': 'COLD', 'new_state': 'ACTIVE', 'reason': 'orin_nano_gpu_validation'}}",{},194.069,1788516025.27992,49.476,30.844,43.434,True,1,llama3.2:1b,1321098329,True,baf6a787fdffd633537aa2eb51cfd54cb93ff08e28040095462bb63daf552878,etri-dev0001-jetorn,ACTIVE,380.0,0,47.692,1788515838.0394592,nano,16.118,6,True,nano,12.0,1788515838.0394762,nano,53.062,1788516025.3202114,6
0.0,1788515773.810518,1,True,True,1,396,1,b01-o06-nano-c1,57.812,,194.247,49.169,30.123,False,0,False,,,,dcgm_not_available_for_node,,,,True,0.1153876781463623,1974.23,True,True,"{'activation_required': True, 'node_state_before': 'COLD', 'node_state': 'ACTIVE', 'activation_started_timestamp': 1788515773.810518, 'ready_timestamp': 1788515838.0394592, 'worker_start_ms': 1.131, 'model_remote_download_ms': 38072.92, 'model_load_ms': 26141.371, 'cuda_initialization_ms': None, 'endpoint_ready_ms': 64229.087, 'activation_time_ms': 64229.091, 'model_digest': 'baf6a787fdffd633537aa2eb51cfd54cb93ff08e28040095462bb63daf552878', 'transition': {'timestamp': 1788515838.0394762, 'node': 'nano', 'physical_node': 'etri-dev0001-jetorn', 'old_state': 'COLD', 'new_state': 'ACTIVE', 'reason': 'orin_nano_gpu_validation'}}",{},193.354,1788516026.2775009,49.399,30.014,43.434,True,1,llama3.2:1b,1321098329,True,baf6a787fdffd633537aa2eb51cfd54cb93ff08e28040095462bb63daf552878,etri-dev0001-jetorn,ACTIVE,380.0,0,47.684,1788515838.0394592,nano,14.56,6,True,nano,12.0,1788515838.0394762,nano,53.25,1788516026.3928885,6
0.0,1788515773.810518,1,True,True,1,401,1,b01-o06-nano-c1,56.962,,193.732,49.3,29.993,False,0,False,,,,dcgm_not_available_for_node,,,,True,0.19283318519592285,1974.48,True,True,"{'activation_required': True, 'node_state_before': 'COLD', 'node_state': 'ACTIVE', 'activation_started_timestamp': 1788515773.810518, 'ready_timestamp': 1788515838.0394592, 'worker_start_ms': 1.131, 'model_remote_download_ms': 38072.92, 'model_load_ms': 26141.371, 'cuda_initialization_ms': None, 'endpoint_ready_ms': 64229.087, 'activation_time_ms': 64229.091, 'model_digest': 'baf6a787fdffd633537aa2eb51cfd54cb93ff08e28040095462bb63daf552878', 'transition': {'timestamp': 1788515838.0394762, 'node': 'nano', 'physical_node': 'etri-dev0001-jetorn', 'old_state': 'COLD', 'new_state': 'ACTIVE', 'reason': 'orin_nano_gpu_validation'}}",{},193.452,1788516027.2707882,49.158,29.26,43.434,True,1,llama3.2:1b,1321098329,True,baf6a787fdffd633537aa2eb51cfd54cb93ff08e28040095462bb63daf552878,etri-dev0001-jetorn,ACTIVE,380.0,0,47.687,1788515838.0394592,nano,19.559,6,True,nano,12.0,1788515838.0394762,nano,53.25,1788516027.4636214,6
0.0,1788515773.810518,1,True,True,1,407,1,b01-o06-nano-c1,57.321,,193.859,49.321,30.128,False,0,False,,,,dcgm_not_available_for_node,,,,True,0.07962751388549805,1974.473,True,True,"{'activation_required': True, 'node_state_before': 'COLD', 'node_state': 'ACTIVE', 'activation_started_timestamp': 1788515773.810518, 'ready_timestamp': 1788515838.0394592, 'worker_start_ms': 1.131, 'model_remote_download_ms': 38072.92, 'model_load_ms': 26141.371, 'cuda_initialization_ms': None, 'endpoint_ready_ms': 64229.087, 'activation_time_ms': 64229.091, 'model_digest': 'baf6a787fdffd633537aa2eb51cfd54cb93ff08e28040095462bb63daf552878', 'transition': {'timestamp': 1788515838.0394762, 'node': 'nano', 'physical_node': 'etri-dev0001-jetorn', 'old_state': 'COLD', 'new_state': 'ACTIVE', 'reason': 'orin_nano_gpu_validation'}}",{},194.19,1788516028.4651604,49.329,30.606,43.434,True,1,llama3.2:1b,1321098329,True,baf6a787fdffd633537aa2eb51cfd54cb93ff08e28040095462bb63daf552878,etri-dev0001-jetorn,ACTIVE,380.0,0,47.688,1788515838.0394592,nano,15.878,6,True,nano,12.0,1788515838.0394762,nano,53.468,1788516028.544788,6
0.0,1788515773.810518,1,True,True,1,412,1,b01-o06-nano-c1,58.4,,193.92,49.354,30.352,False,0,False,,,,dcgm_not_available_for_node,,,,True,0.1510176658630371,1974.469,True,True,"{'activation_required': True, 'node_state_before': 'COLD', 'node_state': 'ACTIVE', 'activation_started_timestamp': 1788515773.810518, 'ready_timestamp': 1788515838.0394592, 'worker_start_ms': 1.131, 'model_remote_download_ms': 38072.92, 'model_load_ms': 26141.371, 'cuda_initialization_ms': None, 'endpoint_ready_ms': 64229.087, 'activation_time_ms': 64229.091, 'model_digest': 'baf6a787fdffd633537aa2eb51cfd54cb93ff08e28040095462bb63daf552878', 'transition': {'timestamp': 1788515838.0394762, 'node': 'nano', 'physical_node': 'etri-dev0001-jetorn', 'old_state': 'COLD', 'new_state': 'ACTIVE', 'reason': 'orin_nano_gpu_validation'}}",{},192.972,1788516029.4598005,49.318,29.035,43.434,True,1,llama3.2:1b,1321098329,True,baf6a787fdffd633537aa2eb51cfd54cb93ff08e28040095462bb63daf552878,etri-dev0001-jetorn,ACTIVE,380.0,0,47.688,1788515838.0394592,nano,17.335,6,True,nano,12.0,1788515838.0394762,nano,53.5,1788516029.6108181,6
0.0,1788515773.810518,1,True,True,1,418,1,b01-o06-nano-c1,56.3,,193.42,49.326,29.703,False,0,False,,,,dcgm_not_available_for_node,,,,True,0.023959875106811523,1974.461,True,True,"{'activation_required': True, 'node_state_before': 'COLD', 'node_state': 'ACTIVE', 'activation_started_timestamp': 1788515773.810518, 'ready_timestamp': 1788515838.0394592, 'worker_start_ms': 1.131, 'model_remote_download_ms': 38072.92, 'model_load_ms': 26141.371, 'cuda_initialization_ms': None, 'endpoint_ready_ms': 64229.087, 'activation_time_ms': 64229.091, 'model_digest': 'baf6a787fdffd633537aa2eb51cfd54cb93ff08e28040095462bb63daf552878', 'transition': {'timestamp': 1788515838.0394762, 'node': 'nano', 'physical_node': 'etri-dev0001-jetorn', 'old_state': 'COLD', 'new_state': 'ACTIVE', 'reason': 'orin_nano_gpu_validation'}}",{},192.956,1788516030.649707,49.437,29.278,43.434,True,1,llama3.2:1b,1321098329,True,baf6a787fdffd633537aa2eb51cfd54cb93ff08e28040095462bb63daf552878,etri-dev0001-jetorn,ACTIVE,380.0,0,47.69,1788515838.0394592,nano,14.84,6,True,nano,12.0,1788515838.0394762,nano,53.937,1788516030.673667,6
0.0,1788515773.810518,1,True,True,1,423,1,b01-o06-nano-c1,58.371,,193.153,49.381,29.581,False,0,False,,,,dcgm_not_available_for_node,,,,True,0.10964703559875488,1974.457,True,True,"{'activation_required': True, 'node_state_before': 'COLD', 'node_state': 'ACTIVE', 'activation_started_timestamp': 1788515773.810518, 'ready_timestamp': 1788515838.0394592, 'worker_start_ms': 1.131, 'model_remote_download_ms': 38072.92, 'model_load_ms': 26141.371, 'cuda_initialization_ms': None, 'endpoint_ready_ms': 64229.087, 'activation_time_ms': 64229.091, 'model_digest': 'baf6a787fdffd633537aa2eb51cfd54cb93ff08e28040095462bb63daf552878', 'transition': {'timestamp': 1788515838.0394762, 'node': 'nano', 'physical_node': 'etri-dev0001-jetorn', 'old_state': 'COLD', 'new_state': 'ACTIVE', 'reason': 'orin_nano_gpu_validation'}}",{},192.65,1788516031.6413624,49.398,29.276,43.434,True,1,llama3.2:1b,1321098329,True,baf6a787fdffd633537aa2eb51cfd54cb93ff08e28040095462bb63daf552878,etri-dev0001-jetorn,ACTIVE,380.0,0,47.694,1788515838.0394592,nano,14.742,6,True,nano,12.0,1788515838.0394762,nano,53.812,1788516031.7510095,6
0.0,1788515773.810518,1,True,True,2,425,4,b02-o01-nano-c4,7.317,,193.329,49.341,31.665,False,0,False,,,,dcgm_not_available_for_node,,,,True,3.0180511474609375,1974.453,True,True,"{'activation_required': True, 'node_state_before': 'COLD', 'node_state': 'ACTIVE', 'activation_started_timestamp': 1788515773.810518, 'ready_timestamp': 1788515838.0394592, 'worker_start_ms': 1.131, 'model_remote_download_ms': 38072.92, 'model_load_ms': 26141.371, 'cuda_initialization_ms': None, 'endpoint_ready_ms': 64229.087, 'activation_time_ms': 64229.091, 'model_digest': 'baf6a787fdffd633537aa2eb51cfd54cb93ff08e28040095462bb63daf552878', 'transition': {'timestamp': 1788515838.0394762, 'node': 'nano', 'physical_node': 'etri-dev0001-jetorn', 'old_state': 'COLD', 'new_state': 'ACTIVE', 'reason': 'orin_nano_gpu_validation'}}",{},193.571,1788516032.0392125,49.432,38.666,43.434,True,1,llama3.2:1b,1321098329,True,baf6a787fdffd633537aa2eb51cfd54cb93ff08e28040095462bb63daf552878,etri-dev0001-jetorn,ACTIVE,380.0,3,47.715,1788515838.0394592,nano,27.73,7,True,nano,12.0,1788515838.0394762,nano,50.312,1788516035.0572636,1
0.0,1788515773.810518,1,True,True,2,429,4,b02-o01-nano-c4,55.079,,210.99,47.123,353.727,False,0,False,,,,dcgm_not_available_for_node,,,,True,0.1533215045928955,1974.449,True,True,"{'activation_required': True, 'node_state_before': 'COLD', 'node_state': 'ACTIVE', 'activation_started_timestamp': 1788515773.810518, 'ready_timestamp': 1788515838.0394592, 'worker_start_ms': 1.131, 'model_remote_download_ms': 38072.92, 'model_load_ms': 26141.371, 'cuda_initialization_ms': None, 'endpoint_ready_ms': 64229.087, 'activation_time_ms': 64229.091, 'model_digest': 'baf6a787fdffd633537aa2eb51cfd54cb93ff08e28040095462bb63daf552878', 'transition': {'timestamp': 1788515838.0394762, 'node': 'nano', 'physical_node': 'etri-dev0001-jetorn', 'old_state': 'COLD', 'new_state': 'ACTIVE', 'reason': 'orin_nano_gpu_validation'}}",{},194.402,1788516035.980538,49.631,747.448,43.434,True,1,llama3.2:1b,1321098329,True,baf6a787fdffd633537aa2eb51cfd54cb93ff08e28040095462bb63daf552878,etri-dev0001-jetorn,ACTIVE,380.0,3,47.718,1788515838.0394592,nano,15.555,7,True,nano,12.0,1788515838.0394762,nano,52.937,1788516036.1338594,1
0.0,1788515773.810518,1,True,True,2,435,4,b02-o01-nano-c4,57.188,,197.43,48.954,571.669,False,0,False,,,,dcgm_not_available_for_node,,,,True,0.04376077651977539,1974.441,True,True,"{'activation_required': True, 'node_state_before': 'COLD', 'node_state': 'ACTIVE', 'activation_started_timestamp': 1788515773.810518, 'ready_timestamp': 1788515838.0394592, 'worker_start_ms': 1.131, 'model_remote_download_ms': 38072.92, 'model_load_ms': 26141.371, 'cuda_initialization_ms': None, 'endpoint_ready_ms': 64229.087, 'activation_time_ms': 64229.091, 'model_digest': 'baf6a787fdffd633537aa2eb51cfd54cb93ff08e28040095462bb63daf552878', 'transition': {'timestamp': 1788515838.0394762, 'node': 'nano', 'physical_node': 'etri-dev0001-jetorn', 'old_state': 'COLD', 'new_state': 'ACTIVE', 'reason': 'orin_nano_gpu_validation'}}",{},193.581,1788516037.1522262,49.396,609.348,43.434,True,1,llama3.2:1b,1321098329,True,baf6a787fdffd633537aa2eb51cfd54cb93ff08e28040095462bb63daf552878,etri-dev0001-jetorn,ACTIVE,380.0,3,47.691,1788515838.0394592,nano,19.996,7,True,nano,12.0,1788515838.0394762,nano,53.531,1788516037.195987,1
0.0,1788515773.810518,1,True,True,2,440,4,b02-o01-nano-c4,57.009,,194.576,49.341,600.071,False,0,False,,,,dcgm_not_available_for_node,,,,True,0.1449565887451172,1974.434,True,True,"{'activation_required': True, 'node_state_before': 'COLD', 'node_state': 'ACTIVE', 'activation_started_timestamp': 1788515773.810518, 'ready_timestamp': 1788515838.0394592, 'worker_start_ms': 1.131, 'model_remote_download_ms': 38072.92, 'model_load_ms': 26141.371, 'cuda_initialization_ms': None, 'endpoint_ready_ms': 64229.087, 'activation_time_ms': 64229.091, 'model_digest': 'baf6a787fdffd633537aa2eb51cfd54cb93ff08e28040095462bb63daf552878', 'transition': {'timestamp': 1788515838.0394762, 'node': 'nano', 'physical_node': 'etri-dev0001-jetorn', 'old_state': 'COLD', 'new_state': 'ACTIVE', 'reason': 'orin_nano_gpu_validation'}}",{},192.987,1788516038.1233866,49.475,608.411,43.434,True,1,llama3.2:1b,1321098329,True,baf6a787fdffd633537aa2eb51cfd54cb93ff08e28040095462bb63daf552878,etri-dev0001-jetorn,ACTIVE,380.0,3,47.693,1788515838.0394592,nano,16.251,7,True,nano,12.0,1788515838.0394762,nano,53.5,1788516038.2683432,1
0.0,1788515773.810518,1,True,True,2,446,4,b02-o01-nano-c4,56.322,,194.427,49.397,614.195,False,0,False,,,,dcgm_not_available_for_node,,,,True,0.04442477226257324,1974.43,True,True,"{'activation_required': True, 'node_state_before': 'COLD', 'node_state': 'ACTIVE', 'activation_started_timestamp': 1788515773.810518, 'ready_timestamp': 1788515838.0394592, 'worker_start_ms': 1.131, 'model_remote_download_ms': 38072.92, 'model_load_ms': 26141.371, 'cuda_initialization_ms': None, 'endpoint_ready_ms': 64229.087, 'activation_time_ms': 64229.091, 'model_digest': 'baf6a787fdffd633537aa2eb51cfd54cb93ff08e28040095462bb63daf552878', 'transition': {'timestamp': 1788515838.0394762, 'node': 'nano', 'physical_node': 'etri-dev0001-jetorn', 'old_state': 'COLD', 'new_state': 'ACTIVE', 'reason': 'orin_nano_gpu_validation'}}",{},194.121,1788516039.29371,49.521,619.478,43.434,True,1,llama3.2:1b,1321098329,True,baf6a787fdffd633537aa2eb51cfd54cb93ff08e28040095462bb63daf552878,etri-dev0001-jetorn,ACTIVE,380.0,3,47.694,1788515838.0394592,nano,26.873,7,True,nano,12.0,1788515838.0394762,nano,53.687,1788516039.3381348,1
0.0,1788515773.810518,1,True,True,2,451,4,b02-o01-nano-c4,57.927,,194.137,49.446,611.252,False,0,False,,,,dcgm_not_available_for_node,,,,True,0.15318989753723145,1974.422,True,True,"{'activation_required': True, 'node_state_before': 'COLD', 'node_state': 'ACTIVE', 'activation_started_timestamp': 1788515773.810518, 'ready_timestamp': 1788515838.0394592, 'worker_start_ms': 1.131, 'model_remote_download_ms': 38072.92, 'model_load_ms': 26141.371, 'cuda_initialization_ms': None, 'endpoint_ready_ms': 64229.087, 'activation_time_ms': 64229.091, 'model_digest': 'baf6a787fdffd633537aa2eb51cfd54cb93ff08e28040095462bb63daf552878', 'transition': {'timestamp': 1788515838.0394762, 'node': 'nano', 'physical_node': 'etri-dev0001-jetorn', 'old_state': 'COLD', 'new_state': 'ACTIVE', 'reason': 'orin_nano_gpu_validation'}}",{},193.721,1788516040.2675233,49.432,608.656,43.434,True,1,llama3.2:1b,1321098329,True,baf6a787fdffd633537aa2eb51cfd54cb93ff08e28040095462bb63daf552878,etri-dev0001-jetorn,ACTIVE,380.0,3,47.693,1788515838.0394592,nano,17.364,7,True,nano,12.0,1788515838.0394762,nano,53.687,1788516040.4207132,1
0.0,1788515773.810518,1,True,True,2,457,4,b02-o01-nano-c4,56.075,,194.673,49.339,611.206,False,0,False,,,,dcgm_not_available_for_node,,,,True,0.06866192817687988,1974.414,True,True,"{'activation_required': True, 'node_state_before': 'COLD', 'node_state': 'ACTIVE', 'activation_started_timestamp': 1788515773.810518, 'ready_timestamp': 1788515838.0394592, 'worker_start_ms': 1.131, 'model_remote_download_ms': 38072.92, 'model_load_ms': 26141.371, 'cuda_initialization_ms': None, 'endpoint_ready_ms': 64229.087, 'activation_time_ms': 64229.091, 'model_digest': 'baf6a787fdffd633537aa2eb51cfd54cb93ff08e28040095462bb63daf552878', 'transition': {'timestamp': 1788515838.0394762, 'node': 'nano', 'physical_node': 'etri-dev0001-jetorn', 'old_state': 'COLD', 'new_state': 'ACTIVE', 'reason': 'orin_nano_gpu_validation'}}",{},194.168,1788516041.4381108,49.449,613.536,43.297,True,1,llama3.2:1b,1321098329,True,baf6a787fdffd633537aa2eb51cfd54cb93ff08e28040095462bb63daf552878,etri-dev0001-jetorn,ACTIVE,380.0,3,47.699,1788515838.0394592,nano,26.608,7,True,nano,12.0,1788515838.0394762,nano,53.968,1788516041.5067728,1
0.0,1788515773.810518,1,True,True,2,462,4,b02-o01-nano-c4,57.362,,194.83,49.26,613.569,False,0,False,,,,dcgm_not_available_for_node,,,,True,0.17644953727722168,1974.41,True,True,"{'activation_required': True, 'node_state_before': 'COLD', 'node_state': 'ACTIVE', 'activation_started_timestamp': 1788515773.810518, 'ready_timestamp': 1788515838.0394592, 'worker_start_ms': 1.131, 'model_remote_download_ms': 38072.92, 'model_load_ms': 26141.371, 'cuda_initialization_ms': None, 'endpoint_ready_ms': 64229.087, 'activation_time_ms': 64229.091, 'model_digest': 'baf6a787fdffd633537aa2eb51cfd54cb93ff08e28040095462bb63daf552878', 'transition': {'timestamp': 1788515838.0394762, 'node': 'nano', 'physical_node': 'etri-dev0001-jetorn', 'old_state': 'COLD', 'new_state': 'ACTIVE', 'reason': 'orin_nano_gpu_validation'}}",{},195.1,1788516042.4143715,49.086,610.122,43.297,True,1,llama3.2:1b,1321098329,True,baf6a787fdffd633537aa2eb51cfd54cb93ff08e28040095462bb63daf552878,etri-dev0001-jetorn,ACTIVE,380.0,3,47.695,1788515838.0394592,nano,16.05,7,True,nano,12.0,1788515838.0394762,nano,54.0,1788516042.590821,1
0.0,1788515773.810518,1,True,True,2,468,4,b02-o01-nano-c4,56.549,,193.791,49.445,609.817,False,0,False,,,,dcgm_not_available_for_node,,,,True,0.09849739074707031,1974.402,True,True,"{'activation_required': True, 'node_state_before': 'COLD', 'node_state': 'ACTIVE', 'activation_started_timestamp': 1788515773.810518, 'ready_timestamp': 1788515838.0394592, 'worker_start_ms': 1.131, 'model_remote_download_ms': 38072.92, 'model_load_ms': 26141.371, 'cuda_initialization_ms': None, 'endpoint_ready_ms': 64229.087, 'activation_time_ms': 64229.091, 'model_digest': 'baf6a787fdffd633537aa2eb51cfd54cb93ff08e28040095462bb63daf552878', 'transition': {'timestamp': 1788515838.0394762, 'node': 'nano', 'physical_node': 'etri-dev0001-jetorn', 'old_state': 'COLD', 'new_state': 'ACTIVE', 'reason': 'orin_nano_gpu_validation'}}",{},193.232,1788516043.5791497,49.443,607.726,43.297,True,1,llama3.2:1b,1321098329,True,baf6a787fdffd633537aa2eb51cfd54cb93ff08e28040095462bb63daf552878,etri-dev0001-jetorn,ACTIVE,380.0,3,47.694,1788515838.0394592,nano,16.142,7,True,nano,12.0,1788515838.0394762,nano,54.093,1788516043.677647,1
0.0,1788515773.810518,1,True,True,2,474,4,b02-o01-nano-c4,58.006,,194.202,49.435,609.272,False,0,False,,,,dcgm_not_available_for_node,,,,True,0.0,1974.395,True,True,"{'activation_required': True, 'node_state_before': 'COLD', 'node_state': 'ACTIVE', 'activation_started_timestamp': 1788515773.810518, 'ready_timestamp': 1788515838.0394592, 'worker_start_ms': 1.131, 'model_remote_download_ms': 38072.92, 'model_load_ms': 26141.371, 'cuda_initialization_ms': None, 'endpoint_ready_ms': 64229.087, 'activation_time_ms': 64229.091, 'model_digest': 'baf6a787fdffd633537aa2eb51cfd54cb93ff08e28040095462bb63daf552878', 'transition': {'timestamp': 1788515838.0394762, 'node': 'nano', 'physical_node': 'etri-dev0001-jetorn', 'old_state': 'COLD', 'new_state': 'ACTIVE', 'reason': 'orin_nano_gpu_validation'}}",{},194.291,1788516044.7466502,49.453,611.175,43.297,True,1,llama3.2:1b,1321098329,True,baf6a787fdffd633537aa2eb51cfd54cb93ff08e28040095462bb63daf552878,etri-dev0001-jetorn,ACTIVE,380.0,2,47.685,1788515838.0394592,nano,16.394,7,True,nano,12.0,1788515838.0394762,nano,54.031,1788516044.7430584,1
0.0,1788515773.810518,1,True,True,2,479,4,b02-o01-nano-c4,57.854,,194.36,49.422,609.937,False,0,False,,,,dcgm_not_available_for_node,,,,True,0.10039401054382324,1974.387,True,True,"{'activation_required': True, 'node_state_before': 'COLD', 'node_state': 'ACTIVE', 'activation_started_timestamp': 1788515773.810518, 'ready_timestamp': 1788515838.0394592, 'worker_start_ms': 1.131, 'model_remote_download_ms': 38072.92, 'model_load_ms': 26141.371, 'cuda_initialization_ms': None, 'endpoint_ready_ms': 64229.087, 'activation_time_ms': 64229.091, 'model_digest': 'baf6a787fdffd633537aa2eb51cfd54cb93ff08e28040095462bb63daf552878', 'transition': {'timestamp': 1788515838.0394762, 'node': 'nano', 'physical_node': 'etri-dev0001-jetorn', 'old_state': 'COLD', 'new_state': 'ACTIVE', 'reason': 'orin_nano_gpu_validation'}}",{},194.205,1788516045.7204125,49.486,610.751,43.551,True,1,llama3.2:1b,1321098329,True,baf6a787fdffd633537aa2eb51cfd54cb93ff08e28040095462bb63daf552878,etri-dev0001-jetorn,ACTIVE,380.0,3,47.683,1788515838.0394592,nano,17.574,7,True,nano,12.0,1788515838.0394762,nano,54.375,1788516045.8208065,1
0.0,1788515773.810518,1,True,True,2,484,4,b02-o01-nano-c4,56.634,,193.887,49.492,609.981,False,0,False,,,,dcgm_not_available_for_node,,,,True,0.1860957145690918,1974.383,True,True,"{'activation_required': True, 'node_state_before': 'COLD', 'node_state': 'ACTIVE', 'activation_started_timestamp': 1788515773.810518, 'ready_timestamp': 1788515838.0394592, 'worker_start_ms': 1.131, 'model_remote_download_ms': 38072.92, 'model_load_ms': 26141.371, 'cuda_initialization_ms': None, 'endpoint_ready_ms': 64229.087, 'activation_time_ms': 64229.091, 'model_digest': 'baf6a787fdffd633537aa2eb51cfd54cb93ff08e28040095462bb63daf552878', 'transition': {'timestamp': 1788515838.0394762, 'node': 'nano', 'physical_node': 'etri-dev0001-jetorn', 'old_state': 'COLD', 'new_state': 'ACTIVE', 'reason': 'orin_nano_gpu_validation'}}",{},192.428,1788516046.6922498,49.627,610.003,43.551,True,1,llama3.2:1b,1321098329,True,baf6a787fdffd633537aa2eb51cfd54cb93ff08e28040095462bb63daf552878,etri-dev0001-jetorn,ACTIVE,380.0,3,47.682,1788515838.0394592,nano,19.068,7,True,nano,12.0,1788515838.0394762,nano,54.437,1788516046.8783455,1
0.0,1788515773.810518,1,True,True,2,489,16,b02-o02-nano-c16,4.878,,196.225,49.274,618.344,False,0,False,,,,dcgm_not_available_for_node,,,,True,3.0305871963500977,1974.379,True,True,"{'activation_required': True, 'node_state_before': 'COLD', 'node_state': 'ACTIVE', 'activation_started_timestamp': 1788515773.810518, 'ready_timestamp': 1788515838.0394592, 'worker_start_ms': 1.131, 'model_remote_download_ms': 38072.92, 'model_load_ms': 26141.371, 'cuda_initialization_ms': None, 'endpoint_ready_ms': 64229.087, 'activation_time_ms': 64229.091, 'model_digest': 'baf6a787fdffd633537aa2eb51cfd54cb93ff08e28040095462bb63daf552878', 'transition': {'timestamp': 1788515838.0394762, 'node': 'nano', 'physical_node': 'etri-dev0001-jetorn', 'old_state': 'COLD', 'new_state': 'ACTIVE', 'reason': 'orin_nano_gpu_validation'}}",{},196.161,1788516047.6810021,49.02,623.203,43.551,True,1,llama3.2:1b,1321098329,True,baf6a787fdffd633537aa2eb51cfd54cb93ff08e28040095462bb63daf552878,etri-dev0001-jetorn,ACTIVE,380.0,4,47.727,1788515838.0394592,nano,97.504,8,True,nano,12.0,1788515838.0394762,nano,51.718,1788516050.7115893,2
0.0,1788515773.810518,1,True,True,2,494,16,b02-o02-nano-c16,55.204,,210.933,46.602,638.459,False,0,False,,,,dcgm_not_available_for_node,,,,True,0.009055137634277344,1974.371,True,True,"{'activation_required': True, 'node_state_before': 'COLD', 'node_state': 'ACTIVE', 'activation_started_timestamp': 1788515773.810518, 'ready_timestamp': 1788515838.0394592, 'worker_start_ms': 1.131, 'model_remote_download_ms': 38072.92, 'model_load_ms': 26141.371, 'cuda_initialization_ms': None, 'endpoint_ready_ms': 64229.087, 'activation_time_ms': 64229.091, 'model_digest': 'baf6a787fdffd633537aa2eb51cfd54cb93ff08e28040095462bb63daf552878', 'transition': {'timestamp': 1788515838.0394762, 'node': 'nano', 'physical_node': 'etri-dev0001-jetorn', 'old_state': 'COLD', 'new_state': 'ACTIVE', 'reason': 'orin_nano_gpu_validation'}}",{},194.901,1788516051.855764,49.365,941.611,43.551,True,1,llama3.2:1b,1321098329,True,baf6a787fdffd633537aa2eb51cfd54cb93ff08e28040095462bb63daf552878,etri-dev0001-jetorn,ACTIVE,380.0,15,47.755,1788515838.0394592,nano,14.427,8,True,nano,12.0,1788515838.0394762,nano,53.593,1788516051.864819,2
0.0,1788515773.810518,1,True,True,2,499,16,b02-o02-nano-c16,56.735,,198.354,48.761,1390.203,False,0,False,,,,dcgm_not_available_for_node,,,,True,0.09461021423339844,1974.363,True,True,"{'activation_required': True, 'node_state_before': 'COLD', 'node_state': 'ACTIVE', 'activation_started_timestamp': 1788515773.810518, 'ready_timestamp': 1788515838.0394592, 'worker_start_ms': 1.131, 'model_remote_download_ms': 38072.92, 'model_load_ms': 26141.371, 'cuda_initialization_ms': None, 'endpoint_ready_ms': 64229.087, 'activation_time_ms': 64229.091, 'model_digest': 'baf6a787fdffd633537aa2eb51cfd54cb93ff08e28040095462bb63daf552878', 'transition': {'timestamp': 1788515838.0394762, 'node': 'nano', 'physical_node': 'etri-dev0001-jetorn', 'old_state': 'COLD', 'new_state': 'ACTIVE', 'reason': 'orin_nano_gpu_validation'}}",{},194.261,1788516052.8299932,49.508,1900.513,43.551,True,1,llama3.2:1b,1321098329,True,baf6a787fdffd633537aa2eb51cfd54cb93ff08e28040095462bb63daf552878,etri-dev0001-jetorn,ACTIVE,380.0,15,47.757,1788515838.0394592,nano,15.597,8,True,nano,12.0,1788515838.0394762,nano,54.0,1788516052.9246035,2
0.0,1788515773.810518,1,True,True,2,505,16,b02-o02-nano-c16,62.887,,195.508,49.216,1914.854,False,0,False,,,,dcgm_not_available_for_node,,,,True,0.012860298156738281,1974.359,True,True,"{'activation_required': True, 'node_state_before': 'COLD', 'node_state': 'ACTIVE', 'activation_started_timestamp': 1788515773.810518, 'ready_timestamp': 1788515838.0394592, 'worker_start_ms': 1.131, 'model_remote_download_ms': 38072.92, 'model_load_ms': 26141.371, 'cuda_initialization_ms': None, 'endpoint_ready_ms': 64229.087, 'activation_time_ms': 64229.091, 'model_digest': 'baf6a787fdffd633537aa2eb51cfd54cb93ff08e28040095462bb63daf552878', 'transition': {'timestamp': 1788515838.0394762, 'node': 'nano', 'physical_node': 'etri-dev0001-jetorn', 'old_state': 'COLD', 'new_state': 'ACTIVE', 'reason': 'orin_nano_gpu_validation'}}",{},195.486,1788516053.9995322,49.104,2086.882,43.551,True,1,llama3.2:1b,1321098329,True,baf6a787fdffd633537aa2eb51cfd54cb93ff08e28040095462bb63daf552878,etri-dev0001-jetorn,ACTIVE,380.0,15,47.76,1788515838.0394592,nano,20.38,8,True,nano,12.0,1788515838.0394762,nano,54.062,1788516054.0123925,2
0.0,1788515773.810518,1,True,True,2,510,16,b02-o02-nano-c16,55.993,,195.222,49.226,2540.297,False,0,False,,,,dcgm_not_available_for_node,,,,True,0.11809825897216797,1974.352,True,True,"{'activation_required': True, 'node_state_before': 'COLD', 'node_state': 'ACTIVE', 'activation_started_timestamp': 1788515773.810518, 'ready_timestamp': 1788515838.0394592, 'worker_start_ms': 1.131, 'model_remote_download_ms': 38072.92, 'model_load_ms': 26141.371, 'cuda_initialization_ms': None, 'endpoint_ready_ms': 64229.087, 'activation_time_ms': 64229.091, 'model_digest': 'baf6a787fdffd633537aa2eb51cfd54cb93ff08e28040095462bb63daf552878', 'transition': {'timestamp': 1788515838.0394762, 'node': 'nano', 'physical_node': 'etri-dev0001-jetorn', 'old_state': 'COLD', 'new_state': 'ACTIVE', 'reason': 'orin_nano_gpu_validation'}}",{},195.402,1788516054.975796,49.192,2950.828,43.551,True,1,llama3.2:1b,1321098329,True,baf6a787fdffd633537aa2eb51cfd54cb93ff08e28040095462bb63daf552878,etri-dev0001-jetorn,ACTIVE,380.0,15,47.756,1788515838.0394592,nano,19.607,8,True,nano,12.0,1788515838.0394762,nano,54.218,1788516055.0938942,2
0.0,1788515773.810518,1,True,True,2,516,16,b02-o02-nano-c16,56.309,,194.864,49.235,2880.183,False,0,False,,,,dcgm_not_available_for_node,,,,True,0.021573781967163086,1974.344,True,True,"{'activation_required': True, 'node_state_before': 'COLD', 'node_state': 'ACTIVE', 'activation_started_timestamp': 1788515773.810518, 'ready_timestamp': 1788515838.0394592, 'worker_start_ms': 1.131, 'model_remote_download_ms': 38072.92, 'model_load_ms': 26141.371, 'cuda_initialization_ms': None, 'endpoint_ready_ms': 64229.087, 'activation_time_ms': 64229.091, 'model_digest': 'baf6a787fdffd633537aa2eb51cfd54cb93ff08e28040095462bb63daf552878', 'transition': {'timestamp': 1788515838.0394762, 'node': 'nano', 'physical_node': 'etri-dev0001-jetorn', 'old_state': 'COLD', 'new_state': 'ACTIVE', 'reason': 'orin_nano_gpu_validation'}}",{},193.676,1788516056.1484303,49.436,2954.897,43.551,True,1,llama3.2:1b,1321098329,True,baf6a787fdffd633537aa2eb51cfd54cb93ff08e28040095462bb63daf552878,etri-dev0001-jetorn,ACTIVE,380.0,15,47.756,1788515838.0394592,nano,14.636,8,True,nano,12.0,1788515838.0394762,nano,54.437,1788516056.1700041,2
0.0,1788515773.810518,1,True,True,2,521,16,b02-o02-nano-c16,56.19,,194.536,49.397,2936.332,False,0,False,,,,dcgm_not_available_for_node,,,,True,0.11312413215637207,1974.34,True,True,"{'activation_required': True, 'node_state_before': 'COLD', 'node_state': 'ACTIVE', 'activation_started_timestamp': 1788515773.810518, 'ready_timestamp': 1788515838.0394592, 'worker_start_ms': 1.131, 'model_remote_download_ms': 38072.92, 'model_load_ms': 26141.371, 'cuda_initialization_ms': None, 'endpoint_ready_ms': 64229.087, 'activation_time_ms': 64229.091, 'model_digest': 'baf6a787fdffd633537aa2eb51cfd54cb93ff08e28040095462bb63daf552878', 'transition': {'timestamp': 1788515838.0394762, 'node': 'nano', 'physical_node': 'etri-dev0001-jetorn', 'old_state': 'COLD', 'new_state': 'ACTIVE', 'reason': 'orin_nano_gpu_validation'}}",{},194.464,1788516057.1212397,49.435,2952.881,43.309,True,1,llama3.2:1b,1321098329,True,baf6a787fdffd633537aa2eb51cfd54cb93ff08e28040095462bb63daf552878,etri-dev0001-jetorn,ACTIVE,380.0,15,47.726,1788515838.0394592,nano,13.569,8,True,nano,12.0,1788515838.0394762,nano,54.625,1788516057.2343638,2
0.0,1788515773.810518,1,True,True,2,527,16,b02-o02-nano-c16,57.165,,197.122,49.484,2952.496,False,0,False,,,,dcgm_not_available_for_node,,,,True,0.013707399368286133,1974.332,True,True,"{'activation_required': True, 'node_state_before': 'COLD', 'node_state': 'ACTIVE', 'activation_started_timestamp': 1788515773.810518, 'ready_timestamp': 1788515838.0394592, 'worker_start_ms': 1.131, 'model_remote_download_ms': 38072.92, 'model_load_ms': 26141.371, 'cuda_initialization_ms': None, 'endpoint_ready_ms': 64229.087, 'activation_time_ms': 64229.091, 'model_digest': 'baf6a787fdffd633537aa2eb51cfd54cb93ff08e28040095462bb63daf552878', 'transition': {'timestamp': 1788515838.0394762, 'node': 'nano', 'physical_node': 'etri-dev0001-jetorn', 'old_state': 'COLD', 'new_state': 'ACTIVE', 'reason': 'orin_nano_gpu_validation'}}",{},207.743,1788516058.2980373,49.465,2958.468,43.309,True,1,llama3.2:1b,1321098329,True,baf6a787fdffd633537aa2eb51cfd54cb93ff08e28040095462bb63daf552878,etri-dev0001-jetorn,ACTIVE,380.0,15,47.727,1788515838.0394592,nano,15.125,8,True,nano,12.0,1788515838.0394762,nano,54.781,1788516058.3117447,2
0.0,1788515773.810518,1,True,True,2,532,16,b02-o02-nano-c16,58.4,,195.11,49.339,2955.974,False,0,False,,,,dcgm_not_available_for_node,,,,True,0.1275169849395752,1974.324,True,True,"{'activation_required': True, 'node_state_before': 'COLD', 'node_state': 'ACTIVE', 'activation_started_timestamp': 1788515773.810518, 'ready_timestamp': 1788515838.0394592, 'worker_start_ms': 1.131, 'model_remote_download_ms': 38072.92, 'model_load_ms': 26141.371, 'cuda_initialization_ms': None, 'endpoint_ready_ms': 64229.087, 'activation_time_ms': 64229.091, 'model_digest': 'baf6a787fdffd633537aa2eb51cfd54cb93ff08e28040095462bb63daf552878', 'transition': {'timestamp': 1788515838.0394762, 'node': 'nano', 'physical_node': 'etri-dev0001-jetorn', 'old_state': 'COLD', 'new_state': 'ACTIVE', 'reason': 'orin_nano_gpu_validation'}}",{},193.621,1788516059.2726433,49.485,2954.645,43.309,True,1,llama3.2:1b,1321098329,True,baf6a787fdffd633537aa2eb51cfd54cb93ff08e28040095462bb63daf552878,etri-dev0001-jetorn,ACTIVE,380.0,15,47.728,1788515838.0394592,nano,18.239,8,True,nano,12.0,1788515838.0394762,nano,54.687,1788516059.4001603,2
0.0,1788515773.810518,1,True,True,2,538,16,b02-o02-nano-c16,56.86,,195.05,49.312,2957.903,False,0,False,,,,dcgm_not_available_for_node,,,,True,0.05205368995666504,1974.32,True,True,"{'activation_required': True, 'node_state_before': 'COLD', 'node_state': 'ACTIVE', 'activation_started_timestamp': 1788515773.810518, 'ready_timestamp': 1788515838.0394592, 'worker_start_ms': 1.131, 'model_remote_download_ms': 38072.92, 'model_load_ms': 26141.371, 'cuda_initialization_ms': None, 'endpoint_ready_ms': 64229.087, 'activation_time_ms': 64229.091, 'model_digest': 'baf6a787fdffd633537aa2eb51cfd54cb93ff08e28040095462bb63daf552878', 'transition': {'timestamp': 1788515838.0394762, 'node': 'nano', 'physical_node': 'etri-dev0001-jetorn', 'old_state': 'COLD', 'new_state': 'ACTIVE', 'reason': 'orin_nano_gpu_validation'}}",{},195.398,1788516060.4441416,49.262,2959.806,43.309,True,1,llama3.2:1b,1321098329,True,baf6a787fdffd633537aa2eb51cfd54cb93ff08e28040095462bb63daf552878,etri-dev0001-jetorn,ACTIVE,380.0,15,47.729,1788515838.0394592,nano,17.728,8,True,nano,12.0,1788515838.0394762,nano,54.843,1788516060.4961953,2
0.0,1788515773.810518,1,True,True,2,543,16,b02-o02-nano-c16,54.918,,194.717,49.349,2961.017,False,0,False,,,,dcgm_not_available_for_node,,,,True,0.1614828109741211,1974.312,True,True,"{'activation_required': True, 'node_state_before': 'COLD', 'node_state': 'ACTIVE', 'activation_started_timestamp': 1788515773.810518, 'ready_timestamp': 1788515838.0394592, 'worker_start_ms': 1.131, 'model_remote_download_ms': 38072.92, 'model_load_ms': 26141.371, 'cuda_initialization_ms': None, 'endpoint_ready_ms': 64229.087, 'activation_time_ms': 64229.091, 'model_digest': 'baf6a787fdffd633537aa2eb51cfd54cb93ff08e28040095462bb63daf552878', 'transition': {'timestamp': 1788515838.0394762, 'node': 'nano', 'physical_node': 'etri-dev0001-jetorn', 'old_state': 'COLD', 'new_state': 'ACTIVE', 'reason': 'orin_nano_gpu_validation'}}",{},193.29,1788516061.4196858,49.495,2957.386,43.309,True,1,llama3.2:1b,1321098329,True,baf6a787fdffd633537aa2eb51cfd54cb93ff08e28040095462bb63daf552878,etri-dev0001-jetorn,ACTIVE,380.0,15,47.727,1788515838.0394592,nano,14.371,8,True,nano,12.0,1788515838.0394762,nano,55.218,1788516061.5811687,2
0.0,1788515773.810518,1,True,True,2,549,16,b02-o02-nano-c16,58.438,,194.415,49.354,2953.72,False,0,False,,,,dcgm_not_available_for_node,,,,True,0.0693211555480957,1974.305,True,True,"{'activation_required': True, 'node_state_before': 'COLD', 'node_state': 'ACTIVE', 'activation_started_timestamp': 1788515773.810518, 'ready_timestamp': 1788515838.0394592, 'worker_start_ms': 1.131, 'model_remote_download_ms': 38072.92, 'model_load_ms': 26141.371, 'cuda_initialization_ms': None, 'endpoint_ready_ms': 64229.087, 'activation_time_ms': 64229.091, 'model_digest': 'baf6a787fdffd633537aa2eb51cfd54cb93ff08e28040095462bb63daf552878', 'transition': {'timestamp': 1788515838.0394762, 'node': 'nano', 'physical_node': 'etri-dev0001-jetorn', 'old_state': 'COLD', 'new_state': 'ACTIVE', 'reason': 'orin_nano_gpu_validation'}}",{},194.685,1788516062.5888867,49.27,2951.02,43.309,True,1,llama3.2:1b,1321098329,True,baf6a787fdffd633537aa2eb51cfd54cb93ff08e28040095462bb63daf552878,etri-dev0001-jetorn,ACTIVE,380.0,15,47.736,1788515838.0394592,nano,27.419,8,True,nano,12.0,1788515838.0394762,nano,55.218,1788516062.658208,2
0.0,1788515773.810518,1,True,True,2,554,16,b02-o02-nano-c16,61.751,,194.758,49.242,2956.102,False,0,False,,,,dcgm_not_available_for_node,,,,True,0.18108677864074707,1974.297,True,True,"{'activation_required': True, 'node_state_before': 'COLD', 'node_state': 'ACTIVE', 'activation_started_timestamp': 1788515773.810518, 'ready_timestamp': 1788515838.0394592, 'worker_start_ms': 1.131, 'model_remote_download_ms': 38072.92, 'model_load_ms': 26141.371, 'cuda_initialization_ms': None, 'endpoint_ready_ms': 64229.087, 'activation_time_ms': 64229.091, 'model_digest': 'baf6a787fdffd633537aa2eb51cfd54cb93ff08e28040095462bb63daf552878', 'transition': {'timestamp': 1788515838.0394762, 'node': 'nano', 'physical_node': 'etri-dev0001-jetorn', 'old_state': 'COLD', 'new_state': 'ACTIVE', 'reason': 'orin_nano_gpu_validation'}}",{},194.259,1788516063.5663779,49.457,2953.967,43.309,True,1,llama3.2:1b,1321098329,True,baf6a787fdffd633537aa2eb51cfd54cb93ff08e28040095462bb63daf552878,etri-dev0001-jetorn,ACTIVE,380.0,10,47.756,1788515838.0394592,nano,15.149,8,True,nano,12.0,1788515838.0394762,nano,55.437,1788516063.7474647,2
0.0,1788515773.810518,1,True,True,2,560,16,b02-o02-nano-c16,58.427,,194.758,49.389,2957.559,False,0,False,,,,dcgm_not_available_for_node,,,,True,0.05483675003051758,1974.293,True,True,"{'activation_required': True, 'node_state_before': 'COLD', 'node_state': 'ACTIVE', 'activation_started_timestamp': 1788515773.810518, 'ready_timestamp': 1788515838.0394592, 'worker_start_ms': 1.131, 'model_remote_download_ms': 38072.92, 'model_load_ms': 26141.371, 'cuda_initialization_ms': None, 'endpoint_ready_ms': 64229.087, 'activation_time_ms': 64229.091, 'model_digest': 'baf6a787fdffd633537aa2eb51cfd54cb93ff08e28040095462bb63daf552878', 'transition': {'timestamp': 1788515838.0394762, 'node': 'nano', 'physical_node': 'etri-dev0001-jetorn', 'old_state': 'COLD', 'new_state': 'ACTIVE', 'reason': 'orin_nano_gpu_validation'}}",{},194.083,1788516064.7407455,49.564,2958.085,43.309,True,1,llama3.2:1b,1321098329,True,baf6a787fdffd633537aa2eb51cfd54cb93ff08e28040095462bb63daf552878,etri-dev0001-jetorn,ACTIVE,380.0,4,47.728,1788515838.0394592,nano,22.854,8,True,nano,12.0,1788515838.0394762,nano,55.281,1788516064.7955823,2
0.0,1788515773.810518,1,True,True,2,565,1,b02-o03-nano-c1,15.587,,194.989,49.309,2960.228,False,0,False,,,,dcgm_not_available_for_node,,,,True,3.032003402709961,1974.285,True,True,"{'activation_required': True, 'node_state_before': 'COLD', 'node_state': 'ACTIVE', 'activation_started_timestamp': 1788515773.810518, 'ready_timestamp': 1788515838.0394592, 'worker_start_ms': 1.131, 'model_remote_download_ms': 38072.92, 'model_load_ms': 26141.371, 'cuda_initialization_ms': None, 'endpoint_ready_ms': 64229.087, 'activation_time_ms': 64229.091, 'model_digest': 'baf6a787fdffd633537aa2eb51cfd54cb93ff08e28040095462bb63daf552878', 'transition': {'timestamp': 1788515838.0394762, 'node': 'nano', 'physical_node': 'etri-dev0001-jetorn', 'old_state': 'COLD', 'new_state': 'ACTIVE', 'reason': 'orin_nano_gpu_validation'}}",{},194.266,1788516065.719159,49.437,2960.858,43.309,True,1,llama3.2:1b,1321098329,True,baf6a787fdffd633537aa2eb51cfd54cb93ff08e28040095462bb63daf552878,etri-dev0001-jetorn,ACTIVE,380.0,0,47.699,1788515838.0394592,nano,28.663,9,True,nano,12.0,1788515838.0394762,nano,51.937,1788516068.7511623,3
0.0,1788515773.810518,1,True,True,2,569,1,b02-o03-nano-c1,57.407,,217.726,45.484,964.382,False,0,False,,,,dcgm_not_available_for_node,,,,True,0.10594463348388672,1974.281,True,True,"{'activation_required': True, 'node_state_before': 'COLD', 'node_state': 'ACTIVE', 'activation_started_timestamp': 1788515773.810518, 'ready_timestamp': 1788515838.0394592, 'worker_start_ms': 1.131, 'model_remote_download_ms': 38072.92, 'model_load_ms': 26141.371, 'cuda_initialization_ms': None, 'endpoint_ready_ms': 64229.087, 'activation_time_ms': 64229.091, 'model_digest': 'baf6a787fdffd633537aa2eb51cfd54cb93ff08e28040095462bb63daf552878', 'transition': {'timestamp': 1788515838.0394762, 'node': 'nano', 'physical_node': 'etri-dev0001-jetorn', 'old_state': 'COLD', 'new_state': 'ACTIVE', 'reason': 'orin_nano_gpu_validation'}}",{},197.172,1788516069.7301831,48.313,29.818,43.309,True,1,llama3.2:1b,1321098329,True,baf6a787fdffd633537aa2eb51cfd54cb93ff08e28040095462bb63daf552878,etri-dev0001-jetorn,ACTIVE,380.0,0,47.696,1788515838.0394592,nano,17.533,9,True,nano,12.0,1788515838.0394762,nano,53.875,1788516069.8361278,3
0.0,1788515773.810518,0,True,True,2,575,1,b02-o03-nano-c1,58.025,,198.158,48.584,197.742,False,0,False,,,,dcgm_not_available_for_node,,,,True,0.0,1974.273,True,True,"{'activation_required': True, 'node_state_before': 'COLD', 'node_state': 'ACTIVE', 'activation_started_timestamp': 1788515773.810518, 'ready_timestamp': 1788515838.0394592, 'worker_start_ms': 1.131, 'model_remote_download_ms': 38072.92, 'model_load_ms': 26141.371, 'cuda_initialization_ms': None, 'endpoint_ready_ms': 64229.087, 'activation_time_ms': 64229.091, 'model_digest': 'baf6a787fdffd633537aa2eb51cfd54cb93ff08e28040095462bb63daf552878', 'transition': {'timestamp': 1788515838.0394762, 'node': 'nano', 'physical_node': 'etri-dev0001-jetorn', 'old_state': 'COLD', 'new_state': 'ACTIVE', 'reason': 'orin_nano_gpu_validation'}}",{},193.223,1788516070.926299,49.277,29.103,43.059,True,1,llama3.2:1b,1321098329,True,baf6a787fdffd633537aa2eb51cfd54cb93ff08e28040095462bb63daf552878,etri-dev0001-jetorn,ACTIVE,380.0,0,47.696,1788515838.0394592,nano,17.755,9,True,nano,12.0,1788515838.0394762,nano,54.343,1788516070.92106,3
0.0,1788515773.810518,1,True,True,2,580,1,b02-o03-nano-c1,59.077,,194.734,49.077,69.572,False,0,False,,,,dcgm_not_available_for_node,,,,True,0.08343100547790527,1974.27,True,True,"{'activation_required': True, 'node_state_before': 'COLD', 'node_state': 'ACTIVE', 'activation_started_timestamp': 1788515773.810518, 'ready_timestamp': 1788515838.0394592, 'worker_start_ms': 1.131, 'model_remote_download_ms': 38072.92, 'model_load_ms': 26141.371, 'cuda_initialization_ms': None, 'endpoint_ready_ms': 64229.087, 'activation_time_ms': 64229.091, 'model_digest': 'baf6a787fdffd633537aa2eb51cfd54cb93ff08e28040095462bb63daf552878', 'transition': {'timestamp': 1788515838.0394762, 'node': 'nano', 'physical_node': 'etri-dev0001-jetorn', 'old_state': 'COLD', 'new_state': 'ACTIVE', 'reason': 'orin_nano_gpu_validation'}}",{},193.926,1788516071.919192,49.046,29.513,43.059,True,1,llama3.2:1b,1321098329,True,baf6a787fdffd633537aa2eb51cfd54cb93ff08e28040095462bb63daf552878,etri-dev0001-jetorn,ACTIVE,380.0,0,47.671,1788515838.0394592,nano,13.705,9,True,nano,12.0,1788515838.0394762,nano,54.906,1788516072.002623,3
0.0,1788515773.810518,1,True,True,2,585,1,b02-o03-nano-c1,57.735,,193.937,49.319,39.136,False,0,False,,,,dcgm_not_available_for_node,,,,True,0.13019633293151855,1974.262,True,True,"{'activation_required': True, 'node_state_before': 'COLD', 'node_state': 'ACTIVE', 'activation_started_timestamp': 1788515773.810518, 'ready_timestamp': 1788515838.0394592, 'worker_start_ms': 1.131, 'model_remote_download_ms': 38072.92, 'model_load_ms': 26141.371, 'cuda_initialization_ms': None, 'endpoint_ready_ms': 64229.087, 'activation_time_ms': 64229.091, 'model_digest': 'baf6a787fdffd633537aa2eb51cfd54cb93ff08e28040095462bb63daf552878', 'transition': {'timestamp': 1788515838.0394762, 'node': 'nano', 'physical_node': 'etri-dev0001-jetorn', 'old_state': 'COLD', 'new_state': 'ACTIVE', 'reason': 'orin_nano_gpu_validation'}}",{},192.508,1788516072.9130256,49.515,29.161,43.059,True,1,llama3.2:1b,1321098329,True,baf6a787fdffd633537aa2eb51cfd54cb93ff08e28040095462bb63daf552878,etri-dev0001-jetorn,ACTIVE,380.0,0,47.67,1788515838.0394592,nano,14.414,9,True,nano,12.0,1788515838.0394762,nano,55.281,1788516073.043222,3
0.0,1788515773.810518,1,True,True,2,591,1,b02-o03-nano-c1,58.788,,193.089,49.436,31.271,False,0,False,,,,dcgm_not_available_for_node,,,,True,0.008087635040283203,1974.254,True,True,"{'activation_required': True, 'node_state_before': 'COLD', 'node_state': 'ACTIVE', 'activation_started_timestamp': 1788515773.810518, 'ready_timestamp': 1788515838.0394592, 'worker_start_ms': 1.131, 'model_remote_download_ms': 38072.92, 'model_load_ms': 26141.371, 'cuda_initialization_ms': None, 'endpoint_ready_ms': 64229.087, 'activation_time_ms': 64229.091, 'model_digest': 'baf6a787fdffd633537aa2eb51cfd54cb93ff08e28040095462bb63daf552878', 'transition': {'timestamp': 1788515838.0394762, 'node': 'nano', 'physical_node': 'etri-dev0001-jetorn', 'old_state': 'COLD', 'new_state': 'ACTIVE', 'reason': 'orin_nano_gpu_validation'}}",{},192.209,1788516074.1006594,49.587,28.912,43.059,True,1,llama3.2:1b,1321098329,True,baf6a787fdffd633537aa2eb51cfd54cb93ff08e28040095462bb63daf552878,etri-dev0001-jetorn,ACTIVE,380.0,0,47.667,1788515838.0394592,nano,24.058,9,True,nano,12.0,1788515838.0394762,nano,55.0,1788516074.108747,3
0.0,1788515773.810518,1,True,True,2,596,1,b02-o03-nano-c1,56.894,,193.442,49.37,30.209,False,0,False,,,,dcgm_not_available_for_node,,,,True,0.07011270523071289,1974.25,True,True,"{'activation_required': True, 'node_state_before': 'COLD', 'node_state': 'ACTIVE', 'activation_started_timestamp': 1788515773.810518, 'ready_timestamp': 1788515838.0394592, 'worker_start_ms': 1.131, 'model_remote_download_ms': 38072.92, 'model_load_ms': 26141.371, 'cuda_initialization_ms': None, 'endpoint_ready_ms': 64229.087, 'activation_time_ms': 64229.091, 'model_digest': 'baf6a787fdffd633537aa2eb51cfd54cb93ff08e28040095462bb63daf552878', 'transition': {'timestamp': 1788515838.0394762, 'node': 'nano', 'physical_node': 'etri-dev0001-jetorn', 'old_state': 'COLD', 'new_state': 'ACTIVE', 'reason': 'orin_nano_gpu_validation'}}",{},193.392,1788516075.0907023,49.341,29.469,43.059,True,1,llama3.2:1b,1321098329,True,baf6a787fdffd633537aa2eb51cfd54cb93ff08e28040095462bb63daf552878,etri-dev0001-jetorn,ACTIVE,380.0,0,47.663,1788515838.0394592,nano,15.314,9,True,nano,12.0,1788515838.0394762,nano,55.406,1788516075.160815,3
0.0,1788515773.810518,1,True,True,2,601,1,b02-o03-nano-c1,58.54,,193.399,49.416,30.029,False,0,False,,,,dcgm_not_available_for_node,,,,True,0.15080761909484863,1974.242,True,True,"{'activation_required': True, 'node_state_before': 'COLD', 'node_state': 'ACTIVE', 'activation_started_timestamp': 1788515773.810518, 'ready_timestamp': 1788515838.0394592, 'worker_start_ms': 1.131, 'model_remote_download_ms': 38072.92, 'model_load_ms': 26141.371, 'cuda_initialization_ms': None, 'endpoint_ready_ms': 64229.087, 'activation_time_ms': 64229.091, 'model_digest': 'baf6a787fdffd633537aa2eb51cfd54cb93ff08e28040095462bb63daf552878', 'transition': {'timestamp': 1788515838.0394762, 'node': 'nano', 'physical_node': 'etri-dev0001-jetorn', 'old_state': 'COLD', 'new_state': 'ACTIVE', 'reason': 'orin_nano_gpu_validation'}}",{},192.801,1788516076.0829892,49.51,29.536,43.059,True,1,llama3.2:1b,1321098329,True,baf6a787fdffd633537aa2eb51cfd54cb93ff08e28040095462bb63daf552878,etri-dev0001-jetorn,ACTIVE,380.0,0,47.668,1788515838.0394592,nano,19.478,9,True,nano,12.0,1788515838.0394762,nano,55.531,1788516076.2337968,3
0.0,1788515773.810518,1,True,True,2,607,1,b02-o03-nano-c1,57.343,,195.313,49.145,31.281,False,0,False,,,,dcgm_not_available_for_node,,,,True,0.049265384674072266,1974.238,True,True,"{'activation_required': True, 'node_state_before': 'COLD', 'node_state': 'ACTIVE', 'activation_started_timestamp': 1788515773.810518, 'ready_timestamp': 1788515838.0394592, 'worker_start_ms': 1.131, 'model_remote_download_ms': 38072.92, 'model_load_ms': 26141.371, 'cuda_initialization_ms': None, 'endpoint_ready_ms': 64229.087, 'activation_time_ms': 64229.091, 'model_digest': 'baf6a787fdffd633537aa2eb51cfd54cb93ff08e28040095462bb63daf552878', 'transition': {'timestamp': 1788515838.0394762, 'node': 'nano', 'physical_node': 'etri-dev0001-jetorn', 'old_state': 'COLD', 'new_state': 'ACTIVE', 'reason': 'orin_nano_gpu_validation'}}",{},197.148,1788516077.2830174,49.445,33.656,43.059,True,1,llama3.2:1b,1321098329,True,baf6a787fdffd633537aa2eb51cfd54cb93ff08e28040095462bb63daf552878,etri-dev0001-jetorn,ACTIVE,380.0,0,47.667,1788515838.0394592,nano,13.436,9,True,nano,12.0,1788515838.0394762,nano,55.187,1788516077.3322828,3
0.0,1788515773.810518,1,True,True,2,612,1,b02-o03-nano-c1,57.519,,194.076,49.184,30.014,False,0,False,,,,dcgm_not_available_for_node,,,,True,0.13338494300842285,1974.23,True,True,"{'activation_required': True, 'node_state_before': 'COLD', 'node_state': 'ACTIVE', 'activation_started_timestamp': 1788515773.810518, 'ready_timestamp': 1788515838.0394592, 'worker_start_ms': 1.131, 'model_remote_download_ms': 38072.92, 'model_load_ms': 26141.371, 'cuda_initialization_ms': None, 'endpoint_ready_ms': 64229.087, 'activation_time_ms': 64229.091, 'model_digest': 'baf6a787fdffd633537aa2eb51cfd54cb93ff08e28040095462bb63daf552878', 'transition': {'timestamp': 1788515838.0394762, 'node': 'nano', 'physical_node': 'etri-dev0001-jetorn', 'old_state': 'COLD', 'new_state': 'ACTIVE', 'reason': 'orin_nano_gpu_validation'}}",{},193.454,1788516078.2776015,49.259,29.779,43.059,True,1,llama3.2:1b,1321098329,True,baf6a787fdffd633537aa2eb51cfd54cb93ff08e28040095462bb63daf552878,etri-dev0001-jetorn,ACTIVE,380.0,0,47.661,1788515838.0394592,nano,14.663,9,True,nano,12.0,1788515838.0394762,nano,55.406,1788516078.4109864,3
0.0,1788515773.810518,1,True,True,2,618,1,b02-o03-nano-c1,56.842,,194.803,49.304,31.185,False,0,False,,,,dcgm_not_available_for_node,,,,True,0.031893014907836914,1974.48,True,True,"{'activation_required': True, 'node_state_before': 'COLD', 'node_state': 'ACTIVE', 'activation_started_timestamp': 1788515773.810518, 'ready_timestamp': 1788515838.0394592, 'worker_start_ms': 1.131, 'model_remote_download_ms': 38072.92, 'model_load_ms': 26141.371, 'cuda_initialization_ms': None, 'endpoint_ready_ms': 64229.087, 'activation_time_ms': 64229.091, 'model_digest': 'baf6a787fdffd633537aa2eb51cfd54cb93ff08e28040095462bb63daf552878', 'transition': {'timestamp': 1788515838.0394762, 'node': 'nano', 'physical_node': 'etri-dev0001-jetorn', 'old_state': 'COLD', 'new_state': 'ACTIVE', 'reason': 'orin_nano_gpu_validation'}}",{},192.459,1788516079.4763079,49.44,29.281,43.059,True,1,llama3.2:1b,1321098329,True,baf6a787fdffd633537aa2eb51cfd54cb93ff08e28040095462bb63daf552878,etri-dev0001-jetorn,ACTIVE,380.0,0,47.63,1788515838.0394592,nano,18.945,9,True,nano,12.0,1788515838.0394762,nano,55.593,1788516079.508201,3
0.0,1788515773.810518,1,True,True,2,623,1,b02-o03-nano-c1,57.634,,193.856,49.338,30.901,False,0,False,,,,dcgm_not_available_for_node,,,,True,0.10762667655944824,1974.477,True,True,"{'activation_required': True, 'node_state_before': 'COLD', 'node_state': 'ACTIVE', 'activation_started_timestamp': 1788515773.810518, 'ready_timestamp': 1788515838.0394592, 'worker_start_ms': 1.131, 'model_remote_download_ms': 38072.92, 'model_load_ms': 26141.371, 'cuda_initialization_ms': None, 'endpoint_ready_ms': 64229.087, 'activation_time_ms': 64229.091, 'model_digest': 'baf6a787fdffd633537aa2eb51cfd54cb93ff08e28040095462bb63daf552878', 'transition': {'timestamp': 1788515838.0394762, 'node': 'nano', 'physical_node': 'etri-dev0001-jetorn', 'old_state': 'COLD', 'new_state': 'ACTIVE', 'reason': 'orin_nano_gpu_validation'}}",{},193.035,1788516080.4703746,49.485,29.811,43.059,True,1,llama3.2:1b,1321098329,True,baf6a787fdffd633537aa2eb51cfd54cb93ff08e28040095462bb63daf552878,etri-dev0001-jetorn,ACTIVE,380.0,0,47.629,1788515838.0394592,nano,14.84,9,True,nano,12.0,1788515838.0394762,nano,55.593,1788516080.5780013,3
0.0,1788515773.810518,1,True,True,2,625,32,b02-o04-nano-c32,47.826,,194.135,49.288,31.115,False,0,False,,,,dcgm_not_available_for_node,,,,True,3.0211098194122314,1974.473,True,True,"{'activation_required': True, 'node_state_before': 'COLD', 'node_state': 'ACTIVE', 'activation_started_timestamp': 1788515773.810518, 'ready_timestamp': 1788515838.0394592, 'worker_start_ms': 1.131, 'model_remote_download_ms': 38072.92, 'model_load_ms': 26141.371, 'cuda_initialization_ms': None, 'endpoint_ready_ms': 64229.087, 'activation_time_ms': 64229.091, 'model_digest': 'baf6a787fdffd633537aa2eb51cfd54cb93ff08e28040095462bb63daf552878', 'transition': {'timestamp': 1788515838.0394762, 'node': 'nano', 'physical_node': 'etri-dev0001-jetorn', 'old_state': 'COLD', 'new_state': 'ACTIVE', 'reason': 'orin_nano_gpu_validation'}}",{},195.023,1788516080.8698454,49.222,30.487,43.059,True,1,llama3.2:1b,1321098329,True,baf6a787fdffd633537aa2eb51cfd54cb93ff08e28040095462bb63daf552878,etri-dev0001-jetorn,ACTIVE,380.0,1,47.667,1788515838.0394592,nano,121.151,10,True,nano,12.0,1788515838.0394762,nano,52.875,1788516083.8909552,4
0.0,1788515773.810518,1,True,True,2,630,32,b02-o04-nano-c32,55.75,,209.111,47.174,497.292,False,0,False,,,,dcgm_not_available_for_node,,,,True,0.013468027114868164,1974.469,True,True,"{'activation_required': True, 'node_state_before': 'COLD', 'node_state': 'ACTIVE', 'activation_started_timestamp': 1788515773.810518, 'ready_timestamp': 1788515838.0394592, 'worker_start_ms': 1.131, 'model_remote_download_ms': 38072.92, 'model_load_ms': 26141.371, 'cuda_initialization_ms': None, 'endpoint_ready_ms': 64229.087, 'activation_time_ms': 64229.091, 'model_digest': 'baf6a787fdffd633537aa2eb51cfd54cb93ff08e28040095462bb63daf552878', 'transition': {'timestamp': 1788515838.0394762, 'node': 'nano', 'physical_node': 'etri-dev0001-jetorn', 'old_state': 'COLD', 'new_state': 'ACTIVE', 'reason': 'orin_nano_gpu_validation'}}",{},194.211,1788516085.046955,49.526,936.34,43.059,True,1,llama3.2:1b,1321098329,True,baf6a787fdffd633537aa2eb51cfd54cb93ff08e28040095462bb63daf552878,etri-dev0001-jetorn,ACTIVE,380.0,28,47.783,1788515838.0394592,nano,15.026,10,True,nano,12.0,1788515838.0394762,nano,54.125,1788516085.0604231,4
0.0,1788515773.810518,1,True,True,2,635,32,b02-o04-nano-c32,55.859,,197.65,48.881,1325.295,False,0,False,,,,dcgm_not_available_for_node,,,,True,0.0926055908203125,1974.461,True,True,"{'activation_required': True, 'node_state_before': 'COLD', 'node_state': 'ACTIVE', 'activation_started_timestamp': 1788515773.810518, 'ready_timestamp': 1788515838.0394592, 'worker_start_ms': 1.131, 'model_remote_download_ms': 38072.92, 'model_load_ms': 26141.371, 'cuda_initialization_ms': None, 'endpoint_ready_ms': 64229.087, 'activation_time_ms': 64229.091, 'model_digest': 'baf6a787fdffd633537aa2eb51cfd54cb93ff08e28040095462bb63daf552878', 'transition': {'timestamp': 1788515838.0394762, 'node': 'nano', 'physical_node': 'etri-dev0001-jetorn', 'old_state': 'COLD', 'new_state': 'ACTIVE', 'reason': 'orin_nano_gpu_validation'}}",{},193.657,1788516086.0192385,49.529,1856.868,43.059,True,1,llama3.2:1b,1321098329,True,baf6a787fdffd633537aa2eb51cfd54cb93ff08e28040095462bb63daf552878,etri-dev0001-jetorn,ACTIVE,380.0,31,47.755,1788515838.0394592,nano,14.565,10,True,nano,12.0,1788515838.0394762,nano,55.125,1788516086.111844,4
0.0,1788515773.810518,1,True,True,2,641,32,b02-o04-nano-c32,56.899,,195.163,49.338,2411.996,False,0,False,,,,dcgm_not_available_for_node,,,,True,0.006780385971069336,1974.453,True,True,"{'activation_required': True, 'node_state_before': 'COLD', 'node_state': 'ACTIVE', 'activation_started_timestamp': 1788515773.810518, 'ready_timestamp': 1788515838.0394592, 'worker_start_ms': 1.131, 'model_remote_download_ms': 38072.92, 'model_load_ms': 26141.371, 'cuda_initialization_ms': None, 'endpoint_ready_ms': 64229.087, 'activation_time_ms': 64229.091, 'model_digest': 'baf6a787fdffd633537aa2eb51cfd54cb93ff08e28040095462bb63daf552878', 'transition': {'timestamp': 1788515838.0394762, 'node': 'nano', 'physical_node': 'etri-dev0001-jetorn', 'old_state': 'COLD', 'new_state': 'ACTIVE', 'reason': 'orin_nano_gpu_validation'}}",{},195.73,1788516087.1873472,49.465,2893.852,43.059,True,1,llama3.2:1b,1321098329,True,baf6a787fdffd633537aa2eb51cfd54cb93ff08e28040095462bb63daf552878,etri-dev0001-jetorn,ACTIVE,380.0,31,47.755,1788515838.0394592,nano,14.75,10,True,nano,12.0,1788515838.0394762,nano,55.093,1788516087.1941276,4
0.0,1788515773.810518,1,True,True,2,646,32,b02-o04-nano-c32,56.832,,195.146,49.345,2970.383,False,0,False,,,,dcgm_not_available_for_node,,,,True,0.10468816757202148,1974.449,True,True,"{'activation_required': True, 'node_state_before': 'COLD', 'node_state': 'ACTIVE', 'activation_started_timestamp': 1788515773.810518, 'ready_timestamp': 1788515838.0394592, 'worker_start_ms': 1.131, 'model_remote_download_ms': 38072.92, 'model_load_ms': 26141.371, 'cuda_initialization_ms': None, 'endpoint_ready_ms': 64229.087, 'activation_time_ms': 64229.091, 'model_digest': 'baf6a787fdffd633537aa2eb51cfd54cb93ff08e28040095462bb63daf552878', 'transition': {'timestamp': 1788515838.0394762, 'node': 'nano', 'physical_node': 'etri-dev0001-jetorn', 'old_state': 'COLD', 'new_state': 'ACTIVE', 'reason': 'orin_nano_gpu_validation'}}",{},196.834,1788516088.1630778,49.313,3140.986,43.059,True,1,llama3.2:1b,1321098329,True,baf6a787fdffd633537aa2eb51cfd54cb93ff08e28040095462bb63daf552878,etri-dev0001-jetorn,ACTIVE,380.0,31,47.758,1788515838.0394592,nano,16.007,10,True,nano,12.0,1788515838.0394762,nano,55.312,1788516088.267766,4
0.0,1788515773.810518,1,True,True,2,652,32,b02-o04-nano-c32,58.242,,194.235,49.296,3696.008,False,0,False,,,,dcgm_not_available_for_node,,,,True,0.012784957885742188,1974.441,True,True,"{'activation_required': True, 'node_state_before': 'COLD', 'node_state': 'ACTIVE', 'activation_started_timestamp': 1788515773.810518, 'ready_timestamp': 1788515838.0394592, 'worker_start_ms': 1.131, 'model_remote_download_ms': 38072.92, 'model_load_ms': 26141.371, 'cuda_initialization_ms': None, 'endpoint_ready_ms': 64229.087, 'activation_time_ms': 64229.091, 'model_digest': 'baf6a787fdffd633537aa2eb51cfd54cb93ff08e28040095462bb63daf552878', 'transition': {'timestamp': 1788515838.0394762, 'node': 'nano', 'physical_node': 'etri-dev0001-jetorn', 'old_state': 'COLD', 'new_state': 'ACTIVE', 'reason': 'orin_nano_gpu_validation'}}",{},192.211,1788516089.3318748,49.559,4187.202,43.059,True,1,llama3.2:1b,1321098329,True,baf6a787fdffd633537aa2eb51cfd54cb93ff08e28040095462bb63daf552878,etri-dev0001-jetorn,ACTIVE,380.0,31,47.757,1788515838.0394592,nano,15.597,10,True,nano,12.0,1788515838.0394762,nano,55.687,1788516089.3446598,4
0.0,1788515773.810518,1,True,True,2,657,32,b02-o04-nano-c32,57.919,,194.337,49.395,4583.71,False,0,False,,,,dcgm_not_available_for_node,,,,True,0.12444472312927246,1974.434,True,True,"{'activation_required': True, 'node_state_before': 'COLD', 'node_state': 'ACTIVE', 'activation_started_timestamp': 1788515773.810518, 'ready_timestamp': 1788515838.0394592, 'worker_start_ms': 1.131, 'model_remote_download_ms': 38072.92, 'model_load_ms': 26141.371, 'cuda_initialization_ms': None, 'endpoint_ready_ms': 64229.087, 'activation_time_ms': 64229.091, 'model_digest': 'baf6a787fdffd633537aa2eb51cfd54cb93ff08e28040095462bb63daf552878', 'transition': {'timestamp': 1788515838.0394762, 'node': 'nano', 'physical_node': 'etri-dev0001-jetorn', 'old_state': 'COLD', 'new_state': 'ACTIVE', 'reason': 'orin_nano_gpu_validation'}}",{},194.855,1788516090.304835,49.51,5139.156,43.059,True,1,llama3.2:1b,1321098329,True,baf6a787fdffd633537aa2eb51cfd54cb93ff08e28040095462bb63daf552878,etri-dev0001-jetorn,ACTIVE,380.0,31,47.763,1788515838.0394592,nano,17.66,10,True,nano,12.0,1788515838.0394762,nano,55.875,1788516090.4292798,4
0.0,1788515773.810518,1,True,True,2,663,32,b02-o04-nano-c32,57.895,,194.888,49.313,5524.238,False,0,False,,,,dcgm_not_available_for_node,,,,True,0.05295825004577637,1974.426,True,True,"{'activation_required': True, 'node_state_before': 'COLD', 'node_state': 'ACTIVE', 'activation_started_timestamp': 1788515773.810518, 'ready_timestamp': 1788515838.0394592, 'worker_start_ms': 1.131, 'model_remote_download_ms': 38072.92, 'model_load_ms': 26141.371, 'cuda_initialization_ms': None, 'endpoint_ready_ms': 64229.087, 'activation_time_ms': 64229.091, 'model_digest': 'baf6a787fdffd633537aa2eb51cfd54cb93ff08e28040095462bb63daf552878', 'transition': {'timestamp': 1788515838.0394762, 'node': 'nano', 'physical_node': 'etri-dev0001-jetorn', 'old_state': 'COLD', 'new_state': 'ACTIVE', 'reason': 'orin_nano_gpu_validation'}}",{},195.888,1788516091.475275,49.371,5870.015,43.059,True,1,llama3.2:1b,1321098329,True,baf6a787fdffd633537aa2eb51cfd54cb93ff08e28040095462bb63daf552878,etri-dev0001-jetorn,ACTIVE,380.0,31,47.763,1788515838.0394592,nano,16.244,10,True,nano,12.0,1788515838.0394762,nano,55.781,1788516091.5282333,4
0.0,1788515773.810518,1,True,True,2,668,32,b02-o04-nano-c32,55.36,,194.688,49.367,5881.331,False,0,False,,,,dcgm_not_available_for_node,,,,True,0.13320565223693848,1974.422,True,True,"{'activation_required': True, 'node_state_before': 'COLD', 'node_state': 'ACTIVE', 'activation_started_timestamp': 1788515773.810518, 'ready_timestamp': 1788515838.0394592, 'worker_start_ms': 1.131, 'model_remote_download_ms': 38072.92, 'model_load_ms': 26141.371, 'cuda_initialization_ms': None, 'endpoint_ready_ms': 64229.087, 'activation_time_ms': 64229.091, 'model_digest': 'baf6a787fdffd633537aa2eb51cfd54cb93ff08e28040095462bb63daf552878', 'transition': {'timestamp': 1788515838.0394762, 'node': 'nano', 'physical_node': 'etri-dev0001-jetorn', 'old_state': 'COLD', 'new_state': 'ACTIVE', 'reason': 'orin_nano_gpu_validation'}}",{},195.094,1788516092.450889,49.334,6074.596,43.059,True,1,llama3.2:1b,1321098329,True,baf6a787fdffd633537aa2eb51cfd54cb93ff08e28040095462bb63daf552878,etri-dev0001-jetorn,ACTIVE,380.0,31,47.765,1788515838.0394592,nano,16.517,10,True,nano,12.0,1788515838.0394762,nano,55.625,1788516092.5840948,4
0.0,1788515773.810518,1,True,True,2,674,32,b02-o04-nano-c32,61.905,,194.496,49.288,6036.607,False,0,False,,,,dcgm_not_available_for_node,,,,True,0.04577827453613281,1974.414,True,True,"{'activation_required': True, 'node_state_before': 'COLD', 'node_state': 'ACTIVE', 'activation_started_timestamp': 1788515773.810518, 'ready_timestamp': 1788515838.0394592, 'worker_start_ms': 1.131, 'model_remote_download_ms': 38072.92, 'model_load_ms': 26141.371, 'cuda_initialization_ms': None, 'endpoint_ready_ms': 64229.087, 'activation_time_ms': 64229.091, 'model_digest': 'baf6a787fdffd633537aa2eb51cfd54cb93ff08e28040095462bb63daf552878', 'transition': {'timestamp': 1788515838.0394762, 'node': 'nano', 'physical_node': 'etri-dev0001-jetorn', 'old_state': 'COLD', 'new_state': 'ACTIVE', 'reason': 'orin_nano_gpu_validation'}}",{},194.362,1788516093.6195405,49.2,6068.849,43.059,True,1,llama3.2:1b,1321098329,True,baf6a787fdffd633537aa2eb51cfd54cb93ff08e28040095462bb63daf552878,etri-dev0001-jetorn,ACTIVE,380.0,31,47.778,1788515838.0394592,nano,13.51,10,True,nano,12.0,1788515838.0394762,nano,55.781,1788516093.6653187,4
0.0,1788515773.810518,1,True,True,2,679,32,b02-o04-nano-c32,57.792,,194.234,49.418,6059.674,False,0,False,,,,dcgm_not_available_for_node,,,,True,0.12078714370727539,1974.406,True,True,"{'activation_required': True, 'node_state_before': 'COLD', 'node_state': 'ACTIVE', 'activation_started_timestamp': 1788515773.810518, 'ready_timestamp': 1788515838.0394592, 'worker_start_ms': 1.131, 'model_remote_download_ms': 38072.92, 'model_load_ms': 26141.371, 'cuda_initialization_ms': None, 'endpoint_ready_ms': 64229.087, 'activation_time_ms': 64229.091, 'model_digest': 'baf6a787fdffd633537aa2eb51cfd54cb93ff08e28040095462bb63daf552878', 'transition': {'timestamp': 1788515838.0394762, 'node': 'nano', 'physical_node': 'etri-dev0001-jetorn', 'old_state': 'COLD', 'new_state': 'ACTIVE', 'reason': 'orin_nano_gpu_validation'}}",{},194.057,1788516094.5920758,49.591,6064.754,43.059,True,1,llama3.2:1b,1321098329,True,baf6a787fdffd633537aa2eb51cfd54cb93ff08e28040095462bb63daf552878,etri-dev0001-jetorn,ACTIVE,380.0,31,47.78,1788515838.0394592,nano,15.374,10,True,nano,12.0,1788515838.0394762,nano,55.875,1788516094.712863,4
0.0,1788515773.810518,1,True,True,2,685,32,b02-o04-nano-c32,57.627,,195.147,49.365,6068.959,False,0,False,,,,dcgm_not_available_for_node,,,,True,0.018049001693725586,1974.402,True,True,"{'activation_required': True, 'node_state_before': 'COLD', 'node_state': 'ACTIVE', 'activation_started_timestamp': 1788515773.810518, 'ready_timestamp': 1788515838.0394592, 'worker_start_ms': 1.131, 'model_remote_download_ms': 38072.92, 'model_load_ms': 26141.371, 'cuda_initialization_ms': None, 'endpoint_ready_ms': 64229.087, 'activation_time_ms': 64229.091, 'model_digest': 'baf6a787fdffd633537aa2eb51cfd54cb93ff08e28040095462bb63daf552878', 'transition': {'timestamp': 1788515838.0394762, 'node': 'nano', 'physical_node': 'etri-dev0001-jetorn', 'old_state': 'COLD', 'new_state': 'ACTIVE', 'reason': 'orin_nano_gpu_validation'}}",{},194.825,1788516095.7685082,49.41,6074.539,43.059,True,1,llama3.2:1b,1321098329,True,baf6a787fdffd633537aa2eb51cfd54cb93ff08e28040095462bb63daf552878,etri-dev0001-jetorn,ACTIVE,380.0,31,47.777,1788515838.0394592,nano,12.59,10,True,nano,12.0,1788515838.0394762,nano,55.875,1788516095.7865572,4
0.0,1788515773.810518,1,True,True,2,690,32,b02-o04-nano-c32,58.974,,194.634,49.335,6073.499,False,0,False,,,,dcgm_not_available_for_node,,,,True,0.09328007698059082,1974.395,True,True,"{'activation_required': True, 'node_state_before': 'COLD', 'node_state': 'ACTIVE', 'activation_started_timestamp': 1788515773.810518, 'ready_timestamp': 1788515838.0394592, 'worker_start_ms': 1.131, 'model_remote_download_ms': 38072.92, 'model_load_ms': 26141.371, 'cuda_initialization_ms': None, 'endpoint_ready_ms': 64229.087, 'activation_time_ms': 64229.091, 'model_digest': 'baf6a787fdffd633537aa2eb51cfd54cb93ff08e28040095462bb63daf552878', 'transition': {'timestamp': 1788515838.0394762, 'node': 'nano', 'physical_node': 'etri-dev0001-jetorn', 'old_state': 'COLD', 'new_state': 'ACTIVE', 'reason': 'orin_nano_gpu_validation'}}",{},194.629,1788516096.743041,49.384,6074.96,43.059,True,1,llama3.2:1b,1321098329,True,baf6a787fdffd633537aa2eb51cfd54cb93ff08e28040095462bb63daf552878,etri-dev0001-jetorn,ACTIVE,380.0,26,47.746,1788515838.0394592,nano,15.362,10,True,nano,12.0,1788515838.0394762,nano,55.843,1788516096.836321,4
0.0,1788515773.810518,1,True,True,2,696,32,b02-o04-nano-c32,58.959,,195.205,49.302,6077.57,False,0,False,,,,dcgm_not_available_for_node,,,,True,0.0,1974.391,True,True,"{'activation_required': True, 'node_state_before': 'COLD', 'node_state': 'ACTIVE', 'activation_started_timestamp': 1788515773.810518, 'ready_timestamp': 1788515838.0394592, 'worker_start_ms': 1.131, 'model_remote_download_ms': 38072.92, 'model_load_ms': 26141.371, 'cuda_initialization_ms': None, 'endpoint_ready_ms': 64229.087, 'activation_time_ms': 64229.091, 'model_digest': 'baf6a787fdffd633537aa2eb51cfd54cb93ff08e28040095462bb63daf552878', 'transition': {'timestamp': 1788515838.0394762, 'node': 'nano', 'physical_node': 'etri-dev0001-jetorn', 'old_state': 'COLD', 'new_state': 'ACTIVE', 'reason': 'orin_nano_gpu_validation'}}",{},196.058,1788516097.9176466,49.06,6079.577,43.059,True,1,llama3.2:1b,1321098329,True,baf6a787fdffd633537aa2eb51cfd54cb93ff08e28040095462bb63daf552878,etri-dev0001-jetorn,ACTIVE,380.0,20,47.746,1788515838.0394592,nano,15.142,10,True,nano,12.0,1788515838.0394762,nano,55.812,1788516097.9169424,4
0.0,1788515773.810518,1,True,True,2,701,32,b02-o04-nano-c32,53.846,,196.587,49.051,6081.439,False,0,False,,,,dcgm_not_available_for_node,,,,True,0.06922721862792969,1974.383,True,True,"{'activation_required': True, 'node_state_before': 'COLD', 'node_state': 'ACTIVE', 'activation_started_timestamp': 1788515773.810518, 'ready_timestamp': 1788515838.0394592, 'worker_start_ms': 1.131, 'model_remote_download_ms': 38072.92, 'model_load_ms': 26141.371, 'cuda_initialization_ms': None, 'endpoint_ready_ms': 64229.087, 'activation_time_ms': 64229.091, 'model_digest': 'baf6a787fdffd633537aa2eb51cfd54cb93ff08e28040095462bb63daf552878', 'transition': {'timestamp': 1788515838.0394762, 'node': 'nano', 'physical_node': 'etri-dev0001-jetorn', 'old_state': 'COLD', 'new_state': 'ACTIVE', 'reason': 'orin_nano_gpu_validation'}}",{},198.313,1788516098.903259,48.19,6083.77,43.059,True,1,llama3.2:1b,1321098329,True,baf6a787fdffd633537aa2eb51cfd54cb93ff08e28040095462bb63daf552878,etri-dev0001-jetorn,ACTIVE,380.0,15,47.691,1788515838.0394592,nano,15.361,10,True,nano,12.0,1788515838.0394762,nano,56.062,1788516098.9724863,4
0.0,1788515773.810518,1,True,True,2,706,32,b02-o04-nano-c32,56.078,,195.818,49.108,6089.761,False,0,False,,,,dcgm_not_available_for_node,,,,True,0.1652698516845703,1974.375,True,True,"{'activation_required': True, 'node_state_before': 'COLD', 'node_state': 'ACTIVE', 'activation_started_timestamp': 1788515773.810518, 'ready_timestamp': 1788515838.0394592, 'worker_start_ms': 1.131, 'model_remote_download_ms': 38072.92, 'model_load_ms': 26141.371, 'cuda_initialization_ms': None, 'endpoint_ready_ms': 64229.087, 'activation_time_ms': 64229.091, 'model_digest': 'baf6a787fdffd633537aa2eb51cfd54cb93ff08e28040095462bb63daf552878', 'transition': {'timestamp': 1788515838.0394762, 'node': 'nano', 'physical_node': 'etri-dev0001-jetorn', 'old_state': 'COLD', 'new_state': 'ACTIVE', 'reason': 'orin_nano_gpu_validation'}}",{},194.465,1788516099.8830822,49.449,6095.352,43.059,True,1,llama3.2:1b,1321098329,True,baf6a787fdffd633537aa2eb51cfd54cb93ff08e28040095462bb63daf552878,etri-dev0001-jetorn,ACTIVE,380.0,10,47.691,1788515838.0394592,nano,13.932,10,True,nano,12.0,1788515838.0394762,nano,56.125,1788516100.048352,4
0.0,1788515773.810518,1,True,True,2,712,32,b02-o04-nano-c32,59.683,,195.41,49.12,6099.021,False,0,False,,,,dcgm_not_available_for_node,,,,True,0.04273629188537598,1974.371,True,True,"{'activation_required': True, 'node_state_before': 'COLD', 'node_state': 'ACTIVE', 'activation_started_timestamp': 1788515773.810518, 'ready_timestamp': 1788515838.0394592, 'worker_start_ms': 1.131, 'model_remote_download_ms': 38072.92, 'model_load_ms': 26141.371, 'cuda_initialization_ms': None, 'endpoint_ready_ms': 64229.087, 'activation_time_ms': 64229.091, 'model_digest': 'baf6a787fdffd633537aa2eb51cfd54cb93ff08e28040095462bb63daf552878', 'transition': {'timestamp': 1788515838.0394762, 'node': 'nano', 'physical_node': 'etri-dev0001-jetorn', 'old_state': 'COLD', 'new_state': 'ACTIVE', 'reason': 'orin_nano_gpu_validation'}}",{},194.351,1788516101.0591807,49.29,6101.618,43.059,True,1,llama3.2:1b,1321098329,True,baf6a787fdffd633537aa2eb51cfd54cb93ff08e28040095462bb63daf552878,etri-dev0001-jetorn,ACTIVE,380.0,4,47.691,1788515838.0394592,nano,15.396,10,True,nano,12.0,1788515838.0394762,nano,56.406,1788516101.101917,4
0.0,1788515773.810518,1,True,True,2,717,8,b02-o05-nano-c8,5.192,,195.027,49.316,6099.053,False,0,False,,,,dcgm_not_available_for_node,,,,True,3.018220901489258,1974.363,True,True,"{'activation_required': True, 'node_state_before': 'COLD', 'node_state': 'ACTIVE', 'activation_started_timestamp': 1788515773.810518, 'ready_timestamp': 1788515838.0394592, 'worker_start_ms': 1.131, 'model_remote_download_ms': 38072.92, 'model_load_ms': 26141.371, 'cuda_initialization_ms': None, 'endpoint_ready_ms': 64229.087, 'activation_time_ms': 64229.091, 'model_digest': 'baf6a787fdffd633537aa2eb51cfd54cb93ff08e28040095462bb63daf552878', 'transition': {'timestamp': 1788515838.0394762, 'node': 'nano', 'physical_node': 'etri-dev0001-jetorn', 'old_state': 'COLD', 'new_state': 'ACTIVE', 'reason': 'orin_nano_gpu_validation'}}",{},195.681,1788516102.0341837,49.392,6097.901,42.695,True,1,llama3.2:1b,1321098329,True,baf6a787fdffd633537aa2eb51cfd54cb93ff08e28040095462bb63daf552878,etri-dev0001-jetorn,ACTIVE,380.0,7,47.698,1788515838.0394592,nano,36.689,11,True,nano,12.0,1788515838.0394762,nano,53.281,1788516105.0524046,5
0.0,1788515773.810518,1,True,True,2,721,8,b02-o05-nano-c8,55.608,,213.102,46.637,2278.072,False,0,False,,,,dcgm_not_available_for_node,,,,True,0.13537120819091797,1974.359,True,True,"{'activation_required': True, 'node_state_before': 'COLD', 'node_state': 'ACTIVE', 'activation_started_timestamp': 1788515773.810518, 'ready_timestamp': 1788515838.0394592, 'worker_start_ms': 1.131, 'model_remote_download_ms': 38072.92, 'model_load_ms': 26141.371, 'cuda_initialization_ms': None, 'endpoint_ready_ms': 64229.087, 'activation_time_ms': 64229.091, 'model_digest': 'baf6a787fdffd633537aa2eb51cfd54cb93ff08e28040095462bb63daf552878', 'transition': {'timestamp': 1788515838.0394762, 'node': 'nano', 'physical_node': 'etri-dev0001-jetorn', 'old_state': 'COLD', 'new_state': 'ACTIVE', 'reason': 'orin_nano_gpu_validation'}}",{},197.271,1788516105.9894354,48.808,756.638,42.695,True,1,llama3.2:1b,1321098329,True,baf6a787fdffd633537aa2eb51cfd54cb93ff08e28040095462bb63daf552878,etri-dev0001-jetorn,ACTIVE,380.0,7,47.698,1788515838.0394592,nano,14.663,11,True,nano,12.0,1788515838.0394762,nano,55.218,1788516106.1248066,5
0.0,1788515773.810518,1,True,True,2,727,8,b02-o05-nano-c8,57.606,,197.522,48.911,1531.886,False,0,False,,,,dcgm_not_available_for_node,,,,True,0.03462719917297363,1974.352,True,True,"{'activation_required': True, 'node_state_before': 'COLD', 'node_state': 'ACTIVE', 'activation_started_timestamp': 1788515773.810518, 'ready_timestamp': 1788515838.0394592, 'worker_start_ms': 1.131, 'model_remote_download_ms': 38072.92, 'model_load_ms': 26141.371, 'cuda_initialization_ms': None, 'endpoint_ready_ms': 64229.087, 'activation_time_ms': 64229.091, 'model_digest': 'baf6a787fdffd633537aa2eb51cfd54cb93ff08e28040095462bb63daf552878', 'transition': {'timestamp': 1788515838.0394762, 'node': 'nano', 'physical_node': 'etri-dev0001-jetorn', 'old_state': 'COLD', 'new_state': 'ACTIVE', 'reason': 'orin_nano_gpu_validation'}}",{},194.242,1788516107.1589205,49.49,1402.067,42.695,True,1,llama3.2:1b,1321098329,True,baf6a787fdffd633537aa2eb51cfd54cb93ff08e28040095462bb63daf552878,etri-dev0001-jetorn,ACTIVE,380.0,7,47.694,1788515838.0394592,nano,14.574,11,True,nano,12.0,1788515838.0394762,nano,55.406,1788516107.1935477,5
0.0,1788515773.810518,1,True,True,2,732,8,b02-o05-nano-c8,57.746,,195.088,49.312,1426.826,False,0,False,,,,dcgm_not_available_for_node,,,,True,0.1249241828918457,1974.344,True,True,"{'activation_required': True, 'node_state_before': 'COLD', 'node_state': 'ACTIVE', 'activation_started_timestamp': 1788515773.810518, 'ready_timestamp': 1788515838.0394592, 'worker_start_ms': 1.131, 'model_remote_download_ms': 38072.92, 'model_load_ms': 26141.371, 'cuda_initialization_ms': None, 'endpoint_ready_ms': 64229.087, 'activation_time_ms': 64229.091, 'model_digest': 'baf6a787fdffd633537aa2eb51cfd54cb93ff08e28040095462bb63daf552878', 'transition': {'timestamp': 1788515838.0394762, 'node': 'nano', 'physical_node': 'etri-dev0001-jetorn', 'old_state': 'COLD', 'new_state': 'ACTIVE', 'reason': 'orin_nano_gpu_validation'}}",{},194.443,1788516108.13349,49.326,1388.272,42.695,True,1,llama3.2:1b,1321098329,True,baf6a787fdffd633537aa2eb51cfd54cb93ff08e28040095462bb63daf552878,etri-dev0001-jetorn,ACTIVE,380.0,7,47.697,1788515838.0394592,nano,14.54,11,True,nano,12.0,1788515838.0394762,nano,55.781,1788516108.2584143,5
0.0,1788515773.810518,1,True,True,2,738,8,b02-o05-nano-c8,58.209,,194.057,49.41,1392.608,False,0,False,,,,dcgm_not_available_for_node,,,,True,0.0027222633361816406,1974.34,True,True,"{'activation_required': True, 'node_state_before': 'COLD', 'node_state': 'ACTIVE', 'activation_started_timestamp': 1788515773.810518, 'ready_timestamp': 1788515838.0394592, 'worker_start_ms': 1.131, 'model_remote_download_ms': 38072.92, 'model_load_ms': 26141.371, 'cuda_initialization_ms': None, 'endpoint_ready_ms': 64229.087, 'activation_time_ms': 64229.091, 'model_digest': 'baf6a787fdffd633537aa2eb51cfd54cb93ff08e28040095462bb63daf552878', 'transition': {'timestamp': 1788515838.0394762, 'node': 'nano', 'physical_node': 'etri-dev0001-jetorn', 'old_state': 'COLD', 'new_state': 'ACTIVE', 'reason': 'orin_nano_gpu_validation'}}",{},194.054,1788516109.2986557,49.485,1384.472,43.125,True,1,llama3.2:1b,1321098329,True,baf6a787fdffd633537aa2eb51cfd54cb93ff08e28040095462bb63daf552878,etri-dev0001-jetorn,ACTIVE,380.0,6,47.697,1788515838.0394592,nano,18.074,11,True,nano,12.0,1788515838.0394762,nano,55.75,1788516109.301378,5
0.0,1788515773.810518,1,True,True,2,743,8,b02-o05-nano-c8,58.286,,195.133,49.232,1390.633,False,0,False,,,,dcgm_not_available_for_node,,,,True,0.10536003112792969,1974.332,True,True,"{'activation_required': True, 'node_state_before': 'COLD', 'node_state': 'ACTIVE', 'activation_started_timestamp': 1788515773.810518, 'ready_timestamp': 1788515838.0394592, 'worker_start_ms': 1.131, 'model_remote_download_ms': 38072.92, 'model_load_ms': 26141.371, 'cuda_initialization_ms': None, 'endpoint_ready_ms': 64229.087, 'activation_time_ms': 64229.091, 'model_digest': 'baf6a787fdffd633537aa2eb51cfd54cb93ff08e28040095462bb63daf552878', 'transition': {'timestamp': 1788515838.0394762, 'node': 'nano', 'physical_node': 'etri-dev0001-jetorn', 'old_state': 'COLD', 'new_state': 'ACTIVE', 'reason': 'orin_nano_gpu_validation'}}",{},195.416,1788516110.2779574,49.252,1392.333,43.125,True,1,llama3.2:1b,1321098329,True,baf6a787fdffd633537aa2eb51cfd54cb93ff08e28040095462bb63daf552878,etri-dev0001-jetorn,ACTIVE,380.0,7,47.696,1788515838.0394592,nano,19.041,11,True,nano,12.0,1788515838.0394762,nano,56.25,1788516110.3833175,5
0.0,1788515773.810518,1,True,True,2,749,8,b02-o05-nano-c8,57.098,,194.931,49.201,1393.471,False,0,False,,,,dcgm_not_available_for_node,,,,True,0.020583152770996094,1974.324,True,True,"{'activation_required': True, 'node_state_before': 'COLD', 'node_state': 'ACTIVE', 'activation_started_timestamp': 1788515773.810518, 'ready_timestamp': 1788515838.0394592, 'worker_start_ms': 1.131, 'model_remote_download_ms': 38072.92, 'model_load_ms': 26141.371, 'cuda_initialization_ms': None, 'endpoint_ready_ms': 64229.087, 'activation_time_ms': 64229.091, 'model_digest': 'baf6a787fdffd633537aa2eb51cfd54cb93ff08e28040095462bb63daf552878', 'transition': {'timestamp': 1788515838.0394762, 'node': 'nano', 'physical_node': 'etri-dev0001-jetorn', 'old_state': 'COLD', 'new_state': 'ACTIVE', 'reason': 'orin_nano_gpu_validation'}}",{},194.1,1788516111.4504607,49.39,1395.525,43.125,True,1,llama3.2:1b,1321098329,True,baf6a787fdffd633537aa2eb51cfd54cb93ff08e28040095462bb63daf552878,etri-dev0001-jetorn,ACTIVE,380.0,7,47.694,1788515838.0394592,nano,16.451,11,True,nano,12.0,1788515838.0394762,nano,56.0,1788516111.4710438,5
0.0,1788515773.810518,1,True,True,2,754,8,b02-o05-nano-c8,57.372,,195.002,49.071,1394.804,False,0,False,,,,dcgm_not_available_for_node,,,,True,0.08902883529663086,1974.32,True,True,"{'activation_required': True, 'node_state_before': 'COLD', 'node_state': 'ACTIVE', 'activation_started_timestamp': 1788515773.810518, 'ready_timestamp': 1788515838.0394592, 'worker_start_ms': 1.131, 'model_remote_download_ms': 38072.92, 'model_load_ms': 26141.371, 'cuda_initialization_ms': None, 'endpoint_ready_ms': 64229.087, 'activation_time_ms': 64229.091, 'model_digest': 'baf6a787fdffd633537aa2eb51cfd54cb93ff08e28040095462bb63daf552878', 'transition': {'timestamp': 1788515838.0394762, 'node': 'nano', 'physical_node': 'etri-dev0001-jetorn', 'old_state': 'COLD', 'new_state': 'ACTIVE', 'reason': 'orin_nano_gpu_validation'}}",{},195.113,1788516112.4268167,48.931,1401.65,43.125,True,1,llama3.2:1b,1321098329,True,baf6a787fdffd633537aa2eb51cfd54cb93ff08e28040095462bb63daf552878,etri-dev0001-jetorn,ACTIVE,380.0,7,47.692,1788515838.0394592,nano,15.891,11,True,nano,12.0,1788515838.0394762,nano,56.031,1788516112.5158455,5
0.0,1788515773.810518,1,True,True,2,759,8,b02-o05-nano-c8,55.194,,194.824,49.338,1394.615,False,0,False,,,,dcgm_not_available_for_node,,,,True,0.18839359283447266,1974.312,True,True,"{'activation_required': True, 'node_state_before': 'COLD', 'node_state': 'ACTIVE', 'activation_started_timestamp': 1788515773.810518, 'ready_timestamp': 1788515838.0394592, 'worker_start_ms': 1.131, 'model_remote_download_ms': 38072.92, 'model_load_ms': 26141.371, 'cuda_initialization_ms': None, 'endpoint_ready_ms': 64229.087, 'activation_time_ms': 64229.091, 'model_digest': 'baf6a787fdffd633537aa2eb51cfd54cb93ff08e28040095462bb63daf552878', 'transition': {'timestamp': 1788515838.0394762, 'node': 'nano', 'physical_node': 'etri-dev0001-jetorn', 'old_state': 'COLD', 'new_state': 'ACTIVE', 'reason': 'orin_nano_gpu_validation'}}",{},193.969,1788516113.4026515,49.62,1393.7,43.125,True,1,llama3.2:1b,1321098329,True,baf6a787fdffd633537aa2eb51cfd54cb93ff08e28040095462bb63daf552878,etri-dev0001-jetorn,ACTIVE,380.0,7,47.695,1788515838.0394592,nano,18.531,11,True,nano,12.0,1788515838.0394762,nano,55.781,1788516113.5910451,5
0.0,1788515773.810518,1,True,True,2,765,8,b02-o05-nano-c8,58.562,,195.511,49.274,1397.065,False,0,False,,,,dcgm_not_available_for_node,,,,True,0.10647702217102051,1974.309,True,True,"{'activation_required': True, 'node_state_before': 'COLD', 'node_state': 'ACTIVE', 'activation_started_timestamp': 1788515773.810518, 'ready_timestamp': 1788515838.0394592, 'worker_start_ms': 1.131, 'model_remote_download_ms': 38072.92, 'model_load_ms': 26141.371, 'cuda_initialization_ms': None, 'endpoint_ready_ms': 64229.087, 'activation_time_ms': 64229.091, 'model_digest': 'baf6a787fdffd633537aa2eb51cfd54cb93ff08e28040095462bb63daf552878', 'transition': {'timestamp': 1788515838.0394762, 'node': 'nano', 'physical_node': 'etri-dev0001-jetorn', 'old_state': 'COLD', 'new_state': 'ACTIVE', 'reason': 'orin_nano_gpu_validation'}}",{},194.025,1788516114.5790532,49.59,1398.008,43.125,True,1,llama3.2:1b,1321098329,True,baf6a787fdffd633537aa2eb51cfd54cb93ff08e28040095462bb63daf552878,etri-dev0001-jetorn,ACTIVE,380.0,7,47.695,1788515838.0394592,nano,15.591,11,True,nano,12.0,1788515838.0394762,nano,56.437,1788516114.6855302,5
0.0,1788515773.810518,1,True,True,2,771,8,b02-o05-nano-c8,55.85,,195.125,49.306,1397.634,False,0,False,,,,dcgm_not_available_for_node,,,,True,0.01173710823059082,1974.309,True,True,"{'activation_required': True, 'node_state_before': 'COLD', 'node_state': 'ACTIVE', 'activation_started_timestamp': 1788515773.810518, 'ready_timestamp': 1788515838.0394592, 'worker_start_ms': 1.131, 'model_remote_download_ms': 38072.92, 'model_load_ms': 26141.371, 'cuda_initialization_ms': None, 'endpoint_ready_ms': 64229.087, 'activation_time_ms': 64229.091, 'model_digest': 'baf6a787fdffd633537aa2eb51cfd54cb93ff08e28040095462bb63daf552878', 'transition': {'timestamp': 1788515838.0394762, 'node': 'nano', 'physical_node': 'etri-dev0001-jetorn', 'old_state': 'COLD', 'new_state': 'ACTIVE', 'reason': 'orin_nano_gpu_validation'}}",{},195.927,1788516115.7513027,49.086,1392.085,43.125,True,1,llama3.2:1b,1321098329,True,baf6a787fdffd633537aa2eb51cfd54cb93ff08e28040095462bb63daf552878,etri-dev0001-jetorn,ACTIVE,380.0,7,47.7,1788515838.0394592,nano,13.708,11,True,nano,12.0,1788515838.0394762,nano,56.187,1788516115.7630398,5
0.0,1788515773.810518,1,True,True,2,776,8,b02-o05-nano-c8,57.008,,195.149,49.263,1396.789,False,0,False,,,,dcgm_not_available_for_node,,,,True,0.09802842140197754,1974.309,True,True,"{'activation_required': True, 'node_state_before': 'COLD', 'node_state': 'ACTIVE', 'activation_started_timestamp': 1788515773.810518, 'ready_timestamp': 1788515838.0394592, 'worker_start_ms': 1.131, 'model_remote_download_ms': 38072.92, 'model_load_ms': 26141.371, 'cuda_initialization_ms': None, 'endpoint_ready_ms': 64229.087, 'activation_time_ms': 64229.091, 'model_digest': 'baf6a787fdffd633537aa2eb51cfd54cb93ff08e28040095462bb63daf552878', 'transition': {'timestamp': 1788515838.0394762, 'node': 'nano', 'physical_node': 'etri-dev0001-jetorn', 'old_state': 'COLD', 'new_state': 'ACTIVE', 'reason': 'orin_nano_gpu_validation'}}",{},196.216,1788516116.7275305,49.156,1398.541,43.379,True,1,llama3.2:1b,1321098329,True,baf6a787fdffd633537aa2eb51cfd54cb93ff08e28040095462bb63daf552878,etri-dev0001-jetorn,ACTIVE,380.0,7,47.7,1788515838.0394592,nano,19.538,11,True,nano,12.0,1788515838.0394762,nano,56.687,1788516116.825559,5
0.0,1788515773.810518,1,True,True,2,782,8,b02-o05-nano-c8,57.45,,195.011,49.259,1396.513,False,0,False,,,,dcgm_not_available_for_node,,,,True,0.011154651641845703,1974.309,True,True,"{'activation_required': True, 'node_state_before': 'COLD', 'node_state': 'ACTIVE', 'activation_started_timestamp': 1788515773.810518, 'ready_timestamp': 1788515838.0394592, 'worker_start_ms': 1.131, 'model_remote_download_ms': 38072.92, 'model_load_ms': 26141.371, 'cuda_initialization_ms': None, 'endpoint_ready_ms': 64229.087, 'activation_time_ms': 64229.091, 'model_digest': 'baf6a787fdffd633537aa2eb51cfd54cb93ff08e28040095462bb63daf552878', 'transition': {'timestamp': 1788515838.0394762, 'node': 'nano', 'physical_node': 'etri-dev0001-jetorn', 'old_state': 'COLD', 'new_state': 'ACTIVE', 'reason': 'orin_nano_gpu_validation'}}",{},195.47,1788516117.8994439,49.289,1399.304,43.379,True,1,llama3.2:1b,1321098329,True,baf6a787fdffd633537aa2eb51cfd54cb93ff08e28040095462bb63daf552878,etri-dev0001-jetorn,ACTIVE,380.0,2,47.7,1788515838.0394592,nano,13.633,11,True,nano,12.0,1788515838.0394762,nano,56.593,1788516117.9105985,5
0.0,1788515773.810518,1,True,True,2,785,2,b02-o06-nano-c2,9.877,,194.995,49.308,1394.427,False,0,False,,,,dcgm_not_available_for_node,,,,True,3.023530960083008,1974.309,True,True,"{'activation_required': True, 'node_state_before': 'COLD', 'node_state': 'ACTIVE', 'activation_started_timestamp': 1788515773.810518, 'ready_timestamp': 1788515838.0394592, 'worker_start_ms': 1.131, 'model_remote_download_ms': 38072.92, 'model_load_ms': 26141.371, 'cuda_initialization_ms': None, 'endpoint_ready_ms': 64229.087, 'activation_time_ms': 64229.091, 'model_digest': 'baf6a787fdffd633537aa2eb51cfd54cb93ff08e28040095462bb63daf552878', 'transition': {'timestamp': 1788515838.0394762, 'node': 'nano', 'physical_node': 'etri-dev0001-jetorn', 'old_state': 'COLD', 'new_state': 'ACTIVE', 'reason': 'orin_nano_gpu_validation'}}",{},195.182,1788516118.4850187,49.345,1392.655,43.379,True,1,llama3.2:1b,1321098329,True,baf6a787fdffd633537aa2eb51cfd54cb93ff08e28040095462bb63daf552878,etri-dev0001-jetorn,ACTIVE,380.0,1,47.701,1788515838.0394592,nano,22.609,12,True,nano,12.0,1788515838.0394762,nano,53.25,1788516121.5085497,6
0.0,1788515773.810518,1,True,True,2,789,2,b02-o06-nano-c2,55.093,,218.732,45.388,612.533,False,0,False,,,,dcgm_not_available_for_node,,,,True,0.11657309532165527,1974.309,True,True,"{'activation_required': True, 'node_state_before': 'COLD', 'node_state': 'ACTIVE', 'activation_started_timestamp': 1788515773.810518, 'ready_timestamp': 1788515838.0394592, 'worker_start_ms': 1.131, 'model_remote_download_ms': 38072.92, 'model_load_ms': 26141.371, 'cuda_initialization_ms': None, 'endpoint_ready_ms': 64229.087, 'activation_time_ms': 64229.091, 'model_digest': 'baf6a787fdffd633537aa2eb51cfd54cb93ff08e28040095462bb63daf552878', 'transition': {'timestamp': 1788515838.0394762, 'node': 'nano', 'physical_node': 'etri-dev0001-jetorn', 'old_state': 'COLD', 'new_state': 'ACTIVE', 'reason': 'orin_nano_gpu_validation'}}",{},194.375,1788516122.474479,49.378,253.689,43.379,True,1,llama3.2:1b,1321098329,True,baf6a787fdffd633537aa2eb51cfd54cb93ff08e28040095462bb63daf552878,etri-dev0001-jetorn,ACTIVE,380.0,1,47.701,1788515838.0394592,nano,14.361,12,True,nano,12.0,1788515838.0394762,nano,55.187,1788516122.591052,6
0.0,1788515773.810518,1,True,True,2,795,2,b02-o06-nano-c2,58.631,,198.564,48.691,289.972,False,0,False,,,,dcgm_not_available_for_node,,,,True,0.02740478515625,1974.309,True,True,"{'activation_required': True, 'node_state_before': 'COLD', 'node_state': 'ACTIVE', 'activation_started_timestamp': 1788515773.810518, 'ready_timestamp': 1788515838.0394592, 'worker_start_ms': 1.131, 'model_remote_download_ms': 38072.92, 'model_load_ms': 26141.371, 'cuda_initialization_ms': None, 'endpoint_ready_ms': 64229.087, 'activation_time_ms': 64229.091, 'model_digest': 'baf6a787fdffd633537aa2eb51cfd54cb93ff08e28040095462bb63daf552878', 'transition': {'timestamp': 1788515838.0394762, 'node': 'nano', 'physical_node': 'etri-dev0001-jetorn', 'old_state': 'COLD', 'new_state': 'ACTIVE', 'reason': 'orin_nano_gpu_validation'}}",{},193.546,1788516123.642679,49.572,220.433,43.379,True,1,llama3.2:1b,1321098329,True,baf6a787fdffd633537aa2eb51cfd54cb93ff08e28040095462bb63daf552878,etri-dev0001-jetorn,ACTIVE,380.0,1,47.707,1788515838.0394592,nano,20.887,12,True,nano,12.0,1788515838.0394762,nano,55.656,1788516123.6700838,6
0.0,1788515773.810518,1,True,True,2,800,2,b02-o06-nano-c2,54.286,,195.621,49.168,240.87,False,0,False,,,,dcgm_not_available_for_node,,,,True,0.10026144981384277,1974.309,True,True,"{'activation_required': True, 'node_state_before': 'COLD', 'node_state': 'ACTIVE', 'activation_started_timestamp': 1788515773.810518, 'ready_timestamp': 1788515838.0394592, 'worker_start_ms': 1.131, 'model_remote_download_ms': 38072.92, 'model_load_ms': 26141.371, 'cuda_initialization_ms': None, 'endpoint_ready_ms': 64229.087, 'activation_time_ms': 64229.091, 'model_digest': 'baf6a787fdffd633537aa2eb51cfd54cb93ff08e28040095462bb63daf552878', 'transition': {'timestamp': 1788515838.0394762, 'node': 'nano', 'physical_node': 'etri-dev0001-jetorn', 'old_state': 'COLD', 'new_state': 'ACTIVE', 'reason': 'orin_nano_gpu_validation'}}",{},193.69,1788516124.6191213,49.507,233.03,43.875,True,1,llama3.2:1b,1321098329,True,baf6a787fdffd633537aa2eb51cfd54cb93ff08e28040095462bb63daf552878,etri-dev0001-jetorn,ACTIVE,380.0,1,47.716,1788515838.0394592,nano,15.661,12,True,nano,12.0,1788515838.0394762,nano,55.843,1788516124.7193828,6
0.0,1788515773.810518,1,True,True,2,806,2,b02-o06-nano-c2,56.229,,194.503,49.336,224.081,False,0,False,,,,dcgm_not_available_for_node,,,,True,0.006085634231567383,1974.309,True,True,"{'activation_required': True, 'node_state_before': 'COLD', 'node_state': 'ACTIVE', 'activation_started_timestamp': 1788515773.810518, 'ready_timestamp': 1788515838.0394592, 'worker_start_ms': 1.131, 'model_remote_download_ms': 38072.92, 'model_load_ms': 26141.371, 'cuda_initialization_ms': None, 'endpoint_ready_ms': 64229.087, 'activation_time_ms': 64229.091, 'model_digest': 'baf6a787fdffd633537aa2eb51cfd54cb93ff08e28040095462bb63daf552878', 'transition': {'timestamp': 1788515838.0394762, 'node': 'nano', 'physical_node': 'etri-dev0001-jetorn', 'old_state': 'COLD', 'new_state': 'ACTIVE', 'reason': 'orin_nano_gpu_validation'}}",{},194.051,1788516125.7875726,49.401,219.724,43.875,True,1,llama3.2:1b,1321098329,True,baf6a787fdffd633537aa2eb51cfd54cb93ff08e28040095462bb63daf552878,etri-dev0001-jetorn,ACTIVE,380.0,1,47.716,1788515838.0394592,nano,14.31,12,True,nano,12.0,1788515838.0394762,nano,55.781,1788516125.7936583,6
0.0,1788515773.810518,1,True,True,2,811,2,b02-o06-nano-c2,56.604,,194.715,49.3,224.318,False,0,False,,,,dcgm_not_available_for_node,,,,True,0.11035394668579102,1974.309,True,True,"{'activation_required': True, 'node_state_before': 'COLD', 'node_state': 'ACTIVE', 'activation_started_timestamp': 1788515773.810518, 'ready_timestamp': 1788515838.0394592, 'worker_start_ms': 1.131, 'model_remote_download_ms': 38072.92, 'model_load_ms': 26141.371, 'cuda_initialization_ms': None, 'endpoint_ready_ms': 64229.087, 'activation_time_ms': 64229.091, 'model_digest': 'baf6a787fdffd633537aa2eb51cfd54cb93ff08e28040095462bb63daf552878', 'transition': {'timestamp': 1788515838.0394762, 'node': 'nano', 'physical_node': 'etri-dev0001-jetorn', 'old_state': 'COLD', 'new_state': 'ACTIVE', 'reason': 'orin_nano_gpu_validation'}}",{},196.214,1788516126.7619643,49.127,232.729,43.879,True,1,llama3.2:1b,1321098329,True,baf6a787fdffd633537aa2eb51cfd54cb93ff08e28040095462bb63daf552878,etri-dev0001-jetorn,ACTIVE,380.0,1,47.716,1788515838.0394592,nano,14.304,12,True,nano,12.0,1788515838.0394762,nano,56.187,1788516126.8723183,6
0.0,1788515773.810518,1,True,True,2,816,2,b02-o06-nano-c2,56.571,,194.788,49.283,222.714,False,0,False,,,,dcgm_not_available_for_node,,,,True,0.18340539932250977,1974.309,True,True,"{'activation_required': True, 'node_state_before': 'COLD', 'node_state': 'ACTIVE', 'activation_started_timestamp': 1788515773.810518, 'ready_timestamp': 1788515838.0394592, 'worker_start_ms': 1.131, 'model_remote_download_ms': 38072.92, 'model_load_ms': 26141.371, 'cuda_initialization_ms': None, 'endpoint_ready_ms': 64229.087, 'activation_time_ms': 64229.091, 'model_digest': 'baf6a787fdffd633537aa2eb51cfd54cb93ff08e28040095462bb63daf552878', 'transition': {'timestamp': 1788515838.0394762, 'node': 'nano', 'physical_node': 'etri-dev0001-jetorn', 'old_state': 'COLD', 'new_state': 'ACTIVE', 'reason': 'orin_nano_gpu_validation'}}",{},196.626,1788516127.7363467,49.204,226.551,43.879,True,1,llama3.2:1b,1321098329,True,baf6a787fdffd633537aa2eb51cfd54cb93ff08e28040095462bb63daf552878,etri-dev0001-jetorn,ACTIVE,380.0,1,47.713,1788515838.0394592,nano,16.949,12,True,nano,12.0,1788515838.0394762,nano,56.281,1788516127.9197521,6
0.0,1788515773.810518,1,True,True,2,822,2,b02-o06-nano-c2,58.333,,195.194,49.189,220.994,False,0,False,,,,dcgm_not_available_for_node,,,,True,0.0662693977355957,1974.309,True,True,"{'activation_required': True, 'node_state_before': 'COLD', 'node_state': 'ACTIVE', 'activation_started_timestamp': 1788515773.810518, 'ready_timestamp': 1788515838.0394592, 'worker_start_ms': 1.131, 'model_remote_download_ms': 38072.92, 'model_load_ms': 26141.371, 'cuda_initialization_ms': None, 'endpoint_ready_ms': 64229.087, 'activation_time_ms': 64229.091, 'model_digest': 'baf6a787fdffd633537aa2eb51cfd54cb93ff08e28040095462bb63daf552878', 'transition': {'timestamp': 1788515838.0394762, 'node': 'nano', 'physical_node': 'etri-dev0001-jetorn', 'old_state': 'COLD', 'new_state': 'ACTIVE', 'reason': 'orin_nano_gpu_validation'}}",{},197.538,1788516128.907152,48.783,221.879,43.879,True,1,llama3.2:1b,1321098329,True,baf6a787fdffd633537aa2eb51cfd54cb93ff08e28040095462bb63daf552878,etri-dev0001-jetorn,ACTIVE,380.0,1,47.714,1788515838.0394592,nano,29.952,12,True,nano,12.0,1788515838.0394762,nano,56.343,1788516128.9734213,6
0.0,1788515773.810518,1,True,True,2,827,2,b02-o06-nano-c2,57.965,,194.93,49.2,220.166,False,0,False,,,,dcgm_not_available_for_node,,,,True,0.17952585220336914,1974.309,True,True,"{'activation_required': True, 'node_state_before': 'COLD', 'node_state': 'ACTIVE', 'activation_started_timestamp': 1788515773.810518, 'ready_timestamp': 1788515838.0394592, 'worker_start_ms': 1.131, 'model_remote_download_ms': 38072.92, 'model_load_ms': 26141.371, 'cuda_initialization_ms': None, 'endpoint_ready_ms': 64229.087, 'activation_time_ms': 64229.091, 'model_digest': 'baf6a787fdffd633537aa2eb51cfd54cb93ff08e28040095462bb63daf552878', 'transition': {'timestamp': 1788515838.0394762, 'node': 'nano', 'physical_node': 'etri-dev0001-jetorn', 'old_state': 'COLD', 'new_state': 'ACTIVE', 'reason': 'orin_nano_gpu_validation'}}",{},194.836,1788516129.8836765,49.133,219.389,43.879,True,1,llama3.2:1b,1321098329,True,baf6a787fdffd633537aa2eb51cfd54cb93ff08e28040095462bb63daf552878,etri-dev0001-jetorn,ACTIVE,380.0,1,47.713,1788515838.0394592,nano,14.595,12,True,nano,12.0,1788515838.0394762,nano,56.375,1788516130.0632024,6
0.0,1788515773.810518,1,True,True,2,833,2,b02-o06-nano-c2,57.39,,195.128,49.381,222.965,False,0,False,,,,dcgm_not_available_for_node,,,,True,0.06520771980285645,1974.309,True,True,"{'activation_required': True, 'node_state_before': 'COLD', 'node_state': 'ACTIVE', 'activation_started_timestamp': 1788515773.810518, 'ready_timestamp': 1788515838.0394592, 'worker_start_ms': 1.131, 'model_remote_download_ms': 38072.92, 'model_load_ms': 26141.371, 'cuda_initialization_ms': None, 'endpoint_ready_ms': 64229.087, 'activation_time_ms': 64229.091, 'model_digest': 'baf6a787fdffd633537aa2eb51cfd54cb93ff08e28040095462bb63daf552878', 'transition': {'timestamp': 1788515838.0394762, 'node': 'nano', 'physical_node': 'etri-dev0001-jetorn', 'old_state': 'COLD', 'new_state': 'ACTIVE', 'reason': 'orin_nano_gpu_validation'}}",{},197.238,1788516131.055162,49.313,227.255,43.879,True,1,llama3.2:1b,1321098329,True,baf6a787fdffd633537aa2eb51cfd54cb93ff08e28040095462bb63daf552878,etri-dev0001-jetorn,ACTIVE,380.0,1,47.711,1788515838.0394592,nano,13.673,12,True,nano,12.0,1788515838.0394762,nano,56.5,1788516131.1203697,6
0.0,1788515773.810518,1,True,True,2,838,2,b02-o06-nano-c2,55.363,,194.323,49.467,223.801,False,0,False,,,,dcgm_not_available_for_node,,,,True,0.16216087341308594,1974.309,True,True,"{'activation_required': True, 'node_state_before': 'COLD', 'node_state': 'ACTIVE', 'activation_started_timestamp': 1788515773.810518, 'ready_timestamp': 1788515838.0394592, 'worker_start_ms': 1.131, 'model_remote_download_ms': 38072.92, 'model_load_ms': 26141.371, 'cuda_initialization_ms': None, 'endpoint_ready_ms': 64229.087, 'activation_time_ms': 64229.091, 'model_digest': 'baf6a787fdffd633537aa2eb51cfd54cb93ff08e28040095462bb63daf552878', 'transition': {'timestamp': 1788515838.0394762, 'node': 'nano', 'physical_node': 'etri-dev0001-jetorn', 'old_state': 'COLD', 'new_state': 'ACTIVE', 'reason': 'orin_nano_gpu_validation'}}",{},194.03,1788516132.0273104,49.499,224.558,43.879,True,1,llama3.2:1b,1321098329,True,baf6a787fdffd633537aa2eb51cfd54cb93ff08e28040095462bb63daf552878,etri-dev0001-jetorn,ACTIVE,380.0,1,47.709,1788515838.0394592,nano,17.648,12,True,nano,12.0,1788515838.0394762,nano,56.656,1788516132.1894712,6
0.0,1788515773.810518,1,True,True,2,844,2,b02-o06-nano-c2,56.891,,194.638,49.251,221.389,False,0,False,,,,dcgm_not_available_for_node,,,,True,0.04302477836608887,1974.309,True,True,"{'activation_required': True, 'node_state_before': 'COLD', 'node_state': 'ACTIVE', 'activation_started_timestamp': 1788515773.810518, 'ready_timestamp': 1788515838.0394592, 'worker_start_ms': 1.131, 'model_remote_download_ms': 38072.92, 'model_load_ms': 26141.371, 'cuda_initialization_ms': None, 'endpoint_ready_ms': 64229.087, 'activation_time_ms': 64229.091, 'model_digest': 'baf6a787fdffd633537aa2eb51cfd54cb93ff08e28040095462bb63daf552878', 'transition': {'timestamp': 1788515838.0394762, 'node': 'nano', 'physical_node': 'etri-dev0001-jetorn', 'old_state': 'COLD', 'new_state': 'ACTIVE', 'reason': 'orin_nano_gpu_validation'}}",{},195.611,1788516133.1965141,49.159,221.907,43.879,True,1,llama3.2:1b,1321098329,True,baf6a787fdffd633537aa2eb51cfd54cb93ff08e28040095462bb63daf552878,etri-dev0001-jetorn,ACTIVE,380.0,1,47.713,1788515838.0394592,nano,13.94,12,True,nano,12.0,1788515838.0394762,nano,56.718,1788516133.239539,6
0.0,1788515773.810518,1,True,True,3,847,1,b03-o01-nano-c1,5.66,,195.162,49.198,221.509,False,0,False,,,,dcgm_not_available_for_node,,,,True,3.02398419380188,1974.309,True,True,"{'activation_required': True, 'node_state_before': 'COLD', 'node_state': 'ACTIVE', 'activation_started_timestamp': 1788515773.810518, 'ready_timestamp': 1788515838.0394592, 'worker_start_ms': 1.131, 'model_remote_download_ms': 38072.92, 'model_load_ms': 26141.371, 'cuda_initialization_ms': None, 'endpoint_ready_ms': 64229.087, 'activation_time_ms': 64229.091, 'model_digest': 'baf6a787fdffd633537aa2eb51cfd54cb93ff08e28040095462bb63daf552878', 'transition': {'timestamp': 1788515838.0394762, 'node': 'nano', 'physical_node': 'etri-dev0001-jetorn', 'old_state': 'COLD', 'new_state': 'ACTIVE', 'reason': 'orin_nano_gpu_validation'}}",{},195.28,1788516133.7848952,49.09,219.829,43.879,True,1,llama3.2:1b,1321098329,True,baf6a787fdffd633537aa2eb51cfd54cb93ff08e28040095462bb63daf552878,etri-dev0001-jetorn,ACTIVE,380.0,0,47.711,1788515838.0394592,nano,23.146,13,True,nano,12.0,1788515838.0394762,nano,53.375,1788516136.8088794,1
0.0,1788515773.810518,1,True,True,3,851,1,b03-o01-nano-c1,54.56,,215.336,45.834,98.092,False,0,False,,,,dcgm_not_available_for_node,,,,True,0.11764287948608398,1974.309,True,True,"{'activation_required': True, 'node_state_before': 'COLD', 'node_state': 'ACTIVE', 'activation_started_timestamp': 1788515773.810518, 'ready_timestamp': 1788515838.0394592, 'worker_start_ms': 1.131, 'model_remote_download_ms': 38072.92, 'model_load_ms': 26141.371, 'cuda_initialization_ms': None, 'endpoint_ready_ms': 64229.087, 'activation_time_ms': 64229.091, 'model_digest': 'baf6a787fdffd633537aa2eb51cfd54cb93ff08e28040095462bb63daf552878', 'transition': {'timestamp': 1788515838.0394762, 'node': 'nano', 'physical_node': 'etri-dev0001-jetorn', 'old_state': 'COLD', 'new_state': 'ACTIVE', 'reason': 'orin_nano_gpu_validation'}}",{},196.629,1788516137.7713037,48.731,33.664,43.879,True,1,llama3.2:1b,1321098329,True,baf6a787fdffd633537aa2eb51cfd54cb93ff08e28040095462bb63daf552878,etri-dev0001-jetorn,ACTIVE,380.0,0,47.716,1788515838.0394592,nano,14.694,13,True,nano,12.0,1788515838.0394762,nano,55.5,1788516137.8889465,1
0.0,1788515773.810518,1,True,True,3,856,1,b03-o01-nano-c1,65.455,,198.906,48.432,46.027,False,0,False,,,,dcgm_not_available_for_node,,,,True,0.17508840560913086,1974.309,True,True,"{'activation_required': True, 'node_state_before': 'COLD', 'node_state': 'ACTIVE', 'activation_started_timestamp': 1788515773.810518, 'ready_timestamp': 1788515838.0394592, 'worker_start_ms': 1.131, 'model_remote_download_ms': 38072.92, 'model_load_ms': 26141.371, 'cuda_initialization_ms': None, 'endpoint_ready_ms': 64229.087, 'activation_time_ms': 64229.091, 'model_digest': 'baf6a787fdffd633537aa2eb51cfd54cb93ff08e28040095462bb63daf552878', 'transition': {'timestamp': 1788515838.0394762, 'node': 'nano', 'physical_node': 'etri-dev0001-jetorn', 'old_state': 'COLD', 'new_state': 'ACTIVE', 'reason': 'orin_nano_gpu_validation'}}",{},192.623,1788516138.7653337,49.436,29.125,43.879,True,1,llama3.2:1b,1321098329,True,baf6a787fdffd633537aa2eb51cfd54cb93ff08e28040095462bb63daf552878,etri-dev0001-jetorn,ACTIVE,380.0,0,47.716,1788515838.0394592,nano,15.682,13,True,nano,12.0,1788515838.0394762,nano,55.875,1788516138.940422,1
0.0,1788515773.810518,1,True,True,3,862,1,b03-o01-nano-c1,56.25,,194.341,49.128,32.436,False,0,False,,,,dcgm_not_available_for_node,,,,True,0.05485343933105469,1974.309,True,True,"{'activation_required': True, 'node_state_before': 'COLD', 'node_state': 'ACTIVE', 'activation_started_timestamp': 1788515773.810518, 'ready_timestamp': 1788515838.0394592, 'worker_start_ms': 1.131, 'model_remote_download_ms': 38072.92, 'model_load_ms': 26141.371, 'cuda_initialization_ms': None, 'endpoint_ready_ms': 64229.087, 'activation_time_ms': 64229.091, 'model_digest': 'baf6a787fdffd633537aa2eb51cfd54cb93ff08e28040095462bb63daf552878', 'transition': {'timestamp': 1788515838.0394762, 'node': 'nano', 'physical_node': 'etri-dev0001-jetorn', 'old_state': 'COLD', 'new_state': 'ACTIVE', 'reason': 'orin_nano_gpu_validation'}}",{},192.822,1788516139.9565296,49.367,29.209,43.879,True,1,llama3.2:1b,1321098329,True,baf6a787fdffd633537aa2eb51cfd54cb93ff08e28040095462bb63daf552878,etri-dev0001-jetorn,ACTIVE,380.0,0,47.715,1788515838.0394592,nano,14.745,13,True,nano,12.0,1788515838.0394762,nano,55.906,1788516140.011383,1
0.0,1788515773.810518,1,True,True,3,867,1,b03-o01-nano-c1,57.878,,193.288,49.348,30.083,False,0,False,,,,dcgm_not_available_for_node,,,,True,0.1383347511291504,1974.309,True,True,"{'activation_required': True, 'node_state_before': 'COLD', 'node_state': 'ACTIVE', 'activation_started_timestamp': 1788515773.810518, 'ready_timestamp': 1788515838.0394592, 'worker_start_ms': 1.131, 'model_remote_download_ms': 38072.92, 'model_load_ms': 26141.371, 'cuda_initialization_ms': None, 'endpoint_ready_ms': 64229.087, 'activation_time_ms': 64229.091, 'model_digest': 'baf6a787fdffd633537aa2eb51cfd54cb93ff08e28040095462bb63daf552878', 'transition': {'timestamp': 1788515838.0394762, 'node': 'nano', 'physical_node': 'etri-dev0001-jetorn', 'old_state': 'COLD', 'new_state': 'ACTIVE', 'reason': 'orin_nano_gpu_validation'}}",{},192.288,1788516140.9484186,49.483,28.769,43.613,True,1,llama3.2:1b,1321098329,True,baf6a787fdffd633537aa2eb51cfd54cb93ff08e28040095462bb63daf552878,etri-dev0001-jetorn,ACTIVE,380.0,0,47.712,1788515838.0394592,nano,17.507,13,True,nano,12.0,1788515838.0394762,nano,56.343,1788516141.0867534,1
0.0,1788515773.810518,1,True,True,3,873,1,b03-o01-nano-c1,55.183,,193.819,49.299,29.841,False,0,False,,,,dcgm_not_available_for_node,,,,True,0.0,1974.309,True,True,"{'activation_required': True, 'node_state_before': 'COLD', 'node_state': 'ACTIVE', 'activation_started_timestamp': 1788515773.810518, 'ready_timestamp': 1788515838.0394592, 'worker_start_ms': 1.131, 'model_remote_download_ms': 38072.92, 'model_load_ms': 26141.371, 'cuda_initialization_ms': None, 'endpoint_ready_ms': 64229.087, 'activation_time_ms': 64229.091, 'model_digest': 'baf6a787fdffd633537aa2eb51cfd54cb93ff08e28040095462bb63daf552878', 'transition': {'timestamp': 1788515838.0394762, 'node': 'nano', 'physical_node': 'etri-dev0001-jetorn', 'old_state': 'COLD', 'new_state': 'ACTIVE', 'reason': 'orin_nano_gpu_validation'}}",{},194.368,1788516142.1404922,49.361,29.512,43.613,True,1,llama3.2:1b,1321098329,True,baf6a787fdffd633537aa2eb51cfd54cb93ff08e28040095462bb63daf552878,etri-dev0001-jetorn,ACTIVE,380.0,0,47.715,1788515838.0394592,nano,21.707,13,True,nano,12.0,1788515838.0394762,nano,56.187,1788516142.14015,1
0.0,1788515773.810518,1,True,True,3,878,1,b03-o01-nano-c1,57.837,,193.779,49.307,29.896,False,0,False,,,,dcgm_not_available_for_node,,,,True,0.08687543869018555,1974.309,True,True,"{'activation_required': True, 'node_state_before': 'COLD', 'node_state': 'ACTIVE', 'activation_started_timestamp': 1788515773.810518, 'ready_timestamp': 1788515838.0394592, 'worker_start_ms': 1.131, 'model_remote_download_ms': 38072.92, 'model_load_ms': 26141.371, 'cuda_initialization_ms': None, 'endpoint_ready_ms': 64229.087, 'activation_time_ms': 64229.091, 'model_digest': 'baf6a787fdffd633537aa2eb51cfd54cb93ff08e28040095462bb63daf552878', 'transition': {'timestamp': 1788515838.0394762, 'node': 'nano', 'physical_node': 'etri-dev0001-jetorn', 'old_state': 'COLD', 'new_state': 'ACTIVE', 'reason': 'orin_nano_gpu_validation'}}",{},193.783,1788516143.1344898,49.302,29.878,43.613,True,1,llama3.2:1b,1321098329,True,baf6a787fdffd633537aa2eb51cfd54cb93ff08e28040095462bb63daf552878,etri-dev0001-jetorn,ACTIVE,380.0,0,47.714,1788515838.0394592,nano,13.808,13,True,nano,12.0,1788515838.0394762,nano,56.718,1788516143.2213652,1
0.0,1788515773.810518,1,True,True,3,883,1,b03-o01-nano-c1,58.0,,193.636,49.303,29.628,False,0,False,,,,dcgm_not_available_for_node,,,,True,0.15080785751342773,1974.309,True,True,"{'activation_required': True, 'node_state_before': 'COLD', 'node_state': 'ACTIVE', 'activation_started_timestamp': 1788515773.810518, 'ready_timestamp': 1788515838.0394592, 'worker_start_ms': 1.131, 'model_remote_download_ms': 38072.92, 'model_load_ms': 26141.371, 'cuda_initialization_ms': None, 'endpoint_ready_ms': 64229.087, 'activation_time_ms': 64229.091, 'model_digest': 'baf6a787fdffd633537aa2eb51cfd54cb93ff08e28040095462bb63daf552878', 'transition': {'timestamp': 1788515838.0394762, 'node': 'nano', 'physical_node': 'etri-dev0001-jetorn', 'old_state': 'COLD', 'new_state': 'ACTIVE', 'reason': 'orin_nano_gpu_validation'}}",{},192.976,1788516144.127789,49.37,29.169,43.613,True,1,llama3.2:1b,1321098329,True,baf6a787fdffd633537aa2eb51cfd54cb93ff08e28040095462bb63daf552878,etri-dev0001-jetorn,ACTIVE,380.0,0,47.716,1788515838.0394592,nano,13.723,13,True,nano,12.0,1788515838.0394762,nano,56.375,1788516144.2785969,1
0.0,1788515773.810518,1,True,True,3,889,1,b03-o01-nano-c1,57.911,,193.279,49.285,29.913,False,0,False,,,,dcgm_not_available_for_node,,,,True,0.013663530349731445,1974.309,True,True,"{'activation_required': True, 'node_state_before': 'COLD', 'node_state': 'ACTIVE', 'activation_started_timestamp': 1788515773.810518, 'ready_timestamp': 1788515838.0394592, 'worker_start_ms': 1.131, 'model_remote_download_ms': 38072.92, 'model_load_ms': 26141.371, 'cuda_initialization_ms': None, 'endpoint_ready_ms': 64229.087, 'activation_time_ms': 64229.091, 'model_digest': 'baf6a787fdffd633537aa2eb51cfd54cb93ff08e28040095462bb63daf552878', 'transition': {'timestamp': 1788515838.0394762, 'node': 'nano', 'physical_node': 'etri-dev0001-jetorn', 'old_state': 'COLD', 'new_state': 'ACTIVE', 'reason': 'orin_nano_gpu_validation'}}",{},193.065,1788516145.3173149,49.166,28.761,43.613,True,1,llama3.2:1b,1321098329,True,baf6a787fdffd633537aa2eb51cfd54cb93ff08e28040095462bb63daf552878,etri-dev0001-jetorn,ACTIVE,380.0,0,47.716,1788515838.0394592,nano,14.343,13,True,nano,12.0,1788515838.0394762,nano,56.562,1788516145.3309784,1
0.0,1788515773.810518,1,True,True,3,894,1,b03-o01-nano-c1,55.66,,193.531,49.106,29.402,False,0,False,,,,dcgm_not_available_for_node,,,,True,0.09183621406555176,1974.309,True,True,"{'activation_required': True, 'node_state_before': 'COLD', 'node_state': 'ACTIVE', 'activation_started_timestamp': 1788515773.810518, 'ready_timestamp': 1788515838.0394592, 'worker_start_ms': 1.131, 'model_remote_download_ms': 38072.92, 'model_load_ms': 26141.371, 'cuda_initialization_ms': None, 'endpoint_ready_ms': 64229.087, 'activation_time_ms': 64229.091, 'model_digest': 'baf6a787fdffd633537aa2eb51cfd54cb93ff08e28040095462bb63daf552878', 'transition': {'timestamp': 1788515838.0394762, 'node': 'nano', 'physical_node': 'etri-dev0001-jetorn', 'old_state': 'COLD', 'new_state': 'ACTIVE', 'reason': 'orin_nano_gpu_validation'}}",{},192.635,1788516146.314421,49.282,28.44,43.613,True,1,llama3.2:1b,1321098329,True,baf6a787fdffd633537aa2eb51cfd54cb93ff08e28040095462bb63daf552878,etri-dev0001-jetorn,ACTIVE,380.0,0,47.711,1788515838.0394592,nano,19.52,13,True,nano,12.0,1788515838.0394762,nano,56.781,1788516146.4062572,1
0.0,1788515773.810518,1,True,True,3,899,1,b03-o01-nano-c1,57.716,,192.677,49.336,29.329,False,0,False,,,,dcgm_not_available_for_node,,,,True,0.18937921524047852,1974.309,True,True,"{'activation_required': True, 'node_state_before': 'COLD', 'node_state': 'ACTIVE', 'activation_started_timestamp': 1788515773.810518, 'ready_timestamp': 1788515838.0394592, 'worker_start_ms': 1.131, 'model_remote_download_ms': 38072.92, 'model_load_ms': 26141.371, 'cuda_initialization_ms': None, 'endpoint_ready_ms': 64229.087, 'activation_time_ms': 64229.091, 'model_digest': 'baf6a787fdffd633537aa2eb51cfd54cb93ff08e28040095462bb63daf552878', 'transition': {'timestamp': 1788515838.0394762, 'node': 'nano', 'physical_node': 'etri-dev0001-jetorn', 'old_state': 'COLD', 'new_state': 'ACTIVE', 'reason': 'orin_nano_gpu_validation'}}",{},192.402,1788516147.301587,49.467,29.198,43.613,True,1,llama3.2:1b,1321098329,True,baf6a787fdffd633537aa2eb51cfd54cb93ff08e28040095462bb63daf552878,etri-dev0001-jetorn,ACTIVE,380.0,0,47.714,1788515838.0394592,nano,15.345,13,True,nano,12.0,1788515838.0394762,nano,56.906,1788516147.4909663,1
0.0,1788515773.810518,1,True,True,3,905,1,b03-o01-nano-c1,58.896,,193.982,49.255,30.215,False,0,False,,,,dcgm_not_available_for_node,,,,True,0.07453346252441406,1974.309,True,True,"{'activation_required': True, 'node_state_before': 'COLD', 'node_state': 'ACTIVE', 'activation_started_timestamp': 1788515773.810518, 'ready_timestamp': 1788515838.0394592, 'worker_start_ms': 1.131, 'model_remote_download_ms': 38072.92, 'model_load_ms': 26141.371, 'cuda_initialization_ms': None, 'endpoint_ready_ms': 64229.087, 'activation_time_ms': 64229.091, 'model_digest': 'baf6a787fdffd633537aa2eb51cfd54cb93ff08e28040095462bb63daf552878', 'transition': {'timestamp': 1788515838.0394762, 'node': 'nano', 'physical_node': 'etri-dev0001-jetorn', 'old_state': 'COLD', 'new_state': 'ACTIVE', 'reason': 'orin_nano_gpu_validation'}}",{},193.159,1788516148.498294,49.305,29.236,43.613,True,1,llama3.2:1b,1321098329,True,baf6a787fdffd633537aa2eb51cfd54cb93ff08e28040095462bb63daf552878,etri-dev0001-jetorn,ACTIVE,380.0,0,47.71,1788515838.0394592,nano,16.787,13,True,nano,12.0,1788515838.0394762,nano,56.968,1788516148.5728276,1
0.0,1788515773.810518,1,True,True,3,907,2,b03-o02-nano-c2,2.663,,193.604,49.336,29.99,False,0,False,,,,dcgm_not_available_for_node,,,,True,3.039902448654175,1974.309,True,True,"{'activation_required': True, 'node_state_before': 'COLD', 'node_state': 'ACTIVE', 'activation_started_timestamp': 1788515773.810518, 'ready_timestamp': 1788515838.0394592, 'worker_start_ms': 1.131, 'model_remote_download_ms': 38072.92, 'model_load_ms': 26141.371, 'cuda_initialization_ms': None, 'endpoint_ready_ms': 64229.087, 'activation_time_ms': 64229.091, 'model_digest': 'baf6a787fdffd633537aa2eb51cfd54cb93ff08e28040095462bb63daf552878', 'transition': {'timestamp': 1788515838.0394762, 'node': 'nano', 'physical_node': 'etri-dev0001-jetorn', 'old_state': 'COLD', 'new_state': 'ACTIVE', 'reason': 'orin_nano_gpu_validation'}}",{},193.396,1788516148.8947845,49.47,29.905,43.613,True,1,llama3.2:1b,1321098329,True,baf6a787fdffd633537aa2eb51cfd54cb93ff08e28040095462bb63daf552878,etri-dev0001-jetorn,ACTIVE,380.0,1,47.709,1788515838.0394592,nano,22.911,14,True,nano,12.0,1788515838.0394762,nano,53.593,1788516151.934687,2
0.0,1788515773.810518,1,True,True,3,911,2,b03-o02-nano-c2,54.46,,212.964,46.549,172.886,False,0,False,,,,dcgm_not_available_for_node,,,,True,0.12982821464538574,1974.309,True,True,"{'activation_required': True, 'node_state_before': 'COLD', 'node_state': 'ACTIVE', 'activation_started_timestamp': 1788515773.810518, 'ready_timestamp': 1788515838.0394592, 'worker_start_ms': 1.131, 'model_remote_download_ms': 38072.92, 'model_load_ms': 26141.371, 'cuda_initialization_ms': None, 'endpoint_ready_ms': 64229.087, 'activation_time_ms': 64229.091, 'model_digest': 'baf6a787fdffd633537aa2eb51cfd54cb93ff08e28040095462bb63daf552878', 'transition': {'timestamp': 1788515838.0394762, 'node': 'nano', 'physical_node': 'etri-dev0001-jetorn', 'old_state': 'COLD', 'new_state': 'ACTIVE', 'reason': 'orin_nano_gpu_validation'}}",{},194.236,1788516152.872429,49.495,230.551,43.613,True,1,llama3.2:1b,1321098329,True,baf6a787fdffd633537aa2eb51cfd54cb93ff08e28040095462bb63daf552878,etri-dev0001-jetorn,ACTIVE,380.0,1,47.709,1788515838.0394592,nano,15.818,14,True,nano,12.0,1788515838.0394762,nano,55.75,1788516153.002257,2
0.0,1788515773.810518,1,True,True,3,917,2,b03-o02-nano-c2,59.589,,198.817,48.697,213.757,False,0,False,,,,dcgm_not_available_for_node,,,,True,0.038779497146606445,1974.309,True,True,"{'activation_required': True, 'node_state_before': 'COLD', 'node_state': 'ACTIVE', 'activation_started_timestamp': 1788515773.810518, 'ready_timestamp': 1788515838.0394592, 'worker_start_ms': 1.131, 'model_remote_download_ms': 38072.92, 'model_load_ms': 26141.371, 'cuda_initialization_ms': None, 'endpoint_ready_ms': 64229.087, 'activation_time_ms': 64229.091, 'model_digest': 'baf6a787fdffd633537aa2eb51cfd54cb93ff08e28040095462bb63daf552878', 'transition': {'timestamp': 1788515838.0394762, 'node': 'nano', 'physical_node': 'etri-dev0001-jetorn', 'old_state': 'COLD', 'new_state': 'ACTIVE', 'reason': 'orin_nano_gpu_validation'}}",{},194.926,1788516154.0494623,49.595,221.682,43.613,True,1,llama3.2:1b,1321098329,True,baf6a787fdffd633537aa2eb51cfd54cb93ff08e28040095462bb63daf552878,etri-dev0001-jetorn,ACTIVE,380.0,1,47.712,1788515838.0394592,nano,26.456,14,True,nano,12.0,1788515838.0394762,nano,56.187,1788516154.0882418,2
0.0,1788515773.810518,1,True,True,3,922,2,b03-o02-nano-c2,57.277,,195.664,49.205,219.566,False,0,False,,,,dcgm_not_available_for_node,,,,True,0.12766814231872559,1974.309,True,True,"{'activation_required': True, 'node_state_before': 'COLD', 'node_state': 'ACTIVE', 'activation_started_timestamp': 1788515773.810518, 'ready_timestamp': 1788515838.0394592, 'worker_start_ms': 1.131, 'model_remote_download_ms': 38072.92, 'model_load_ms': 26141.371, 'cuda_initialization_ms': None, 'endpoint_ready_ms': 64229.087, 'activation_time_ms': 64229.091, 'model_digest': 'baf6a787fdffd633537aa2eb51cfd54cb93ff08e28040095462bb63daf552878', 'transition': {'timestamp': 1788515838.0394762, 'node': 'nano', 'physical_node': 'etri-dev0001-jetorn', 'old_state': 'COLD', 'new_state': 'ACTIVE', 'reason': 'orin_nano_gpu_validation'}}",{},193.896,1788516155.0265415,49.551,220.534,43.613,True,1,llama3.2:1b,1321098329,True,baf6a787fdffd633537aa2eb51cfd54cb93ff08e28040095462bb63daf552878,etri-dev0001-jetorn,ACTIVE,380.0,1,47.714,1788515838.0394592,nano,15.597,14,True,nano,12.0,1788515838.0394762,nano,56.562,1788516155.1542096,2
0.0,1788515773.810518,1,True,True,3,928,2,b03-o02-nano-c2,58.015,,194.366,49.379,220.465,False,0,False,,,,dcgm_not_available_for_node,,,,True,0.057676076889038086,1974.309,True,True,"{'activation_required': True, 'node_state_before': 'COLD', 'node_state': 'ACTIVE', 'activation_started_timestamp': 1788515773.810518, 'ready_timestamp': 1788515838.0394592, 'worker_start_ms': 1.131, 'model_remote_download_ms': 38072.92, 'model_load_ms': 26141.371, 'cuda_initialization_ms': None, 'endpoint_ready_ms': 64229.087, 'activation_time_ms': 64229.091, 'model_digest': 'baf6a787fdffd633537aa2eb51cfd54cb93ff08e28040095462bb63daf552878', 'transition': {'timestamp': 1788515838.0394762, 'node': 'nano', 'physical_node': 'etri-dev0001-jetorn', 'old_state': 'COLD', 'new_state': 'ACTIVE', 'reason': 'orin_nano_gpu_validation'}}",{},194.248,1788516156.1933575,49.329,219.38,43.613,True,1,llama3.2:1b,1321098329,True,baf6a787fdffd633537aa2eb51cfd54cb93ff08e28040095462bb63daf552878,etri-dev0001-jetorn,ACTIVE,380.0,1,47.72,1788515838.0394592,nano,13.179,14,True,nano,12.0,1788515838.0394762,nano,56.687,1788516156.2510335,2
0.0,1788515773.810518,1,True,True,3,933,2,b03-o02-nano-c2,56.571,,194.747,49.229,222.508,False,0,False,,,,dcgm_not_available_for_node,,,,True,0.1369786262512207,1974.309,True,True,"{'activation_required': True, 'node_state_before': 'COLD', 'node_state': 'ACTIVE', 'activation_started_timestamp': 1788515773.810518, 'ready_timestamp': 1788515838.0394592, 'worker_start_ms': 1.131, 'model_remote_download_ms': 38072.92, 'model_load_ms': 26141.371, 'cuda_initialization_ms': None, 'endpoint_ready_ms': 64229.087, 'activation_time_ms': 64229.091, 'model_digest': 'baf6a787fdffd633537aa2eb51cfd54cb93ff08e28040095462bb63daf552878', 'transition': {'timestamp': 1788515838.0394762, 'node': 'nano', 'physical_node': 'etri-dev0001-jetorn', 'old_state': 'COLD', 'new_state': 'ACTIVE', 'reason': 'orin_nano_gpu_validation'}}",{},196.879,1788516157.1679792,48.689,219.638,43.613,True,1,llama3.2:1b,1321098329,True,baf6a787fdffd633537aa2eb51cfd54cb93ff08e28040095462bb63daf552878,etri-dev0001-jetorn,ACTIVE,380.0,1,47.708,1788515838.0394592,nano,32.537,14,True,nano,12.0,1788515838.0394762,nano,56.562,1788516157.3049579,2
0.0,1788515773.810518,1,True,True,3,939,2,b03-o02-nano-c2,55.556,,195.597,49.048,224.385,False,0,False,,,,dcgm_not_available_for_node,,,,True,0.04593253135681152,1974.309,True,True,"{'activation_required': True, 'node_state_before': 'COLD', 'node_state': 'ACTIVE', 'activation_started_timestamp': 1788515773.810518, 'ready_timestamp': 1788515838.0394592, 'worker_start_ms': 1.131, 'model_remote_download_ms': 38072.92, 'model_load_ms': 26141.371, 'cuda_initialization_ms': None, 'endpoint_ready_ms': 64229.087, 'activation_time_ms': 64229.091, 'model_digest': 'baf6a787fdffd633537aa2eb51cfd54cb93ff08e28040095462bb63daf552878', 'transition': {'timestamp': 1788515838.0394762, 'node': 'nano', 'physical_node': 'etri-dev0001-jetorn', 'old_state': 'COLD', 'new_state': 'ACTIVE', 'reason': 'orin_nano_gpu_validation'}}",{},193.479,1788516158.342595,49.425,228.752,43.613,True,1,llama3.2:1b,1321098329,True,baf6a787fdffd633537aa2eb51cfd54cb93ff08e28040095462bb63daf552878,etri-dev0001-jetorn,ACTIVE,380.0,1,47.702,1788515838.0394592,nano,11.964,14,True,nano,12.0,1788515838.0394762,nano,56.375,1788516158.3885276,2
0.0,1788515773.810518,1,True,True,3,944,2,b03-o02-nano-c2,57.037,,195.556,48.945,221.25,False,0,False,,,,dcgm_not_available_for_node,,,,True,0.11708545684814453,1974.309,True,True,"{'activation_required': True, 'node_state_before': 'COLD', 'node_state': 'ACTIVE', 'activation_started_timestamp': 1788515773.810518, 'ready_timestamp': 1788515838.0394592, 'worker_start_ms': 1.131, 'model_remote_download_ms': 38072.92, 'model_load_ms': 26141.371, 'cuda_initialization_ms': None, 'endpoint_ready_ms': 64229.087, 'activation_time_ms': 64229.091, 'model_digest': 'baf6a787fdffd633537aa2eb51cfd54cb93ff08e28040095462bb63daf552878', 'transition': {'timestamp': 1788515838.0394762, 'node': 'nano', 'physical_node': 'etri-dev0001-jetorn', 'old_state': 'COLD', 'new_state': 'ACTIVE', 'reason': 'orin_nano_gpu_validation'}}",{},197.992,1788516159.3187637,48.31,221.656,43.613,True,1,llama3.2:1b,1321098329,True,baf6a787fdffd633537aa2eb51cfd54cb93ff08e28040095462bb63daf552878,etri-dev0001-jetorn,ACTIVE,380.0,1,47.702,1788515838.0394592,nano,13.723,14,True,nano,12.0,1788515838.0394762,nano,56.875,1788516159.4358492,2
0.0,1788515773.810518,1,True,True,3,950,2,b03-o02-nano-c2,56.966,,194.383,49.406,221.114,False,0,False,,,,dcgm_not_available_for_node,,,,True,0.026200532913208008,1974.309,True,True,"{'activation_required': True, 'node_state_before': 'COLD', 'node_state': 'ACTIVE', 'activation_started_timestamp': 1788515773.810518, 'ready_timestamp': 1788515838.0394592, 'worker_start_ms': 1.131, 'model_remote_download_ms': 38072.92, 'model_load_ms': 26141.371, 'cuda_initialization_ms': None, 'endpoint_ready_ms': 64229.087, 'activation_time_ms': 64229.091, 'model_digest': 'baf6a787fdffd633537aa2eb51cfd54cb93ff08e28040095462bb63daf552878', 'transition': {'timestamp': 1788515838.0394762, 'node': 'nano', 'physical_node': 'etri-dev0001-jetorn', 'old_state': 'COLD', 'new_state': 'ACTIVE', 'reason': 'orin_nano_gpu_validation'}}",{},193.582,1788516160.4855766,49.565,220.921,43.613,True,1,llama3.2:1b,1321098329,True,baf6a787fdffd633537aa2eb51cfd54cb93ff08e28040095462bb63daf552878,etri-dev0001-jetorn,ACTIVE,380.0,1,47.707,1788515838.0394592,nano,14.382,14,True,nano,12.0,1788515838.0394762,nano,57.0,1788516160.5117772,2
0.0,1788515773.810518,1,True,True,3,955,2,b03-o02-nano-c2,57.477,,194.252,49.432,220.684,False,0,False,,,,dcgm_not_available_for_node,,,,True,0.1338176727294922,1974.309,True,True,"{'activation_required': True, 'node_state_before': 'COLD', 'node_state': 'ACTIVE', 'activation_started_timestamp': 1788515773.810518, 'ready_timestamp': 1788515838.0394592, 'worker_start_ms': 1.131, 'model_remote_download_ms': 38072.92, 'model_load_ms': 26141.371, 'cuda_initialization_ms': None, 'endpoint_ready_ms': 64229.087, 'activation_time_ms': 64229.091, 'model_digest': 'baf6a787fdffd633537aa2eb51cfd54cb93ff08e28040095462bb63daf552878', 'transition': {'timestamp': 1788515838.0394762, 'node': 'nano', 'physical_node': 'etri-dev0001-jetorn', 'old_state': 'COLD', 'new_state': 'ACTIVE', 'reason': 'orin_nano_gpu_validation'}}",{},193.745,1788516161.4587834,49.574,220.914,43.613,True,1,llama3.2:1b,1321098329,True,baf6a787fdffd633537aa2eb51cfd54cb93ff08e28040095462bb63daf552878,etri-dev0001-jetorn,ACTIVE,380.0,1,47.681,1788515838.0394592,nano,15.817,14,True,nano,12.0,1788515838.0394762,nano,56.625,1788516161.592601,2
0.0,1788515773.810518,1,True,True,3,961,2,b03-o02-nano-c2,57.055,,197.138,49.316,227.103,False,0,False,,,,dcgm_not_available_for_node,,,,True,0.030834436416625977,1974.309,True,True,"{'activation_required': True, 'node_state_before': 'COLD', 'node_state': 'ACTIVE', 'activation_started_timestamp': 1788515773.810518, 'ready_timestamp': 1788515838.0394592, 'worker_start_ms': 1.131, 'model_remote_download_ms': 38072.92, 'model_load_ms': 26141.371, 'cuda_initialization_ms': None, 'endpoint_ready_ms': 64229.087, 'activation_time_ms': 64229.091, 'model_digest': 'baf6a787fdffd633537aa2eb51cfd54cb93ff08e28040095462bb63daf552878', 'transition': {'timestamp': 1788515838.0394762, 'node': 'nano', 'physical_node': 'etri-dev0001-jetorn', 'old_state': 'COLD', 'new_state': 'ACTIVE', 'reason': 'orin_nano_gpu_validation'}}",{},194.169,1788516162.6426845,49.361,235.636,43.613,True,1,llama3.2:1b,1321098329,True,baf6a787fdffd633537aa2eb51cfd54cb93ff08e28040095462bb63daf552878,etri-dev0001-jetorn,ACTIVE,380.0,1,47.684,1788515838.0394592,nano,37.876,14,True,nano,12.0,1788515838.0394762,nano,56.812,1788516162.673519,2
0.0,1788515773.810518,1,True,True,3,966,2,b03-o02-nano-c2,55.781,,195.579,49.295,223.997,False,0,False,,,,dcgm_not_available_for_node,,,,True,0.14675116539001465,1974.309,True,True,"{'activation_required': True, 'node_state_before': 'COLD', 'node_state': 'ACTIVE', 'activation_started_timestamp': 1788515773.810518, 'ready_timestamp': 1788515838.0394592, 'worker_start_ms': 1.131, 'model_remote_download_ms': 38072.92, 'model_load_ms': 26141.371, 'cuda_initialization_ms': None, 'endpoint_ready_ms': 64229.087, 'activation_time_ms': 64229.091, 'model_digest': 'baf6a787fdffd633537aa2eb51cfd54cb93ff08e28040095462bb63daf552878', 'transition': {'timestamp': 1788515838.0394762, 'node': 'nano', 'physical_node': 'etri-dev0001-jetorn', 'old_state': 'COLD', 'new_state': 'ACTIVE', 'reason': 'orin_nano_gpu_validation'}}",{},195.398,1788516163.6191185,49.267,223.031,43.613,True,1,llama3.2:1b,1321098329,True,baf6a787fdffd633537aa2eb51cfd54cb93ff08e28040095462bb63daf552878,etri-dev0001-jetorn,ACTIVE,380.0,1,47.684,1788515838.0394592,nano,15.544,14,True,nano,12.0,1788515838.0394762,nano,56.906,1788516163.7658696,2
0.0,1788515773.810518,1,True,True,3,969,16,b03-o03-nano-c16,4.486,,194.745,49.365,221.89,False,0,False,,,,dcgm_not_available_for_node,,,,True,3.0333094596862793,1974.309,True,True,"{'activation_required': True, 'node_state_before': 'COLD', 'node_state': 'ACTIVE', 'activation_started_timestamp': 1788515773.810518, 'ready_timestamp': 1788515838.0394592, 'worker_start_ms': 1.131, 'model_remote_download_ms': 38072.92, 'model_load_ms': 26141.371, 'cuda_initialization_ms': None, 'endpoint_ready_ms': 64229.087, 'activation_time_ms': 64229.091, 'model_digest': 'baf6a787fdffd633537aa2eb51cfd54cb93ff08e28040095462bb63daf552878', 'transition': {'timestamp': 1788515838.0394762, 'node': 'nano', 'physical_node': 'etri-dev0001-jetorn', 'old_state': 'COLD', 'new_state': 'ACTIVE', 'reason': 'orin_nano_gpu_validation'}}",{},193.47,1788516164.2028255,49.479,219.862,43.863,True,1,llama3.2:1b,1321098329,True,baf6a787fdffd633537aa2eb51cfd54cb93ff08e28040095462bb63daf552878,etri-dev0001-jetorn,ACTIVE,380.0,6,47.708,1788515838.0394592,nano,56.77,15,True,nano,12.0,1788515838.0394762,nano,54.156,1788516167.236135,3
0.0,1788515773.810518,1,True,True,3,973,16,b03-o03-nano-c16,52.006,,227.678,43.697,455.382,False,0,False,,,,dcgm_not_available_for_node,,,,True,0.08349847793579102,1974.309,True,True,"{'activation_required': True, 'node_state_before': 'COLD', 'node_state': 'ACTIVE', 'activation_started_timestamp': 1788515773.810518, 'ready_timestamp': 1788515838.0394592, 'worker_start_ms': 1.131, 'model_remote_download_ms': 38072.92, 'model_load_ms': 26141.371, 'cuda_initialization_ms': None, 'endpoint_ready_ms': 64229.087, 'activation_time_ms': 64229.091, 'model_digest': 'baf6a787fdffd633537aa2eb51cfd54cb93ff08e28040095462bb63daf552878', 'transition': {'timestamp': 1788515838.0394762, 'node': 'nano', 'physical_node': 'etri-dev0001-jetorn', 'old_state': 'COLD', 'new_state': 'ACTIVE', 'reason': 'orin_nano_gpu_validation'}}",{},205.068,1788516168.2706416,46.584,844.404,43.863,True,1,llama3.2:1b,1321098329,True,baf6a787fdffd633537aa2eb51cfd54cb93ff08e28040095462bb63daf552878,etri-dev0001-jetorn,ACTIVE,380.0,15,47.738,1788515838.0394592,nano,19.13,15,True,nano,12.0,1788515838.0394762,nano,55.75,1788516168.35414,3
0.0,1788515773.810518,1,True,True,3,978,16,b03-o03-nano-c16,60.448,,202.254,47.948,1272.921,False,0,False,,,,dcgm_not_available_for_node,,,,True,0.17093801498413086,1974.309,True,True,"{'activation_required': True, 'node_state_before': 'COLD', 'node_state': 'ACTIVE', 'activation_started_timestamp': 1788515773.810518, 'ready_timestamp': 1788515838.0394592, 'worker_start_ms': 1.131, 'model_remote_download_ms': 38072.92, 'model_load_ms': 26141.371, 'cuda_initialization_ms': None, 'endpoint_ready_ms': 64229.087, 'activation_time_ms': 64229.091, 'model_digest': 'baf6a787fdffd633537aa2eb51cfd54cb93ff08e28040095462bb63daf552878', 'transition': {'timestamp': 1788515838.0394762, 'node': 'nano', 'physical_node': 'etri-dev0001-jetorn', 'old_state': 'COLD', 'new_state': 'ACTIVE', 'reason': 'orin_nano_gpu_validation'}}",{},194.284,1788516169.2443626,49.187,1800.34,43.863,True,1,llama3.2:1b,1321098329,True,baf6a787fdffd633537aa2eb51cfd54cb93ff08e28040095462bb63daf552878,etri-dev0001-jetorn,ACTIVE,380.0,15,47.737,1788515838.0394592,nano,15.849,15,True,nano,12.0,1788515838.0394762,nano,55.906,1788516169.4153006,3
0.0,1788515773.810518,1,True,True,3,984,16,b03-o03-nano-c16,55.831,,195.558,49.241,2341.533,False,0,False,,,,dcgm_not_available_for_node,,,,True,0.06709170341491699,1974.309,True,True,"{'activation_required': True, 'node_state_before': 'COLD', 'node_state': 'ACTIVE', 'activation_started_timestamp': 1788515773.810518, 'ready_timestamp': 1788515838.0394592, 'worker_start_ms': 1.131, 'model_remote_download_ms': 38072.92, 'model_load_ms': 26141.371, 'cuda_initialization_ms': None, 'endpoint_ready_ms': 64229.087, 'activation_time_ms': 64229.091, 'model_digest': 'baf6a787fdffd633537aa2eb51cfd54cb93ff08e28040095462bb63daf552878', 'transition': {'timestamp': 1788515838.0394762, 'node': 'nano', 'physical_node': 'etri-dev0001-jetorn', 'old_state': 'COLD', 'new_state': 'ACTIVE', 'reason': 'orin_nano_gpu_validation'}}",{},194.686,1788516170.4113784,49.499,2789.514,43.863,True,1,llama3.2:1b,1321098329,True,baf6a787fdffd633537aa2eb51cfd54cb93ff08e28040095462bb63daf552878,etri-dev0001-jetorn,ACTIVE,380.0,15,47.74,1788515838.0394592,nano,13.362,15,True,nano,12.0,1788515838.0394762,nano,56.5,1788516170.47847,3
0.0,1788515773.810518,1,True,True,3,989,16,b03-o03-nano-c16,57.59,,194.242,49.432,2713.185,False,0,False,,,,dcgm_not_available_for_node,,,,True,0.16365265846252441,1974.309,True,True,"{'activation_required': True, 'node_state_before': 'COLD', 'node_state': 'ACTIVE', 'activation_started_timestamp': 1788515773.810518, 'ready_timestamp': 1788515838.0394592, 'worker_start_ms': 1.131, 'model_remote_download_ms': 38072.92, 'model_load_ms': 26141.371, 'cuda_initialization_ms': None, 'endpoint_ready_ms': 64229.087, 'activation_time_ms': 64229.091, 'model_digest': 'baf6a787fdffd633537aa2eb51cfd54cb93ff08e28040095462bb63daf552878', 'transition': {'timestamp': 1788515838.0394762, 'node': 'nano', 'physical_node': 'etri-dev0001-jetorn', 'old_state': 'COLD', 'new_state': 'ACTIVE', 'reason': 'orin_nano_gpu_validation'}}",{},193.167,1788516171.3836064,49.569,2923.39,43.863,True,1,llama3.2:1b,1321098329,True,baf6a787fdffd633537aa2eb51cfd54cb93ff08e28040095462bb63daf552878,etri-dev0001-jetorn,ACTIVE,380.0,15,47.743,1788515838.0394592,nano,14.7,15,True,nano,12.0,1788515838.0394762,nano,56.656,1788516171.547259,3
0.0,1788515773.810518,1,True,True,3,995,16,b03-o03-nano-c16,56.22,,195.31,49.421,2915.156,False,0,False,,,,dcgm_not_available_for_node,,,,True,0.05758023262023926,1974.309,True,True,"{'activation_required': True, 'node_state_before': 'COLD', 'node_state': 'ACTIVE', 'activation_started_timestamp': 1788515773.810518, 'ready_timestamp': 1788515838.0394592, 'worker_start_ms': 1.131, 'model_remote_download_ms': 38072.92, 'model_load_ms': 26141.371, 'cuda_initialization_ms': None, 'endpoint_ready_ms': 64229.087, 'activation_time_ms': 64229.091, 'model_digest': 'baf6a787fdffd633537aa2eb51cfd54cb93ff08e28040095462bb63daf552878', 'transition': {'timestamp': 1788515838.0394762, 'node': 'nano', 'physical_node': 'etri-dev0001-jetorn', 'old_state': 'COLD', 'new_state': 'ACTIVE', 'reason': 'orin_nano_gpu_validation'}}",{},194.732,1788516172.563178,49.458,2967.071,43.594,True,1,llama3.2:1b,1321098329,True,baf6a787fdffd633537aa2eb51cfd54cb93ff08e28040095462bb63daf552878,etri-dev0001-jetorn,ACTIVE,380.0,15,47.733,1788515838.0394592,nano,15.114,15,True,nano,12.0,1788515838.0394762,nano,56.937,1788516172.6207583,3
0.0,1788515773.810518,1,True,True,3,1000,16,b03-o03-nano-c16,57.788,,194.823,49.415,2947.72,False,0,False,,,,dcgm_not_available_for_node,,,,True,0.14952373504638672,1974.309,True,True,"{'activation_required': True, 'node_state_before': 'COLD', 'node_state': 'ACTIVE', 'activation_started_timestamp': 1788515773.810518, 'ready_timestamp': 1788515838.0394592, 'worker_start_ms': 1.131, 'model_remote_download_ms': 38072.92, 'model_load_ms': 26141.371, 'cuda_initialization_ms': None, 'endpoint_ready_ms': 64229.087, 'activation_time_ms': 64229.091, 'model_digest': 'baf6a787fdffd633537aa2eb51cfd54cb93ff08e28040095462bb63daf552878', 'transition': {'timestamp': 1788515838.0394762, 'node': 'nano', 'physical_node': 'etri-dev0001-jetorn', 'old_state': 'COLD', 'new_state': 'ACTIVE', 'reason': 'orin_nano_gpu_validation'}}",{},194.653,1788516173.538598,49.443,2958.867,43.594,True,1,llama3.2:1b,1321098329,True,baf6a787fdffd633537aa2eb51cfd54cb93ff08e28040095462bb63daf552878,etri-dev0001-jetorn,ACTIVE,380.0,15,47.734,1788515838.0394592,nano,17.039,15,True,nano,12.0,1788515838.0394762,nano,56.718,1788516173.6881218,3
0.0,1788515773.810518,1,True,True,3,1006,16,b03-o03-nano-c16,56.105,,195.608,49.009,2956.48,False,0,False,,,,dcgm_not_available_for_node,,,,True,0.06986808776855469,1974.309,True,True,"{'activation_required': True, 'node_state_before': 'COLD', 'node_state': 'ACTIVE', 'activation_started_timestamp': 1788515773.810518, 'ready_timestamp': 1788515838.0394592, 'worker_start_ms': 1.131, 'model_remote_download_ms': 38072.92, 'model_load_ms': 26141.371, 'cuda_initialization_ms': None, 'endpoint_ready_ms': 64229.087, 'activation_time_ms': 64229.091, 'model_digest': 'baf6a787fdffd633537aa2eb51cfd54cb93ff08e28040095462bb63daf552878', 'transition': {'timestamp': 1788515838.0394762, 'node': 'nano', 'physical_node': 'etri-dev0001-jetorn', 'old_state': 'COLD', 'new_state': 'ACTIVE', 'reason': 'orin_nano_gpu_validation'}}",{},197.951,1788516174.710804,48.163,2959.389,43.594,True,1,llama3.2:1b,1321098329,True,baf6a787fdffd633537aa2eb51cfd54cb93ff08e28040095462bb63daf552878,etri-dev0001-jetorn,ACTIVE,380.0,15,47.732,1788515838.0394592,nano,14.418,15,True,nano,12.0,1788515838.0394762,nano,56.593,1788516174.780672,3
0.0,1788515773.810518,1,True,True,3,1011,16,b03-o03-nano-c16,55.469,,194.859,49.27,2953.479,False,0,False,,,,dcgm_not_available_for_node,,,,True,0.17671751976013184,1974.309,True,True,"{'activation_required': True, 'node_state_before': 'COLD', 'node_state': 'ACTIVE', 'activation_started_timestamp': 1788515773.810518, 'ready_timestamp': 1788515838.0394592, 'worker_start_ms': 1.131, 'model_remote_download_ms': 38072.92, 'model_load_ms': 26141.371, 'cuda_initialization_ms': None, 'endpoint_ready_ms': 64229.087, 'activation_time_ms': 64229.091, 'model_digest': 'baf6a787fdffd633537aa2eb51cfd54cb93ff08e28040095462bb63daf552878', 'transition': {'timestamp': 1788515838.0394762, 'node': 'nano', 'physical_node': 'etri-dev0001-jetorn', 'old_state': 'COLD', 'new_state': 'ACTIVE', 'reason': 'orin_nano_gpu_validation'}}",{},195.472,1788516175.685205,49.309,2952.567,43.594,True,1,llama3.2:1b,1321098329,True,baf6a787fdffd633537aa2eb51cfd54cb93ff08e28040095462bb63daf552878,etri-dev0001-jetorn,ACTIVE,380.0,15,47.733,1788515838.0394592,nano,15.899,15,True,nano,12.0,1788515838.0394762,nano,56.875,1788516175.8619225,3
0.0,1788515773.810518,1,True,True,3,1017,16,b03-o03-nano-c16,57.053,,194.074,49.484,2952.693,False,0,False,,,,dcgm_not_available_for_node,,,,True,0.07634449005126953,1974.309,True,True,"{'activation_required': True, 'node_state_before': 'COLD', 'node_state': 'ACTIVE', 'activation_started_timestamp': 1788515773.810518, 'ready_timestamp': 1788515838.0394592, 'worker_start_ms': 1.131, 'model_remote_download_ms': 38072.92, 'model_load_ms': 26141.371, 'cuda_initialization_ms': None, 'endpoint_ready_ms': 64229.087, 'activation_time_ms': 64229.091, 'model_digest': 'baf6a787fdffd633537aa2eb51cfd54cb93ff08e28040095462bb63daf552878', 'transition': {'timestamp': 1788515838.0394762, 'node': 'nano', 'physical_node': 'etri-dev0001-jetorn', 'old_state': 'COLD', 'new_state': 'ACTIVE', 'reason': 'orin_nano_gpu_validation'}}",{},193.528,1788516176.8520362,49.48,2952.916,43.594,True,1,llama3.2:1b,1321098329,True,baf6a787fdffd633537aa2eb51cfd54cb93ff08e28040095462bb63daf552878,etri-dev0001-jetorn,ACTIVE,380.0,15,47.733,1788515838.0394592,nano,15.647,15,True,nano,12.0,1788515838.0394762,nano,56.968,1788516176.9283807,3
0.0,1788515773.810518,1,True,True,3,1022,16,b03-o03-nano-c16,57.837,,194.245,49.461,2949.646,False,0,False,,,,dcgm_not_available_for_node,,,,True,0.1680152416229248,1974.309,True,True,"{'activation_required': True, 'node_state_before': 'COLD', 'node_state': 'ACTIVE', 'activation_started_timestamp': 1788515773.810518, 'ready_timestamp': 1788515838.0394592, 'worker_start_ms': 1.131, 'model_remote_download_ms': 38072.92, 'model_load_ms': 26141.371, 'cuda_initialization_ms': None, 'endpoint_ready_ms': 64229.087, 'activation_time_ms': 64229.091, 'model_digest': 'baf6a787fdffd633537aa2eb51cfd54cb93ff08e28040095462bb63daf552878', 'transition': {'timestamp': 1788515838.0394762, 'node': 'nano', 'physical_node': 'etri-dev0001-jetorn', 'old_state': 'COLD', 'new_state': 'ACTIVE', 'reason': 'orin_nano_gpu_validation'}}",{},195.291,1788516177.824496,49.346,2944.503,43.594,True,1,llama3.2:1b,1321098329,True,baf6a787fdffd633537aa2eb51cfd54cb93ff08e28040095462bb63daf552878,etri-dev0001-jetorn,ACTIVE,380.0,15,47.732,1788515838.0394592,nano,19.275,15,True,nano,12.0,1788515838.0394762,nano,56.968,1788516177.9925113,3
0.0,1788515773.810518,1,True,True,3,1028,16,b03-o03-nano-c16,56.923,,195.114,49.265,2949.08,False,0,False,,,,dcgm_not_available_for_node,,,,True,0.06984138488769531,1974.309,True,True,"{'activation_required': True, 'node_state_before': 'COLD', 'node_state': 'ACTIVE', 'activation_started_timestamp': 1788515773.810518, 'ready_timestamp': 1788515838.0394592, 'worker_start_ms': 1.131, 'model_remote_download_ms': 38072.92, 'model_load_ms': 26141.371, 'cuda_initialization_ms': None, 'endpoint_ready_ms': 64229.087, 'activation_time_ms': 64229.091, 'model_digest': 'baf6a787fdffd633537aa2eb51cfd54cb93ff08e28040095462bb63daf552878', 'transition': {'timestamp': 1788515838.0394762, 'node': 'nano', 'physical_node': 'etri-dev0001-jetorn', 'old_state': 'COLD', 'new_state': 'ACTIVE', 'reason': 'orin_nano_gpu_validation'}}",{},195.196,1788516178.998685,49.134,2949.775,43.594,True,1,llama3.2:1b,1321098329,True,baf6a787fdffd633537aa2eb51cfd54cb93ff08e28040095462bb63daf552878,etri-dev0001-jetorn,ACTIVE,380.0,15,47.738,1788515838.0394592,nano,13.515,15,True,nano,12.0,1788515838.0394762,nano,56.875,1788516179.0685263,3
0.0,1788515773.810518,1,True,True,3,1033,16,b03-o03-nano-c16,57.246,,194.965,49.311,2951.784,False,0,False,,,,dcgm_not_available_for_node,,,,True,0.14414691925048828,1974.309,True,True,"{'activation_required': True, 'node_state_before': 'COLD', 'node_state': 'ACTIVE', 'activation_started_timestamp': 1788515773.810518, 'ready_timestamp': 1788515838.0394592, 'worker_start_ms': 1.131, 'model_remote_download_ms': 38072.92, 'model_load_ms': 26141.371, 'cuda_initialization_ms': None, 'endpoint_ready_ms': 64229.087, 'activation_time_ms': 64229.091, 'model_digest': 'baf6a787fdffd633537aa2eb51cfd54cb93ff08e28040095462bb63daf552878', 'transition': {'timestamp': 1788515838.0394762, 'node': 'nano', 'physical_node': 'etri-dev0001-jetorn', 'old_state': 'COLD', 'new_state': 'ACTIVE', 'reason': 'orin_nano_gpu_validation'}}",{},194.81,1788516179.9752786,49.181,2954.617,43.594,True,1,llama3.2:1b,1321098329,True,baf6a787fdffd633537aa2eb51cfd54cb93ff08e28040095462bb63daf552878,etri-dev0001-jetorn,ACTIVE,380.0,11,47.737,1788515838.0394592,nano,18.125,15,True,nano,12.0,1788515838.0394762,nano,57.187,1788516180.1194255,3
0.0,1788515773.810518,1,True,True,3,1039,16,b03-o03-nano-c16,57.211,,195.582,49.218,2957.578,False,0,False,,,,dcgm_not_available_for_node,,,,True,0.025351285934448242,1974.309,True,True,"{'activation_required': True, 'node_state_before': 'COLD', 'node_state': 'ACTIVE', 'activation_started_timestamp': 1788515773.810518, 'ready_timestamp': 1788515838.0394592, 'worker_start_ms': 1.131, 'model_remote_download_ms': 38072.92, 'model_load_ms': 26141.371, 'cuda_initialization_ms': None, 'endpoint_ready_ms': 64229.087, 'activation_time_ms': 64229.091, 'model_digest': 'baf6a787fdffd633537aa2eb51cfd54cb93ff08e28040095462bb63daf552878', 'transition': {'timestamp': 1788515838.0394762, 'node': 'nano', 'physical_node': 'etri-dev0001-jetorn', 'old_state': 'COLD', 'new_state': 'ACTIVE', 'reason': 'orin_nano_gpu_validation'}}",{},196.352,1788516181.1503634,48.984,2960.341,43.574,True,1,llama3.2:1b,1321098329,True,baf6a787fdffd633537aa2eb51cfd54cb93ff08e28040095462bb63daf552878,etri-dev0001-jetorn,ACTIVE,380.0,5,47.733,1788515838.0394592,nano,14.834,15,True,nano,12.0,1788515838.0394762,nano,56.968,1788516181.1757147,3
0.0,1788515773.810518,1,True,True,3,1044,16,b03-o03-nano-c16,56.923,,195.196,49.258,2959.062,False,0,False,,,,dcgm_not_available_for_node,,,,True,0.11946773529052734,1974.309,True,True,"{'activation_required': True, 'node_state_before': 'COLD', 'node_state': 'ACTIVE', 'activation_started_timestamp': 1788515773.810518, 'ready_timestamp': 1788515838.0394592, 'worker_start_ms': 1.131, 'model_remote_download_ms': 38072.92, 'model_load_ms': 26141.371, 'cuda_initialization_ms': None, 'endpoint_ready_ms': 64229.087, 'activation_time_ms': 64229.091, 'model_digest': 'baf6a787fdffd633537aa2eb51cfd54cb93ff08e28040095462bb63daf552878', 'transition': {'timestamp': 1788515838.0394762, 'node': 'nano', 'physical_node': 'etri-dev0001-jetorn', 'old_state': 'COLD', 'new_state': 'ACTIVE', 'reason': 'orin_nano_gpu_validation'}}",{},196.38,1788516182.1263592,49.017,2960.895,43.574,True,1,llama3.2:1b,1321098329,True,baf6a787fdffd633537aa2eb51cfd54cb93ff08e28040095462bb63daf552878,etri-dev0001-jetorn,ACTIVE,380.0,0,47.73,1788515838.0394592,nano,14.781,15,True,nano,12.0,1788515838.0394762,nano,57.531,1788516182.245827,3
0.0,1788515773.810518,1,True,True,3,1045,8,b03-o04-nano-c8,16.905,,195.033,49.266,2958.294,False,0,False,,,,dcgm_not_available_for_node,,,,True,3.0394551753997803,1974.309,True,True,"{'activation_required': True, 'node_state_before': 'COLD', 'node_state': 'ACTIVE', 'activation_started_timestamp': 1788515773.810518, 'ready_timestamp': 1788515838.0394592, 'worker_start_ms': 1.131, 'model_remote_download_ms': 38072.92, 'model_load_ms': 26141.371, 'cuda_initialization_ms': None, 'endpoint_ready_ms': 64229.087, 'activation_time_ms': 64229.091, 'model_digest': 'baf6a787fdffd633537aa2eb51cfd54cb93ff08e28040095462bb63daf552878', 'transition': {'timestamp': 1788515838.0394762, 'node': 'nano', 'physical_node': 'etri-dev0001-jetorn', 'old_state': 'COLD', 'new_state': 'ACTIVE', 'reason': 'orin_nano_gpu_validation'}}",{},194.543,1788516182.3212028,49.291,2955.991,43.574,True,1,llama3.2:1b,1321098329,True,baf6a787fdffd633537aa2eb51cfd54cb93ff08e28040095462bb63daf552878,etri-dev0001-jetorn,ACTIVE,380.0,7,47.724,1788515838.0394592,nano,48.09,16,True,nano,12.0,1788515838.0394762,nano,54.156,1788516185.360658,4
0.0,1788515773.810518,1,True,True,3,1049,8,b03-o04-nano-c8,54.462,,213.981,46.626,1287.004,False,0,False,,,,dcgm_not_available_for_node,,,,True,0.17248296737670898,1974.309,True,True,"{'activation_required': True, 'node_state_before': 'COLD', 'node_state': 'ACTIVE', 'activation_started_timestamp': 1788515773.810518, 'ready_timestamp': 1788515838.0394592, 'worker_start_ms': 1.131, 'model_remote_download_ms': 38072.92, 'model_load_ms': 26141.371, 'cuda_initialization_ms': None, 'endpoint_ready_ms': 64229.087, 'activation_time_ms': 64229.091, 'model_digest': 'baf6a787fdffd633537aa2eb51cfd54cb93ff08e28040095462bb63daf552878', 'transition': {'timestamp': 1788515838.0394762, 'node': 'nano', 'physical_node': 'etri-dev0001-jetorn', 'old_state': 'COLD', 'new_state': 'ACTIVE', 'reason': 'orin_nano_gpu_validation'}}",{},192.732,1788516186.3084555,49.627,754.322,43.574,True,1,llama3.2:1b,1321098329,True,baf6a787fdffd633537aa2eb51cfd54cb93ff08e28040095462bb63daf552878,etri-dev0001-jetorn,ACTIVE,380.0,7,47.723,1788515838.0394592,nano,17.394,16,True,nano,12.0,1788515838.0394762,nano,55.75,1788516186.4809384,4
0.0,1788515773.810518,1,True,True,3,1055,8,b03-o04-nano-c8,56.636,,198.402,48.975,1352.764,False,0,False,,,,dcgm_not_available_for_node,,,,True,0.08530664443969727,1974.309,True,True,"{'activation_required': True, 'node_state_before': 'COLD', 'node_state': 'ACTIVE', 'activation_started_timestamp': 1788515773.810518, 'ready_timestamp': 1788515838.0394592, 'worker_start_ms': 1.131, 'model_remote_download_ms': 38072.92, 'model_load_ms': 26141.371, 'cuda_initialization_ms': None, 'endpoint_ready_ms': 64229.087, 'activation_time_ms': 64229.091, 'model_digest': 'baf6a787fdffd633537aa2eb51cfd54cb93ff08e28040095462bb63daf552878', 'transition': {'timestamp': 1788515838.0394762, 'node': 'nano', 'physical_node': 'etri-dev0001-jetorn', 'old_state': 'COLD', 'new_state': 'ACTIVE', 'reason': 'orin_nano_gpu_validation'}}",{},193.776,1788516187.4795394,49.474,1400.707,43.574,True,1,llama3.2:1b,1321098329,True,baf6a787fdffd633537aa2eb51cfd54cb93ff08e28040095462bb63daf552878,etri-dev0001-jetorn,ACTIVE,380.0,7,47.721,1788515838.0394592,nano,17.95,16,True,nano,12.0,1788515838.0394762,nano,56.406,1788516187.564846,4
0.0,1788515773.810518,1,True,True,3,1060,8,b03-o04-nano-c8,57.321,,196.544,48.989,1388.205,False,0,False,,,,dcgm_not_available_for_node,,,,True,0.18176674842834473,1974.309,True,True,"{'activation_required': True, 'node_state_before': 'COLD', 'node_state': 'ACTIVE', 'activation_started_timestamp': 1788515773.810518, 'ready_timestamp': 1788515838.0394592, 'worker_start_ms': 1.131, 'model_remote_download_ms': 38072.92, 'model_load_ms': 26141.371, 'cuda_initialization_ms': None, 'endpoint_ready_ms': 64229.087, 'activation_time_ms': 64229.091, 'model_digest': 'baf6a787fdffd633537aa2eb51cfd54cb93ff08e28040095462bb63daf552878', 'transition': {'timestamp': 1788515838.0394762, 'node': 'nano', 'physical_node': 'etri-dev0001-jetorn', 'old_state': 'COLD', 'new_state': 'ACTIVE', 'reason': 'orin_nano_gpu_validation'}}",{},197.699,1788516188.4602368,48.364,1398.731,43.574,True,1,llama3.2:1b,1321098329,True,baf6a787fdffd633537aa2eb51cfd54cb93ff08e28040095462bb63daf552878,etri-dev0001-jetorn,ACTIVE,380.0,7,47.724,1788515838.0394592,nano,17.219,16,True,nano,12.0,1788515838.0394762,nano,56.562,1788516188.6420035,4
0.0,1788515773.810518,1,True,True,3,1066,8,b03-o04-nano-c8,56.688,,194.85,49.247,1394.536,False,0,False,,,,dcgm_not_available_for_node,,,,True,0.09214043617248535,1974.309,True,True,"{'activation_required': True, 'node_state_before': 'COLD', 'node_state': 'ACTIVE', 'activation_started_timestamp': 1788515773.810518, 'ready_timestamp': 1788515838.0394592, 'worker_start_ms': 1.131, 'model_remote_download_ms': 38072.92, 'model_load_ms': 26141.371, 'cuda_initialization_ms': None, 'endpoint_ready_ms': 64229.087, 'activation_time_ms': 64229.091, 'model_digest': 'baf6a787fdffd633537aa2eb51cfd54cb93ff08e28040095462bb63daf552878', 'transition': {'timestamp': 1788515838.0394762, 'node': 'nano', 'physical_node': 'etri-dev0001-jetorn', 'old_state': 'COLD', 'new_state': 'ACTIVE', 'reason': 'orin_nano_gpu_validation'}}",{},193.416,1788516189.6297216,49.436,1393.513,43.574,True,1,llama3.2:1b,1321098329,True,baf6a787fdffd633537aa2eb51cfd54cb93ff08e28040095462bb63daf552878,etri-dev0001-jetorn,ACTIVE,380.0,7,47.726,1788515838.0394592,nano,13.96,16,True,nano,12.0,1788515838.0394762,nano,56.625,1788516189.721862,4
0.0,1788515773.810518,1,True,True,3,1071,8,b03-o04-nano-c8,58.56,,195.727,49.403,1391.698,False,0,False,,,,dcgm_not_available_for_node,,,,True,0.15555572509765625,1974.309,True,True,"{'activation_required': True, 'node_state_before': 'COLD', 'node_state': 'ACTIVE', 'activation_started_timestamp': 1788515773.810518, 'ready_timestamp': 1788515838.0394592, 'worker_start_ms': 1.131, 'model_remote_download_ms': 38072.92, 'model_load_ms': 26141.371, 'cuda_initialization_ms': None, 'endpoint_ready_ms': 64229.087, 'activation_time_ms': 64229.091, 'model_digest': 'baf6a787fdffd633537aa2eb51cfd54cb93ff08e28040095462bb63daf552878', 'transition': {'timestamp': 1788515838.0394762, 'node': 'nano', 'physical_node': 'etri-dev0001-jetorn', 'old_state': 'COLD', 'new_state': 'ACTIVE', 'reason': 'orin_nano_gpu_validation'}}",{},200.038,1788516190.608231,49.441,1394.79,43.574,True,1,llama3.2:1b,1321098329,True,baf6a787fdffd633537aa2eb51cfd54cb93ff08e28040095462bb63daf552878,etri-dev0001-jetorn,ACTIVE,380.0,7,47.732,1788515838.0394592,nano,15.092,16,True,nano,12.0,1788515838.0394762,nano,56.843,1788516190.7637868,4
0.0,1788515773.810518,1,True,True,3,1077,8,b03-o04-nano-c8,56.25,,194.459,49.379,1394.154,False,0,False,,,,dcgm_not_available_for_node,,,,True,0.0598299503326416,1974.309,True,True,"{'activation_required': True, 'node_state_before': 'COLD', 'node_state': 'ACTIVE', 'activation_started_timestamp': 1788515773.810518, 'ready_timestamp': 1788515838.0394592, 'worker_start_ms': 1.131, 'model_remote_download_ms': 38072.92, 'model_load_ms': 26141.371, 'cuda_initialization_ms': None, 'endpoint_ready_ms': 64229.087, 'activation_time_ms': 64229.091, 'model_digest': 'baf6a787fdffd633537aa2eb51cfd54cb93ff08e28040095462bb63daf552878', 'transition': {'timestamp': 1788515838.0394762, 'node': 'nano', 'physical_node': 'etri-dev0001-jetorn', 'old_state': 'COLD', 'new_state': 'ACTIVE', 'reason': 'orin_nano_gpu_validation'}}",{},194.476,1788516191.7759616,49.319,1394.127,43.574,True,1,llama3.2:1b,1321098329,True,baf6a787fdffd633537aa2eb51cfd54cb93ff08e28040095462bb63daf552878,etri-dev0001-jetorn,ACTIVE,380.0,7,47.735,1788515838.0394592,nano,15.59,16,True,nano,12.0,1788515838.0394762,nano,56.937,1788516191.8357916,4
0.0,1788515773.810518,1,True,True,3,1082,8,b03-o04-nano-c8,57.727,,197.152,49.236,1396.46,False,0,False,,,,dcgm_not_available_for_node,,,,True,0.16468453407287598,1974.309,True,True,"{'activation_required': True, 'node_state_before': 'COLD', 'node_state': 'ACTIVE', 'activation_started_timestamp': 1788515773.810518, 'ready_timestamp': 1788515838.0394592, 'worker_start_ms': 1.131, 'model_remote_download_ms': 38072.92, 'model_load_ms': 26141.371, 'cuda_initialization_ms': None, 'endpoint_ready_ms': 64229.087, 'activation_time_ms': 64229.091, 'model_digest': 'baf6a787fdffd633537aa2eb51cfd54cb93ff08e28040095462bb63daf552878', 'transition': {'timestamp': 1788515838.0394762, 'node': 'nano', 'physical_node': 'etri-dev0001-jetorn', 'old_state': 'COLD', 'new_state': 'ACTIVE', 'reason': 'orin_nano_gpu_validation'}}",{},195.431,1788516192.7642694,48.953,1400.702,43.531,True,1,llama3.2:1b,1321098329,True,baf6a787fdffd633537aa2eb51cfd54cb93ff08e28040095462bb63daf552878,etri-dev0001-jetorn,ACTIVE,380.0,7,47.741,1788515838.0394592,nano,15.841,16,True,nano,12.0,1788515838.0394762,nano,57.031,1788516192.928954,4
0.0,1788515773.810518,1,True,True,3,1088,8,b03-o04-nano-c8,58.427,,194.842,49.32,1402.206,False,0,False,,,,dcgm_not_available_for_node,,,,True,0.06411600112915039,1974.309,True,True,"{'activation_required': True, 'node_state_before': 'COLD', 'node_state': 'ACTIVE', 'activation_started_timestamp': 1788515773.810518, 'ready_timestamp': 1788515838.0394592, 'worker_start_ms': 1.131, 'model_remote_download_ms': 38072.92, 'model_load_ms': 26141.371, 'cuda_initialization_ms': None, 'endpoint_ready_ms': 64229.087, 'activation_time_ms': 64229.091, 'model_digest': 'baf6a787fdffd633537aa2eb51cfd54cb93ff08e28040095462bb63daf552878', 'transition': {'timestamp': 1788515838.0394762, 'node': 'nano', 'physical_node': 'etri-dev0001-jetorn', 'old_state': 'COLD', 'new_state': 'ACTIVE', 'reason': 'orin_nano_gpu_validation'}}",{},194.229,1788516193.933141,49.316,1403.822,43.531,True,1,llama3.2:1b,1321098329,True,baf6a787fdffd633537aa2eb51cfd54cb93ff08e28040095462bb63daf552878,etri-dev0001-jetorn,ACTIVE,380.0,7,47.74,1788515838.0394592,nano,13.859,16,True,nano,12.0,1788515838.0394762,nano,57.218,1788516193.997257,4
0.0,1788515773.810518,1,True,True,3,1093,8,b03-o04-nano-c8,59.004,,194.307,49.357,1390.905,False,0,False,,,,dcgm_not_available_for_node,,,,True,0.17072439193725586,1974.309,True,True,"{'activation_required': True, 'node_state_before': 'COLD', 'node_state': 'ACTIVE', 'activation_started_timestamp': 1788515773.810518, 'ready_timestamp': 1788515838.0394592, 'worker_start_ms': 1.131, 'model_remote_download_ms': 38072.92, 'model_load_ms': 26141.371, 'cuda_initialization_ms': None, 'endpoint_ready_ms': 64229.087, 'activation_time_ms': 64229.091, 'model_digest': 'baf6a787fdffd633537aa2eb51cfd54cb93ff08e28040095462bb63daf552878', 'transition': {'timestamp': 1788515838.0394762, 'node': 'nano', 'physical_node': 'etri-dev0001-jetorn', 'old_state': 'COLD', 'new_state': 'ACTIVE', 'reason': 'orin_nano_gpu_validation'}}",{},194.731,1788516194.9049087,49.381,1386.185,43.531,True,1,llama3.2:1b,1321098329,True,baf6a787fdffd633537aa2eb51cfd54cb93ff08e28040095462bb63daf552878,etri-dev0001-jetorn,ACTIVE,380.0,7,47.737,1788515838.0394592,nano,15.407,16,True,nano,12.0,1788515838.0394762,nano,57.343,1788516195.075633,4
0.0,1788515773.810518,1,True,True,3,1099,8,b03-o04-nano-c8,56.329,,194.815,49.208,1387.67,False,0,False,,,,dcgm_not_available_for_node,,,,True,0.05859375,1974.309,True,True,"{'activation_required': True, 'node_state_before': 'COLD', 'node_state': 'ACTIVE', 'activation_started_timestamp': 1788515773.810518, 'ready_timestamp': 1788515838.0394592, 'worker_start_ms': 1.131, 'model_remote_download_ms': 38072.92, 'model_load_ms': 26141.371, 'cuda_initialization_ms': None, 'endpoint_ready_ms': 64229.087, 'activation_time_ms': 64229.091, 'model_digest': 'baf6a787fdffd633537aa2eb51cfd54cb93ff08e28040095462bb63daf552878', 'transition': {'timestamp': 1788515838.0394762, 'node': 'nano', 'physical_node': 'etri-dev0001-jetorn', 'old_state': 'COLD', 'new_state': 'ACTIVE', 'reason': 'orin_nano_gpu_validation'}}",{},195.045,1788516196.0739603,49.093,1388.414,43.531,True,1,llama3.2:1b,1321098329,True,baf6a787fdffd633537aa2eb51cfd54cb93ff08e28040095462bb63daf552878,etri-dev0001-jetorn,ACTIVE,380.0,7,47.74,1788515838.0394592,nano,15.861,16,True,nano,12.0,1788515838.0394762,nano,57.062,1788516196.132554,4
0.0,1788515773.810518,1,True,True,3,1104,8,b03-o04-nano-c8,57.171,,194.7,49.24,1392.268,False,0,False,,,,dcgm_not_available_for_node,,,,True,0.16895484924316406,1974.309,True,True,"{'activation_required': True, 'node_state_before': 'COLD', 'node_state': 'ACTIVE', 'activation_started_timestamp': 1788515773.810518, 'ready_timestamp': 1788515838.0394592, 'worker_start_ms': 1.131, 'model_remote_download_ms': 38072.92, 'model_load_ms': 26141.371, 'cuda_initialization_ms': None, 'endpoint_ready_ms': 64229.087, 'activation_time_ms': 64229.091, 'model_digest': 'baf6a787fdffd633537aa2eb51cfd54cb93ff08e28040095462bb63daf552878', 'transition': {'timestamp': 1788515838.0394762, 'node': 'nano', 'physical_node': 'etri-dev0001-jetorn', 'old_state': 'COLD', 'new_state': 'ACTIVE', 'reason': 'orin_nano_gpu_validation'}}",{},195.901,1788516197.0491817,48.935,1396.237,43.531,True,1,llama3.2:1b,1321098329,True,baf6a787fdffd633537aa2eb51cfd54cb93ff08e28040095462bb63daf552878,etri-dev0001-jetorn,ACTIVE,380.0,7,47.739,1788515838.0394592,nano,15.899,16,True,nano,12.0,1788515838.0394762,nano,57.062,1788516197.2181365,4
0.0,1788515773.810518,1,True,True,3,1110,8,b03-o04-nano-c8,56.162,,194.904,49.365,1391.904,False,0,False,,,,dcgm_not_available_for_node,,,,True,0.07252144813537598,1974.309,True,True,"{'activation_required': True, 'node_state_before': 'COLD', 'node_state': 'ACTIVE', 'activation_started_timestamp': 1788515773.810518, 'ready_timestamp': 1788515838.0394592, 'worker_start_ms': 1.131, 'model_remote_download_ms': 38072.92, 'model_load_ms': 26141.371, 'cuda_initialization_ms': None, 'endpoint_ready_ms': 64229.087, 'activation_time_ms': 64229.091, 'model_digest': 'baf6a787fdffd633537aa2eb51cfd54cb93ff08e28040095462bb63daf552878', 'transition': {'timestamp': 1788515838.0394762, 'node': 'nano', 'physical_node': 'etri-dev0001-jetorn', 'old_state': 'COLD', 'new_state': 'ACTIVE', 'reason': 'orin_nano_gpu_validation'}}",{},195.555,1788516198.2197149,49.325,1390.744,43.531,True,1,llama3.2:1b,1321098329,True,baf6a787fdffd633537aa2eb51cfd54cb93ff08e28040095462bb63daf552878,etri-dev0001-jetorn,ACTIVE,380.0,2,47.739,1788515838.0394592,nano,17.85,16,True,nano,12.0,1788515838.0394762,nano,57.312,1788516198.2922363,4
0.0,1788515773.810518,1,True,True,3,1113,4,b03-o05-nano-c4,3.234,,195.457,49.224,1394.146,False,0,False,,,,dcgm_not_available_for_node,,,,True,3.041358709335327,1974.309,True,True,"{'activation_required': True, 'node_state_before': 'COLD', 'node_state': 'ACTIVE', 'activation_started_timestamp': 1788515773.810518, 'ready_timestamp': 1788515838.0394592, 'worker_start_ms': 1.131, 'model_remote_download_ms': 38072.92, 'model_load_ms': 26141.371, 'cuda_initialization_ms': None, 'endpoint_ready_ms': 64229.087, 'activation_time_ms': 64229.091, 'model_digest': 'baf6a787fdffd633537aa2eb51cfd54cb93ff08e28040095462bb63daf552878', 'transition': {'timestamp': 1788515838.0394762, 'node': 'nano', 'physical_node': 'etri-dev0001-jetorn', 'old_state': 'COLD', 'new_state': 'ACTIVE', 'reason': 'orin_nano_gpu_validation'}}",{},194.608,1788516198.8087583,49.531,1400.089,43.531,True,1,llama3.2:1b,1321098329,True,baf6a787fdffd633537aa2eb51cfd54cb93ff08e28040095462bb63daf552878,etri-dev0001-jetorn,ACTIVE,380.0,3,47.745,1788515838.0394592,nano,25.828,17,True,nano,12.0,1788515838.0394762,nano,53.75,1788516201.850117,5
0.0,1788515773.810518,1,True,True,3,1117,4,b03-o05-nano-c4,51.415,,223.699,44.799,819.948,False,0,False,,,,dcgm_not_available_for_node,,,,True,0.07213068008422852,1974.309,True,True,"{'activation_required': True, 'node_state_before': 'COLD', 'node_state': 'ACTIVE', 'activation_started_timestamp': 1788515773.810518, 'ready_timestamp': 1788515838.0394592, 'worker_start_ms': 1.131, 'model_remote_download_ms': 38072.92, 'model_load_ms': 26141.371, 'cuda_initialization_ms': None, 'endpoint_ready_ms': 64229.087, 'activation_time_ms': 64229.091, 'model_digest': 'baf6a787fdffd633537aa2eb51cfd54cb93ff08e28040095462bb63daf552878', 'transition': {'timestamp': 1788515838.0394762, 'node': 'nano', 'physical_node': 'etri-dev0001-jetorn', 'old_state': 'COLD', 'new_state': 'ACTIVE', 'reason': 'orin_nano_gpu_validation'}}",{},197.499,1788516202.8557425,48.907,827.782,43.531,True,1,llama3.2:1b,1321098329,True,baf6a787fdffd633537aa2eb51cfd54cb93ff08e28040095462bb63daf552878,etri-dev0001-jetorn,ACTIVE,380.0,3,47.746,1788515838.0394592,nano,26.269,17,True,nano,12.0,1788515838.0394762,nano,55.687,1788516202.9278731,5
0.0,1788515773.810518,1,True,True,3,1122,4,b03-o05-nano-c4,59.551,,201.583,48.352,674.217,False,0,False,,,,dcgm_not_available_for_node,,,,True,0.16160249710083008,1974.309,True,True,"{'activation_required': True, 'node_state_before': 'COLD', 'node_state': 'ACTIVE', 'activation_started_timestamp': 1788515773.810518, 'ready_timestamp': 1788515838.0394592, 'worker_start_ms': 1.131, 'model_remote_download_ms': 38072.92, 'model_load_ms': 26141.371, 'cuda_initialization_ms': None, 'endpoint_ready_ms': 64229.087, 'activation_time_ms': 64229.091, 'model_digest': 'baf6a787fdffd633537aa2eb51cfd54cb93ff08e28040095462bb63daf552878', 'transition': {'timestamp': 1788515838.0394762, 'node': 'nano', 'physical_node': 'etri-dev0001-jetorn', 'old_state': 'COLD', 'new_state': 'ACTIVE', 'reason': 'orin_nano_gpu_validation'}}",{},193.924,1788516203.8312204,49.545,612.346,43.531,True,1,llama3.2:1b,1321098329,True,baf6a787fdffd633537aa2eb51cfd54cb93ff08e28040095462bb63daf552878,etri-dev0001-jetorn,ACTIVE,380.0,3,47.749,1788515838.0394592,nano,13.842,17,True,nano,12.0,1788515838.0394762,nano,56.593,1788516203.992823,5
0.0,1788515773.810518,1,True,True,3,1128,4,b03-o05-nano-c4,54.921,,195.572,49.231,621.91,False,0,False,,,,dcgm_not_available_for_node,,,,True,0.05733656883239746,1974.309,True,True,"{'activation_required': True, 'node_state_before': 'COLD', 'node_state': 'ACTIVE', 'activation_started_timestamp': 1788515773.810518, 'ready_timestamp': 1788515838.0394592, 'worker_start_ms': 1.131, 'model_remote_download_ms': 38072.92, 'model_load_ms': 26141.371, 'cuda_initialization_ms': None, 'endpoint_ready_ms': 64229.087, 'activation_time_ms': 64229.091, 'model_digest': 'baf6a787fdffd633537aa2eb51cfd54cb93ff08e28040095462bb63daf552878', 'transition': {'timestamp': 1788515838.0394762, 'node': 'nano', 'physical_node': 'etri-dev0001-jetorn', 'old_state': 'COLD', 'new_state': 'ACTIVE', 'reason': 'orin_nano_gpu_validation'}}",{},194.368,1788516204.9992535,49.353,609.838,43.531,True,1,llama3.2:1b,1321098329,True,baf6a787fdffd633537aa2eb51cfd54cb93ff08e28040095462bb63daf552878,etri-dev0001-jetorn,ACTIVE,380.0,3,47.749,1788515838.0394592,nano,15.161,17,True,nano,12.0,1788515838.0394762,nano,56.468,1788516205.05659,5
0.0,1788515773.810518,1,True,True,3,1133,4,b03-o05-nano-c4,56.577,,194.751,49.297,613.218,False,0,False,,,,dcgm_not_available_for_node,,,,True,0.1395735740661621,1974.309,True,True,"{'activation_required': True, 'node_state_before': 'COLD', 'node_state': 'ACTIVE', 'activation_started_timestamp': 1788515773.810518, 'ready_timestamp': 1788515838.0394592, 'worker_start_ms': 1.131, 'model_remote_download_ms': 38072.92, 'model_load_ms': 26141.371, 'cuda_initialization_ms': None, 'endpoint_ready_ms': 64229.087, 'activation_time_ms': 64229.091, 'model_digest': 'baf6a787fdffd633537aa2eb51cfd54cb93ff08e28040095462bb63daf552878', 'transition': {'timestamp': 1788515838.0394762, 'node': 'nano', 'physical_node': 'etri-dev0001-jetorn', 'old_state': 'COLD', 'new_state': 'ACTIVE', 'reason': 'orin_nano_gpu_validation'}}",{},194.569,1788516205.9728343,49.43,611.913,43.531,True,1,llama3.2:1b,1321098329,True,baf6a787fdffd633537aa2eb51cfd54cb93ff08e28040095462bb63daf552878,etri-dev0001-jetorn,ACTIVE,380.0,3,47.752,1788515838.0394592,nano,13.663,17,True,nano,12.0,1788515838.0394762,nano,56.843,1788516206.112408,5
0.0,1788515773.810518,1,True,True,3,1139,4,b03-o05-nano-c4,56.418,,194.436,49.379,612.803,False,0,False,,,,dcgm_not_available_for_node,,,,True,0.029430150985717773,1974.309,True,True,"{'activation_required': True, 'node_state_before': 'COLD', 'node_state': 'ACTIVE', 'activation_started_timestamp': 1788515773.810518, 'ready_timestamp': 1788515838.0394592, 'worker_start_ms': 1.131, 'model_remote_download_ms': 38072.92, 'model_load_ms': 26141.371, 'cuda_initialization_ms': None, 'endpoint_ready_ms': 64229.087, 'activation_time_ms': 64229.091, 'model_digest': 'baf6a787fdffd633537aa2eb51cfd54cb93ff08e28040095462bb63daf552878', 'transition': {'timestamp': 1788515838.0394762, 'node': 'nano', 'physical_node': 'etri-dev0001-jetorn', 'old_state': 'COLD', 'new_state': 'ACTIVE', 'reason': 'orin_nano_gpu_validation'}}",{},194.227,1788516207.140961,49.426,610.296,43.785,True,1,llama3.2:1b,1321098329,True,baf6a787fdffd633537aa2eb51cfd54cb93ff08e28040095462bb63daf552878,etri-dev0001-jetorn,ACTIVE,380.0,3,47.748,1788515838.0394592,nano,15.167,17,True,nano,12.0,1788515838.0394762,nano,56.75,1788516207.170391,5
0.0,1788515773.810518,1,True,True,3,1144,4,b03-o05-nano-c4,56.719,,194.871,49.341,611.507,False,0,False,,,,dcgm_not_available_for_node,,,,True,0.12734055519104004,1974.309,True,True,"{'activation_required': True, 'node_state_before': 'COLD', 'node_state': 'ACTIVE', 'activation_started_timestamp': 1788515773.810518, 'ready_timestamp': 1788515838.0394592, 'worker_start_ms': 1.131, 'model_remote_download_ms': 38072.92, 'model_load_ms': 26141.371, 'cuda_initialization_ms': None, 'endpoint_ready_ms': 64229.087, 'activation_time_ms': 64229.091, 'model_digest': 'baf6a787fdffd633537aa2eb51cfd54cb93ff08e28040095462bb63daf552878', 'transition': {'timestamp': 1788515838.0394762, 'node': 'nano', 'physical_node': 'etri-dev0001-jetorn', 'old_state': 'COLD', 'new_state': 'ACTIVE', 'reason': 'orin_nano_gpu_validation'}}",{},194.915,1788516208.1169865,49.374,611.973,43.785,True,1,llama3.2:1b,1321098329,True,baf6a787fdffd633537aa2eb51cfd54cb93ff08e28040095462bb63daf552878,etri-dev0001-jetorn,ACTIVE,380.0,3,47.752,1788515838.0394592,nano,15.291,17,True,nano,12.0,1788515838.0394762,nano,57.281,1788516208.244327,5
0.0,1788515773.810518,1,True,True,3,1150,4,b03-o05-nano-c4,57.971,,195.241,49.236,615.535,False,0,False,,,,dcgm_not_available_for_node,,,,True,0.034084320068359375,1974.309,True,True,"{'activation_required': True, 'node_state_before': 'COLD', 'node_state': 'ACTIVE', 'activation_started_timestamp': 1788515773.810518, 'ready_timestamp': 1788515838.0394592, 'worker_start_ms': 1.131, 'model_remote_download_ms': 38072.92, 'model_load_ms': 26141.371, 'cuda_initialization_ms': None, 'endpoint_ready_ms': 64229.087, 'activation_time_ms': 64229.091, 'model_digest': 'baf6a787fdffd633537aa2eb51cfd54cb93ff08e28040095462bb63daf552878', 'transition': {'timestamp': 1788515838.0394762, 'node': 'nano', 'physical_node': 'etri-dev0001-jetorn', 'old_state': 'COLD', 'new_state': 'ACTIVE', 'reason': 'orin_nano_gpu_validation'}}",{},195.803,1788516209.2899392,49.155,624.389,43.785,True,1,llama3.2:1b,1321098329,True,baf6a787fdffd633537aa2eb51cfd54cb93ff08e28040095462bb63daf552878,etri-dev0001-jetorn,ACTIVE,380.0,3,47.754,1788515838.0394592,nano,14.391,17,True,nano,12.0,1788515838.0394762,nano,56.937,1788516209.3240235,5
0.0,1788515773.810518,1,True,True,3,1155,4,b03-o05-nano-c4,56.698,,194.723,49.328,613.015,False,0,False,,,,dcgm_not_available_for_node,,,,True,0.13689517974853516,1974.309,True,True,"{'activation_required': True, 'node_state_before': 'COLD', 'node_state': 'ACTIVE', 'activation_started_timestamp': 1788515773.810518, 'ready_timestamp': 1788515838.0394592, 'worker_start_ms': 1.131, 'model_remote_download_ms': 38072.92, 'model_load_ms': 26141.371, 'cuda_initialization_ms': None, 'endpoint_ready_ms': 64229.087, 'activation_time_ms': 64229.091, 'model_digest': 'baf6a787fdffd633537aa2eb51cfd54cb93ff08e28040095462bb63daf552878', 'transition': {'timestamp': 1788515838.0394762, 'node': 'nano', 'physical_node': 'etri-dev0001-jetorn', 'old_state': 'COLD', 'new_state': 'ACTIVE', 'reason': 'orin_nano_gpu_validation'}}",{},194.361,1788516210.2643778,49.305,611.112,43.785,True,1,llama3.2:1b,1321098329,True,baf6a787fdffd633537aa2eb51cfd54cb93ff08e28040095462bb63daf552878,etri-dev0001-jetorn,ACTIVE,380.0,3,47.764,1788515838.0394592,nano,21.551,17,True,nano,12.0,1788515838.0394762,nano,56.937,1788516210.401273,5
0.0,1788515773.810518,1,True,True,3,1161,4,b03-o05-nano-c4,59.155,,194.25,49.387,612.869,False,0,False,,,,dcgm_not_available_for_node,,,,True,0.057384490966796875,1974.309,True,True,"{'activation_required': True, 'node_state_before': 'COLD', 'node_state': 'ACTIVE', 'activation_started_timestamp': 1788515773.810518, 'ready_timestamp': 1788515838.0394592, 'worker_start_ms': 1.131, 'model_remote_download_ms': 38072.92, 'model_load_ms': 26141.371, 'cuda_initialization_ms': None, 'endpoint_ready_ms': 64229.087, 'activation_time_ms': 64229.091, 'model_digest': 'baf6a787fdffd633537aa2eb51cfd54cb93ff08e28040095462bb63daf552878', 'transition': {'timestamp': 1788515838.0394762, 'node': 'nano', 'physical_node': 'etri-dev0001-jetorn', 'old_state': 'COLD', 'new_state': 'ACTIVE', 'reason': 'orin_nano_gpu_validation'}}",{},194.29,1788516211.4321587,49.474,610.287,43.785,True,1,llama3.2:1b,1321098329,True,baf6a787fdffd633537aa2eb51cfd54cb93ff08e28040095462bb63daf552878,etri-dev0001-jetorn,ACTIVE,380.0,3,47.762,1788515838.0394592,nano,15.394,17,True,nano,12.0,1788515838.0394762,nano,57.125,1788516211.4895432,5
0.0,1788515773.810518,1,True,True,3,1166,4,b03-o05-nano-c4,56.808,,194.216,49.473,609.652,False,0,False,,,,dcgm_not_available_for_node,,,,True,0.1541287899017334,1974.309,True,True,"{'activation_required': True, 'node_state_before': 'COLD', 'node_state': 'ACTIVE', 'activation_started_timestamp': 1788515773.810518, 'ready_timestamp': 1788515838.0394592, 'worker_start_ms': 1.131, 'model_remote_download_ms': 38072.92, 'model_load_ms': 26141.371, 'cuda_initialization_ms': None, 'endpoint_ready_ms': 64229.087, 'activation_time_ms': 64229.091, 'model_digest': 'baf6a787fdffd633537aa2eb51cfd54cb93ff08e28040095462bb63daf552878', 'transition': {'timestamp': 1788515838.0394762, 'node': 'nano', 'physical_node': 'etri-dev0001-jetorn', 'old_state': 'COLD', 'new_state': 'ACTIVE', 'reason': 'orin_nano_gpu_validation'}}",{},194.49,1788516212.4044464,49.511,609.426,43.785,True,1,llama3.2:1b,1321098329,True,baf6a787fdffd633537aa2eb51cfd54cb93ff08e28040095462bb63daf552878,etri-dev0001-jetorn,ACTIVE,380.0,3,47.762,1788515838.0394592,nano,17.546,17,True,nano,12.0,1788515838.0394762,nano,57.375,1788516212.5585752,5
0.0,1788515773.810518,1,True,True,3,1172,4,b03-o05-nano-c4,55.712,,194.474,49.423,611.688,False,0,False,,,,dcgm_not_available_for_node,,,,True,0.06068778038024902,1974.309,True,True,"{'activation_required': True, 'node_state_before': 'COLD', 'node_state': 'ACTIVE', 'activation_started_timestamp': 1788515773.810518, 'ready_timestamp': 1788515838.0394592, 'worker_start_ms': 1.131, 'model_remote_download_ms': 38072.92, 'model_load_ms': 26141.371, 'cuda_initialization_ms': None, 'endpoint_ready_ms': 64229.087, 'activation_time_ms': 64229.091, 'model_digest': 'baf6a787fdffd633537aa2eb51cfd54cb93ff08e28040095462bb63daf552878', 'transition': {'timestamp': 1788515838.0394762, 'node': 'nano', 'physical_node': 'etri-dev0001-jetorn', 'old_state': 'COLD', 'new_state': 'ACTIVE', 'reason': 'orin_nano_gpu_validation'}}",{},193.943,1788516213.5738783,49.502,614.215,43.785,True,1,llama3.2:1b,1321098329,True,baf6a787fdffd633537aa2eb51cfd54cb93ff08e28040095462bb63daf552878,etri-dev0001-jetorn,ACTIVE,380.0,3,47.761,1788515838.0394592,nano,15.623,17,True,nano,12.0,1788515838.0394762,nano,57.375,1788516213.634566,5
0.0,1788515773.810518,1,True,True,3,1177,32,b03-o06-nano-c32,7.23,,195.351,49.329,614.576,False,0,False,,,,dcgm_not_available_for_node,,,,True,3.0316731929779053,1974.309,True,True,"{'activation_required': True, 'node_state_before': 'COLD', 'node_state': 'ACTIVE', 'activation_started_timestamp': 1788515773.810518, 'ready_timestamp': 1788515838.0394592, 'worker_start_ms': 1.131, 'model_remote_download_ms': 38072.92, 'model_load_ms': 26141.371, 'cuda_initialization_ms': None, 'endpoint_ready_ms': 64229.087, 'activation_time_ms': 64229.091, 'model_digest': 'baf6a787fdffd633537aa2eb51cfd54cb93ff08e28040095462bb63daf552878', 'transition': {'timestamp': 1788515838.0394762, 'node': 'nano', 'physical_node': 'etri-dev0001-jetorn', 'old_state': 'COLD', 'new_state': 'ACTIVE', 'reason': 'orin_nano_gpu_validation'}}",{},194.931,1788516214.5538273,49.329,616.518,43.785,True,1,llama3.2:1b,1321098329,True,baf6a787fdffd633537aa2eb51cfd54cb93ff08e28040095462bb63daf552878,etri-dev0001-jetorn,ACTIVE,380.0,11,47.788,1788515838.0394592,nano,116.349,18,True,nano,12.0,1788515838.0394762,nano,54.156,1788516217.5855005,6
0.0,1788515773.810518,1,True,True,3,1181,32,b03-o06-nano-c32,53.333,,226.882,44.138,581.262,False,0,False,,,,dcgm_not_available_for_node,,,,True,0.15657520294189453,1974.309,True,True,"{'activation_required': True, 'node_state_before': 'COLD', 'node_state': 'ACTIVE', 'activation_started_timestamp': 1788515773.810518, 'ready_timestamp': 1788515838.0394592, 'worker_start_ms': 1.131, 'model_remote_download_ms': 38072.92, 'model_load_ms': 26141.371, 'cuda_initialization_ms': None, 'endpoint_ready_ms': 64229.087, 'activation_time_ms': 64229.091, 'model_digest': 'baf6a787fdffd633537aa2eb51cfd54cb93ff08e28040095462bb63daf552878', 'transition': {'timestamp': 1788515838.0394762, 'node': 'nano', 'physical_node': 'etri-dev0001-jetorn', 'old_state': 'COLD', 'new_state': 'ACTIVE', 'reason': 'orin_nano_gpu_validation'}}",{},196.448,1788516218.6163378,49.415,847.994,43.785,True,1,llama3.2:1b,1321098329,True,baf6a787fdffd633537aa2eb51cfd54cb93ff08e28040095462bb63daf552878,etri-dev0001-jetorn,ACTIVE,380.0,31,47.869,1788515838.0394592,nano,17.591,18,True,nano,12.0,1788515838.0394762,nano,56.0,1788516218.772913,6
0.0,1788515773.810518,1,True,True,3,1187,32,b03-o06-nano-c32,57.143,,199.77,48.491,1477.224,False,0,False,,,,dcgm_not_available_for_node,,,,True,0.0697011947631836,1974.309,True,True,"{'activation_required': True, 'node_state_before': 'COLD', 'node_state': 'ACTIVE', 'activation_started_timestamp': 1788515773.810518, 'ready_timestamp': 1788515838.0394592, 'worker_start_ms': 1.131, 'model_remote_download_ms': 38072.92, 'model_load_ms': 26141.371, 'cuda_initialization_ms': None, 'endpoint_ready_ms': 64229.087, 'activation_time_ms': 64229.091, 'model_digest': 'baf6a787fdffd633537aa2eb51cfd54cb93ff08e28040095462bb63daf552878', 'transition': {'timestamp': 1788515838.0394762, 'node': 'nano', 'physical_node': 'etri-dev0001-jetorn', 'old_state': 'COLD', 'new_state': 'ACTIVE', 'reason': 'orin_nano_gpu_validation'}}",{},193.626,1788516219.783068,49.624,1993.916,43.785,True,1,llama3.2:1b,1321098329,True,baf6a787fdffd633537aa2eb51cfd54cb93ff08e28040095462bb63daf552878,etri-dev0001-jetorn,ACTIVE,380.0,31,47.835,1788515838.0394592,nano,14.591,18,True,nano,12.0,1788515838.0394762,nano,56.437,1788516219.8527691,6
0.0,1788515773.810518,1,True,True,3,1192,32,b03-o06-nano-c32,57.837,,195.57,49.117,2391.981,False,0,False,,,,dcgm_not_available_for_node,,,,True,0.1621389389038086,1974.309,True,True,"{'activation_required': True, 'node_state_before': 'COLD', 'node_state': 'ACTIVE', 'activation_started_timestamp': 1788515773.810518, 'ready_timestamp': 1788515838.0394592, 'worker_start_ms': 1.131, 'model_remote_download_ms': 38072.92, 'model_load_ms': 26141.371, 'cuda_initialization_ms': None, 'endpoint_ready_ms': 64229.087, 'activation_time_ms': 64229.091, 'model_digest': 'baf6a787fdffd633537aa2eb51cfd54cb93ff08e28040095462bb63daf552878', 'transition': {'timestamp': 1788515838.0394762, 'node': 'nano', 'physical_node': 'etri-dev0001-jetorn', 'old_state': 'COLD', 'new_state': 'ACTIVE', 'reason': 'orin_nano_gpu_validation'}}",{},193.69,1788516220.7573264,49.417,2956.098,43.785,True,1,llama3.2:1b,1321098329,True,baf6a787fdffd633537aa2eb51cfd54cb93ff08e28040095462bb63daf552878,etri-dev0001-jetorn,ACTIVE,380.0,31,47.775,1788515838.0394592,nano,15.35,18,True,nano,12.0,1788515838.0394762,nano,56.812,1788516220.9194653,6
0.0,1788515773.810518,1,True,True,3,1198,32,b03-o06-nano-c32,58.019,,194.517,49.371,3429.804,False,0,False,,,,dcgm_not_available_for_node,,,,True,0.06429028511047363,1974.309,True,True,"{'activation_required': True, 'node_state_before': 'COLD', 'node_state': 'ACTIVE', 'activation_started_timestamp': 1788515773.810518, 'ready_timestamp': 1788515838.0394592, 'worker_start_ms': 1.131, 'model_remote_download_ms': 38072.92, 'model_load_ms': 26141.371, 'cuda_initialization_ms': None, 'endpoint_ready_ms': 64229.087, 'activation_time_ms': 64229.091, 'model_digest': 'baf6a787fdffd633537aa2eb51cfd54cb93ff08e28040095462bb63daf552878', 'transition': {'timestamp': 1788515838.0394762, 'node': 'nano', 'physical_node': 'etri-dev0001-jetorn', 'old_state': 'COLD', 'new_state': 'ACTIVE', 'reason': 'orin_nano_gpu_validation'}}",{},193.998,1788516221.924174,49.511,3942.616,43.785,True,1,llama3.2:1b,1321098329,True,baf6a787fdffd633537aa2eb51cfd54cb93ff08e28040095462bb63daf552878,etri-dev0001-jetorn,ACTIVE,380.0,31,47.778,1788515838.0394592,nano,14.297,18,True,nano,12.0,1788515838.0394762,nano,57.062,1788516221.9884644,6
0.0,1788515773.810518,1,True,True,3,1203,32,b03-o06-nano-c32,55.222,,195.11,49.359,3869.772,False,0,False,,,,dcgm_not_available_for_node,,,,True,0.1479177474975586,1974.309,True,True,"{'activation_required': True, 'node_state_before': 'COLD', 'node_state': 'ACTIVE', 'activation_started_timestamp': 1788515773.810518, 'ready_timestamp': 1788515838.0394592, 'worker_start_ms': 1.131, 'model_remote_download_ms': 38072.92, 'model_load_ms': 26141.371, 'cuda_initialization_ms': None, 'endpoint_ready_ms': 64229.087, 'activation_time_ms': 64229.091, 'model_digest': 'baf6a787fdffd633537aa2eb51cfd54cb93ff08e28040095462bb63daf552878', 'transition': {'timestamp': 1788515838.0394762, 'node': 'nano', 'physical_node': 'etri-dev0001-jetorn', 'old_state': 'COLD', 'new_state': 'ACTIVE', 'reason': 'orin_nano_gpu_validation'}}",{},195.72,1788516222.9013572,49.373,4115.554,43.785,True,1,llama3.2:1b,1321098329,True,baf6a787fdffd633537aa2eb51cfd54cb93ff08e28040095462bb63daf552878,etri-dev0001-jetorn,ACTIVE,380.0,31,47.777,1788515838.0394592,nano,15.382,18,True,nano,12.0,1788515838.0394762,nano,56.937,1788516223.049275,6
0.0,1788515773.810518,1,True,True,3,1209,32,b03-o06-nano-c32,57.237,,196.223,49.323,4710.76,False,0,False,,,,dcgm_not_available_for_node,,,,True,0.030094385147094727,1974.309,True,True,"{'activation_required': True, 'node_state_before': 'COLD', 'node_state': 'ACTIVE', 'activation_started_timestamp': 1788515773.810518, 'ready_timestamp': 1788515838.0394592, 'worker_start_ms': 1.131, 'model_remote_download_ms': 38072.92, 'model_load_ms': 26141.371, 'cuda_initialization_ms': None, 'endpoint_ready_ms': 64229.087, 'activation_time_ms': 64229.091, 'model_digest': 'baf6a787fdffd633537aa2eb51cfd54cb93ff08e28040095462bb63daf552878', 'transition': {'timestamp': 1788515838.0394762, 'node': 'nano', 'physical_node': 'etri-dev0001-jetorn', 'old_state': 'COLD', 'new_state': 'ACTIVE', 'reason': 'orin_nano_gpu_validation'}}",{},200.046,1788516224.0785923,49.424,5223.465,43.785,True,1,llama3.2:1b,1321098329,True,baf6a787fdffd633537aa2eb51cfd54cb93ff08e28040095462bb63daf552878,etri-dev0001-jetorn,ACTIVE,380.0,31,47.777,1788515838.0394592,nano,15.31,18,True,nano,12.0,1788515838.0394762,nano,56.75,1788516224.1086867,6
0.0,1788515773.810518,1,True,True,3,1214,32,b03-o06-nano-c32,57.699,,196.32,48.878,5597.393,False,0,False,,,,dcgm_not_available_for_node,,,,True,0.09689211845397949,1974.309,True,True,"{'activation_required': True, 'node_state_before': 'COLD', 'node_state': 'ACTIVE', 'activation_started_timestamp': 1788515773.810518, 'ready_timestamp': 1788515838.0394592, 'worker_start_ms': 1.131, 'model_remote_download_ms': 38072.92, 'model_load_ms': 26141.371, 'cuda_initialization_ms': None, 'endpoint_ready_ms': 64229.087, 'activation_time_ms': 64229.091, 'model_digest': 'baf6a787fdffd633537aa2eb51cfd54cb93ff08e28040095462bb63daf552878', 'transition': {'timestamp': 1788515838.0394762, 'node': 'nano', 'physical_node': 'etri-dev0001-jetorn', 'old_state': 'COLD', 'new_state': 'ACTIVE', 'reason': 'orin_nano_gpu_validation'}}",{},199.947,1788516225.0585642,47.737,6071.38,43.785,True,1,llama3.2:1b,1321098329,True,baf6a787fdffd633537aa2eb51cfd54cb93ff08e28040095462bb63daf552878,etri-dev0001-jetorn,ACTIVE,380.0,31,47.771,1788515838.0394592,nano,14.554,18,True,nano,12.0,1788515838.0394762,nano,56.812,1788516225.1554563,6
0.0,1788515773.810518,1,True,True,3,1220,32,b03-o06-nano-c32,55.988,,194.56,49.265,5993.261,False,0,False,,,,dcgm_not_available_for_node,,,,True,0.011907339096069336,1974.309,True,True,"{'activation_required': True, 'node_state_before': 'COLD', 'node_state': 'ACTIVE', 'activation_started_timestamp': 1788515773.810518, 'ready_timestamp': 1788515838.0394592, 'worker_start_ms': 1.131, 'model_remote_download_ms': 38072.92, 'model_load_ms': 26141.371, 'cuda_initialization_ms': None, 'endpoint_ready_ms': 64229.087, 'activation_time_ms': 64229.091, 'model_digest': 'baf6a787fdffd633537aa2eb51cfd54cb93ff08e28040095462bb63daf552878', 'transition': {'timestamp': 1788515838.0394762, 'node': 'nano', 'physical_node': 'etri-dev0001-jetorn', 'old_state': 'COLD', 'new_state': 'ACTIVE', 'reason': 'orin_nano_gpu_validation'}}",{},193.675,1788516226.226207,49.366,6079.82,43.785,True,1,llama3.2:1b,1321098329,True,baf6a787fdffd633537aa2eb51cfd54cb93ff08e28040095462bb63daf552878,etri-dev0001-jetorn,ACTIVE,380.0,31,47.766,1788515838.0394592,nano,13.51,18,True,nano,12.0,1788515838.0394762,nano,57.0,1788516226.2381144,6
0.0,1788515773.810518,1,True,True,3,1225,32,b03-o06-nano-c32,55.616,,194.697,49.321,6059.482,False,0,False,,,,dcgm_not_available_for_node,,,,True,0.0838632583618164,1974.309,True,True,"{'activation_required': True, 'node_state_before': 'COLD', 'node_state': 'ACTIVE', 'activation_started_timestamp': 1788515773.810518, 'ready_timestamp': 1788515838.0394592, 'worker_start_ms': 1.131, 'model_remote_download_ms': 38072.92, 'model_load_ms': 26141.371, 'cuda_initialization_ms': None, 'endpoint_ready_ms': 64229.087, 'activation_time_ms': 64229.091, 'model_digest': 'baf6a787fdffd633537aa2eb51cfd54cb93ff08e28040095462bb63daf552878', 'transition': {'timestamp': 1788515838.0394762, 'node': 'nano', 'physical_node': 'etri-dev0001-jetorn', 'old_state': 'COLD', 'new_state': 'ACTIVE', 'reason': 'orin_nano_gpu_validation'}}",{},194.879,1788516227.2011085,49.362,6080.555,43.785,True,1,llama3.2:1b,1321098329,True,baf6a787fdffd633537aa2eb51cfd54cb93ff08e28040095462bb63daf552878,etri-dev0001-jetorn,ACTIVE,380.0,31,47.763,1788515838.0394592,nano,26.291,18,True,nano,12.0,1788515838.0394762,nano,57.062,1788516227.2849717,6
0.0,1788515773.810518,1,True,True,3,1230,32,b03-o06-nano-c32,57.121,,194.702,49.47,6076.709,False,0,False,,,,dcgm_not_available_for_node,,,,True,0.186417818069458,1974.309,True,True,"{'activation_required': True, 'node_state_before': 'COLD', 'node_state': 'ACTIVE', 'activation_started_timestamp': 1788515773.810518, 'ready_timestamp': 1788515838.0394592, 'worker_start_ms': 1.131, 'model_remote_download_ms': 38072.92, 'model_load_ms': 26141.371, 'cuda_initialization_ms': None, 'endpoint_ready_ms': 64229.087, 'activation_time_ms': 64229.091, 'model_digest': 'baf6a787fdffd633537aa2eb51cfd54cb93ff08e28040095462bb63daf552878', 'transition': {'timestamp': 1788515838.0394762, 'node': 'nano', 'physical_node': 'etri-dev0001-jetorn', 'old_state': 'COLD', 'new_state': 'ACTIVE', 'reason': 'orin_nano_gpu_validation'}}",{},194.789,1788516228.1752336,49.511,6083.183,43.785,True,1,llama3.2:1b,1321098329,True,baf6a787fdffd633537aa2eb51cfd54cb93ff08e28040095462bb63daf552878,etri-dev0001-jetorn,ACTIVE,380.0,31,47.764,1788515838.0394592,nano,20.774,18,True,nano,12.0,1788515838.0394762,nano,57.031,1788516228.3616514,6
0.0,1788515773.810518,1,True,True,3,1236,32,b03-o06-nano-c32,57.143,,195.326,49.414,6090.076,False,0,False,,,,dcgm_not_available_for_node,,,,True,0.07399392127990723,1974.309,True,True,"{'activation_required': True, 'node_state_before': 'COLD', 'node_state': 'ACTIVE', 'activation_started_timestamp': 1788515773.810518, 'ready_timestamp': 1788515838.0394592, 'worker_start_ms': 1.131, 'model_remote_download_ms': 38072.92, 'model_load_ms': 26141.371, 'cuda_initialization_ms': None, 'endpoint_ready_ms': 64229.087, 'activation_time_ms': 64229.091, 'model_digest': 'baf6a787fdffd633537aa2eb51cfd54cb93ff08e28040095462bb63daf552878', 'transition': {'timestamp': 1788515838.0394762, 'node': 'nano', 'physical_node': 'etri-dev0001-jetorn', 'old_state': 'COLD', 'new_state': 'ACTIVE', 'reason': 'orin_nano_gpu_validation'}}",{},193.568,1788516229.3553903,49.477,6090.396,43.785,True,1,llama3.2:1b,1321098329,True,baf6a787fdffd633537aa2eb51cfd54cb93ff08e28040095462bb63daf552878,etri-dev0001-jetorn,ACTIVE,380.0,31,47.762,1788515838.0394592,nano,16.271,18,True,nano,12.0,1788515838.0394762,nano,57.125,1788516229.4293842,6
0.0,1788515773.810518,1,True,True,3,1241,32,b03-o06-nano-c32,56.429,,195.106,49.367,6088.351,False,0,False,,,,dcgm_not_available_for_node,,,,True,0.17544293403625488,1974.309,True,True,"{'activation_required': True, 'node_state_before': 'COLD', 'node_state': 'ACTIVE', 'activation_started_timestamp': 1788515773.810518, 'ready_timestamp': 1788515838.0394592, 'worker_start_ms': 1.131, 'model_remote_download_ms': 38072.92, 'model_load_ms': 26141.371, 'cuda_initialization_ms': None, 'endpoint_ready_ms': 64229.087, 'activation_time_ms': 64229.091, 'model_digest': 'baf6a787fdffd633537aa2eb51cfd54cb93ff08e28040095462bb63daf552878', 'transition': {'timestamp': 1788515838.0394762, 'node': 'nano', 'physical_node': 'etri-dev0001-jetorn', 'old_state': 'COLD', 'new_state': 'ACTIVE', 'reason': 'orin_nano_gpu_validation'}}",{},196.54,1788516230.3310912,49.31,6088.754,43.785,True,1,llama3.2:1b,1321098329,True,baf6a787fdffd633537aa2eb51cfd54cb93ff08e28040095462bb63daf552878,etri-dev0001-jetorn,ACTIVE,380.0,27,47.764,1788515838.0394592,nano,15.036,18,True,nano,12.0,1788515838.0394762,nano,57.281,1788516230.506534,6
0.0,1788515773.810518,1,True,True,3,1247,32,b03-o06-nano-c32,55.365,,195.424,49.287,6093.707,False,0,False,,,,dcgm_not_available_for_node,,,,True,0.07058906555175781,1974.309,True,True,"{'activation_required': True, 'node_state_before': 'COLD', 'node_state': 'ACTIVE', 'activation_started_timestamp': 1788515773.810518, 'ready_timestamp': 1788515838.0394592, 'worker_start_ms': 1.131, 'model_remote_download_ms': 38072.92, 'model_load_ms': 26141.371, 'cuda_initialization_ms': None, 'endpoint_ready_ms': 64229.087, 'activation_time_ms': 64229.091, 'model_digest': 'baf6a787fdffd633537aa2eb51cfd54cb93ff08e28040095462bb63daf552878', 'transition': {'timestamp': 1788515838.0394762, 'node': 'nano', 'physical_node': 'etri-dev0001-jetorn', 'old_state': 'COLD', 'new_state': 'ACTIVE', 'reason': 'orin_nano_gpu_validation'}}",{},194.292,1788516231.5139418,49.398,6093.49,43.785,True,1,llama3.2:1b,1321098329,True,baf6a787fdffd633537aa2eb51cfd54cb93ff08e28040095462bb63daf552878,etri-dev0001-jetorn,ACTIVE,380.0,21,47.735,1788515838.0394592,nano,13.304,18,True,nano,12.0,1788515838.0394762,nano,57.218,1788516231.5845308,6
0.0,1788515773.810518,1,True,True,3,1252,32,b03-o06-nano-c32,58.034,,195.58,49.176,6093.56,False,0,False,,,,dcgm_not_available_for_node,,,,True,0.15458130836486816,1974.309,True,True,"{'activation_required': True, 'node_state_before': 'COLD', 'node_state': 'ACTIVE', 'activation_started_timestamp': 1788515773.810518, 'ready_timestamp': 1788515838.0394592, 'worker_start_ms': 1.131, 'model_remote_download_ms': 38072.92, 'model_load_ms': 26141.371, 'cuda_initialization_ms': None, 'endpoint_ready_ms': 64229.087, 'activation_time_ms': 64229.091, 'model_digest': 'baf6a787fdffd633537aa2eb51cfd54cb93ff08e28040095462bb63daf552878', 'transition': {'timestamp': 1788515838.0394762, 'node': 'nano', 'physical_node': 'etri-dev0001-jetorn', 'old_state': 'COLD', 'new_state': 'ACTIVE', 'reason': 'orin_nano_gpu_validation'}}",{},197.956,1788516232.4923768,48.455,6093.695,43.785,True,1,llama3.2:1b,1321098329,True,baf6a787fdffd633537aa2eb51cfd54cb93ff08e28040095462bb63daf552878,etri-dev0001-jetorn,ACTIVE,380.0,16,47.745,1788515838.0394592,nano,16.565,18,True,nano,12.0,1788515838.0394762,nano,57.343,1788516232.646958,6
0.0,1788515773.810518,1,True,True,3,1258,32,b03-o06-nano-c32,58.034,,195.934,49.343,6108.82,False,0,False,,,,dcgm_not_available_for_node,,,,True,0.03598332405090332,1974.309,True,True,"{'activation_required': True, 'node_state_before': 'COLD', 'node_state': 'ACTIVE', 'activation_started_timestamp': 1788515773.810518, 'ready_timestamp': 1788515838.0394592, 'worker_start_ms': 1.131, 'model_remote_download_ms': 38072.92, 'model_load_ms': 26141.371, 'cuda_initialization_ms': None, 'endpoint_ready_ms': 64229.087, 'activation_time_ms': 64229.091, 'model_digest': 'baf6a787fdffd633537aa2eb51cfd54cb93ff08e28040095462bb63daf552878', 'transition': {'timestamp': 1788515838.0394762, 'node': 'nano', 'physical_node': 'etri-dev0001-jetorn', 'old_state': 'COLD', 'new_state': 'ACTIVE', 'reason': 'orin_nano_gpu_validation'}}",{},194.319,1788516233.6769528,49.454,6113.902,43.738,True,1,llama3.2:1b,1321098329,True,baf6a787fdffd633537aa2eb51cfd54cb93ff08e28040095462bb63daf552878,etri-dev0001-jetorn,ACTIVE,380.0,10,47.709,1788515838.0394592,nano,18.246,18,True,nano,12.0,1788515838.0394762,nano,57.687,1788516233.7129362,6
0.0,1788515773.810518,1,True,True,3,1263,32,b03-o06-nano-c32,57.66,,196.108,49.062,6118.155,False,0,False,,,,dcgm_not_available_for_node,,,,True,0.12260890007019043,1974.309,True,True,"{'activation_required': True, 'node_state_before': 'COLD', 'node_state': 'ACTIVE', 'activation_started_timestamp': 1788515773.810518, 'ready_timestamp': 1788515838.0394592, 'worker_start_ms': 1.131, 'model_remote_download_ms': 38072.92, 'model_load_ms': 26141.371, 'cuda_initialization_ms': None, 'endpoint_ready_ms': 64229.087, 'activation_time_ms': 64229.091, 'model_digest': 'baf6a787fdffd633537aa2eb51cfd54cb93ff08e28040095462bb63daf552878', 'transition': {'timestamp': 1788515838.0394762, 'node': 'nano', 'physical_node': 'etri-dev0001-jetorn', 'old_state': 'COLD', 'new_state': 'ACTIVE', 'reason': 'orin_nano_gpu_validation'}}",{},196.219,1788516234.6622882,49.064,6123.261,43.738,True,1,llama3.2:1b,1321098329,True,baf6a787fdffd633537aa2eb51cfd54cb93ff08e28040095462bb63daf552878,etri-dev0001-jetorn,ACTIVE,380.0,5,47.705,1788515838.0394592,nano,22.44,18,True,nano,12.0,1788515838.0394762,nano,57.468,1788516234.784897,6
