activation_estimate_ms,activation_started_timestamp,active_requests,agent_healthy,available,block,completed_requests,concurrency,condition_id,cpu_utilization_percent,deactivation_timestamp,ewma_inference_ms,ewma_tokens_per_second,ewma_ttft_ms,excluded,failed_requests,gpu_measurement_attributable,gpu_memory_total_mib,gpu_memory_used_mib,gpu_memory_utilization_percent,gpu_metrics_reason,gpu_model,gpu_temperature_celsius,gpu_utilization_percent,healthy,idle_seconds,inference_process_rss_mib,inference_ready,inference_worker_running,last_activation,last_deactivation,last_inference_ms,last_request_timestamp,last_tokens_per_second,last_ttft_ms,management_process_rss_mib,management_runtime_running,max_concurrency,model,model_cache_bytes,model_cached,model_digest,node_id,node_state,profile_inference_ms,queue_length,ram_utilization_percent,ready_timestamp,role,rtt_ms,run_order,runtime_running,sampled_node,stage_seconds,state_changed_timestamp,target_node,temperature_celsius,timestamp,within_block_order
0.0,1788523155.4658194,1,True,True,1,2,4,b01-o01-spark-c4,3.917,,250.009,129.37,7.612,False,0,False,15840.0,1672.0,10.556,dcgm_shared_with_existing_workload,NVIDIA GeForce RTX 5080,49.0,0.0,True,0.0,938.086,True,True,"{'activation_required': True, 'node_state_before': 'COLD', 'node_state': 'ACTIVE', 'activation_started_timestamp': 1788523155.4658194, 'ready_timestamp': 1788523190.5512455, 'worker_start_ms': 1.502, 'model_remote_download_ms': 17584.103, 'model_load_ms': 17493.29, 'cuda_initialization_ms': None, 'endpoint_ready_ms': 35085.449, 'activation_time_ms': 35085.45, 'model_digest': 'baf6a787fdffd633537aa2eb51cfd54cb93ff08e28040095462bb63daf552878', 'transition': {'timestamp': 1788523190.5512486, 'node': 'spark', 'physical_node': 'etri-ser0002-cgnmsb', 'old_state': 'COLD', 'new_state': 'ACTIVE', 'reason': 'rtx5080_cold_trial_1'}}",{},26.121,1788523197.9327931,481.667,7.023,354.262,True,1,llama3.2:1b,1321098329,True,baf6a787fdffd633537aa2eb51cfd54cb93ff08e28040095462bb63daf552878,etri-ser0002-cgnmsb,ACTIVE,206.0,2,27.579,1788523190.5512455,spark,15.619,1,True,spark,12.0,1788523190.5512486,spark,46.0,1788523197.9299467,1
0.0,1788523155.4658194,1,True,True,1,55,4,b01-o01-spark-c4,11.037,,20.059,541.912,63.43,False,0,False,15840.0,1672.0,10.556,dcgm_shared_with_existing_workload,NVIDIA GeForce RTX 5080,49.0,0.0,True,0.0,938.934,True,True,"{'activation_required': True, 'node_state_before': 'COLD', 'node_state': 'ACTIVE', 'activation_started_timestamp': 1788523155.4658194, 'ready_timestamp': 1788523190.5512455, 'worker_start_ms': 1.502, 'model_remote_download_ms': 17584.103, 'model_load_ms': 17493.29, 'cuda_initialization_ms': None, 'endpoint_ready_ms': 35085.449, 'activation_time_ms': 35085.45, 'model_digest': 'baf6a787fdffd633537aa2eb51cfd54cb93ff08e28040095462bb63daf552878', 'transition': {'timestamp': 1788523190.5512486, 'node': 'spark', 'physical_node': 'etri-ser0002-cgnmsb', 'old_state': 'COLD', 'new_state': 'ACTIVE', 'reason': 'rtx5080_cold_trial_1'}}",{},19.745,1788523198.9893167,540.212,63.472,342.52,True,1,llama3.2:1b,1321098329,True,baf6a787fdffd633537aa2eb51cfd54cb93ff08e28040095462bb63daf552878,etri-ser0002-cgnmsb,ACTIVE,206.0,2,27.558,1788523190.5512455,spark,9.524,1,True,spark,12.0,1788523190.5512486,spark,49.0,1788523198.9884768,1
0.0,1788523155.4658194,1,True,True,1,106,4,b01-o01-spark-c4,10.243,,19.758,537.859,63.302,False,0,False,15840.0,1672.0,10.556,dcgm_shared_with_existing_workload,NVIDIA GeForce RTX 5080,49.0,0.0,True,0.002393484115600586,938.969,True,True,"{'activation_required': True, 'node_state_before': 'COLD', 'node_state': 'ACTIVE', 'activation_started_timestamp': 1788523155.4658194, 'ready_timestamp': 1788523190.5512455, 'worker_start_ms': 1.502, 'model_remote_download_ms': 17584.103, 'model_load_ms': 17493.29, 'cuda_initialization_ms': None, 'endpoint_ready_ms': 35085.449, 'activation_time_ms': 35085.45, 'model_digest': 'baf6a787fdffd633537aa2eb51cfd54cb93ff08e28040095462bb63daf552878', 'transition': {'timestamp': 1788523190.5512486, 'node': 'spark', 'physical_node': 'etri-ser0002-cgnmsb', 'old_state': 'COLD', 'new_state': 'ACTIVE', 'reason': 'rtx5080_cold_trial_1'}}",{},19.378,1788523200.0364833,545.293,63.097,342.105,True,1,llama3.2:1b,1321098329,True,baf6a787fdffd633537aa2eb51cfd54cb93ff08e28040095462bb63daf552878,etri-ser0002-cgnmsb,ACTIVE,206.0,3,27.559,1788523190.5512455,spark,4.654,1,True,spark,12.0,1788523190.5512486,spark,59.05,1788523200.0388768,1
0.0,1788523155.4658194,1,True,True,1,160,4,b01-o01-spark-c4,11.085,,19.416,544.417,61.071,False,0,False,15840.0,1672.0,10.556,dcgm_shared_with_existing_workload,NVIDIA GeForce RTX 5080,49.0,0.0,True,0.004152536392211914,939.004,True,True,"{'activation_required': True, 'node_state_before': 'COLD', 'node_state': 'ACTIVE', 'activation_started_timestamp': 1788523155.4658194, 'ready_timestamp': 1788523190.5512455, 'worker_start_ms': 1.502, 'model_remote_download_ms': 17584.103, 'model_load_ms': 17493.29, 'cuda_initialization_ms': None, 'endpoint_ready_ms': 35085.449, 'activation_time_ms': 35085.45, 'model_digest': 'baf6a787fdffd633537aa2eb51cfd54cb93ff08e28040095462bb63daf552878', 'transition': {'timestamp': 1788523190.5512486, 'node': 'spark', 'physical_node': 'etri-ser0002-cgnmsb', 'old_state': 'COLD', 'new_state': 'ACTIVE', 'reason': 'rtx5080_cold_trial_1'}}",{},18.762,1788523201.0834227,546.635,61.757,342.074,True,1,llama3.2:1b,1321098329,True,baf6a787fdffd633537aa2eb51cfd54cb93ff08e28040095462bb63daf552878,etri-ser0002-cgnmsb,ACTIVE,206.0,3,27.565,1788523190.5512455,spark,8.099,1,True,spark,12.0,1788523190.5512486,spark,59.05,1788523201.0875752,1
0.0,1788523155.4658194,1,True,True,1,212,4,b01-o01-spark-c4,10.786,,20.11,541.971,64.076,False,0,False,15840.0,1672.0,10.556,dcgm_shared_with_existing_workload,NVIDIA GeForce RTX 5080,49.0,0.0,True,0.016002178192138672,939.016,True,True,"{'activation_required': True, 'node_state_before': 'COLD', 'node_state': 'ACTIVE', 'activation_started_timestamp': 1788523155.4658194, 'ready_timestamp': 1788523190.5512455, 'worker_start_ms': 1.502, 'model_remote_download_ms': 17584.103, 'model_load_ms': 17493.29, 'cuda_initialization_ms': None, 'endpoint_ready_ms': 35085.449, 'activation_time_ms': 35085.45, 'model_digest': 'baf6a787fdffd633537aa2eb51cfd54cb93ff08e28040095462bb63daf552878', 'transition': {'timestamp': 1788523190.5512486, 'node': 'spark', 'physical_node': 'etri-ser0002-cgnmsb', 'old_state': 'COLD', 'new_state': 'ACTIVE', 'reason': 'rtx5080_cold_trial_1'}}",{},19.699,1788523202.1192513,540.03,64.411,342.004,True,1,llama3.2:1b,1321098329,True,baf6a787fdffd633537aa2eb51cfd54cb93ff08e28040095462bb63daf552878,etri-ser0002-cgnmsb,ACTIVE,206.0,3,27.566,1788523190.5512455,spark,5.903,1,True,spark,12.0,1788523190.5512486,spark,60.05,1788523202.1352534,1
0.0,1788523155.4658194,1,True,True,1,263,4,b01-o01-spark-c4,10.514,,20.656,511.399,65.248,False,0,False,15840.0,1672.0,10.556,dcgm_shared_with_existing_workload,NVIDIA GeForce RTX 5080,49.0,0.0,True,0.019272804260253906,939.027,True,True,"{'activation_required': True, 'node_state_before': 'COLD', 'node_state': 'ACTIVE', 'activation_started_timestamp': 1788523155.4658194, 'ready_timestamp': 1788523190.5512455, 'worker_start_ms': 1.502, 'model_remote_download_ms': 17584.103, 'model_load_ms': 17493.29, 'cuda_initialization_ms': None, 'endpoint_ready_ms': 35085.449, 'activation_time_ms': 35085.45, 'model_digest': 'baf6a787fdffd633537aa2eb51cfd54cb93ff08e28040095462bb63daf552878', 'transition': {'timestamp': 1788523190.5512486, 'node': 'spark', 'physical_node': 'etri-ser0002-cgnmsb', 'old_state': 'COLD', 'new_state': 'ACTIVE', 'reason': 'rtx5080_cold_trial_1'}}",{},21.083,1788523203.1659968,499.095,63.766,342.098,True,1,llama3.2:1b,1321098329,True,baf6a787fdffd633537aa2eb51cfd54cb93ff08e28040095462bb63daf552878,etri-ser0002-cgnmsb,ACTIVE,206.0,3,27.566,1788523190.5512455,spark,6.065,1,True,spark,12.0,1788523190.5512486,spark,49.05,1788523203.1852696,1
0.0,1788523155.4658194,1,True,True,1,315,4,b01-o01-spark-c4,11.136,,19.878,542.154,62.07,False,0,False,15840.0,1672.0,10.556,dcgm_shared_with_existing_workload,NVIDIA GeForce RTX 5080,49.0,0.0,True,0.0,939.027,True,True,"{'activation_required': True, 'node_state_before': 'COLD', 'node_state': 'ACTIVE', 'activation_started_timestamp': 1788523155.4658194, 'ready_timestamp': 1788523190.5512455, 'worker_start_ms': 1.502, 'model_remote_download_ms': 17584.103, 'model_load_ms': 17493.29, 'cuda_initialization_ms': None, 'endpoint_ready_ms': 35085.449, 'activation_time_ms': 35085.45, 'model_digest': 'baf6a787fdffd633537aa2eb51cfd54cb93ff08e28040095462bb63daf552878', 'transition': {'timestamp': 1788523190.5512486, 'node': 'spark', 'physical_node': 'etri-ser0002-cgnmsb', 'old_state': 'COLD', 'new_state': 'ACTIVE', 'reason': 'rtx5080_cold_trial_1'}}",{},20.129,1788523204.2374966,544.625,62.218,342.703,True,1,llama3.2:1b,1321098329,True,baf6a787fdffd633537aa2eb51cfd54cb93ff08e28040095462bb63daf552878,etri-ser0002-cgnmsb,ACTIVE,206.0,2,27.57,1788523190.5512455,spark,7.866,1,True,spark,12.0,1788523190.5512486,spark,49.05,1788523204.2365434,1
0.0,1788523155.4658194,1,True,True,1,368,4,b01-o01-spark-c4,11.569,,19.27,543.984,60.3,False,0,False,15840.0,1672.0,10.556,dcgm_shared_with_existing_workload,NVIDIA GeForce RTX 5080,49.0,0.0,True,0.008260250091552734,939.027,True,True,"{'activation_required': True, 'node_state_before': 'COLD', 'node_state': 'ACTIVE', 'activation_started_timestamp': 1788523155.4658194, 'ready_timestamp': 1788523190.5512455, 'worker_start_ms': 1.502, 'model_remote_download_ms': 17584.103, 'model_load_ms': 17493.29, 'cuda_initialization_ms': None, 'endpoint_ready_ms': 35085.449, 'activation_time_ms': 35085.45, 'model_digest': 'baf6a787fdffd633537aa2eb51cfd54cb93ff08e28040095462bb63daf552878', 'transition': {'timestamp': 1788523190.5512486, 'node': 'spark', 'physical_node': 'etri-ser0002-cgnmsb', 'old_state': 'COLD', 'new_state': 'ACTIVE', 'reason': 'rtx5080_cold_trial_1'}}",{},19.468,1788523205.2848804,541.895,59.159,342.273,True,1,llama3.2:1b,1321098329,True,baf6a787fdffd633537aa2eb51cfd54cb93ff08e28040095462bb63daf552878,etri-ser0002-cgnmsb,ACTIVE,206.0,3,27.571,1788523190.5512455,spark,7.351,1,True,spark,12.0,1788523190.5512486,spark,59.05,1788523205.2931406,1
0.0,1788523155.4658194,1,True,True,1,422,4,b01-o01-spark-c4,10.372,,19.883,540.572,61.061,False,0,False,15840.0,1672.0,10.556,dcgm_shared_with_existing_workload,NVIDIA GeForce RTX 5080,49.0,0.0,True,0.00443267822265625,939.031,True,True,"{'activation_required': True, 'node_state_before': 'COLD', 'node_state': 'ACTIVE', 'activation_started_timestamp': 1788523155.4658194, 'ready_timestamp': 1788523190.5512455, 'worker_start_ms': 1.502, 'model_remote_download_ms': 17584.103, 'model_load_ms': 17493.29, 'cuda_initialization_ms': None, 'endpoint_ready_ms': 35085.449, 'activation_time_ms': 35085.45, 'model_digest': 'baf6a787fdffd633537aa2eb51cfd54cb93ff08e28040095462bb63daf552878', 'transition': {'timestamp': 1788523190.5512486, 'node': 'spark', 'physical_node': 'etri-ser0002-cgnmsb', 'old_state': 'COLD', 'new_state': 'ACTIVE', 'reason': 'rtx5080_cold_trial_1'}}",{},20.608,1788523206.3448179,539.011,61.811,341.977,True,1,llama3.2:1b,1321098329,True,baf6a787fdffd633537aa2eb51cfd54cb93ff08e28040095462bb63daf552878,etri-ser0002-cgnmsb,ACTIVE,206.0,3,27.573,1788523190.5512455,spark,7.859,1,True,spark,12.0,1788523190.5512486,spark,55.05,1788523206.3492506,1
0.0,1788523155.4658194,1,True,True,1,474,4,b01-o01-spark-c4,10.955,,20.066,542.3,62.922,False,0,False,15840.0,1672.0,10.556,dcgm_shared_with_existing_workload,NVIDIA GeForce RTX 5080,49.0,0.0,True,0.009886503219604492,939.035,True,True,"{'activation_required': True, 'node_state_before': 'COLD', 'node_state': 'ACTIVE', 'activation_started_timestamp': 1788523155.4658194, 'ready_timestamp': 1788523190.5512455, 'worker_start_ms': 1.502, 'model_remote_download_ms': 17584.103, 'model_load_ms': 17493.29, 'cuda_initialization_ms': None, 'endpoint_ready_ms': 35085.449, 'activation_time_ms': 35085.45, 'model_digest': 'baf6a787fdffd633537aa2eb51cfd54cb93ff08e28040095462bb63daf552878', 'transition': {'timestamp': 1788523190.5512486, 'node': 'spark', 'physical_node': 'etri-ser0002-cgnmsb', 'old_state': 'COLD', 'new_state': 'ACTIVE', 'reason': 'rtx5080_cold_trial_1'}}",{},20.546,1788523207.3947585,545.777,63.693,342.285,True,1,llama3.2:1b,1321098329,True,baf6a787fdffd633537aa2eb51cfd54cb93ff08e28040095462bb63daf552878,etri-ser0002-cgnmsb,ACTIVE,206.0,3,27.574,1788523190.5512455,spark,7.829,1,True,spark,12.0,1788523190.5512486,spark,59.05,1788523207.404645,1
0.0,1788523155.4658194,1,True,True,1,526,4,b01-o01-spark-c4,10.398,,20.806,502.048,65.2,False,0,False,15840.0,1672.0,10.556,dcgm_shared_with_existing_workload,NVIDIA GeForce RTX 5080,49.0,0.0,True,0.008730888366699219,939.035,True,True,"{'activation_required': True, 'node_state_before': 'COLD', 'node_state': 'ACTIVE', 'activation_started_timestamp': 1788523155.4658194, 'ready_timestamp': 1788523190.5512455, 'worker_start_ms': 1.502, 'model_remote_download_ms': 17584.103, 'model_load_ms': 17493.29, 'cuda_initialization_ms': None, 'endpoint_ready_ms': 35085.449, 'activation_time_ms': 35085.45, 'model_digest': 'baf6a787fdffd633537aa2eb51cfd54cb93ff08e28040095462bb63daf552878', 'transition': {'timestamp': 1788523190.5512486, 'node': 'spark', 'physical_node': 'etri-ser0002-cgnmsb', 'old_state': 'COLD', 'new_state': 'ACTIVE', 'reason': 'rtx5080_cold_trial_1'}}",{},20.782,1788523208.4455202,496.155,64.473,342.316,True,1,llama3.2:1b,1321098329,True,baf6a787fdffd633537aa2eb51cfd54cb93ff08e28040095462bb63daf552878,etri-ser0002-cgnmsb,ACTIVE,206.0,3,27.588,1788523190.5512455,spark,6.742,1,True,spark,12.0,1788523190.5512486,spark,59.05,1788523208.454251,1
0.0,1788523155.4658194,1,True,True,1,575,4,b01-o01-spark-c4,10.682,,24.008,504.316,76.484,False,0,False,15840.0,1672.0,10.556,dcgm_shared_with_existing_workload,NVIDIA GeForce RTX 5080,49.0,0.0,True,0.009033203125,939.035,True,True,"{'activation_required': True, 'node_state_before': 'COLD', 'node_state': 'ACTIVE', 'activation_started_timestamp': 1788523155.4658194, 'ready_timestamp': 1788523190.5512455, 'worker_start_ms': 1.502, 'model_remote_download_ms': 17584.103, 'model_load_ms': 17493.29, 'cuda_initialization_ms': None, 'endpoint_ready_ms': 35085.449, 'activation_time_ms': 35085.45, 'model_digest': 'baf6a787fdffd633537aa2eb51cfd54cb93ff08e28040095462bb63daf552878', 'transition': {'timestamp': 1788523190.5512486, 'node': 'spark', 'physical_node': 'etri-ser0002-cgnmsb', 'old_state': 'COLD', 'new_state': 'ACTIVE', 'reason': 'rtx5080_cold_trial_1'}}",{},24.726,1788523209.495391,505.178,76.924,342.59,True,1,llama3.2:1b,1321098329,True,baf6a787fdffd633537aa2eb51cfd54cb93ff08e28040095462bb63daf552878,etri-ser0002-cgnmsb,ACTIVE,206.0,3,27.595,1788523190.5512455,spark,14.416,1,True,spark,12.0,1788523190.5512486,spark,57.05,1788523209.504424,1
0.0,1788523155.4658194,1,True,True,1,599,32,b01-o02-spark-c32,1.867,,21.748,531.408,49.785,False,0,False,15840.0,1672.0,10.556,dcgm_shared_with_existing_workload,NVIDIA GeForce RTX 5080,49.0,0.0,True,0.006094694137573242,939.035,True,True,"{'activation_required': True, 'node_state_before': 'COLD', 'node_state': 'ACTIVE', 'activation_started_timestamp': 1788523155.4658194, 'ready_timestamp': 1788523190.5512455, 'worker_start_ms': 1.502, 'model_remote_download_ms': 17584.103, 'model_load_ms': 17493.29, 'cuda_initialization_ms': None, 'endpoint_ready_ms': 35085.449, 'activation_time_ms': 35085.45, 'model_digest': 'baf6a787fdffd633537aa2eb51cfd54cb93ff08e28040095462bb63daf552878', 'transition': {'timestamp': 1788523190.5512486, 'node': 'spark', 'physical_node': 'etri-ser0002-cgnmsb', 'old_state': 'COLD', 'new_state': 'ACTIVE', 'reason': 'rtx5080_cold_trial_1'}}",{},27.501,1788523213.0193024,498.691,11.194,342.656,True,1,llama3.2:1b,1321098329,True,baf6a787fdffd633537aa2eb51cfd54cb93ff08e28040095462bb63daf552878,etri-ser0002-cgnmsb,ACTIVE,206.0,15,27.63,1788523190.5512455,spark,5.433,2,True,spark,12.0,1788523190.5512486,spark,54.05,1788523213.025397,2
0.0,1788523155.4658194,1,True,True,1,651,32,b01-o02-spark-c32,10.828,,19.545,542.647,303.698,False,0,False,15840.0,1672.0,10.556,dcgm_shared_with_existing_workload,NVIDIA GeForce RTX 5080,49.0,0.0,True,0.0021028518676757812,939.039,True,True,"{'activation_required': True, 'node_state_before': 'COLD', 'node_state': 'ACTIVE', 'activation_started_timestamp': 1788523155.4658194, 'ready_timestamp': 1788523190.5512455, 'worker_start_ms': 1.502, 'model_remote_download_ms': 17584.103, 'model_load_ms': 17493.29, 'cuda_initialization_ms': None, 'endpoint_ready_ms': 35085.449, 'activation_time_ms': 35085.45, 'model_digest': 'baf6a787fdffd633537aa2eb51cfd54cb93ff08e28040095462bb63daf552878', 'transition': {'timestamp': 1788523190.5512486, 'node': 'spark', 'physical_node': 'etri-ser0002-cgnmsb', 'old_state': 'COLD', 'new_state': 'ACTIVE', 'reason': 'rtx5080_cold_trial_1'}}",{},19.572,1788523214.0609667,541.052,302.438,342.375,True,1,llama3.2:1b,1321098329,True,baf6a787fdffd633537aa2eb51cfd54cb93ff08e28040095462bb63daf552878,etri-ser0002-cgnmsb,ACTIVE,206.0,24,27.633,1788523190.5512455,spark,4.43,2,True,spark,12.0,1788523190.5512486,spark,56.05,1788523214.0630696,2
0.0,1788523155.4658194,1,True,True,1,703,32,b01-o02-spark-c32,10.41,,19.837,536.046,522.578,False,0,False,15840.0,1672.0,10.556,dcgm_shared_with_existing_workload,NVIDIA GeForce RTX 5080,49.0,0.0,True,0.008445978164672852,939.039,True,True,"{'activation_required': True, 'node_state_before': 'COLD', 'node_state': 'ACTIVE', 'activation_started_timestamp': 1788523155.4658194, 'ready_timestamp': 1788523190.5512455, 'worker_start_ms': 1.502, 'model_remote_download_ms': 17584.103, 'model_load_ms': 17493.29, 'cuda_initialization_ms': None, 'endpoint_ready_ms': 35085.449, 'activation_time_ms': 35085.45, 'model_digest': 'baf6a787fdffd633537aa2eb51cfd54cb93ff08e28040095462bb63daf552878', 'transition': {'timestamp': 1788523190.5512486, 'node': 'spark', 'physical_node': 'etri-ser0002-cgnmsb', 'old_state': 'COLD', 'new_state': 'ACTIVE', 'reason': 'rtx5080_cold_trial_1'}}",{},20.107,1788523215.094149,532.73,522.991,342.359,True,1,llama3.2:1b,1321098329,True,baf6a787fdffd633537aa2eb51cfd54cb93ff08e28040095462bb63daf552878,etri-ser0002-cgnmsb,ACTIVE,206.0,31,27.635,1788523190.5512455,spark,6.183,2,True,spark,12.0,1788523190.5512486,spark,57.05,1788523215.102595,2
0.0,1788523155.4658194,1,True,True,1,752,32,b01-o02-spark-c32,10.35,,25.779,496.509,666.753,False,0,False,15840.0,1672.0,10.556,dcgm_shared_with_existing_workload,NVIDIA GeForce RTX 5080,49.0,0.0,True,0.0,939.039,True,True,"{'activation_required': True, 'node_state_before': 'COLD', 'node_state': 'ACTIVE', 'activation_started_timestamp': 1788523155.4658194, 'ready_timestamp': 1788523190.5512455, 'worker_start_ms': 1.502, 'model_remote_download_ms': 17584.103, 'model_load_ms': 17493.29, 'cuda_initialization_ms': None, 'endpoint_ready_ms': 35085.449, 'activation_time_ms': 35085.45, 'model_digest': 'baf6a787fdffd633537aa2eb51cfd54cb93ff08e28040095462bb63daf552878', 'transition': {'timestamp': 1788523190.5512486, 'node': 'spark', 'physical_node': 'etri-ser0002-cgnmsb', 'old_state': 'COLD', 'new_state': 'ACTIVE', 'reason': 'rtx5080_cold_trial_1'}}",{},27.369,1788523216.1507952,483.617,683.585,342.582,True,1,llama3.2:1b,1321098329,True,baf6a787fdffd633537aa2eb51cfd54cb93ff08e28040095462bb63daf552878,etri-ser0002-cgnmsb,ACTIVE,206.0,30,27.634,1788523190.5512455,spark,13.863,2,True,spark,12.0,1788523190.5512486,spark,54.0,1788523216.147969,2
0.0,1788523155.4658194,1,True,True,1,801,32,b01-o02-spark-c32,11.229,,19.857,541.845,647.414,False,0,False,15840.0,1672.0,10.556,dcgm_shared_with_existing_workload,NVIDIA GeForce RTX 5080,49.0,0.0,True,0.01681041717529297,939.039,True,True,"{'activation_required': True, 'node_state_before': 'COLD', 'node_state': 'ACTIVE', 'activation_started_timestamp': 1788523155.4658194, 'ready_timestamp': 1788523190.5512455, 'worker_start_ms': 1.502, 'model_remote_download_ms': 17584.103, 'model_load_ms': 17493.29, 'cuda_initialization_ms': None, 'endpoint_ready_ms': 35085.449, 'activation_time_ms': 35085.45, 'model_digest': 'baf6a787fdffd633537aa2eb51cfd54cb93ff08e28040095462bb63daf552878', 'transition': {'timestamp': 1788523190.5512486, 'node': 'spark', 'physical_node': 'etri-ser0002-cgnmsb', 'old_state': 'COLD', 'new_state': 'ACTIVE', 'reason': 'rtx5080_cold_trial_1'}}",{},19.477,1788523217.1849554,544.885,643.044,342.422,True,1,llama3.2:1b,1321098329,True,baf6a787fdffd633537aa2eb51cfd54cb93ff08e28040095462bb63daf552878,etri-ser0002-cgnmsb,ACTIVE,206.0,31,27.635,1788523190.5512455,spark,7.548,2,True,spark,12.0,1788523190.5512486,spark,62.05,1788523217.2017658,2
0.0,1788523155.4658194,1,True,True,1,855,32,b01-o02-spark-c32,11.767,,19.787,538.005,616.041,False,0,False,15840.0,1672.0,10.556,dcgm_shared_with_existing_workload,NVIDIA GeForce RTX 5080,49.0,0.0,True,0.0,939.039,True,True,"{'activation_required': True, 'node_state_before': 'COLD', 'node_state': 'ACTIVE', 'activation_started_timestamp': 1788523155.4658194, 'ready_timestamp': 1788523190.5512455, 'worker_start_ms': 1.502, 'model_remote_download_ms': 17584.103, 'model_load_ms': 17493.29, 'cuda_initialization_ms': None, 'endpoint_ready_ms': 35085.449, 'activation_time_ms': 35085.45, 'model_digest': 'baf6a787fdffd633537aa2eb51cfd54cb93ff08e28040095462bb63daf552878', 'transition': {'timestamp': 1788523190.5512486, 'node': 'spark', 'physical_node': 'etri-ser0002-cgnmsb', 'old_state': 'COLD', 'new_state': 'ACTIVE', 'reason': 'rtx5080_cold_trial_1'}}",{},19.29,1788523218.2577646,546.224,615.737,341.887,True,1,llama3.2:1b,1321098329,True,baf6a787fdffd633537aa2eb51cfd54cb93ff08e28040095462bb63daf552878,etri-ser0002-cgnmsb,ACTIVE,206.0,30,27.632,1788523190.5512455,spark,8.008,2,True,spark,12.0,1788523190.5512486,spark,54.05,1788523218.2562497,2
0.0,1788523155.4658194,1,True,True,1,907,32,b01-o02-spark-c32,10.293,,19.592,544.16,614.845,False,0,False,15840.0,1672.0,10.556,dcgm_shared_with_existing_workload,NVIDIA GeForce RTX 5080,49.0,0.0,True,0.012279033660888672,939.039,True,True,"{'activation_required': True, 'node_state_before': 'COLD', 'node_state': 'ACTIVE', 'activation_started_timestamp': 1788523155.4658194, 'ready_timestamp': 1788523190.5512455, 'worker_start_ms': 1.502, 'model_remote_download_ms': 17584.103, 'model_load_ms': 17493.29, 'cuda_initialization_ms': None, 'endpoint_ready_ms': 35085.449, 'activation_time_ms': 35085.45, 'model_digest': 'baf6a787fdffd633537aa2eb51cfd54cb93ff08e28040095462bb63daf552878', 'transition': {'timestamp': 1788523190.5512486, 'node': 'spark', 'physical_node': 'etri-ser0002-cgnmsb', 'old_state': 'COLD', 'new_state': 'ACTIVE', 'reason': 'rtx5080_cold_trial_1'}}",{},19.102,1788523219.2967005,546.523,611.191,342.578,True,1,llama3.2:1b,1321098329,True,baf6a787fdffd633537aa2eb51cfd54cb93ff08e28040095462bb63daf552878,etri-ser0002-cgnmsb,ACTIVE,206.0,31,27.641,1788523190.5512455,spark,8.112,2,True,spark,12.0,1788523190.5512486,spark,60.05,1788523219.3089795,2
0.0,1788523155.4658194,1,True,True,1,961,32,b01-o02-spark-c32,10.412,,19.876,539.737,615.513,False,0,False,15840.0,1672.0,10.556,dcgm_shared_with_existing_workload,NVIDIA GeForce RTX 5080,49.0,0.0,True,0.003021717071533203,939.043,True,True,"{'activation_required': True, 'node_state_before': 'COLD', 'node_state': 'ACTIVE', 'activation_started_timestamp': 1788523155.4658194, 'ready_timestamp': 1788523190.5512455, 'worker_start_ms': 1.502, 'model_remote_download_ms': 17584.103, 'model_load_ms': 17493.29, 'cuda_initialization_ms': None, 'endpoint_ready_ms': 35085.449, 'activation_time_ms': 35085.45, 'model_digest': 'baf6a787fdffd633537aa2eb51cfd54cb93ff08e28040095462bb63daf552878', 'transition': {'timestamp': 1788523190.5512486, 'node': 'spark', 'physical_node': 'etri-ser0002-cgnmsb', 'old_state': 'COLD', 'new_state': 'ACTIVE', 'reason': 'rtx5080_cold_trial_1'}}",{},20.266,1788523220.3603733,544.366,617.512,342.426,True,1,llama3.2:1b,1321098329,True,baf6a787fdffd633537aa2eb51cfd54cb93ff08e28040095462bb63daf552878,etri-ser0002-cgnmsb,ACTIVE,206.0,31,27.641,1788523190.5512455,spark,7.567,2,True,spark,12.0,1788523190.5512486,spark,55.05,1788523220.363395,2
0.0,1788523155.4658194,1,True,True,1,1013,32,b01-o02-spark-c32,10.974,,19.53,541.382,624.427,False,0,False,15840.0,1672.0,10.556,dcgm_shared_with_existing_workload,NVIDIA GeForce RTX 5080,49.0,0.0,True,0.013055086135864258,939.043,True,True,"{'activation_required': True, 'node_state_before': 'COLD', 'node_state': 'ACTIVE', 'activation_started_timestamp': 1788523155.4658194, 'ready_timestamp': 1788523190.5512455, 'worker_start_ms': 1.502, 'model_remote_download_ms': 17584.103, 'model_load_ms': 17493.29, 'cuda_initialization_ms': None, 'endpoint_ready_ms': 35085.449, 'activation_time_ms': 35085.45, 'model_digest': 'baf6a787fdffd633537aa2eb51cfd54cb93ff08e28040095462bb63daf552878', 'transition': {'timestamp': 1788523190.5512486, 'node': 'spark', 'physical_node': 'etri-ser0002-cgnmsb', 'old_state': 'COLD', 'new_state': 'ACTIVE', 'reason': 'rtx5080_cold_trial_1'}}",{},19.742,1788523221.3987432,547.683,624.325,342.707,True,1,llama3.2:1b,1321098329,True,baf6a787fdffd633537aa2eb51cfd54cb93ff08e28040095462bb63daf552878,etri-ser0002-cgnmsb,ACTIVE,206.0,31,27.652,1788523190.5512455,spark,4.769,2,True,spark,12.0,1788523190.5512486,spark,62.05,1788523221.4117982,2
0.0,1788523155.4658194,1,True,True,1,1067,32,b01-o02-spark-c32,10.762,,19.5,543.919,603.335,False,0,False,15840.0,1672.0,10.556,dcgm_shared_with_existing_workload,NVIDIA GeForce RTX 5080,49.0,0.0,True,0.011544227600097656,939.043,True,True,"{'activation_required': True, 'node_state_before': 'COLD', 'node_state': 'ACTIVE', 'activation_started_timestamp': 1788523155.4658194, 'ready_timestamp': 1788523190.5512455, 'worker_start_ms': 1.502, 'model_remote_download_ms': 17584.103, 'model_load_ms': 17493.29, 'cuda_initialization_ms': None, 'endpoint_ready_ms': 35085.449, 'activation_time_ms': 35085.45, 'model_digest': 'baf6a787fdffd633537aa2eb51cfd54cb93ff08e28040095462bb63daf552878', 'transition': {'timestamp': 1788523190.5512486, 'node': 'spark', 'physical_node': 'etri-ser0002-cgnmsb', 'old_state': 'COLD', 'new_state': 'ACTIVE', 'reason': 'rtx5080_cold_trial_1'}}",{},19.896,1788523222.4460266,543.515,604.837,342.555,True,1,llama3.2:1b,1321098329,True,baf6a787fdffd633537aa2eb51cfd54cb93ff08e28040095462bb63daf552878,etri-ser0002-cgnmsb,ACTIVE,206.0,31,27.678,1788523190.5512455,spark,4.944,2,True,spark,12.0,1788523190.5512486,spark,61.05,1788523222.4575708,2
0.0,1788523155.4658194,1,True,True,1,1120,32,b01-o02-spark-c32,11.307,,19.874,541.041,620.838,False,0,False,15840.0,1672.0,10.556,dcgm_shared_with_existing_workload,NVIDIA GeForce RTX 5080,49.0,0.0,True,0.009379148483276367,939.043,True,True,"{'activation_required': True, 'node_state_before': 'COLD', 'node_state': 'ACTIVE', 'activation_started_timestamp': 1788523155.4658194, 'ready_timestamp': 1788523190.5512455, 'worker_start_ms': 1.502, 'model_remote_download_ms': 17584.103, 'model_load_ms': 17493.29, 'cuda_initialization_ms': None, 'endpoint_ready_ms': 35085.449, 'activation_time_ms': 35085.45, 'model_digest': 'baf6a787fdffd633537aa2eb51cfd54cb93ff08e28040095462bb63daf552878', 'transition': {'timestamp': 1788523190.5512486, 'node': 'spark', 'physical_node': 'etri-ser0002-cgnmsb', 'old_state': 'COLD', 'new_state': 'ACTIVE', 'reason': 'rtx5080_cold_trial_1'}}",{},19.348,1788523223.4914308,544.699,622.057,342.137,True,1,llama3.2:1b,1321098329,True,baf6a787fdffd633537aa2eb51cfd54cb93ff08e28040095462bb63daf552878,etri-ser0002-cgnmsb,ACTIVE,206.0,31,27.707,1788523190.5512455,spark,5.578,2,True,spark,12.0,1788523190.5512486,spark,59.05,1788523223.50081,2
0.0,1788523155.4658194,1,True,True,1,1172,32,b01-o02-spark-c32,11.057,,20.103,540.659,626.864,False,0,False,15840.0,1672.0,10.556,dcgm_shared_with_existing_workload,NVIDIA GeForce RTX 5080,49.0,0.0,True,0.01536703109741211,939.043,True,True,"{'activation_required': True, 'node_state_before': 'COLD', 'node_state': 'ACTIVE', 'activation_started_timestamp': 1788523155.4658194, 'ready_timestamp': 1788523190.5512455, 'worker_start_ms': 1.502, 'model_remote_download_ms': 17584.103, 'model_load_ms': 17493.29, 'cuda_initialization_ms': None, 'endpoint_ready_ms': 35085.449, 'activation_time_ms': 35085.45, 'model_digest': 'baf6a787fdffd633537aa2eb51cfd54cb93ff08e28040095462bb63daf552878', 'transition': {'timestamp': 1788523190.5512486, 'node': 'spark', 'physical_node': 'etri-ser0002-cgnmsb', 'old_state': 'COLD', 'new_state': 'ACTIVE', 'reason': 'rtx5080_cold_trial_1'}}",{},19.573,1788523224.5331137,545.777,629.126,342.582,True,1,llama3.2:1b,1321098329,True,baf6a787fdffd633537aa2eb51cfd54cb93ff08e28040095462bb63daf552878,etri-ser0002-cgnmsb,ACTIVE,206.0,31,27.629,1788523190.5512455,spark,5.436,2,True,spark,12.0,1788523190.5512486,spark,61.05,1788523224.5484807,2
0.0,1788523155.4658194,1,True,True,1,1226,32,b01-o02-spark-c32,10.372,,19.401,544.376,608.158,False,0,False,15840.0,1672.0,10.556,dcgm_shared_with_existing_workload,NVIDIA GeForce RTX 5080,59.0,77.0,True,0.004006385803222656,939.043,True,True,"{'activation_required': True, 'node_state_before': 'COLD', 'node_state': 'ACTIVE', 'activation_started_timestamp': 1788523155.4658194, 'ready_timestamp': 1788523190.5512455, 'worker_start_ms': 1.502, 'model_remote_download_ms': 17584.103, 'model_load_ms': 17493.29, 'cuda_initialization_ms': None, 'endpoint_ready_ms': 35085.449, 'activation_time_ms': 35085.45, 'model_digest': 'baf6a787fdffd633537aa2eb51cfd54cb93ff08e28040095462bb63daf552878', 'transition': {'timestamp': 1788523190.5512486, 'node': 'spark', 'physical_node': 'etri-ser0002-cgnmsb', 'old_state': 'COLD', 'new_state': 'ACTIVE', 'reason': 'rtx5080_cold_trial_1'}}",{},19.361,1788523225.588246,546.001,607.2,342.617,True,1,llama3.2:1b,1321098329,True,baf6a787fdffd633537aa2eb51cfd54cb93ff08e28040095462bb63daf552878,etri-ser0002-cgnmsb,ACTIVE,206.0,0,27.617,1788523190.5512455,spark,6.013,2,True,spark,12.0,1788523190.5512486,spark,58.05,1788523225.5922525,2
0.0,1788523155.4658194,1,True,True,1,1227,16,b01-o03-spark-c16,1.382,,19.325,543.949,607.746,False,0,False,15840.0,1672.0,10.556,dcgm_shared_with_existing_workload,NVIDIA GeForce RTX 5080,59.0,77.0,True,3.04441237449646,939.043,True,True,"{'activation_required': True, 'node_state_before': 'COLD', 'node_state': 'ACTIVE', 'activation_started_timestamp': 1788523155.4658194, 'ready_timestamp': 1788523190.5512455, 'worker_start_ms': 1.502, 'model_remote_download_ms': 17584.103, 'model_load_ms': 17493.29, 'cuda_initialization_ms': None, 'endpoint_ready_ms': 35085.449, 'activation_time_ms': 35085.45, 'model_digest': 'baf6a787fdffd633537aa2eb51cfd54cb93ff08e28040095462bb63daf552878', 'transition': {'timestamp': 1788523190.5512486, 'node': 'spark', 'physical_node': 'etri-ser0002-cgnmsb', 'old_state': 'COLD', 'new_state': 'ACTIVE', 'reason': 'rtx5080_cold_trial_1'}}",{},19.098,1788523225.6074128,542.667,606.51,342.645,True,1,llama3.2:1b,1321098329,True,baf6a787fdffd633537aa2eb51cfd54cb93ff08e28040095462bb63daf552878,etri-ser0002-cgnmsb,ACTIVE,206.0,7,27.593,1788523190.5512455,spark,9.749,3,True,spark,12.0,1788523190.5512486,spark,55.0,1788523228.6518252,3
0.0,1788523155.4658194,1,True,True,1,1280,16,b01-o03-spark-c16,11.479,,20.765,513.354,142.527,False,0,False,15840.0,1672.0,10.556,dcgm_shared_with_existing_workload,NVIDIA GeForce RTX 5080,59.0,77.0,True,0.0,939.043,True,True,"{'activation_required': True, 'node_state_before': 'COLD', 'node_state': 'ACTIVE', 'activation_started_timestamp': 1788523155.4658194, 'ready_timestamp': 1788523190.5512455, 'worker_start_ms': 1.502, 'model_remote_download_ms': 17584.103, 'model_load_ms': 17493.29, 'cuda_initialization_ms': None, 'endpoint_ready_ms': 35085.449, 'activation_time_ms': 35085.45, 'model_digest': 'baf6a787fdffd633537aa2eb51cfd54cb93ff08e28040095462bb63daf552878', 'transition': {'timestamp': 1788523190.5512486, 'node': 'spark', 'physical_node': 'etri-ser0002-cgnmsb', 'old_state': 'COLD', 'new_state': 'ACTIVE', 'reason': 'rtx5080_cold_trial_1'}}",{},21.921,1788523229.7004845,488.371,144.279,342.402,True,1,llama3.2:1b,1321098329,True,baf6a787fdffd633537aa2eb51cfd54cb93ff08e28040095462bb63daf552878,etri-ser0002-cgnmsb,ACTIVE,206.0,14,27.596,1788523190.5512455,spark,5.955,3,True,spark,12.0,1788523190.5512486,spark,53.0,1788523229.6992772,3
0.0,1788523155.4658194,1,True,True,1,1330,16,b01-o03-spark-c16,10.383,,21.424,501.187,317.905,False,0,False,15840.0,1672.0,10.556,dcgm_shared_with_existing_workload,NVIDIA GeForce RTX 5080,59.0,77.0,True,0.00015497207641601562,939.043,True,True,"{'activation_required': True, 'node_state_before': 'COLD', 'node_state': 'ACTIVE', 'activation_started_timestamp': 1788523155.4658194, 'ready_timestamp': 1788523190.5512455, 'worker_start_ms': 1.502, 'model_remote_download_ms': 17584.103, 'model_load_ms': 17493.29, 'cuda_initialization_ms': None, 'endpoint_ready_ms': 35085.449, 'activation_time_ms': 35085.45, 'model_digest': 'baf6a787fdffd633537aa2eb51cfd54cb93ff08e28040095462bb63daf552878', 'transition': {'timestamp': 1788523190.5512486, 'node': 'spark', 'physical_node': 'etri-ser0002-cgnmsb', 'old_state': 'COLD', 'new_state': 'ACTIVE', 'reason': 'rtx5080_cold_trial_1'}}",{},22.351,1788523230.7460694,489.836,318.864,342.168,True,1,llama3.2:1b,1321098329,True,baf6a787fdffd633537aa2eb51cfd54cb93ff08e28040095462bb63daf552878,etri-ser0002-cgnmsb,ACTIVE,206.0,14,27.598,1788523190.5512455,spark,8.97,3,True,spark,12.0,1788523190.5512486,spark,48.05,1788523230.7462244,3
0.0,1788523155.4658194,1,True,True,1,1382,16,b01-o03-spark-c16,10.164,,19.828,544.159,302.693,False,0,False,15840.0,1672.0,10.556,dcgm_shared_with_existing_workload,NVIDIA GeForce RTX 5080,59.0,77.0,True,0.008658170700073242,939.043,True,True,"{'activation_required': True, 'node_state_before': 'COLD', 'node_state': 'ACTIVE', 'activation_started_timestamp': 1788523155.4658194, 'ready_timestamp': 1788523190.5512455, 'worker_start_ms': 1.502, 'model_remote_download_ms': 17584.103, 'model_load_ms': 17493.29, 'cuda_initialization_ms': None, 'endpoint_ready_ms': 35085.449, 'activation_time_ms': 35085.45, 'model_digest': 'baf6a787fdffd633537aa2eb51cfd54cb93ff08e28040095462bb63daf552878', 'transition': {'timestamp': 1788523190.5512486, 'node': 'spark', 'physical_node': 'etri-ser0002-cgnmsb', 'old_state': 'COLD', 'new_state': 'ACTIVE', 'reason': 'rtx5080_cold_trial_1'}}",{},19.688,1788523231.7862742,546.597,303.182,342.461,True,1,llama3.2:1b,1321098329,True,baf6a787fdffd633537aa2eb51cfd54cb93ff08e28040095462bb63daf552878,etri-ser0002-cgnmsb,ACTIVE,206.0,15,27.589,1788523190.5512455,spark,7.318,3,True,spark,12.0,1788523190.5512486,spark,60.05,1788523231.7949324,3
0.0,1788523155.4658194,1,True,True,1,1435,16,b01-o03-spark-c16,10.621,,19.773,542.838,302.169,False,0,False,15840.0,1672.0,10.556,dcgm_shared_with_existing_workload,NVIDIA GeForce RTX 5080,59.0,77.0,True,0.0,939.043,True,True,"{'activation_required': True, 'node_state_before': 'COLD', 'node_state': 'ACTIVE', 'activation_started_timestamp': 1788523155.4658194, 'ready_timestamp': 1788523190.5512455, 'worker_start_ms': 1.502, 'model_remote_download_ms': 17584.103, 'model_load_ms': 17493.29, 'cuda_initialization_ms': None, 'endpoint_ready_ms': 35085.449, 'activation_time_ms': 35085.45, 'model_digest': 'baf6a787fdffd633537aa2eb51cfd54cb93ff08e28040095462bb63daf552878', 'transition': {'timestamp': 1788523190.5512486, 'node': 'spark', 'physical_node': 'etri-ser0002-cgnmsb', 'old_state': 'COLD', 'new_state': 'ACTIVE', 'reason': 'rtx5080_cold_trial_1'}}",{},19.647,1788523232.8448014,541.859,303.058,342.449,True,1,llama3.2:1b,1321098329,True,baf6a787fdffd633537aa2eb51cfd54cb93ff08e28040095462bb63daf552878,etri-ser0002-cgnmsb,ACTIVE,206.0,14,27.592,1788523190.5512455,spark,8.472,3,True,spark,12.0,1788523190.5512486,spark,49.05,1788523232.8442519,3
0.0,1788523155.4658194,1,True,True,1,1487,16,b01-o03-spark-c16,12.821,,19.888,536.382,316.097,False,0,False,15840.0,1672.0,10.556,dcgm_shared_with_existing_workload,NVIDIA GeForce RTX 5080,59.0,77.0,True,0.0,939.043,True,True,"{'activation_required': True, 'node_state_before': 'COLD', 'node_state': 'ACTIVE', 'activation_started_timestamp': 1788523155.4658194, 'ready_timestamp': 1788523190.5512455, 'worker_start_ms': 1.502, 'model_remote_download_ms': 17584.103, 'model_load_ms': 17493.29, 'cuda_initialization_ms': None, 'endpoint_ready_ms': 35085.449, 'activation_time_ms': 35085.45, 'model_digest': 'baf6a787fdffd633537aa2eb51cfd54cb93ff08e28040095462bb63daf552878', 'transition': {'timestamp': 1788523190.5512486, 'node': 'spark', 'physical_node': 'etri-ser0002-cgnmsb', 'old_state': 'COLD', 'new_state': 'ACTIVE', 'reason': 'rtx5080_cold_trial_1'}}",{},19.429,1788523233.897536,545.219,314.929,342.512,True,1,llama3.2:1b,1321098329,True,baf6a787fdffd633537aa2eb51cfd54cb93ff08e28040095462bb63daf552878,etri-ser0002-cgnmsb,ACTIVE,206.0,14,27.6,1788523190.5512455,spark,6.009,3,True,spark,12.0,1788523190.5512486,spark,49.05,1788523233.8968291,3
0.0,1788523155.4658194,1,True,True,1,1539,16,b01-o03-spark-c16,10.659,,19.596,544.878,301.423,False,0,False,15840.0,1672.0,10.556,dcgm_shared_with_existing_workload,NVIDIA GeForce RTX 5080,59.0,77.0,True,0.015079498291015625,939.043,True,True,"{'activation_required': True, 'node_state_before': 'COLD', 'node_state': 'ACTIVE', 'activation_started_timestamp': 1788523155.4658194, 'ready_timestamp': 1788523190.5512455, 'worker_start_ms': 1.502, 'model_remote_download_ms': 17584.103, 'model_load_ms': 17493.29, 'cuda_initialization_ms': None, 'endpoint_ready_ms': 35085.449, 'activation_time_ms': 35085.45, 'model_digest': 'baf6a787fdffd633537aa2eb51cfd54cb93ff08e28040095462bb63daf552878', 'transition': {'timestamp': 1788523190.5512486, 'node': 'spark', 'physical_node': 'etri-ser0002-cgnmsb', 'old_state': 'COLD', 'new_state': 'ACTIVE', 'reason': 'rtx5080_cold_trial_1'}}",{},19.12,1788523234.9295201,547.009,301.276,342.488,True,1,llama3.2:1b,1321098329,True,baf6a787fdffd633537aa2eb51cfd54cb93ff08e28040095462bb63daf552878,etri-ser0002-cgnmsb,ACTIVE,206.0,15,27.603,1788523190.5512455,spark,7.817,3,True,spark,12.0,1788523190.5512486,spark,62.05,1788523234.9445996,3
0.0,1788523155.4658194,1,True,True,1,1593,16,b01-o03-spark-c16,11.519,,20.345,536.63,302.46,False,0,False,15840.0,1672.0,10.556,dcgm_shared_with_existing_workload,NVIDIA GeForce RTX 5080,59.0,77.0,True,0.0024259090423583984,939.047,True,True,"{'activation_required': True, 'node_state_before': 'COLD', 'node_state': 'ACTIVE', 'activation_started_timestamp': 1788523155.4658194, 'ready_timestamp': 1788523190.5512455, 'worker_start_ms': 1.502, 'model_remote_download_ms': 17584.103, 'model_load_ms': 17493.29, 'cuda_initialization_ms': None, 'endpoint_ready_ms': 35085.449, 'activation_time_ms': 35085.45, 'model_digest': 'baf6a787fdffd633537aa2eb51cfd54cb93ff08e28040095462bb63daf552878', 'transition': {'timestamp': 1788523190.5512486, 'node': 'spark', 'physical_node': 'etri-ser0002-cgnmsb', 'old_state': 'COLD', 'new_state': 'ACTIVE', 'reason': 'rtx5080_cold_trial_1'}}",{},20.874,1788523235.9924011,542.814,304.292,342.32,True,1,llama3.2:1b,1321098329,True,baf6a787fdffd633537aa2eb51cfd54cb93ff08e28040095462bb63daf552878,etri-ser0002-cgnmsb,ACTIVE,206.0,15,27.603,1788523190.5512455,spark,7.508,3,True,spark,12.0,1788523190.5512486,spark,57.05,1788523235.994827,3
0.0,1788523155.4658194,1,True,True,1,1645,16,b01-o03-spark-c16,11.552,,19.531,536.774,300.973,False,0,False,15840.0,1672.0,10.556,dcgm_shared_with_existing_workload,NVIDIA GeForce RTX 5080,59.0,77.0,True,0.01223444938659668,939.047,True,True,"{'activation_required': True, 'node_state_before': 'COLD', 'node_state': 'ACTIVE', 'activation_started_timestamp': 1788523155.4658194, 'ready_timestamp': 1788523190.5512455, 'worker_start_ms': 1.502, 'model_remote_download_ms': 17584.103, 'model_load_ms': 17493.29, 'cuda_initialization_ms': None, 'endpoint_ready_ms': 35085.449, 'activation_time_ms': 35085.45, 'model_digest': 'baf6a787fdffd633537aa2eb51cfd54cb93ff08e28040095462bb63daf552878', 'transition': {'timestamp': 1788523190.5512486, 'node': 'spark', 'physical_node': 'etri-ser0002-cgnmsb', 'old_state': 'COLD', 'new_state': 'ACTIVE', 'reason': 'rtx5080_cold_trial_1'}}",{},19.264,1788523237.025548,542.116,301.425,342.668,True,1,llama3.2:1b,1321098329,True,baf6a787fdffd633537aa2eb51cfd54cb93ff08e28040095462bb63daf552878,etri-ser0002-cgnmsb,ACTIVE,206.0,15,27.605,1788523190.5512455,spark,5.698,3,True,spark,12.0,1788523190.5512486,spark,58.05,1788523237.0377824,3
0.0,1788523155.4658194,1,True,True,1,1697,16,b01-o03-spark-c16,10.216,,20.939,501.091,314.674,False,0,False,15840.0,1672.0,10.556,dcgm_shared_with_existing_workload,NVIDIA GeForce RTX 5080,59.0,77.0,True,0.004822731018066406,939.047,True,True,"{'activation_required': True, 'node_state_before': 'COLD', 'node_state': 'ACTIVE', 'activation_started_timestamp': 1788523155.4658194, 'ready_timestamp': 1788523190.5512455, 'worker_start_ms': 1.502, 'model_remote_download_ms': 17584.103, 'model_load_ms': 17493.29, 'cuda_initialization_ms': None, 'endpoint_ready_ms': 35085.449, 'activation_time_ms': 35085.45, 'model_digest': 'baf6a787fdffd633537aa2eb51cfd54cb93ff08e28040095462bb63daf552878', 'transition': {'timestamp': 1788523190.5512486, 'node': 'spark', 'physical_node': 'etri-ser0002-cgnmsb', 'old_state': 'COLD', 'new_state': 'ACTIVE', 'reason': 'rtx5080_cold_trial_1'}}",{},21.799,1788523238.0776339,495.203,315.987,342.473,True,1,llama3.2:1b,1321098329,True,baf6a787fdffd633537aa2eb51cfd54cb93ff08e28040095462bb63daf552878,etri-ser0002-cgnmsb,ACTIVE,206.0,15,27.612,1788523190.5512455,spark,5.988,3,True,spark,12.0,1788523190.5512486,spark,59.05,1788523238.0824566,3
0.0,1788523155.4658194,1,True,True,1,1750,16,b01-o03-spark-c16,11.303,,19.473,535.639,294.821,False,0,False,15840.0,1672.0,10.556,dcgm_shared_with_existing_workload,NVIDIA GeForce RTX 5080,59.0,77.0,True,0.0,939.047,True,True,"{'activation_required': True, 'node_state_before': 'COLD', 'node_state': 'ACTIVE', 'activation_started_timestamp': 1788523155.4658194, 'ready_timestamp': 1788523190.5512455, 'worker_start_ms': 1.502, 'model_remote_download_ms': 17584.103, 'model_load_ms': 17493.29, 'cuda_initialization_ms': None, 'endpoint_ready_ms': 35085.449, 'activation_time_ms': 35085.45, 'model_digest': 'baf6a787fdffd633537aa2eb51cfd54cb93ff08e28040095462bb63daf552878', 'transition': {'timestamp': 1788523190.5512486, 'node': 'spark', 'physical_node': 'etri-ser0002-cgnmsb', 'old_state': 'COLD', 'new_state': 'ACTIVE', 'reason': 'rtx5080_cold_trial_1'}}",{},19.019,1788523239.1321573,538.829,295.183,342.121,True,1,llama3.2:1b,1321098329,True,baf6a787fdffd633537aa2eb51cfd54cb93ff08e28040095462bb63daf552878,etri-ser0002-cgnmsb,ACTIVE,206.0,14,27.606,1788523190.5512455,spark,8.446,3,True,spark,12.0,1788523190.5512486,spark,54.05,1788523239.131199,3
0.0,1788523155.4658194,1,True,True,1,1803,16,b01-o03-spark-c16,10.472,,19.802,541.584,298.099,False,0,False,15840.0,1672.0,10.556,dcgm_shared_with_existing_workload,NVIDIA GeForce RTX 5080,59.0,77.0,True,0.00478672981262207,939.051,True,True,"{'activation_required': True, 'node_state_before': 'COLD', 'node_state': 'ACTIVE', 'activation_started_timestamp': 1788523155.4658194, 'ready_timestamp': 1788523190.5512455, 'worker_start_ms': 1.502, 'model_remote_download_ms': 17584.103, 'model_load_ms': 17493.29, 'cuda_initialization_ms': None, 'endpoint_ready_ms': 35085.449, 'activation_time_ms': 35085.45, 'model_digest': 'baf6a787fdffd633537aa2eb51cfd54cb93ff08e28040095462bb63daf552878', 'transition': {'timestamp': 1788523190.5512486, 'node': 'spark', 'physical_node': 'etri-ser0002-cgnmsb', 'old_state': 'COLD', 'new_state': 'ACTIVE', 'reason': 'rtx5080_cold_trial_1'}}",{},20.306,1788523240.180344,542.962,298.03,342.453,True,1,llama3.2:1b,1321098329,True,baf6a787fdffd633537aa2eb51cfd54cb93ff08e28040095462bb63daf552878,etri-ser0002-cgnmsb,ACTIVE,206.0,15,27.606,1788523190.5512455,spark,6.64,3,True,spark,12.0,1788523190.5512486,spark,61.05,1788523240.1851308,3
0.0,1788523155.4658194,1,True,True,1,1840,8,b01-o04-spark-c8,4.514,,20.569,520.652,302.025,False,0,False,15840.0,1672.0,10.556,dcgm_shared_with_existing_workload,NVIDIA GeForce RTX 5080,59.0,77.0,True,3.0706167221069336,939.051,True,True,"{'activation_required': True, 'node_state_before': 'COLD', 'node_state': 'ACTIVE', 'activation_started_timestamp': 1788523155.4658194, 'ready_timestamp': 1788523190.5512455, 'worker_start_ms': 1.502, 'model_remote_download_ms': 17584.103, 'model_load_ms': 17493.29, 'cuda_initialization_ms': None, 'endpoint_ready_ms': 35085.449, 'activation_time_ms': 35085.45, 'model_digest': 'baf6a787fdffd633537aa2eb51cfd54cb93ff08e28040095462bb63daf552878', 'transition': {'timestamp': 1788523190.5512486, 'node': 'spark', 'physical_node': 'etri-ser0002-cgnmsb', 'old_state': 'COLD', 'new_state': 'ACTIVE', 'reason': 'rtx5080_cold_trial_1'}}",{},20.72,1788523240.922039,511.476,303.08,342.785,True,1,llama3.2:1b,1321098329,True,baf6a787fdffd633537aa2eb51cfd54cb93ff08e28040095462bb63daf552878,etri-ser0002-cgnmsb,ACTIVE,206.0,7,27.675,1788523190.5512455,spark,7.208,4,True,spark,12.0,1788523190.5512486,spark,43.05,1788523243.9926558,4
0.0,1788523155.4658194,1,True,True,1,1892,8,b01-o04-spark-c8,10.535,,19.679,542.303,140.798,False,0,False,15840.0,1672.0,10.556,dcgm_shared_with_existing_workload,NVIDIA GeForce RTX 5080,59.0,77.0,True,0.012665748596191406,939.051,True,True,"{'activation_required': True, 'node_state_before': 'COLD', 'node_state': 'ACTIVE', 'activation_started_timestamp': 1788523155.4658194, 'ready_timestamp': 1788523190.5512455, 'worker_start_ms': 1.502, 'model_remote_download_ms': 17584.103, 'model_load_ms': 17493.29, 'cuda_initialization_ms': None, 'endpoint_ready_ms': 35085.449, 'activation_time_ms': 35085.45, 'model_digest': 'baf6a787fdffd633537aa2eb51cfd54cb93ff08e28040095462bb63daf552878', 'transition': {'timestamp': 1788523190.5512486, 'node': 'spark', 'physical_node': 'etri-ser0002-cgnmsb', 'old_state': 'COLD', 'new_state': 'ACTIVE', 'reason': 'rtx5080_cold_trial_1'}}",{},19.883,1788523245.0228984,546.15,140.52,342.555,True,1,llama3.2:1b,1321098329,True,baf6a787fdffd633537aa2eb51cfd54cb93ff08e28040095462bb63daf552878,etri-ser0002-cgnmsb,ACTIVE,206.0,7,27.669,1788523190.5512455,spark,5.008,4,True,spark,12.0,1788523190.5512486,spark,62.05,1788523245.0355642,4
0.0,1788523155.4658194,1,True,True,1,1945,8,b01-o04-spark-c8,10.371,,19.573,543.167,141.601,False,0,False,15840.0,1672.0,10.556,dcgm_shared_with_existing_workload,NVIDIA GeForce RTX 5080,59.0,77.0,True,0.015159845352172852,939.051,True,True,"{'activation_required': True, 'node_state_before': 'COLD', 'node_state': 'ACTIVE', 'activation_started_timestamp': 1788523155.4658194, 'ready_timestamp': 1788523190.5512455, 'worker_start_ms': 1.502, 'model_remote_download_ms': 17584.103, 'model_load_ms': 17493.29, 'cuda_initialization_ms': None, 'endpoint_ready_ms': 35085.449, 'activation_time_ms': 35085.45, 'model_digest': 'baf6a787fdffd633537aa2eb51cfd54cb93ff08e28040095462bb63daf552878', 'transition': {'timestamp': 1788523190.5512486, 'node': 'spark', 'physical_node': 'etri-ser0002-cgnmsb', 'old_state': 'COLD', 'new_state': 'ACTIVE', 'reason': 'rtx5080_cold_trial_1'}}",{},19.308,1788523246.0681186,545.405,141.873,342.449,True,1,llama3.2:1b,1321098329,True,baf6a787fdffd633537aa2eb51cfd54cb93ff08e28040095462bb63daf552878,etri-ser0002-cgnmsb,ACTIVE,206.0,7,27.664,1788523190.5512455,spark,4.299,4,True,spark,12.0,1788523190.5512486,spark,62.05,1788523246.0832784,4
0.0,1788523155.4658194,1,True,True,1,1998,8,b01-o04-spark-c8,11.198,,19.687,542.087,141.406,False,0,False,15840.0,1672.0,10.556,dcgm_shared_with_existing_workload,NVIDIA GeForce RTX 5080,59.0,77.0,True,0.015137195587158203,939.051,True,True,"{'activation_required': True, 'node_state_before': 'COLD', 'node_state': 'ACTIVE', 'activation_started_timestamp': 1788523155.4658194, 'ready_timestamp': 1788523190.5512455, 'worker_start_ms': 1.502, 'model_remote_download_ms': 17584.103, 'model_load_ms': 17493.29, 'cuda_initialization_ms': None, 'endpoint_ready_ms': 35085.449, 'activation_time_ms': 35085.45, 'model_digest': 'baf6a787fdffd633537aa2eb51cfd54cb93ff08e28040095462bb63daf552878', 'transition': {'timestamp': 1788523190.5512486, 'node': 'spark', 'physical_node': 'etri-ser0002-cgnmsb', 'old_state': 'COLD', 'new_state': 'ACTIVE', 'reason': 'rtx5080_cold_trial_1'}}",{},19.958,1788523247.1160452,544.625,141.349,342.18,True,1,llama3.2:1b,1321098329,True,baf6a787fdffd633537aa2eb51cfd54cb93ff08e28040095462bb63daf552878,etri-ser0002-cgnmsb,ACTIVE,206.0,7,27.649,1788523190.5512455,spark,7.238,4,True,spark,12.0,1788523190.5512486,spark,61.05,1788523247.1311824,4
0.0,1788523155.4658194,1,True,True,1,2052,8,b01-o04-spark-c8,10.604,,19.875,538.673,142.612,False,0,False,15840.0,1672.0,10.556,dcgm_shared_with_existing_workload,NVIDIA GeForce RTX 5080,59.0,77.0,True,0.0005357265472412109,939.051,True,True,"{'activation_required': True, 'node_state_before': 'COLD', 'node_state': 'ACTIVE', 'activation_started_timestamp': 1788523155.4658194, 'ready_timestamp': 1788523190.5512455, 'worker_start_ms': 1.502, 'model_remote_download_ms': 17584.103, 'model_load_ms': 17493.29, 'cuda_initialization_ms': None, 'endpoint_ready_ms': 35085.449, 'activation_time_ms': 35085.45, 'model_digest': 'baf6a787fdffd633537aa2eb51cfd54cb93ff08e28040095462bb63daf552878', 'transition': {'timestamp': 1788523190.5512486, 'node': 'spark', 'physical_node': 'etri-ser0002-cgnmsb', 'old_state': 'COLD', 'new_state': 'ACTIVE', 'reason': 'rtx5080_cold_trial_1'}}",{},19.895,1788523248.18299,538.141,142.933,342.668,True,1,llama3.2:1b,1321098329,True,baf6a787fdffd633537aa2eb51cfd54cb93ff08e28040095462bb63daf552878,etri-ser0002-cgnmsb,ACTIVE,206.0,7,27.648,1788523190.5512455,spark,7.738,4,True,spark,12.0,1788523190.5512486,spark,50.05,1788523248.1835258,4
0.0,1788523155.4658194,1,True,True,1,2103,8,b01-o04-spark-c8,10.718,,20.833,507.391,146.317,False,0,False,15840.0,1672.0,10.556,dcgm_shared_with_existing_workload,NVIDIA GeForce RTX 5080,59.0,77.0,True,0.012612342834472656,939.051,True,True,"{'activation_required': True, 'node_state_before': 'COLD', 'node_state': 'ACTIVE', 'activation_started_timestamp': 1788523155.4658194, 'ready_timestamp': 1788523190.5512455, 'worker_start_ms': 1.502, 'model_remote_download_ms': 17584.103, 'model_load_ms': 17493.29, 'cuda_initialization_ms': None, 'endpoint_ready_ms': 35085.449, 'activation_time_ms': 35085.45, 'model_digest': 'baf6a787fdffd633537aa2eb51cfd54cb93ff08e28040095462bb63daf552878', 'transition': {'timestamp': 1788523190.5512486, 'node': 'spark', 'physical_node': 'etri-ser0002-cgnmsb', 'old_state': 'COLD', 'new_state': 'ACTIVE', 'reason': 'rtx5080_cold_trial_1'}}",{},20.663,1788523249.218694,496.432,147.842,342.469,True,1,llama3.2:1b,1321098329,True,baf6a787fdffd633537aa2eb51cfd54cb93ff08e28040095462bb63daf552878,etri-ser0002-cgnmsb,ACTIVE,206.0,7,27.648,1788523190.5512455,spark,8.194,4,True,spark,12.0,1788523190.5512486,spark,61.05,1788523249.2313063,4
0.0,1788523155.4658194,1,True,True,1,2156,8,b01-o04-spark-c8,10.274,,19.986,538.278,141.487,False,0,False,15840.0,1672.0,10.556,dcgm_shared_with_existing_workload,NVIDIA GeForce RTX 5080,59.0,77.0,True,0.01154017448425293,939.051,True,True,"{'activation_required': True, 'node_state_before': 'COLD', 'node_state': 'ACTIVE', 'activation_started_timestamp': 1788523155.4658194, 'ready_timestamp': 1788523190.5512455, 'worker_start_ms': 1.502, 'model_remote_download_ms': 17584.103, 'model_load_ms': 17493.29, 'cuda_initialization_ms': None, 'endpoint_ready_ms': 35085.449, 'activation_time_ms': 35085.45, 'model_digest': 'baf6a787fdffd633537aa2eb51cfd54cb93ff08e28040095462bb63daf552878', 'transition': {'timestamp': 1788523190.5512486, 'node': 'spark', 'physical_node': 'etri-ser0002-cgnmsb', 'old_state': 'COLD', 'new_state': 'ACTIVE', 'reason': 'rtx5080_cold_trial_1'}}",{},20.364,1788523250.2735667,541.638,143.292,342.316,True,1,llama3.2:1b,1321098329,True,baf6a787fdffd633537aa2eb51cfd54cb93ff08e28040095462bb63daf552878,etri-ser0002-cgnmsb,ACTIVE,206.0,7,27.649,1788523190.5512455,spark,7.804,4,True,spark,12.0,1788523190.5512486,spark,64.05,1788523250.285107,4
0.0,1788523155.4658194,1,True,True,1,2209,8,b01-o04-spark-c8,11.9,,19.419,539.687,139.326,False,0,False,15840.0,1672.0,10.556,dcgm_shared_with_existing_workload,NVIDIA GeForce RTX 5080,59.0,77.0,True,0.018036603927612305,939.051,True,True,"{'activation_required': True, 'node_state_before': 'COLD', 'node_state': 'ACTIVE', 'activation_started_timestamp': 1788523155.4658194, 'ready_timestamp': 1788523190.5512455, 'worker_start_ms': 1.502, 'model_remote_download_ms': 17584.103, 'model_load_ms': 17493.29, 'cuda_initialization_ms': None, 'endpoint_ready_ms': 35085.449, 'activation_time_ms': 35085.45, 'model_digest': 'baf6a787fdffd633537aa2eb51cfd54cb93ff08e28040095462bb63daf552878', 'transition': {'timestamp': 1788523190.5512486, 'node': 'spark', 'physical_node': 'etri-ser0002-cgnmsb', 'old_state': 'COLD', 'new_state': 'ACTIVE', 'reason': 'rtx5080_cold_trial_1'}}",{},19.367,1788523251.3215086,527.844,138.902,342.316,True,1,llama3.2:1b,1321098329,True,baf6a787fdffd633537aa2eb51cfd54cb93ff08e28040095462bb63daf552878,etri-ser0002-cgnmsb,ACTIVE,206.0,7,27.635,1788523190.5512455,spark,5.306,4,True,spark,12.0,1788523190.5512486,spark,59.05,1788523251.3395452,4
0.0,1788523155.4658194,1,True,True,1,2262,8,b01-o04-spark-c8,11.55,,20.993,506.89,149.935,False,0,False,15840.0,1672.0,10.556,dcgm_shared_with_existing_workload,NVIDIA GeForce RTX 5080,59.0,77.0,True,0.006317615509033203,939.051,True,True,"{'activation_required': True, 'node_state_before': 'COLD', 'node_state': 'ACTIVE', 'activation_started_timestamp': 1788523155.4658194, 'ready_timestamp': 1788523190.5512455, 'worker_start_ms': 1.502, 'model_remote_download_ms': 17584.103, 'model_load_ms': 17493.29, 'cuda_initialization_ms': None, 'endpoint_ready_ms': 35085.449, 'activation_time_ms': 35085.45, 'model_digest': 'baf6a787fdffd633537aa2eb51cfd54cb93ff08e28040095462bb63daf552878', 'transition': {'timestamp': 1788523190.5512486, 'node': 'spark', 'physical_node': 'etri-ser0002-cgnmsb', 'old_state': 'COLD', 'new_state': 'ACTIVE', 'reason': 'rtx5080_cold_trial_1'}}",{},20.862,1788523252.386034,512.919,150.913,342.098,True,1,llama3.2:1b,1321098329,True,baf6a787fdffd633537aa2eb51cfd54cb93ff08e28040095462bb63daf552878,etri-ser0002-cgnmsb,ACTIVE,206.0,7,27.646,1788523190.5512455,spark,8.025,4,True,spark,12.0,1788523190.5512486,spark,59.0,1788523252.3923516,4
0.0,1788523155.4658194,1,True,True,1,2315,8,b01-o04-spark-c8,10.342,,19.694,539.92,141.872,False,0,False,15840.0,1672.0,10.556,dcgm_shared_with_existing_workload,NVIDIA GeForce RTX 5080,59.0,77.0,True,0.0005185604095458984,939.051,True,True,"{'activation_required': True, 'node_state_before': 'COLD', 'node_state': 'ACTIVE', 'activation_started_timestamp': 1788523155.4658194, 'ready_timestamp': 1788523190.5512455, 'worker_start_ms': 1.502, 'model_remote_download_ms': 17584.103, 'model_load_ms': 17493.29, 'cuda_initialization_ms': None, 'endpoint_ready_ms': 35085.449, 'activation_time_ms': 35085.45, 'model_digest': 'baf6a787fdffd633537aa2eb51cfd54cb93ff08e28040095462bb63daf552878', 'transition': {'timestamp': 1788523190.5512486, 'node': 'spark', 'physical_node': 'etri-ser0002-cgnmsb', 'old_state': 'COLD', 'new_state': 'ACTIVE', 'reason': 'rtx5080_cold_trial_1'}}",{},19.489,1788523253.4436994,538.793,140.755,342.473,True,1,llama3.2:1b,1321098329,True,baf6a787fdffd633537aa2eb51cfd54cb93ff08e28040095462bb63daf552878,etri-ser0002-cgnmsb,ACTIVE,206.0,6,27.629,1788523190.5512455,spark,8.342,4,True,spark,12.0,1788523190.5512486,spark,50.0,1788523253.444218,4
0.0,1788523155.4658194,1,True,True,1,2368,8,b01-o04-spark-c8,11.628,,19.622,533.628,138.654,False,0,False,15840.0,1672.0,10.556,dcgm_shared_with_existing_workload,NVIDIA GeForce RTX 5080,59.0,77.0,True,0.015295028686523438,939.051,True,True,"{'activation_required': True, 'node_state_before': 'COLD', 'node_state': 'ACTIVE', 'activation_started_timestamp': 1788523155.4658194, 'ready_timestamp': 1788523190.5512455, 'worker_start_ms': 1.502, 'model_remote_download_ms': 17584.103, 'model_load_ms': 17493.29, 'cuda_initialization_ms': None, 'endpoint_ready_ms': 35085.449, 'activation_time_ms': 35085.45, 'model_digest': 'baf6a787fdffd633537aa2eb51cfd54cb93ff08e28040095462bb63daf552878', 'transition': {'timestamp': 1788523190.5512486, 'node': 'spark', 'physical_node': 'etri-ser0002-cgnmsb', 'old_state': 'COLD', 'new_state': 'ACTIVE', 'reason': 'rtx5080_cold_trial_1'}}",{},20.211,1788523254.4813945,523.526,137.371,342.375,True,1,llama3.2:1b,1321098329,True,baf6a787fdffd633537aa2eb51cfd54cb93ff08e28040095462bb63daf552878,etri-ser0002-cgnmsb,ACTIVE,206.0,7,27.634,1788523190.5512455,spark,6.642,4,True,spark,12.0,1788523190.5512486,spark,70.05,1788523254.4966896,4
0.0,1788523155.4658194,1,True,True,1,2417,8,b01-o04-spark-c8,11.451,,19.991,539.849,142.024,False,0,False,15840.0,1672.0,10.556,dcgm_shared_with_existing_workload,NVIDIA GeForce RTX 5080,58.0,78.0,True,0.01648998260498047,939.051,True,True,"{'activation_required': True, 'node_state_before': 'COLD', 'node_state': 'ACTIVE', 'activation_started_timestamp': 1788523155.4658194, 'ready_timestamp': 1788523190.5512455, 'worker_start_ms': 1.502, 'model_remote_download_ms': 17584.103, 'model_load_ms': 17493.29, 'cuda_initialization_ms': None, 'endpoint_ready_ms': 35085.449, 'activation_time_ms': 35085.45, 'model_digest': 'baf6a787fdffd633537aa2eb51cfd54cb93ff08e28040095462bb63daf552878', 'transition': {'timestamp': 1788523190.5512486, 'node': 'spark', 'physical_node': 'etri-ser0002-cgnmsb', 'old_state': 'COLD', 'new_state': 'ACTIVE', 'reason': 'rtx5080_cold_trial_1'}}",{},20.295,1788523255.5329325,541.162,141.727,342.352,True,1,llama3.2:1b,1321098329,True,baf6a787fdffd633537aa2eb51cfd54cb93ff08e28040095462bb63daf552878,etri-ser0002-cgnmsb,ACTIVE,206.0,7,27.624,1788523190.5512455,spark,6.695,4,True,spark,12.0,1788523190.5512486,spark,62.0,1788523255.5494225,4
0.0,1788523155.4658194,1,True,True,1,2447,2,b01-o05-spark-c2,2.335,,21.705,528.003,108.549,False,0,False,15840.0,1672.0,10.556,dcgm_shared_with_existing_workload,NVIDIA GeForce RTX 5080,58.0,78.0,True,0.00638890266418457,939.051,True,True,"{'activation_required': True, 'node_state_before': 'COLD', 'node_state': 'ACTIVE', 'activation_started_timestamp': 1788523155.4658194, 'ready_timestamp': 1788523190.5512455, 'worker_start_ms': 1.502, 'model_remote_download_ms': 17584.103, 'model_load_ms': 17493.29, 'cuda_initialization_ms': None, 'endpoint_ready_ms': 35085.449, 'activation_time_ms': 35085.45, 'model_digest': 'baf6a787fdffd633537aa2eb51cfd54cb93ff08e28040095462bb63daf552878', 'transition': {'timestamp': 1788523190.5512486, 'node': 'spark', 'physical_node': 'etri-ser0002-cgnmsb', 'old_state': 'COLD', 'new_state': 'ACTIVE', 'reason': 'rtx5080_cold_trial_1'}}",{},28.033,1788523259.171887,486.618,11.406,342.352,True,1,llama3.2:1b,1321098329,True,baf6a787fdffd633537aa2eb51cfd54cb93ff08e28040095462bb63daf552878,etri-ser0002-cgnmsb,ACTIVE,206.0,1,27.627,1788523190.5512455,spark,7.468,5,True,spark,12.0,1788523190.5512486,spark,56.05,1788523259.1782758,5
0.0,1788523155.4658194,1,True,True,1,2500,2,b01-o05-spark-c2,10.442,,19.736,543.645,22.52,False,0,False,15840.0,1672.0,10.556,dcgm_shared_with_existing_workload,NVIDIA GeForce RTX 5080,58.0,78.0,True,0.002547740936279297,939.051,True,True,"{'activation_required': True, 'node_state_before': 'COLD', 'node_state': 'ACTIVE', 'activation_started_timestamp': 1788523155.4658194, 'ready_timestamp': 1788523190.5512455, 'worker_start_ms': 1.502, 'model_remote_download_ms': 17584.103, 'model_load_ms': 17493.29, 'cuda_initialization_ms': None, 'endpoint_ready_ms': 35085.449, 'activation_time_ms': 35085.45, 'model_digest': 'baf6a787fdffd633537aa2eb51cfd54cb93ff08e28040095462bb63daf552878', 'transition': {'timestamp': 1788523190.5512486, 'node': 'spark', 'physical_node': 'etri-ser0002-cgnmsb', 'old_state': 'COLD', 'new_state': 'ACTIVE', 'reason': 'rtx5080_cold_trial_1'}}",{},20.375,1788523260.225843,545.033,24.736,342.422,True,1,llama3.2:1b,1321098329,True,baf6a787fdffd633537aa2eb51cfd54cb93ff08e28040095462bb63daf552878,etri-ser0002-cgnmsb,ACTIVE,206.0,1,27.641,1788523190.5512455,spark,4.771,5,True,spark,12.0,1788523190.5512486,spark,56.0,1788523260.2283907,5
0.0,1788523155.4658194,1,True,True,1,2552,2,b01-o05-spark-c2,11.908,,19.966,543.553,22.462,False,0,False,15840.0,1672.0,10.556,dcgm_shared_with_existing_workload,NVIDIA GeForce RTX 5080,58.0,78.0,True,0.0056955814361572266,939.051,True,True,"{'activation_required': True, 'node_state_before': 'COLD', 'node_state': 'ACTIVE', 'activation_started_timestamp': 1788523155.4658194, 'ready_timestamp': 1788523190.5512455, 'worker_start_ms': 1.502, 'model_remote_download_ms': 17584.103, 'model_load_ms': 17493.29, 'cuda_initialization_ms': None, 'endpoint_ready_ms': 35085.449, 'activation_time_ms': 35085.45, 'model_digest': 'baf6a787fdffd633537aa2eb51cfd54cb93ff08e28040095462bb63daf552878', 'transition': {'timestamp': 1788523190.5512486, 'node': 'spark', 'physical_node': 'etri-ser0002-cgnmsb', 'old_state': 'COLD', 'new_state': 'ACTIVE', 'reason': 'rtx5080_cold_trial_1'}}",{},19.791,1788523261.270728,543.996,21.812,342.133,True,1,llama3.2:1b,1321098329,True,baf6a787fdffd633537aa2eb51cfd54cb93ff08e28040095462bb63daf552878,etri-ser0002-cgnmsb,ACTIVE,206.0,1,27.663,1788523190.5512455,spark,6.908,5,True,spark,12.0,1788523190.5512486,spark,59.05,1788523261.2764237,5
0.0,1788523155.4658194,1,True,True,1,2605,2,b01-o05-spark-c2,10.618,,19.701,544.405,22.158,False,0,False,15840.0,1672.0,10.556,dcgm_shared_with_existing_workload,NVIDIA GeForce RTX 5080,58.0,78.0,True,0.0033409595489501953,939.051,True,True,"{'activation_required': True, 'node_state_before': 'COLD', 'node_state': 'ACTIVE', 'activation_started_timestamp': 1788523155.4658194, 'ready_timestamp': 1788523190.5512455, 'worker_start_ms': 1.502, 'model_remote_download_ms': 17584.103, 'model_load_ms': 17493.29, 'cuda_initialization_ms': None, 'endpoint_ready_ms': 35085.449, 'activation_time_ms': 35085.45, 'model_digest': 'baf6a787fdffd633537aa2eb51cfd54cb93ff08e28040095462bb63daf552878', 'transition': {'timestamp': 1788523190.5512486, 'node': 'spark', 'physical_node': 'etri-ser0002-cgnmsb', 'old_state': 'COLD', 'new_state': 'ACTIVE', 'reason': 'rtx5080_cold_trial_1'}}",{},19.777,1788523262.3179944,545.703,22.943,342.477,True,1,llama3.2:1b,1321098329,True,baf6a787fdffd633537aa2eb51cfd54cb93ff08e28040095462bb63daf552878,etri-ser0002-cgnmsb,ACTIVE,206.0,1,27.676,1788523190.5512455,spark,7.54,5,True,spark,12.0,1788523190.5512486,spark,61.05,1788523262.3213353,5
0.0,1788523155.4658194,1,True,True,1,2658,2,b01-o05-spark-c2,10.619,,19.424,544.685,22.469,False,0,False,15840.0,1672.0,10.556,dcgm_shared_with_existing_workload,NVIDIA GeForce RTX 5080,58.0,78.0,True,0.0012705326080322266,939.051,True,True,"{'activation_required': True, 'node_state_before': 'COLD', 'node_state': 'ACTIVE', 'activation_started_timestamp': 1788523155.4658194, 'ready_timestamp': 1788523190.5512455, 'worker_start_ms': 1.502, 'model_remote_download_ms': 17584.103, 'model_load_ms': 17493.29, 'cuda_initialization_ms': None, 'endpoint_ready_ms': 35085.449, 'activation_time_ms': 35085.45, 'model_digest': 'baf6a787fdffd633537aa2eb51cfd54cb93ff08e28040095462bb63daf552878', 'transition': {'timestamp': 1788523190.5512486, 'node': 'spark', 'physical_node': 'etri-ser0002-cgnmsb', 'old_state': 'COLD', 'new_state': 'ACTIVE', 'reason': 'rtx5080_cold_trial_1'}}",{},18.89,1788523263.3676062,545.405,22.404,342.281,True,1,llama3.2:1b,1321098329,True,baf6a787fdffd633537aa2eb51cfd54cb93ff08e28040095462bb63daf552878,etri-ser0002-cgnmsb,ACTIVE,206.0,1,27.655,1788523190.5512455,spark,5.499,5,True,spark,12.0,1788523190.5512486,spark,58.0,1788523263.3688767,5
0.0,1788523155.4658194,1,True,True,1,2711,2,b01-o05-spark-c2,10.518,,20.643,541.971,22.977,False,0,False,15840.0,1672.0,10.556,dcgm_shared_with_existing_workload,NVIDIA GeForce RTX 5080,58.0,78.0,True,0.0,939.051,True,True,"{'activation_required': True, 'node_state_before': 'COLD', 'node_state': 'ACTIVE', 'activation_started_timestamp': 1788523155.4658194, 'ready_timestamp': 1788523190.5512455, 'worker_start_ms': 1.502, 'model_remote_download_ms': 17584.103, 'model_load_ms': 17493.29, 'cuda_initialization_ms': None, 'endpoint_ready_ms': 35085.449, 'activation_time_ms': 35085.45, 'model_digest': 'baf6a787fdffd633537aa2eb51cfd54cb93ff08e28040095462bb63daf552878', 'transition': {'timestamp': 1788523190.5512486, 'node': 'spark', 'physical_node': 'etri-ser0002-cgnmsb', 'old_state': 'COLD', 'new_state': 'ACTIVE', 'reason': 'rtx5080_cold_trial_1'}}",{},20.635,1788523264.4136884,539.084,21.849,341.973,True,1,llama3.2:1b,1321098329,True,baf6a787fdffd633537aa2eb51cfd54cb93ff08e28040095462bb63daf552878,etri-ser0002-cgnmsb,ACTIVE,206.0,0,27.652,1788523190.5512455,spark,8.162,5,True,spark,12.0,1788523190.5512486,spark,48.05,1788523264.4130404,5
0.0,1788523155.4658194,1,True,True,1,2762,2,b01-o05-spark-c2,10.713,,19.361,542.863,21.741,False,0,False,15840.0,1672.0,10.556,dcgm_shared_with_existing_workload,NVIDIA GeForce RTX 5080,58.0,78.0,True,0.01731705665588379,939.051,True,True,"{'activation_required': True, 'node_state_before': 'COLD', 'node_state': 'ACTIVE', 'activation_started_timestamp': 1788523155.4658194, 'ready_timestamp': 1788523190.5512455, 'worker_start_ms': 1.502, 'model_remote_download_ms': 17584.103, 'model_load_ms': 17493.29, 'cuda_initialization_ms': None, 'endpoint_ready_ms': 35085.449, 'activation_time_ms': 35085.45, 'model_digest': 'baf6a787fdffd633537aa2eb51cfd54cb93ff08e28040095462bb63daf552878', 'transition': {'timestamp': 1788523190.5512486, 'node': 'spark', 'physical_node': 'etri-ser0002-cgnmsb', 'old_state': 'COLD', 'new_state': 'ACTIVE', 'reason': 'rtx5080_cold_trial_1'}}",{},19.246,1788523265.448134,542.226,21.553,341.637,True,1,llama3.2:1b,1321098329,True,baf6a787fdffd633537aa2eb51cfd54cb93ff08e28040095462bb63daf552878,etri-ser0002-cgnmsb,ACTIVE,206.0,1,27.663,1788523190.5512455,spark,7.391,5,True,spark,12.0,1788523190.5512486,spark,64.05,1788523265.465451,5
0.0,1788523155.4658194,1,True,True,1,2819,2,b01-o05-spark-c2,11.095,,19.64,543.355,22.223,False,0,False,15840.0,1672.0,10.556,dcgm_shared_with_existing_workload,NVIDIA GeForce RTX 5080,58.0,78.0,True,0.0033545494079589844,939.051,True,True,"{'activation_required': True, 'node_state_before': 'COLD', 'node_state': 'ACTIVE', 'activation_started_timestamp': 1788523155.4658194, 'ready_timestamp': 1788523190.5512455, 'worker_start_ms': 1.502, 'model_remote_download_ms': 17584.103, 'model_load_ms': 17493.29, 'cuda_initialization_ms': None, 'endpoint_ready_ms': 35085.449, 'activation_time_ms': 35085.45, 'model_digest': 'baf6a787fdffd633537aa2eb51cfd54cb93ff08e28040095462bb63daf552878', 'transition': {'timestamp': 1788523190.5512486, 'node': 'spark', 'physical_node': 'etri-ser0002-cgnmsb', 'old_state': 'COLD', 'new_state': 'ACTIVE', 'reason': 'rtx5080_cold_trial_1'}}",{},19.436,1788523266.5830474,547.196,22.593,342.129,True,1,llama3.2:1b,1321098329,True,baf6a787fdffd633537aa2eb51cfd54cb93ff08e28040095462bb63daf552878,etri-ser0002-cgnmsb,ACTIVE,206.0,1,27.655,1788523190.5512455,spark,7.085,5,True,spark,12.0,1788523190.5512486,spark,61.05,1788523266.586402,5
0.0,1788523155.4658194,1,True,True,1,2871,2,b01-o05-spark-c2,11.565,,20.687,513.445,23.391,False,0,False,15840.0,1672.0,10.556,dcgm_shared_with_existing_workload,NVIDIA GeForce RTX 5080,58.0,78.0,True,0.01139211654663086,939.051,True,True,"{'activation_required': True, 'node_state_before': 'COLD', 'node_state': 'ACTIVE', 'activation_started_timestamp': 1788523155.4658194, 'ready_timestamp': 1788523190.5512455, 'worker_start_ms': 1.502, 'model_remote_download_ms': 17584.103, 'model_load_ms': 17493.29, 'cuda_initialization_ms': None, 'endpoint_ready_ms': 35085.449, 'activation_time_ms': 35085.45, 'model_digest': 'baf6a787fdffd633537aa2eb51cfd54cb93ff08e28040095462bb63daf552878', 'transition': {'timestamp': 1788523190.5512486, 'node': 'spark', 'physical_node': 'etri-ser0002-cgnmsb', 'old_state': 'COLD', 'new_state': 'ACTIVE', 'reason': 'rtx5080_cold_trial_1'}}",{},20.248,1788523267.626531,525.935,23.008,341.934,True,1,llama3.2:1b,1321098329,True,baf6a787fdffd633537aa2eb51cfd54cb93ff08e28040095462bb63daf552878,etri-ser0002-cgnmsb,ACTIVE,206.0,1,27.678,1788523190.5512455,spark,7.878,5,True,spark,12.0,1788523190.5512486,spark,61.05,1788523267.637923,5
0.0,1788523155.4658194,1,True,True,1,2924,2,b01-o05-spark-c2,10.19,,19.506,542.868,21.963,False,0,False,15840.0,1672.0,10.556,dcgm_shared_with_existing_workload,NVIDIA GeForce RTX 5080,58.0,78.0,True,0.010145425796508789,939.051,True,True,"{'activation_required': True, 'node_state_before': 'COLD', 'node_state': 'ACTIVE', 'activation_started_timestamp': 1788523155.4658194, 'ready_timestamp': 1788523190.5512455, 'worker_start_ms': 1.502, 'model_remote_download_ms': 17584.103, 'model_load_ms': 17493.29, 'cuda_initialization_ms': None, 'endpoint_ready_ms': 35085.449, 'activation_time_ms': 35085.45, 'model_digest': 'baf6a787fdffd633537aa2eb51cfd54cb93ff08e28040095462bb63daf552878', 'transition': {'timestamp': 1788523190.5512486, 'node': 'spark', 'physical_node': 'etri-ser0002-cgnmsb', 'old_state': 'COLD', 'new_state': 'ACTIVE', 'reason': 'rtx5080_cold_trial_1'}}",{},19.135,1788523268.68347,542.814,21.446,342.0,True,1,llama3.2:1b,1321098329,True,baf6a787fdffd633537aa2eb51cfd54cb93ff08e28040095462bb63daf552878,etri-ser0002-cgnmsb,ACTIVE,206.0,1,27.676,1788523190.5512455,spark,7.613,5,True,spark,12.0,1788523190.5512486,spark,67.05,1788523268.6936154,5
0.0,1788523155.4658194,1,True,True,1,2977,2,b01-o05-spark-c2,10.394,,19.966,544.485,22.743,False,0,False,15840.0,1672.0,10.556,dcgm_shared_with_existing_workload,NVIDIA GeForce RTX 5080,58.0,78.0,True,0.017562389373779297,939.051,True,True,"{'activation_required': True, 'node_state_before': 'COLD', 'node_state': 'ACTIVE', 'activation_started_timestamp': 1788523155.4658194, 'ready_timestamp': 1788523190.5512455, 'worker_start_ms': 1.502, 'model_remote_download_ms': 17584.103, 'model_load_ms': 17493.29, 'cuda_initialization_ms': None, 'endpoint_ready_ms': 35085.449, 'activation_time_ms': 35085.45, 'model_digest': 'baf6a787fdffd633537aa2eb51cfd54cb93ff08e28040095462bb63daf552878', 'transition': {'timestamp': 1788523190.5512486, 'node': 'spark', 'physical_node': 'etri-ser0002-cgnmsb', 'old_state': 'COLD', 'new_state': 'ACTIVE', 'reason': 'rtx5080_cold_trial_1'}}",{},20.322,1788523269.7298076,544.662,23.128,342.145,True,1,llama3.2:1b,1321098329,True,baf6a787fdffd633537aa2eb51cfd54cb93ff08e28040095462bb63daf552878,etri-ser0002-cgnmsb,ACTIVE,206.0,1,27.67,1788523190.5512455,spark,7.909,5,True,spark,12.0,1788523190.5512486,spark,62.05,1788523269.74737,5
0.0,1788523155.4658194,1,True,True,1,3031,2,b01-o05-spark-c2,10.345,,19.813,543.389,22.154,False,0,False,15840.0,1672.0,10.556,dcgm_shared_with_existing_workload,NVIDIA GeForce RTX 5080,58.0,78.0,True,0.005504131317138672,939.051,True,True,"{'activation_required': True, 'node_state_before': 'COLD', 'node_state': 'ACTIVE', 'activation_started_timestamp': 1788523155.4658194, 'ready_timestamp': 1788523190.5512455, 'worker_start_ms': 1.502, 'model_remote_download_ms': 17584.103, 'model_load_ms': 17493.29, 'cuda_initialization_ms': None, 'endpoint_ready_ms': 35085.449, 'activation_time_ms': 35085.45, 'model_digest': 'baf6a787fdffd633537aa2eb51cfd54cb93ff08e28040095462bb63daf552878', 'transition': {'timestamp': 1788523190.5512486, 'node': 'spark', 'physical_node': 'etri-ser0002-cgnmsb', 'old_state': 'COLD', 'new_state': 'ACTIVE', 'reason': 'rtx5080_cold_trial_1'}}",{},20.276,1788523270.7969198,545.479,22.904,342.426,True,1,llama3.2:1b,1321098329,True,baf6a787fdffd633537aa2eb51cfd54cb93ff08e28040095462bb63daf552878,etri-ser0002-cgnmsb,ACTIVE,206.0,1,27.681,1788523190.5512455,spark,7.657,5,True,spark,12.0,1788523190.5512486,spark,56.05,1788523270.802424,5
0.0,1788523155.4658194,1,True,True,1,3050,1,b01-o06-spark-c1,1.943,,22.644,510.428,20.565,False,0,False,15840.0,1672.0,10.556,dcgm_shared_with_existing_workload,NVIDIA GeForce RTX 5080,58.0,78.0,True,0.006593227386474609,939.051,True,True,"{'activation_required': True, 'node_state_before': 'COLD', 'node_state': 'ACTIVE', 'activation_started_timestamp': 1788523155.4658194, 'ready_timestamp': 1788523190.5512455, 'worker_start_ms': 1.502, 'model_remote_download_ms': 17584.103, 'model_load_ms': 17493.29, 'cuda_initialization_ms': None, 'endpoint_ready_ms': 35085.449, 'activation_time_ms': 35085.45, 'model_digest': 'baf6a787fdffd633537aa2eb51cfd54cb93ff08e28040095462bb63daf552878', 'transition': {'timestamp': 1788523190.5512486, 'node': 'spark', 'physical_node': 'etri-ser0002-cgnmsb', 'old_state': 'COLD', 'new_state': 'ACTIVE', 'reason': 'rtx5080_cold_trial_1'}}",{},29.505,1788523274.233137,490.136,13.326,342.18,True,1,llama3.2:1b,1321098329,True,baf6a787fdffd633537aa2eb51cfd54cb93ff08e28040095462bb63daf552878,etri-ser0002-cgnmsb,ACTIVE,206.0,0,27.71,1788523190.5512455,spark,7.105,6,True,spark,12.0,1788523190.5512486,spark,54.0,1788523274.2397301,6
0.0,1788523155.4658194,1,True,True,1,3097,1,b01-o06-spark-c1,9.835,,19.852,541.265,4.465,False,0,False,15840.0,1672.0,10.556,dcgm_shared_with_existing_workload,NVIDIA GeForce RTX 5080,58.0,78.0,True,0.009416341781616211,939.051,True,True,"{'activation_required': True, 'node_state_before': 'COLD', 'node_state': 'ACTIVE', 'activation_started_timestamp': 1788523155.4658194, 'ready_timestamp': 1788523190.5512455, 'worker_start_ms': 1.502, 'model_remote_download_ms': 17584.103, 'model_load_ms': 17493.29, 'cuda_initialization_ms': None, 'endpoint_ready_ms': 35085.449, 'activation_time_ms': 35085.45, 'model_digest': 'baf6a787fdffd633537aa2eb51cfd54cb93ff08e28040095462bb63daf552878', 'transition': {'timestamp': 1788523190.5512486, 'node': 'spark', 'physical_node': 'etri-ser0002-cgnmsb', 'old_state': 'COLD', 'new_state': 'ACTIVE', 'reason': 'rtx5080_cold_trial_1'}}",{},19.774,1788523275.2719061,537.743,4.231,341.992,True,1,llama3.2:1b,1321098329,True,baf6a787fdffd633537aa2eb51cfd54cb93ff08e28040095462bb63daf552878,etri-ser0002-cgnmsb,ACTIVE,206.0,0,27.716,1788523190.5512455,spark,5.75,6,True,spark,12.0,1788523190.5512486,spark,60.0,1788523275.2813225,6
0.0,1788523155.4658194,1,True,True,1,3145,1,b01-o06-spark-c1,9.606,,20.064,536.581,4.755,False,0,False,15840.0,1672.0,10.556,dcgm_shared_with_existing_workload,NVIDIA GeForce RTX 5080,58.0,78.0,True,0.0011005401611328125,939.051,True,True,"{'activation_required': True, 'node_state_before': 'COLD', 'node_state': 'ACTIVE', 'activation_started_timestamp': 1788523155.4658194, 'ready_timestamp': 1788523190.5512455, 'worker_start_ms': 1.502, 'model_remote_download_ms': 17584.103, 'model_load_ms': 17493.29, 'cuda_initialization_ms': None, 'endpoint_ready_ms': 35085.449, 'activation_time_ms': 35085.45, 'model_digest': 'baf6a787fdffd633537aa2eb51cfd54cb93ff08e28040095462bb63daf552878', 'transition': {'timestamp': 1788523190.5512486, 'node': 'spark', 'physical_node': 'etri-ser0002-cgnmsb', 'old_state': 'COLD', 'new_state': 'ACTIVE', 'reason': 'rtx5080_cold_trial_1'}}",{},20.473,1788523276.3191786,519.143,4.813,341.879,True,1,llama3.2:1b,1321098329,True,baf6a787fdffd633537aa2eb51cfd54cb93ff08e28040095462bb63daf552878,etri-ser0002-cgnmsb,ACTIVE,206.0,0,27.575,1788523190.5512455,spark,8.596,6,True,spark,12.0,1788523190.5512486,spark,48.05,1788523276.3202791,6
0.0,1788523155.4658194,1,True,True,1,3193,1,b01-o06-spark-c1,10.205,,19.91,542.569,4.586,False,0,False,15840.0,1672.0,10.556,dcgm_shared_with_existing_workload,NVIDIA GeForce RTX 5080,58.0,78.0,True,0.011362314224243164,939.051,True,True,"{'activation_required': True, 'node_state_before': 'COLD', 'node_state': 'ACTIVE', 'activation_started_timestamp': 1788523155.4658194, 'ready_timestamp': 1788523190.5512455, 'worker_start_ms': 1.502, 'model_remote_download_ms': 17584.103, 'model_load_ms': 17493.29, 'cuda_initialization_ms': None, 'endpoint_ready_ms': 35085.449, 'activation_time_ms': 35085.45, 'model_digest': 'baf6a787fdffd633537aa2eb51cfd54cb93ff08e28040095462bb63daf552878', 'transition': {'timestamp': 1788523190.5512486, 'node': 'spark', 'physical_node': 'etri-ser0002-cgnmsb', 'old_state': 'COLD', 'new_state': 'ACTIVE', 'reason': 'rtx5080_cold_trial_1'}}",{},19.984,1788523277.355091,543.404,4.801,342.094,True,1,llama3.2:1b,1321098329,True,baf6a787fdffd633537aa2eb51cfd54cb93ff08e28040095462bb63daf552878,etri-ser0002-cgnmsb,ACTIVE,206.0,0,27.569,1788523190.5512455,spark,5.261,6,True,spark,12.0,1788523190.5512486,spark,63.05,1788523277.3664534,6
0.0,1788523155.4658194,1,True,True,1,3242,1,b01-o06-spark-c1,9.696,,21.607,495.612,4.892,False,0,False,15840.0,1672.0,10.556,dcgm_shared_with_existing_workload,NVIDIA GeForce RTX 5080,58.0,78.0,True,0.007154226303100586,939.051,True,True,"{'activation_required': True, 'node_state_before': 'COLD', 'node_state': 'ACTIVE', 'activation_started_timestamp': 1788523155.4658194, 'ready_timestamp': 1788523190.5512455, 'worker_start_ms': 1.502, 'model_remote_download_ms': 17584.103, 'model_load_ms': 17493.29, 'cuda_initialization_ms': None, 'endpoint_ready_ms': 35085.449, 'activation_time_ms': 35085.45, 'model_digest': 'baf6a787fdffd633537aa2eb51cfd54cb93ff08e28040095462bb63daf552878', 'transition': {'timestamp': 1788523190.5512486, 'node': 'spark', 'physical_node': 'etri-ser0002-cgnmsb', 'old_state': 'COLD', 'new_state': 'ACTIVE', 'reason': 'rtx5080_cold_trial_1'}}",{},21.612,1788523278.4034867,492.793,4.664,341.898,True,1,llama3.2:1b,1321098329,True,baf6a787fdffd633537aa2eb51cfd54cb93ff08e28040095462bb63daf552878,etri-ser0002-cgnmsb,ACTIVE,206.0,0,27.562,1788523190.5512455,spark,5.199,6,True,spark,12.0,1788523190.5512486,spark,55.05,1788523278.410641,6
0.0,1788523155.4658194,0,True,True,1,3290,1,b01-o06-spark-c1,10.699,,20.932,502.711,4.611,False,0,False,15840.0,1672.0,10.556,dcgm_shared_with_existing_workload,NVIDIA GeForce RTX 5080,58.0,78.0,True,0.0,939.051,True,True,"{'activation_required': True, 'node_state_before': 'COLD', 'node_state': 'ACTIVE', 'activation_started_timestamp': 1788523155.4658194, 'ready_timestamp': 1788523190.5512455, 'worker_start_ms': 1.502, 'model_remote_download_ms': 17584.103, 'model_load_ms': 17493.29, 'cuda_initialization_ms': None, 'endpoint_ready_ms': 35085.449, 'activation_time_ms': 35085.45, 'model_digest': 'baf6a787fdffd633537aa2eb51cfd54cb93ff08e28040095462bb63daf552878', 'transition': {'timestamp': 1788523190.5512486, 'node': 'spark', 'physical_node': 'etri-ser0002-cgnmsb', 'old_state': 'COLD', 'new_state': 'ACTIVE', 'reason': 'rtx5080_cold_trial_1'}}",{},20.872,1788523279.453358,504.764,4.771,342.164,True,1,llama3.2:1b,1321098329,True,baf6a787fdffd633537aa2eb51cfd54cb93ff08e28040095462bb63daf552878,etri-ser0002-cgnmsb,ACTIVE,206.0,0,27.546,1788523190.5512455,spark,5.384,6,True,spark,12.0,1788523190.5512486,spark,66.05,1788523279.452097,6
0.0,1788523155.4658194,1,True,True,1,3339,1,b01-o06-spark-c1,10.617,,20.741,508.887,4.503,False,0,False,15840.0,1672.0,10.556,dcgm_shared_with_existing_workload,NVIDIA GeForce RTX 5080,58.0,78.0,True,0.012916088104248047,939.051,True,True,"{'activation_required': True, 'node_state_before': 'COLD', 'node_state': 'ACTIVE', 'activation_started_timestamp': 1788523155.4658194, 'ready_timestamp': 1788523190.5512455, 'worker_start_ms': 1.502, 'model_remote_download_ms': 17584.103, 'model_load_ms': 17493.29, 'cuda_initialization_ms': None, 'endpoint_ready_ms': 35085.449, 'activation_time_ms': 35085.45, 'model_digest': 'baf6a787fdffd633537aa2eb51cfd54cb93ff08e28040095462bb63daf552878', 'transition': {'timestamp': 1788523190.5512486, 'node': 'spark', 'physical_node': 'etri-ser0002-cgnmsb', 'old_state': 'COLD', 'new_state': 'ACTIVE', 'reason': 'rtx5080_cold_trial_1'}}",{},21.181,1788523280.4839652,494.376,4.297,341.723,True,1,llama3.2:1b,1321098329,True,baf6a787fdffd633537aa2eb51cfd54cb93ff08e28040095462bb63daf552878,etri-ser0002-cgnmsb,ACTIVE,206.0,0,27.537,1788523190.5512455,spark,4.925,6,True,spark,12.0,1788523190.5512486,spark,62.05,1788523280.4968812,6
0.0,1788523155.4658194,1,True,True,1,3391,1,b01-o06-spark-c1,10.377,,20.153,533.411,4.603,False,0,False,15840.0,1672.0,10.556,dcgm_shared_with_existing_workload,NVIDIA GeForce RTX 5080,58.0,78.0,True,0.008761167526245117,939.051,True,True,"{'activation_required': True, 'node_state_before': 'COLD', 'node_state': 'ACTIVE', 'activation_started_timestamp': 1788523155.4658194, 'ready_timestamp': 1788523190.5512455, 'worker_start_ms': 1.502, 'model_remote_download_ms': 17584.103, 'model_load_ms': 17493.29, 'cuda_initialization_ms': None, 'endpoint_ready_ms': 35085.449, 'activation_time_ms': 35085.45, 'model_digest': 'baf6a787fdffd633537aa2eb51cfd54cb93ff08e28040095462bb63daf552878', 'transition': {'timestamp': 1788523190.5512486, 'node': 'spark', 'physical_node': 'etri-ser0002-cgnmsb', 'old_state': 'COLD', 'new_state': 'ACTIVE', 'reason': 'rtx5080_cold_trial_1'}}",{},21.121,1788523281.594344,500.845,4.578,341.758,True,1,llama3.2:1b,1321098329,True,baf6a787fdffd633537aa2eb51cfd54cb93ff08e28040095462bb63daf552878,etri-ser0002-cgnmsb,ACTIVE,206.0,0,27.524,1788523190.5512455,spark,7.066,6,True,spark,12.0,1788523190.5512486,spark,59.0,1788523281.603105,6
0.0,1788523155.4658194,1,True,True,1,3439,1,b01-o06-spark-c1,10.136,,21.13,500.263,4.576,False,0,False,15840.0,1672.0,10.556,dcgm_shared_with_existing_workload,NVIDIA GeForce RTX 5080,58.0,78.0,True,0.009258031845092773,939.051,True,True,"{'activation_required': True, 'node_state_before': 'COLD', 'node_state': 'ACTIVE', 'activation_started_timestamp': 1788523155.4658194, 'ready_timestamp': 1788523190.5512455, 'worker_start_ms': 1.502, 'model_remote_download_ms': 17584.103, 'model_load_ms': 17493.29, 'cuda_initialization_ms': None, 'endpoint_ready_ms': 35085.449, 'activation_time_ms': 35085.45, 'model_digest': 'baf6a787fdffd633537aa2eb51cfd54cb93ff08e28040095462bb63daf552878', 'transition': {'timestamp': 1788523190.5512486, 'node': 'spark', 'physical_node': 'etri-ser0002-cgnmsb', 'old_state': 'COLD', 'new_state': 'ACTIVE', 'reason': 'rtx5080_cold_trial_1'}}",{},20.615,1788523282.6441336,506.842,4.17,341.777,True,1,llama3.2:1b,1321098329,True,baf6a787fdffd633537aa2eb51cfd54cb93ff08e28040095462bb63daf552878,etri-ser0002-cgnmsb,ACTIVE,206.0,0,27.533,1788523190.5512455,spark,5.572,6,True,spark,12.0,1788523190.5512486,spark,60.0,1788523282.6533916,6
0.0,1788523155.4658194,1,True,True,1,3485,1,b01-o06-spark-c1,9.84,,21.003,512.347,4.86,False,0,False,15840.0,1672.0,10.556,dcgm_shared_with_existing_workload,NVIDIA GeForce RTX 5080,58.0,78.0,True,0.01896500587463379,939.051,True,True,"{'activation_required': True, 'node_state_before': 'COLD', 'node_state': 'ACTIVE', 'activation_started_timestamp': 1788523155.4658194, 'ready_timestamp': 1788523190.5512455, 'worker_start_ms': 1.502, 'model_remote_download_ms': 17584.103, 'model_load_ms': 17493.29, 'cuda_initialization_ms': None, 'endpoint_ready_ms': 35085.449, 'activation_time_ms': 35085.45, 'model_digest': 'baf6a787fdffd633537aa2eb51cfd54cb93ff08e28040095462bb63daf552878', 'transition': {'timestamp': 1788523190.5512486, 'node': 'spark', 'physical_node': 'etri-ser0002-cgnmsb', 'old_state': 'COLD', 'new_state': 'ACTIVE', 'reason': 'rtx5080_cold_trial_1'}}",{},20.885,1788523283.678698,510.79,4.663,341.875,True,1,llama3.2:1b,1321098329,True,baf6a787fdffd633537aa2eb51cfd54cb93ff08e28040095462bb63daf552878,etri-ser0002-cgnmsb,ACTIVE,206.0,0,27.509,1788523190.5512455,spark,5.586,6,True,spark,12.0,1788523190.5512486,spark,62.05,1788523283.697663,6
0.0,1788523155.4658194,1,True,True,1,3534,1,b01-o06-spark-c1,9.644,,20.12,530.992,4.523,False,0,False,15840.0,1672.0,10.556,dcgm_shared_with_existing_workload,NVIDIA GeForce RTX 5080,57.0,74.0,True,0.001150369644165039,939.051,True,True,"{'activation_required': True, 'node_state_before': 'COLD', 'node_state': 'ACTIVE', 'activation_started_timestamp': 1788523155.4658194, 'ready_timestamp': 1788523190.5512455, 'worker_start_ms': 1.502, 'model_remote_download_ms': 17584.103, 'model_load_ms': 17493.29, 'cuda_initialization_ms': None, 'endpoint_ready_ms': 35085.449, 'activation_time_ms': 35085.45, 'model_digest': 'baf6a787fdffd633537aa2eb51cfd54cb93ff08e28040095462bb63daf552878', 'transition': {'timestamp': 1788523190.5512486, 'node': 'spark', 'physical_node': 'etri-ser0002-cgnmsb', 'old_state': 'COLD', 'new_state': 'ACTIVE', 'reason': 'rtx5080_cold_trial_1'}}",{},21.639,1788523284.746398,497.141,4.799,341.871,True,1,llama3.2:1b,1321098329,True,baf6a787fdffd633537aa2eb51cfd54cb93ff08e28040095462bb63daf552878,etri-ser0002-cgnmsb,ACTIVE,206.0,0,27.51,1788523190.5512455,spark,6.411,6,True,spark,12.0,1788523190.5512486,spark,45.05,1788523284.7475483,6
0.0,1788523155.4658194,1,True,True,1,3583,1,b01-o06-spark-c1,11.067,,19.463,543.438,4.237,False,0,False,15840.0,1672.0,10.556,dcgm_shared_with_existing_workload,NVIDIA GeForce RTX 5080,57.0,74.0,True,0.008926153182983398,939.051,True,True,"{'activation_required': True, 'node_state_before': 'COLD', 'node_state': 'ACTIVE', 'activation_started_timestamp': 1788523155.4658194, 'ready_timestamp': 1788523190.5512455, 'worker_start_ms': 1.502, 'model_remote_download_ms': 17584.103, 'model_load_ms': 17493.29, 'cuda_initialization_ms': None, 'endpoint_ready_ms': 35085.449, 'activation_time_ms': 35085.45, 'model_digest': 'baf6a787fdffd633537aa2eb51cfd54cb93ff08e28040095462bb63daf552878', 'transition': {'timestamp': 1788523190.5512486, 'node': 'spark', 'physical_node': 'etri-ser0002-cgnmsb', 'old_state': 'COLD', 'new_state': 'ACTIVE', 'reason': 'rtx5080_cold_trial_1'}}",{},19.399,1788523285.782197,547.27,4.32,342.105,True,1,llama3.2:1b,1321098329,True,baf6a787fdffd633537aa2eb51cfd54cb93ff08e28040095462bb63daf552878,etri-ser0002-cgnmsb,ACTIVE,206.0,0,27.518,1788523190.5512455,spark,4.891,6,True,spark,12.0,1788523190.5512486,spark,64.0,1788523285.7911232,6
0.0,1788523155.4658194,1,True,True,2,3604,4,b02-o01-spark-c4,2.039,,21.013,534.356,5.477,False,0,False,15840.0,1672.0,10.556,dcgm_shared_with_existing_workload,NVIDIA GeForce RTX 5080,57.0,74.0,True,0.0,939.051,True,True,"{'activation_required': True, 'node_state_before': 'COLD', 'node_state': 'ACTIVE', 'activation_started_timestamp': 1788523155.4658194, 'ready_timestamp': 1788523190.5512455, 'worker_start_ms': 1.502, 'model_remote_download_ms': 17584.103, 'model_load_ms': 17493.29, 'cuda_initialization_ms': None, 'endpoint_ready_ms': 35085.449, 'activation_time_ms': 35085.45, 'model_digest': 'baf6a787fdffd633537aa2eb51cfd54cb93ff08e28040095462bb63daf552878', 'transition': {'timestamp': 1788523190.5512486, 'node': 'spark', 'physical_node': 'etri-ser0002-cgnmsb', 'old_state': 'COLD', 'new_state': 'ACTIVE', 'reason': 'rtx5080_cold_trial_1'}}",{},25.358,1788523289.2627132,512.755,9.27,342.281,True,1,llama3.2:1b,1321098329,True,baf6a787fdffd633537aa2eb51cfd54cb93ff08e28040095462bb63daf552878,etri-ser0002-cgnmsb,ACTIVE,206.0,2,27.506,1788523190.5512455,spark,8.994,7,True,spark,12.0,1788523190.5512486,spark,52.0,1788523289.262167,1
0.0,1788523155.4658194,1,True,True,2,3657,4,b02-o01-spark-c4,10.234,,20.256,533.541,62.649,False,0,False,15840.0,1672.0,10.556,dcgm_shared_with_existing_workload,NVIDIA GeForce RTX 5080,57.0,74.0,True,0.0,939.051,True,True,"{'activation_required': True, 'node_state_before': 'COLD', 'node_state': 'ACTIVE', 'activation_started_timestamp': 1788523155.4658194, 'ready_timestamp': 1788523190.5512455, 'worker_start_ms': 1.502, 'model_remote_download_ms': 17584.103, 'model_load_ms': 17493.29, 'cuda_initialization_ms': None, 'endpoint_ready_ms': 35085.449, 'activation_time_ms': 35085.45, 'model_digest': 'baf6a787fdffd633537aa2eb51cfd54cb93ff08e28040095462bb63daf552878', 'transition': {'timestamp': 1788523190.5512486, 'node': 'spark', 'physical_node': 'etri-ser0002-cgnmsb', 'old_state': 'COLD', 'new_state': 'ACTIVE', 'reason': 'rtx5080_cold_trial_1'}}",{},20.733,1788523290.3175304,544.588,64.551,342.445,True,1,llama3.2:1b,1321098329,True,baf6a787fdffd633537aa2eb51cfd54cb93ff08e28040095462bb63daf552878,etri-ser0002-cgnmsb,ACTIVE,206.0,2,27.508,1788523190.5512455,spark,8.881,7,True,spark,12.0,1788523190.5512486,spark,48.05,1788523290.3159456,1
0.0,1788523155.4658194,1,True,True,2,3710,4,b02-o01-spark-c4,11.261,,19.817,542.343,62.301,False,0,False,15840.0,1672.0,10.556,dcgm_shared_with_existing_workload,NVIDIA GeForce RTX 5080,57.0,74.0,True,0.0,939.051,True,True,"{'activation_required': True, 'node_state_before': 'COLD', 'node_state': 'ACTIVE', 'activation_started_timestamp': 1788523155.4658194, 'ready_timestamp': 1788523190.5512455, 'worker_start_ms': 1.502, 'model_remote_download_ms': 17584.103, 'model_load_ms': 17493.29, 'cuda_initialization_ms': None, 'endpoint_ready_ms': 35085.449, 'activation_time_ms': 35085.45, 'model_digest': 'baf6a787fdffd633537aa2eb51cfd54cb93ff08e28040095462bb63daf552878', 'transition': {'timestamp': 1788523190.5512486, 'node': 'spark', 'physical_node': 'etri-ser0002-cgnmsb', 'old_state': 'COLD', 'new_state': 'ACTIVE', 'reason': 'rtx5080_cold_trial_1'}}",{},19.908,1788523291.3701098,545.963,62.295,342.289,True,1,llama3.2:1b,1321098329,True,baf6a787fdffd633537aa2eb51cfd54cb93ff08e28040095462bb63daf552878,etri-ser0002-cgnmsb,ACTIVE,206.0,3,27.519,1788523190.5512455,spark,7.136,7,True,spark,12.0,1788523190.5512486,spark,48.05,1788523291.3698127,1
0.0,1788523155.4658194,1,True,True,2,3763,4,b02-o01-spark-c4,11.515,,19.786,541.112,61.19,False,0,False,15840.0,1672.0,10.556,dcgm_shared_with_existing_workload,NVIDIA GeForce RTX 5080,57.0,74.0,True,0.0,939.051,True,True,"{'activation_required': True, 'node_state_before': 'COLD', 'node_state': 'ACTIVE', 'activation_started_timestamp': 1788523155.4658194, 'ready_timestamp': 1788523190.5512455, 'worker_start_ms': 1.502, 'model_remote_download_ms': 17584.103, 'model_load_ms': 17493.29, 'cuda_initialization_ms': None, 'endpoint_ready_ms': 35085.449, 'activation_time_ms': 35085.45, 'model_digest': 'baf6a787fdffd633537aa2eb51cfd54cb93ff08e28040095462bb63daf552878', 'transition': {'timestamp': 1788523190.5512486, 'node': 'spark', 'physical_node': 'etri-ser0002-cgnmsb', 'old_state': 'COLD', 'new_state': 'ACTIVE', 'reason': 'rtx5080_cold_trial_1'}}",{},20.562,1788523292.4253006,536.517,61.622,342.504,True,1,llama3.2:1b,1321098329,True,baf6a787fdffd633537aa2eb51cfd54cb93ff08e28040095462bb63daf552878,etri-ser0002-cgnmsb,ACTIVE,206.0,3,27.518,1788523190.5512455,spark,9.824,7,True,spark,12.0,1788523190.5512486,spark,51.05,1788523292.4251933,1
0.0,1788523155.4658194,1,True,True,2,3816,4,b02-o01-spark-c4,10.489,,19.4,542.481,61.752,False,0,False,15840.0,1672.0,10.556,dcgm_shared_with_existing_workload,NVIDIA GeForce RTX 5080,57.0,74.0,True,0.011771202087402344,939.051,True,True,"{'activation_required': True, 'node_state_before': 'COLD', 'node_state': 'ACTIVE', 'activation_started_timestamp': 1788523155.4658194, 'ready_timestamp': 1788523190.5512455, 'worker_start_ms': 1.502, 'model_remote_download_ms': 17584.103, 'model_load_ms': 17493.29, 'cuda_initialization_ms': None, 'endpoint_ready_ms': 35085.449, 'activation_time_ms': 35085.45, 'model_digest': 'baf6a787fdffd633537aa2eb51cfd54cb93ff08e28040095462bb63daf552878', 'transition': {'timestamp': 1788523190.5512486, 'node': 'spark', 'physical_node': 'etri-ser0002-cgnmsb', 'old_state': 'COLD', 'new_state': 'ACTIVE', 'reason': 'rtx5080_cold_trial_1'}}",{},19.332,1788523293.467884,542.189,60.643,342.09,True,1,llama3.2:1b,1321098329,True,baf6a787fdffd633537aa2eb51cfd54cb93ff08e28040095462bb63daf552878,etri-ser0002-cgnmsb,ACTIVE,206.0,3,27.508,1788523190.5512455,spark,4.954,7,True,spark,12.0,1788523190.5512486,spark,59.05,1788523293.4796553,1
0.0,1788523155.4658194,1,True,True,2,3869,4,b02-o01-spark-c4,10.195,,19.854,544.092,62.58,False,0,False,15840.0,1672.0,10.556,dcgm_shared_with_existing_workload,NVIDIA GeForce RTX 5080,57.0,74.0,True,0.013112545013427734,939.051,True,True,"{'activation_required': True, 'node_state_before': 'COLD', 'node_state': 'ACTIVE', 'activation_started_timestamp': 1788523155.4658194, 'ready_timestamp': 1788523190.5512455, 'worker_start_ms': 1.502, 'model_remote_download_ms': 17584.103, 'model_load_ms': 17493.29, 'cuda_initialization_ms': None, 'endpoint_ready_ms': 35085.449, 'activation_time_ms': 35085.45, 'model_digest': 'baf6a787fdffd633537aa2eb51cfd54cb93ff08e28040095462bb63daf552878', 'transition': {'timestamp': 1788523190.5512486, 'node': 'spark', 'physical_node': 'etri-ser0002-cgnmsb', 'old_state': 'COLD', 'new_state': 'ACTIVE', 'reason': 'rtx5080_cold_trial_1'}}",{},19.39,1788523294.516369,544.144,64.17,342.68,True,1,llama3.2:1b,1321098329,True,baf6a787fdffd633537aa2eb51cfd54cb93ff08e28040095462bb63daf552878,etri-ser0002-cgnmsb,ACTIVE,206.0,3,27.513,1788523190.5512455,spark,6.199,7,True,spark,12.0,1788523190.5512486,spark,67.05,1788523294.5294816,1
0.0,1788523155.4658194,1,True,True,2,3919,4,b02-o01-spark-c4,10.602,,21.215,497.393,65.712,False,0,False,15840.0,1672.0,10.556,dcgm_shared_with_existing_workload,NVIDIA GeForce RTX 5080,57.0,74.0,True,0.019373178482055664,939.051,True,True,"{'activation_required': True, 'node_state_before': 'COLD', 'node_state': 'ACTIVE', 'activation_started_timestamp': 1788523155.4658194, 'ready_timestamp': 1788523190.5512455, 'worker_start_ms': 1.502, 'model_remote_download_ms': 17584.103, 'model_load_ms': 17493.29, 'cuda_initialization_ms': None, 'endpoint_ready_ms': 35085.449, 'activation_time_ms': 35085.45, 'model_digest': 'baf6a787fdffd633537aa2eb51cfd54cb93ff08e28040095462bb63daf552878', 'transition': {'timestamp': 1788523190.5512486, 'node': 'spark', 'physical_node': 'etri-ser0002-cgnmsb', 'old_state': 'COLD', 'new_state': 'ACTIVE', 'reason': 'rtx5080_cold_trial_1'}}",{},22.274,1788523295.5583444,476.872,66.408,342.16,True,1,llama3.2:1b,1321098329,True,baf6a787fdffd633537aa2eb51cfd54cb93ff08e28040095462bb63daf552878,etri-ser0002-cgnmsb,ACTIVE,206.0,3,27.516,1788523190.5512455,spark,6.262,7,True,spark,12.0,1788523190.5512486,spark,60.05,1788523295.5777175,1
0.0,1788523155.4658194,1,True,True,2,3970,4,b02-o01-spark-c4,10.256,,19.463,542.701,62.791,False,0,False,15840.0,1672.0,10.556,dcgm_shared_with_existing_workload,NVIDIA GeForce RTX 5080,57.0,74.0,True,0.008385896682739258,939.051,True,True,"{'activation_required': True, 'node_state_before': 'COLD', 'node_state': 'ACTIVE', 'activation_started_timestamp': 1788523155.4658194, 'ready_timestamp': 1788523190.5512455, 'worker_start_ms': 1.502, 'model_remote_download_ms': 17584.103, 'model_load_ms': 17493.29, 'cuda_initialization_ms': None, 'endpoint_ready_ms': 35085.449, 'activation_time_ms': 35085.45, 'model_digest': 'baf6a787fdffd633537aa2eb51cfd54cb93ff08e28040095462bb63daf552878', 'transition': {'timestamp': 1788523190.5512486, 'node': 'spark', 'physical_node': 'etri-ser0002-cgnmsb', 'old_state': 'COLD', 'new_state': 'ACTIVE', 'reason': 'rtx5080_cold_trial_1'}}",{},18.832,1788523296.6068811,542.116,61.431,341.914,True,1,llama3.2:1b,1321098329,True,baf6a787fdffd633537aa2eb51cfd54cb93ff08e28040095462bb63daf552878,etri-ser0002-cgnmsb,ACTIVE,206.0,3,27.526,1788523190.5512455,spark,5.077,7,True,spark,12.0,1788523190.5512486,spark,62.05,1788523296.615267,1
0.0,1788523155.4658194,1,True,True,2,4023,4,b02-o01-spark-c4,11.849,,19.649,542.501,61.153,False,0,False,15840.0,1672.0,10.556,dcgm_shared_with_existing_workload,NVIDIA GeForce RTX 5080,57.0,74.0,True,0.004569053649902344,939.051,True,True,"{'activation_required': True, 'node_state_before': 'COLD', 'node_state': 'ACTIVE', 'activation_started_timestamp': 1788523155.4658194, 'ready_timestamp': 1788523190.5512455, 'worker_start_ms': 1.502, 'model_remote_download_ms': 17584.103, 'model_load_ms': 17493.29, 'cuda_initialization_ms': None, 'endpoint_ready_ms': 35085.449, 'activation_time_ms': 35085.45, 'model_digest': 'baf6a787fdffd633537aa2eb51cfd54cb93ff08e28040095462bb63daf552878', 'transition': {'timestamp': 1788523190.5512486, 'node': 'spark', 'physical_node': 'etri-ser0002-cgnmsb', 'old_state': 'COLD', 'new_state': 'ACTIVE', 'reason': 'rtx5080_cold_trial_1'}}",{},20.38,1788523297.6569192,544.736,61.512,342.066,True,1,llama3.2:1b,1321098329,True,baf6a787fdffd633537aa2eb51cfd54cb93ff08e28040095462bb63daf552878,etri-ser0002-cgnmsb,ACTIVE,206.0,3,27.527,1788523190.5512455,spark,4.73,7,True,spark,12.0,1788523190.5512486,spark,59.05,1788523297.6614883,1
0.0,1788523155.4658194,1,True,True,2,4076,4,b02-o01-spark-c4,10.657,,19.102,544.48,60.525,False,0,False,15840.0,1672.0,10.556,dcgm_shared_with_existing_workload,NVIDIA GeForce RTX 5080,57.0,74.0,True,0.009852886199951172,939.051,True,True,"{'activation_required': True, 'node_state_before': 'COLD', 'node_state': 'ACTIVE', 'activation_started_timestamp': 1788523155.4658194, 'ready_timestamp': 1788523190.5512455, 'worker_start_ms': 1.502, 'model_remote_download_ms': 17584.103, 'model_load_ms': 17493.29, 'cuda_initialization_ms': None, 'endpoint_ready_ms': 35085.449, 'activation_time_ms': 35085.45, 'model_digest': 'baf6a787fdffd633537aa2eb51cfd54cb93ff08e28040095462bb63daf552878', 'transition': {'timestamp': 1788523190.5512486, 'node': 'spark', 'physical_node': 'etri-ser0002-cgnmsb', 'old_state': 'COLD', 'new_state': 'ACTIVE', 'reason': 'rtx5080_cold_trial_1'}}",{},19.117,1788523298.6940145,544.255,60.559,342.273,True,1,llama3.2:1b,1321098329,True,baf6a787fdffd633537aa2eb51cfd54cb93ff08e28040095462bb63daf552878,etri-ser0002-cgnmsb,ACTIVE,206.0,3,27.526,1788523190.5512455,spark,5.919,7,True,spark,12.0,1788523190.5512486,spark,64.05,1788523298.7038674,1
0.0,1788523155.4658194,1,True,True,2,4130,4,b02-o01-spark-c4,10.876,,19.436,545.787,62.078,False,0,False,15840.0,1672.0,10.556,dcgm_shared_with_existing_workload,NVIDIA GeForce RTX 5080,57.0,74.0,True,0.0010530948638916016,939.051,True,True,"{'activation_required': True, 'node_state_before': 'COLD', 'node_state': 'ACTIVE', 'activation_started_timestamp': 1788523155.4658194, 'ready_timestamp': 1788523190.5512455, 'worker_start_ms': 1.502, 'model_remote_download_ms': 17584.103, 'model_load_ms': 17493.29, 'cuda_initialization_ms': None, 'endpoint_ready_ms': 35085.449, 'activation_time_ms': 35085.45, 'model_digest': 'baf6a787fdffd633537aa2eb51cfd54cb93ff08e28040095462bb63daf552878', 'transition': {'timestamp': 1788523190.5512486, 'node': 'spark', 'physical_node': 'etri-ser0002-cgnmsb', 'old_state': 'COLD', 'new_state': 'ACTIVE', 'reason': 'rtx5080_cold_trial_1'}}",{},19.591,1788523299.750471,546.485,61.647,342.465,True,1,llama3.2:1b,1321098329,True,baf6a787fdffd633537aa2eb51cfd54cb93ff08e28040095462bb63daf552878,etri-ser0002-cgnmsb,ACTIVE,206.0,3,27.524,1788523190.5512455,spark,6.613,7,True,spark,12.0,1788523190.5512486,spark,58.0,1788523299.7515242,1
0.0,1788523155.4658194,1,True,True,2,4183,4,b02-o01-spark-c4,10.172,,19.799,543.75,62.499,False,0,False,15840.0,1672.0,10.556,dcgm_shared_with_existing_workload,NVIDIA GeForce RTX 5080,57.0,74.0,True,0.003628253936767578,939.051,True,True,"{'activation_required': True, 'node_state_before': 'COLD', 'node_state': 'ACTIVE', 'activation_started_timestamp': 1788523155.4658194, 'ready_timestamp': 1788523190.5512455, 'worker_start_ms': 1.502, 'model_remote_download_ms': 17584.103, 'model_load_ms': 17493.29, 'cuda_initialization_ms': None, 'endpoint_ready_ms': 35085.449, 'activation_time_ms': 35085.45, 'model_digest': 'baf6a787fdffd633537aa2eb51cfd54cb93ff08e28040095462bb63daf552878', 'transition': {'timestamp': 1788523190.5512486, 'node': 'spark', 'physical_node': 'etri-ser0002-cgnmsb', 'old_state': 'COLD', 'new_state': 'ACTIVE', 'reason': 'rtx5080_cold_trial_1'}}",{},19.997,1788523300.7945864,545.219,64.622,342.211,True,1,llama3.2:1b,1321098329,True,baf6a787fdffd633537aa2eb51cfd54cb93ff08e28040095462bb63daf552878,etri-ser0002-cgnmsb,ACTIVE,206.0,3,27.522,1788523190.5512455,spark,4.561,7,True,spark,12.0,1788523190.5512486,spark,60.0,1788523300.7982147,1
0.0,1788523155.4658194,1,True,True,2,4209,16,b02-o02-spark-c16,2.197,,21.632,521.412,49.121,False,0,False,15840.0,1672.0,10.556,dcgm_shared_with_existing_workload,NVIDIA GeForce RTX 5080,57.0,74.0,True,0.0,939.051,True,True,"{'activation_required': True, 'node_state_before': 'COLD', 'node_state': 'ACTIVE', 'activation_started_timestamp': 1788523155.4658194, 'ready_timestamp': 1788523190.5512455, 'worker_start_ms': 1.502, 'model_remote_download_ms': 17584.103, 'model_load_ms': 17493.29, 'cuda_initialization_ms': None, 'endpoint_ready_ms': 35085.449, 'activation_time_ms': 35085.45, 'model_digest': 'baf6a787fdffd633537aa2eb51cfd54cb93ff08e28040095462bb63daf552878', 'transition': {'timestamp': 1788523190.5512486, 'node': 'spark', 'physical_node': 'etri-ser0002-cgnmsb', 'old_state': 'COLD', 'new_state': 'ACTIVE', 'reason': 'rtx5080_cold_trial_1'}}",{},28.234,1788523304.3482473,465.631,12.577,342.195,True,1,llama3.2:1b,1321098329,True,baf6a787fdffd633537aa2eb51cfd54cb93ff08e28040095462bb63daf552878,etri-ser0002-cgnmsb,ACTIVE,206.0,8,27.571,1788523190.5512455,spark,6.037,8,True,spark,12.0,1788523190.5512486,spark,44.05,1788523304.3481376,2
0.0,1788523155.4658194,1,True,True,2,4261,16,b02-o02-spark-c16,10.552,,20.033,541.846,161.897,False,0,False,15840.0,1672.0,10.556,dcgm_shared_with_existing_workload,NVIDIA GeForce RTX 5080,57.0,74.0,True,0.011450052261352539,939.051,True,True,"{'activation_required': True, 'node_state_before': 'COLD', 'node_state': 'ACTIVE', 'activation_started_timestamp': 1788523155.4658194, 'ready_timestamp': 1788523190.5512455, 'worker_start_ms': 1.502, 'model_remote_download_ms': 17584.103, 'model_load_ms': 17493.29, 'cuda_initialization_ms': None, 'endpoint_ready_ms': 35085.449, 'activation_time_ms': 35085.45, 'model_digest': 'baf6a787fdffd633537aa2eb51cfd54cb93ff08e28040095462bb63daf552878', 'transition': {'timestamp': 1788523190.5512486, 'node': 'spark', 'physical_node': 'etri-ser0002-cgnmsb', 'old_state': 'COLD', 'new_state': 'ACTIVE', 'reason': 'rtx5080_cold_trial_1'}}",{},20.888,1788523305.3831506,540.394,163.304,342.484,True,1,llama3.2:1b,1321098329,True,baf6a787fdffd633537aa2eb51cfd54cb93ff08e28040095462bb63daf552878,etri-ser0002-cgnmsb,ACTIVE,206.0,15,27.551,1788523190.5512455,spark,4.481,8,True,spark,12.0,1788523190.5512486,spark,66.05,1788523305.3946006,2
0.0,1788523155.4658194,1,True,True,2,4314,16,b02-o02-spark-c16,10.493,,19.235,542.077,293.291,False,0,False,15840.0,1672.0,10.556,dcgm_shared_with_existing_workload,NVIDIA GeForce RTX 5080,57.0,74.0,True,0.009384632110595703,939.051,True,True,"{'activation_required': True, 'node_state_before': 'COLD', 'node_state': 'ACTIVE', 'activation_started_timestamp': 1788523155.4658194, 'ready_timestamp': 1788523190.5512455, 'worker_start_ms': 1.502, 'model_remote_download_ms': 17584.103, 'model_load_ms': 17493.29, 'cuda_initialization_ms': None, 'endpoint_ready_ms': 35085.449, 'activation_time_ms': 35085.45, 'model_digest': 'baf6a787fdffd633537aa2eb51cfd54cb93ff08e28040095462bb63daf552878', 'transition': {'timestamp': 1788523190.5512486, 'node': 'spark', 'physical_node': 'etri-ser0002-cgnmsb', 'old_state': 'COLD', 'new_state': 'ACTIVE', 'reason': 'rtx5080_cold_trial_1'}}",{},19.17,1788523306.4288676,541.199,291.034,342.238,True,1,llama3.2:1b,1321098329,True,baf6a787fdffd633537aa2eb51cfd54cb93ff08e28040095462bb63daf552878,etri-ser0002-cgnmsb,ACTIVE,206.0,15,27.556,1788523190.5512455,spark,5.041,8,True,spark,12.0,1788523190.5512486,spark,60.05,1788523306.4382522,2
0.0,1788523155.4658194,1,True,True,2,4367,16,b02-o02-spark-c16,11.204,,20.122,535.006,301.446,False,0,False,15840.0,1672.0,10.556,dcgm_shared_with_existing_workload,NVIDIA GeForce RTX 5080,57.0,74.0,True,0.0048503875732421875,939.051,True,True,"{'activation_required': True, 'node_state_before': 'COLD', 'node_state': 'ACTIVE', 'activation_started_timestamp': 1788523155.4658194, 'ready_timestamp': 1788523190.5512455, 'worker_start_ms': 1.502, 'model_remote_download_ms': 17584.103, 'model_load_ms': 17493.29, 'cuda_initialization_ms': None, 'endpoint_ready_ms': 35085.449, 'activation_time_ms': 35085.45, 'model_digest': 'baf6a787fdffd633537aa2eb51cfd54cb93ff08e28040095462bb63daf552878', 'transition': {'timestamp': 1788523190.5512486, 'node': 'spark', 'physical_node': 'etri-ser0002-cgnmsb', 'old_state': 'COLD', 'new_state': 'ACTIVE', 'reason': 'rtx5080_cold_trial_1'}}",{},20.009,1788523307.4785233,545.071,302.2,342.164,True,1,llama3.2:1b,1321098329,True,baf6a787fdffd633537aa2eb51cfd54cb93ff08e28040095462bb63daf552878,etri-ser0002-cgnmsb,ACTIVE,206.0,15,27.571,1788523190.5512455,spark,5.988,8,True,spark,12.0,1788523190.5512486,spark,62.0,1788523307.4833736,2
0.0,1788523155.4658194,1,True,True,2,4417,16,b02-o02-spark-c16,10.365,,20.594,517.278,315.321,False,0,False,15840.0,1672.0,10.556,dcgm_shared_with_existing_workload,NVIDIA GeForce RTX 5080,57.0,74.0,True,0.014012575149536133,939.051,True,True,"{'activation_required': True, 'node_state_before': 'COLD', 'node_state': 'ACTIVE', 'activation_started_timestamp': 1788523155.4658194, 'ready_timestamp': 1788523190.5512455, 'worker_start_ms': 1.502, 'model_remote_download_ms': 17584.103, 'model_load_ms': 17493.29, 'cuda_initialization_ms': None, 'endpoint_ready_ms': 35085.449, 'activation_time_ms': 35085.45, 'model_digest': 'baf6a787fdffd633537aa2eb51cfd54cb93ff08e28040095462bb63daf552878', 'transition': {'timestamp': 1788523190.5512486, 'node': 'spark', 'physical_node': 'etri-ser0002-cgnmsb', 'old_state': 'COLD', 'new_state': 'ACTIVE', 'reason': 'rtx5080_cold_trial_1'}}",{},21.464,1788523308.5148015,504.255,312.939,342.23,True,1,llama3.2:1b,1321098329,True,baf6a787fdffd633537aa2eb51cfd54cb93ff08e28040095462bb63daf552878,etri-ser0002-cgnmsb,ACTIVE,206.0,15,27.569,1788523190.5512455,spark,15.552,8,True,spark,12.0,1788523190.5512486,spark,54.05,1788523308.528814,2
0.0,1788523155.4658194,1,True,True,2,4467,16,b02-o02-spark-c16,11.432,,21.179,502.794,319.812,False,0,False,15840.0,1672.0,10.556,dcgm_shared_with_existing_workload,NVIDIA GeForce RTX 5080,57.0,74.0,True,0.008582353591918945,939.051,True,True,"{'activation_required': True, 'node_state_before': 'COLD', 'node_state': 'ACTIVE', 'activation_started_timestamp': 1788523155.4658194, 'ready_timestamp': 1788523190.5512455, 'worker_start_ms': 1.502, 'model_remote_download_ms': 17584.103, 'model_load_ms': 17493.29, 'cuda_initialization_ms': None, 'endpoint_ready_ms': 35085.449, 'activation_time_ms': 35085.45, 'model_digest': 'baf6a787fdffd633537aa2eb51cfd54cb93ff08e28040095462bb63daf552878', 'transition': {'timestamp': 1788523190.5512486, 'node': 'spark', 'physical_node': 'etri-ser0002-cgnmsb', 'old_state': 'COLD', 'new_state': 'ACTIVE', 'reason': 'rtx5080_cold_trial_1'}}",{},21.128,1788523309.5814044,529.171,320.994,342.309,True,1,llama3.2:1b,1321098329,True,baf6a787fdffd633537aa2eb51cfd54cb93ff08e28040095462bb63daf552878,etri-ser0002-cgnmsb,ACTIVE,206.0,15,27.569,1788523190.5512455,spark,4.49,8,True,spark,12.0,1788523190.5512486,spark,59.05,1788523309.5899868,2
0.0,1788523155.4658194,1,True,True,2,4520,16,b02-o02-spark-c16,10.612,,19.377,543.192,294.976,False,0,False,15840.0,1672.0,10.556,dcgm_shared_with_existing_workload,NVIDIA GeForce RTX 5080,57.0,74.0,True,0.004858732223510742,939.051,True,True,"{'activation_required': True, 'node_state_before': 'COLD', 'node_state': 'ACTIVE', 'activation_started_timestamp': 1788523155.4658194, 'ready_timestamp': 1788523190.5512455, 'worker_start_ms': 1.502, 'model_remote_download_ms': 17584.103, 'model_load_ms': 17493.29, 'cuda_initialization_ms': None, 'endpoint_ready_ms': 35085.449, 'activation_time_ms': 35085.45, 'model_digest': 'baf6a787fdffd633537aa2eb51cfd54cb93ff08e28040095462bb63daf552878', 'transition': {'timestamp': 1788523190.5512486, 'node': 'spark', 'physical_node': 'etri-ser0002-cgnmsb', 'old_state': 'COLD', 'new_state': 'ACTIVE', 'reason': 'rtx5080_cold_trial_1'}}",{},19.396,1788523310.6351678,541.675,295.219,342.141,True,1,llama3.2:1b,1321098329,True,baf6a787fdffd633537aa2eb51cfd54cb93ff08e28040095462bb63daf552878,etri-ser0002-cgnmsb,ACTIVE,206.0,15,27.565,1788523190.5512455,spark,5.818,8,True,spark,12.0,1788523190.5512486,spark,60.05,1788523310.6400266,2
0.0,1788523155.4658194,1,True,True,2,4573,16,b02-o02-spark-c16,10.882,,19.737,541.3,303.136,False,0,False,15840.0,1672.0,10.556,dcgm_shared_with_existing_workload,NVIDIA GeForce RTX 5080,57.0,74.0,True,0.0,939.051,True,True,"{'activation_required': True, 'node_state_before': 'COLD', 'node_state': 'ACTIVE', 'activation_started_timestamp': 1788523155.4658194, 'ready_timestamp': 1788523190.5512455, 'worker_start_ms': 1.502, 'model_remote_download_ms': 17584.103, 'model_load_ms': 17493.29, 'cuda_initialization_ms': None, 'endpoint_ready_ms': 35085.449, 'activation_time_ms': 35085.45, 'model_digest': 'baf6a787fdffd633537aa2eb51cfd54cb93ff08e28040095462bb63daf552878', 'transition': {'timestamp': 1788523190.5512486, 'node': 'spark', 'physical_node': 'etri-ser0002-cgnmsb', 'old_state': 'COLD', 'new_state': 'ACTIVE', 'reason': 'rtx5080_cold_trial_1'}}",{},20.359,1788523311.6824129,541.895,301.661,342.484,True,1,llama3.2:1b,1321098329,True,baf6a787fdffd633537aa2eb51cfd54cb93ff08e28040095462bb63daf552878,etri-ser0002-cgnmsb,ACTIVE,206.0,14,27.574,1788523190.5512455,spark,6.057,8,True,spark,12.0,1788523190.5512486,spark,50.05,1788523311.6811242,2
0.0,1788523155.4658194,1,True,True,2,4623,16,b02-o02-spark-c16,10.787,,21.033,508.378,314.576,False,0,False,15840.0,1672.0,10.556,dcgm_shared_with_existing_workload,NVIDIA GeForce RTX 5080,57.0,74.0,True,0.007155179977416992,939.051,True,True,"{'activation_required': True, 'node_state_before': 'COLD', 'node_state': 'ACTIVE', 'activation_started_timestamp': 1788523155.4658194, 'ready_timestamp': 1788523190.5512455, 'worker_start_ms': 1.502, 'model_remote_download_ms': 17584.103, 'model_load_ms': 17493.29, 'cuda_initialization_ms': None, 'endpoint_ready_ms': 35085.449, 'activation_time_ms': 35085.45, 'model_digest': 'baf6a787fdffd633537aa2eb51cfd54cb93ff08e28040095462bb63daf552878', 'transition': {'timestamp': 1788523190.5512486, 'node': 'spark', 'physical_node': 'etri-ser0002-cgnmsb', 'old_state': 'COLD', 'new_state': 'ACTIVE', 'reason': 'rtx5080_cold_trial_1'}}",{},21.138,1788523312.722558,490.858,313.823,342.281,True,1,llama3.2:1b,1321098329,True,baf6a787fdffd633537aa2eb51cfd54cb93ff08e28040095462bb63daf552878,etri-ser0002-cgnmsb,ACTIVE,206.0,15,27.545,1788523190.5512455,spark,4.858,8,True,spark,12.0,1788523190.5512486,spark,60.0,1788523312.7297132,2
0.0,1788523155.4658194,1,True,True,2,4672,16,b02-o02-spark-c16,10.1,,20.865,508.705,317.799,False,0,False,15840.0,1672.0,10.556,dcgm_shared_with_existing_workload,NVIDIA GeForce RTX 5080,57.0,74.0,True,0.018201589584350586,939.051,True,True,"{'activation_required': True, 'node_state_before': 'COLD', 'node_state': 'ACTIVE', 'activation_started_timestamp': 1788523155.4658194, 'ready_timestamp': 1788523190.5512455, 'worker_start_ms': 1.502, 'model_remote_download_ms': 17584.103, 'model_load_ms': 17493.29, 'cuda_initialization_ms': None, 'endpoint_ready_ms': 35085.449, 'activation_time_ms': 35085.45, 'model_digest': 'baf6a787fdffd633537aa2eb51cfd54cb93ff08e28040095462bb63daf552878', 'transition': {'timestamp': 1788523190.5512486, 'node': 'spark', 'physical_node': 'etri-ser0002-cgnmsb', 'old_state': 'COLD', 'new_state': 'ACTIVE', 'reason': 'rtx5080_cold_trial_1'}}",{},20.514,1788523313.7546456,506.009,316.904,342.008,True,1,llama3.2:1b,1321098329,True,baf6a787fdffd633537aa2eb51cfd54cb93ff08e28040095462bb63daf552878,etri-ser0002-cgnmsb,ACTIVE,206.0,15,27.54,1788523190.5512455,spark,5.59,8,True,spark,12.0,1788523190.5512486,spark,62.05,1788523313.7728472,2
0.0,1788523155.4658194,1,True,True,2,4725,16,b02-o02-spark-c16,10.482,,19.714,537.793,300.198,False,0,False,15840.0,1672.0,10.556,dcgm_shared_with_existing_workload,NVIDIA GeForce RTX 5080,58.0,77.0,True,0.006131649017333984,939.051,True,True,"{'activation_required': True, 'node_state_before': 'COLD', 'node_state': 'ACTIVE', 'activation_started_timestamp': 1788523155.4658194, 'ready_timestamp': 1788523190.5512455, 'worker_start_ms': 1.502, 'model_remote_download_ms': 17584.103, 'model_load_ms': 17493.29, 'cuda_initialization_ms': None, 'endpoint_ready_ms': 35085.449, 'activation_time_ms': 35085.45, 'model_digest': 'baf6a787fdffd633537aa2eb51cfd54cb93ff08e28040095462bb63daf552878', 'transition': {'timestamp': 1788523190.5512486, 'node': 'spark', 'physical_node': 'etri-ser0002-cgnmsb', 'old_state': 'COLD', 'new_state': 'ACTIVE', 'reason': 'rtx5080_cold_trial_1'}}",{},19.645,1788523314.8147733,533.404,300.417,342.355,True,1,llama3.2:1b,1321098329,True,baf6a787fdffd633537aa2eb51cfd54cb93ff08e28040095462bb63daf552878,etri-ser0002-cgnmsb,ACTIVE,206.0,15,27.543,1788523190.5512455,spark,7.134,8,True,spark,12.0,1788523190.5512486,spark,64.05,1788523314.820905,2
0.0,1788523155.4658194,1,True,True,2,4778,16,b02-o02-spark-c16,11.727,,19.116,544.805,293.994,False,0,False,15840.0,1672.0,10.556,dcgm_shared_with_existing_workload,NVIDIA GeForce RTX 5080,58.0,77.0,True,0.013118743896484375,939.051,True,True,"{'activation_required': True, 'node_state_before': 'COLD', 'node_state': 'ACTIVE', 'activation_started_timestamp': 1788523155.4658194, 'ready_timestamp': 1788523190.5512455, 'worker_start_ms': 1.502, 'model_remote_download_ms': 17584.103, 'model_load_ms': 17493.29, 'cuda_initialization_ms': None, 'endpoint_ready_ms': 35085.449, 'activation_time_ms': 35085.45, 'model_digest': 'baf6a787fdffd633537aa2eb51cfd54cb93ff08e28040095462bb63daf552878', 'transition': {'timestamp': 1788523190.5512486, 'node': 'spark', 'physical_node': 'etri-ser0002-cgnmsb', 'old_state': 'COLD', 'new_state': 'ACTIVE', 'reason': 'rtx5080_cold_trial_1'}}",{},18.575,1788523315.8627028,545.852,293.795,342.605,True,1,llama3.2:1b,1321098329,True,baf6a787fdffd633537aa2eb51cfd54cb93ff08e28040095462bb63daf552878,etri-ser0002-cgnmsb,ACTIVE,206.0,15,27.529,1788523190.5512455,spark,4.777,8,True,spark,12.0,1788523190.5512486,spark,67.05,1788523315.8758216,2
0.0,1788523155.4658194,1,True,True,2,4818,1,b02-o03-spark-c1,1.562,,21.749,525.9,219.382,False,0,False,15840.0,1672.0,10.556,dcgm_shared_with_existing_workload,NVIDIA GeForce RTX 5080,58.0,77.0,True,0.003634214401245117,939.051,True,True,"{'activation_required': True, 'node_state_before': 'COLD', 'node_state': 'ACTIVE', 'activation_started_timestamp': 1788523155.4658194, 'ready_timestamp': 1788523190.5512455, 'worker_start_ms': 1.502, 'model_remote_download_ms': 17584.103, 'model_load_ms': 17493.29, 'cuda_initialization_ms': None, 'endpoint_ready_ms': 35085.449, 'activation_time_ms': 35085.45, 'model_digest': 'baf6a787fdffd633537aa2eb51cfd54cb93ff08e28040095462bb63daf552878', 'transition': {'timestamp': 1788523190.5512486, 'node': 'spark', 'physical_node': 'etri-ser0002-cgnmsb', 'old_state': 'COLD', 'new_state': 'ACTIVE', 'reason': 'rtx5080_cold_trial_1'}}",{},29.97,1788523319.699175,468.0,12.752,342.289,True,1,llama3.2:1b,1321098329,True,baf6a787fdffd633537aa2eb51cfd54cb93ff08e28040095462bb63daf552878,etri-ser0002-cgnmsb,ACTIVE,206.0,0,27.556,1788523190.5512455,spark,6.139,9,True,spark,12.0,1788523190.5512486,spark,51.05,1788523319.702809,3
0.0,1788523155.4658194,1,True,True,2,4866,1,b02-o03-spark-c1,9.566,,19.764,542.935,4.439,False,0,False,15840.0,1672.0,10.556,dcgm_shared_with_existing_workload,NVIDIA GeForce RTX 5080,58.0,77.0,True,0.004144191741943359,939.051,True,True,"{'activation_required': True, 'node_state_before': 'COLD', 'node_state': 'ACTIVE', 'activation_started_timestamp': 1788523155.4658194, 'ready_timestamp': 1788523190.5512455, 'worker_start_ms': 1.502, 'model_remote_download_ms': 17584.103, 'model_load_ms': 17493.29, 'cuda_initialization_ms': None, 'endpoint_ready_ms': 35085.449, 'activation_time_ms': 35085.45, 'model_digest': 'baf6a787fdffd633537aa2eb51cfd54cb93ff08e28040095462bb63daf552878', 'transition': {'timestamp': 1788523190.5512486, 'node': 'spark', 'physical_node': 'etri-ser0002-cgnmsb', 'old_state': 'COLD', 'new_state': 'ACTIVE', 'reason': 'rtx5080_cold_trial_1'}}",{},19.441,1788523320.7454712,544.848,4.243,342.137,True,1,llama3.2:1b,1321098329,True,baf6a787fdffd633537aa2eb51cfd54cb93ff08e28040095462bb63daf552878,etri-ser0002-cgnmsb,ACTIVE,206.0,0,27.557,1788523190.5512455,spark,8.701,9,True,spark,12.0,1788523190.5512486,spark,55.05,1788523320.7496154,3
0.0,1788523155.4658194,1,True,True,2,4914,1,b02-o03-spark-c1,12.077,,19.913,542.633,4.698,False,0,False,15840.0,1672.0,10.556,dcgm_shared_with_existing_workload,NVIDIA GeForce RTX 5080,58.0,77.0,True,0.01600193977355957,939.051,True,True,"{'activation_required': True, 'node_state_before': 'COLD', 'node_state': 'ACTIVE', 'activation_started_timestamp': 1788523155.4658194, 'ready_timestamp': 1788523190.5512455, 'worker_start_ms': 1.502, 'model_remote_download_ms': 17584.103, 'model_load_ms': 17493.29, 'cuda_initialization_ms': None, 'endpoint_ready_ms': 35085.449, 'activation_time_ms': 35085.45, 'model_digest': 'baf6a787fdffd633537aa2eb51cfd54cb93ff08e28040095462bb63daf552878', 'transition': {'timestamp': 1788523190.5512486, 'node': 'spark', 'physical_node': 'etri-ser0002-cgnmsb', 'old_state': 'COLD', 'new_state': 'ACTIVE', 'reason': 'rtx5080_cold_trial_1'}}",{},19.744,1788523321.7800684,542.778,4.417,341.941,True,1,llama3.2:1b,1321098329,True,baf6a787fdffd633537aa2eb51cfd54cb93ff08e28040095462bb63daf552878,etri-ser0002-cgnmsb,ACTIVE,206.0,0,27.584,1788523190.5512455,spark,7.266,9,True,spark,12.0,1788523190.5512486,spark,65.05,1788523321.7960703,3
0.0,1788523155.4658194,1,True,True,2,4961,1,b02-o03-spark-c1,10.064,,20.046,540.662,4.902,False,0,False,15840.0,1672.0,10.556,dcgm_shared_with_existing_workload,NVIDIA GeForce RTX 5080,58.0,77.0,True,0.00900125503540039,939.051,True,True,"{'activation_required': True, 'node_state_before': 'COLD', 'node_state': 'ACTIVE', 'activation_started_timestamp': 1788523155.4658194, 'ready_timestamp': 1788523190.5512455, 'worker_start_ms': 1.502, 'model_remote_download_ms': 17584.103, 'model_load_ms': 17493.29, 'cuda_initialization_ms': None, 'endpoint_ready_ms': 35085.449, 'activation_time_ms': 35085.45, 'model_digest': 'baf6a787fdffd633537aa2eb51cfd54cb93ff08e28040095462bb63daf552878', 'transition': {'timestamp': 1788523190.5512486, 'node': 'spark', 'physical_node': 'etri-ser0002-cgnmsb', 'old_state': 'COLD', 'new_state': 'ACTIVE', 'reason': 'rtx5080_cold_trial_1'}}",{},19.615,1788523322.8383718,545.814,4.831,341.965,True,1,llama3.2:1b,1321098329,True,baf6a787fdffd633537aa2eb51cfd54cb93ff08e28040095462bb63daf552878,etri-ser0002-cgnmsb,ACTIVE,206.0,0,27.575,1788523190.5512455,spark,6.573,9,True,spark,12.0,1788523190.5512486,spark,57.05,1788523322.847373,3
0.0,1788523155.4658194,1,True,True,2,5009,1,b02-o03-spark-c1,8.861,,19.877,539.952,4.457,False,0,False,15840.0,1672.0,10.556,dcgm_shared_with_existing_workload,NVIDIA GeForce RTX 5080,58.0,77.0,True,0.00860142707824707,939.051,True,True,"{'activation_required': True, 'node_state_before': 'COLD', 'node_state': 'ACTIVE', 'activation_started_timestamp': 1788523155.4658194, 'ready_timestamp': 1788523190.5512455, 'worker_start_ms': 1.502, 'model_remote_download_ms': 17584.103, 'model_load_ms': 17493.29, 'cuda_initialization_ms': None, 'endpoint_ready_ms': 35085.449, 'activation_time_ms': 35085.45, 'model_digest': 'baf6a787fdffd633537aa2eb51cfd54cb93ff08e28040095462bb63daf552878', 'transition': {'timestamp': 1788523190.5512486, 'node': 'spark', 'physical_node': 'etri-ser0002-cgnmsb', 'old_state': 'COLD', 'new_state': 'ACTIVE', 'reason': 'rtx5080_cold_trial_1'}}",{},19.582,1788523323.8894484,533.547,4.218,341.977,True,1,llama3.2:1b,1321098329,True,baf6a787fdffd633537aa2eb51cfd54cb93ff08e28040095462bb63daf552878,etri-ser0002-cgnmsb,ACTIVE,206.0,0,27.577,1788523190.5512455,spark,5.565,9,True,spark,12.0,1788523190.5512486,spark,60.05,1788523323.8980498,3
0.0,1788523155.4658194,1,True,True,2,5057,1,b02-o03-spark-c1,9.712,,19.762,542.167,4.586,False,0,False,15840.0,1672.0,10.556,dcgm_shared_with_existing_workload,NVIDIA GeForce RTX 5080,58.0,77.0,True,0.003849029541015625,939.051,True,True,"{'activation_required': True, 'node_state_before': 'COLD', 'node_state': 'ACTIVE', 'activation_started_timestamp': 1788523155.4658194, 'ready_timestamp': 1788523190.5512455, 'worker_start_ms': 1.502, 'model_remote_download_ms': 17584.103, 'model_load_ms': 17493.29, 'cuda_initialization_ms': None, 'endpoint_ready_ms': 35085.449, 'activation_time_ms': 35085.45, 'model_digest': 'baf6a787fdffd633537aa2eb51cfd54cb93ff08e28040095462bb63daf552878', 'transition': {'timestamp': 1788523190.5512486, 'node': 'spark', 'physical_node': 'etri-ser0002-cgnmsb', 'old_state': 'COLD', 'new_state': 'ACTIVE', 'reason': 'rtx5080_cold_trial_1'}}",{},19.383,1788523324.9391558,541.162,4.405,342.055,True,1,llama3.2:1b,1321098329,True,baf6a787fdffd633537aa2eb51cfd54cb93ff08e28040095462bb63daf552878,etri-ser0002-cgnmsb,ACTIVE,206.0,0,27.581,1788523190.5512455,spark,6.924,9,True,spark,12.0,1788523190.5512486,spark,52.05,1788523324.9430048,3
0.0,1788523155.4658194,0,True,True,2,5105,1,b02-o03-spark-c1,9.257,,20.28,533.961,4.694,False,0,False,15840.0,1672.0,10.556,dcgm_shared_with_existing_workload,NVIDIA GeForce RTX 5080,58.0,77.0,True,0.0,939.051,True,True,"{'activation_required': True, 'node_state_before': 'COLD', 'node_state': 'ACTIVE', 'activation_started_timestamp': 1788523155.4658194, 'ready_timestamp': 1788523190.5512455, 'worker_start_ms': 1.502, 'model_remote_download_ms': 17584.103, 'model_load_ms': 17493.29, 'cuda_initialization_ms': None, 'endpoint_ready_ms': 35085.449, 'activation_time_ms': 35085.45, 'model_digest': 'baf6a787fdffd633537aa2eb51cfd54cb93ff08e28040095462bb63daf552878', 'transition': {'timestamp': 1788523190.5512486, 'node': 'spark', 'physical_node': 'etri-ser0002-cgnmsb', 'old_state': 'COLD', 'new_state': 'ACTIVE', 'reason': 'rtx5080_cold_trial_1'}}",{},21.519,1788523325.9951537,506.297,5.268,342.441,True,1,llama3.2:1b,1321098329,True,baf6a787fdffd633537aa2eb51cfd54cb93ff08e28040095462bb63daf552878,etri-ser0002-cgnmsb,ACTIVE,206.0,0,27.58,1788523190.5512455,spark,8.469,9,True,spark,12.0,1788523190.5512486,spark,47.05,1788523325.9948492,3
0.0,1788523155.4658194,1,True,True,2,5150,1,b02-o03-spark-c1,10.383,,20.654,507.28,4.562,False,0,False,15840.0,1672.0,10.556,dcgm_shared_with_existing_workload,NVIDIA GeForce RTX 5080,58.0,77.0,True,0.015831947326660156,939.051,True,True,"{'activation_required': True, 'node_state_before': 'COLD', 'node_state': 'ACTIVE', 'activation_started_timestamp': 1788523155.4658194, 'ready_timestamp': 1788523190.5512455, 'worker_start_ms': 1.502, 'model_remote_download_ms': 17584.103, 'model_load_ms': 17493.29, 'cuda_initialization_ms': None, 'endpoint_ready_ms': 35085.449, 'activation_time_ms': 35085.45, 'model_digest': 'baf6a787fdffd633537aa2eb51cfd54cb93ff08e28040095462bb63daf552878', 'transition': {'timestamp': 1788523190.5512486, 'node': 'spark', 'physical_node': 'etri-ser0002-cgnmsb', 'old_state': 'COLD', 'new_state': 'ACTIVE', 'reason': 'rtx5080_cold_trial_1'}}",{},20.483,1788523327.0266595,502.797,4.53,342.586,True,1,llama3.2:1b,1321098329,True,baf6a787fdffd633537aa2eb51cfd54cb93ff08e28040095462bb63daf552878,etri-ser0002-cgnmsb,ACTIVE,206.0,0,27.577,1788523190.5512455,spark,5.619,9,True,spark,12.0,1788523190.5512486,spark,62.05,1788523327.0424914,3
0.0,1788523155.4658194,1,True,True,2,5198,1,b02-o03-spark-c1,10.952,,19.752,541.681,4.434,False,0,False,15840.0,1672.0,10.556,dcgm_shared_with_existing_workload,NVIDIA GeForce RTX 5080,58.0,77.0,True,0.017465829849243164,939.051,True,True,"{'activation_required': True, 'node_state_before': 'COLD', 'node_state': 'ACTIVE', 'activation_started_timestamp': 1788523155.4658194, 'ready_timestamp': 1788523190.5512455, 'worker_start_ms': 1.502, 'model_remote_download_ms': 17584.103, 'model_load_ms': 17493.29, 'cuda_initialization_ms': None, 'endpoint_ready_ms': 35085.449, 'activation_time_ms': 35085.45, 'model_digest': 'baf6a787fdffd633537aa2eb51cfd54cb93ff08e28040095462bb63daf552878', 'transition': {'timestamp': 1788523190.5512486, 'node': 'spark', 'physical_node': 'etri-ser0002-cgnmsb', 'old_state': 'COLD', 'new_state': 'ACTIVE', 'reason': 'rtx5080_cold_trial_1'}}",{},19.28,1788523328.0802336,541.052,3.999,341.93,True,1,llama3.2:1b,1321098329,True,baf6a787fdffd633537aa2eb51cfd54cb93ff08e28040095462bb63daf552878,etri-ser0002-cgnmsb,ACTIVE,206.0,0,27.588,1788523190.5512455,spark,5.956,9,True,spark,12.0,1788523190.5512486,spark,66.05,1788523328.0976994,3
0.0,1788523155.4658194,0,True,True,2,5247,1,b02-o03-spark-c1,9.61,,19.776,542.346,4.545,False,0,False,15840.0,1672.0,10.556,dcgm_shared_with_existing_workload,NVIDIA GeForce RTX 5080,58.0,77.0,True,0.0001430511474609375,939.051,True,True,"{'activation_required': True, 'node_state_before': 'COLD', 'node_state': 'ACTIVE', 'activation_started_timestamp': 1788523155.4658194, 'ready_timestamp': 1788523190.5512455, 'worker_start_ms': 1.502, 'model_remote_download_ms': 17584.103, 'model_load_ms': 17493.29, 'cuda_initialization_ms': None, 'endpoint_ready_ms': 35085.449, 'activation_time_ms': 35085.45, 'model_digest': 'baf6a787fdffd633537aa2eb51cfd54cb93ff08e28040095462bb63daf552878', 'transition': {'timestamp': 1788523190.5512486, 'node': 'spark', 'physical_node': 'etri-ser0002-cgnmsb', 'old_state': 'COLD', 'new_state': 'ACTIVE', 'reason': 'rtx5080_cold_trial_1'}}",{},19.517,1788523329.1450796,543.811,4.432,342.145,True,1,llama3.2:1b,1321098329,True,baf6a787fdffd633537aa2eb51cfd54cb93ff08e28040095462bb63daf552878,etri-ser0002-cgnmsb,ACTIVE,206.0,0,27.587,1788523190.5512455,spark,7.302,9,True,spark,12.0,1788523190.5512486,spark,49.05,1788523329.1452227,3
0.0,1788523155.4658194,1,True,True,2,5295,1,b02-o03-spark-c1,9.596,,20.054,541.729,4.651,False,0,False,15840.0,1672.0,10.556,dcgm_shared_with_existing_workload,NVIDIA GeForce RTX 5080,58.0,77.0,True,0.011747121810913086,939.051,True,True,"{'activation_required': True, 'node_state_before': 'COLD', 'node_state': 'ACTIVE', 'activation_started_timestamp': 1788523155.4658194, 'ready_timestamp': 1788523190.5512455, 'worker_start_ms': 1.502, 'model_remote_download_ms': 17584.103, 'model_load_ms': 17493.29, 'cuda_initialization_ms': None, 'endpoint_ready_ms': 35085.449, 'activation_time_ms': 35085.45, 'model_digest': 'baf6a787fdffd633537aa2eb51cfd54cb93ff08e28040095462bb63daf552878', 'transition': {'timestamp': 1788523190.5512486, 'node': 'spark', 'physical_node': 'etri-ser0002-cgnmsb', 'old_state': 'COLD', 'new_state': 'ACTIVE', 'reason': 'rtx5080_cold_trial_1'}}",{},20.375,1788523330.187465,540.541,4.594,342.383,True,1,llama3.2:1b,1321098329,True,baf6a787fdffd633537aa2eb51cfd54cb93ff08e28040095462bb63daf552878,etri-ser0002-cgnmsb,ACTIVE,206.0,0,27.591,1788523190.5512455,spark,7.501,9,True,spark,12.0,1788523190.5512486,spark,61.05,1788523330.199212,3
0.0,1788523155.4658194,1,True,True,2,5342,1,b02-o03-spark-c1,10.581,,19.777,544.614,4.495,False,0,False,15840.0,1672.0,10.556,dcgm_shared_with_existing_workload,NVIDIA GeForce RTX 5080,58.0,77.0,True,0.01753401756286621,939.051,True,True,"{'activation_required': True, 'node_state_before': 'COLD', 'node_state': 'ACTIVE', 'activation_started_timestamp': 1788523155.4658194, 'ready_timestamp': 1788523190.5512455, 'worker_start_ms': 1.502, 'model_remote_download_ms': 17584.103, 'model_load_ms': 17493.29, 'cuda_initialization_ms': None, 'endpoint_ready_ms': 35085.449, 'activation_time_ms': 35085.45, 'model_digest': 'baf6a787fdffd633537aa2eb51cfd54cb93ff08e28040095462bb63daf552878', 'transition': {'timestamp': 1788523190.5512486, 'node': 'spark', 'physical_node': 'etri-ser0002-cgnmsb', 'old_state': 'COLD', 'new_state': 'ACTIVE', 'reason': 'rtx5080_cold_trial_1'}}",{},20.254,1788523331.2316997,545.331,4.933,341.996,True,1,llama3.2:1b,1321098329,True,baf6a787fdffd633537aa2eb51cfd54cb93ff08e28040095462bb63daf552878,etri-ser0002-cgnmsb,ACTIVE,206.0,0,27.593,1788523190.5512455,spark,7.4,9,True,spark,12.0,1788523190.5512486,spark,69.05,1788523331.2492337,3
0.0,1788523155.4658194,1,True,True,2,5363,32,b02-o04-spark-c32,1.933,,21.349,520.81,6.148,False,0,False,15840.0,1672.0,10.556,dcgm_shared_with_existing_workload,NVIDIA GeForce RTX 5080,58.0,77.0,True,0.0,939.051,True,True,"{'activation_required': True, 'node_state_before': 'COLD', 'node_state': 'ACTIVE', 'activation_started_timestamp': 1788523155.4658194, 'ready_timestamp': 1788523190.5512455, 'worker_start_ms': 1.502, 'model_remote_download_ms': 17584.103, 'model_load_ms': 17493.29, 'cuda_initialization_ms': None, 'endpoint_ready_ms': 35085.449, 'activation_time_ms': 35085.45, 'model_digest': 'baf6a787fdffd633537aa2eb51cfd54cb93ff08e28040095462bb63daf552878', 'transition': {'timestamp': 1788523190.5512486, 'node': 'spark', 'physical_node': 'etri-ser0002-cgnmsb', 'old_state': 'COLD', 'new_state': 'ACTIVE', 'reason': 'rtx5080_cold_trial_1'}}",{},25.019,1788523334.752843,521.716,11.569,342.094,True,1,llama3.2:1b,1321098329,True,baf6a787fdffd633537aa2eb51cfd54cb93ff08e28040095462bb63daf552878,etri-ser0002-cgnmsb,ACTIVE,206.0,22,27.545,1788523190.5512455,spark,13.082,10,True,spark,12.0,1788523190.5512486,spark,45.05,1788523334.7520788,4
0.0,1788523155.4658194,1,True,True,2,5412,32,b02-o04-spark-c32,10.227,,21.142,508.994,358.491,False,0,False,15840.0,1672.0,10.556,dcgm_shared_with_existing_workload,NVIDIA GeForce RTX 5080,58.0,77.0,True,0.006414651870727539,939.051,True,True,"{'activation_required': True, 'node_state_before': 'COLD', 'node_state': 'ACTIVE', 'activation_started_timestamp': 1788523155.4658194, 'ready_timestamp': 1788523190.5512455, 'worker_start_ms': 1.502, 'model_remote_download_ms': 17584.103, 'model_load_ms': 17493.29, 'cuda_initialization_ms': None, 'endpoint_ready_ms': 35085.449, 'activation_time_ms': 35085.45, 'model_digest': 'baf6a787fdffd633537aa2eb51cfd54cb93ff08e28040095462bb63daf552878', 'transition': {'timestamp': 1788523190.5512486, 'node': 'spark', 'physical_node': 'etri-ser0002-cgnmsb', 'old_state': 'COLD', 'new_state': 'ACTIVE', 'reason': 'rtx5080_cold_trial_1'}}",{},19.916,1788523335.797763,529.486,4.509,342.188,True,1,llama3.2:1b,1321098329,True,baf6a787fdffd633537aa2eb51cfd54cb93ff08e28040095462bb63daf552878,etri-ser0002-cgnmsb,ACTIVE,206.0,31,27.541,1788523190.5512455,spark,4.771,10,True,spark,12.0,1788523190.5512486,spark,62.05,1788523335.8041778,4
0.0,1788523155.4658194,1,True,True,2,5462,32,b02-o04-spark-c32,10.065,,21.362,494.714,651.433,False,0,False,15840.0,1672.0,10.556,dcgm_shared_with_existing_workload,NVIDIA GeForce RTX 5080,58.0,77.0,True,0.006881237030029297,939.051,True,True,"{'activation_required': True, 'node_state_before': 'COLD', 'node_state': 'ACTIVE', 'activation_started_timestamp': 1788523155.4658194, 'ready_timestamp': 1788523190.5512455, 'worker_start_ms': 1.502, 'model_remote_download_ms': 17584.103, 'model_load_ms': 17493.29, 'cuda_initialization_ms': None, 'endpoint_ready_ms': 35085.449, 'activation_time_ms': 35085.45, 'model_digest': 'baf6a787fdffd633537aa2eb51cfd54cb93ff08e28040095462bb63daf552878', 'transition': {'timestamp': 1788523190.5512486, 'node': 'spark', 'physical_node': 'etri-ser0002-cgnmsb', 'old_state': 'COLD', 'new_state': 'ACTIVE', 'reason': 'rtx5080_cold_trial_1'}}",{},21.812,1788523336.8447518,485.938,653.837,342.074,True,1,llama3.2:1b,1321098329,True,baf6a787fdffd633537aa2eb51cfd54cb93ff08e28040095462bb63daf552878,etri-ser0002-cgnmsb,ACTIVE,206.0,31,27.537,1788523190.5512455,spark,7.381,10,True,spark,12.0,1788523190.5512486,spark,58.05,1788523336.851633,4
0.0,1788523155.4658194,1,True,True,2,5515,32,b02-o04-spark-c32,11.173,,19.796,544.092,621.179,False,0,False,15840.0,1672.0,10.556,dcgm_shared_with_existing_workload,NVIDIA GeForce RTX 5080,58.0,77.0,True,0.007254123687744141,939.051,True,True,"{'activation_required': True, 'node_state_before': 'COLD', 'node_state': 'ACTIVE', 'activation_started_timestamp': 1788523155.4658194, 'ready_timestamp': 1788523190.5512455, 'worker_start_ms': 1.502, 'model_remote_download_ms': 17584.103, 'model_load_ms': 17493.29, 'cuda_initialization_ms': None, 'endpoint_ready_ms': 35085.449, 'activation_time_ms': 35085.45, 'model_digest': 'baf6a787fdffd633537aa2eb51cfd54cb93ff08e28040095462bb63daf552878', 'transition': {'timestamp': 1788523190.5512486, 'node': 'spark', 'physical_node': 'etri-ser0002-cgnmsb', 'old_state': 'COLD', 'new_state': 'ACTIVE', 'reason': 'rtx5080_cold_trial_1'}}",{},19.543,1788523337.8963916,545.628,622.37,342.262,True,1,llama3.2:1b,1321098329,True,baf6a787fdffd633537aa2eb51cfd54cb93ff08e28040095462bb63daf552878,etri-ser0002-cgnmsb,ACTIVE,206.0,31,27.554,1788523190.5512455,spark,4.517,10,True,spark,12.0,1788523190.5512486,spark,59.05,1788523337.9036458,4
0.0,1788523155.4658194,1,True,True,2,5568,32,b02-o04-spark-c32,11.058,,19.578,542.798,616.726,False,0,False,15840.0,1672.0,10.556,dcgm_shared_with_existing_workload,NVIDIA GeForce RTX 5080,58.0,77.0,True,0.0033240318298339844,939.051,True,True,"{'activation_required': True, 'node_state_before': 'COLD', 'node_state': 'ACTIVE', 'activation_started_timestamp': 1788523155.4658194, 'ready_timestamp': 1788523190.5512455, 'worker_start_ms': 1.502, 'model_remote_download_ms': 17584.103, 'model_load_ms': 17493.29, 'cuda_initialization_ms': None, 'endpoint_ready_ms': 35085.449, 'activation_time_ms': 35085.45, 'model_digest': 'baf6a787fdffd633537aa2eb51cfd54cb93ff08e28040095462bb63daf552878', 'transition': {'timestamp': 1788523190.5512486, 'node': 'spark', 'physical_node': 'etri-ser0002-cgnmsb', 'old_state': 'COLD', 'new_state': 'ACTIVE', 'reason': 'rtx5080_cold_trial_1'}}",{},19.86,1788523338.9484985,543.257,615.974,342.105,True,1,llama3.2:1b,1321098329,True,baf6a787fdffd633537aa2eb51cfd54cb93ff08e28040095462bb63daf552878,etri-ser0002-cgnmsb,ACTIVE,206.0,31,27.553,1788523190.5512455,spark,6.373,10,True,spark,12.0,1788523190.5512486,spark,59.05,1788523338.9518225,4
0.0,1788523155.4658194,1,True,True,2,5620,32,b02-o04-spark-c32,11.605,,19.877,542.408,624.809,False,0,False,15840.0,1672.0,10.556,dcgm_shared_with_existing_workload,NVIDIA GeForce RTX 5080,58.0,77.0,True,0.012176275253295898,939.051,True,True,"{'activation_required': True, 'node_state_before': 'COLD', 'node_state': 'ACTIVE', 'activation_started_timestamp': 1788523155.4658194, 'ready_timestamp': 1788523190.5512455, 'worker_start_ms': 1.502, 'model_remote_download_ms': 17584.103, 'model_load_ms': 17493.29, 'cuda_initialization_ms': None, 'endpoint_ready_ms': 35085.449, 'activation_time_ms': 35085.45, 'model_digest': 'baf6a787fdffd633537aa2eb51cfd54cb93ff08e28040095462bb63daf552878', 'transition': {'timestamp': 1788523190.5512486, 'node': 'spark', 'physical_node': 'etri-ser0002-cgnmsb', 'old_state': 'COLD', 'new_state': 'ACTIVE', 'reason': 'rtx5080_cold_trial_1'}}",{},19.464,1788523339.986293,545.777,625.566,342.207,True,1,llama3.2:1b,1321098329,True,baf6a787fdffd633537aa2eb51cfd54cb93ff08e28040095462bb63daf552878,etri-ser0002-cgnmsb,ACTIVE,206.0,31,27.54,1788523190.5512455,spark,7.317,10,True,spark,12.0,1788523190.5512486,spark,63.05,1788523339.9984694,4
0.0,1788523155.4658194,1,True,True,2,5673,32,b02-o04-spark-c32,10.493,,19.245,544.298,615.955,False,0,False,15840.0,1672.0,10.556,dcgm_shared_with_existing_workload,NVIDIA GeForce RTX 5080,58.0,77.0,True,0.0161898136138916,939.051,True,True,"{'activation_required': True, 'node_state_before': 'COLD', 'node_state': 'ACTIVE', 'activation_started_timestamp': 1788523155.4658194, 'ready_timestamp': 1788523190.5512455, 'worker_start_ms': 1.502, 'model_remote_download_ms': 17584.103, 'model_load_ms': 17493.29, 'cuda_initialization_ms': None, 'endpoint_ready_ms': 35085.449, 'activation_time_ms': 35085.45, 'model_digest': 'baf6a787fdffd633537aa2eb51cfd54cb93ff08e28040095462bb63daf552878', 'transition': {'timestamp': 1788523190.5512486, 'node': 'spark', 'physical_node': 'etri-ser0002-cgnmsb', 'old_state': 'COLD', 'new_state': 'ACTIVE', 'reason': 'rtx5080_cold_trial_1'}}",{},19.026,1788523341.0343697,542.667,614.369,342.016,True,1,llama3.2:1b,1321098329,True,baf6a787fdffd633537aa2eb51cfd54cb93ff08e28040095462bb63daf552878,etri-ser0002-cgnmsb,ACTIVE,206.0,31,27.545,1788523190.5512455,spark,4.977,10,True,spark,12.0,1788523190.5512486,spark,67.05,1788523341.0505595,4
0.0,1788523155.4658194,1,True,True,2,5727,32,b02-o04-spark-c32,11.085,,19.241,543.308,607.4,False,0,False,15840.0,1672.0,10.556,dcgm_shared_with_existing_workload,NVIDIA GeForce RTX 5080,58.0,77.0,True,0.0023581981658935547,939.051,True,True,"{'activation_required': True, 'node_state_before': 'COLD', 'node_state': 'ACTIVE', 'activation_started_timestamp': 1788523155.4658194, 'ready_timestamp': 1788523190.5512455, 'worker_start_ms': 1.502, 'model_remote_download_ms': 17584.103, 'model_load_ms': 17493.29, 'cuda_initialization_ms': None, 'endpoint_ready_ms': 35085.449, 'activation_time_ms': 35085.45, 'model_digest': 'baf6a787fdffd633537aa2eb51cfd54cb93ff08e28040095462bb63daf552878', 'transition': {'timestamp': 1788523190.5512486, 'node': 'spark', 'physical_node': 'etri-ser0002-cgnmsb', 'old_state': 'COLD', 'new_state': 'ACTIVE', 'reason': 'rtx5080_cold_trial_1'}}",{},19.208,1788523342.094512,543.959,605.071,342.438,True,1,llama3.2:1b,1321098329,True,baf6a787fdffd633537aa2eb51cfd54cb93ff08e28040095462bb63daf552878,etri-ser0002-cgnmsb,ACTIVE,206.0,31,27.541,1788523190.5512455,spark,7.363,10,True,spark,12.0,1788523190.5512486,spark,60.0,1788523342.0968702,4
0.0,1788523155.4658194,1,True,True,2,5778,32,b02-o04-spark-c32,10.616,,21.013,504.222,639.078,False,0,False,15840.0,1672.0,10.556,dcgm_shared_with_existing_workload,NVIDIA GeForce RTX 5080,58.0,77.0,True,0.0135955810546875,939.051,True,True,"{'activation_required': True, 'node_state_before': 'COLD', 'node_state': 'ACTIVE', 'activation_started_timestamp': 1788523155.4658194, 'ready_timestamp': 1788523190.5512455, 'worker_start_ms': 1.502, 'model_remote_download_ms': 17584.103, 'model_load_ms': 17493.29, 'cuda_initialization_ms': None, 'endpoint_ready_ms': 35085.449, 'activation_time_ms': 35085.45, 'model_digest': 'baf6a787fdffd633537aa2eb51cfd54cb93ff08e28040095462bb63daf552878', 'transition': {'timestamp': 1788523190.5512486, 'node': 'spark', 'physical_node': 'etri-ser0002-cgnmsb', 'old_state': 'COLD', 'new_state': 'ACTIVE', 'reason': 'rtx5080_cold_trial_1'}}",{},21.651,1788523343.1361635,499.781,641.962,342.234,True,1,llama3.2:1b,1321098329,True,baf6a787fdffd633537aa2eb51cfd54cb93ff08e28040095462bb63daf552878,etri-ser0002-cgnmsb,ACTIVE,206.0,31,27.54,1788523190.5512455,spark,7.621,10,True,spark,12.0,1788523190.5512486,spark,62.05,1788523343.149759,4
0.0,1788523155.4658194,1,True,True,2,5828,32,b02-o04-spark-c32,10.393,,20.52,531.103,650.224,False,0,False,15840.0,1672.0,10.556,dcgm_shared_with_existing_workload,NVIDIA GeForce RTX 5080,58.0,77.0,True,0.014458894729614258,939.051,True,True,"{'activation_required': True, 'node_state_before': 'COLD', 'node_state': 'ACTIVE', 'activation_started_timestamp': 1788523155.4658194, 'ready_timestamp': 1788523190.5512455, 'worker_start_ms': 1.502, 'model_remote_download_ms': 17584.103, 'model_load_ms': 17493.29, 'cuda_initialization_ms': None, 'endpoint_ready_ms': 35085.449, 'activation_time_ms': 35085.45, 'model_digest': 'baf6a787fdffd633537aa2eb51cfd54cb93ff08e28040095462bb63daf552878', 'transition': {'timestamp': 1788523190.5512486, 'node': 'spark', 'physical_node': 'etri-ser0002-cgnmsb', 'old_state': 'COLD', 'new_state': 'ACTIVE', 'reason': 'rtx5080_cold_trial_1'}}",{},20.786,1788523344.1819532,530.504,649.092,342.219,True,1,llama3.2:1b,1321098329,True,baf6a787fdffd633537aa2eb51cfd54cb93ff08e28040095462bb63daf552878,etri-ser0002-cgnmsb,ACTIVE,206.0,31,27.537,1788523190.5512455,spark,7.225,10,True,spark,12.0,1788523190.5512486,spark,62.05,1788523344.196412,4
0.0,1788523155.4658194,1,True,True,2,5881,32,b02-o04-spark-c32,10.921,,19.351,543.682,615.322,False,0,False,15840.0,1672.0,10.556,dcgm_shared_with_existing_workload,NVIDIA GeForce RTX 5080,57.0,78.0,True,0.012094497680664062,939.051,True,True,"{'activation_required': True, 'node_state_before': 'COLD', 'node_state': 'ACTIVE', 'activation_started_timestamp': 1788523155.4658194, 'ready_timestamp': 1788523190.5512455, 'worker_start_ms': 1.502, 'model_remote_download_ms': 17584.103, 'model_load_ms': 17493.29, 'cuda_initialization_ms': None, 'endpoint_ready_ms': 35085.449, 'activation_time_ms': 35085.45, 'model_digest': 'baf6a787fdffd633537aa2eb51cfd54cb93ff08e28040095462bb63daf552878', 'transition': {'timestamp': 1788523190.5512486, 'node': 'spark', 'physical_node': 'etri-ser0002-cgnmsb', 'old_state': 'COLD', 'new_state': 'ACTIVE', 'reason': 'rtx5080_cold_trial_1'}}",{},19.123,1788523345.2346587,542.925,614.923,342.145,True,1,llama3.2:1b,1321098329,True,baf6a787fdffd633537aa2eb51cfd54cb93ff08e28040095462bb63daf552878,etri-ser0002-cgnmsb,ACTIVE,206.0,31,27.407,1788523190.5512455,spark,6.811,10,True,spark,12.0,1788523190.5512486,spark,67.0,1788523345.2467532,4
0.0,1788523155.4658194,1,True,True,2,5934,32,b02-o04-spark-c32,11.306,,19.495,541.558,624.46,False,0,False,15840.0,1672.0,10.556,dcgm_shared_with_existing_workload,NVIDIA GeForce RTX 5080,57.0,78.0,True,0.004445075988769531,939.051,True,True,"{'activation_required': True, 'node_state_before': 'COLD', 'node_state': 'ACTIVE', 'activation_started_timestamp': 1788523155.4658194, 'ready_timestamp': 1788523190.5512455, 'worker_start_ms': 1.502, 'model_remote_download_ms': 17584.103, 'model_load_ms': 17493.29, 'cuda_initialization_ms': None, 'endpoint_ready_ms': 35085.449, 'activation_time_ms': 35085.45, 'model_digest': 'baf6a787fdffd633537aa2eb51cfd54cb93ff08e28040095462bb63daf552878', 'transition': {'timestamp': 1788523190.5512486, 'node': 'spark', 'physical_node': 'etri-ser0002-cgnmsb', 'old_state': 'COLD', 'new_state': 'ACTIVE', 'reason': 'rtx5080_cold_trial_1'}}",{},19.231,1788523346.2949584,541.602,621.663,342.328,True,1,llama3.2:1b,1321098329,True,baf6a787fdffd633537aa2eb51cfd54cb93ff08e28040095462bb63daf552878,etri-ser0002-cgnmsb,ACTIVE,206.0,31,27.406,1788523190.5512455,spark,6.525,10,True,spark,12.0,1788523190.5512486,spark,62.05,1788523346.2994034,4
0.0,1788523155.4658194,1,True,True,2,5986,32,b02-o04-spark-c32,10.439,,20.339,526.029,632.241,False,0,False,15840.0,1672.0,10.556,dcgm_shared_with_existing_workload,NVIDIA GeForce RTX 5080,57.0,78.0,True,0.007592678070068359,939.051,True,True,"{'activation_required': True, 'node_state_before': 'COLD', 'node_state': 'ACTIVE', 'activation_started_timestamp': 1788523155.4658194, 'ready_timestamp': 1788523190.5512455, 'worker_start_ms': 1.502, 'model_remote_download_ms': 17584.103, 'model_load_ms': 17493.29, 'cuda_initialization_ms': None, 'endpoint_ready_ms': 35085.449, 'activation_time_ms': 35085.45, 'model_digest': 'baf6a787fdffd633537aa2eb51cfd54cb93ff08e28040095462bb63daf552878', 'transition': {'timestamp': 1788523190.5512486, 'node': 'spark', 'physical_node': 'etri-ser0002-cgnmsb', 'old_state': 'COLD', 'new_state': 'ACTIVE', 'reason': 'rtx5080_cold_trial_1'}}",{},20.902,1788523347.3325484,513.842,634.049,342.094,True,1,llama3.2:1b,1321098329,True,baf6a787fdffd633537aa2eb51cfd54cb93ff08e28040095462bb63daf552878,etri-ser0002-cgnmsb,ACTIVE,206.0,0,27.425,1788523190.5512455,spark,5.253,10,True,spark,12.0,1788523190.5512486,spark,60.05,1788523347.340141,4
0.0,1788523155.4658194,1,True,True,2,5987,8,b02-o05-spark-c8,1.338,,20.215,530.798,632.942,False,0,False,15840.0,1672.0,10.556,dcgm_shared_with_existing_workload,NVIDIA GeForce RTX 5080,57.0,78.0,True,3.0805437564849854,939.051,True,True,"{'activation_required': True, 'node_state_before': 'COLD', 'node_state': 'ACTIVE', 'activation_started_timestamp': 1788523155.4658194, 'ready_timestamp': 1788523190.5512455, 'worker_start_ms': 1.502, 'model_remote_download_ms': 17584.103, 'model_load_ms': 17493.29, 'cuda_initialization_ms': None, 'endpoint_ready_ms': 35085.449, 'activation_time_ms': 35085.45, 'model_digest': 'baf6a787fdffd633537aa2eb51cfd54cb93ff08e28040095462bb63daf552878', 'transition': {'timestamp': 1788523190.5512486, 'node': 'spark', 'physical_node': 'etri-ser0002-cgnmsb', 'old_state': 'COLD', 'new_state': 'ACTIVE', 'reason': 'rtx5080_cold_trial_1'}}",{},19.843,1788523347.3524745,545.108,635.045,342.094,True,1,llama3.2:1b,1321098329,True,baf6a787fdffd633537aa2eb51cfd54cb93ff08e28040095462bb63daf552878,etri-ser0002-cgnmsb,ACTIVE,206.0,7,27.434,1788523190.5512455,spark,8.13,11,True,spark,12.0,1788523190.5512486,spark,54.05,1788523350.4330182,5
0.0,1788523155.4658194,1,True,True,2,6040,8,b02-o05-spark-c8,11.031,,20.181,534.817,141.124,False,0,False,15840.0,1672.0,10.556,dcgm_shared_with_existing_workload,NVIDIA GeForce RTX 5080,57.0,78.0,True,0.014816761016845703,939.051,True,True,"{'activation_required': True, 'node_state_before': 'COLD', 'node_state': 'ACTIVE', 'activation_started_timestamp': 1788523155.4658194, 'ready_timestamp': 1788523190.5512455, 'worker_start_ms': 1.502, 'model_remote_download_ms': 17584.103, 'model_load_ms': 17493.29, 'cuda_initialization_ms': None, 'endpoint_ready_ms': 35085.449, 'activation_time_ms': 35085.45, 'model_digest': 'baf6a787fdffd633537aa2eb51cfd54cb93ff08e28040095462bb63daf552878', 'transition': {'timestamp': 1788523190.5512486, 'node': 'spark', 'physical_node': 'etri-ser0002-cgnmsb', 'old_state': 'COLD', 'new_state': 'ACTIVE', 'reason': 'rtx5080_cold_trial_1'}}",{},20.278,1788523351.465585,524.384,143.288,342.281,True,1,llama3.2:1b,1321098329,True,baf6a787fdffd633537aa2eb51cfd54cb93ff08e28040095462bb63daf552878,etri-ser0002-cgnmsb,ACTIVE,206.0,7,27.432,1788523190.5512455,spark,7.662,11,True,spark,12.0,1788523190.5512486,spark,60.0,1788523351.4804018,5
0.0,1788523155.4658194,1,True,True,2,6092,8,b02-o05-spark-c8,11.706,,20.471,510.76,143.515,False,0,False,15840.0,1672.0,10.556,dcgm_shared_with_existing_workload,NVIDIA GeForce RTX 5080,57.0,78.0,True,0.0,939.051,True,True,"{'activation_required': True, 'node_state_before': 'COLD', 'node_state': 'ACTIVE', 'activation_started_timestamp': 1788523155.4658194, 'ready_timestamp': 1788523190.5512455, 'worker_start_ms': 1.502, 'model_remote_download_ms': 17584.103, 'model_load_ms': 17493.29, 'cuda_initialization_ms': None, 'endpoint_ready_ms': 35085.449, 'activation_time_ms': 35085.45, 'model_digest': 'baf6a787fdffd633537aa2eb51cfd54cb93ff08e28040095462bb63daf552878', 'transition': {'timestamp': 1788523190.5512486, 'node': 'spark', 'physical_node': 'etri-ser0002-cgnmsb', 'old_state': 'COLD', 'new_state': 'ACTIVE', 'reason': 'rtx5080_cold_trial_1'}}",{},20.74,1788523352.5353823,494.896,146.171,342.199,True,1,llama3.2:1b,1321098329,True,baf6a787fdffd633537aa2eb51cfd54cb93ff08e28040095462bb63daf552878,etri-ser0002-cgnmsb,ACTIVE,206.0,6,27.428,1788523190.5512455,spark,8.299,11,True,spark,12.0,1788523190.5512486,spark,53.05,1788523352.5343199,5
0.0,1788523155.4658194,1,True,True,2,6144,8,b02-o05-spark-c8,10.687,,20.597,515.812,144.887,False,0,False,15840.0,1672.0,10.556,dcgm_shared_with_existing_workload,NVIDIA GeForce RTX 5080,57.0,78.0,True,0.014774799346923828,939.051,True,True,"{'activation_required': True, 'node_state_before': 'COLD', 'node_state': 'ACTIVE', 'activation_started_timestamp': 1788523155.4658194, 'ready_timestamp': 1788523190.5512455, 'worker_start_ms': 1.502, 'model_remote_download_ms': 17584.103, 'model_load_ms': 17493.29, 'cuda_initialization_ms': None, 'endpoint_ready_ms': 35085.449, 'activation_time_ms': 35085.45, 'model_digest': 'baf6a787fdffd633537aa2eb51cfd54cb93ff08e28040095462bb63daf552878', 'transition': {'timestamp': 1788523190.5512486, 'node': 'spark', 'physical_node': 'etri-ser0002-cgnmsb', 'old_state': 'COLD', 'new_state': 'ACTIVE', 'reason': 'rtx5080_cold_trial_1'}}",{},20.686,1788523353.5723608,510.237,147.953,342.125,True,1,llama3.2:1b,1321098329,True,baf6a787fdffd633537aa2eb51cfd54cb93ff08e28040095462bb63daf552878,etri-ser0002-cgnmsb,ACTIVE,206.0,7,27.428,1788523190.5512455,spark,8.587,11,True,spark,12.0,1788523190.5512486,spark,65.05,1788523353.5871356,5
0.0,1788523155.4658194,1,True,True,2,6197,8,b02-o05-spark-c8,10.295,,19.628,543.3,140.496,False,0,False,15840.0,1672.0,10.556,dcgm_shared_with_existing_workload,NVIDIA GeForce RTX 5080,57.0,78.0,True,0.0,939.051,True,True,"{'activation_required': True, 'node_state_before': 'COLD', 'node_state': 'ACTIVE', 'activation_started_timestamp': 1788523155.4658194, 'ready_timestamp': 1788523190.5512455, 'worker_start_ms': 1.502, 'model_remote_download_ms': 17584.103, 'model_load_ms': 17493.29, 'cuda_initialization_ms': None, 'endpoint_ready_ms': 35085.449, 'activation_time_ms': 35085.45, 'model_digest': 'baf6a787fdffd633537aa2eb51cfd54cb93ff08e28040095462bb63daf552878', 'transition': {'timestamp': 1788523190.5512486, 'node': 'spark', 'physical_node': 'etri-ser0002-cgnmsb', 'old_state': 'COLD', 'new_state': 'ACTIVE', 'reason': 'rtx5080_cold_trial_1'}}",{},19.85,1788523354.6446157,545.889,141.569,342.43,True,1,llama3.2:1b,1321098329,True,baf6a787fdffd633537aa2eb51cfd54cb93ff08e28040095462bb63daf552878,etri-ser0002-cgnmsb,ACTIVE,206.0,6,27.432,1788523190.5512455,spark,7.458,11,True,spark,12.0,1788523190.5512486,spark,51.05,1788523354.64388,5
0.0,1788523155.4658194,1,True,True,2,6249,8,b02-o05-spark-c8,10.442,,20.027,542.709,144.253,False,0,False,15840.0,1672.0,10.556,dcgm_shared_with_existing_workload,NVIDIA GeForce RTX 5080,57.0,78.0,True,0.014326095581054688,939.051,True,True,"{'activation_required': True, 'node_state_before': 'COLD', 'node_state': 'ACTIVE', 'activation_started_timestamp': 1788523155.4658194, 'ready_timestamp': 1788523190.5512455, 'worker_start_ms': 1.502, 'model_remote_download_ms': 17584.103, 'model_load_ms': 17493.29, 'cuda_initialization_ms': None, 'endpoint_ready_ms': 35085.449, 'activation_time_ms': 35085.45, 'model_digest': 'baf6a787fdffd633537aa2eb51cfd54cb93ff08e28040095462bb63daf552878', 'transition': {'timestamp': 1788523190.5512486, 'node': 'spark', 'physical_node': 'etri-ser0002-cgnmsb', 'old_state': 'COLD', 'new_state': 'ACTIVE', 'reason': 'rtx5080_cold_trial_1'}}",{},19.779,1788523355.680701,542.63,144.007,342.23,True,1,llama3.2:1b,1321098329,True,baf6a787fdffd633537aa2eb51cfd54cb93ff08e28040095462bb63daf552878,etri-ser0002-cgnmsb,ACTIVE,206.0,7,27.435,1788523190.5512455,spark,6.713,11,True,spark,12.0,1788523190.5512486,spark,63.05,1788523355.695027,5
0.0,1788523155.4658194,1,True,True,2,6302,8,b02-o05-spark-c8,10.491,,20.073,519.578,139.083,False,0,False,15840.0,1672.0,10.556,dcgm_shared_with_existing_workload,NVIDIA GeForce RTX 5080,57.0,78.0,True,0.015004396438598633,939.051,True,True,"{'activation_required': True, 'node_state_before': 'COLD', 'node_state': 'ACTIVE', 'activation_started_timestamp': 1788523155.4658194, 'ready_timestamp': 1788523190.5512455, 'worker_start_ms': 1.502, 'model_remote_download_ms': 17584.103, 'model_load_ms': 17493.29, 'cuda_initialization_ms': None, 'endpoint_ready_ms': 35085.449, 'activation_time_ms': 35085.45, 'model_digest': 'baf6a787fdffd633537aa2eb51cfd54cb93ff08e28040095462bb63daf552878', 'transition': {'timestamp': 1788523190.5512486, 'node': 'spark', 'physical_node': 'etri-ser0002-cgnmsb', 'old_state': 'COLD', 'new_state': 'ACTIVE', 'reason': 'rtx5080_cold_trial_1'}}",{},21.162,1788523356.7273858,513.908,139.827,342.324,True,1,llama3.2:1b,1321098329,True,baf6a787fdffd633537aa2eb51cfd54cb93ff08e28040095462bb63daf552878,etri-ser0002-cgnmsb,ACTIVE,206.0,7,27.43,1788523190.5512455,spark,4.522,11,True,spark,12.0,1788523190.5512486,spark,59.05,1788523356.7423902,5
0.0,1788523155.4658194,1,True,True,2,6352,8,b02-o05-spark-c8,10.801,,20.863,503.63,150.963,False,0,False,15840.0,1672.0,10.556,dcgm_shared_with_existing_workload,NVIDIA GeForce RTX 5080,57.0,78.0,True,0.015657424926757812,939.051,True,True,"{'activation_required': True, 'node_state_before': 'COLD', 'node_state': 'ACTIVE', 'activation_started_timestamp': 1788523155.4658194, 'ready_timestamp': 1788523190.5512455, 'worker_start_ms': 1.502, 'model_remote_download_ms': 17584.103, 'model_load_ms': 17493.29, 'cuda_initialization_ms': None, 'endpoint_ready_ms': 35085.449, 'activation_time_ms': 35085.45, 'model_digest': 'baf6a787fdffd633537aa2eb51cfd54cb93ff08e28040095462bb63daf552878', 'transition': {'timestamp': 1788523190.5512486, 'node': 'spark', 'physical_node': 'etri-ser0002-cgnmsb', 'old_state': 'COLD', 'new_state': 'ACTIVE', 'reason': 'rtx5080_cold_trial_1'}}",{},20.637,1788523357.773912,507.84,150.291,342.105,True,1,llama3.2:1b,1321098329,True,baf6a787fdffd633537aa2eb51cfd54cb93ff08e28040095462bb63daf552878,etri-ser0002-cgnmsb,ACTIVE,206.0,7,27.446,1788523190.5512455,spark,8.309,11,True,spark,12.0,1788523190.5512486,spark,62.0,1788523357.7895694,5
0.0,1788523155.4658194,1,True,True,2,6404,8,b02-o05-spark-c8,11.643,,19.295,541.136,138.436,False,0,False,15840.0,1672.0,10.556,dcgm_shared_with_existing_workload,NVIDIA GeForce RTX 5080,57.0,78.0,True,0.01543116569519043,939.051,True,True,"{'activation_required': True, 'node_state_before': 'COLD', 'node_state': 'ACTIVE', 'activation_started_timestamp': 1788523155.4658194, 'ready_timestamp': 1788523190.5512455, 'worker_start_ms': 1.502, 'model_remote_download_ms': 17584.103, 'model_load_ms': 17493.29, 'cuda_initialization_ms': None, 'endpoint_ready_ms': 35085.449, 'activation_time_ms': 35085.45, 'model_digest': 'baf6a787fdffd633537aa2eb51cfd54cb93ff08e28040095462bb63daf552878', 'transition': {'timestamp': 1788523190.5512486, 'node': 'spark', 'physical_node': 'etri-ser0002-cgnmsb', 'old_state': 'COLD', 'new_state': 'ACTIVE', 'reason': 'rtx5080_cold_trial_1'}}",{},18.819,1788523358.8228757,539.52,137.854,342.176,True,1,llama3.2:1b,1321098329,True,baf6a787fdffd633537aa2eb51cfd54cb93ff08e28040095462bb63daf552878,etri-ser0002-cgnmsb,ACTIVE,206.0,7,27.454,1788523190.5512455,spark,7.815,11,True,spark,12.0,1788523190.5512486,spark,67.05,1788523358.838307,5
0.0,1788523155.4658194,1,True,True,2,6457,8,b02-o05-spark-c8,10.537,,20.093,542.798,143.202,False,0,False,15840.0,1672.0,10.556,dcgm_shared_with_existing_workload,NVIDIA GeForce RTX 5080,57.0,78.0,True,0.0020210742950439453,939.051,True,True,"{'activation_required': True, 'node_state_before': 'COLD', 'node_state': 'ACTIVE', 'activation_started_timestamp': 1788523155.4658194, 'ready_timestamp': 1788523190.5512455, 'worker_start_ms': 1.502, 'model_remote_download_ms': 17584.103, 'model_load_ms': 17493.29, 'cuda_initialization_ms': None, 'endpoint_ready_ms': 35085.449, 'activation_time_ms': 35085.45, 'model_digest': 'baf6a787fdffd633537aa2eb51cfd54cb93ff08e28040095462bb63daf552878', 'transition': {'timestamp': 1788523190.5512486, 'node': 'spark', 'physical_node': 'etri-ser0002-cgnmsb', 'old_state': 'COLD', 'new_state': 'ACTIVE', 'reason': 'rtx5080_cold_trial_1'}}",{},20.059,1788523359.8828106,545.74,143.568,342.039,True,1,llama3.2:1b,1321098329,True,baf6a787fdffd633537aa2eb51cfd54cb93ff08e28040095462bb63daf552878,etri-ser0002-cgnmsb,ACTIVE,206.0,7,27.444,1788523190.5512455,spark,5.178,11,True,spark,12.0,1788523190.5512486,spark,53.0,1788523359.8848317,5
0.0,1788523155.4658194,1,True,True,2,6510,8,b02-o05-spark-c8,10.602,,19.888,541.182,141.317,False,0,False,15840.0,1672.0,10.556,dcgm_shared_with_existing_workload,NVIDIA GeForce RTX 5080,57.0,78.0,True,0.0,939.051,True,True,"{'activation_required': True, 'node_state_before': 'COLD', 'node_state': 'ACTIVE', 'activation_started_timestamp': 1788523155.4658194, 'ready_timestamp': 1788523190.5512455, 'worker_start_ms': 1.502, 'model_remote_download_ms': 17584.103, 'model_load_ms': 17493.29, 'cuda_initialization_ms': None, 'endpoint_ready_ms': 35085.449, 'activation_time_ms': 35085.45, 'model_digest': 'baf6a787fdffd633537aa2eb51cfd54cb93ff08e28040095462bb63daf552878', 'transition': {'timestamp': 1788523190.5512486, 'node': 'spark', 'physical_node': 'etri-ser0002-cgnmsb', 'old_state': 'COLD', 'new_state': 'ACTIVE', 'reason': 'rtx5080_cold_trial_1'}}",{},20.583,1788523360.9346626,543.072,142.16,342.359,True,1,llama3.2:1b,1321098329,True,baf6a787fdffd633537aa2eb51cfd54cb93ff08e28040095462bb63daf552878,etri-ser0002-cgnmsb,ACTIVE,206.0,6,27.439,1788523190.5512455,spark,7.829,11,True,spark,12.0,1788523190.5512486,spark,49.05,1788523360.934522,5
0.0,1788523155.4658194,1,True,True,2,6563,8,b02-o05-spark-c8,12.082,,20.051,527.482,139.253,False,0,False,15840.0,1672.0,10.556,dcgm_shared_with_existing_workload,NVIDIA GeForce RTX 5080,57.0,78.0,True,0.0033245086669921875,939.051,True,True,"{'activation_required': True, 'node_state_before': 'COLD', 'node_state': 'ACTIVE', 'activation_started_timestamp': 1788523155.4658194, 'ready_timestamp': 1788523190.5512455, 'worker_start_ms': 1.502, 'model_remote_download_ms': 17584.103, 'model_load_ms': 17493.29, 'cuda_initialization_ms': None, 'endpoint_ready_ms': 35085.449, 'activation_time_ms': 35085.45, 'model_digest': 'baf6a787fdffd633537aa2eb51cfd54cb93ff08e28040095462bb63daf552878', 'transition': {'timestamp': 1788523190.5512486, 'node': 'spark', 'physical_node': 'etri-ser0002-cgnmsb', 'old_state': 'COLD', 'new_state': 'ACTIVE', 'reason': 'rtx5080_cold_trial_1'}}",{},20.998,1788523361.9793525,499.875,140.062,342.684,True,1,llama3.2:1b,1321098329,True,baf6a787fdffd633537aa2eb51cfd54cb93ff08e28040095462bb63daf552878,etri-ser0002-cgnmsb,ACTIVE,206.0,7,27.476,1788523190.5512455,spark,8.379,11,True,spark,12.0,1788523190.5512486,spark,55.05,1788523361.982677,5
0.0,1788523155.4658194,1,True,True,2,6591,2,b02-o06-spark-c2,2.18,,21.915,519.362,113.01,False,0,False,15840.0,1672.0,10.556,dcgm_shared_with_existing_workload,NVIDIA GeForce RTX 5080,57.0,78.0,True,0.00121307373046875,939.051,True,True,"{'activation_required': True, 'node_state_before': 'COLD', 'node_state': 'ACTIVE', 'activation_started_timestamp': 1788523155.4658194, 'ready_timestamp': 1788523190.5512455, 'worker_start_ms': 1.502, 'model_remote_download_ms': 17584.103, 'model_load_ms': 17493.29, 'cuda_initialization_ms': None, 'endpoint_ready_ms': 35085.449, 'activation_time_ms': 35085.45, 'model_digest': 'baf6a787fdffd633537aa2eb51cfd54cb93ff08e28040095462bb63daf552878', 'transition': {'timestamp': 1788523190.5512486, 'node': 'spark', 'physical_node': 'etri-ser0002-cgnmsb', 'old_state': 'COLD', 'new_state': 'ACTIVE', 'reason': 'rtx5080_cold_trial_1'}}",{},29.122,1788523365.6163776,470.063,11.752,341.984,True,1,llama3.2:1b,1321098329,True,baf6a787fdffd633537aa2eb51cfd54cb93ff08e28040095462bb63daf552878,etri-ser0002-cgnmsb,ACTIVE,206.0,1,27.462,1788523190.5512455,spark,11.39,12,True,spark,12.0,1788523190.5512486,spark,46.05,1788523365.6175907,6
0.0,1788523155.4658194,1,True,True,2,6643,2,b02-o06-spark-c2,10.101,,20.971,516.833,24.019,False,0,False,15840.0,1672.0,10.556,dcgm_shared_with_existing_workload,NVIDIA GeForce RTX 5080,57.0,78.0,True,0.0,939.051,True,True,"{'activation_required': True, 'node_state_before': 'COLD', 'node_state': 'ACTIVE', 'activation_started_timestamp': 1788523155.4658194, 'ready_timestamp': 1788523190.5512455, 'worker_start_ms': 1.502, 'model_remote_download_ms': 17584.103, 'model_load_ms': 17493.29, 'cuda_initialization_ms': None, 'endpoint_ready_ms': 35085.449, 'activation_time_ms': 35085.45, 'model_digest': 'baf6a787fdffd633537aa2eb51cfd54cb93ff08e28040095462bb63daf552878', 'transition': {'timestamp': 1788523190.5512486, 'node': 'spark', 'physical_node': 'etri-ser0002-cgnmsb', 'old_state': 'COLD', 'new_state': 'ACTIVE', 'reason': 'rtx5080_cold_trial_1'}}",{},21.506,1788523366.6657515,515.963,24.527,342.32,True,1,llama3.2:1b,1321098329,True,baf6a787fdffd633537aa2eb51cfd54cb93ff08e28040095462bb63daf552878,etri-ser0002-cgnmsb,ACTIVE,206.0,0,27.459,1788523190.5512455,spark,5.28,12,True,spark,12.0,1788523190.5512486,spark,52.05,1788523366.6644511,6
0.0,1788523155.4658194,1,True,True,2,6694,2,b02-o06-spark-c2,10.973,,20.825,503.428,23.23,False,0,False,15840.0,1672.0,10.556,dcgm_shared_with_existing_workload,NVIDIA GeForce RTX 5080,57.0,78.0,True,0.013806819915771484,939.051,True,True,"{'activation_required': True, 'node_state_before': 'COLD', 'node_state': 'ACTIVE', 'activation_started_timestamp': 1788523155.4658194, 'ready_timestamp': 1788523190.5512455, 'worker_start_ms': 1.502, 'model_remote_download_ms': 17584.103, 'model_load_ms': 17493.29, 'cuda_initialization_ms': None, 'endpoint_ready_ms': 35085.449, 'activation_time_ms': 35085.45, 'model_digest': 'baf6a787fdffd633537aa2eb51cfd54cb93ff08e28040095462bb63daf552878', 'transition': {'timestamp': 1788523190.5512486, 'node': 'spark', 'physical_node': 'etri-ser0002-cgnmsb', 'old_state': 'COLD', 'new_state': 'ACTIVE', 'reason': 'rtx5080_cold_trial_1'}}",{},20.34,1788523367.6968164,502.071,23.366,342.102,True,1,llama3.2:1b,1321098329,True,baf6a787fdffd633537aa2eb51cfd54cb93ff08e28040095462bb63daf552878,etri-ser0002-cgnmsb,ACTIVE,206.0,1,27.48,1788523190.5512455,spark,7.553,12,True,spark,12.0,1788523190.5512486,spark,64.05,1788523367.7106233,6
0.0,1788523155.4658194,1,True,True,2,6747,2,b02-o06-spark-c2,10.432,,19.635,543.862,22.024,False,0,False,15840.0,1672.0,10.556,dcgm_shared_with_existing_workload,NVIDIA GeForce RTX 5080,57.0,78.0,True,0.0150299072265625,939.051,True,True,"{'activation_required': True, 'node_state_before': 'COLD', 'node_state': 'ACTIVE', 'activation_started_timestamp': 1788523155.4658194, 'ready_timestamp': 1788523190.5512455, 'worker_start_ms': 1.502, 'model_remote_download_ms': 17584.103, 'model_load_ms': 17493.29, 'cuda_initialization_ms': None, 'endpoint_ready_ms': 35085.449, 'activation_time_ms': 35085.45, 'model_digest': 'baf6a787fdffd633537aa2eb51cfd54cb93ff08e28040095462bb63daf552878', 'transition': {'timestamp': 1788523190.5512486, 'node': 'spark', 'physical_node': 'etri-ser0002-cgnmsb', 'old_state': 'COLD', 'new_state': 'ACTIVE', 'reason': 'rtx5080_cold_trial_1'}}",{},19.758,1788523368.7490332,542.667,21.92,342.547,True,1,llama3.2:1b,1321098329,True,baf6a787fdffd633537aa2eb51cfd54cb93ff08e28040095462bb63daf552878,etri-ser0002-cgnmsb,ACTIVE,206.0,1,27.479,1788523190.5512455,spark,8.737,12,True,spark,12.0,1788523190.5512486,spark,62.05,1788523368.7640631,6
0.0,1788523155.4658194,1,True,True,2,6800,2,b02-o06-spark-c2,10.485,,19.905,537.555,22.274,False,0,False,15840.0,1672.0,10.556,dcgm_shared_with_existing_workload,NVIDIA GeForce RTX 5080,57.0,78.0,True,0.014434099197387695,939.051,True,True,"{'activation_required': True, 'node_state_before': 'COLD', 'node_state': 'ACTIVE', 'activation_started_timestamp': 1788523155.4658194, 'ready_timestamp': 1788523190.5512455, 'worker_start_ms': 1.502, 'model_remote_download_ms': 17584.103, 'model_load_ms': 17493.29, 'cuda_initialization_ms': None, 'endpoint_ready_ms': 35085.449, 'activation_time_ms': 35085.45, 'model_digest': 'baf6a787fdffd633537aa2eb51cfd54cb93ff08e28040095462bb63daf552878', 'transition': {'timestamp': 1788523190.5512486, 'node': 'spark', 'physical_node': 'etri-ser0002-cgnmsb', 'old_state': 'COLD', 'new_state': 'ACTIVE', 'reason': 'rtx5080_cold_trial_1'}}",{},19.118,1788523369.7997673,546.597,21.5,342.203,True,1,llama3.2:1b,1321098329,True,baf6a787fdffd633537aa2eb51cfd54cb93ff08e28040095462bb63daf552878,etri-ser0002-cgnmsb,ACTIVE,206.0,1,27.48,1788523190.5512455,spark,7.401,12,True,spark,12.0,1788523190.5512486,spark,65.05,1788523369.8142014,6
0.0,1788523155.4658194,1,True,True,2,6853,2,b02-o06-spark-c2,11.45,,19.909,530.535,21.818,False,0,False,15840.0,1672.0,10.556,dcgm_shared_with_existing_workload,NVIDIA GeForce RTX 5080,57.0,78.0,True,0.01759624481201172,939.051,True,True,"{'activation_required': True, 'node_state_before': 'COLD', 'node_state': 'ACTIVE', 'activation_started_timestamp': 1788523155.4658194, 'ready_timestamp': 1788523190.5512455, 'worker_start_ms': 1.502, 'model_remote_download_ms': 17584.103, 'model_load_ms': 17493.29, 'cuda_initialization_ms': None, 'endpoint_ready_ms': 35085.449, 'activation_time_ms': 35085.45, 'model_digest': 'baf6a787fdffd633537aa2eb51cfd54cb93ff08e28040095462bb63daf552878', 'transition': {'timestamp': 1788523190.5512486, 'node': 'spark', 'physical_node': 'etri-ser0002-cgnmsb', 'old_state': 'COLD', 'new_state': 'ACTIVE', 'reason': 'rtx5080_cold_trial_1'}}",{},21.235,1788523370.8512466,514.04,22.828,342.254,True,1,llama3.2:1b,1321098329,True,baf6a787fdffd633537aa2eb51cfd54cb93ff08e28040095462bb63daf552878,etri-ser0002-cgnmsb,ACTIVE,206.0,1,27.479,1788523190.5512455,spark,6.921,12,True,spark,12.0,1788523190.5512486,spark,55.05,1788523370.8688428,6
0.0,1788523155.4658194,1,True,True,2,6906,2,b02-o06-spark-c2,10.345,,19.606,543.955,21.936,False,0,False,15840.0,1672.0,10.556,dcgm_shared_with_existing_workload,NVIDIA GeForce RTX 5080,57.0,78.0,True,0.005892515182495117,939.051,True,True,"{'activation_required': True, 'node_state_before': 'COLD', 'node_state': 'ACTIVE', 'activation_started_timestamp': 1788523155.4658194, 'ready_timestamp': 1788523190.5512455, 'worker_start_ms': 1.502, 'model_remote_download_ms': 17584.103, 'model_load_ms': 17493.29, 'cuda_initialization_ms': None, 'endpoint_ready_ms': 35085.449, 'activation_time_ms': 35085.45, 'model_digest': 'baf6a787fdffd633537aa2eb51cfd54cb93ff08e28040095462bb63daf552878', 'transition': {'timestamp': 1788523190.5512486, 'node': 'spark', 'physical_node': 'etri-ser0002-cgnmsb', 'old_state': 'COLD', 'new_state': 'ACTIVE', 'reason': 'rtx5080_cold_trial_1'}}",{},19.104,1788523371.9043193,545.591,21.366,342.418,True,1,llama3.2:1b,1321098329,True,baf6a787fdffd633537aa2eb51cfd54cb93ff08e28040095462bb63daf552878,etri-ser0002-cgnmsb,ACTIVE,206.0,1,27.476,1788523190.5512455,spark,6.921,12,True,spark,12.0,1788523190.5512486,spark,60.05,1788523371.9102118,6
0.0,1788523155.4658194,1,True,True,2,6959,2,b02-o06-spark-c2,10.996,,19.744,540.476,21.705,False,0,False,15840.0,1672.0,10.556,dcgm_shared_with_existing_workload,NVIDIA GeForce RTX 5080,57.0,78.0,True,0.0,939.051,True,True,"{'activation_required': True, 'node_state_before': 'COLD', 'node_state': 'ACTIVE', 'activation_started_timestamp': 1788523155.4658194, 'ready_timestamp': 1788523190.5512455, 'worker_start_ms': 1.502, 'model_remote_download_ms': 17584.103, 'model_load_ms': 17493.29, 'cuda_initialization_ms': None, 'endpoint_ready_ms': 35085.449, 'activation_time_ms': 35085.45, 'model_digest': 'baf6a787fdffd633537aa2eb51cfd54cb93ff08e28040095462bb63daf552878', 'transition': {'timestamp': 1788523190.5512486, 'node': 'spark', 'physical_node': 'etri-ser0002-cgnmsb', 'old_state': 'COLD', 'new_state': 'ACTIVE', 'reason': 'rtx5080_cold_trial_1'}}",{},20.285,1788523372.9599917,535.189,22.119,342.199,True,1,llama3.2:1b,1321098329,True,baf6a787fdffd633537aa2eb51cfd54cb93ff08e28040095462bb63daf552878,etri-ser0002-cgnmsb,ACTIVE,206.0,0,27.484,1788523190.5512455,spark,9.216,12,True,spark,12.0,1788523190.5512486,spark,51.05,1788523372.9593608,6
0.0,1788523155.4658194,1,True,True,2,7011,2,b02-o06-spark-c2,10.882,,19.623,542.321,22.274,False,0,False,15840.0,1672.0,10.556,dcgm_shared_with_existing_workload,NVIDIA GeForce RTX 5080,57.0,78.0,True,0.0022721290588378906,939.051,True,True,"{'activation_required': True, 'node_state_before': 'COLD', 'node_state': 'ACTIVE', 'activation_started_timestamp': 1788523155.4658194, 'ready_timestamp': 1788523190.5512455, 'worker_start_ms': 1.502, 'model_remote_download_ms': 17584.103, 'model_load_ms': 17493.29, 'cuda_initialization_ms': None, 'endpoint_ready_ms': 35085.449, 'activation_time_ms': 35085.45, 'model_digest': 'baf6a787fdffd633537aa2eb51cfd54cb93ff08e28040095462bb63daf552878', 'transition': {'timestamp': 1788523190.5512486, 'node': 'spark', 'physical_node': 'etri-ser0002-cgnmsb', 'old_state': 'COLD', 'new_state': 'ACTIVE', 'reason': 'rtx5080_cold_trial_1'}}",{},19.425,1788523374.006341,544.662,22.123,342.504,True,1,llama3.2:1b,1321098329,True,baf6a787fdffd633537aa2eb51cfd54cb93ff08e28040095462bb63daf552878,etri-ser0002-cgnmsb,ACTIVE,206.0,1,27.485,1788523190.5512455,spark,7.171,12,True,spark,12.0,1788523190.5512486,spark,49.05,1788523374.008613,6
0.0,1788523155.4658194,1,True,True,2,7064,2,b02-o06-spark-c2,10.382,,19.771,543.26,22.27,False,0,False,15840.0,1672.0,10.556,dcgm_shared_with_existing_workload,NVIDIA GeForce RTX 5080,58.0,78.0,True,0.0015463829040527344,939.051,True,True,"{'activation_required': True, 'node_state_before': 'COLD', 'node_state': 'ACTIVE', 'activation_started_timestamp': 1788523155.4658194, 'ready_timestamp': 1788523190.5512455, 'worker_start_ms': 1.502, 'model_remote_download_ms': 17584.103, 'model_load_ms': 17493.29, 'cuda_initialization_ms': None, 'endpoint_ready_ms': 35085.449, 'activation_time_ms': 35085.45, 'model_digest': 'baf6a787fdffd633537aa2eb51cfd54cb93ff08e28040095462bb63daf552878', 'transition': {'timestamp': 1788523190.5512486, 'node': 'spark', 'physical_node': 'etri-ser0002-cgnmsb', 'old_state': 'COLD', 'new_state': 'ACTIVE', 'reason': 'rtx5080_cold_trial_1'}}",{},19.465,1788523375.059627,546.597,23.385,342.055,True,1,llama3.2:1b,1321098329,True,baf6a787fdffd633537aa2eb51cfd54cb93ff08e28040095462bb63daf552878,etri-ser0002-cgnmsb,ACTIVE,206.0,1,27.486,1788523190.5512455,spark,6.276,12,True,spark,12.0,1788523190.5512486,spark,59.0,1788523375.0611734,6
0.0,1788523155.4658194,1,True,True,2,7115,2,b02-o06-spark-c2,10.203,,19.716,542.436,22.153,False,0,False,15840.0,1672.0,10.556,dcgm_shared_with_existing_workload,NVIDIA GeForce RTX 5080,58.0,78.0,True,0.017401456832885742,939.051,True,True,"{'activation_required': True, 'node_state_before': 'COLD', 'node_state': 'ACTIVE', 'activation_started_timestamp': 1788523155.4658194, 'ready_timestamp': 1788523190.5512455, 'worker_start_ms': 1.502, 'model_remote_download_ms': 17584.103, 'model_load_ms': 17493.29, 'cuda_initialization_ms': None, 'endpoint_ready_ms': 35085.449, 'activation_time_ms': 35085.45, 'model_digest': 'baf6a787fdffd633537aa2eb51cfd54cb93ff08e28040095462bb63daf552878', 'transition': {'timestamp': 1788523190.5512486, 'node': 'spark', 'physical_node': 'etri-ser0002-cgnmsb', 'old_state': 'COLD', 'new_state': 'ACTIVE', 'reason': 'rtx5080_cold_trial_1'}}",{},19.569,1788523376.093803,536.841,21.899,342.031,True,1,llama3.2:1b,1321098329,True,baf6a787fdffd633537aa2eb51cfd54cb93ff08e28040095462bb63daf552878,etri-ser0002-cgnmsb,ACTIVE,206.0,1,27.458,1788523190.5512455,spark,6.801,12,True,spark,12.0,1788523190.5512486,spark,64.05,1788523376.1112044,6
0.0,1788523155.4658194,1,True,True,2,7169,2,b02-o06-spark-c2,11.741,,19.474,542.97,21.963,False,0,False,15840.0,1672.0,10.556,dcgm_shared_with_existing_workload,NVIDIA GeForce RTX 5080,58.0,78.0,True,0.005841493606567383,939.051,True,True,"{'activation_required': True, 'node_state_before': 'COLD', 'node_state': 'ACTIVE', 'activation_started_timestamp': 1788523155.4658194, 'ready_timestamp': 1788523190.5512455, 'worker_start_ms': 1.502, 'model_remote_download_ms': 17584.103, 'model_load_ms': 17493.29, 'cuda_initialization_ms': None, 'endpoint_ready_ms': 35085.449, 'activation_time_ms': 35085.45, 'model_digest': 'baf6a787fdffd633537aa2eb51cfd54cb93ff08e28040095462bb63daf552878', 'transition': {'timestamp': 1788523190.5512486, 'node': 'spark', 'physical_node': 'etri-ser0002-cgnmsb', 'old_state': 'COLD', 'new_state': 'ACTIVE', 'reason': 'rtx5080_cold_trial_1'}}",{},19.223,1788523377.1541064,547.233,21.771,342.348,True,1,llama3.2:1b,1321098329,True,baf6a787fdffd633537aa2eb51cfd54cb93ff08e28040095462bb63daf552878,etri-ser0002-cgnmsb,ACTIVE,206.0,1,27.457,1788523190.5512455,spark,6.266,12,True,spark,12.0,1788523190.5512486,spark,55.05,1788523377.1599479,6
0.0,1788523155.4658194,1,True,True,3,7193,1,b03-o01-spark-c1,1.425,,21.366,528.281,18.925,False,0,False,15840.0,1672.0,10.556,dcgm_shared_with_existing_workload,NVIDIA GeForce RTX 5080,58.0,78.0,True,0.005175352096557617,939.051,True,True,"{'activation_required': True, 'node_state_before': 'COLD', 'node_state': 'ACTIVE', 'activation_started_timestamp': 1788523155.4658194, 'ready_timestamp': 1788523190.5512455, 'worker_start_ms': 1.502, 'model_remote_download_ms': 17584.103, 'model_load_ms': 17493.29, 'cuda_initialization_ms': None, 'endpoint_ready_ms': 35085.449, 'activation_time_ms': 35085.45, 'model_digest': 'baf6a787fdffd633537aa2eb51cfd54cb93ff08e28040095462bb63daf552878', 'transition': {'timestamp': 1788523190.5512486, 'node': 'spark', 'physical_node': 'etri-ser0002-cgnmsb', 'old_state': 'COLD', 'new_state': 'ACTIVE', 'reason': 'rtx5080_cold_trial_1'}}",{},26.748,1788523380.690309,486.322,10.1,342.391,True,1,llama3.2:1b,1321098329,True,baf6a787fdffd633537aa2eb51cfd54cb93ff08e28040095462bb63daf552878,etri-ser0002-cgnmsb,ACTIVE,206.0,0,27.462,1788523190.5512455,spark,8.769,13,True,spark,12.0,1788523190.5512486,spark,56.0,1788523380.6954844,1
0.0,1788523155.4658194,1,True,True,3,7241,1,b03-o01-spark-c1,9.398,,19.823,540.47,4.538,False,0,False,15840.0,1672.0,10.556,dcgm_shared_with_existing_workload,NVIDIA GeForce RTX 5080,58.0,78.0,True,0.007094621658325195,939.051,True,True,"{'activation_required': True, 'node_state_before': 'COLD', 'node_state': 'ACTIVE', 'activation_started_timestamp': 1788523155.4658194, 'ready_timestamp': 1788523190.5512455, 'worker_start_ms': 1.502, 'model_remote_download_ms': 17584.103, 'model_load_ms': 17493.29, 'cuda_initialization_ms': None, 'endpoint_ready_ms': 35085.449, 'activation_time_ms': 35085.45, 'model_digest': 'baf6a787fdffd633537aa2eb51cfd54cb93ff08e28040095462bb63daf552878', 'transition': {'timestamp': 1788523190.5512486, 'node': 'spark', 'physical_node': 'etri-ser0002-cgnmsb', 'old_state': 'COLD', 'new_state': 'ACTIVE', 'reason': 'rtx5080_cold_trial_1'}}",{},19.622,1788523381.7465258,540.176,4.235,341.867,True,1,llama3.2:1b,1321098329,True,baf6a787fdffd633537aa2eb51cfd54cb93ff08e28040095462bb63daf552878,etri-ser0002-cgnmsb,ACTIVE,206.0,0,27.465,1788523190.5512455,spark,7.536,13,True,spark,12.0,1788523190.5512486,spark,66.05,1788523381.7536204,1
0.0,1788523155.4658194,1,True,True,3,7288,1,b03-o01-spark-c1,11.018,,21.104,503.347,4.821,False,0,False,15840.0,1672.0,10.556,dcgm_shared_with_existing_workload,NVIDIA GeForce RTX 5080,58.0,78.0,True,0.013238668441772461,939.051,True,True,"{'activation_required': True, 'node_state_before': 'COLD', 'node_state': 'ACTIVE', 'activation_started_timestamp': 1788523155.4658194, 'ready_timestamp': 1788523190.5512455, 'worker_start_ms': 1.502, 'model_remote_download_ms': 17584.103, 'model_load_ms': 17493.29, 'cuda_initialization_ms': None, 'endpoint_ready_ms': 35085.449, 'activation_time_ms': 35085.45, 'model_digest': 'baf6a787fdffd633537aa2eb51cfd54cb93ff08e28040095462bb63daf552878', 'transition': {'timestamp': 1788523190.5512486, 'node': 'spark', 'physical_node': 'etri-ser0002-cgnmsb', 'old_state': 'COLD', 'new_state': 'ACTIVE', 'reason': 'rtx5080_cold_trial_1'}}",{},20.753,1788523382.7921362,502.765,4.627,342.191,True,1,llama3.2:1b,1321098329,True,baf6a787fdffd633537aa2eb51cfd54cb93ff08e28040095462bb63daf552878,etri-ser0002-cgnmsb,ACTIVE,206.0,0,27.465,1788523190.5512455,spark,4.27,13,True,spark,12.0,1788523190.5512486,spark,61.05,1788523382.8053749,1
0.0,1788523155.4658194,1,True,True,3,7335,1,b03-o01-spark-c1,10.474,,20.947,511.168,4.645,False,0,False,15840.0,1672.0,10.556,dcgm_shared_with_existing_workload,NVIDIA GeForce RTX 5080,58.0,78.0,True,0.007940053939819336,939.051,True,True,"{'activation_required': True, 'node_state_before': 'COLD', 'node_state': 'ACTIVE', 'activation_started_timestamp': 1788523155.4658194, 'ready_timestamp': 1788523190.5512455, 'worker_start_ms': 1.502, 'model_remote_download_ms': 17584.103, 'model_load_ms': 17493.29, 'cuda_initialization_ms': None, 'endpoint_ready_ms': 35085.449, 'activation_time_ms': 35085.45, 'model_digest': 'baf6a787fdffd633537aa2eb51cfd54cb93ff08e28040095462bb63daf552878', 'transition': {'timestamp': 1788523190.5512486, 'node': 'spark', 'physical_node': 'etri-ser0002-cgnmsb', 'old_state': 'COLD', 'new_state': 'ACTIVE', 'reason': 'rtx5080_cold_trial_1'}}",{},21.155,1788523383.846521,497.636,4.615,341.906,True,1,llama3.2:1b,1321098329,True,baf6a787fdffd633537aa2eb51cfd54cb93ff08e28040095462bb63daf552878,etri-ser0002-cgnmsb,ACTIVE,206.0,0,27.466,1788523190.5512455,spark,8.123,13,True,spark,12.0,1788523190.5512486,spark,60.0,1788523383.854461,1
0.0,1788523155.4658194,1,True,True,3,7382,1,b03-o01-spark-c1,9.618,,20.066,532.68,4.419,False,0,False,15840.0,1672.0,10.556,dcgm_shared_with_existing_workload,NVIDIA GeForce RTX 5080,58.0,78.0,True,0.007364988327026367,939.051,True,True,"{'activation_required': True, 'node_state_before': 'COLD', 'node_state': 'ACTIVE', 'activation_started_timestamp': 1788523155.4658194, 'ready_timestamp': 1788523190.5512455, 'worker_start_ms': 1.502, 'model_remote_download_ms': 17584.103, 'model_load_ms': 17493.29, 'cuda_initialization_ms': None, 'endpoint_ready_ms': 35085.449, 'activation_time_ms': 35085.45, 'model_digest': 'baf6a787fdffd633537aa2eb51cfd54cb93ff08e28040095462bb63daf552878', 'transition': {'timestamp': 1788523190.5512486, 'node': 'spark', 'physical_node': 'etri-ser0002-cgnmsb', 'old_state': 'COLD', 'new_state': 'ACTIVE', 'reason': 'rtx5080_cold_trial_1'}}",{},20.44,1788523384.8965244,516.362,4.637,342.055,True,1,llama3.2:1b,1321098329,True,baf6a787fdffd633537aa2eb51cfd54cb93ff08e28040095462bb63daf552878,etri-ser0002-cgnmsb,ACTIVE,206.0,0,27.468,1788523190.5512455,spark,8.526,13,True,spark,12.0,1788523190.5512486,spark,61.05,1788523384.9038894,1
0.0,1788523155.4658194,1,True,True,3,7427,1,b03-o01-spark-c1,9.254,,20.767,500.437,4.345,False,0,False,15840.0,1672.0,10.556,dcgm_shared_with_existing_workload,NVIDIA GeForce RTX 5080,58.0,78.0,True,0.015712261199951172,939.051,True,True,"{'activation_required': True, 'node_state_before': 'COLD', 'node_state': 'ACTIVE', 'activation_started_timestamp': 1788523155.4658194, 'ready_timestamp': 1788523190.5512455, 'worker_start_ms': 1.502, 'model_remote_download_ms': 17584.103, 'model_load_ms': 17493.29, 'cuda_initialization_ms': None, 'endpoint_ready_ms': 35085.449, 'activation_time_ms': 35085.45, 'model_digest': 'baf6a787fdffd633537aa2eb51cfd54cb93ff08e28040095462bb63daf552878', 'transition': {'timestamp': 1788523190.5512486, 'node': 'spark', 'physical_node': 'etri-ser0002-cgnmsb', 'old_state': 'COLD', 'new_state': 'ACTIVE', 'reason': 'rtx5080_cold_trial_1'}}",{},20.621,1788523385.9385533,487.864,3.874,341.812,True,1,llama3.2:1b,1321098329,True,baf6a787fdffd633537aa2eb51cfd54cb93ff08e28040095462bb63daf552878,etri-ser0002-cgnmsb,ACTIVE,206.0,0,27.468,1788523190.5512455,spark,5.247,13,True,spark,12.0,1788523190.5512486,spark,64.05,1788523385.9542656,1
0.0,1788523155.4658194,1,True,True,3,7468,1,b03-o01-spark-c1,10.293,,21.757,505.39,5.206,False,0,False,15840.0,1672.0,10.556,dcgm_shared_with_existing_workload,NVIDIA GeForce RTX 5080,58.0,78.0,True,0.014158010482788086,939.051,True,True,"{'activation_required': True, 'node_state_before': 'COLD', 'node_state': 'ACTIVE', 'activation_started_timestamp': 1788523155.4658194, 'ready_timestamp': 1788523190.5512455, 'worker_start_ms': 1.502, 'model_remote_download_ms': 17584.103, 'model_load_ms': 17493.29, 'cuda_initialization_ms': None, 'endpoint_ready_ms': 35085.449, 'activation_time_ms': 35085.45, 'model_digest': 'baf6a787fdffd633537aa2eb51cfd54cb93ff08e28040095462bb63daf552878', 'transition': {'timestamp': 1788523190.5512486, 'node': 'spark', 'physical_node': 'etri-ser0002-cgnmsb', 'old_state': 'COLD', 'new_state': 'ACTIVE', 'reason': 'rtx5080_cold_trial_1'}}",{},20.48,1788523386.9900367,495.602,4.023,342.168,True,1,llama3.2:1b,1321098329,True,baf6a787fdffd633537aa2eb51cfd54cb93ff08e28040095462bb63daf552878,etri-ser0002-cgnmsb,ACTIVE,206.0,0,27.448,1788523190.5512455,spark,5.699,13,True,spark,12.0,1788523190.5512486,spark,59.05,1788523387.0041947,1
0.0,1788523155.4658194,1,True,True,3,7514,1,b03-o01-spark-c1,9.688,,21.06,499.123,4.533,False,0,False,15840.0,1672.0,10.556,dcgm_shared_with_existing_workload,NVIDIA GeForce RTX 5080,58.0,78.0,True,0.008744001388549805,939.051,True,True,"{'activation_required': True, 'node_state_before': 'COLD', 'node_state': 'ACTIVE', 'activation_started_timestamp': 1788523155.4658194, 'ready_timestamp': 1788523190.5512455, 'worker_start_ms': 1.502, 'model_remote_download_ms': 17584.103, 'model_load_ms': 17493.29, 'cuda_initialization_ms': None, 'endpoint_ready_ms': 35085.449, 'activation_time_ms': 35085.45, 'model_digest': 'baf6a787fdffd633537aa2eb51cfd54cb93ff08e28040095462bb63daf552878', 'transition': {'timestamp': 1788523190.5512486, 'node': 'spark', 'physical_node': 'etri-ser0002-cgnmsb', 'old_state': 'COLD', 'new_state': 'ACTIVE', 'reason': 'rtx5080_cold_trial_1'}}",{},21.02,1788523388.0389104,493.036,4.362,342.277,True,1,llama3.2:1b,1321098329,True,baf6a787fdffd633537aa2eb51cfd54cb93ff08e28040095462bb63daf552878,etri-ser0002-cgnmsb,ACTIVE,206.0,0,27.454,1788523190.5512455,spark,5.042,13,True,spark,12.0,1788523190.5512486,spark,57.05,1788523388.0476544,1
0.0,1788523155.4658194,1,True,True,3,7557,1,b03-o01-spark-c1,10.02,,22.797,504.043,6.109,False,0,False,15840.0,1672.0,10.556,dcgm_shared_with_existing_workload,NVIDIA GeForce RTX 5080,58.0,78.0,True,0.013933420181274414,939.051,True,True,"{'activation_required': True, 'node_state_before': 'COLD', 'node_state': 'ACTIVE', 'activation_started_timestamp': 1788523155.4658194, 'ready_timestamp': 1788523190.5512455, 'worker_start_ms': 1.502, 'model_remote_download_ms': 17584.103, 'model_load_ms': 17493.29, 'cuda_initialization_ms': None, 'endpoint_ready_ms': 35085.449, 'activation_time_ms': 35085.45, 'model_digest': 'baf6a787fdffd633537aa2eb51cfd54cb93ff08e28040095462bb63daf552878', 'transition': {'timestamp': 1788523190.5512486, 'node': 'spark', 'physical_node': 'etri-ser0002-cgnmsb', 'old_state': 'COLD', 'new_state': 'ACTIVE', 'reason': 'rtx5080_cold_trial_1'}}",{},22.605,1788523389.0794168,510.106,6.454,342.129,True,1,llama3.2:1b,1321098329,True,baf6a787fdffd633537aa2eb51cfd54cb93ff08e28040095462bb63daf552878,etri-ser0002-cgnmsb,ACTIVE,206.0,0,27.459,1788523190.5512455,spark,5.985,13,True,spark,12.0,1788523190.5512486,spark,60.05,1788523389.0933502,1
0.0,1788523155.4658194,1,True,True,3,7605,1,b03-o01-spark-c1,10.898,,19.749,542.232,4.376,False,0,False,15840.0,1672.0,10.556,dcgm_shared_with_existing_workload,NVIDIA GeForce RTX 5080,58.0,78.0,True,0.00829935073852539,939.051,True,True,"{'activation_required': True, 'node_state_before': 'COLD', 'node_state': 'ACTIVE', 'activation_started_timestamp': 1788523155.4658194, 'ready_timestamp': 1788523190.5512455, 'worker_start_ms': 1.502, 'model_remote_download_ms': 17584.103, 'model_load_ms': 17493.29, 'cuda_initialization_ms': None, 'endpoint_ready_ms': 35085.449, 'activation_time_ms': 35085.45, 'model_digest': 'baf6a787fdffd633537aa2eb51cfd54cb93ff08e28040095462bb63daf552878', 'transition': {'timestamp': 1788523190.5512486, 'node': 'spark', 'physical_node': 'etri-ser0002-cgnmsb', 'old_state': 'COLD', 'new_state': 'ACTIVE', 'reason': 'rtx5080_cold_trial_1'}}",{},19.725,1788523390.133896,545.777,4.142,342.344,True,1,llama3.2:1b,1321098329,True,baf6a787fdffd633537aa2eb51cfd54cb93ff08e28040095462bb63daf552878,etri-ser0002-cgnmsb,ACTIVE,206.0,0,27.461,1788523190.5512455,spark,6.295,13,True,spark,12.0,1788523190.5512486,spark,60.05,1788523390.1421955,1
0.0,1788523155.4658194,1,True,True,3,7653,1,b03-o01-spark-c1,10.545,,19.982,541.856,4.626,False,0,False,15840.0,1672.0,10.556,dcgm_shared_with_existing_workload,NVIDIA GeForce RTX 5080,58.0,78.0,True,0.012154102325439453,939.051,True,True,"{'activation_required': True, 'node_state_before': 'COLD', 'node_state': 'ACTIVE', 'activation_started_timestamp': 1788523155.4658194, 'ready_timestamp': 1788523190.5512455, 'worker_start_ms': 1.502, 'model_remote_download_ms': 17584.103, 'model_load_ms': 17493.29, 'cuda_initialization_ms': None, 'endpoint_ready_ms': 35085.449, 'activation_time_ms': 35085.45, 'model_digest': 'baf6a787fdffd633537aa2eb51cfd54cb93ff08e28040095462bb63daf552878', 'transition': {'timestamp': 1788523190.5512486, 'node': 'spark', 'physical_node': 'etri-ser0002-cgnmsb', 'old_state': 'COLD', 'new_state': 'ACTIVE', 'reason': 'rtx5080_cold_trial_1'}}",{},20.306,1788523391.1799579,540.431,4.81,341.98,True,1,llama3.2:1b,1321098329,True,baf6a787fdffd633537aa2eb51cfd54cb93ff08e28040095462bb63daf552878,etri-ser0002-cgnmsb,ACTIVE,206.0,0,27.46,1788523190.5512455,spark,7.7,13,True,spark,12.0,1788523190.5512486,spark,68.0,1788523391.192112,1
0.0,1788523155.4658194,1,True,True,3,7703,1,b03-o01-spark-c1,10.871,,19.364,543.698,4.334,False,0,False,15840.0,1672.0,10.556,dcgm_shared_with_existing_workload,NVIDIA GeForce RTX 5080,58.0,78.0,True,0.005026578903198242,939.051,True,True,"{'activation_required': True, 'node_state_before': 'COLD', 'node_state': 'ACTIVE', 'activation_started_timestamp': 1788523155.4658194, 'ready_timestamp': 1788523190.5512455, 'worker_start_ms': 1.502, 'model_remote_download_ms': 17584.103, 'model_load_ms': 17493.29, 'cuda_initialization_ms': None, 'endpoint_ready_ms': 35085.449, 'activation_time_ms': 35085.45, 'model_digest': 'baf6a787fdffd633537aa2eb51cfd54cb93ff08e28040095462bb63daf552878', 'transition': {'timestamp': 1788523190.5512486, 'node': 'spark', 'physical_node': 'etri-ser0002-cgnmsb', 'old_state': 'COLD', 'new_state': 'ACTIVE', 'reason': 'rtx5080_cold_trial_1'}}",{},19.877,1788523392.2372599,544.959,4.95,341.902,True,1,llama3.2:1b,1321098329,True,baf6a787fdffd633537aa2eb51cfd54cb93ff08e28040095462bb63daf552878,etri-ser0002-cgnmsb,ACTIVE,206.0,0,27.485,1788523190.5512455,spark,4.727,13,True,spark,12.0,1788523190.5512486,spark,60.05,1788523392.2422864,1
0.0,1788523155.4658194,1,True,True,3,7724,2,b03-o02-spark-c2,1.768,,22.376,501.105,6.078,False,0,False,15840.0,1672.0,10.556,dcgm_shared_with_existing_workload,NVIDIA GeForce RTX 5080,58.0,78.0,True,0.0014297962188720703,939.051,True,True,"{'activation_required': True, 'node_state_before': 'COLD', 'node_state': 'ACTIVE', 'activation_started_timestamp': 1788523155.4658194, 'ready_timestamp': 1788523190.5512455, 'worker_start_ms': 1.502, 'model_remote_download_ms': 17584.103, 'model_load_ms': 17493.29, 'cuda_initialization_ms': None, 'endpoint_ready_ms': 35085.449, 'activation_time_ms': 35085.45, 'model_digest': 'baf6a787fdffd633537aa2eb51cfd54cb93ff08e28040095462bb63daf552878', 'transition': {'timestamp': 1788523190.5512486, 'node': 'spark', 'physical_node': 'etri-ser0002-cgnmsb', 'old_state': 'COLD', 'new_state': 'ACTIVE', 'reason': 'rtx5080_cold_trial_1'}}",{},26.85,1788523395.7547143,501.159,10.765,342.234,True,1,llama3.2:1b,1321098329,True,baf6a787fdffd633537aa2eb51cfd54cb93ff08e28040095462bb63daf552878,etri-ser0002-cgnmsb,ACTIVE,206.0,1,27.466,1788523190.5512455,spark,9.832,14,True,spark,12.0,1788523190.5512486,spark,52.05,1788523395.756144,2
0.0,1788523155.4658194,1,True,True,3,7773,2,b03-o02-spark-c2,10.207,,20.098,541.194,23.258,False,0,False,15840.0,1672.0,10.556,dcgm_shared_with_existing_workload,NVIDIA GeForce RTX 5080,58.0,78.0,True,0.010849952697753906,939.051,True,True,"{'activation_required': True, 'node_state_before': 'COLD', 'node_state': 'ACTIVE', 'activation_started_timestamp': 1788523155.4658194, 'ready_timestamp': 1788523190.5512455, 'worker_start_ms': 1.502, 'model_remote_download_ms': 17584.103, 'model_load_ms': 17493.29, 'cuda_initialization_ms': None, 'endpoint_ready_ms': 35085.449, 'activation_time_ms': 35085.45, 'model_digest': 'baf6a787fdffd633537aa2eb51cfd54cb93ff08e28040095462bb63daf552878', 'transition': {'timestamp': 1788523190.5512486, 'node': 'spark', 'physical_node': 'etri-ser0002-cgnmsb', 'old_state': 'COLD', 'new_state': 'ACTIVE', 'reason': 'rtx5080_cold_trial_1'}}",{},20.395,1788523396.7865763,540.943,23.175,342.074,True,1,llama3.2:1b,1321098329,True,baf6a787fdffd633537aa2eb51cfd54cb93ff08e28040095462bb63daf552878,etri-ser0002-cgnmsb,ACTIVE,206.0,1,27.465,1788523190.5512455,spark,5.01,14,True,spark,12.0,1788523190.5512486,spark,62.05,1788523396.7974262,2
0.0,1788523155.4658194,1,True,True,3,7826,2,b03-o02-spark-c2,11.057,,20.723,513.932,24.106,False,0,False,15840.0,1672.0,10.556,dcgm_shared_with_existing_workload,NVIDIA GeForce RTX 5080,58.0,78.0,True,0.008434057235717773,939.051,True,True,"{'activation_required': True, 'node_state_before': 'COLD', 'node_state': 'ACTIVE', 'activation_started_timestamp': 1788523155.4658194, 'ready_timestamp': 1788523190.5512455, 'worker_start_ms': 1.502, 'model_remote_download_ms': 17584.103, 'model_load_ms': 17493.29, 'cuda_initialization_ms': None, 'endpoint_ready_ms': 35085.449, 'activation_time_ms': 35085.45, 'model_digest': 'baf6a787fdffd633537aa2eb51cfd54cb93ff08e28040095462bb63daf552878', 'transition': {'timestamp': 1788523190.5512486, 'node': 'spark', 'physical_node': 'etri-ser0002-cgnmsb', 'old_state': 'COLD', 'new_state': 'ACTIVE', 'reason': 'rtx5080_cold_trial_1'}}",{},20.857,1788523397.829703,512.426,24.08,342.23,True,1,llama3.2:1b,1321098329,True,baf6a787fdffd633537aa2eb51cfd54cb93ff08e28040095462bb63daf552878,etri-ser0002-cgnmsb,ACTIVE,206.0,1,27.466,1788523190.5512455,spark,6.301,14,True,spark,12.0,1788523190.5512486,spark,60.05,1788523397.8381371,2
0.0,1788523155.4658194,1,True,True,3,7878,2,b03-o02-spark-c2,12.245,,19.704,542.742,23.143,False,0,False,15840.0,1672.0,10.556,dcgm_shared_with_existing_workload,NVIDIA GeForce RTX 5080,58.0,78.0,True,0.0020728111267089844,939.051,True,True,"{'activation_required': True, 'node_state_before': 'COLD', 'node_state': 'ACTIVE', 'activation_started_timestamp': 1788523155.4658194, 'ready_timestamp': 1788523190.5512455, 'worker_start_ms': 1.502, 'model_remote_download_ms': 17584.103, 'model_load_ms': 17493.29, 'cuda_initialization_ms': None, 'endpoint_ready_ms': 35085.449, 'activation_time_ms': 35085.45, 'model_digest': 'baf6a787fdffd633537aa2eb51cfd54cb93ff08e28040095462bb63daf552878', 'transition': {'timestamp': 1788523190.5512486, 'node': 'spark', 'physical_node': 'etri-ser0002-cgnmsb', 'old_state': 'COLD', 'new_state': 'ACTIVE', 'reason': 'rtx5080_cold_trial_1'}}",{},18.685,1788523398.8847897,542.079,22.642,342.484,True,1,llama3.2:1b,1321098329,True,baf6a787fdffd633537aa2eb51cfd54cb93ff08e28040095462bb63daf552878,etri-ser0002-cgnmsb,ACTIVE,206.0,1,27.469,1788523190.5512455,spark,4.41,14,True,spark,12.0,1788523190.5512486,spark,57.05,1788523398.8868625,2
0.0,1788523155.4658194,1,True,True,3,7930,2,b03-o02-spark-c2,10.252,,20.807,509.475,24.107,False,0,False,15840.0,1672.0,10.556,dcgm_shared_with_existing_workload,NVIDIA GeForce RTX 5080,58.0,78.0,True,0.013163566589355469,939.055,True,True,"{'activation_required': True, 'node_state_before': 'COLD', 'node_state': 'ACTIVE', 'activation_started_timestamp': 1788523155.4658194, 'ready_timestamp': 1788523190.5512455, 'worker_start_ms': 1.502, 'model_remote_download_ms': 17584.103, 'model_load_ms': 17493.29, 'cuda_initialization_ms': None, 'endpoint_ready_ms': 35085.449, 'activation_time_ms': 35085.45, 'model_digest': 'baf6a787fdffd633537aa2eb51cfd54cb93ff08e28040095462bb63daf552878', 'transition': {'timestamp': 1788523190.5512486, 'node': 'spark', 'physical_node': 'etri-ser0002-cgnmsb', 'old_state': 'COLD', 'new_state': 'ACTIVE', 'reason': 'rtx5080_cold_trial_1'}}",{},20.365,1788523399.9179912,509.522,24.504,341.992,True,1,llama3.2:1b,1321098329,True,baf6a787fdffd633537aa2eb51cfd54cb93ff08e28040095462bb63daf552878,etri-ser0002-cgnmsb,ACTIVE,206.0,1,27.468,1788523190.5512455,spark,5.919,14,True,spark,12.0,1788523190.5512486,spark,63.0,1788523399.9311547,2
0.0,1788523155.4658194,1,True,True,3,7982,2,b03-o02-spark-c2,10.689,,19.624,541.853,22.914,False,0,False,15840.0,1672.0,10.556,dcgm_shared_with_existing_workload,NVIDIA GeForce RTX 5080,58.0,78.0,True,0.008806705474853516,939.055,True,True,"{'activation_required': True, 'node_state_before': 'COLD', 'node_state': 'ACTIVE', 'activation_started_timestamp': 1788523155.4658194, 'ready_timestamp': 1788523190.5512455, 'worker_start_ms': 1.502, 'model_remote_download_ms': 17584.103, 'model_load_ms': 17493.29, 'cuda_initialization_ms': None, 'endpoint_ready_ms': 35085.449, 'activation_time_ms': 35085.45, 'model_digest': 'baf6a787fdffd633537aa2eb51cfd54cb93ff08e28040095462bb63daf552878', 'transition': {'timestamp': 1788523190.5512486, 'node': 'spark', 'physical_node': 'etri-ser0002-cgnmsb', 'old_state': 'COLD', 'new_state': 'ACTIVE', 'reason': 'rtx5080_cold_trial_1'}}",{},19.304,1788523400.9670458,543.146,22.66,342.273,True,1,llama3.2:1b,1321098329,True,baf6a787fdffd633537aa2eb51cfd54cb93ff08e28040095462bb63daf552878,etri-ser0002-cgnmsb,ACTIVE,206.0,1,27.481,1788523190.5512455,spark,5.192,14,True,spark,12.0,1788523190.5512486,spark,62.05,1788523400.9758525,2
0.0,1788523155.4658194,1,True,True,3,8035,2,b03-o02-spark-c2,12.412,,19.612,544.449,22.842,False,0,False,15840.0,1672.0,10.556,dcgm_shared_with_existing_workload,NVIDIA GeForce RTX 5080,58.0,78.0,True,0.004830837249755859,939.055,True,True,"{'activation_required': True, 'node_state_before': 'COLD', 'node_state': 'ACTIVE', 'activation_started_timestamp': 1788523155.4658194, 'ready_timestamp': 1788523190.5512455, 'worker_start_ms': 1.502, 'model_remote_download_ms': 17584.103, 'model_load_ms': 17493.29, 'cuda_initialization_ms': None, 'endpoint_ready_ms': 35085.449, 'activation_time_ms': 35085.45, 'model_digest': 'baf6a787fdffd633537aa2eb51cfd54cb93ff08e28040095462bb63daf552878', 'transition': {'timestamp': 1788523190.5512486, 'node': 'spark', 'physical_node': 'etri-ser0002-cgnmsb', 'old_state': 'COLD', 'new_state': 'ACTIVE', 'reason': 'rtx5080_cold_trial_1'}}",{},19.116,1788523402.0150442,544.959,23.397,342.449,True,1,llama3.2:1b,1321098329,True,baf6a787fdffd633537aa2eb51cfd54cb93ff08e28040095462bb63daf552878,etri-ser0002-cgnmsb,ACTIVE,206.0,1,27.474,1788523190.5512455,spark,5.178,14,True,spark,12.0,1788523190.5512486,spark,59.05,1788523402.019875,2
0.0,1788523155.4658194,1,True,True,3,8086,2,b03-o02-spark-c2,10.573,,21.445,499.905,24.581,False,0,False,15840.0,1672.0,10.556,dcgm_shared_with_existing_workload,NVIDIA GeForce RTX 5080,58.0,78.0,True,0.004226207733154297,939.055,True,True,"{'activation_required': True, 'node_state_before': 'COLD', 'node_state': 'ACTIVE', 'activation_started_timestamp': 1788523155.4658194, 'ready_timestamp': 1788523190.5512455, 'worker_start_ms': 1.502, 'model_remote_download_ms': 17584.103, 'model_load_ms': 17493.29, 'cuda_initialization_ms': None, 'endpoint_ready_ms': 35085.449, 'activation_time_ms': 35085.45, 'model_digest': 'baf6a787fdffd633537aa2eb51cfd54cb93ff08e28040095462bb63daf552878', 'transition': {'timestamp': 1788523190.5512486, 'node': 'spark', 'physical_node': 'etri-ser0002-cgnmsb', 'old_state': 'COLD', 'new_state': 'ACTIVE', 'reason': 'rtx5080_cold_trial_1'}}",{},21.412,1788523403.060247,501.002,25.315,341.922,True,1,llama3.2:1b,1321098329,True,baf6a787fdffd633537aa2eb51cfd54cb93ff08e28040095462bb63daf552878,etri-ser0002-cgnmsb,ACTIVE,206.0,1,27.458,1788523190.5512455,spark,4.709,14,True,spark,12.0,1788523190.5512486,spark,61.05,1788523403.0644732,2
0.0,1788523155.4658194,1,True,True,3,8138,2,b03-o02-spark-c2,10.714,,19.197,543.086,22.239,False,0,False,15840.0,1672.0,10.556,dcgm_shared_with_existing_workload,NVIDIA GeForce RTX 5080,58.0,78.0,True,0.009816884994506836,939.055,True,True,"{'activation_required': True, 'node_state_before': 'COLD', 'node_state': 'ACTIVE', 'activation_started_timestamp': 1788523155.4658194, 'ready_timestamp': 1788523190.5512455, 'worker_start_ms': 1.502, 'model_remote_download_ms': 17584.103, 'model_load_ms': 17493.29, 'cuda_initialization_ms': None, 'endpoint_ready_ms': 35085.449, 'activation_time_ms': 35085.45, 'model_digest': 'baf6a787fdffd633537aa2eb51cfd54cb93ff08e28040095462bb63daf552878', 'transition': {'timestamp': 1788523190.5512486, 'node': 'spark', 'physical_node': 'etri-ser0002-cgnmsb', 'old_state': 'COLD', 'new_state': 'ACTIVE', 'reason': 'rtx5080_cold_trial_1'}}",{},18.759,1788523404.1020873,546.859,21.74,341.754,True,1,llama3.2:1b,1321098329,True,baf6a787fdffd633537aa2eb51cfd54cb93ff08e28040095462bb63daf552878,etri-ser0002-cgnmsb,ACTIVE,206.0,1,27.399,1788523190.5512455,spark,4.495,14,True,spark,12.0,1788523190.5512486,spark,67.05,1788523404.1119041,2
0.0,1788523155.4658194,1,True,True,3,8191,2,b03-o02-spark-c2,10.461,,19.272,542.693,22.145,False,0,False,15840.0,1672.0,10.556,dcgm_shared_with_existing_workload,NVIDIA GeForce RTX 5080,57.0,78.0,True,0.017449140548706055,939.055,True,True,"{'activation_required': True, 'node_state_before': 'COLD', 'node_state': 'ACTIVE', 'activation_started_timestamp': 1788523155.4658194, 'ready_timestamp': 1788523190.5512455, 'worker_start_ms': 1.502, 'model_remote_download_ms': 17584.103, 'model_load_ms': 17493.29, 'cuda_initialization_ms': None, 'endpoint_ready_ms': 35085.449, 'activation_time_ms': 35085.45, 'model_digest': 'baf6a787fdffd633537aa2eb51cfd54cb93ff08e28040095462bb63daf552878', 'transition': {'timestamp': 1788523190.5512486, 'node': 'spark', 'physical_node': 'etri-ser0002-cgnmsb', 'old_state': 'COLD', 'new_state': 'ACTIVE', 'reason': 'rtx5080_cold_trial_1'}}",{},19.116,1788523405.1374617,544.181,22.261,342.07,True,1,llama3.2:1b,1321098329,True,baf6a787fdffd633537aa2eb51cfd54cb93ff08e28040095462bb63daf552878,etri-ser0002-cgnmsb,ACTIVE,206.0,1,27.401,1788523190.5512455,spark,6.868,14,True,spark,12.0,1788523190.5512486,spark,65.05,1788523405.1549108,2
0.0,1788523155.4658194,1,True,True,3,8245,2,b03-o02-spark-c2,10.408,,19.665,544.623,22.56,False,0,False,15840.0,1672.0,10.556,dcgm_shared_with_existing_workload,NVIDIA GeForce RTX 5080,57.0,78.0,True,0.0,939.055,True,True,"{'activation_required': True, 'node_state_before': 'COLD', 'node_state': 'ACTIVE', 'activation_started_timestamp': 1788523155.4658194, 'ready_timestamp': 1788523190.5512455, 'worker_start_ms': 1.502, 'model_remote_download_ms': 17584.103, 'model_load_ms': 17493.29, 'cuda_initialization_ms': None, 'endpoint_ready_ms': 35085.449, 'activation_time_ms': 35085.45, 'model_digest': 'baf6a787fdffd633537aa2eb51cfd54cb93ff08e28040095462bb63daf552878', 'transition': {'timestamp': 1788523190.5512486, 'node': 'spark', 'physical_node': 'etri-ser0002-cgnmsb', 'old_state': 'COLD', 'new_state': 'ACTIVE', 'reason': 'rtx5080_cold_trial_1'}}",{},20.33,1788523406.1992834,543.811,22.805,342.133,True,1,llama3.2:1b,1321098329,True,baf6a787fdffd633537aa2eb51cfd54cb93ff08e28040095462bb63daf552878,etri-ser0002-cgnmsb,ACTIVE,206.0,1,27.398,1788523190.5512455,spark,5.62,14,True,spark,12.0,1788523190.5512486,spark,49.05,1788523406.1988523,2
0.0,1788523155.4658194,1,True,True,3,8297,2,b03-o02-spark-c2,10.258,,19.817,542.086,22.977,False,0,False,15840.0,1672.0,10.556,dcgm_shared_with_existing_workload,NVIDIA GeForce RTX 5080,57.0,78.0,True,0.007306814193725586,939.055,True,True,"{'activation_required': True, 'node_state_before': 'COLD', 'node_state': 'ACTIVE', 'activation_started_timestamp': 1788523155.4658194, 'ready_timestamp': 1788523190.5512455, 'worker_start_ms': 1.502, 'model_remote_download_ms': 17584.103, 'model_load_ms': 17493.29, 'cuda_initialization_ms': None, 'endpoint_ready_ms': 35085.449, 'activation_time_ms': 35085.45, 'model_digest': 'baf6a787fdffd633537aa2eb51cfd54cb93ff08e28040095462bb63daf552878', 'transition': {'timestamp': 1788523190.5512486, 'node': 'spark', 'physical_node': 'etri-ser0002-cgnmsb', 'old_state': 'COLD', 'new_state': 'ACTIVE', 'reason': 'rtx5080_cold_trial_1'}}",{},20.254,1788523407.231392,539.411,23.104,342.238,True,1,llama3.2:1b,1321098329,True,baf6a787fdffd633537aa2eb51cfd54cb93ff08e28040095462bb63daf552878,etri-ser0002-cgnmsb,ACTIVE,206.0,1,27.411,1788523190.5512455,spark,4.775,14,True,spark,12.0,1788523190.5512486,spark,62.05,1788523407.2386987,2
0.0,1788523155.4658194,1,True,True,3,8324,16,b03-o03-spark-c16,1.419,,21.552,508.632,19.526,False,0,False,15840.0,1672.0,10.556,dcgm_shared_with_existing_workload,NVIDIA GeForce RTX 5080,57.0,78.0,True,0.008922815322875977,939.055,True,True,"{'activation_required': True, 'node_state_before': 'COLD', 'node_state': 'ACTIVE', 'activation_started_timestamp': 1788523155.4658194, 'ready_timestamp': 1788523190.5512455, 'worker_start_ms': 1.502, 'model_remote_download_ms': 17584.103, 'model_load_ms': 17493.29, 'cuda_initialization_ms': None, 'endpoint_ready_ms': 35085.449, 'activation_time_ms': 35085.45, 'model_digest': 'baf6a787fdffd633537aa2eb51cfd54cb93ff08e28040095462bb63daf552878', 'transition': {'timestamp': 1788523190.5512486, 'node': 'spark', 'physical_node': 'etri-ser0002-cgnmsb', 'old_state': 'COLD', 'new_state': 'ACTIVE', 'reason': 'rtx5080_cold_trial_1'}}",{},25.856,1788523410.8396745,471.254,8.835,341.957,True,1,llama3.2:1b,1321098329,True,baf6a787fdffd633537aa2eb51cfd54cb93ff08e28040095462bb63daf552878,etri-ser0002-cgnmsb,ACTIVE,206.0,10,27.426,1788523190.5512455,spark,5.495,15,True,spark,12.0,1788523190.5512486,spark,57.05,1788523410.8485973,3
0.0,1788523155.4658194,1,True,True,3,8377,16,b03-o03-spark-c16,10.706,,19.341,544.496,216.97,False,0,False,15840.0,1672.0,10.556,dcgm_shared_with_existing_workload,NVIDIA GeForce RTX 5080,57.0,78.0,True,0.01545262336730957,939.055,True,True,"{'activation_required': True, 'node_state_before': 'COLD', 'node_state': 'ACTIVE', 'activation_started_timestamp': 1788523155.4658194, 'ready_timestamp': 1788523190.5512455, 'worker_start_ms': 1.502, 'model_remote_download_ms': 17584.103, 'model_load_ms': 17493.29, 'cuda_initialization_ms': None, 'endpoint_ready_ms': 35085.449, 'activation_time_ms': 35085.45, 'model_digest': 'baf6a787fdffd633537aa2eb51cfd54cb93ff08e28040095462bb63daf552878', 'transition': {'timestamp': 1788523190.5512486, 'node': 'spark', 'physical_node': 'etri-ser0002-cgnmsb', 'old_state': 'COLD', 'new_state': 'ACTIVE', 'reason': 'rtx5080_cold_trial_1'}}",{},20.097,1788523411.8722956,544.514,216.001,342.012,True,1,llama3.2:1b,1321098329,True,baf6a787fdffd633537aa2eb51cfd54cb93ff08e28040095462bb63daf552878,etri-ser0002-cgnmsb,ACTIVE,206.0,15,27.433,1788523190.5512455,spark,4.525,15,True,spark,12.0,1788523190.5512486,spark,64.05,1788523411.8877482,3
0.0,1788523155.4658194,1,True,True,3,8430,16,b03-o03-spark-c16,10.711,,19.628,543.552,300.99,False,0,False,15840.0,1672.0,10.556,dcgm_shared_with_existing_workload,NVIDIA GeForce RTX 5080,57.0,78.0,True,0.0051996707916259766,939.055,True,True,"{'activation_required': True, 'node_state_before': 'COLD', 'node_state': 'ACTIVE', 'activation_started_timestamp': 1788523155.4658194, 'ready_timestamp': 1788523190.5512455, 'worker_start_ms': 1.502, 'model_remote_download_ms': 17584.103, 'model_load_ms': 17493.29, 'cuda_initialization_ms': None, 'endpoint_ready_ms': 35085.449, 'activation_time_ms': 35085.45, 'model_digest': 'baf6a787fdffd633537aa2eb51cfd54cb93ff08e28040095462bb63daf552878', 'transition': {'timestamp': 1788523190.5512486, 'node': 'spark', 'physical_node': 'etri-ser0002-cgnmsb', 'old_state': 'COLD', 'new_state': 'ACTIVE', 'reason': 'rtx5080_cold_trial_1'}}",{},19.65,1788523412.9263153,540.577,298.156,342.105,True,1,llama3.2:1b,1321098329,True,baf6a787fdffd633537aa2eb51cfd54cb93ff08e28040095462bb63daf552878,etri-ser0002-cgnmsb,ACTIVE,206.0,15,27.423,1788523190.5512455,spark,5.97,15,True,spark,12.0,1788523190.5512486,spark,57.05,1788523412.931515,3
0.0,1788523155.4658194,1,True,True,3,8482,16,b03-o03-spark-c16,11.236,,19.636,543.189,297.357,False,0,False,15840.0,1672.0,10.556,dcgm_shared_with_existing_workload,NVIDIA GeForce RTX 5080,57.0,78.0,True,0.01679205894470215,939.055,True,True,"{'activation_required': True, 'node_state_before': 'COLD', 'node_state': 'ACTIVE', 'activation_started_timestamp': 1788523155.4658194, 'ready_timestamp': 1788523190.5512455, 'worker_start_ms': 1.502, 'model_remote_download_ms': 17584.103, 'model_load_ms': 17493.29, 'cuda_initialization_ms': None, 'endpoint_ready_ms': 35085.449, 'activation_time_ms': 35085.45, 'model_digest': 'baf6a787fdffd633537aa2eb51cfd54cb93ff08e28040095462bb63daf552878', 'transition': {'timestamp': 1788523190.5512486, 'node': 'spark', 'physical_node': 'etri-ser0002-cgnmsb', 'old_state': 'COLD', 'new_state': 'ACTIVE', 'reason': 'rtx5080_cold_trial_1'}}",{},20.289,1788523413.9585261,541.345,297.316,342.508,True,1,llama3.2:1b,1321098329,True,baf6a787fdffd633537aa2eb51cfd54cb93ff08e28040095462bb63daf552878,etri-ser0002-cgnmsb,ACTIVE,206.0,15,27.426,1788523190.5512455,spark,4.377,15,True,spark,12.0,1788523190.5512486,spark,64.05,1788523413.9753182,3
0.0,1788523155.4658194,1,True,True,3,8535,16,b03-o03-spark-c16,11.067,,21.102,541.094,305.213,False,0,False,15840.0,1672.0,10.556,dcgm_shared_with_existing_workload,NVIDIA GeForce RTX 5080,57.0,78.0,True,0.0,939.055,True,True,"{'activation_required': True, 'node_state_before': 'COLD', 'node_state': 'ACTIVE', 'activation_started_timestamp': 1788523155.4658194, 'ready_timestamp': 1788523190.5512455, 'worker_start_ms': 1.502, 'model_remote_download_ms': 17584.103, 'model_load_ms': 17493.29, 'cuda_initialization_ms': None, 'endpoint_ready_ms': 35085.449, 'activation_time_ms': 35085.45, 'model_digest': 'baf6a787fdffd633537aa2eb51cfd54cb93ff08e28040095462bb63daf552878', 'transition': {'timestamp': 1788523190.5512486, 'node': 'spark', 'physical_node': 'etri-ser0002-cgnmsb', 'old_state': 'COLD', 'new_state': 'ACTIVE', 'reason': 'rtx5080_cold_trial_1'}}",{},21.845,1788523415.0240307,539.629,309.361,342.52,True,1,llama3.2:1b,1321098329,True,baf6a787fdffd633537aa2eb51cfd54cb93ff08e28040095462bb63daf552878,etri-ser0002-cgnmsb,ACTIVE,206.0,15,27.424,1788523190.5512455,spark,17.13,15,True,spark,12.0,1788523190.5512486,spark,58.0,1788523415.0213218,3
0.0,1788523155.4658194,1,True,True,3,8587,16,b03-o03-spark-c16,10.301,,19.702,543.138,299.072,False,0,False,15840.0,1672.0,10.556,dcgm_shared_with_existing_workload,NVIDIA GeForce RTX 5080,57.0,78.0,True,0.011228561401367188,939.055,True,True,"{'activation_required': True, 'node_state_before': 'COLD', 'node_state': 'ACTIVE', 'activation_started_timestamp': 1788523155.4658194, 'ready_timestamp': 1788523190.5512455, 'worker_start_ms': 1.502, 'model_remote_download_ms': 17584.103, 'model_load_ms': 17493.29, 'cuda_initialization_ms': None, 'endpoint_ready_ms': 35085.449, 'activation_time_ms': 35085.45, 'model_digest': 'baf6a787fdffd633537aa2eb51cfd54cb93ff08e28040095462bb63daf552878', 'transition': {'timestamp': 1788523190.5512486, 'node': 'spark', 'physical_node': 'etri-ser0002-cgnmsb', 'old_state': 'COLD', 'new_state': 'ACTIVE', 'reason': 'rtx5080_cold_trial_1'}}",{},19.521,1788523416.0641453,543.811,298.88,342.148,True,1,llama3.2:1b,1321098329,True,baf6a787fdffd633537aa2eb51cfd54cb93ff08e28040095462bb63daf552878,etri-ser0002-cgnmsb,ACTIVE,206.0,15,27.426,1788523190.5512455,spark,5.449,15,True,spark,12.0,1788523190.5512486,spark,63.05,1788523416.075374,3
0.0,1788523155.4658194,1,True,True,3,8640,16,b03-o03-spark-c16,11.076,,19.73,545.507,300.055,False,0,False,15840.0,1672.0,10.556,dcgm_shared_with_existing_workload,NVIDIA GeForce RTX 5080,57.0,78.0,True,0.003674030303955078,939.055,True,True,"{'activation_required': True, 'node_state_before': 'COLD', 'node_state': 'ACTIVE', 'activation_started_timestamp': 1788523155.4658194, 'ready_timestamp': 1788523190.5512455, 'worker_start_ms': 1.502, 'model_remote_download_ms': 17584.103, 'model_load_ms': 17493.29, 'cuda_initialization_ms': None, 'endpoint_ready_ms': 35085.449, 'activation_time_ms': 35085.45, 'model_digest': 'baf6a787fdffd633537aa2eb51cfd54cb93ff08e28040095462bb63daf552878', 'transition': {'timestamp': 1788523190.5512486, 'node': 'spark', 'physical_node': 'etri-ser0002-cgnmsb', 'old_state': 'COLD', 'new_state': 'ACTIVE', 'reason': 'rtx5080_cold_trial_1'}}",{},19.724,1788523417.116128,546.001,300.317,342.055,True,1,llama3.2:1b,1321098329,True,baf6a787fdffd633537aa2eb51cfd54cb93ff08e28040095462bb63daf552878,etri-ser0002-cgnmsb,ACTIVE,206.0,15,27.434,1788523190.5512455,spark,4.988,15,True,spark,12.0,1788523190.5512486,spark,58.05,1788523417.119802,3
0.0,1788523155.4658194,1,True,True,3,8692,16,b03-o03-spark-c16,10.706,,19.736,542.463,297.121,False,0,False,15840.0,1672.0,10.556,dcgm_shared_with_existing_workload,NVIDIA GeForce RTX 5080,57.0,78.0,True,0.016420602798461914,939.055,True,True,"{'activation_required': True, 'node_state_before': 'COLD', 'node_state': 'ACTIVE', 'activation_started_timestamp': 1788523155.4658194, 'ready_timestamp': 1788523190.5512455, 'worker_start_ms': 1.502, 'model_remote_download_ms': 17584.103, 'model_load_ms': 17493.29, 'cuda_initialization_ms': None, 'endpoint_ready_ms': 35085.449, 'activation_time_ms': 35085.45, 'model_digest': 'baf6a787fdffd633537aa2eb51cfd54cb93ff08e28040095462bb63daf552878', 'transition': {'timestamp': 1788523190.5512486, 'node': 'spark', 'physical_node': 'etri-ser0002-cgnmsb', 'old_state': 'COLD', 'new_state': 'ACTIVE', 'reason': 'rtx5080_cold_trial_1'}}",{},20.053,1788523418.1456916,547.608,296.953,342.309,True,1,llama3.2:1b,1321098329,True,baf6a787fdffd633537aa2eb51cfd54cb93ff08e28040095462bb63daf552878,etri-ser0002-cgnmsb,ACTIVE,206.0,15,27.427,1788523190.5512455,spark,5.206,15,True,spark,12.0,1788523190.5512486,spark,62.05,1788523418.1621122,3
0.0,1788523155.4658194,1,True,True,3,8742,16,b03-o03-spark-c16,10.727,,20.825,516.437,317.933,False,0,False,15840.0,1672.0,10.556,dcgm_shared_with_existing_workload,NVIDIA GeForce RTX 5080,57.0,78.0,True,0.012028217315673828,939.055,True,True,"{'activation_required': True, 'node_state_before': 'COLD', 'node_state': 'ACTIVE', 'activation_started_timestamp': 1788523155.4658194, 'ready_timestamp': 1788523190.5512455, 'worker_start_ms': 1.502, 'model_remote_download_ms': 17584.103, 'model_load_ms': 17493.29, 'cuda_initialization_ms': None, 'endpoint_ready_ms': 35085.449, 'activation_time_ms': 35085.45, 'model_digest': 'baf6a787fdffd633537aa2eb51cfd54cb93ff08e28040095462bb63daf552878', 'transition': {'timestamp': 1788523190.5512486, 'node': 'spark', 'physical_node': 'etri-ser0002-cgnmsb', 'old_state': 'COLD', 'new_state': 'ACTIVE', 'reason': 'rtx5080_cold_trial_1'}}",{},20.905,1788523419.1921868,521.275,317.733,342.191,True,1,llama3.2:1b,1321098329,True,baf6a787fdffd633537aa2eb51cfd54cb93ff08e28040095462bb63daf552878,etri-ser0002-cgnmsb,ACTIVE,206.0,15,27.423,1788523190.5512455,spark,5.173,15,True,spark,12.0,1788523190.5512486,spark,64.0,1788523419.204215,3
0.0,1788523155.4658194,1,True,True,3,8793,16,b03-o03-spark-c16,10.469,,19.805,540.477,300.919,False,0,False,15840.0,1672.0,10.556,dcgm_shared_with_existing_workload,NVIDIA GeForce RTX 5080,57.0,78.0,True,0.010869503021240234,939.055,True,True,"{'activation_required': True, 'node_state_before': 'COLD', 'node_state': 'ACTIVE', 'activation_started_timestamp': 1788523155.4658194, 'ready_timestamp': 1788523190.5512455, 'worker_start_ms': 1.502, 'model_remote_download_ms': 17584.103, 'model_load_ms': 17493.29, 'cuda_initialization_ms': None, 'endpoint_ready_ms': 35085.449, 'activation_time_ms': 35085.45, 'model_digest': 'baf6a787fdffd633537aa2eb51cfd54cb93ff08e28040095462bb63daf552878', 'transition': {'timestamp': 1788523190.5512486, 'node': 'spark', 'physical_node': 'etri-ser0002-cgnmsb', 'old_state': 'COLD', 'new_state': 'ACTIVE', 'reason': 'rtx5080_cold_trial_1'}}",{},20.381,1788523420.2364287,541.345,301.745,342.379,True,1,llama3.2:1b,1321098329,True,baf6a787fdffd633537aa2eb51cfd54cb93ff08e28040095462bb63daf552878,etri-ser0002-cgnmsb,ACTIVE,206.0,15,27.421,1788523190.5512455,spark,5.121,15,True,spark,12.0,1788523190.5512486,spark,66.05,1788523420.2472982,3
0.0,1788523155.4658194,1,True,True,3,8846,16,b03-o03-spark-c16,12.901,,19.303,541.223,298.242,False,0,False,15840.0,1672.0,10.556,dcgm_shared_with_existing_workload,NVIDIA GeForce RTX 5080,57.0,78.0,True,0.00593113899230957,939.055,True,True,"{'activation_required': True, 'node_state_before': 'COLD', 'node_state': 'ACTIVE', 'activation_started_timestamp': 1788523155.4658194, 'ready_timestamp': 1788523190.5512455, 'worker_start_ms': 1.502, 'model_remote_download_ms': 17584.103, 'model_load_ms': 17493.29, 'cuda_initialization_ms': None, 'endpoint_ready_ms': 35085.449, 'activation_time_ms': 35085.45, 'model_digest': 'baf6a787fdffd633537aa2eb51cfd54cb93ff08e28040095462bb63daf552878', 'transition': {'timestamp': 1788523190.5512486, 'node': 'spark', 'physical_node': 'etri-ser0002-cgnmsb', 'old_state': 'COLD', 'new_state': 'ACTIVE', 'reason': 'rtx5080_cold_trial_1'}}",{},18.709,1788523421.2850113,543.404,298.962,342.469,True,1,llama3.2:1b,1321098329,True,baf6a787fdffd633537aa2eb51cfd54cb93ff08e28040095462bb63daf552878,etri-ser0002-cgnmsb,ACTIVE,206.0,15,27.442,1788523190.5512455,spark,6.2,15,True,spark,12.0,1788523190.5512486,spark,71.05,1788523421.2909424,3
0.0,1788523155.4658194,1,True,True,3,8898,16,b03-o03-spark-c16,10.619,,19.538,532.042,295.457,False,0,False,15840.0,1672.0,10.556,dcgm_shared_with_existing_workload,NVIDIA GeForce RTX 5080,57.0,78.0,True,0.0162045955657959,939.055,True,True,"{'activation_required': True, 'node_state_before': 'COLD', 'node_state': 'ACTIVE', 'activation_started_timestamp': 1788523155.4658194, 'ready_timestamp': 1788523190.5512455, 'worker_start_ms': 1.502, 'model_remote_download_ms': 17584.103, 'model_load_ms': 17493.29, 'cuda_initialization_ms': None, 'endpoint_ready_ms': 35085.449, 'activation_time_ms': 35085.45, 'model_digest': 'baf6a787fdffd633537aa2eb51cfd54cb93ff08e28040095462bb63daf552878', 'transition': {'timestamp': 1788523190.5512486, 'node': 'spark', 'physical_node': 'etri-ser0002-cgnmsb', 'old_state': 'COLD', 'new_state': 'ACTIVE', 'reason': 'rtx5080_cold_trial_1'}}",{},19.857,1788523422.317107,498.691,294.987,342.293,True,1,llama3.2:1b,1321098329,True,baf6a787fdffd633537aa2eb51cfd54cb93ff08e28040095462bb63daf552878,etri-ser0002-cgnmsb,ACTIVE,206.0,15,27.429,1788523190.5512455,spark,5.344,15,True,spark,12.0,1788523190.5512486,spark,66.05,1788523422.3333116,3
0.0,1788523155.4658194,1,True,True,3,8939,8,b03-o04-spark-c8,1.636,,21.74,500.544,239.745,False,0,False,15840.0,1672.0,10.556,dcgm_shared_with_existing_workload,NVIDIA GeForce RTX 5080,57.0,78.0,True,0.009257316589355469,939.055,True,True,"{'activation_required': True, 'node_state_before': 'COLD', 'node_state': 'ACTIVE', 'activation_started_timestamp': 1788523155.4658194, 'ready_timestamp': 1788523190.5512455, 'worker_start_ms': 1.502, 'model_remote_download_ms': 17584.103, 'model_load_ms': 17493.29, 'cuda_initialization_ms': None, 'endpoint_ready_ms': 35085.449, 'activation_time_ms': 35085.45, 'model_digest': 'baf6a787fdffd633537aa2eb51cfd54cb93ff08e28040095462bb63daf552878', 'transition': {'timestamp': 1788523190.5512486, 'node': 'spark', 'physical_node': 'etri-ser0002-cgnmsb', 'old_state': 'COLD', 'new_state': 'ACTIVE', 'reason': 'rtx5080_cold_trial_1'}}",{},23.669,1788523426.243407,495.08,7.124,342.223,True,1,llama3.2:1b,1321098329,True,baf6a787fdffd633537aa2eb51cfd54cb93ff08e28040095462bb63daf552878,etri-ser0002-cgnmsb,ACTIVE,206.0,7,27.434,1788523190.5512455,spark,4.639,16,True,spark,12.0,1788523190.5512486,spark,51.05,1788523426.2526643,4
0.0,1788523155.4658194,1,True,True,3,8991,8,b03-o04-spark-c8,11.697,,20.651,511.988,144.834,False,0,False,15840.0,1672.0,10.556,dcgm_shared_with_existing_workload,NVIDIA GeForce RTX 5080,57.0,78.0,True,0.006723880767822266,939.055,True,True,"{'activation_required': True, 'node_state_before': 'COLD', 'node_state': 'ACTIVE', 'activation_started_timestamp': 1788523155.4658194, 'ready_timestamp': 1788523190.5512455, 'worker_start_ms': 1.502, 'model_remote_download_ms': 17584.103, 'model_load_ms': 17493.29, 'cuda_initialization_ms': None, 'endpoint_ready_ms': 35085.449, 'activation_time_ms': 35085.45, 'model_digest': 'baf6a787fdffd633537aa2eb51cfd54cb93ff08e28040095462bb63daf552878', 'transition': {'timestamp': 1788523190.5512486, 'node': 'spark', 'physical_node': 'etri-ser0002-cgnmsb', 'old_state': 'COLD', 'new_state': 'ACTIVE', 'reason': 'rtx5080_cold_trial_1'}}",{},21.386,1788523427.2883334,497.08,146.266,342.305,True,1,llama3.2:1b,1321098329,True,baf6a787fdffd633537aa2eb51cfd54cb93ff08e28040095462bb63daf552878,etri-ser0002-cgnmsb,ACTIVE,206.0,7,27.418,1788523190.5512455,spark,5.777,16,True,spark,12.0,1788523190.5512486,spark,59.05,1788523427.2950573,4
0.0,1788523155.4658194,1,True,True,3,9041,8,b03-o04-spark-c8,10.282,,19.754,540.326,142.019,False,0,False,15840.0,1672.0,10.556,dcgm_shared_with_existing_workload,NVIDIA GeForce RTX 5080,57.0,78.0,True,0.013030052185058594,939.055,True,True,"{'activation_required': True, 'node_state_before': 'COLD', 'node_state': 'ACTIVE', 'activation_started_timestamp': 1788523155.4658194, 'ready_timestamp': 1788523190.5512455, 'worker_start_ms': 1.502, 'model_remote_download_ms': 17584.103, 'model_load_ms': 17493.29, 'cuda_initialization_ms': None, 'endpoint_ready_ms': 35085.449, 'activation_time_ms': 35085.45, 'model_digest': 'baf6a787fdffd633537aa2eb51cfd54cb93ff08e28040095462bb63daf552878', 'transition': {'timestamp': 1788523190.5512486, 'node': 'spark', 'physical_node': 'etri-ser0002-cgnmsb', 'old_state': 'COLD', 'new_state': 'ACTIVE', 'reason': 'rtx5080_cold_trial_1'}}",{},19.404,1788523428.3213282,541.932,141.466,342.098,True,1,llama3.2:1b,1321098329,True,baf6a787fdffd633537aa2eb51cfd54cb93ff08e28040095462bb63daf552878,etri-ser0002-cgnmsb,ACTIVE,206.0,7,27.426,1788523190.5512455,spark,5.067,16,True,spark,12.0,1788523190.5512486,spark,68.05,1788523428.3343582,4
0.0,1788523155.4658194,1,True,True,3,9095,8,b03-o04-spark-c8,10.106,,19.34,543.185,140.972,False,0,False,15840.0,1672.0,10.556,dcgm_shared_with_existing_workload,NVIDIA GeForce RTX 5080,57.0,78.0,True,0.002130270004272461,939.055,True,True,"{'activation_required': True, 'node_state_before': 'COLD', 'node_state': 'ACTIVE', 'activation_started_timestamp': 1788523155.4658194, 'ready_timestamp': 1788523190.5512455, 'worker_start_ms': 1.502, 'model_remote_download_ms': 17584.103, 'model_load_ms': 17493.29, 'cuda_initialization_ms': None, 'endpoint_ready_ms': 35085.449, 'activation_time_ms': 35085.45, 'model_digest': 'baf6a787fdffd633537aa2eb51cfd54cb93ff08e28040095462bb63daf552878', 'transition': {'timestamp': 1788523190.5512486, 'node': 'spark', 'physical_node': 'etri-ser0002-cgnmsb', 'old_state': 'COLD', 'new_state': 'ACTIVE', 'reason': 'rtx5080_cold_trial_1'}}",{},18.968,1788523429.3772616,543.183,140.46,342.215,True,1,llama3.2:1b,1321098329,True,baf6a787fdffd633537aa2eb51cfd54cb93ff08e28040095462bb63daf552878,etri-ser0002-cgnmsb,ACTIVE,206.0,7,27.421,1788523190.5512455,spark,4.25,16,True,spark,12.0,1788523190.5512486,spark,57.0,1788523429.379392,4
0.0,1788523155.4658194,1,True,True,3,9146,8,b03-o04-spark-c8,10.246,,20.005,543.613,142.419,False,0,False,15840.0,1672.0,10.556,dcgm_shared_with_existing_workload,NVIDIA GeForce RTX 5080,57.0,78.0,True,0.012401103973388672,939.055,True,True,"{'activation_required': True, 'node_state_before': 'COLD', 'node_state': 'ACTIVE', 'activation_started_timestamp': 1788523155.4658194, 'ready_timestamp': 1788523190.5512455, 'worker_start_ms': 1.502, 'model_remote_download_ms': 17584.103, 'model_load_ms': 17493.29, 'cuda_initialization_ms': None, 'endpoint_ready_ms': 35085.449, 'activation_time_ms': 35085.45, 'model_digest': 'baf6a787fdffd633537aa2eb51cfd54cb93ff08e28040095462bb63daf552878', 'transition': {'timestamp': 1788523190.5512486, 'node': 'spark', 'physical_node': 'etri-ser0002-cgnmsb', 'old_state': 'COLD', 'new_state': 'ACTIVE', 'reason': 'rtx5080_cold_trial_1'}}",{},20.41,1788523430.4029877,543.663,144.074,342.305,True,1,llama3.2:1b,1321098329,True,baf6a787fdffd633537aa2eb51cfd54cb93ff08e28040095462bb63daf552878,etri-ser0002-cgnmsb,ACTIVE,206.0,7,27.421,1788523190.5512455,spark,5.783,16,True,spark,12.0,1788523190.5512486,spark,62.05,1788523430.4153888,4
0.0,1788523155.4658194,1,True,True,3,9198,8,b03-o04-spark-c8,10.78,,19.775,542.582,142.231,False,0,False,15840.0,1672.0,10.556,dcgm_shared_with_existing_workload,NVIDIA GeForce RTX 5080,57.0,78.0,True,0.01625800132751465,939.055,True,True,"{'activation_required': True, 'node_state_before': 'COLD', 'node_state': 'ACTIVE', 'activation_started_timestamp': 1788523155.4658194, 'ready_timestamp': 1788523190.5512455, 'worker_start_ms': 1.502, 'model_remote_download_ms': 17584.103, 'model_load_ms': 17493.29, 'cuda_initialization_ms': None, 'endpoint_ready_ms': 35085.449, 'activation_time_ms': 35085.45, 'model_digest': 'baf6a787fdffd633537aa2eb51cfd54cb93ff08e28040095462bb63daf552878', 'transition': {'timestamp': 1788523190.5512486, 'node': 'spark', 'physical_node': 'etri-ser0002-cgnmsb', 'old_state': 'COLD', 'new_state': 'ACTIVE', 'reason': 'rtx5080_cold_trial_1'}}",{},20.15,1788523431.439354,546.038,142.003,342.012,True,1,llama3.2:1b,1321098329,True,baf6a787fdffd633537aa2eb51cfd54cb93ff08e28040095462bb63daf552878,etri-ser0002-cgnmsb,ACTIVE,206.0,7,27.425,1788523190.5512455,spark,4.883,16,True,spark,12.0,1788523190.5512486,spark,64.05,1788523431.455612,4
0.0,1788523155.4658194,1,True,True,3,9248,8,b03-o04-spark-c8,11.609,,20.8,511.505,151.656,False,0,False,15840.0,1672.0,10.556,dcgm_shared_with_existing_workload,NVIDIA GeForce RTX 5080,57.0,78.0,True,0.0061800479888916016,939.055,True,True,"{'activation_required': True, 'node_state_before': 'COLD', 'node_state': 'ACTIVE', 'activation_started_timestamp': 1788523155.4658194, 'ready_timestamp': 1788523190.5512455, 'worker_start_ms': 1.502, 'model_remote_download_ms': 17584.103, 'model_load_ms': 17493.29, 'cuda_initialization_ms': None, 'endpoint_ready_ms': 35085.449, 'activation_time_ms': 35085.45, 'model_digest': 'baf6a787fdffd633537aa2eb51cfd54cb93ff08e28040095462bb63daf552878', 'transition': {'timestamp': 1788523190.5512486, 'node': 'spark', 'physical_node': 'etri-ser0002-cgnmsb', 'old_state': 'COLD', 'new_state': 'ACTIVE', 'reason': 'rtx5080_cold_trial_1'}}",{},21.049,1788523432.4955108,518.269,150.86,342.281,True,1,llama3.2:1b,1321098329,True,baf6a787fdffd633537aa2eb51cfd54cb93ff08e28040095462bb63daf552878,etri-ser0002-cgnmsb,ACTIVE,206.0,7,27.402,1788523190.5512455,spark,4.652,16,True,spark,12.0,1788523190.5512486,spark,52.05,1788523432.5016909,4
0.0,1788523155.4658194,1,True,True,3,9300,8,b03-o04-spark-c8,11.147,,19.628,544.983,141.633,False,0,False,15840.0,1672.0,10.556,dcgm_shared_with_existing_workload,NVIDIA GeForce RTX 5080,57.0,78.0,True,0.0163118839263916,939.055,True,True,"{'activation_required': True, 'node_state_before': 'COLD', 'node_state': 'ACTIVE', 'activation_started_timestamp': 1788523155.4658194, 'ready_timestamp': 1788523190.5512455, 'worker_start_ms': 1.502, 'model_remote_download_ms': 17584.103, 'model_load_ms': 17493.29, 'cuda_initialization_ms': None, 'endpoint_ready_ms': 35085.449, 'activation_time_ms': 35085.45, 'model_digest': 'baf6a787fdffd633537aa2eb51cfd54cb93ff08e28040095462bb63daf552878', 'transition': {'timestamp': 1788523190.5512486, 'node': 'spark', 'physical_node': 'etri-ser0002-cgnmsb', 'old_state': 'COLD', 'new_state': 'ACTIVE', 'reason': 'rtx5080_cold_trial_1'}}",{},19.282,1788523433.525052,547.72,141.568,342.293,True,1,llama3.2:1b,1321098329,True,baf6a787fdffd633537aa2eb51cfd54cb93ff08e28040095462bb63daf552878,etri-ser0002-cgnmsb,ACTIVE,206.0,7,27.402,1788523190.5512455,spark,5.16,16,True,spark,12.0,1788523190.5512486,spark,66.05,1788523433.541364,4
0.0,1788523155.4658194,1,True,True,3,9353,8,b03-o04-spark-c8,10.347,,19.882,542.792,142.28,False,0,False,15840.0,1672.0,10.556,dcgm_shared_with_existing_workload,NVIDIA GeForce RTX 5080,57.0,78.0,True,0.002103090286254883,939.055,True,True,"{'activation_required': True, 'node_state_before': 'COLD', 'node_state': 'ACTIVE', 'activation_started_timestamp': 1788523155.4658194, 'ready_timestamp': 1788523190.5512455, 'worker_start_ms': 1.502, 'model_remote_download_ms': 17584.103, 'model_load_ms': 17493.29, 'cuda_initialization_ms': None, 'endpoint_ready_ms': 35085.449, 'activation_time_ms': 35085.45, 'model_digest': 'baf6a787fdffd633537aa2eb51cfd54cb93ff08e28040095462bb63daf552878', 'transition': {'timestamp': 1788523190.5512486, 'node': 'spark', 'physical_node': 'etri-ser0002-cgnmsb', 'old_state': 'COLD', 'new_state': 'ACTIVE', 'reason': 'rtx5080_cold_trial_1'}}",{},19.586,1788523434.57706,541.089,142.459,342.219,True,1,llama3.2:1b,1321098329,True,baf6a787fdffd633537aa2eb51cfd54cb93ff08e28040095462bb63daf552878,etri-ser0002-cgnmsb,ACTIVE,206.0,7,27.399,1788523190.5512455,spark,5.239,16,True,spark,12.0,1788523190.5512486,spark,59.05,1788523434.579163,4
0.0,1788523155.4658194,1,True,True,3,9402,8,b03-o04-spark-c8,10.189,,21.312,507.675,152.31,False,0,False,15840.0,1672.0,10.556,dcgm_shared_with_existing_workload,NVIDIA GeForce RTX 5080,57.0,73.0,True,0.006953239440917969,939.055,True,True,"{'activation_required': True, 'node_state_before': 'COLD', 'node_state': 'ACTIVE', 'activation_started_timestamp': 1788523155.4658194, 'ready_timestamp': 1788523190.5512455, 'worker_start_ms': 1.502, 'model_remote_download_ms': 17584.103, 'model_load_ms': 17493.29, 'cuda_initialization_ms': None, 'endpoint_ready_ms': 35085.449, 'activation_time_ms': 35085.45, 'model_digest': 'baf6a787fdffd633537aa2eb51cfd54cb93ff08e28040095462bb63daf552878', 'transition': {'timestamp': 1788523190.5512486, 'node': 'spark', 'physical_node': 'etri-ser0002-cgnmsb', 'old_state': 'COLD', 'new_state': 'ACTIVE', 'reason': 'rtx5080_cold_trial_1'}}",{},22.387,1788523435.6103523,489.806,151.895,342.191,True,1,llama3.2:1b,1321098329,True,baf6a787fdffd633537aa2eb51cfd54cb93ff08e28040095462bb63daf552878,etri-ser0002-cgnmsb,ACTIVE,206.0,7,27.395,1788523190.5512455,spark,5.445,16,True,spark,12.0,1788523190.5512486,spark,57.05,1788523435.6173055,4
0.0,1788523155.4658194,1,True,True,3,9451,8,b03-o04-spark-c8,10.508,,20.72,511.141,150.956,False,0,False,15840.0,1672.0,10.556,dcgm_shared_with_existing_workload,NVIDIA GeForce RTX 5080,57.0,73.0,True,0.009170055389404297,939.055,True,True,"{'activation_required': True, 'node_state_before': 'COLD', 'node_state': 'ACTIVE', 'activation_started_timestamp': 1788523155.4658194, 'ready_timestamp': 1788523190.5512455, 'worker_start_ms': 1.502, 'model_remote_download_ms': 17584.103, 'model_load_ms': 17493.29, 'cuda_initialization_ms': None, 'endpoint_ready_ms': 35085.449, 'activation_time_ms': 35085.45, 'model_digest': 'baf6a787fdffd633537aa2eb51cfd54cb93ff08e28040095462bb63daf552878', 'transition': {'timestamp': 1788523190.5512486, 'node': 'spark', 'physical_node': 'etri-ser0002-cgnmsb', 'old_state': 'COLD', 'new_state': 'ACTIVE', 'reason': 'rtx5080_cold_trial_1'}}",{},20.636,1788523436.64677,509.262,150.243,342.262,True,1,llama3.2:1b,1321098329,True,baf6a787fdffd633537aa2eb51cfd54cb93ff08e28040095462bb63daf552878,etri-ser0002-cgnmsb,ACTIVE,206.0,7,27.407,1788523190.5512455,spark,4.78,16,True,spark,12.0,1788523190.5512486,spark,64.05,1788523436.65594,4
0.0,1788523155.4658194,1,True,True,3,9501,8,b03-o04-spark-c8,10.229,,19.929,540.237,143.803,False,0,False,15840.0,1672.0,10.556,dcgm_shared_with_existing_workload,NVIDIA GeForce RTX 5080,57.0,73.0,True,0.0015151500701904297,939.055,True,True,"{'activation_required': True, 'node_state_before': 'COLD', 'node_state': 'ACTIVE', 'activation_started_timestamp': 1788523155.4658194, 'ready_timestamp': 1788523190.5512455, 'worker_start_ms': 1.502, 'model_remote_download_ms': 17584.103, 'model_load_ms': 17493.29, 'cuda_initialization_ms': None, 'endpoint_ready_ms': 35085.449, 'activation_time_ms': 35085.45, 'model_digest': 'baf6a787fdffd633537aa2eb51cfd54cb93ff08e28040095462bb63daf552878', 'transition': {'timestamp': 1788523190.5512486, 'node': 'spark', 'physical_node': 'etri-ser0002-cgnmsb', 'old_state': 'COLD', 'new_state': 'ACTIVE', 'reason': 'rtx5080_cold_trial_1'}}",{},19.694,1788523437.697785,541.895,143.893,342.34,True,1,llama3.2:1b,1321098329,True,baf6a787fdffd633537aa2eb51cfd54cb93ff08e28040095462bb63daf552878,etri-ser0002-cgnmsb,ACTIVE,206.0,7,27.423,1788523190.5512455,spark,5.216,16,True,spark,12.0,1788523190.5512486,spark,50.05,1788523437.6993,4
0.0,1788523155.4658194,1,True,True,3,9537,4,b03-o05-spark-c4,1.507,,19.913,541.965,85.781,False,0,False,15840.0,1672.0,10.556,dcgm_shared_with_existing_workload,NVIDIA GeForce RTX 5080,57.0,73.0,True,0.0,939.055,True,True,"{'activation_required': True, 'node_state_before': 'COLD', 'node_state': 'ACTIVE', 'activation_started_timestamp': 1788523155.4658194, 'ready_timestamp': 1788523190.5512455, 'worker_start_ms': 1.502, 'model_remote_download_ms': 17584.103, 'model_load_ms': 17493.29, 'cuda_initialization_ms': None, 'endpoint_ready_ms': 35085.449, 'activation_time_ms': 35085.45, 'model_digest': 'baf6a787fdffd633537aa2eb51cfd54cb93ff08e28040095462bb63daf552878', 'transition': {'timestamp': 1788523190.5512486, 'node': 'spark', 'physical_node': 'etri-ser0002-cgnmsb', 'old_state': 'COLD', 'new_state': 'ACTIVE', 'reason': 'rtx5080_cold_trial_1'}}",{},19.96,1788523441.4829109,539.993,24.771,342.094,True,1,llama3.2:1b,1321098329,True,baf6a787fdffd633537aa2eb51cfd54cb93ff08e28040095462bb63daf552878,etri-ser0002-cgnmsb,ACTIVE,206.0,2,27.422,1788523190.5512455,spark,10.211,17,True,spark,12.0,1788523190.5512486,spark,49.05,1788523441.4813585,5
0.0,1788523155.4658194,1,True,True,3,9589,4,b03-o05-spark-c4,10.537,,20.428,505.52,64.732,False,0,False,15840.0,1672.0,10.556,dcgm_shared_with_existing_workload,NVIDIA GeForce RTX 5080,57.0,73.0,True,0.0,939.055,True,True,"{'activation_required': True, 'node_state_before': 'COLD', 'node_state': 'ACTIVE', 'activation_started_timestamp': 1788523155.4658194, 'ready_timestamp': 1788523190.5512455, 'worker_start_ms': 1.502, 'model_remote_download_ms': 17584.103, 'model_load_ms': 17493.29, 'cuda_initialization_ms': None, 'endpoint_ready_ms': 35085.449, 'activation_time_ms': 35085.45, 'model_digest': 'baf6a787fdffd633537aa2eb51cfd54cb93ff08e28040095462bb63daf552878', 'transition': {'timestamp': 1788523190.5512486, 'node': 'spark', 'physical_node': 'etri-ser0002-cgnmsb', 'old_state': 'COLD', 'new_state': 'ACTIVE', 'reason': 'rtx5080_cold_trial_1'}}",{},19.727,1788523442.5337229,511.345,63.87,342.398,True,1,llama3.2:1b,1321098329,True,baf6a787fdffd633537aa2eb51cfd54cb93ff08e28040095462bb63daf552878,etri-ser0002-cgnmsb,ACTIVE,206.0,2,27.42,1788523190.5512455,spark,8.117,17,True,spark,12.0,1788523190.5512486,spark,55.05,1788523442.532894,5
0.0,1788523155.4658194,1,True,True,3,9639,4,b03-o05-spark-c4,10.744,,21.333,499.168,66.685,False,0,False,15840.0,1672.0,10.556,dcgm_shared_with_existing_workload,NVIDIA GeForce RTX 5080,57.0,73.0,True,0.010428190231323242,939.055,True,True,"{'activation_required': True, 'node_state_before': 'COLD', 'node_state': 'ACTIVE', 'activation_started_timestamp': 1788523155.4658194, 'ready_timestamp': 1788523190.5512455, 'worker_start_ms': 1.502, 'model_remote_download_ms': 17584.103, 'model_load_ms': 17493.29, 'cuda_initialization_ms': None, 'endpoint_ready_ms': 35085.449, 'activation_time_ms': 35085.45, 'model_digest': 'baf6a787fdffd633537aa2eb51cfd54cb93ff08e28040095462bb63daf552878', 'transition': {'timestamp': 1788523190.5512486, 'node': 'spark', 'physical_node': 'etri-ser0002-cgnmsb', 'old_state': 'COLD', 'new_state': 'ACTIVE', 'reason': 'rtx5080_cold_trial_1'}}",{},21.231,1788523443.5729883,508.712,67.797,342.324,True,1,llama3.2:1b,1321098329,True,baf6a787fdffd633537aa2eb51cfd54cb93ff08e28040095462bb63daf552878,etri-ser0002-cgnmsb,ACTIVE,206.0,3,27.425,1788523190.5512455,spark,6.558,17,True,spark,12.0,1788523190.5512486,spark,61.05,1788523443.5834165,5
0.0,1788523155.4658194,1,True,True,3,9691,4,b03-o05-spark-c4,11.656,,19.977,537.252,61.86,False,0,False,15840.0,1672.0,10.556,dcgm_shared_with_existing_workload,NVIDIA GeForce RTX 5080,57.0,73.0,True,0.012200117111206055,939.055,True,True,"{'activation_required': True, 'node_state_before': 'COLD', 'node_state': 'ACTIVE', 'activation_started_timestamp': 1788523155.4658194, 'ready_timestamp': 1788523190.5512455, 'worker_start_ms': 1.502, 'model_remote_download_ms': 17584.103, 'model_load_ms': 17493.29, 'cuda_initialization_ms': None, 'endpoint_ready_ms': 35085.449, 'activation_time_ms': 35085.45, 'model_digest': 'baf6a787fdffd633537aa2eb51cfd54cb93ff08e28040095462bb63daf552878', 'transition': {'timestamp': 1788523190.5512486, 'node': 'spark', 'physical_node': 'etri-ser0002-cgnmsb', 'old_state': 'COLD', 'new_state': 'ACTIVE', 'reason': 'rtx5080_cold_trial_1'}}",{},21.104,1788523444.6207368,539.047,61.971,342.023,True,1,llama3.2:1b,1321098329,True,baf6a787fdffd633537aa2eb51cfd54cb93ff08e28040095462bb63daf552878,etri-ser0002-cgnmsb,ACTIVE,206.0,3,27.456,1788523190.5512455,spark,5.135,17,True,spark,12.0,1788523190.5512486,spark,64.0,1788523444.632937,5
0.0,1788523155.4658194,1,True,True,3,9742,4,b03-o05-spark-c4,11.076,,21.234,502.075,67.61,False,0,False,15840.0,1672.0,10.556,dcgm_shared_with_existing_workload,NVIDIA GeForce RTX 5080,57.0,73.0,True,0.0007152557373046875,939.055,True,True,"{'activation_required': True, 'node_state_before': 'COLD', 'node_state': 'ACTIVE', 'activation_started_timestamp': 1788523155.4658194, 'ready_timestamp': 1788523190.5512455, 'worker_start_ms': 1.502, 'model_remote_download_ms': 17584.103, 'model_load_ms': 17493.29, 'cuda_initialization_ms': None, 'endpoint_ready_ms': 35085.449, 'activation_time_ms': 35085.45, 'model_digest': 'baf6a787fdffd633537aa2eb51cfd54cb93ff08e28040095462bb63daf552878', 'transition': {'timestamp': 1788523190.5512486, 'node': 'spark', 'physical_node': 'etri-ser0002-cgnmsb', 'old_state': 'COLD', 'new_state': 'ACTIVE', 'reason': 'rtx5080_cold_trial_1'}}",{},20.739,1788523445.675337,508.938,66.972,342.258,True,1,llama3.2:1b,1321098329,True,baf6a787fdffd633537aa2eb51cfd54cb93ff08e28040095462bb63daf552878,etri-ser0002-cgnmsb,ACTIVE,206.0,3,27.458,1788523190.5512455,spark,6.645,17,True,spark,12.0,1788523190.5512486,spark,53.05,1788523445.6760523,5
0.0,1788523155.4658194,1,True,True,3,9794,4,b03-o05-spark-c4,10.539,,19.927,542.099,62.062,False,0,False,15840.0,1672.0,10.556,dcgm_shared_with_existing_workload,NVIDIA GeForce RTX 5080,57.0,73.0,True,0.002627849578857422,939.055,True,True,"{'activation_required': True, 'node_state_before': 'COLD', 'node_state': 'ACTIVE', 'activation_started_timestamp': 1788523155.4658194, 'ready_timestamp': 1788523190.5512455, 'worker_start_ms': 1.502, 'model_remote_download_ms': 17584.103, 'model_load_ms': 17493.29, 'cuda_initialization_ms': None, 'endpoint_ready_ms': 35085.449, 'activation_time_ms': 35085.45, 'model_digest': 'baf6a787fdffd633537aa2eb51cfd54cb93ff08e28040095462bb63daf552878', 'transition': {'timestamp': 1788523190.5512486, 'node': 'spark', 'physical_node': 'etri-ser0002-cgnmsb', 'old_state': 'COLD', 'new_state': 'ACTIVE', 'reason': 'rtx5080_cold_trial_1'}}",{},20.255,1788523446.7167242,545.926,61.8,342.059,True,1,llama3.2:1b,1321098329,True,baf6a787fdffd633537aa2eb51cfd54cb93ff08e28040095462bb63daf552878,etri-ser0002-cgnmsb,ACTIVE,206.0,3,27.445,1788523190.5512455,spark,7.177,17,True,spark,12.0,1788523190.5512486,spark,52.05,1788523446.719352,5
0.0,1788523155.4658194,1,True,True,3,9845,4,b03-o05-spark-c4,10.608,,20.83,510.159,66.967,False,0,False,15840.0,1672.0,10.556,dcgm_shared_with_existing_workload,NVIDIA GeForce RTX 5080,57.0,73.0,True,0.002972841262817383,939.055,True,True,"{'activation_required': True, 'node_state_before': 'COLD', 'node_state': 'ACTIVE', 'activation_started_timestamp': 1788523155.4658194, 'ready_timestamp': 1788523190.5512455, 'worker_start_ms': 1.502, 'model_remote_download_ms': 17584.103, 'model_load_ms': 17493.29, 'cuda_initialization_ms': None, 'endpoint_ready_ms': 35085.449, 'activation_time_ms': 35085.45, 'model_digest': 'baf6a787fdffd633537aa2eb51cfd54cb93ff08e28040095462bb63daf552878', 'transition': {'timestamp': 1788523190.5512486, 'node': 'spark', 'physical_node': 'etri-ser0002-cgnmsb', 'old_state': 'COLD', 'new_state': 'ACTIVE', 'reason': 'rtx5080_cold_trial_1'}}",{},19.275,1788523447.7703254,535.798,65.945,342.242,True,1,llama3.2:1b,1321098329,True,baf6a787fdffd633537aa2eb51cfd54cb93ff08e28040095462bb63daf552878,etri-ser0002-cgnmsb,ACTIVE,206.0,3,27.439,1788523190.5512455,spark,7.079,17,True,spark,12.0,1788523190.5512486,spark,55.05,1788523447.7732983,5
0.0,1788523155.4658194,1,True,True,3,9897,4,b03-o05-spark-c4,10.254,,19.55,542.291,61.203,False,0,False,15840.0,1672.0,10.556,dcgm_shared_with_existing_workload,NVIDIA GeForce RTX 5080,57.0,73.0,True,0.015722990036010742,939.055,True,True,"{'activation_required': True, 'node_state_before': 'COLD', 'node_state': 'ACTIVE', 'activation_started_timestamp': 1788523155.4658194, 'ready_timestamp': 1788523190.5512455, 'worker_start_ms': 1.502, 'model_remote_download_ms': 17584.103, 'model_load_ms': 17493.29, 'cuda_initialization_ms': None, 'endpoint_ready_ms': 35085.449, 'activation_time_ms': 35085.45, 'model_digest': 'baf6a787fdffd633537aa2eb51cfd54cb93ff08e28040095462bb63daf552878', 'transition': {'timestamp': 1788523190.5512486, 'node': 'spark', 'physical_node': 'etri-ser0002-cgnmsb', 'old_state': 'COLD', 'new_state': 'ACTIVE', 'reason': 'rtx5080_cold_trial_1'}}",{},19.744,1788523448.8091147,540.468,60.741,342.27,True,1,llama3.2:1b,1321098329,True,baf6a787fdffd633537aa2eb51cfd54cb93ff08e28040095462bb63daf552878,etri-ser0002-cgnmsb,ACTIVE,206.0,3,27.441,1788523190.5512455,spark,7.001,17,True,spark,12.0,1788523190.5512486,spark,63.05,1788523448.8248377,5
0.0,1788523155.4658194,1,True,True,3,9951,4,b03-o05-spark-c4,10.629,,19.812,540.739,62.417,False,0,False,15840.0,1672.0,10.556,dcgm_shared_with_existing_workload,NVIDIA GeForce RTX 5080,57.0,73.0,True,0.0028121471405029297,939.055,True,True,"{'activation_required': True, 'node_state_before': 'COLD', 'node_state': 'ACTIVE', 'activation_started_timestamp': 1788523155.4658194, 'ready_timestamp': 1788523190.5512455, 'worker_start_ms': 1.502, 'model_remote_download_ms': 17584.103, 'model_load_ms': 17493.29, 'cuda_initialization_ms': None, 'endpoint_ready_ms': 35085.449, 'activation_time_ms': 35085.45, 'model_digest': 'baf6a787fdffd633537aa2eb51cfd54cb93ff08e28040095462bb63daf552878', 'transition': {'timestamp': 1788523190.5512486, 'node': 'spark', 'physical_node': 'etri-ser0002-cgnmsb', 'old_state': 'COLD', 'new_state': 'ACTIVE', 'reason': 'rtx5080_cold_trial_1'}}",{},19.265,1788523449.8737557,547.608,62.966,342.402,True,1,llama3.2:1b,1321098329,True,baf6a787fdffd633537aa2eb51cfd54cb93ff08e28040095462bb63daf552878,etri-ser0002-cgnmsb,ACTIVE,206.0,3,27.439,1788523190.5512455,spark,5.264,17,True,spark,12.0,1788523190.5512486,spark,62.05,1788523449.8765678,5
0.0,1788523155.4658194,1,True,True,3,10002,4,b03-o05-spark-c4,11.955,,19.87,535.074,61.819,False,0,False,15840.0,1672.0,10.556,dcgm_shared_with_existing_workload,NVIDIA GeForce RTX 5080,57.0,73.0,True,0.020130395889282227,939.055,True,True,"{'activation_required': True, 'node_state_before': 'COLD', 'node_state': 'ACTIVE', 'activation_started_timestamp': 1788523155.4658194, 'ready_timestamp': 1788523190.5512455, 'worker_start_ms': 1.502, 'model_remote_download_ms': 17584.103, 'model_load_ms': 17493.29, 'cuda_initialization_ms': None, 'endpoint_ready_ms': 35085.449, 'activation_time_ms': 35085.45, 'model_digest': 'baf6a787fdffd633537aa2eb51cfd54cb93ff08e28040095462bb63daf552878', 'transition': {'timestamp': 1788523190.5512486, 'node': 'spark', 'physical_node': 'etri-ser0002-cgnmsb', 'old_state': 'COLD', 'new_state': 'ACTIVE', 'reason': 'rtx5080_cold_trial_1'}}",{},20.249,1788523450.9010406,517.699,61.386,341.977,True,1,llama3.2:1b,1321098329,True,baf6a787fdffd633537aa2eb51cfd54cb93ff08e28040095462bb63daf552878,etri-ser0002-cgnmsb,ACTIVE,206.0,3,27.438,1788523190.5512455,spark,7.546,17,True,spark,12.0,1788523190.5512486,spark,55.05,1788523450.921171,5
0.0,1788523155.4658194,1,True,True,3,10055,4,b03-o05-spark-c4,11.981,,19.526,538.158,62.213,False,0,False,15840.0,1672.0,10.556,dcgm_shared_with_existing_workload,NVIDIA GeForce RTX 5080,57.0,73.0,True,0.004895687103271484,939.055,True,True,"{'activation_required': True, 'node_state_before': 'COLD', 'node_state': 'ACTIVE', 'activation_started_timestamp': 1788523155.4658194, 'ready_timestamp': 1788523190.5512455, 'worker_start_ms': 1.502, 'model_remote_download_ms': 17584.103, 'model_load_ms': 17493.29, 'cuda_initialization_ms': None, 'endpoint_ready_ms': 35085.449, 'activation_time_ms': 35085.45, 'model_digest': 'baf6a787fdffd633537aa2eb51cfd54cb93ff08e28040095462bb63daf552878', 'transition': {'timestamp': 1788523190.5512486, 'node': 'spark', 'physical_node': 'etri-ser0002-cgnmsb', 'old_state': 'COLD', 'new_state': 'ACTIVE', 'reason': 'rtx5080_cold_trial_1'}}",{},19.083,1788523451.9598396,540.394,62.465,342.457,True,1,llama3.2:1b,1321098329,True,baf6a787fdffd633537aa2eb51cfd54cb93ff08e28040095462bb63daf552878,etri-ser0002-cgnmsb,ACTIVE,206.0,3,27.445,1788523190.5512455,spark,7.307,17,True,spark,12.0,1788523190.5512486,spark,57.05,1788523451.9647353,5
0.0,1788523155.4658194,1,True,True,3,10107,4,b03-o05-spark-c4,12.675,,20.766,514.802,65.411,False,0,False,15840.0,1672.0,10.556,dcgm_shared_with_existing_workload,NVIDIA GeForce RTX 5080,57.0,73.0,True,0.011151552200317383,939.055,True,True,"{'activation_required': True, 'node_state_before': 'COLD', 'node_state': 'ACTIVE', 'activation_started_timestamp': 1788523155.4658194, 'ready_timestamp': 1788523190.5512455, 'worker_start_ms': 1.502, 'model_remote_download_ms': 17584.103, 'model_load_ms': 17493.29, 'cuda_initialization_ms': None, 'endpoint_ready_ms': 35085.449, 'activation_time_ms': 35085.45, 'model_digest': 'baf6a787fdffd633537aa2eb51cfd54cb93ff08e28040095462bb63daf552878', 'transition': {'timestamp': 1788523190.5512486, 'node': 'spark', 'physical_node': 'etri-ser0002-cgnmsb', 'old_state': 'COLD', 'new_state': 'ACTIVE', 'reason': 'rtx5080_cold_trial_1'}}",{},20.084,1788523453.001206,537.201,67.225,341.844,True,1,llama3.2:1b,1321098329,True,baf6a787fdffd633537aa2eb51cfd54cb93ff08e28040095462bb63daf552878,etri-ser0002-cgnmsb,ACTIVE,206.0,3,27.445,1788523190.5512455,spark,5.066,17,True,spark,12.0,1788523190.5512486,spark,63.05,1788523453.0123575,5
0.0,1788523155.4658194,1,True,True,3,10133,32,b03-o06-spark-c32,13.043,,20.15,541.142,48.978,False,0,False,15840.0,1672.0,10.556,dcgm_shared_with_existing_workload,NVIDIA GeForce RTX 5080,57.0,73.0,True,0.006400585174560547,939.055,True,True,"{'activation_required': True, 'node_state_before': 'COLD', 'node_state': 'ACTIVE', 'activation_started_timestamp': 1788523155.4658194, 'ready_timestamp': 1788523190.5512455, 'worker_start_ms': 1.502, 'model_remote_download_ms': 17584.103, 'model_load_ms': 17493.29, 'cuda_initialization_ms': None, 'endpoint_ready_ms': 35085.449, 'activation_time_ms': 35085.45, 'model_digest': 'baf6a787fdffd633537aa2eb51cfd54cb93ff08e28040095462bb63daf552878', 'transition': {'timestamp': 1788523190.5512486, 'node': 'spark', 'physical_node': 'etri-ser0002-cgnmsb', 'old_state': 'COLD', 'new_state': 'ACTIVE', 'reason': 'rtx5080_cold_trial_1'}}",{},21.464,1788523456.5850177,536.445,6.29,342.25,True,1,llama3.2:1b,1321098329,True,baf6a787fdffd633537aa2eb51cfd54cb93ff08e28040095462bb63daf552878,etri-ser0002-cgnmsb,ACTIVE,206.0,31,27.441,1788523190.5512455,spark,6.863,18,True,spark,12.0,1788523190.5512486,spark,58.05,1788523456.5914183,6
0.0,1788523155.4658194,1,True,True,3,10186,32,b03-o06-spark-c32,11.765,,20.167,540.728,615.237,False,0,False,15840.0,1672.0,10.556,dcgm_shared_with_existing_workload,NVIDIA GeForce RTX 5080,57.0,73.0,True,0.006142377853393555,939.055,True,True,"{'activation_required': True, 'node_state_before': 'COLD', 'node_state': 'ACTIVE', 'activation_started_timestamp': 1788523155.4658194, 'ready_timestamp': 1788523190.5512455, 'worker_start_ms': 1.502, 'model_remote_download_ms': 17584.103, 'model_load_ms': 17493.29, 'cuda_initialization_ms': None, 'endpoint_ready_ms': 35085.449, 'activation_time_ms': 35085.45, 'model_digest': 'baf6a787fdffd633537aa2eb51cfd54cb93ff08e28040095462bb63daf552878', 'transition': {'timestamp': 1788523190.5512486, 'node': 'spark', 'physical_node': 'etri-ser0002-cgnmsb', 'old_state': 'COLD', 'new_state': 'ACTIVE', 'reason': 'rtx5080_cold_trial_1'}}",{},19.86,1788523457.6367002,540.212,617.54,342.156,True,1,llama3.2:1b,1321098329,True,baf6a787fdffd633537aa2eb51cfd54cb93ff08e28040095462bb63daf552878,etri-ser0002-cgnmsb,ACTIVE,206.0,31,27.446,1788523190.5512455,spark,7.852,18,True,spark,12.0,1788523190.5512486,spark,59.05,1788523457.6428425,6
0.0,1788523155.4658194,1,True,True,3,10239,32,b03-o06-spark-c32,10.51,,19.718,540.818,613.394,False,0,False,15840.0,1672.0,10.556,dcgm_shared_with_existing_workload,NVIDIA GeForce RTX 5080,57.0,73.0,True,0.01661229133605957,939.055,True,True,"{'activation_required': True, 'node_state_before': 'COLD', 'node_state': 'ACTIVE', 'activation_started_timestamp': 1788523155.4658194, 'ready_timestamp': 1788523190.5512455, 'worker_start_ms': 1.502, 'model_remote_download_ms': 17584.103, 'model_load_ms': 17493.29, 'cuda_initialization_ms': None, 'endpoint_ready_ms': 35085.449, 'activation_time_ms': 35085.45, 'model_digest': 'baf6a787fdffd633537aa2eb51cfd54cb93ff08e28040095462bb63daf552878', 'transition': {'timestamp': 1788523190.5512486, 'node': 'spark', 'physical_node': 'etri-ser0002-cgnmsb', 'old_state': 'COLD', 'new_state': 'ACTIVE', 'reason': 'rtx5080_cold_trial_1'}}",{},19.33,1788523458.6769419,541.455,614.943,342.695,True,1,llama3.2:1b,1321098329,True,baf6a787fdffd633537aa2eb51cfd54cb93ff08e28040095462bb63daf552878,etri-ser0002-cgnmsb,ACTIVE,206.0,31,27.449,1788523190.5512455,spark,4.585,18,True,spark,12.0,1788523190.5512486,spark,66.05,1788523458.6935542,6
0.0,1788523155.4658194,1,True,True,3,10292,32,b03-o06-spark-c32,10.22,,19.903,540.373,617.752,False,0,False,15840.0,1672.0,10.556,dcgm_shared_with_existing_workload,NVIDIA GeForce RTX 5080,57.0,73.0,True,0.014780044555664062,939.055,True,True,"{'activation_required': True, 'node_state_before': 'COLD', 'node_state': 'ACTIVE', 'activation_started_timestamp': 1788523155.4658194, 'ready_timestamp': 1788523190.5512455, 'worker_start_ms': 1.502, 'model_remote_download_ms': 17584.103, 'model_load_ms': 17493.29, 'cuda_initialization_ms': None, 'endpoint_ready_ms': 35085.449, 'activation_time_ms': 35085.45, 'model_digest': 'baf6a787fdffd633537aa2eb51cfd54cb93ff08e28040095462bb63daf552878', 'transition': {'timestamp': 1788523190.5512486, 'node': 'spark', 'physical_node': 'etri-ser0002-cgnmsb', 'old_state': 'COLD', 'new_state': 'ACTIVE', 'reason': 'rtx5080_cold_trial_1'}}",{},19.868,1788523459.7263079,543.22,618.023,342.125,True,1,llama3.2:1b,1321098329,True,baf6a787fdffd633537aa2eb51cfd54cb93ff08e28040095462bb63daf552878,etri-ser0002-cgnmsb,ACTIVE,206.0,31,27.443,1788523190.5512455,spark,6.859,18,True,spark,12.0,1788523190.5512486,spark,61.05,1788523459.741088,6
0.0,1788523155.4658194,1,True,True,3,10344,32,b03-o06-spark-c32,10.191,,20.873,503.686,638.156,False,0,False,15840.0,1672.0,10.556,dcgm_shared_with_existing_workload,NVIDIA GeForce RTX 5080,57.0,73.0,True,0.016408920288085938,939.055,True,True,"{'activation_required': True, 'node_state_before': 'COLD', 'node_state': 'ACTIVE', 'activation_started_timestamp': 1788523155.4658194, 'ready_timestamp': 1788523190.5512455, 'worker_start_ms': 1.502, 'model_remote_download_ms': 17584.103, 'model_load_ms': 17493.29, 'cuda_initialization_ms': None, 'endpoint_ready_ms': 35085.449, 'activation_time_ms': 35085.45, 'model_digest': 'baf6a787fdffd633537aa2eb51cfd54cb93ff08e28040095462bb63daf552878', 'transition': {'timestamp': 1788523190.5512486, 'node': 'spark', 'physical_node': 'etri-ser0002-cgnmsb', 'old_state': 'COLD', 'new_state': 'ACTIVE', 'reason': 'rtx5080_cold_trial_1'}}",{},20.814,1788523460.7767053,515.663,642.676,342.227,True,1,llama3.2:1b,1321098329,True,baf6a787fdffd633537aa2eb51cfd54cb93ff08e28040095462bb63daf552878,etri-ser0002-cgnmsb,ACTIVE,206.0,31,27.438,1788523190.5512455,spark,5.241,18,True,spark,12.0,1788523190.5512486,spark,61.05,1788523460.7931142,6
0.0,1788523155.4658194,1,True,True,3,10397,32,b03-o06-spark-c32,10.555,,19.555,536.405,622.295,False,0,False,15840.0,1672.0,10.556,dcgm_shared_with_existing_workload,NVIDIA GeForce RTX 5080,57.0,73.0,True,0.005975246429443359,939.055,True,True,"{'activation_required': True, 'node_state_before': 'COLD', 'node_state': 'ACTIVE', 'activation_started_timestamp': 1788523155.4658194, 'ready_timestamp': 1788523190.5512455, 'worker_start_ms': 1.502, 'model_remote_download_ms': 17584.103, 'model_load_ms': 17493.29, 'cuda_initialization_ms': None, 'endpoint_ready_ms': 35085.449, 'activation_time_ms': 35085.45, 'model_digest': 'baf6a787fdffd633537aa2eb51cfd54cb93ff08e28040095462bb63daf552878', 'transition': {'timestamp': 1788523190.5512486, 'node': 'spark', 'physical_node': 'etri-ser0002-cgnmsb', 'old_state': 'COLD', 'new_state': 'ACTIVE', 'reason': 'rtx5080_cold_trial_1'}}",{},19.85,1788523461.8284314,536.661,622.574,342.449,True,1,llama3.2:1b,1321098329,True,baf6a787fdffd633537aa2eb51cfd54cb93ff08e28040095462bb63daf552878,etri-ser0002-cgnmsb,ACTIVE,206.0,31,27.447,1788523190.5512455,spark,7.311,18,True,spark,12.0,1788523190.5512486,spark,64.0,1788523461.8344066,6
0.0,1788523155.4658194,1,True,True,3,10450,32,b03-o06-spark-c32,12.341,,19.922,541.775,617.283,False,0,False,15840.0,1672.0,10.556,dcgm_shared_with_existing_workload,NVIDIA GeForce RTX 5080,57.0,73.0,True,0.007559061050415039,939.055,True,True,"{'activation_required': True, 'node_state_before': 'COLD', 'node_state': 'ACTIVE', 'activation_started_timestamp': 1788523155.4658194, 'ready_timestamp': 1788523190.5512455, 'worker_start_ms': 1.502, 'model_remote_download_ms': 17584.103, 'model_load_ms': 17493.29, 'cuda_initialization_ms': None, 'endpoint_ready_ms': 35085.449, 'activation_time_ms': 35085.45, 'model_digest': 'baf6a787fdffd633537aa2eb51cfd54cb93ff08e28040095462bb63daf552878', 'transition': {'timestamp': 1788523190.5512486, 'node': 'spark', 'physical_node': 'etri-ser0002-cgnmsb', 'old_state': 'COLD', 'new_state': 'ACTIVE', 'reason': 'rtx5080_cold_trial_1'}}",{},19.57,1788523462.8771749,541.419,617.97,342.453,True,1,llama3.2:1b,1321098329,True,baf6a787fdffd633537aa2eb51cfd54cb93ff08e28040095462bb63daf552878,etri-ser0002-cgnmsb,ACTIVE,206.0,31,27.422,1788523190.5512455,spark,5.775,18,True,spark,12.0,1788523190.5512486,spark,64.0,1788523462.884734,6
0.0,1788523155.4658194,1,True,True,3,10503,32,b03-o06-spark-c32,10.458,,19.589,542.703,610.561,False,0,False,15840.0,1672.0,10.556,dcgm_shared_with_existing_workload,NVIDIA GeForce RTX 5080,57.0,73.0,True,0.011340618133544922,939.055,True,True,"{'activation_required': True, 'node_state_before': 'COLD', 'node_state': 'ACTIVE', 'activation_started_timestamp': 1788523155.4658194, 'ready_timestamp': 1788523190.5512455, 'worker_start_ms': 1.502, 'model_remote_download_ms': 17584.103, 'model_load_ms': 17493.29, 'cuda_initialization_ms': None, 'endpoint_ready_ms': 35085.449, 'activation_time_ms': 35085.45, 'model_digest': 'baf6a787fdffd633537aa2eb51cfd54cb93ff08e28040095462bb63daf552878', 'transition': {'timestamp': 1788523190.5512486, 'node': 'spark', 'physical_node': 'etri-ser0002-cgnmsb', 'old_state': 'COLD', 'new_state': 'ACTIVE', 'reason': 'rtx5080_cold_trial_1'}}",{},20.197,1788523463.919462,542.778,609.921,342.098,True,1,llama3.2:1b,1321098329,True,baf6a787fdffd633537aa2eb51cfd54cb93ff08e28040095462bb63daf552878,etri-ser0002-cgnmsb,ACTIVE,206.0,31,27.423,1788523190.5512455,spark,4.404,18,True,spark,12.0,1788523190.5512486,spark,60.05,1788523463.9308026,6
0.0,1788523155.4658194,1,True,True,3,10556,32,b03-o06-spark-c32,10.841,,19.756,542.713,614.517,False,0,False,15840.0,1672.0,10.556,dcgm_shared_with_existing_workload,NVIDIA GeForce RTX 5080,57.0,79.0,True,0.015541553497314453,939.055,True,True,"{'activation_required': True, 'node_state_before': 'COLD', 'node_state': 'ACTIVE', 'activation_started_timestamp': 1788523155.4658194, 'ready_timestamp': 1788523190.5512455, 'worker_start_ms': 1.502, 'model_remote_download_ms': 17584.103, 'model_load_ms': 17493.29, 'cuda_initialization_ms': None, 'endpoint_ready_ms': 35085.449, 'activation_time_ms': 35085.45, 'model_digest': 'baf6a787fdffd633537aa2eb51cfd54cb93ff08e28040095462bb63daf552878', 'transition': {'timestamp': 1788523190.5512486, 'node': 'spark', 'physical_node': 'etri-ser0002-cgnmsb', 'old_state': 'COLD', 'new_state': 'ACTIVE', 'reason': 'rtx5080_cold_trial_1'}}",{},20.141,1788523464.9613671,542.042,615.63,342.336,True,1,llama3.2:1b,1321098329,True,baf6a787fdffd633537aa2eb51cfd54cb93ff08e28040095462bb63daf552878,etri-ser0002-cgnmsb,ACTIVE,206.0,31,27.409,1788523190.5512455,spark,8.11,18,True,spark,12.0,1788523190.5512486,spark,66.05,1788523464.9769087,6
0.0,1788523155.4658194,1,True,True,3,10607,32,b03-o06-spark-c32,10.285,,20.364,509.402,654.732,False,0,False,15840.0,1672.0,10.556,dcgm_shared_with_existing_workload,NVIDIA GeForce RTX 5080,57.0,79.0,True,0.01679229736328125,939.055,True,True,"{'activation_required': True, 'node_state_before': 'COLD', 'node_state': 'ACTIVE', 'activation_started_timestamp': 1788523155.4658194, 'ready_timestamp': 1788523190.5512455, 'worker_start_ms': 1.502, 'model_remote_download_ms': 17584.103, 'model_load_ms': 17493.29, 'cuda_initialization_ms': None, 'endpoint_ready_ms': 35085.449, 'activation_time_ms': 35085.45, 'model_digest': 'baf6a787fdffd633537aa2eb51cfd54cb93ff08e28040095462bb63daf552878', 'transition': {'timestamp': 1788523190.5512486, 'node': 'spark', 'physical_node': 'etri-ser0002-cgnmsb', 'old_state': 'COLD', 'new_state': 'ACTIVE', 'reason': 'rtx5080_cold_trial_1'}}",{},19.4,1788523466.0159726,526.697,655.153,342.375,True,1,llama3.2:1b,1321098329,True,baf6a787fdffd633537aa2eb51cfd54cb93ff08e28040095462bb63daf552878,etri-ser0002-cgnmsb,ACTIVE,206.0,31,27.408,1788523190.5512455,spark,8.297,18,True,spark,12.0,1788523190.5512486,spark,64.05,1788523466.032765,6
0.0,1788523155.4658194,1,True,True,3,10660,32,b03-o06-spark-c32,10.755,,19.29,541.822,618.005,False,0,False,15840.0,1672.0,10.556,dcgm_shared_with_existing_workload,NVIDIA GeForce RTX 5080,57.0,79.0,True,0.011847496032714844,939.055,True,True,"{'activation_required': True, 'node_state_before': 'COLD', 'node_state': 'ACTIVE', 'activation_started_timestamp': 1788523155.4658194, 'ready_timestamp': 1788523190.5512455, 'worker_start_ms': 1.502, 'model_remote_download_ms': 17584.103, 'model_load_ms': 17493.29, 'cuda_initialization_ms': None, 'endpoint_ready_ms': 35085.449, 'activation_time_ms': 35085.45, 'model_digest': 'baf6a787fdffd633537aa2eb51cfd54cb93ff08e28040095462bb63daf552878', 'transition': {'timestamp': 1788523190.5512486, 'node': 'spark', 'physical_node': 'etri-ser0002-cgnmsb', 'old_state': 'COLD', 'new_state': 'ACTIVE', 'reason': 'rtx5080_cold_trial_1'}}",{},18.516,1788523467.067677,545.293,616.257,342.539,True,1,llama3.2:1b,1321098329,True,baf6a787fdffd633537aa2eb51cfd54cb93ff08e28040095462bb63daf552878,etri-ser0002-cgnmsb,ACTIVE,206.0,31,27.427,1788523190.5512455,spark,5.4,18,True,spark,12.0,1788523190.5512486,spark,63.05,1788523467.0795245,6
0.0,1788523155.4658194,1,True,True,3,10711,32,b03-o06-spark-c32,10.692,,20.8,499.563,645.186,False,0,False,15840.0,1672.0,10.556,dcgm_shared_with_existing_workload,NVIDIA GeForce RTX 5080,57.0,79.0,True,0.01393747329711914,939.055,True,True,"{'activation_required': True, 'node_state_before': 'COLD', 'node_state': 'ACTIVE', 'activation_started_timestamp': 1788523155.4658194, 'ready_timestamp': 1788523190.5512455, 'worker_start_ms': 1.502, 'model_remote_download_ms': 17584.103, 'model_load_ms': 17493.29, 'cuda_initialization_ms': None, 'endpoint_ready_ms': 35085.449, 'activation_time_ms': 35085.45, 'model_digest': 'baf6a787fdffd633537aa2eb51cfd54cb93ff08e28040095462bb63daf552878', 'transition': {'timestamp': 1788523190.5512486, 'node': 'spark', 'physical_node': 'etri-ser0002-cgnmsb', 'old_state': 'COLD', 'new_state': 'ACTIVE', 'reason': 'rtx5080_cold_trial_1'}}",{},21.035,1788523468.1158252,495.909,644.866,342.797,True,1,llama3.2:1b,1321098329,True,baf6a787fdffd633537aa2eb51cfd54cb93ff08e28040095462bb63daf552878,etri-ser0002-cgnmsb,ACTIVE,206.0,31,27.433,1788523190.5512455,spark,7.244,18,True,spark,12.0,1788523190.5512486,spark,63.05,1788523468.1297626,6
0.0,1788523155.4658194,1,True,True,3,10762,32,b03-o06-spark-c32,10.0,,20.995,503.604,654.866,False,0,False,15840.0,1672.0,10.556,dcgm_shared_with_existing_workload,NVIDIA GeForce RTX 5080,57.0,79.0,True,0.0,939.055,True,True,"{'activation_required': True, 'node_state_before': 'COLD', 'node_state': 'ACTIVE', 'activation_started_timestamp': 1788523155.4658194, 'ready_timestamp': 1788523190.5512455, 'worker_start_ms': 1.502, 'model_remote_download_ms': 17584.103, 'model_load_ms': 17493.29, 'cuda_initialization_ms': None, 'endpoint_ready_ms': 35085.449, 'activation_time_ms': 35085.45, 'model_digest': 'baf6a787fdffd633537aa2eb51cfd54cb93ff08e28040095462bb63daf552878', 'transition': {'timestamp': 1788523190.5512486, 'node': 'spark', 'physical_node': 'etri-ser0002-cgnmsb', 'old_state': 'COLD', 'new_state': 'ACTIVE', 'reason': 'rtx5080_cold_trial_1'}}",{},20.686,1788523469.1830316,500.344,655.416,342.461,True,1,llama3.2:1b,1321098329,True,baf6a787fdffd633537aa2eb51cfd54cb93ff08e28040095462bb63daf552878,etri-ser0002-cgnmsb,ACTIVE,206.0,1,27.429,1788523190.5512455,spark,8.758,18,True,spark,12.0,1788523190.5512486,spark,50.05,1788523469.1824186,6
